ARM GAS  /tmp/ccwe7SmR.s 			page 1


   1              		.cpu cortex-m7
   2              		.arch armv7e-m
   3              		.fpu fpv5-d16
   4              		.eabi_attribute 28, 1
   5              		.eabi_attribute 20, 1
   6              		.eabi_attribute 21, 1
   7              		.eabi_attribute 23, 3
   8              		.eabi_attribute 24, 1
   9              		.eabi_attribute 25, 1
  10              		.eabi_attribute 26, 1
  11              		.eabi_attribute 30, 1
  12              		.eabi_attribute 34, 1
  13              		.eabi_attribute 18, 4
  14              		.file	"mem.c"
  15              		.text
  16              	.Ltext0:
  17              		.cfi_sections	.debug_frame
  18              		.file 1 "Middlewares/Third_Party/LwIP/src/core/mem.c"
  19              		.section	.text.ptr_to_mem,"ax",%progbits
  20              		.align	1
  21              		.syntax unified
  22              		.thumb
  23              		.thumb_func
  25              	ptr_to_mem:
  26              	.LVL0:
  27              	.LFB166:
   1:Middlewares/Third_Party/LwIP/src/core/mem.c **** /**
   2:Middlewares/Third_Party/LwIP/src/core/mem.c ****  * @file
   3:Middlewares/Third_Party/LwIP/src/core/mem.c ****  * Dynamic memory manager
   4:Middlewares/Third_Party/LwIP/src/core/mem.c ****  *
   5:Middlewares/Third_Party/LwIP/src/core/mem.c ****  * This is a lightweight replacement for the standard C library malloc().
   6:Middlewares/Third_Party/LwIP/src/core/mem.c ****  *
   7:Middlewares/Third_Party/LwIP/src/core/mem.c ****  * If you want to use the standard C library malloc() instead, define
   8:Middlewares/Third_Party/LwIP/src/core/mem.c ****  * MEM_LIBC_MALLOC to 1 in your lwipopts.h
   9:Middlewares/Third_Party/LwIP/src/core/mem.c ****  *
  10:Middlewares/Third_Party/LwIP/src/core/mem.c ****  * To let mem_malloc() use pools (prevents fragmentation and is much faster than
  11:Middlewares/Third_Party/LwIP/src/core/mem.c ****  * a heap but might waste some memory), define MEM_USE_POOLS to 1, define
  12:Middlewares/Third_Party/LwIP/src/core/mem.c ****  * MEMP_USE_CUSTOM_POOLS to 1 and create a file "lwippools.h" that includes a list
  13:Middlewares/Third_Party/LwIP/src/core/mem.c ****  * of pools like this (more pools can be added between _START and _END):
  14:Middlewares/Third_Party/LwIP/src/core/mem.c ****  *
  15:Middlewares/Third_Party/LwIP/src/core/mem.c ****  * Define three pools with sizes 256, 512, and 1512 bytes
  16:Middlewares/Third_Party/LwIP/src/core/mem.c ****  * LWIP_MALLOC_MEMPOOL_START
  17:Middlewares/Third_Party/LwIP/src/core/mem.c ****  * LWIP_MALLOC_MEMPOOL(20, 256)
  18:Middlewares/Third_Party/LwIP/src/core/mem.c ****  * LWIP_MALLOC_MEMPOOL(10, 512)
  19:Middlewares/Third_Party/LwIP/src/core/mem.c ****  * LWIP_MALLOC_MEMPOOL(5, 1512)
  20:Middlewares/Third_Party/LwIP/src/core/mem.c ****  * LWIP_MALLOC_MEMPOOL_END
  21:Middlewares/Third_Party/LwIP/src/core/mem.c ****  */
  22:Middlewares/Third_Party/LwIP/src/core/mem.c **** 
  23:Middlewares/Third_Party/LwIP/src/core/mem.c **** /*
  24:Middlewares/Third_Party/LwIP/src/core/mem.c ****  * Copyright (c) 2001-2004 Swedish Institute of Computer Science.
  25:Middlewares/Third_Party/LwIP/src/core/mem.c ****  * All rights reserved.
  26:Middlewares/Third_Party/LwIP/src/core/mem.c ****  *
  27:Middlewares/Third_Party/LwIP/src/core/mem.c ****  * Redistribution and use in source and binary forms, with or without modification,
  28:Middlewares/Third_Party/LwIP/src/core/mem.c ****  * are permitted provided that the following conditions are met:
  29:Middlewares/Third_Party/LwIP/src/core/mem.c ****  *
  30:Middlewares/Third_Party/LwIP/src/core/mem.c ****  * 1. Redistributions of source code must retain the above copyright notice,
  31:Middlewares/Third_Party/LwIP/src/core/mem.c ****  *    this list of conditions and the following disclaimer.
ARM GAS  /tmp/ccwe7SmR.s 			page 2


  32:Middlewares/Third_Party/LwIP/src/core/mem.c ****  * 2. Redistributions in binary form must reproduce the above copyright notice,
  33:Middlewares/Third_Party/LwIP/src/core/mem.c ****  *    this list of conditions and the following disclaimer in the documentation
  34:Middlewares/Third_Party/LwIP/src/core/mem.c ****  *    and/or other materials provided with the distribution.
  35:Middlewares/Third_Party/LwIP/src/core/mem.c ****  * 3. The name of the author may not be used to endorse or promote products
  36:Middlewares/Third_Party/LwIP/src/core/mem.c ****  *    derived from this software without specific prior written permission.
  37:Middlewares/Third_Party/LwIP/src/core/mem.c ****  *
  38:Middlewares/Third_Party/LwIP/src/core/mem.c ****  * THIS SOFTWARE IS PROVIDED BY THE AUTHOR ``AS IS'' AND ANY EXPRESS OR IMPLIED
  39:Middlewares/Third_Party/LwIP/src/core/mem.c ****  * WARRANTIES, INCLUDING, BUT NOT LIMITED TO, THE IMPLIED WARRANTIES OF
  40:Middlewares/Third_Party/LwIP/src/core/mem.c ****  * MERCHANTABILITY AND FITNESS FOR A PARTICULAR PURPOSE ARE DISCLAIMED. IN NO EVENT
  41:Middlewares/Third_Party/LwIP/src/core/mem.c ****  * SHALL THE AUTHOR BE LIABLE FOR ANY DIRECT, INDIRECT, INCIDENTAL, SPECIAL,
  42:Middlewares/Third_Party/LwIP/src/core/mem.c ****  * EXEMPLARY, OR CONSEQUENTIAL DAMAGES (INCLUDING, BUT NOT LIMITED TO, PROCUREMENT
  43:Middlewares/Third_Party/LwIP/src/core/mem.c ****  * OF SUBSTITUTE GOODS OR SERVICES; LOSS OF USE, DATA, OR PROFITS; OR BUSINESS
  44:Middlewares/Third_Party/LwIP/src/core/mem.c ****  * INTERRUPTION) HOWEVER CAUSED AND ON ANY THEORY OF LIABILITY, WHETHER IN
  45:Middlewares/Third_Party/LwIP/src/core/mem.c ****  * CONTRACT, STRICT LIABILITY, OR TORT (INCLUDING NEGLIGENCE OR OTHERWISE) ARISING
  46:Middlewares/Third_Party/LwIP/src/core/mem.c ****  * IN ANY WAY OUT OF THE USE OF THIS SOFTWARE, EVEN IF ADVISED OF THE POSSIBILITY
  47:Middlewares/Third_Party/LwIP/src/core/mem.c ****  * OF SUCH DAMAGE.
  48:Middlewares/Third_Party/LwIP/src/core/mem.c ****  *
  49:Middlewares/Third_Party/LwIP/src/core/mem.c ****  * This file is part of the lwIP TCP/IP stack.
  50:Middlewares/Third_Party/LwIP/src/core/mem.c ****  *
  51:Middlewares/Third_Party/LwIP/src/core/mem.c ****  * Author: Adam Dunkels <adam@sics.se>
  52:Middlewares/Third_Party/LwIP/src/core/mem.c ****  *         Simon Goldschmidt
  53:Middlewares/Third_Party/LwIP/src/core/mem.c ****  *
  54:Middlewares/Third_Party/LwIP/src/core/mem.c ****  */
  55:Middlewares/Third_Party/LwIP/src/core/mem.c **** 
  56:Middlewares/Third_Party/LwIP/src/core/mem.c **** #include "lwip/opt.h"
  57:Middlewares/Third_Party/LwIP/src/core/mem.c **** #include "lwip/mem.h"
  58:Middlewares/Third_Party/LwIP/src/core/mem.c **** #include "lwip/def.h"
  59:Middlewares/Third_Party/LwIP/src/core/mem.c **** #include "lwip/sys.h"
  60:Middlewares/Third_Party/LwIP/src/core/mem.c **** #include "lwip/stats.h"
  61:Middlewares/Third_Party/LwIP/src/core/mem.c **** #include "lwip/err.h"
  62:Middlewares/Third_Party/LwIP/src/core/mem.c **** 
  63:Middlewares/Third_Party/LwIP/src/core/mem.c **** #include <string.h>
  64:Middlewares/Third_Party/LwIP/src/core/mem.c **** 
  65:Middlewares/Third_Party/LwIP/src/core/mem.c **** #if MEM_LIBC_MALLOC
  66:Middlewares/Third_Party/LwIP/src/core/mem.c **** #include <stdlib.h> /* for malloc()/free() */
  67:Middlewares/Third_Party/LwIP/src/core/mem.c **** #endif
  68:Middlewares/Third_Party/LwIP/src/core/mem.c **** 
  69:Middlewares/Third_Party/LwIP/src/core/mem.c **** /* This is overridable for tests only... */
  70:Middlewares/Third_Party/LwIP/src/core/mem.c **** #ifndef LWIP_MEM_ILLEGAL_FREE
  71:Middlewares/Third_Party/LwIP/src/core/mem.c **** #define LWIP_MEM_ILLEGAL_FREE(msg)         LWIP_ASSERT(msg, 0)
  72:Middlewares/Third_Party/LwIP/src/core/mem.c **** #endif
  73:Middlewares/Third_Party/LwIP/src/core/mem.c **** 
  74:Middlewares/Third_Party/LwIP/src/core/mem.c **** #define MEM_STATS_INC_LOCKED(x)         SYS_ARCH_LOCKED(MEM_STATS_INC(x))
  75:Middlewares/Third_Party/LwIP/src/core/mem.c **** #define MEM_STATS_INC_USED_LOCKED(x, y) SYS_ARCH_LOCKED(MEM_STATS_INC_USED(x, y))
  76:Middlewares/Third_Party/LwIP/src/core/mem.c **** #define MEM_STATS_DEC_USED_LOCKED(x, y) SYS_ARCH_LOCKED(MEM_STATS_DEC_USED(x, y))
  77:Middlewares/Third_Party/LwIP/src/core/mem.c **** 
  78:Middlewares/Third_Party/LwIP/src/core/mem.c **** #if MEM_OVERFLOW_CHECK
  79:Middlewares/Third_Party/LwIP/src/core/mem.c **** #define MEM_SANITY_OFFSET   MEM_SANITY_REGION_BEFORE_ALIGNED
  80:Middlewares/Third_Party/LwIP/src/core/mem.c **** #define MEM_SANITY_OVERHEAD (MEM_SANITY_REGION_BEFORE_ALIGNED + MEM_SANITY_REGION_AFTER_ALIGNED)
  81:Middlewares/Third_Party/LwIP/src/core/mem.c **** #else
  82:Middlewares/Third_Party/LwIP/src/core/mem.c **** #define MEM_SANITY_OFFSET   0
  83:Middlewares/Third_Party/LwIP/src/core/mem.c **** #define MEM_SANITY_OVERHEAD 0
  84:Middlewares/Third_Party/LwIP/src/core/mem.c **** #endif
  85:Middlewares/Third_Party/LwIP/src/core/mem.c **** 
  86:Middlewares/Third_Party/LwIP/src/core/mem.c **** #if MEM_OVERFLOW_CHECK || MEMP_OVERFLOW_CHECK
  87:Middlewares/Third_Party/LwIP/src/core/mem.c **** /**
  88:Middlewares/Third_Party/LwIP/src/core/mem.c ****  * Check if a mep element was victim of an overflow or underflow
ARM GAS  /tmp/ccwe7SmR.s 			page 3


  89:Middlewares/Third_Party/LwIP/src/core/mem.c ****  * (e.g. the restricted area after/before it has been altered)
  90:Middlewares/Third_Party/LwIP/src/core/mem.c ****  *
  91:Middlewares/Third_Party/LwIP/src/core/mem.c ****  * @param p the mem element to check
  92:Middlewares/Third_Party/LwIP/src/core/mem.c ****  * @param size allocated size of the element
  93:Middlewares/Third_Party/LwIP/src/core/mem.c ****  * @param descr1 description of the element source shown on error
  94:Middlewares/Third_Party/LwIP/src/core/mem.c ****  * @param descr2 description of the element source shown on error
  95:Middlewares/Third_Party/LwIP/src/core/mem.c ****  */
  96:Middlewares/Third_Party/LwIP/src/core/mem.c **** void
  97:Middlewares/Third_Party/LwIP/src/core/mem.c **** mem_overflow_check_raw(void *p, size_t size, const char *descr1, const char *descr2)
  98:Middlewares/Third_Party/LwIP/src/core/mem.c **** {
  99:Middlewares/Third_Party/LwIP/src/core/mem.c **** #if MEM_SANITY_REGION_AFTER_ALIGNED || MEM_SANITY_REGION_BEFORE_ALIGNED
 100:Middlewares/Third_Party/LwIP/src/core/mem.c ****   u16_t k;
 101:Middlewares/Third_Party/LwIP/src/core/mem.c ****   u8_t *m;
 102:Middlewares/Third_Party/LwIP/src/core/mem.c **** 
 103:Middlewares/Third_Party/LwIP/src/core/mem.c **** #if MEM_SANITY_REGION_AFTER_ALIGNED > 0
 104:Middlewares/Third_Party/LwIP/src/core/mem.c ****   m = (u8_t *)p + size;
 105:Middlewares/Third_Party/LwIP/src/core/mem.c ****   for (k = 0; k < MEM_SANITY_REGION_AFTER_ALIGNED; k++) {
 106:Middlewares/Third_Party/LwIP/src/core/mem.c ****     if (m[k] != 0xcd) {
 107:Middlewares/Third_Party/LwIP/src/core/mem.c ****       char errstr[128];
 108:Middlewares/Third_Party/LwIP/src/core/mem.c ****       snprintf(errstr, sizeof(errstr), "detected mem overflow in %s%s", descr1, descr2);
 109:Middlewares/Third_Party/LwIP/src/core/mem.c ****       LWIP_ASSERT(errstr, 0);
 110:Middlewares/Third_Party/LwIP/src/core/mem.c ****     }
 111:Middlewares/Third_Party/LwIP/src/core/mem.c ****   }
 112:Middlewares/Third_Party/LwIP/src/core/mem.c **** #endif /* MEM_SANITY_REGION_AFTER_ALIGNED > 0 */
 113:Middlewares/Third_Party/LwIP/src/core/mem.c **** 
 114:Middlewares/Third_Party/LwIP/src/core/mem.c **** #if MEM_SANITY_REGION_BEFORE_ALIGNED > 0
 115:Middlewares/Third_Party/LwIP/src/core/mem.c ****   m = (u8_t *)p - MEM_SANITY_REGION_BEFORE_ALIGNED;
 116:Middlewares/Third_Party/LwIP/src/core/mem.c ****   for (k = 0; k < MEM_SANITY_REGION_BEFORE_ALIGNED; k++) {
 117:Middlewares/Third_Party/LwIP/src/core/mem.c ****     if (m[k] != 0xcd) {
 118:Middlewares/Third_Party/LwIP/src/core/mem.c ****       char errstr[128];
 119:Middlewares/Third_Party/LwIP/src/core/mem.c ****       snprintf(errstr, sizeof(errstr), "detected mem underflow in %s%s", descr1, descr2);
 120:Middlewares/Third_Party/LwIP/src/core/mem.c ****       LWIP_ASSERT(errstr, 0);
 121:Middlewares/Third_Party/LwIP/src/core/mem.c ****     }
 122:Middlewares/Third_Party/LwIP/src/core/mem.c ****   }
 123:Middlewares/Third_Party/LwIP/src/core/mem.c **** #endif /* MEM_SANITY_REGION_BEFORE_ALIGNED > 0 */
 124:Middlewares/Third_Party/LwIP/src/core/mem.c **** #else
 125:Middlewares/Third_Party/LwIP/src/core/mem.c ****   LWIP_UNUSED_ARG(p);
 126:Middlewares/Third_Party/LwIP/src/core/mem.c ****   LWIP_UNUSED_ARG(desc);
 127:Middlewares/Third_Party/LwIP/src/core/mem.c ****   LWIP_UNUSED_ARG(descr);
 128:Middlewares/Third_Party/LwIP/src/core/mem.c **** #endif
 129:Middlewares/Third_Party/LwIP/src/core/mem.c **** }
 130:Middlewares/Third_Party/LwIP/src/core/mem.c **** 
 131:Middlewares/Third_Party/LwIP/src/core/mem.c **** /**
 132:Middlewares/Third_Party/LwIP/src/core/mem.c ****  * Initialize the restricted area of a mem element.
 133:Middlewares/Third_Party/LwIP/src/core/mem.c ****  */
 134:Middlewares/Third_Party/LwIP/src/core/mem.c **** void
 135:Middlewares/Third_Party/LwIP/src/core/mem.c **** mem_overflow_init_raw(void *p, size_t size)
 136:Middlewares/Third_Party/LwIP/src/core/mem.c **** {
 137:Middlewares/Third_Party/LwIP/src/core/mem.c **** #if MEM_SANITY_REGION_BEFORE_ALIGNED > 0 || MEM_SANITY_REGION_AFTER_ALIGNED > 0
 138:Middlewares/Third_Party/LwIP/src/core/mem.c ****   u8_t *m;
 139:Middlewares/Third_Party/LwIP/src/core/mem.c **** #if MEM_SANITY_REGION_BEFORE_ALIGNED > 0
 140:Middlewares/Third_Party/LwIP/src/core/mem.c ****   m = (u8_t *)p - MEM_SANITY_REGION_BEFORE_ALIGNED;
 141:Middlewares/Third_Party/LwIP/src/core/mem.c ****   memset(m, 0xcd, MEM_SANITY_REGION_BEFORE_ALIGNED);
 142:Middlewares/Third_Party/LwIP/src/core/mem.c **** #endif
 143:Middlewares/Third_Party/LwIP/src/core/mem.c **** #if MEM_SANITY_REGION_AFTER_ALIGNED > 0
 144:Middlewares/Third_Party/LwIP/src/core/mem.c ****   m = (u8_t *)p + size;
 145:Middlewares/Third_Party/LwIP/src/core/mem.c ****   memset(m, 0xcd, MEM_SANITY_REGION_AFTER_ALIGNED);
ARM GAS  /tmp/ccwe7SmR.s 			page 4


 146:Middlewares/Third_Party/LwIP/src/core/mem.c **** #endif
 147:Middlewares/Third_Party/LwIP/src/core/mem.c **** #else /* MEM_SANITY_REGION_BEFORE_ALIGNED > 0 || MEM_SANITY_REGION_AFTER_ALIGNED > 0 */
 148:Middlewares/Third_Party/LwIP/src/core/mem.c ****   LWIP_UNUSED_ARG(p);
 149:Middlewares/Third_Party/LwIP/src/core/mem.c ****   LWIP_UNUSED_ARG(desc);
 150:Middlewares/Third_Party/LwIP/src/core/mem.c **** #endif /* MEM_SANITY_REGION_BEFORE_ALIGNED > 0 || MEM_SANITY_REGION_AFTER_ALIGNED > 0 */
 151:Middlewares/Third_Party/LwIP/src/core/mem.c **** }
 152:Middlewares/Third_Party/LwIP/src/core/mem.c **** #endif /* MEM_OVERFLOW_CHECK || MEMP_OVERFLOW_CHECK */
 153:Middlewares/Third_Party/LwIP/src/core/mem.c **** 
 154:Middlewares/Third_Party/LwIP/src/core/mem.c **** #if MEM_LIBC_MALLOC || MEM_USE_POOLS
 155:Middlewares/Third_Party/LwIP/src/core/mem.c **** 
 156:Middlewares/Third_Party/LwIP/src/core/mem.c **** /** mem_init is not used when using pools instead of a heap or using
 157:Middlewares/Third_Party/LwIP/src/core/mem.c ****  * C library malloc().
 158:Middlewares/Third_Party/LwIP/src/core/mem.c ****  */
 159:Middlewares/Third_Party/LwIP/src/core/mem.c **** void
 160:Middlewares/Third_Party/LwIP/src/core/mem.c **** mem_init(void)
 161:Middlewares/Third_Party/LwIP/src/core/mem.c **** {
 162:Middlewares/Third_Party/LwIP/src/core/mem.c **** }
 163:Middlewares/Third_Party/LwIP/src/core/mem.c **** 
 164:Middlewares/Third_Party/LwIP/src/core/mem.c **** /** mem_trim is not used when using pools instead of a heap or using
 165:Middlewares/Third_Party/LwIP/src/core/mem.c ****  * C library malloc(): we can't free part of a pool element and the stack
 166:Middlewares/Third_Party/LwIP/src/core/mem.c ****  * support mem_trim() to return a different pointer
 167:Middlewares/Third_Party/LwIP/src/core/mem.c ****  */
 168:Middlewares/Third_Party/LwIP/src/core/mem.c **** void *
 169:Middlewares/Third_Party/LwIP/src/core/mem.c **** mem_trim(void *mem, mem_size_t size)
 170:Middlewares/Third_Party/LwIP/src/core/mem.c **** {
 171:Middlewares/Third_Party/LwIP/src/core/mem.c ****   LWIP_UNUSED_ARG(size);
 172:Middlewares/Third_Party/LwIP/src/core/mem.c ****   return mem;
 173:Middlewares/Third_Party/LwIP/src/core/mem.c **** }
 174:Middlewares/Third_Party/LwIP/src/core/mem.c **** #endif /* MEM_LIBC_MALLOC || MEM_USE_POOLS */
 175:Middlewares/Third_Party/LwIP/src/core/mem.c **** 
 176:Middlewares/Third_Party/LwIP/src/core/mem.c **** #if MEM_LIBC_MALLOC
 177:Middlewares/Third_Party/LwIP/src/core/mem.c **** /* lwIP heap implemented using C library malloc() */
 178:Middlewares/Third_Party/LwIP/src/core/mem.c **** 
 179:Middlewares/Third_Party/LwIP/src/core/mem.c **** /* in case C library malloc() needs extra protection,
 180:Middlewares/Third_Party/LwIP/src/core/mem.c ****  * allow these defines to be overridden.
 181:Middlewares/Third_Party/LwIP/src/core/mem.c ****  */
 182:Middlewares/Third_Party/LwIP/src/core/mem.c **** #ifndef mem_clib_free
 183:Middlewares/Third_Party/LwIP/src/core/mem.c **** #define mem_clib_free free
 184:Middlewares/Third_Party/LwIP/src/core/mem.c **** #endif
 185:Middlewares/Third_Party/LwIP/src/core/mem.c **** #ifndef mem_clib_malloc
 186:Middlewares/Third_Party/LwIP/src/core/mem.c **** #define mem_clib_malloc malloc
 187:Middlewares/Third_Party/LwIP/src/core/mem.c **** #endif
 188:Middlewares/Third_Party/LwIP/src/core/mem.c **** #ifndef mem_clib_calloc
 189:Middlewares/Third_Party/LwIP/src/core/mem.c **** #define mem_clib_calloc calloc
 190:Middlewares/Third_Party/LwIP/src/core/mem.c **** #endif
 191:Middlewares/Third_Party/LwIP/src/core/mem.c **** 
 192:Middlewares/Third_Party/LwIP/src/core/mem.c **** #if LWIP_STATS && MEM_STATS
 193:Middlewares/Third_Party/LwIP/src/core/mem.c **** #define MEM_LIBC_STATSHELPER_SIZE LWIP_MEM_ALIGN_SIZE(sizeof(mem_size_t))
 194:Middlewares/Third_Party/LwIP/src/core/mem.c **** #else
 195:Middlewares/Third_Party/LwIP/src/core/mem.c **** #define MEM_LIBC_STATSHELPER_SIZE 0
 196:Middlewares/Third_Party/LwIP/src/core/mem.c **** #endif
 197:Middlewares/Third_Party/LwIP/src/core/mem.c **** 
 198:Middlewares/Third_Party/LwIP/src/core/mem.c **** /**
 199:Middlewares/Third_Party/LwIP/src/core/mem.c ****  * Allocate a block of memory with a minimum of 'size' bytes.
 200:Middlewares/Third_Party/LwIP/src/core/mem.c ****  *
 201:Middlewares/Third_Party/LwIP/src/core/mem.c ****  * @param size is the minimum size of the requested block in bytes.
 202:Middlewares/Third_Party/LwIP/src/core/mem.c ****  * @return pointer to allocated memory or NULL if no free memory was found.
ARM GAS  /tmp/ccwe7SmR.s 			page 5


 203:Middlewares/Third_Party/LwIP/src/core/mem.c ****  *
 204:Middlewares/Third_Party/LwIP/src/core/mem.c ****  * Note that the returned value must always be aligned (as defined by MEM_ALIGNMENT).
 205:Middlewares/Third_Party/LwIP/src/core/mem.c ****  */
 206:Middlewares/Third_Party/LwIP/src/core/mem.c **** void *
 207:Middlewares/Third_Party/LwIP/src/core/mem.c **** mem_malloc(mem_size_t size)
 208:Middlewares/Third_Party/LwIP/src/core/mem.c **** {
 209:Middlewares/Third_Party/LwIP/src/core/mem.c ****   void *ret = mem_clib_malloc(size + MEM_LIBC_STATSHELPER_SIZE);
 210:Middlewares/Third_Party/LwIP/src/core/mem.c ****   if (ret == NULL) {
 211:Middlewares/Third_Party/LwIP/src/core/mem.c ****     MEM_STATS_INC_LOCKED(err);
 212:Middlewares/Third_Party/LwIP/src/core/mem.c ****   } else {
 213:Middlewares/Third_Party/LwIP/src/core/mem.c ****     LWIP_ASSERT("malloc() must return aligned memory", LWIP_MEM_ALIGN(ret) == ret);
 214:Middlewares/Third_Party/LwIP/src/core/mem.c **** #if LWIP_STATS && MEM_STATS
 215:Middlewares/Third_Party/LwIP/src/core/mem.c ****     *(mem_size_t *)ret = size;
 216:Middlewares/Third_Party/LwIP/src/core/mem.c ****     ret = (u8_t *)ret + MEM_LIBC_STATSHELPER_SIZE;
 217:Middlewares/Third_Party/LwIP/src/core/mem.c ****     MEM_STATS_INC_USED_LOCKED(used, size);
 218:Middlewares/Third_Party/LwIP/src/core/mem.c **** #endif
 219:Middlewares/Third_Party/LwIP/src/core/mem.c ****   }
 220:Middlewares/Third_Party/LwIP/src/core/mem.c ****   return ret;
 221:Middlewares/Third_Party/LwIP/src/core/mem.c **** }
 222:Middlewares/Third_Party/LwIP/src/core/mem.c **** 
 223:Middlewares/Third_Party/LwIP/src/core/mem.c **** /** Put memory back on the heap
 224:Middlewares/Third_Party/LwIP/src/core/mem.c ****  *
 225:Middlewares/Third_Party/LwIP/src/core/mem.c ****  * @param rmem is the pointer as returned by a previous call to mem_malloc()
 226:Middlewares/Third_Party/LwIP/src/core/mem.c ****  */
 227:Middlewares/Third_Party/LwIP/src/core/mem.c **** void
 228:Middlewares/Third_Party/LwIP/src/core/mem.c **** mem_free(void *rmem)
 229:Middlewares/Third_Party/LwIP/src/core/mem.c **** {
 230:Middlewares/Third_Party/LwIP/src/core/mem.c ****   LWIP_ASSERT("rmem != NULL", (rmem != NULL));
 231:Middlewares/Third_Party/LwIP/src/core/mem.c ****   LWIP_ASSERT("rmem == MEM_ALIGN(rmem)", (rmem == LWIP_MEM_ALIGN(rmem)));
 232:Middlewares/Third_Party/LwIP/src/core/mem.c **** #if LWIP_STATS && MEM_STATS
 233:Middlewares/Third_Party/LwIP/src/core/mem.c ****   rmem = (u8_t *)rmem - MEM_LIBC_STATSHELPER_SIZE;
 234:Middlewares/Third_Party/LwIP/src/core/mem.c ****   MEM_STATS_DEC_USED_LOCKED(used, *(mem_size_t *)rmem);
 235:Middlewares/Third_Party/LwIP/src/core/mem.c **** #endif
 236:Middlewares/Third_Party/LwIP/src/core/mem.c ****   mem_clib_free(rmem);
 237:Middlewares/Third_Party/LwIP/src/core/mem.c **** }
 238:Middlewares/Third_Party/LwIP/src/core/mem.c **** 
 239:Middlewares/Third_Party/LwIP/src/core/mem.c **** #elif MEM_USE_POOLS
 240:Middlewares/Third_Party/LwIP/src/core/mem.c **** 
 241:Middlewares/Third_Party/LwIP/src/core/mem.c **** /* lwIP heap implemented with different sized pools */
 242:Middlewares/Third_Party/LwIP/src/core/mem.c **** 
 243:Middlewares/Third_Party/LwIP/src/core/mem.c **** /**
 244:Middlewares/Third_Party/LwIP/src/core/mem.c ****  * Allocate memory: determine the smallest pool that is big enough
 245:Middlewares/Third_Party/LwIP/src/core/mem.c ****  * to contain an element of 'size' and get an element from that pool.
 246:Middlewares/Third_Party/LwIP/src/core/mem.c ****  *
 247:Middlewares/Third_Party/LwIP/src/core/mem.c ****  * @param size the size in bytes of the memory needed
 248:Middlewares/Third_Party/LwIP/src/core/mem.c ****  * @return a pointer to the allocated memory or NULL if the pool is empty
 249:Middlewares/Third_Party/LwIP/src/core/mem.c ****  */
 250:Middlewares/Third_Party/LwIP/src/core/mem.c **** void *
 251:Middlewares/Third_Party/LwIP/src/core/mem.c **** mem_malloc(mem_size_t size)
 252:Middlewares/Third_Party/LwIP/src/core/mem.c **** {
 253:Middlewares/Third_Party/LwIP/src/core/mem.c ****   void *ret;
 254:Middlewares/Third_Party/LwIP/src/core/mem.c ****   struct memp_malloc_helper *element = NULL;
 255:Middlewares/Third_Party/LwIP/src/core/mem.c ****   memp_t poolnr;
 256:Middlewares/Third_Party/LwIP/src/core/mem.c ****   mem_size_t required_size = size + LWIP_MEM_ALIGN_SIZE(sizeof(struct memp_malloc_helper));
 257:Middlewares/Third_Party/LwIP/src/core/mem.c **** 
 258:Middlewares/Third_Party/LwIP/src/core/mem.c ****   for (poolnr = MEMP_POOL_FIRST; poolnr <= MEMP_POOL_LAST; poolnr = (memp_t)(poolnr + 1)) {
 259:Middlewares/Third_Party/LwIP/src/core/mem.c ****     /* is this pool big enough to hold an element of the required size
ARM GAS  /tmp/ccwe7SmR.s 			page 6


 260:Middlewares/Third_Party/LwIP/src/core/mem.c ****        plus a struct memp_malloc_helper that saves the pool this element came from? */
 261:Middlewares/Third_Party/LwIP/src/core/mem.c ****     if (required_size <= memp_pools[poolnr]->size) {
 262:Middlewares/Third_Party/LwIP/src/core/mem.c ****       element = (struct memp_malloc_helper *)memp_malloc(poolnr);
 263:Middlewares/Third_Party/LwIP/src/core/mem.c ****       if (element == NULL) {
 264:Middlewares/Third_Party/LwIP/src/core/mem.c ****         /* No need to DEBUGF or ASSERT: This error is already taken care of in memp.c */
 265:Middlewares/Third_Party/LwIP/src/core/mem.c **** #if MEM_USE_POOLS_TRY_BIGGER_POOL
 266:Middlewares/Third_Party/LwIP/src/core/mem.c ****         /** Try a bigger pool if this one is empty! */
 267:Middlewares/Third_Party/LwIP/src/core/mem.c ****         if (poolnr < MEMP_POOL_LAST) {
 268:Middlewares/Third_Party/LwIP/src/core/mem.c ****           continue;
 269:Middlewares/Third_Party/LwIP/src/core/mem.c ****         }
 270:Middlewares/Third_Party/LwIP/src/core/mem.c **** #endif /* MEM_USE_POOLS_TRY_BIGGER_POOL */
 271:Middlewares/Third_Party/LwIP/src/core/mem.c ****         MEM_STATS_INC_LOCKED(err);
 272:Middlewares/Third_Party/LwIP/src/core/mem.c ****         return NULL;
 273:Middlewares/Third_Party/LwIP/src/core/mem.c ****       }
 274:Middlewares/Third_Party/LwIP/src/core/mem.c ****       break;
 275:Middlewares/Third_Party/LwIP/src/core/mem.c ****     }
 276:Middlewares/Third_Party/LwIP/src/core/mem.c ****   }
 277:Middlewares/Third_Party/LwIP/src/core/mem.c ****   if (poolnr > MEMP_POOL_LAST) {
 278:Middlewares/Third_Party/LwIP/src/core/mem.c ****     LWIP_ASSERT("mem_malloc(): no pool is that big!", 0);
 279:Middlewares/Third_Party/LwIP/src/core/mem.c ****     MEM_STATS_INC_LOCKED(err);
 280:Middlewares/Third_Party/LwIP/src/core/mem.c ****     return NULL;
 281:Middlewares/Third_Party/LwIP/src/core/mem.c ****   }
 282:Middlewares/Third_Party/LwIP/src/core/mem.c **** 
 283:Middlewares/Third_Party/LwIP/src/core/mem.c ****   /* save the pool number this element came from */
 284:Middlewares/Third_Party/LwIP/src/core/mem.c ****   element->poolnr = poolnr;
 285:Middlewares/Third_Party/LwIP/src/core/mem.c ****   /* and return a pointer to the memory directly after the struct memp_malloc_helper */
 286:Middlewares/Third_Party/LwIP/src/core/mem.c ****   ret = (u8_t *)element + LWIP_MEM_ALIGN_SIZE(sizeof(struct memp_malloc_helper));
 287:Middlewares/Third_Party/LwIP/src/core/mem.c **** 
 288:Middlewares/Third_Party/LwIP/src/core/mem.c **** #if MEMP_OVERFLOW_CHECK || (LWIP_STATS && MEM_STATS)
 289:Middlewares/Third_Party/LwIP/src/core/mem.c ****   /* truncating to u16_t is safe because struct memp_desc::size is u16_t */
 290:Middlewares/Third_Party/LwIP/src/core/mem.c ****   element->size = (u16_t)size;
 291:Middlewares/Third_Party/LwIP/src/core/mem.c ****   MEM_STATS_INC_USED_LOCKED(used, element->size);
 292:Middlewares/Third_Party/LwIP/src/core/mem.c **** #endif /* MEMP_OVERFLOW_CHECK || (LWIP_STATS && MEM_STATS) */
 293:Middlewares/Third_Party/LwIP/src/core/mem.c **** #if MEMP_OVERFLOW_CHECK
 294:Middlewares/Third_Party/LwIP/src/core/mem.c ****   /* initialize unused memory (diff between requested size and selected pool's size) */
 295:Middlewares/Third_Party/LwIP/src/core/mem.c ****   memset((u8_t *)ret + size, 0xcd, memp_pools[poolnr]->size - size);
 296:Middlewares/Third_Party/LwIP/src/core/mem.c **** #endif /* MEMP_OVERFLOW_CHECK */
 297:Middlewares/Third_Party/LwIP/src/core/mem.c ****   return ret;
 298:Middlewares/Third_Party/LwIP/src/core/mem.c **** }
 299:Middlewares/Third_Party/LwIP/src/core/mem.c **** 
 300:Middlewares/Third_Party/LwIP/src/core/mem.c **** /**
 301:Middlewares/Third_Party/LwIP/src/core/mem.c ****  * Free memory previously allocated by mem_malloc. Loads the pool number
 302:Middlewares/Third_Party/LwIP/src/core/mem.c ****  * and calls memp_free with that pool number to put the element back into
 303:Middlewares/Third_Party/LwIP/src/core/mem.c ****  * its pool
 304:Middlewares/Third_Party/LwIP/src/core/mem.c ****  *
 305:Middlewares/Third_Party/LwIP/src/core/mem.c ****  * @param rmem the memory element to free
 306:Middlewares/Third_Party/LwIP/src/core/mem.c ****  */
 307:Middlewares/Third_Party/LwIP/src/core/mem.c **** void
 308:Middlewares/Third_Party/LwIP/src/core/mem.c **** mem_free(void *rmem)
 309:Middlewares/Third_Party/LwIP/src/core/mem.c **** {
 310:Middlewares/Third_Party/LwIP/src/core/mem.c ****   struct memp_malloc_helper *hmem;
 311:Middlewares/Third_Party/LwIP/src/core/mem.c **** 
 312:Middlewares/Third_Party/LwIP/src/core/mem.c ****   LWIP_ASSERT("rmem != NULL", (rmem != NULL));
 313:Middlewares/Third_Party/LwIP/src/core/mem.c ****   LWIP_ASSERT("rmem == MEM_ALIGN(rmem)", (rmem == LWIP_MEM_ALIGN(rmem)));
 314:Middlewares/Third_Party/LwIP/src/core/mem.c **** 
 315:Middlewares/Third_Party/LwIP/src/core/mem.c ****   /* get the original struct memp_malloc_helper */
 316:Middlewares/Third_Party/LwIP/src/core/mem.c ****   /* cast through void* to get rid of alignment warnings */
ARM GAS  /tmp/ccwe7SmR.s 			page 7


 317:Middlewares/Third_Party/LwIP/src/core/mem.c ****   hmem = (struct memp_malloc_helper *)(void *)((u8_t *)rmem - LWIP_MEM_ALIGN_SIZE(sizeof(struct mem
 318:Middlewares/Third_Party/LwIP/src/core/mem.c **** 
 319:Middlewares/Third_Party/LwIP/src/core/mem.c ****   LWIP_ASSERT("hmem != NULL", (hmem != NULL));
 320:Middlewares/Third_Party/LwIP/src/core/mem.c ****   LWIP_ASSERT("hmem == MEM_ALIGN(hmem)", (hmem == LWIP_MEM_ALIGN(hmem)));
 321:Middlewares/Third_Party/LwIP/src/core/mem.c ****   LWIP_ASSERT("hmem->poolnr < MEMP_MAX", (hmem->poolnr < MEMP_MAX));
 322:Middlewares/Third_Party/LwIP/src/core/mem.c **** 
 323:Middlewares/Third_Party/LwIP/src/core/mem.c ****   MEM_STATS_DEC_USED_LOCKED(used, hmem->size);
 324:Middlewares/Third_Party/LwIP/src/core/mem.c **** #if MEMP_OVERFLOW_CHECK
 325:Middlewares/Third_Party/LwIP/src/core/mem.c ****   {
 326:Middlewares/Third_Party/LwIP/src/core/mem.c ****     u16_t i;
 327:Middlewares/Third_Party/LwIP/src/core/mem.c ****     LWIP_ASSERT("MEM_USE_POOLS: invalid chunk size",
 328:Middlewares/Third_Party/LwIP/src/core/mem.c ****                 hmem->size <= memp_pools[hmem->poolnr]->size);
 329:Middlewares/Third_Party/LwIP/src/core/mem.c ****     /* check that unused memory remained untouched (diff between requested size and selected pool's
 330:Middlewares/Third_Party/LwIP/src/core/mem.c ****     for (i = hmem->size; i < memp_pools[hmem->poolnr]->size; i++) {
 331:Middlewares/Third_Party/LwIP/src/core/mem.c ****       u8_t data = *((u8_t *)rmem + i);
 332:Middlewares/Third_Party/LwIP/src/core/mem.c ****       LWIP_ASSERT("MEM_USE_POOLS: mem overflow detected", data == 0xcd);
 333:Middlewares/Third_Party/LwIP/src/core/mem.c ****     }
 334:Middlewares/Third_Party/LwIP/src/core/mem.c ****   }
 335:Middlewares/Third_Party/LwIP/src/core/mem.c **** #endif /* MEMP_OVERFLOW_CHECK */
 336:Middlewares/Third_Party/LwIP/src/core/mem.c **** 
 337:Middlewares/Third_Party/LwIP/src/core/mem.c ****   /* and put it in the pool we saved earlier */
 338:Middlewares/Third_Party/LwIP/src/core/mem.c ****   memp_free(hmem->poolnr, hmem);
 339:Middlewares/Third_Party/LwIP/src/core/mem.c **** }
 340:Middlewares/Third_Party/LwIP/src/core/mem.c **** 
 341:Middlewares/Third_Party/LwIP/src/core/mem.c **** #else /* MEM_USE_POOLS */
 342:Middlewares/Third_Party/LwIP/src/core/mem.c **** /* lwIP replacement for your libc malloc() */
 343:Middlewares/Third_Party/LwIP/src/core/mem.c **** 
 344:Middlewares/Third_Party/LwIP/src/core/mem.c **** /**
 345:Middlewares/Third_Party/LwIP/src/core/mem.c ****  * The heap is made up as a list of structs of this type.
 346:Middlewares/Third_Party/LwIP/src/core/mem.c ****  * This does not have to be aligned since for getting its size,
 347:Middlewares/Third_Party/LwIP/src/core/mem.c ****  * we only use the macro SIZEOF_STRUCT_MEM, which automatically aligns.
 348:Middlewares/Third_Party/LwIP/src/core/mem.c ****  */
 349:Middlewares/Third_Party/LwIP/src/core/mem.c **** struct mem {
 350:Middlewares/Third_Party/LwIP/src/core/mem.c ****   /** index (-> ram[next]) of the next struct */
 351:Middlewares/Third_Party/LwIP/src/core/mem.c ****   mem_size_t next;
 352:Middlewares/Third_Party/LwIP/src/core/mem.c ****   /** index (-> ram[prev]) of the previous struct */
 353:Middlewares/Third_Party/LwIP/src/core/mem.c ****   mem_size_t prev;
 354:Middlewares/Third_Party/LwIP/src/core/mem.c ****   /** 1: this area is used; 0: this area is unused */
 355:Middlewares/Third_Party/LwIP/src/core/mem.c ****   u8_t used;
 356:Middlewares/Third_Party/LwIP/src/core/mem.c **** #if MEM_OVERFLOW_CHECK
 357:Middlewares/Third_Party/LwIP/src/core/mem.c ****   /** this keeps track of the user allocation size for guard checks */
 358:Middlewares/Third_Party/LwIP/src/core/mem.c ****   mem_size_t user_size;
 359:Middlewares/Third_Party/LwIP/src/core/mem.c **** #endif
 360:Middlewares/Third_Party/LwIP/src/core/mem.c **** };
 361:Middlewares/Third_Party/LwIP/src/core/mem.c **** 
 362:Middlewares/Third_Party/LwIP/src/core/mem.c **** /** All allocated blocks will be MIN_SIZE bytes big, at least!
 363:Middlewares/Third_Party/LwIP/src/core/mem.c ****  * MIN_SIZE can be overridden to suit your needs. Smaller values save space,
 364:Middlewares/Third_Party/LwIP/src/core/mem.c ****  * larger values could prevent too small blocks to fragment the RAM too much. */
 365:Middlewares/Third_Party/LwIP/src/core/mem.c **** #ifndef MIN_SIZE
 366:Middlewares/Third_Party/LwIP/src/core/mem.c **** #define MIN_SIZE             12
 367:Middlewares/Third_Party/LwIP/src/core/mem.c **** #endif /* MIN_SIZE */
 368:Middlewares/Third_Party/LwIP/src/core/mem.c **** /* some alignment macros: we define them here for better source code layout */
 369:Middlewares/Third_Party/LwIP/src/core/mem.c **** #define MIN_SIZE_ALIGNED     LWIP_MEM_ALIGN_SIZE(MIN_SIZE)
 370:Middlewares/Third_Party/LwIP/src/core/mem.c **** #define SIZEOF_STRUCT_MEM    LWIP_MEM_ALIGN_SIZE(sizeof(struct mem))
 371:Middlewares/Third_Party/LwIP/src/core/mem.c **** #define MEM_SIZE_ALIGNED     LWIP_MEM_ALIGN_SIZE(MEM_SIZE)
 372:Middlewares/Third_Party/LwIP/src/core/mem.c **** 
 373:Middlewares/Third_Party/LwIP/src/core/mem.c **** /** If you want to relocate the heap to external memory, simply define
ARM GAS  /tmp/ccwe7SmR.s 			page 8


 374:Middlewares/Third_Party/LwIP/src/core/mem.c ****  * LWIP_RAM_HEAP_POINTER as a void-pointer to that location.
 375:Middlewares/Third_Party/LwIP/src/core/mem.c ****  * If so, make sure the memory at that location is big enough (see below on
 376:Middlewares/Third_Party/LwIP/src/core/mem.c ****  * how that space is calculated). */
 377:Middlewares/Third_Party/LwIP/src/core/mem.c **** #ifndef LWIP_RAM_HEAP_POINTER
 378:Middlewares/Third_Party/LwIP/src/core/mem.c **** /** the heap. we need one struct mem at the end and some room for alignment */
 379:Middlewares/Third_Party/LwIP/src/core/mem.c **** LWIP_DECLARE_MEMORY_ALIGNED(ram_heap, MEM_SIZE_ALIGNED + (2U * SIZEOF_STRUCT_MEM));
 380:Middlewares/Third_Party/LwIP/src/core/mem.c **** #define LWIP_RAM_HEAP_POINTER ram_heap
 381:Middlewares/Third_Party/LwIP/src/core/mem.c **** #endif /* LWIP_RAM_HEAP_POINTER */
 382:Middlewares/Third_Party/LwIP/src/core/mem.c **** 
 383:Middlewares/Third_Party/LwIP/src/core/mem.c **** /** pointer to the heap (ram_heap): for alignment, ram is now a pointer instead of an array */
 384:Middlewares/Third_Party/LwIP/src/core/mem.c **** static u8_t *ram;
 385:Middlewares/Third_Party/LwIP/src/core/mem.c **** /** the last entry, always unused! */
 386:Middlewares/Third_Party/LwIP/src/core/mem.c **** static struct mem *ram_end;
 387:Middlewares/Third_Party/LwIP/src/core/mem.c **** 
 388:Middlewares/Third_Party/LwIP/src/core/mem.c **** /** concurrent access protection */
 389:Middlewares/Third_Party/LwIP/src/core/mem.c **** #if !NO_SYS
 390:Middlewares/Third_Party/LwIP/src/core/mem.c **** static sys_mutex_t mem_mutex;
 391:Middlewares/Third_Party/LwIP/src/core/mem.c **** #endif
 392:Middlewares/Third_Party/LwIP/src/core/mem.c **** 
 393:Middlewares/Third_Party/LwIP/src/core/mem.c **** #if LWIP_ALLOW_MEM_FREE_FROM_OTHER_CONTEXT
 394:Middlewares/Third_Party/LwIP/src/core/mem.c **** 
 395:Middlewares/Third_Party/LwIP/src/core/mem.c **** static volatile u8_t mem_free_count;
 396:Middlewares/Third_Party/LwIP/src/core/mem.c **** 
 397:Middlewares/Third_Party/LwIP/src/core/mem.c **** /* Allow mem_free from other (e.g. interrupt) context */
 398:Middlewares/Third_Party/LwIP/src/core/mem.c **** #define LWIP_MEM_FREE_DECL_PROTECT()  SYS_ARCH_DECL_PROTECT(lev_free)
 399:Middlewares/Third_Party/LwIP/src/core/mem.c **** #define LWIP_MEM_FREE_PROTECT()       SYS_ARCH_PROTECT(lev_free)
 400:Middlewares/Third_Party/LwIP/src/core/mem.c **** #define LWIP_MEM_FREE_UNPROTECT()     SYS_ARCH_UNPROTECT(lev_free)
 401:Middlewares/Third_Party/LwIP/src/core/mem.c **** #define LWIP_MEM_ALLOC_DECL_PROTECT() SYS_ARCH_DECL_PROTECT(lev_alloc)
 402:Middlewares/Third_Party/LwIP/src/core/mem.c **** #define LWIP_MEM_ALLOC_PROTECT()      SYS_ARCH_PROTECT(lev_alloc)
 403:Middlewares/Third_Party/LwIP/src/core/mem.c **** #define LWIP_MEM_ALLOC_UNPROTECT()    SYS_ARCH_UNPROTECT(lev_alloc)
 404:Middlewares/Third_Party/LwIP/src/core/mem.c **** #define LWIP_MEM_LFREE_VOLATILE       volatile
 405:Middlewares/Third_Party/LwIP/src/core/mem.c **** 
 406:Middlewares/Third_Party/LwIP/src/core/mem.c **** #else /* LWIP_ALLOW_MEM_FREE_FROM_OTHER_CONTEXT */
 407:Middlewares/Third_Party/LwIP/src/core/mem.c **** 
 408:Middlewares/Third_Party/LwIP/src/core/mem.c **** /* Protect the heap only by using a mutex */
 409:Middlewares/Third_Party/LwIP/src/core/mem.c **** #define LWIP_MEM_FREE_DECL_PROTECT()
 410:Middlewares/Third_Party/LwIP/src/core/mem.c **** #define LWIP_MEM_FREE_PROTECT()    sys_mutex_lock(&mem_mutex)
 411:Middlewares/Third_Party/LwIP/src/core/mem.c **** #define LWIP_MEM_FREE_UNPROTECT()  sys_mutex_unlock(&mem_mutex)
 412:Middlewares/Third_Party/LwIP/src/core/mem.c **** /* mem_malloc is protected using mutex AND LWIP_MEM_ALLOC_PROTECT */
 413:Middlewares/Third_Party/LwIP/src/core/mem.c **** #define LWIP_MEM_ALLOC_DECL_PROTECT()
 414:Middlewares/Third_Party/LwIP/src/core/mem.c **** #define LWIP_MEM_ALLOC_PROTECT()
 415:Middlewares/Third_Party/LwIP/src/core/mem.c **** #define LWIP_MEM_ALLOC_UNPROTECT()
 416:Middlewares/Third_Party/LwIP/src/core/mem.c **** #define LWIP_MEM_LFREE_VOLATILE
 417:Middlewares/Third_Party/LwIP/src/core/mem.c **** 
 418:Middlewares/Third_Party/LwIP/src/core/mem.c **** #endif /* LWIP_ALLOW_MEM_FREE_FROM_OTHER_CONTEXT */
 419:Middlewares/Third_Party/LwIP/src/core/mem.c **** 
 420:Middlewares/Third_Party/LwIP/src/core/mem.c **** /** pointer to the lowest free block, this is used for faster search */
 421:Middlewares/Third_Party/LwIP/src/core/mem.c **** static struct mem * LWIP_MEM_LFREE_VOLATILE lfree;
 422:Middlewares/Third_Party/LwIP/src/core/mem.c **** 
 423:Middlewares/Third_Party/LwIP/src/core/mem.c **** #if MEM_SANITY_CHECK
 424:Middlewares/Third_Party/LwIP/src/core/mem.c **** static void mem_sanity(void);
 425:Middlewares/Third_Party/LwIP/src/core/mem.c **** #define MEM_SANITY() mem_sanity()
 426:Middlewares/Third_Party/LwIP/src/core/mem.c **** #else
 427:Middlewares/Third_Party/LwIP/src/core/mem.c **** #define MEM_SANITY()
 428:Middlewares/Third_Party/LwIP/src/core/mem.c **** #endif
 429:Middlewares/Third_Party/LwIP/src/core/mem.c **** 
 430:Middlewares/Third_Party/LwIP/src/core/mem.c **** #if MEM_OVERFLOW_CHECK
ARM GAS  /tmp/ccwe7SmR.s 			page 9


 431:Middlewares/Third_Party/LwIP/src/core/mem.c **** static void
 432:Middlewares/Third_Party/LwIP/src/core/mem.c **** mem_overflow_init_element(struct mem *mem, mem_size_t user_size)
 433:Middlewares/Third_Party/LwIP/src/core/mem.c **** {
 434:Middlewares/Third_Party/LwIP/src/core/mem.c ****   void *p = (u8_t *)mem + SIZEOF_STRUCT_MEM + MEM_SANITY_OFFSET;
 435:Middlewares/Third_Party/LwIP/src/core/mem.c ****   mem->user_size = user_size;
 436:Middlewares/Third_Party/LwIP/src/core/mem.c ****   mem_overflow_init_raw(p, user_size);
 437:Middlewares/Third_Party/LwIP/src/core/mem.c **** }
 438:Middlewares/Third_Party/LwIP/src/core/mem.c **** 
 439:Middlewares/Third_Party/LwIP/src/core/mem.c **** static void
 440:Middlewares/Third_Party/LwIP/src/core/mem.c **** mem_overflow_check_element(struct mem *mem)
 441:Middlewares/Third_Party/LwIP/src/core/mem.c **** {
 442:Middlewares/Third_Party/LwIP/src/core/mem.c ****   void *p = (u8_t *)mem + SIZEOF_STRUCT_MEM + MEM_SANITY_OFFSET;
 443:Middlewares/Third_Party/LwIP/src/core/mem.c ****   mem_overflow_check_raw(p, mem->user_size, "heap", "");
 444:Middlewares/Third_Party/LwIP/src/core/mem.c **** }
 445:Middlewares/Third_Party/LwIP/src/core/mem.c **** #else /* MEM_OVERFLOW_CHECK */
 446:Middlewares/Third_Party/LwIP/src/core/mem.c **** #define mem_overflow_init_element(mem, size)
 447:Middlewares/Third_Party/LwIP/src/core/mem.c **** #define mem_overflow_check_element(mem)
 448:Middlewares/Third_Party/LwIP/src/core/mem.c **** #endif /* MEM_OVERFLOW_CHECK */
 449:Middlewares/Third_Party/LwIP/src/core/mem.c **** 
 450:Middlewares/Third_Party/LwIP/src/core/mem.c **** static struct mem *
 451:Middlewares/Third_Party/LwIP/src/core/mem.c **** ptr_to_mem(mem_size_t ptr)
 452:Middlewares/Third_Party/LwIP/src/core/mem.c **** {
  28              		.loc 1 452 1 view -0
  29              		.cfi_startproc
  30              		@ args = 0, pretend = 0, frame = 0
  31              		@ frame_needed = 0, uses_anonymous_args = 0
  32              		@ link register save eliminated.
 453:Middlewares/Third_Party/LwIP/src/core/mem.c ****   return (struct mem *)(void *)&ram[ptr];
  33              		.loc 1 453 3 view .LVU1
  34              		.loc 1 453 32 is_stmt 0 view .LVU2
  35 0000 014B     		ldr	r3, .L2
  36 0002 1B68     		ldr	r3, [r3]
 454:Middlewares/Third_Party/LwIP/src/core/mem.c **** }
  37              		.loc 1 454 1 view .LVU3
  38 0004 1844     		add	r0, r0, r3
  39              	.LVL1:
  40              		.loc 1 454 1 view .LVU4
  41 0006 7047     		bx	lr
  42              	.L3:
  43              		.align	2
  44              	.L2:
  45 0008 00000000 		.word	ram
  46              		.cfi_endproc
  47              	.LFE166:
  49              		.section	.text.mem_to_ptr,"ax",%progbits
  50              		.align	1
  51              		.syntax unified
  52              		.thumb
  53              		.thumb_func
  55              	mem_to_ptr:
  56              	.LVL2:
  57              	.LFB167:
 455:Middlewares/Third_Party/LwIP/src/core/mem.c **** 
 456:Middlewares/Third_Party/LwIP/src/core/mem.c **** static mem_size_t
 457:Middlewares/Third_Party/LwIP/src/core/mem.c **** mem_to_ptr(void *mem)
 458:Middlewares/Third_Party/LwIP/src/core/mem.c **** {
  58              		.loc 1 458 1 is_stmt 1 view -0
ARM GAS  /tmp/ccwe7SmR.s 			page 10


  59              		.cfi_startproc
  60              		@ args = 0, pretend = 0, frame = 0
  61              		@ frame_needed = 0, uses_anonymous_args = 0
  62              		@ link register save eliminated.
 459:Middlewares/Third_Party/LwIP/src/core/mem.c ****   return (mem_size_t)((u8_t *)mem - ram);
  63              		.loc 1 459 3 view .LVU6
  64              		.loc 1 459 35 is_stmt 0 view .LVU7
  65 0000 024B     		ldr	r3, .L5
  66 0002 1B68     		ldr	r3, [r3]
  67 0004 C01A     		subs	r0, r0, r3
  68              	.LVL3:
 460:Middlewares/Third_Party/LwIP/src/core/mem.c **** }
  69              		.loc 1 460 1 view .LVU8
  70 0006 80B2     		uxth	r0, r0
  71 0008 7047     		bx	lr
  72              	.L6:
  73 000a 00BF     		.align	2
  74              	.L5:
  75 000c 00000000 		.word	ram
  76              		.cfi_endproc
  77              	.LFE167:
  79              		.section	.text.mem_link_valid,"ax",%progbits
  80              		.align	1
  81              		.syntax unified
  82              		.thumb
  83              		.thumb_func
  85              	mem_link_valid:
  86              	.LVL4:
  87              	.LFB170:
 461:Middlewares/Third_Party/LwIP/src/core/mem.c **** 
 462:Middlewares/Third_Party/LwIP/src/core/mem.c **** /**
 463:Middlewares/Third_Party/LwIP/src/core/mem.c ****  * "Plug holes" by combining adjacent empty struct mems.
 464:Middlewares/Third_Party/LwIP/src/core/mem.c ****  * After this function is through, there should not exist
 465:Middlewares/Third_Party/LwIP/src/core/mem.c ****  * one empty struct mem pointing to another empty struct mem.
 466:Middlewares/Third_Party/LwIP/src/core/mem.c ****  *
 467:Middlewares/Third_Party/LwIP/src/core/mem.c ****  * @param mem this points to a struct mem which just has been freed
 468:Middlewares/Third_Party/LwIP/src/core/mem.c ****  * @internal this function is only called by mem_free() and mem_trim()
 469:Middlewares/Third_Party/LwIP/src/core/mem.c ****  *
 470:Middlewares/Third_Party/LwIP/src/core/mem.c ****  * This assumes access to the heap is protected by the calling function
 471:Middlewares/Third_Party/LwIP/src/core/mem.c ****  * already.
 472:Middlewares/Third_Party/LwIP/src/core/mem.c ****  */
 473:Middlewares/Third_Party/LwIP/src/core/mem.c **** static void
 474:Middlewares/Third_Party/LwIP/src/core/mem.c **** plug_holes(struct mem *mem)
 475:Middlewares/Third_Party/LwIP/src/core/mem.c **** {
 476:Middlewares/Third_Party/LwIP/src/core/mem.c ****   struct mem *nmem;
 477:Middlewares/Third_Party/LwIP/src/core/mem.c ****   struct mem *pmem;
 478:Middlewares/Third_Party/LwIP/src/core/mem.c **** 
 479:Middlewares/Third_Party/LwIP/src/core/mem.c ****   LWIP_ASSERT("plug_holes: mem >= ram", (u8_t *)mem >= ram);
 480:Middlewares/Third_Party/LwIP/src/core/mem.c ****   LWIP_ASSERT("plug_holes: mem < ram_end", (u8_t *)mem < (u8_t *)ram_end);
 481:Middlewares/Third_Party/LwIP/src/core/mem.c ****   LWIP_ASSERT("plug_holes: mem->used == 0", mem->used == 0);
 482:Middlewares/Third_Party/LwIP/src/core/mem.c **** 
 483:Middlewares/Third_Party/LwIP/src/core/mem.c ****   /* plug hole forward */
 484:Middlewares/Third_Party/LwIP/src/core/mem.c ****   LWIP_ASSERT("plug_holes: mem->next <= MEM_SIZE_ALIGNED", mem->next <= MEM_SIZE_ALIGNED);
 485:Middlewares/Third_Party/LwIP/src/core/mem.c **** 
 486:Middlewares/Third_Party/LwIP/src/core/mem.c ****   nmem = ptr_to_mem(mem->next);
 487:Middlewares/Third_Party/LwIP/src/core/mem.c ****   if (mem != nmem && nmem->used == 0 && (u8_t *)nmem != (u8_t *)ram_end) {
 488:Middlewares/Third_Party/LwIP/src/core/mem.c ****     /* if mem->next is unused and not end of ram, combine mem and mem->next */
ARM GAS  /tmp/ccwe7SmR.s 			page 11


 489:Middlewares/Third_Party/LwIP/src/core/mem.c ****     if (lfree == nmem) {
 490:Middlewares/Third_Party/LwIP/src/core/mem.c ****       lfree = mem;
 491:Middlewares/Third_Party/LwIP/src/core/mem.c ****     }
 492:Middlewares/Third_Party/LwIP/src/core/mem.c ****     mem->next = nmem->next;
 493:Middlewares/Third_Party/LwIP/src/core/mem.c ****     if (nmem->next != MEM_SIZE_ALIGNED) {
 494:Middlewares/Third_Party/LwIP/src/core/mem.c ****       ptr_to_mem(nmem->next)->prev = mem_to_ptr(mem);
 495:Middlewares/Third_Party/LwIP/src/core/mem.c ****     }
 496:Middlewares/Third_Party/LwIP/src/core/mem.c ****   }
 497:Middlewares/Third_Party/LwIP/src/core/mem.c **** 
 498:Middlewares/Third_Party/LwIP/src/core/mem.c ****   /* plug hole backward */
 499:Middlewares/Third_Party/LwIP/src/core/mem.c ****   pmem = ptr_to_mem(mem->prev);
 500:Middlewares/Third_Party/LwIP/src/core/mem.c ****   if (pmem != mem && pmem->used == 0) {
 501:Middlewares/Third_Party/LwIP/src/core/mem.c ****     /* if mem->prev is unused, combine mem and mem->prev */
 502:Middlewares/Third_Party/LwIP/src/core/mem.c ****     if (lfree == mem) {
 503:Middlewares/Third_Party/LwIP/src/core/mem.c ****       lfree = pmem;
 504:Middlewares/Third_Party/LwIP/src/core/mem.c ****     }
 505:Middlewares/Third_Party/LwIP/src/core/mem.c ****     pmem->next = mem->next;
 506:Middlewares/Third_Party/LwIP/src/core/mem.c ****     if (mem->next != MEM_SIZE_ALIGNED) {
 507:Middlewares/Third_Party/LwIP/src/core/mem.c ****       ptr_to_mem(mem->next)->prev = mem_to_ptr(pmem);
 508:Middlewares/Third_Party/LwIP/src/core/mem.c ****     }
 509:Middlewares/Third_Party/LwIP/src/core/mem.c ****   }
 510:Middlewares/Third_Party/LwIP/src/core/mem.c **** }
 511:Middlewares/Third_Party/LwIP/src/core/mem.c **** 
 512:Middlewares/Third_Party/LwIP/src/core/mem.c **** /**
 513:Middlewares/Third_Party/LwIP/src/core/mem.c ****  * Zero the heap and initialize start, end and lowest-free
 514:Middlewares/Third_Party/LwIP/src/core/mem.c ****  */
 515:Middlewares/Third_Party/LwIP/src/core/mem.c **** void
 516:Middlewares/Third_Party/LwIP/src/core/mem.c **** mem_init(void)
 517:Middlewares/Third_Party/LwIP/src/core/mem.c **** {
 518:Middlewares/Third_Party/LwIP/src/core/mem.c ****   struct mem *mem;
 519:Middlewares/Third_Party/LwIP/src/core/mem.c **** 
 520:Middlewares/Third_Party/LwIP/src/core/mem.c ****   LWIP_ASSERT("Sanity check alignment",
 521:Middlewares/Third_Party/LwIP/src/core/mem.c ****               (SIZEOF_STRUCT_MEM & (MEM_ALIGNMENT - 1)) == 0);
 522:Middlewares/Third_Party/LwIP/src/core/mem.c **** 
 523:Middlewares/Third_Party/LwIP/src/core/mem.c ****   /* align the heap */
 524:Middlewares/Third_Party/LwIP/src/core/mem.c ****   ram = (u8_t *)LWIP_MEM_ALIGN(LWIP_RAM_HEAP_POINTER);
 525:Middlewares/Third_Party/LwIP/src/core/mem.c ****   /* initialize the start of the heap */
 526:Middlewares/Third_Party/LwIP/src/core/mem.c ****   mem = (struct mem *)(void *)ram;
 527:Middlewares/Third_Party/LwIP/src/core/mem.c ****   mem->next = MEM_SIZE_ALIGNED;
 528:Middlewares/Third_Party/LwIP/src/core/mem.c ****   mem->prev = 0;
 529:Middlewares/Third_Party/LwIP/src/core/mem.c ****   mem->used = 0;
 530:Middlewares/Third_Party/LwIP/src/core/mem.c ****   /* initialize the end of the heap */
 531:Middlewares/Third_Party/LwIP/src/core/mem.c ****   ram_end = ptr_to_mem(MEM_SIZE_ALIGNED);
 532:Middlewares/Third_Party/LwIP/src/core/mem.c ****   ram_end->used = 1;
 533:Middlewares/Third_Party/LwIP/src/core/mem.c ****   ram_end->next = MEM_SIZE_ALIGNED;
 534:Middlewares/Third_Party/LwIP/src/core/mem.c ****   ram_end->prev = MEM_SIZE_ALIGNED;
 535:Middlewares/Third_Party/LwIP/src/core/mem.c ****   MEM_SANITY();
 536:Middlewares/Third_Party/LwIP/src/core/mem.c **** 
 537:Middlewares/Third_Party/LwIP/src/core/mem.c ****   /* initialize the lowest-free pointer to the start of the heap */
 538:Middlewares/Third_Party/LwIP/src/core/mem.c ****   lfree = (struct mem *)(void *)ram;
 539:Middlewares/Third_Party/LwIP/src/core/mem.c **** 
 540:Middlewares/Third_Party/LwIP/src/core/mem.c ****   MEM_STATS_AVAIL(avail, MEM_SIZE_ALIGNED);
 541:Middlewares/Third_Party/LwIP/src/core/mem.c **** 
 542:Middlewares/Third_Party/LwIP/src/core/mem.c ****   if (sys_mutex_new(&mem_mutex) != ERR_OK) {
 543:Middlewares/Third_Party/LwIP/src/core/mem.c ****     LWIP_ASSERT("failed to create mem_mutex", 0);
 544:Middlewares/Third_Party/LwIP/src/core/mem.c ****   }
 545:Middlewares/Third_Party/LwIP/src/core/mem.c **** }
ARM GAS  /tmp/ccwe7SmR.s 			page 12


 546:Middlewares/Third_Party/LwIP/src/core/mem.c **** 
 547:Middlewares/Third_Party/LwIP/src/core/mem.c **** /* Check if a struct mem is correctly linked.
 548:Middlewares/Third_Party/LwIP/src/core/mem.c ****  * If not, double-free is a possible reason.
 549:Middlewares/Third_Party/LwIP/src/core/mem.c ****  */
 550:Middlewares/Third_Party/LwIP/src/core/mem.c **** static int
 551:Middlewares/Third_Party/LwIP/src/core/mem.c **** mem_link_valid(struct mem *mem)
 552:Middlewares/Third_Party/LwIP/src/core/mem.c **** {
  88              		.loc 1 552 1 is_stmt 1 view -0
  89              		.cfi_startproc
  90              		@ args = 0, pretend = 0, frame = 0
  91              		@ frame_needed = 0, uses_anonymous_args = 0
  92              		.loc 1 552 1 is_stmt 0 view .LVU10
  93 0000 F8B5     		push	{r3, r4, r5, r6, r7, lr}
  94              	.LCFI0:
  95              		.cfi_def_cfa_offset 24
  96              		.cfi_offset 3, -24
  97              		.cfi_offset 4, -20
  98              		.cfi_offset 5, -16
  99              		.cfi_offset 6, -12
 100              		.cfi_offset 7, -8
 101              		.cfi_offset 14, -4
 102 0002 0446     		mov	r4, r0
 553:Middlewares/Third_Party/LwIP/src/core/mem.c ****   struct mem *nmem, *pmem;
 103              		.loc 1 553 3 is_stmt 1 view .LVU11
 554:Middlewares/Third_Party/LwIP/src/core/mem.c ****   mem_size_t rmem_idx;
 104              		.loc 1 554 3 view .LVU12
 555:Middlewares/Third_Party/LwIP/src/core/mem.c ****   rmem_idx = mem_to_ptr(mem);
 105              		.loc 1 555 3 view .LVU13
 106              		.loc 1 555 14 is_stmt 0 view .LVU14
 107 0004 FFF7FEFF 		bl	mem_to_ptr
 108              	.LVL5:
 109              		.loc 1 555 14 view .LVU15
 110 0008 0746     		mov	r7, r0
 111              	.LVL6:
 556:Middlewares/Third_Party/LwIP/src/core/mem.c ****   nmem = ptr_to_mem(mem->next);
 112              		.loc 1 556 3 is_stmt 1 view .LVU16
 113              		.loc 1 556 10 is_stmt 0 view .LVU17
 114 000a 2588     		ldrh	r5, [r4]
 115 000c 2846     		mov	r0, r5
 116 000e FFF7FEFF 		bl	ptr_to_mem
 117              	.LVL7:
 118 0012 0646     		mov	r6, r0
 119              	.LVL8:
 557:Middlewares/Third_Party/LwIP/src/core/mem.c ****   pmem = ptr_to_mem(mem->prev);
 120              		.loc 1 557 3 is_stmt 1 view .LVU18
 121              		.loc 1 557 10 is_stmt 0 view .LVU19
 122 0014 6488     		ldrh	r4, [r4, #2]
 123              	.LVL9:
 124              		.loc 1 557 10 view .LVU20
 125 0016 2046     		mov	r0, r4
 126              	.LVL10:
 127              		.loc 1 557 10 view .LVU21
 128 0018 FFF7FEFF 		bl	ptr_to_mem
 129              	.LVL11:
 558:Middlewares/Third_Party/LwIP/src/core/mem.c ****   if ((mem->next > MEM_SIZE_ALIGNED) || (mem->prev > MEM_SIZE_ALIGNED) ||
 130              		.loc 1 558 3 is_stmt 1 view .LVU22
 131              		.loc 1 558 6 is_stmt 0 view .LVU23
ARM GAS  /tmp/ccwe7SmR.s 			page 13


 132 001c B5F5A04F 		cmp	r5, #20480
 133 0020 10D8     		bhi	.L10
 134              		.loc 1 558 38 discriminator 1 view .LVU24
 135 0022 B4F5A04F 		cmp	r4, #20480
 136 0026 0FD8     		bhi	.L11
 137              		.loc 1 558 72 discriminator 2 view .LVU25
 138 0028 BC42     		cmp	r4, r7
 139 002a 02D0     		beq	.L9
 559:Middlewares/Third_Party/LwIP/src/core/mem.c ****       ((mem->prev != rmem_idx) && (pmem->next != rmem_idx)) ||
 140              		.loc 1 559 40 view .LVU26
 141 002c 0388     		ldrh	r3, [r0]
 142              		.loc 1 559 32 view .LVU27
 143 002e BB42     		cmp	r3, r7
 144 0030 0CD1     		bne	.L12
 145              	.L9:
 560:Middlewares/Third_Party/LwIP/src/core/mem.c ****       ((nmem != ram_end) && (nmem->prev != rmem_idx))) {
 146              		.loc 1 560 14 discriminator 1 view .LVU28
 147 0032 094B     		ldr	r3, .L16
 148 0034 1B68     		ldr	r3, [r3]
 559:Middlewares/Third_Party/LwIP/src/core/mem.c ****       ((mem->prev != rmem_idx) && (pmem->next != rmem_idx)) ||
 149              		.loc 1 559 61 discriminator 1 view .LVU29
 150 0036 B342     		cmp	r3, r6
 151 0038 0AD0     		beq	.L13
 152              		.loc 1 560 34 view .LVU30
 153 003a 7388     		ldrh	r3, [r6, #2]
 154              		.loc 1 560 26 view .LVU31
 155 003c BB42     		cmp	r3, r7
 156 003e 09D1     		bne	.L14
 561:Middlewares/Third_Party/LwIP/src/core/mem.c ****     return 0;
 562:Middlewares/Third_Party/LwIP/src/core/mem.c ****   }
 563:Middlewares/Third_Party/LwIP/src/core/mem.c ****   return 1;
 157              		.loc 1 563 10 view .LVU32
 158 0040 0120     		movs	r0, #1
 159              	.LVL12:
 160              		.loc 1 563 10 view .LVU33
 161 0042 00E0     		b	.L7
 162              	.LVL13:
 163              	.L10:
 561:Middlewares/Third_Party/LwIP/src/core/mem.c ****     return 0;
 164              		.loc 1 561 12 view .LVU34
 165 0044 0020     		movs	r0, #0
 166              	.LVL14:
 167              	.L7:
 564:Middlewares/Third_Party/LwIP/src/core/mem.c **** }
 168              		.loc 1 564 1 view .LVU35
 169 0046 F8BD     		pop	{r3, r4, r5, r6, r7, pc}
 170              	.LVL15:
 171              	.L11:
 561:Middlewares/Third_Party/LwIP/src/core/mem.c ****     return 0;
 172              		.loc 1 561 12 view .LVU36
 173 0048 0020     		movs	r0, #0
 174              	.LVL16:
 561:Middlewares/Third_Party/LwIP/src/core/mem.c ****     return 0;
 175              		.loc 1 561 12 view .LVU37
 176 004a FCE7     		b	.L7
 177              	.LVL17:
 178              	.L12:
ARM GAS  /tmp/ccwe7SmR.s 			page 14


 561:Middlewares/Third_Party/LwIP/src/core/mem.c ****     return 0;
 179              		.loc 1 561 12 view .LVU38
 180 004c 0020     		movs	r0, #0
 181              	.LVL18:
 561:Middlewares/Third_Party/LwIP/src/core/mem.c ****     return 0;
 182              		.loc 1 561 12 view .LVU39
 183 004e FAE7     		b	.L7
 184              	.LVL19:
 185              	.L13:
 563:Middlewares/Third_Party/LwIP/src/core/mem.c **** }
 186              		.loc 1 563 10 view .LVU40
 187 0050 0120     		movs	r0, #1
 188              	.LVL20:
 563:Middlewares/Third_Party/LwIP/src/core/mem.c **** }
 189              		.loc 1 563 10 view .LVU41
 190 0052 F8E7     		b	.L7
 191              	.LVL21:
 192              	.L14:
 561:Middlewares/Third_Party/LwIP/src/core/mem.c ****     return 0;
 193              		.loc 1 561 12 view .LVU42
 194 0054 0020     		movs	r0, #0
 195              	.LVL22:
 561:Middlewares/Third_Party/LwIP/src/core/mem.c ****     return 0;
 196              		.loc 1 561 12 view .LVU43
 197 0056 F6E7     		b	.L7
 198              	.L17:
 199              		.align	2
 200              	.L16:
 201 0058 00000000 		.word	ram_end
 202              		.cfi_endproc
 203              	.LFE170:
 205              		.section	.rodata.plug_holes.str1.4,"aMS",%progbits,1
 206              		.align	2
 207              	.LC0:
 208 0000 4D696464 		.ascii	"Middlewares/Third_Party/LwIP/src/core/mem.c\000"
 208      6C657761 
 208      7265732F 
 208      54686972 
 208      645F5061 
 209              		.align	2
 210              	.LC1:
 211 002c 706C7567 		.ascii	"plug_holes: mem >= ram\000"
 211      5F686F6C 
 211      65733A20 
 211      6D656D20 
 211      3E3D2072 
 212 0043 00       		.align	2
 213              	.LC2:
 214 0044 41737365 		.ascii	"Assertion \"%s\" failed at line %d in %s\012\000"
 214      7274696F 
 214      6E202225 
 214      73222066 
 214      61696C65 
 215              		.align	2
 216              	.LC3:
 217 006c 706C7567 		.ascii	"plug_holes: mem < ram_end\000"
 217      5F686F6C 
ARM GAS  /tmp/ccwe7SmR.s 			page 15


 217      65733A20 
 217      6D656D20 
 217      3C207261 
 218 0086 0000     		.align	2
 219              	.LC4:
 220 0088 706C7567 		.ascii	"plug_holes: mem->used == 0\000"
 220      5F686F6C 
 220      65733A20 
 220      6D656D2D 
 220      3E757365 
 221 00a3 00       		.align	2
 222              	.LC5:
 223 00a4 706C7567 		.ascii	"plug_holes: mem->next <= MEM_SIZE_ALIGNED\000"
 223      5F686F6C 
 223      65733A20 
 223      6D656D2D 
 223      3E6E6578 
 224              		.section	.text.plug_holes,"ax",%progbits
 225              		.align	1
 226              		.syntax unified
 227              		.thumb
 228              		.thumb_func
 230              	plug_holes:
 231              	.LVL23:
 232              	.LFB168:
 475:Middlewares/Third_Party/LwIP/src/core/mem.c ****   struct mem *nmem;
 233              		.loc 1 475 1 is_stmt 1 view -0
 234              		.cfi_startproc
 235              		@ args = 0, pretend = 0, frame = 0
 236              		@ frame_needed = 0, uses_anonymous_args = 0
 475:Middlewares/Third_Party/LwIP/src/core/mem.c ****   struct mem *nmem;
 237              		.loc 1 475 1 is_stmt 0 view .LVU45
 238 0000 38B5     		push	{r3, r4, r5, lr}
 239              	.LCFI1:
 240              		.cfi_def_cfa_offset 16
 241              		.cfi_offset 3, -16
 242              		.cfi_offset 4, -12
 243              		.cfi_offset 5, -8
 244              		.cfi_offset 14, -4
 245 0002 0446     		mov	r4, r0
 476:Middlewares/Third_Party/LwIP/src/core/mem.c ****   struct mem *pmem;
 246              		.loc 1 476 3 is_stmt 1 view .LVU46
 477:Middlewares/Third_Party/LwIP/src/core/mem.c **** 
 247              		.loc 1 477 3 view .LVU47
 479:Middlewares/Third_Party/LwIP/src/core/mem.c ****   LWIP_ASSERT("plug_holes: mem < ram_end", (u8_t *)mem < (u8_t *)ram_end);
 248              		.loc 1 479 3 view .LVU48
 479:Middlewares/Third_Party/LwIP/src/core/mem.c ****   LWIP_ASSERT("plug_holes: mem < ram_end", (u8_t *)mem < (u8_t *)ram_end);
 249              		.loc 1 479 3 view .LVU49
 250 0004 344B     		ldr	r3, .L34
 251 0006 1B68     		ldr	r3, [r3]
 252 0008 8342     		cmp	r3, r0
 253 000a 3ED8     		bhi	.L28
 254              	.LVL24:
 255              	.L19:
 479:Middlewares/Third_Party/LwIP/src/core/mem.c ****   LWIP_ASSERT("plug_holes: mem < ram_end", (u8_t *)mem < (u8_t *)ram_end);
 256              		.loc 1 479 3 discriminator 3 view .LVU50
 479:Middlewares/Third_Party/LwIP/src/core/mem.c ****   LWIP_ASSERT("plug_holes: mem < ram_end", (u8_t *)mem < (u8_t *)ram_end);
ARM GAS  /tmp/ccwe7SmR.s 			page 16


 257              		.loc 1 479 3 discriminator 3 view .LVU51
 480:Middlewares/Third_Party/LwIP/src/core/mem.c ****   LWIP_ASSERT("plug_holes: mem->used == 0", mem->used == 0);
 258              		.loc 1 480 3 discriminator 3 view .LVU52
 480:Middlewares/Third_Party/LwIP/src/core/mem.c ****   LWIP_ASSERT("plug_holes: mem->used == 0", mem->used == 0);
 259              		.loc 1 480 3 discriminator 3 view .LVU53
 260 000c 334B     		ldr	r3, .L34+4
 261 000e 1B68     		ldr	r3, [r3]
 262 0010 A342     		cmp	r3, r4
 263 0012 42D9     		bls	.L29
 264              	.L20:
 480:Middlewares/Third_Party/LwIP/src/core/mem.c ****   LWIP_ASSERT("plug_holes: mem->used == 0", mem->used == 0);
 265              		.loc 1 480 3 discriminator 3 view .LVU54
 480:Middlewares/Third_Party/LwIP/src/core/mem.c ****   LWIP_ASSERT("plug_holes: mem->used == 0", mem->used == 0);
 266              		.loc 1 480 3 discriminator 3 view .LVU55
 481:Middlewares/Third_Party/LwIP/src/core/mem.c **** 
 267              		.loc 1 481 3 discriminator 3 view .LVU56
 481:Middlewares/Third_Party/LwIP/src/core/mem.c **** 
 268              		.loc 1 481 3 discriminator 3 view .LVU57
 269 0014 2379     		ldrb	r3, [r4, #4]	@ zero_extendqisi2
 270 0016 002B     		cmp	r3, #0
 271 0018 47D1     		bne	.L30
 272              	.L21:
 481:Middlewares/Third_Party/LwIP/src/core/mem.c **** 
 273              		.loc 1 481 3 discriminator 3 view .LVU58
 481:Middlewares/Third_Party/LwIP/src/core/mem.c **** 
 274              		.loc 1 481 3 discriminator 3 view .LVU59
 484:Middlewares/Third_Party/LwIP/src/core/mem.c **** 
 275              		.loc 1 484 3 discriminator 3 view .LVU60
 484:Middlewares/Third_Party/LwIP/src/core/mem.c **** 
 276              		.loc 1 484 3 discriminator 3 view .LVU61
 277 001a 2388     		ldrh	r3, [r4]
 278 001c B3F5A04F 		cmp	r3, #20480
 279 0020 4BD8     		bhi	.L31
 280              	.L22:
 484:Middlewares/Third_Party/LwIP/src/core/mem.c **** 
 281              		.loc 1 484 3 discriminator 3 view .LVU62
 484:Middlewares/Third_Party/LwIP/src/core/mem.c **** 
 282              		.loc 1 484 3 discriminator 3 view .LVU63
 486:Middlewares/Third_Party/LwIP/src/core/mem.c ****   if (mem != nmem && nmem->used == 0 && (u8_t *)nmem != (u8_t *)ram_end) {
 283              		.loc 1 486 3 discriminator 3 view .LVU64
 486:Middlewares/Third_Party/LwIP/src/core/mem.c ****   if (mem != nmem && nmem->used == 0 && (u8_t *)nmem != (u8_t *)ram_end) {
 284              		.loc 1 486 10 is_stmt 0 discriminator 3 view .LVU65
 285 0022 2088     		ldrh	r0, [r4]
 286 0024 FFF7FEFF 		bl	ptr_to_mem
 287              	.LVL25:
 487:Middlewares/Third_Party/LwIP/src/core/mem.c ****     /* if mem->next is unused and not end of ram, combine mem and mem->next */
 288              		.loc 1 487 3 is_stmt 1 discriminator 3 view .LVU66
 487:Middlewares/Third_Party/LwIP/src/core/mem.c ****     /* if mem->next is unused and not end of ram, combine mem and mem->next */
 289              		.loc 1 487 6 is_stmt 0 discriminator 3 view .LVU67
 290 0028 8442     		cmp	r4, r0
 291 002a 15D0     		beq	.L23
 487:Middlewares/Third_Party/LwIP/src/core/mem.c ****     /* if mem->next is unused and not end of ram, combine mem and mem->next */
 292              		.loc 1 487 26 discriminator 1 view .LVU68
 293 002c 0379     		ldrb	r3, [r0, #4]	@ zero_extendqisi2
 487:Middlewares/Third_Party/LwIP/src/core/mem.c ****     /* if mem->next is unused and not end of ram, combine mem and mem->next */
 294              		.loc 1 487 19 discriminator 1 view .LVU69
 295 002e 9BB9     		cbnz	r3, .L23
ARM GAS  /tmp/ccwe7SmR.s 			page 17


 487:Middlewares/Third_Party/LwIP/src/core/mem.c ****     /* if mem->next is unused and not end of ram, combine mem and mem->next */
 296              		.loc 1 487 57 discriminator 2 view .LVU70
 297 0030 2A4B     		ldr	r3, .L34+4
 298 0032 1B68     		ldr	r3, [r3]
 487:Middlewares/Third_Party/LwIP/src/core/mem.c ****     /* if mem->next is unused and not end of ram, combine mem and mem->next */
 299              		.loc 1 487 38 discriminator 2 view .LVU71
 300 0034 8342     		cmp	r3, r0
 301 0036 0FD0     		beq	.L23
 489:Middlewares/Third_Party/LwIP/src/core/mem.c ****       lfree = mem;
 302              		.loc 1 489 5 is_stmt 1 view .LVU72
 489:Middlewares/Third_Party/LwIP/src/core/mem.c ****       lfree = mem;
 303              		.loc 1 489 15 is_stmt 0 view .LVU73
 304 0038 294B     		ldr	r3, .L34+8
 305 003a 1B68     		ldr	r3, [r3]
 489:Middlewares/Third_Party/LwIP/src/core/mem.c ****       lfree = mem;
 306              		.loc 1 489 8 view .LVU74
 307 003c 8342     		cmp	r3, r0
 308 003e 44D0     		beq	.L32
 309              	.L24:
 492:Middlewares/Third_Party/LwIP/src/core/mem.c ****     if (nmem->next != MEM_SIZE_ALIGNED) {
 310              		.loc 1 492 5 is_stmt 1 view .LVU75
 492:Middlewares/Third_Party/LwIP/src/core/mem.c ****     if (nmem->next != MEM_SIZE_ALIGNED) {
 311              		.loc 1 492 21 is_stmt 0 view .LVU76
 312 0040 0088     		ldrh	r0, [r0]
 313              	.LVL26:
 492:Middlewares/Third_Party/LwIP/src/core/mem.c ****     if (nmem->next != MEM_SIZE_ALIGNED) {
 314              		.loc 1 492 15 view .LVU77
 315 0042 2080     		strh	r0, [r4]	@ movhi
 493:Middlewares/Third_Party/LwIP/src/core/mem.c ****       ptr_to_mem(nmem->next)->prev = mem_to_ptr(mem);
 316              		.loc 1 493 5 is_stmt 1 view .LVU78
 493:Middlewares/Third_Party/LwIP/src/core/mem.c ****       ptr_to_mem(nmem->next)->prev = mem_to_ptr(mem);
 317              		.loc 1 493 8 is_stmt 0 view .LVU79
 318 0044 B0F5A04F 		cmp	r0, #20480
 319 0048 06D0     		beq	.L23
 494:Middlewares/Third_Party/LwIP/src/core/mem.c ****     }
 320              		.loc 1 494 7 is_stmt 1 view .LVU80
 321 004a FFF7FEFF 		bl	ptr_to_mem
 322              	.LVL27:
 323 004e 0546     		mov	r5, r0
 494:Middlewares/Third_Party/LwIP/src/core/mem.c ****     }
 324              		.loc 1 494 38 is_stmt 0 view .LVU81
 325 0050 2046     		mov	r0, r4
 326 0052 FFF7FEFF 		bl	mem_to_ptr
 327              	.LVL28:
 494:Middlewares/Third_Party/LwIP/src/core/mem.c ****     }
 328              		.loc 1 494 36 view .LVU82
 329 0056 6880     		strh	r0, [r5, #2]	@ movhi
 330              	.L23:
 499:Middlewares/Third_Party/LwIP/src/core/mem.c ****   if (pmem != mem && pmem->used == 0) {
 331              		.loc 1 499 3 is_stmt 1 view .LVU83
 499:Middlewares/Third_Party/LwIP/src/core/mem.c ****   if (pmem != mem && pmem->used == 0) {
 332              		.loc 1 499 10 is_stmt 0 view .LVU84
 333 0058 6088     		ldrh	r0, [r4, #2]
 334 005a FFF7FEFF 		bl	ptr_to_mem
 335              	.LVL29:
 336 005e 0546     		mov	r5, r0
 337              	.LVL30:
ARM GAS  /tmp/ccwe7SmR.s 			page 18


 500:Middlewares/Third_Party/LwIP/src/core/mem.c ****     /* if mem->prev is unused, combine mem and mem->prev */
 338              		.loc 1 500 3 is_stmt 1 view .LVU85
 500:Middlewares/Third_Party/LwIP/src/core/mem.c ****     /* if mem->prev is unused, combine mem and mem->prev */
 339              		.loc 1 500 6 is_stmt 0 view .LVU86
 340 0060 8442     		cmp	r4, r0
 341 0062 11D0     		beq	.L18
 500:Middlewares/Third_Party/LwIP/src/core/mem.c ****     /* if mem->prev is unused, combine mem and mem->prev */
 342              		.loc 1 500 26 discriminator 1 view .LVU87
 343 0064 0379     		ldrb	r3, [r0, #4]	@ zero_extendqisi2
 500:Middlewares/Third_Party/LwIP/src/core/mem.c ****     /* if mem->prev is unused, combine mem and mem->prev */
 344              		.loc 1 500 19 discriminator 1 view .LVU88
 345 0066 7BB9     		cbnz	r3, .L18
 502:Middlewares/Third_Party/LwIP/src/core/mem.c ****       lfree = pmem;
 346              		.loc 1 502 5 is_stmt 1 view .LVU89
 502:Middlewares/Third_Party/LwIP/src/core/mem.c ****       lfree = pmem;
 347              		.loc 1 502 15 is_stmt 0 view .LVU90
 348 0068 1D4B     		ldr	r3, .L34+8
 349 006a 1B68     		ldr	r3, [r3]
 502:Middlewares/Third_Party/LwIP/src/core/mem.c ****       lfree = pmem;
 350              		.loc 1 502 8 view .LVU91
 351 006c A342     		cmp	r3, r4
 352 006e 2FD0     		beq	.L33
 353              	.L26:
 505:Middlewares/Third_Party/LwIP/src/core/mem.c ****     if (mem->next != MEM_SIZE_ALIGNED) {
 354              		.loc 1 505 5 is_stmt 1 view .LVU92
 505:Middlewares/Third_Party/LwIP/src/core/mem.c ****     if (mem->next != MEM_SIZE_ALIGNED) {
 355              		.loc 1 505 21 is_stmt 0 view .LVU93
 356 0070 2088     		ldrh	r0, [r4]
 357              	.LVL31:
 505:Middlewares/Third_Party/LwIP/src/core/mem.c ****     if (mem->next != MEM_SIZE_ALIGNED) {
 358              		.loc 1 505 16 view .LVU94
 359 0072 2880     		strh	r0, [r5]	@ movhi
 506:Middlewares/Third_Party/LwIP/src/core/mem.c ****       ptr_to_mem(mem->next)->prev = mem_to_ptr(pmem);
 360              		.loc 1 506 5 is_stmt 1 view .LVU95
 506:Middlewares/Third_Party/LwIP/src/core/mem.c ****       ptr_to_mem(mem->next)->prev = mem_to_ptr(pmem);
 361              		.loc 1 506 8 is_stmt 0 view .LVU96
 362 0074 B0F5A04F 		cmp	r0, #20480
 363 0078 06D0     		beq	.L18
 507:Middlewares/Third_Party/LwIP/src/core/mem.c ****     }
 364              		.loc 1 507 7 is_stmt 1 view .LVU97
 365 007a FFF7FEFF 		bl	ptr_to_mem
 366              	.LVL32:
 367 007e 0446     		mov	r4, r0
 368              	.LVL33:
 507:Middlewares/Third_Party/LwIP/src/core/mem.c ****     }
 369              		.loc 1 507 37 is_stmt 0 view .LVU98
 370 0080 2846     		mov	r0, r5
 371 0082 FFF7FEFF 		bl	mem_to_ptr
 372              	.LVL34:
 507:Middlewares/Third_Party/LwIP/src/core/mem.c ****     }
 373              		.loc 1 507 35 view .LVU99
 374 0086 6080     		strh	r0, [r4, #2]	@ movhi
 375              	.L18:
 510:Middlewares/Third_Party/LwIP/src/core/mem.c **** 
 376              		.loc 1 510 1 view .LVU100
 377 0088 38BD     		pop	{r3, r4, r5, pc}
 378              	.LVL35:
ARM GAS  /tmp/ccwe7SmR.s 			page 19


 379              	.L28:
 479:Middlewares/Third_Party/LwIP/src/core/mem.c ****   LWIP_ASSERT("plug_holes: mem < ram_end", (u8_t *)mem < (u8_t *)ram_end);
 380              		.loc 1 479 3 is_stmt 1 discriminator 1 view .LVU101
 479:Middlewares/Third_Party/LwIP/src/core/mem.c ****   LWIP_ASSERT("plug_holes: mem < ram_end", (u8_t *)mem < (u8_t *)ram_end);
 381              		.loc 1 479 3 discriminator 1 view .LVU102
 382 008a 164B     		ldr	r3, .L34+12
 383 008c 40F2DF12 		movw	r2, #479
 384 0090 1549     		ldr	r1, .L34+16
 385 0092 1648     		ldr	r0, .L34+20
 386              	.LVL36:
 479:Middlewares/Third_Party/LwIP/src/core/mem.c ****   LWIP_ASSERT("plug_holes: mem < ram_end", (u8_t *)mem < (u8_t *)ram_end);
 387              		.loc 1 479 3 is_stmt 0 discriminator 1 view .LVU103
 388 0094 FFF7FEFF 		bl	printf
 389              	.LVL37:
 390 0098 B8E7     		b	.L19
 391              	.L29:
 480:Middlewares/Third_Party/LwIP/src/core/mem.c ****   LWIP_ASSERT("plug_holes: mem->used == 0", mem->used == 0);
 392              		.loc 1 480 3 is_stmt 1 discriminator 1 view .LVU104
 480:Middlewares/Third_Party/LwIP/src/core/mem.c ****   LWIP_ASSERT("plug_holes: mem->used == 0", mem->used == 0);
 393              		.loc 1 480 3 discriminator 1 view .LVU105
 394 009a 124B     		ldr	r3, .L34+12
 395 009c 4FF4F072 		mov	r2, #480
 396 00a0 1349     		ldr	r1, .L34+24
 397 00a2 1248     		ldr	r0, .L34+20
 398 00a4 FFF7FEFF 		bl	printf
 399              	.LVL38:
 400 00a8 B4E7     		b	.L20
 401              	.L30:
 481:Middlewares/Third_Party/LwIP/src/core/mem.c **** 
 402              		.loc 1 481 3 discriminator 1 view .LVU106
 481:Middlewares/Third_Party/LwIP/src/core/mem.c **** 
 403              		.loc 1 481 3 discriminator 1 view .LVU107
 404 00aa 0E4B     		ldr	r3, .L34+12
 405 00ac 40F2E112 		movw	r2, #481
 406 00b0 1049     		ldr	r1, .L34+28
 407 00b2 0E48     		ldr	r0, .L34+20
 408 00b4 FFF7FEFF 		bl	printf
 409              	.LVL39:
 410 00b8 AFE7     		b	.L21
 411              	.L31:
 484:Middlewares/Third_Party/LwIP/src/core/mem.c **** 
 412              		.loc 1 484 3 discriminator 1 view .LVU108
 484:Middlewares/Third_Party/LwIP/src/core/mem.c **** 
 413              		.loc 1 484 3 discriminator 1 view .LVU109
 414 00ba 0A4B     		ldr	r3, .L34+12
 415 00bc 4FF4F272 		mov	r2, #484
 416 00c0 0D49     		ldr	r1, .L34+32
 417 00c2 0A48     		ldr	r0, .L34+20
 418 00c4 FFF7FEFF 		bl	printf
 419              	.LVL40:
 420 00c8 ABE7     		b	.L22
 421              	.LVL41:
 422              	.L32:
 490:Middlewares/Third_Party/LwIP/src/core/mem.c ****     }
 423              		.loc 1 490 7 view .LVU110
 490:Middlewares/Third_Party/LwIP/src/core/mem.c ****     }
 424              		.loc 1 490 13 is_stmt 0 view .LVU111
ARM GAS  /tmp/ccwe7SmR.s 			page 20


 425 00ca 054B     		ldr	r3, .L34+8
 426 00cc 1C60     		str	r4, [r3]
 427 00ce B7E7     		b	.L24
 428              	.LVL42:
 429              	.L33:
 503:Middlewares/Third_Party/LwIP/src/core/mem.c ****     }
 430              		.loc 1 503 7 is_stmt 1 view .LVU112
 503:Middlewares/Third_Party/LwIP/src/core/mem.c ****     }
 431              		.loc 1 503 13 is_stmt 0 view .LVU113
 432 00d0 034B     		ldr	r3, .L34+8
 433 00d2 1860     		str	r0, [r3]
 434 00d4 CCE7     		b	.L26
 435              	.L35:
 436 00d6 00BF     		.align	2
 437              	.L34:
 438 00d8 00000000 		.word	ram
 439 00dc 00000000 		.word	ram_end
 440 00e0 00000000 		.word	lfree
 441 00e4 00000000 		.word	.LC0
 442 00e8 2C000000 		.word	.LC1
 443 00ec 44000000 		.word	.LC2
 444 00f0 6C000000 		.word	.LC3
 445 00f4 88000000 		.word	.LC4
 446 00f8 A4000000 		.word	.LC5
 447              		.cfi_endproc
 448              	.LFE168:
 450              		.section	.text.mem_init,"ax",%progbits
 451              		.align	1
 452              		.global	mem_init
 453              		.syntax unified
 454              		.thumb
 455              		.thumb_func
 457              	mem_init:
 458              	.LFB169:
 517:Middlewares/Third_Party/LwIP/src/core/mem.c ****   struct mem *mem;
 459              		.loc 1 517 1 is_stmt 1 view -0
 460              		.cfi_startproc
 461              		@ args = 0, pretend = 0, frame = 0
 462              		@ frame_needed = 0, uses_anonymous_args = 0
 463 0000 38B5     		push	{r3, r4, r5, lr}
 464              	.LCFI2:
 465              		.cfi_def_cfa_offset 16
 466              		.cfi_offset 3, -16
 467              		.cfi_offset 4, -12
 468              		.cfi_offset 5, -8
 469              		.cfi_offset 14, -4
 518:Middlewares/Third_Party/LwIP/src/core/mem.c **** 
 470              		.loc 1 518 3 view .LVU115
 520:Middlewares/Third_Party/LwIP/src/core/mem.c ****               (SIZEOF_STRUCT_MEM & (MEM_ALIGNMENT - 1)) == 0);
 471              		.loc 1 520 3 view .LVU116
 520:Middlewares/Third_Party/LwIP/src/core/mem.c ****               (SIZEOF_STRUCT_MEM & (MEM_ALIGNMENT - 1)) == 0);
 472              		.loc 1 520 3 view .LVU117
 520:Middlewares/Third_Party/LwIP/src/core/mem.c ****               (SIZEOF_STRUCT_MEM & (MEM_ALIGNMENT - 1)) == 0);
 473              		.loc 1 520 3 view .LVU118
 520:Middlewares/Third_Party/LwIP/src/core/mem.c ****               (SIZEOF_STRUCT_MEM & (MEM_ALIGNMENT - 1)) == 0);
 474              		.loc 1 520 3 view .LVU119
 524:Middlewares/Third_Party/LwIP/src/core/mem.c ****   /* initialize the start of the heap */
ARM GAS  /tmp/ccwe7SmR.s 			page 21


 475              		.loc 1 524 3 view .LVU120
 524:Middlewares/Third_Party/LwIP/src/core/mem.c ****   /* initialize the start of the heap */
 476              		.loc 1 524 17 is_stmt 0 view .LVU121
 477 0002 0B4C     		ldr	r4, .L38
 478 0004 24F00304 		bic	r4, r4, #3
 524:Middlewares/Third_Party/LwIP/src/core/mem.c ****   /* initialize the start of the heap */
 479              		.loc 1 524 7 view .LVU122
 480 0008 0A4B     		ldr	r3, .L38+4
 481 000a 1C60     		str	r4, [r3]
 526:Middlewares/Third_Party/LwIP/src/core/mem.c ****   mem->next = MEM_SIZE_ALIGNED;
 482              		.loc 1 526 3 is_stmt 1 view .LVU123
 483              	.LVL43:
 527:Middlewares/Third_Party/LwIP/src/core/mem.c ****   mem->prev = 0;
 484              		.loc 1 527 3 view .LVU124
 527:Middlewares/Third_Party/LwIP/src/core/mem.c ****   mem->prev = 0;
 485              		.loc 1 527 13 is_stmt 0 view .LVU125
 486 000c 4FF4A045 		mov	r5, #20480
 487 0010 2580     		strh	r5, [r4]	@ movhi
 528:Middlewares/Third_Party/LwIP/src/core/mem.c ****   mem->used = 0;
 488              		.loc 1 528 3 is_stmt 1 view .LVU126
 528:Middlewares/Third_Party/LwIP/src/core/mem.c ****   mem->used = 0;
 489              		.loc 1 528 13 is_stmt 0 view .LVU127
 490 0012 0023     		movs	r3, #0
 491 0014 6380     		strh	r3, [r4, #2]	@ movhi
 529:Middlewares/Third_Party/LwIP/src/core/mem.c ****   /* initialize the end of the heap */
 492              		.loc 1 529 3 is_stmt 1 view .LVU128
 529:Middlewares/Third_Party/LwIP/src/core/mem.c ****   /* initialize the end of the heap */
 493              		.loc 1 529 13 is_stmt 0 view .LVU129
 494 0016 2371     		strb	r3, [r4, #4]
 531:Middlewares/Third_Party/LwIP/src/core/mem.c ****   ram_end->used = 1;
 495              		.loc 1 531 3 is_stmt 1 view .LVU130
 531:Middlewares/Third_Party/LwIP/src/core/mem.c ****   ram_end->used = 1;
 496              		.loc 1 531 13 is_stmt 0 view .LVU131
 497 0018 2846     		mov	r0, r5
 498 001a FFF7FEFF 		bl	ptr_to_mem
 499              	.LVL44:
 531:Middlewares/Third_Party/LwIP/src/core/mem.c ****   ram_end->used = 1;
 500              		.loc 1 531 11 view .LVU132
 501 001e 064B     		ldr	r3, .L38+8
 502 0020 1860     		str	r0, [r3]
 532:Middlewares/Third_Party/LwIP/src/core/mem.c ****   ram_end->next = MEM_SIZE_ALIGNED;
 503              		.loc 1 532 3 is_stmt 1 view .LVU133
 532:Middlewares/Third_Party/LwIP/src/core/mem.c ****   ram_end->next = MEM_SIZE_ALIGNED;
 504              		.loc 1 532 17 is_stmt 0 view .LVU134
 505 0022 0123     		movs	r3, #1
 506 0024 0371     		strb	r3, [r0, #4]
 533:Middlewares/Third_Party/LwIP/src/core/mem.c ****   ram_end->prev = MEM_SIZE_ALIGNED;
 507              		.loc 1 533 3 is_stmt 1 view .LVU135
 533:Middlewares/Third_Party/LwIP/src/core/mem.c ****   ram_end->prev = MEM_SIZE_ALIGNED;
 508              		.loc 1 533 17 is_stmt 0 view .LVU136
 509 0026 0580     		strh	r5, [r0]	@ movhi
 534:Middlewares/Third_Party/LwIP/src/core/mem.c ****   MEM_SANITY();
 510              		.loc 1 534 3 is_stmt 1 view .LVU137
 534:Middlewares/Third_Party/LwIP/src/core/mem.c ****   MEM_SANITY();
 511              		.loc 1 534 17 is_stmt 0 view .LVU138
 512 0028 4580     		strh	r5, [r0, #2]	@ movhi
 535:Middlewares/Third_Party/LwIP/src/core/mem.c **** 
ARM GAS  /tmp/ccwe7SmR.s 			page 22


 513              		.loc 1 535 15 is_stmt 1 view .LVU139
 538:Middlewares/Third_Party/LwIP/src/core/mem.c **** 
 514              		.loc 1 538 3 view .LVU140
 538:Middlewares/Third_Party/LwIP/src/core/mem.c **** 
 515              		.loc 1 538 9 is_stmt 0 view .LVU141
 516 002a 044B     		ldr	r3, .L38+12
 517 002c 1C60     		str	r4, [r3]
 540:Middlewares/Third_Party/LwIP/src/core/mem.c **** 
 518              		.loc 1 540 43 is_stmt 1 view .LVU142
 542:Middlewares/Third_Party/LwIP/src/core/mem.c ****     LWIP_ASSERT("failed to create mem_mutex", 0);
 519              		.loc 1 542 3 view .LVU143
 543:Middlewares/Third_Party/LwIP/src/core/mem.c ****   }
 520              		.loc 1 543 5 view .LVU144
 543:Middlewares/Third_Party/LwIP/src/core/mem.c ****   }
 521              		.loc 1 543 5 view .LVU145
 545:Middlewares/Third_Party/LwIP/src/core/mem.c **** 
 522              		.loc 1 545 1 is_stmt 0 view .LVU146
 523 002e 38BD     		pop	{r3, r4, r5, pc}
 524              	.LVL45:
 525              	.L39:
 545:Middlewares/Third_Party/LwIP/src/core/mem.c **** 
 526              		.loc 1 545 1 view .LVU147
 527              		.align	2
 528              	.L38:
 529 0030 03000000 		.word	ram_heap+3
 530 0034 00000000 		.word	ram
 531 0038 00000000 		.word	ram_end
 532 003c 00000000 		.word	lfree
 533              		.cfi_endproc
 534              	.LFE169:
 536              		.section	.rodata.mem_free.str1.4,"aMS",%progbits,1
 537              		.align	2
 538              	.LC6:
 539 0000 6D656D5F 		.ascii	"mem_free: sanity check alignment\000"
 539      66726565 
 539      3A207361 
 539      6E697479 
 539      20636865 
 540 0021 000000   		.align	2
 541              	.LC7:
 542 0024 6D656D5F 		.ascii	"mem_free: illegal memory\000"
 542      66726565 
 542      3A20696C 
 542      6C656761 
 542      6C206D65 
 543 003d 000000   		.align	2
 544              	.LC8:
 545 0040 6D656D5F 		.ascii	"mem_free: illegal memory: double free\000"
 545      66726565 
 545      3A20696C 
 545      6C656761 
 545      6C206D65 
 546 0066 0000     		.align	2
 547              	.LC9:
 548 0068 6D656D5F 		.ascii	"mem_free: illegal memory: non-linked: double free\000"
 548      66726565 
 548      3A20696C 
ARM GAS  /tmp/ccwe7SmR.s 			page 23


 548      6C656761 
 548      6C206D65 
 549              		.section	.text.mem_free,"ax",%progbits
 550              		.align	1
 551              		.global	mem_free
 552              		.syntax unified
 553              		.thumb
 554              		.thumb_func
 556              	mem_free:
 557              	.LVL46:
 558              	.LFB171:
 565:Middlewares/Third_Party/LwIP/src/core/mem.c **** 
 566:Middlewares/Third_Party/LwIP/src/core/mem.c **** #if MEM_SANITY_CHECK
 567:Middlewares/Third_Party/LwIP/src/core/mem.c **** static void
 568:Middlewares/Third_Party/LwIP/src/core/mem.c **** mem_sanity(void)
 569:Middlewares/Third_Party/LwIP/src/core/mem.c **** {
 570:Middlewares/Third_Party/LwIP/src/core/mem.c ****   struct mem *mem;
 571:Middlewares/Third_Party/LwIP/src/core/mem.c ****   u8_t last_used;
 572:Middlewares/Third_Party/LwIP/src/core/mem.c **** 
 573:Middlewares/Third_Party/LwIP/src/core/mem.c ****   /* begin with first element here */
 574:Middlewares/Third_Party/LwIP/src/core/mem.c ****   mem = (struct mem *)ram;
 575:Middlewares/Third_Party/LwIP/src/core/mem.c ****   LWIP_ASSERT("heap element used valid", (mem->used == 0) || (mem->used == 1));
 576:Middlewares/Third_Party/LwIP/src/core/mem.c ****   last_used = mem->used;
 577:Middlewares/Third_Party/LwIP/src/core/mem.c ****   LWIP_ASSERT("heap element prev ptr valid", mem->prev == 0);
 578:Middlewares/Third_Party/LwIP/src/core/mem.c ****   LWIP_ASSERT("heap element next ptr valid", mem->next <= MEM_SIZE_ALIGNED);
 579:Middlewares/Third_Party/LwIP/src/core/mem.c ****   LWIP_ASSERT("heap element next ptr aligned", LWIP_MEM_ALIGN(ptr_to_mem(mem->next) == ptr_to_mem(m
 580:Middlewares/Third_Party/LwIP/src/core/mem.c **** 
 581:Middlewares/Third_Party/LwIP/src/core/mem.c ****   /* check all elements before the end of the heap */
 582:Middlewares/Third_Party/LwIP/src/core/mem.c ****   for (mem = ptr_to_mem(mem->next);
 583:Middlewares/Third_Party/LwIP/src/core/mem.c ****        ((u8_t *)mem > ram) && (mem < ram_end);
 584:Middlewares/Third_Party/LwIP/src/core/mem.c ****        mem = ptr_to_mem(mem->next)) {
 585:Middlewares/Third_Party/LwIP/src/core/mem.c ****     LWIP_ASSERT("heap element aligned", LWIP_MEM_ALIGN(mem) == mem);
 586:Middlewares/Third_Party/LwIP/src/core/mem.c ****     LWIP_ASSERT("heap element prev ptr valid", mem->prev <= MEM_SIZE_ALIGNED);
 587:Middlewares/Third_Party/LwIP/src/core/mem.c ****     LWIP_ASSERT("heap element next ptr valid", mem->next <= MEM_SIZE_ALIGNED);
 588:Middlewares/Third_Party/LwIP/src/core/mem.c ****     LWIP_ASSERT("heap element prev ptr aligned", LWIP_MEM_ALIGN(ptr_to_mem(mem->prev) == ptr_to_mem
 589:Middlewares/Third_Party/LwIP/src/core/mem.c ****     LWIP_ASSERT("heap element next ptr aligned", LWIP_MEM_ALIGN(ptr_to_mem(mem->next) == ptr_to_mem
 590:Middlewares/Third_Party/LwIP/src/core/mem.c **** 
 591:Middlewares/Third_Party/LwIP/src/core/mem.c ****     if (last_used == 0) {
 592:Middlewares/Third_Party/LwIP/src/core/mem.c ****       /* 2 unused elements in a row? */
 593:Middlewares/Third_Party/LwIP/src/core/mem.c ****       LWIP_ASSERT("heap element unused?", mem->used == 1);
 594:Middlewares/Third_Party/LwIP/src/core/mem.c ****     } else {
 595:Middlewares/Third_Party/LwIP/src/core/mem.c ****       LWIP_ASSERT("heap element unused member", (mem->used == 0) || (mem->used == 1));
 596:Middlewares/Third_Party/LwIP/src/core/mem.c ****     }
 597:Middlewares/Third_Party/LwIP/src/core/mem.c **** 
 598:Middlewares/Third_Party/LwIP/src/core/mem.c ****     LWIP_ASSERT("heap element link valid", mem_link_valid(mem));
 599:Middlewares/Third_Party/LwIP/src/core/mem.c **** 
 600:Middlewares/Third_Party/LwIP/src/core/mem.c ****     /* used/unused altering */
 601:Middlewares/Third_Party/LwIP/src/core/mem.c ****     last_used = mem->used;
 602:Middlewares/Third_Party/LwIP/src/core/mem.c ****   }
 603:Middlewares/Third_Party/LwIP/src/core/mem.c ****   LWIP_ASSERT("heap end ptr sanity", mem == ptr_to_mem(MEM_SIZE_ALIGNED));
 604:Middlewares/Third_Party/LwIP/src/core/mem.c ****   LWIP_ASSERT("heap element used valid", mem->used == 1);
 605:Middlewares/Third_Party/LwIP/src/core/mem.c ****   LWIP_ASSERT("heap element prev ptr valid", mem->prev == MEM_SIZE_ALIGNED);
 606:Middlewares/Third_Party/LwIP/src/core/mem.c ****   LWIP_ASSERT("heap element next ptr valid", mem->next == MEM_SIZE_ALIGNED);
 607:Middlewares/Third_Party/LwIP/src/core/mem.c **** }
 608:Middlewares/Third_Party/LwIP/src/core/mem.c **** #endif /* MEM_SANITY_CHECK */
 609:Middlewares/Third_Party/LwIP/src/core/mem.c **** 
 610:Middlewares/Third_Party/LwIP/src/core/mem.c **** /**
ARM GAS  /tmp/ccwe7SmR.s 			page 24


 611:Middlewares/Third_Party/LwIP/src/core/mem.c ****  * Put a struct mem back on the heap
 612:Middlewares/Third_Party/LwIP/src/core/mem.c ****  *
 613:Middlewares/Third_Party/LwIP/src/core/mem.c ****  * @param rmem is the data portion of a struct mem as returned by a previous
 614:Middlewares/Third_Party/LwIP/src/core/mem.c ****  *             call to mem_malloc()
 615:Middlewares/Third_Party/LwIP/src/core/mem.c ****  */
 616:Middlewares/Third_Party/LwIP/src/core/mem.c **** void
 617:Middlewares/Third_Party/LwIP/src/core/mem.c **** mem_free(void *rmem)
 618:Middlewares/Third_Party/LwIP/src/core/mem.c **** {
 559              		.loc 1 618 1 is_stmt 1 view -0
 560              		.cfi_startproc
 561              		@ args = 0, pretend = 0, frame = 0
 562              		@ frame_needed = 0, uses_anonymous_args = 0
 619:Middlewares/Third_Party/LwIP/src/core/mem.c ****   struct mem *mem;
 563              		.loc 1 619 3 view .LVU149
 620:Middlewares/Third_Party/LwIP/src/core/mem.c ****   LWIP_MEM_FREE_DECL_PROTECT();
 564              		.loc 1 620 31 view .LVU150
 621:Middlewares/Third_Party/LwIP/src/core/mem.c **** 
 622:Middlewares/Third_Party/LwIP/src/core/mem.c ****   if (rmem == NULL) {
 565              		.loc 1 622 3 view .LVU151
 566              		.loc 1 622 6 is_stmt 0 view .LVU152
 567 0000 0028     		cmp	r0, #0
 568 0002 44D0     		beq	.L49
 618:Middlewares/Third_Party/LwIP/src/core/mem.c ****   struct mem *mem;
 569              		.loc 1 618 1 view .LVU153
 570 0004 38B5     		push	{r3, r4, r5, lr}
 571              	.LCFI3:
 572              		.cfi_def_cfa_offset 16
 573              		.cfi_offset 3, -16
 574              		.cfi_offset 4, -12
 575              		.cfi_offset 5, -8
 576              		.cfi_offset 14, -4
 577 0006 0446     		mov	r4, r0
 623:Middlewares/Third_Party/LwIP/src/core/mem.c ****     LWIP_DEBUGF(MEM_DEBUG | LWIP_DBG_TRACE | LWIP_DBG_LEVEL_SERIOUS, ("mem_free(p == NULL) was call
 624:Middlewares/Third_Party/LwIP/src/core/mem.c ****     return;
 625:Middlewares/Third_Party/LwIP/src/core/mem.c ****   }
 626:Middlewares/Third_Party/LwIP/src/core/mem.c ****   if ((((mem_ptr_t)rmem) & (MEM_ALIGNMENT - 1)) != 0) {
 578              		.loc 1 626 3 is_stmt 1 view .LVU154
 579              		.loc 1 626 6 is_stmt 0 view .LVU155
 580 0008 10F0030F 		tst	r0, #3
 581 000c 1FD1     		bne	.L52
 627:Middlewares/Third_Party/LwIP/src/core/mem.c ****     LWIP_MEM_ILLEGAL_FREE("mem_free: sanity check alignment");
 628:Middlewares/Third_Party/LwIP/src/core/mem.c ****     LWIP_DEBUGF(MEM_DEBUG | LWIP_DBG_LEVEL_SEVERE, ("mem_free: sanity check alignment\n"));
 629:Middlewares/Third_Party/LwIP/src/core/mem.c ****     /* protect mem stats from concurrent access */
 630:Middlewares/Third_Party/LwIP/src/core/mem.c ****     MEM_STATS_INC_LOCKED(illegal);
 631:Middlewares/Third_Party/LwIP/src/core/mem.c ****     return;
 632:Middlewares/Third_Party/LwIP/src/core/mem.c ****   }
 633:Middlewares/Third_Party/LwIP/src/core/mem.c **** 
 634:Middlewares/Third_Party/LwIP/src/core/mem.c ****   /* Get the corresponding struct mem: */
 635:Middlewares/Third_Party/LwIP/src/core/mem.c ****   /* cast through void* to get rid of alignment warnings */
 636:Middlewares/Third_Party/LwIP/src/core/mem.c ****   mem = (struct mem *)(void *)((u8_t *)rmem - (SIZEOF_STRUCT_MEM + MEM_SANITY_OFFSET));
 582              		.loc 1 636 3 is_stmt 1 view .LVU156
 583              		.loc 1 636 7 is_stmt 0 view .LVU157
 584 000e A0F10805 		sub	r5, r0, #8
 585              	.LVL47:
 637:Middlewares/Third_Party/LwIP/src/core/mem.c **** 
 638:Middlewares/Third_Party/LwIP/src/core/mem.c ****   if ((u8_t *)mem < ram || (u8_t *)rmem + MIN_SIZE_ALIGNED > (u8_t *)ram_end) {
 586              		.loc 1 638 3 is_stmt 1 view .LVU158
ARM GAS  /tmp/ccwe7SmR.s 			page 25


 587              		.loc 1 638 19 is_stmt 0 view .LVU159
 588 0012 1F4B     		ldr	r3, .L55
 589 0014 1B68     		ldr	r3, [r3]
 590              		.loc 1 638 6 view .LVU160
 591 0016 AB42     		cmp	r3, r5
 592 0018 21D8     		bhi	.L43
 593              		.loc 1 638 41 discriminator 1 view .LVU161
 594 001a 00F10C03 		add	r3, r0, #12
 595              		.loc 1 638 62 discriminator 1 view .LVU162
 596 001e 1D4A     		ldr	r2, .L55+4
 597 0020 1268     		ldr	r2, [r2]
 598              		.loc 1 638 25 discriminator 1 view .LVU163
 599 0022 9342     		cmp	r3, r2
 600 0024 1BD8     		bhi	.L43
 639:Middlewares/Third_Party/LwIP/src/core/mem.c ****     LWIP_MEM_ILLEGAL_FREE("mem_free: illegal memory");
 640:Middlewares/Third_Party/LwIP/src/core/mem.c ****     LWIP_DEBUGF(MEM_DEBUG | LWIP_DBG_LEVEL_SEVERE, ("mem_free: illegal memory\n"));
 641:Middlewares/Third_Party/LwIP/src/core/mem.c ****     /* protect mem stats from concurrent access */
 642:Middlewares/Third_Party/LwIP/src/core/mem.c ****     MEM_STATS_INC_LOCKED(illegal);
 643:Middlewares/Third_Party/LwIP/src/core/mem.c ****     return;
 644:Middlewares/Third_Party/LwIP/src/core/mem.c ****   }
 645:Middlewares/Third_Party/LwIP/src/core/mem.c **** #if MEM_OVERFLOW_CHECK
 646:Middlewares/Third_Party/LwIP/src/core/mem.c ****   mem_overflow_check_element(mem);
 647:Middlewares/Third_Party/LwIP/src/core/mem.c **** #endif
 648:Middlewares/Third_Party/LwIP/src/core/mem.c ****   /* protect the heap from concurrent access */
 649:Middlewares/Third_Party/LwIP/src/core/mem.c ****   LWIP_MEM_FREE_PROTECT();
 601              		.loc 1 649 26 is_stmt 1 view .LVU164
 650:Middlewares/Third_Party/LwIP/src/core/mem.c ****   /* mem has to be in a used state */
 651:Middlewares/Third_Party/LwIP/src/core/mem.c ****   if (!mem->used) {
 602              		.loc 1 651 3 view .LVU165
 603              		.loc 1 651 11 is_stmt 0 view .LVU166
 604 0026 10F8043C 		ldrb	r3, [r0, #-4]	@ zero_extendqisi2
 605              		.loc 1 651 6 view .LVU167
 606 002a 03B3     		cbz	r3, .L53
 652:Middlewares/Third_Party/LwIP/src/core/mem.c ****     LWIP_MEM_ILLEGAL_FREE("mem_free: illegal memory: double free");
 653:Middlewares/Third_Party/LwIP/src/core/mem.c ****     LWIP_MEM_FREE_UNPROTECT();
 654:Middlewares/Third_Party/LwIP/src/core/mem.c ****     LWIP_DEBUGF(MEM_DEBUG | LWIP_DBG_LEVEL_SEVERE, ("mem_free: illegal memory: double free?\n"));
 655:Middlewares/Third_Party/LwIP/src/core/mem.c ****     /* protect mem stats from concurrent access */
 656:Middlewares/Third_Party/LwIP/src/core/mem.c ****     MEM_STATS_INC_LOCKED(illegal);
 657:Middlewares/Third_Party/LwIP/src/core/mem.c ****     return;
 658:Middlewares/Third_Party/LwIP/src/core/mem.c ****   }
 659:Middlewares/Third_Party/LwIP/src/core/mem.c **** 
 660:Middlewares/Third_Party/LwIP/src/core/mem.c ****   if (!mem_link_valid(mem)) {
 607              		.loc 1 660 3 is_stmt 1 view .LVU168
 608              		.loc 1 660 8 is_stmt 0 view .LVU169
 609 002c 2846     		mov	r0, r5
 610              	.LVL48:
 611              		.loc 1 660 8 view .LVU170
 612 002e FFF7FEFF 		bl	mem_link_valid
 613              	.LVL49:
 614              		.loc 1 660 6 view .LVU171
 615 0032 20B3     		cbz	r0, .L54
 661:Middlewares/Third_Party/LwIP/src/core/mem.c ****     LWIP_MEM_ILLEGAL_FREE("mem_free: illegal memory: non-linked: double free");
 662:Middlewares/Third_Party/LwIP/src/core/mem.c ****     LWIP_MEM_FREE_UNPROTECT();
 663:Middlewares/Third_Party/LwIP/src/core/mem.c ****     LWIP_DEBUGF(MEM_DEBUG | LWIP_DBG_LEVEL_SEVERE, ("mem_free: illegal memory: non-linked: double f
 664:Middlewares/Third_Party/LwIP/src/core/mem.c ****     /* protect mem stats from concurrent access */
 665:Middlewares/Third_Party/LwIP/src/core/mem.c ****     MEM_STATS_INC_LOCKED(illegal);
 666:Middlewares/Third_Party/LwIP/src/core/mem.c ****     return;
ARM GAS  /tmp/ccwe7SmR.s 			page 26


 667:Middlewares/Third_Party/LwIP/src/core/mem.c ****   }
 668:Middlewares/Third_Party/LwIP/src/core/mem.c **** 
 669:Middlewares/Third_Party/LwIP/src/core/mem.c ****   /* mem is now unused. */
 670:Middlewares/Third_Party/LwIP/src/core/mem.c ****   mem->used = 0;
 616              		.loc 1 670 3 is_stmt 1 view .LVU172
 617              		.loc 1 670 13 is_stmt 0 view .LVU173
 618 0034 0023     		movs	r3, #0
 619 0036 04F8043C 		strb	r3, [r4, #-4]
 671:Middlewares/Third_Party/LwIP/src/core/mem.c **** 
 672:Middlewares/Third_Party/LwIP/src/core/mem.c ****   if (mem < lfree) {
 620              		.loc 1 672 3 is_stmt 1 view .LVU174
 621              		.loc 1 672 11 is_stmt 0 view .LVU175
 622 003a 174B     		ldr	r3, .L55+8
 623 003c 1B68     		ldr	r3, [r3]
 624              		.loc 1 672 6 view .LVU176
 625 003e AB42     		cmp	r3, r5
 626 0040 01D9     		bls	.L47
 673:Middlewares/Third_Party/LwIP/src/core/mem.c ****     /* the newly freed struct is now the lowest */
 674:Middlewares/Third_Party/LwIP/src/core/mem.c ****     lfree = mem;
 627              		.loc 1 674 5 is_stmt 1 view .LVU177
 628              		.loc 1 674 11 is_stmt 0 view .LVU178
 629 0042 154B     		ldr	r3, .L55+8
 630 0044 1D60     		str	r5, [r3]
 631              	.L47:
 675:Middlewares/Third_Party/LwIP/src/core/mem.c ****   }
 676:Middlewares/Third_Party/LwIP/src/core/mem.c **** 
 677:Middlewares/Third_Party/LwIP/src/core/mem.c ****   MEM_STATS_DEC_USED(used, mem->next - (mem_size_t)(((u8_t *)mem - ram)));
 632              		.loc 1 677 74 is_stmt 1 view .LVU179
 678:Middlewares/Third_Party/LwIP/src/core/mem.c **** 
 679:Middlewares/Third_Party/LwIP/src/core/mem.c ****   /* finally, see if prev or next are free also */
 680:Middlewares/Third_Party/LwIP/src/core/mem.c ****   plug_holes(mem);
 633              		.loc 1 680 3 view .LVU180
 634 0046 2846     		mov	r0, r5
 635 0048 FFF7FEFF 		bl	plug_holes
 636              	.LVL50:
 681:Middlewares/Third_Party/LwIP/src/core/mem.c ****   MEM_SANITY();
 637              		.loc 1 681 15 view .LVU181
 682:Middlewares/Third_Party/LwIP/src/core/mem.c **** #if LWIP_ALLOW_MEM_FREE_FROM_OTHER_CONTEXT
 683:Middlewares/Third_Party/LwIP/src/core/mem.c ****   mem_free_count = 1;
 684:Middlewares/Third_Party/LwIP/src/core/mem.c **** #endif /* LWIP_ALLOW_MEM_FREE_FROM_OTHER_CONTEXT */
 685:Middlewares/Third_Party/LwIP/src/core/mem.c ****   LWIP_MEM_FREE_UNPROTECT();
 638              		.loc 1 685 28 view .LVU182
 639 004c 0EE0     		b	.L40
 640              	.LVL51:
 641              	.L52:
 627:Middlewares/Third_Party/LwIP/src/core/mem.c ****     LWIP_DEBUGF(MEM_DEBUG | LWIP_DBG_LEVEL_SEVERE, ("mem_free: sanity check alignment\n"));
 642              		.loc 1 627 5 discriminator 1 view .LVU183
 627:Middlewares/Third_Party/LwIP/src/core/mem.c ****     LWIP_DEBUGF(MEM_DEBUG | LWIP_DBG_LEVEL_SEVERE, ("mem_free: sanity check alignment\n"));
 643              		.loc 1 627 5 discriminator 1 view .LVU184
 627:Middlewares/Third_Party/LwIP/src/core/mem.c ****     LWIP_DEBUGF(MEM_DEBUG | LWIP_DBG_LEVEL_SEVERE, ("mem_free: sanity check alignment\n"));
 644              		.loc 1 627 5 discriminator 1 view .LVU185
 627:Middlewares/Third_Party/LwIP/src/core/mem.c ****     LWIP_DEBUGF(MEM_DEBUG | LWIP_DBG_LEVEL_SEVERE, ("mem_free: sanity check alignment\n"));
 645              		.loc 1 627 5 discriminator 1 view .LVU186
 646 004e 134B     		ldr	r3, .L55+12
 647 0050 40F27322 		movw	r2, #627
 648 0054 1249     		ldr	r1, .L55+16
 649 0056 1348     		ldr	r0, .L55+20
ARM GAS  /tmp/ccwe7SmR.s 			page 27


 650              	.LVL52:
 627:Middlewares/Third_Party/LwIP/src/core/mem.c ****     LWIP_DEBUGF(MEM_DEBUG | LWIP_DBG_LEVEL_SEVERE, ("mem_free: sanity check alignment\n"));
 651              		.loc 1 627 5 is_stmt 0 discriminator 1 view .LVU187
 652 0058 FFF7FEFF 		bl	printf
 653              	.LVL53:
 627:Middlewares/Third_Party/LwIP/src/core/mem.c ****     LWIP_DEBUGF(MEM_DEBUG | LWIP_DBG_LEVEL_SEVERE, ("mem_free: sanity check alignment\n"));
 654              		.loc 1 627 5 is_stmt 1 discriminator 1 view .LVU188
 627:Middlewares/Third_Party/LwIP/src/core/mem.c ****     LWIP_DEBUGF(MEM_DEBUG | LWIP_DBG_LEVEL_SEVERE, ("mem_free: sanity check alignment\n"));
 655              		.loc 1 627 5 discriminator 1 view .LVU189
 628:Middlewares/Third_Party/LwIP/src/core/mem.c ****     /* protect mem stats from concurrent access */
 656              		.loc 1 628 91 discriminator 1 view .LVU190
 630:Middlewares/Third_Party/LwIP/src/core/mem.c ****     return;
 657              		.loc 1 630 5 discriminator 1 view .LVU191
 630:Middlewares/Third_Party/LwIP/src/core/mem.c ****     return;
 658              		.loc 1 630 5 discriminator 1 view .LVU192
 631:Middlewares/Third_Party/LwIP/src/core/mem.c ****   }
 659              		.loc 1 631 5 discriminator 1 view .LVU193
 660 005c 06E0     		b	.L40
 661              	.LVL54:
 662              	.L43:
 639:Middlewares/Third_Party/LwIP/src/core/mem.c ****     LWIP_DEBUGF(MEM_DEBUG | LWIP_DBG_LEVEL_SEVERE, ("mem_free: illegal memory\n"));
 663              		.loc 1 639 5 discriminator 1 view .LVU194
 639:Middlewares/Third_Party/LwIP/src/core/mem.c ****     LWIP_DEBUGF(MEM_DEBUG | LWIP_DBG_LEVEL_SEVERE, ("mem_free: illegal memory\n"));
 664              		.loc 1 639 5 discriminator 1 view .LVU195
 639:Middlewares/Third_Party/LwIP/src/core/mem.c ****     LWIP_DEBUGF(MEM_DEBUG | LWIP_DBG_LEVEL_SEVERE, ("mem_free: illegal memory\n"));
 665              		.loc 1 639 5 discriminator 1 view .LVU196
 639:Middlewares/Third_Party/LwIP/src/core/mem.c ****     LWIP_DEBUGF(MEM_DEBUG | LWIP_DBG_LEVEL_SEVERE, ("mem_free: illegal memory\n"));
 666              		.loc 1 639 5 discriminator 1 view .LVU197
 667 005e 0F4B     		ldr	r3, .L55+12
 668 0060 40F27F22 		movw	r2, #639
 669 0064 1049     		ldr	r1, .L55+24
 670 0066 0F48     		ldr	r0, .L55+20
 671              	.LVL55:
 639:Middlewares/Third_Party/LwIP/src/core/mem.c ****     LWIP_DEBUGF(MEM_DEBUG | LWIP_DBG_LEVEL_SEVERE, ("mem_free: illegal memory\n"));
 672              		.loc 1 639 5 is_stmt 0 discriminator 1 view .LVU198
 673 0068 FFF7FEFF 		bl	printf
 674              	.LVL56:
 639:Middlewares/Third_Party/LwIP/src/core/mem.c ****     LWIP_DEBUGF(MEM_DEBUG | LWIP_DBG_LEVEL_SEVERE, ("mem_free: illegal memory\n"));
 675              		.loc 1 639 5 is_stmt 1 discriminator 1 view .LVU199
 639:Middlewares/Third_Party/LwIP/src/core/mem.c ****     LWIP_DEBUGF(MEM_DEBUG | LWIP_DBG_LEVEL_SEVERE, ("mem_free: illegal memory\n"));
 676              		.loc 1 639 5 discriminator 1 view .LVU200
 640:Middlewares/Third_Party/LwIP/src/core/mem.c ****     /* protect mem stats from concurrent access */
 677              		.loc 1 640 83 discriminator 1 view .LVU201
 642:Middlewares/Third_Party/LwIP/src/core/mem.c ****     return;
 678              		.loc 1 642 5 discriminator 1 view .LVU202
 642:Middlewares/Third_Party/LwIP/src/core/mem.c ****     return;
 679              		.loc 1 642 5 discriminator 1 view .LVU203
 643:Middlewares/Third_Party/LwIP/src/core/mem.c ****   }
 680              		.loc 1 643 5 discriminator 1 view .LVU204
 681              	.L40:
 686:Middlewares/Third_Party/LwIP/src/core/mem.c **** }
 682              		.loc 1 686 1 is_stmt 0 view .LVU205
 683 006c 38BD     		pop	{r3, r4, r5, pc}
 684              	.LVL57:
 685              	.L53:
 652:Middlewares/Third_Party/LwIP/src/core/mem.c ****     LWIP_MEM_FREE_UNPROTECT();
 686              		.loc 1 652 5 is_stmt 1 discriminator 1 view .LVU206
ARM GAS  /tmp/ccwe7SmR.s 			page 28


 652:Middlewares/Third_Party/LwIP/src/core/mem.c ****     LWIP_MEM_FREE_UNPROTECT();
 687              		.loc 1 652 5 discriminator 1 view .LVU207
 652:Middlewares/Third_Party/LwIP/src/core/mem.c ****     LWIP_MEM_FREE_UNPROTECT();
 688              		.loc 1 652 5 discriminator 1 view .LVU208
 652:Middlewares/Third_Party/LwIP/src/core/mem.c ****     LWIP_MEM_FREE_UNPROTECT();
 689              		.loc 1 652 5 discriminator 1 view .LVU209
 690 006e 0B4B     		ldr	r3, .L55+12
 691 0070 4FF42372 		mov	r2, #652
 692 0074 0D49     		ldr	r1, .L55+28
 693 0076 0B48     		ldr	r0, .L55+20
 694              	.LVL58:
 652:Middlewares/Third_Party/LwIP/src/core/mem.c ****     LWIP_MEM_FREE_UNPROTECT();
 695              		.loc 1 652 5 is_stmt 0 discriminator 1 view .LVU210
 696 0078 FFF7FEFF 		bl	printf
 697              	.LVL59:
 652:Middlewares/Third_Party/LwIP/src/core/mem.c ****     LWIP_MEM_FREE_UNPROTECT();
 698              		.loc 1 652 5 is_stmt 1 discriminator 1 view .LVU211
 652:Middlewares/Third_Party/LwIP/src/core/mem.c ****     LWIP_MEM_FREE_UNPROTECT();
 699              		.loc 1 652 5 discriminator 1 view .LVU212
 653:Middlewares/Third_Party/LwIP/src/core/mem.c ****     LWIP_DEBUGF(MEM_DEBUG | LWIP_DBG_LEVEL_SEVERE, ("mem_free: illegal memory: double free?\n"));
 700              		.loc 1 653 30 discriminator 1 view .LVU213
 654:Middlewares/Third_Party/LwIP/src/core/mem.c ****     /* protect mem stats from concurrent access */
 701              		.loc 1 654 97 discriminator 1 view .LVU214
 656:Middlewares/Third_Party/LwIP/src/core/mem.c ****     return;
 702              		.loc 1 656 5 discriminator 1 view .LVU215
 656:Middlewares/Third_Party/LwIP/src/core/mem.c ****     return;
 703              		.loc 1 656 5 discriminator 1 view .LVU216
 657:Middlewares/Third_Party/LwIP/src/core/mem.c ****   }
 704              		.loc 1 657 5 discriminator 1 view .LVU217
 705 007c F6E7     		b	.L40
 706              	.L54:
 661:Middlewares/Third_Party/LwIP/src/core/mem.c ****     LWIP_MEM_FREE_UNPROTECT();
 707              		.loc 1 661 5 discriminator 1 view .LVU218
 661:Middlewares/Third_Party/LwIP/src/core/mem.c ****     LWIP_MEM_FREE_UNPROTECT();
 708              		.loc 1 661 5 discriminator 1 view .LVU219
 661:Middlewares/Third_Party/LwIP/src/core/mem.c ****     LWIP_MEM_FREE_UNPROTECT();
 709              		.loc 1 661 5 discriminator 1 view .LVU220
 661:Middlewares/Third_Party/LwIP/src/core/mem.c ****     LWIP_MEM_FREE_UNPROTECT();
 710              		.loc 1 661 5 discriminator 1 view .LVU221
 711 007e 074B     		ldr	r3, .L55+12
 712 0080 40F29522 		movw	r2, #661
 713 0084 0A49     		ldr	r1, .L55+32
 714 0086 0748     		ldr	r0, .L55+20
 715 0088 FFF7FEFF 		bl	printf
 716              	.LVL60:
 661:Middlewares/Third_Party/LwIP/src/core/mem.c ****     LWIP_MEM_FREE_UNPROTECT();
 717              		.loc 1 661 5 discriminator 1 view .LVU222
 661:Middlewares/Third_Party/LwIP/src/core/mem.c ****     LWIP_MEM_FREE_UNPROTECT();
 718              		.loc 1 661 5 discriminator 1 view .LVU223
 662:Middlewares/Third_Party/LwIP/src/core/mem.c ****     LWIP_DEBUGF(MEM_DEBUG | LWIP_DBG_LEVEL_SEVERE, ("mem_free: illegal memory: non-linked: double f
 719              		.loc 1 662 30 discriminator 1 view .LVU224
 663:Middlewares/Third_Party/LwIP/src/core/mem.c ****     /* protect mem stats from concurrent access */
 720              		.loc 1 663 109 discriminator 1 view .LVU225
 665:Middlewares/Third_Party/LwIP/src/core/mem.c ****     return;
 721              		.loc 1 665 5 discriminator 1 view .LVU226
 665:Middlewares/Third_Party/LwIP/src/core/mem.c ****     return;
 722              		.loc 1 665 5 discriminator 1 view .LVU227
ARM GAS  /tmp/ccwe7SmR.s 			page 29


 666:Middlewares/Third_Party/LwIP/src/core/mem.c ****   }
 723              		.loc 1 666 5 discriminator 1 view .LVU228
 724 008c EEE7     		b	.L40
 725              	.LVL61:
 726              	.L49:
 727              	.LCFI4:
 728              		.cfi_def_cfa_offset 0
 729              		.cfi_restore 3
 730              		.cfi_restore 4
 731              		.cfi_restore 5
 732              		.cfi_restore 14
 666:Middlewares/Third_Party/LwIP/src/core/mem.c ****   }
 733              		.loc 1 666 5 is_stmt 0 discriminator 1 view .LVU229
 734 008e 7047     		bx	lr
 735              	.L56:
 736              		.align	2
 737              	.L55:
 738 0090 00000000 		.word	ram
 739 0094 00000000 		.word	ram_end
 740 0098 00000000 		.word	lfree
 741 009c 00000000 		.word	.LC0
 742 00a0 00000000 		.word	.LC6
 743 00a4 44000000 		.word	.LC2
 744 00a8 24000000 		.word	.LC7
 745 00ac 40000000 		.word	.LC8
 746 00b0 68000000 		.word	.LC9
 747              		.cfi_endproc
 748              	.LFE171:
 750              		.section	.rodata.mem_trim.str1.4,"aMS",%progbits,1
 751              		.align	2
 752              	.LC10:
 753 0000 6D656D5F 		.ascii	"mem_trim: legal memory\000"
 753      7472696D 
 753      3A206C65 
 753      67616C20 
 753      6D656D6F 
 754 0017 00       		.align	2
 755              	.LC11:
 756 0018 6D656D5F 		.ascii	"mem_trim can only shrink memory\000"
 756      7472696D 
 756      2063616E 
 756      206F6E6C 
 756      79207368 
 757              		.align	2
 758              	.LC12:
 759 0038 696E7661 		.ascii	"invalid next ptr\000"
 759      6C696420 
 759      6E657874 
 759      20707472 
 759      00
 760              		.section	.text.mem_trim,"ax",%progbits
 761              		.align	1
 762              		.global	mem_trim
 763              		.syntax unified
 764              		.thumb
 765              		.thumb_func
 767              	mem_trim:
ARM GAS  /tmp/ccwe7SmR.s 			page 30


 768              	.LVL62:
 769              	.LFB172:
 687:Middlewares/Third_Party/LwIP/src/core/mem.c **** 
 688:Middlewares/Third_Party/LwIP/src/core/mem.c **** /**
 689:Middlewares/Third_Party/LwIP/src/core/mem.c ****  * Shrink memory returned by mem_malloc().
 690:Middlewares/Third_Party/LwIP/src/core/mem.c ****  *
 691:Middlewares/Third_Party/LwIP/src/core/mem.c ****  * @param rmem pointer to memory allocated by mem_malloc the is to be shrinked
 692:Middlewares/Third_Party/LwIP/src/core/mem.c ****  * @param new_size required size after shrinking (needs to be smaller than or
 693:Middlewares/Third_Party/LwIP/src/core/mem.c ****  *                equal to the previous size)
 694:Middlewares/Third_Party/LwIP/src/core/mem.c ****  * @return for compatibility reasons: is always == rmem, at the moment
 695:Middlewares/Third_Party/LwIP/src/core/mem.c ****  *         or NULL if newsize is > old size, in which case rmem is NOT touched
 696:Middlewares/Third_Party/LwIP/src/core/mem.c ****  *         or freed!
 697:Middlewares/Third_Party/LwIP/src/core/mem.c ****  */
 698:Middlewares/Third_Party/LwIP/src/core/mem.c **** void *
 699:Middlewares/Third_Party/LwIP/src/core/mem.c **** mem_trim(void *rmem, mem_size_t new_size)
 700:Middlewares/Third_Party/LwIP/src/core/mem.c **** {
 770              		.loc 1 700 1 is_stmt 1 view -0
 771              		.cfi_startproc
 772              		@ args = 0, pretend = 0, frame = 0
 773              		@ frame_needed = 0, uses_anonymous_args = 0
 774              		.loc 1 700 1 is_stmt 0 view .LVU231
 775 0000 2DE9F843 		push	{r3, r4, r5, r6, r7, r8, r9, lr}
 776              	.LCFI5:
 777              		.cfi_def_cfa_offset 32
 778              		.cfi_offset 3, -32
 779              		.cfi_offset 4, -28
 780              		.cfi_offset 5, -24
 781              		.cfi_offset 6, -20
 782              		.cfi_offset 7, -16
 783              		.cfi_offset 8, -12
 784              		.cfi_offset 9, -8
 785              		.cfi_offset 14, -4
 786 0004 0546     		mov	r5, r0
 701:Middlewares/Third_Party/LwIP/src/core/mem.c ****   mem_size_t size, newsize;
 787              		.loc 1 701 3 is_stmt 1 view .LVU232
 702:Middlewares/Third_Party/LwIP/src/core/mem.c ****   mem_size_t ptr, ptr2;
 788              		.loc 1 702 3 view .LVU233
 703:Middlewares/Third_Party/LwIP/src/core/mem.c ****   struct mem *mem, *mem2;
 789              		.loc 1 703 3 view .LVU234
 704:Middlewares/Third_Party/LwIP/src/core/mem.c ****   /* use the FREE_PROTECT here: it protects with sem OR SYS_ARCH_PROTECT */
 705:Middlewares/Third_Party/LwIP/src/core/mem.c ****   LWIP_MEM_FREE_DECL_PROTECT();
 790              		.loc 1 705 31 view .LVU235
 706:Middlewares/Third_Party/LwIP/src/core/mem.c **** 
 707:Middlewares/Third_Party/LwIP/src/core/mem.c ****   /* Expand the size of the allocated memory region so that we can
 708:Middlewares/Third_Party/LwIP/src/core/mem.c ****      adjust for alignment. */
 709:Middlewares/Third_Party/LwIP/src/core/mem.c ****   newsize = (mem_size_t)LWIP_MEM_ALIGN_SIZE(new_size);
 791              		.loc 1 709 3 view .LVU236
 792              		.loc 1 709 25 is_stmt 0 view .LVU237
 793 0006 CC1C     		adds	r4, r1, #3
 794 0008 A4B2     		uxth	r4, r4
 795              		.loc 1 709 11 view .LVU238
 796 000a 24F00304 		bic	r4, r4, #3
 797 000e A4B2     		uxth	r4, r4
 798              	.LVL63:
 710:Middlewares/Third_Party/LwIP/src/core/mem.c ****   if (newsize < MIN_SIZE_ALIGNED) {
 799              		.loc 1 710 3 is_stmt 1 view .LVU239
 800              		.loc 1 710 6 is_stmt 0 view .LVU240
ARM GAS  /tmp/ccwe7SmR.s 			page 31


 801 0010 0B2C     		cmp	r4, #11
 802 0012 00D8     		bhi	.L58
 711:Middlewares/Third_Party/LwIP/src/core/mem.c ****     /* every data block must be at least MIN_SIZE_ALIGNED long */
 712:Middlewares/Third_Party/LwIP/src/core/mem.c ****     newsize = MIN_SIZE_ALIGNED;
 803              		.loc 1 712 13 view .LVU241
 804 0014 0C24     		movs	r4, #12
 805              	.LVL64:
 806              	.L58:
 713:Middlewares/Third_Party/LwIP/src/core/mem.c ****   }
 714:Middlewares/Third_Party/LwIP/src/core/mem.c **** #if MEM_OVERFLOW_CHECK
 715:Middlewares/Third_Party/LwIP/src/core/mem.c ****   newsize += MEM_SANITY_REGION_BEFORE_ALIGNED + MEM_SANITY_REGION_AFTER_ALIGNED;
 716:Middlewares/Third_Party/LwIP/src/core/mem.c **** #endif
 717:Middlewares/Third_Party/LwIP/src/core/mem.c ****   if ((newsize > MEM_SIZE_ALIGNED) || (newsize < new_size)) {
 807              		.loc 1 717 3 is_stmt 1 view .LVU242
 808              		.loc 1 717 48 is_stmt 0 view .LVU243
 809 0016 8C42     		cmp	r4, r1
 810 0018 2CBF     		ite	cs
 811 001a 0021     		movcs	r1, #0
 812              	.LVL65:
 813              		.loc 1 717 48 view .LVU244
 814 001c 0121     		movcc	r1, #1
 815              		.loc 1 717 36 view .LVU245
 816 001e B4F5A04F 		cmp	r4, #20480
 817 0022 88BF     		it	hi
 818 0024 41F00101 		orrhi	r1, r1, #1
 819              		.loc 1 717 6 view .LVU246
 820 0028 0029     		cmp	r1, #0
 821 002a 40F09580 		bne	.L69
 718:Middlewares/Third_Party/LwIP/src/core/mem.c ****     return NULL;
 719:Middlewares/Third_Party/LwIP/src/core/mem.c ****   }
 720:Middlewares/Third_Party/LwIP/src/core/mem.c **** 
 721:Middlewares/Third_Party/LwIP/src/core/mem.c ****   LWIP_ASSERT("mem_trim: legal memory", (u8_t *)rmem >= (u8_t *)ram &&
 822              		.loc 1 721 3 is_stmt 1 view .LVU247
 823              		.loc 1 721 3 view .LVU248
 824 002e 4D4B     		ldr	r3, .L76
 825 0030 1B68     		ldr	r3, [r3]
 826 0032 AB42     		cmp	r3, r5
 827 0034 03D8     		bhi	.L60
 828              		.loc 1 721 3 is_stmt 0 discriminator 2 view .LVU249
 829 0036 4C4B     		ldr	r3, .L76+4
 830 0038 1B68     		ldr	r3, [r3]
 831 003a AB42     		cmp	r3, r5
 832 003c 06D8     		bhi	.L61
 833              	.L60:
 834              		.loc 1 721 3 is_stmt 1 discriminator 3 view .LVU250
 835              		.loc 1 721 3 discriminator 3 view .LVU251
 836 003e 4B4B     		ldr	r3, .L76+8
 837 0040 40F2D122 		movw	r2, #721
 838 0044 4A49     		ldr	r1, .L76+12
 839 0046 4B48     		ldr	r0, .L76+16
 840              	.LVL66:
 841              		.loc 1 721 3 is_stmt 0 discriminator 3 view .LVU252
 842 0048 FFF7FEFF 		bl	printf
 843              	.LVL67:
 844              	.L61:
 845              		.loc 1 721 3 is_stmt 1 discriminator 5 view .LVU253
 846              		.loc 1 721 3 discriminator 5 view .LVU254
ARM GAS  /tmp/ccwe7SmR.s 			page 32


 722:Middlewares/Third_Party/LwIP/src/core/mem.c ****               (u8_t *)rmem < (u8_t *)ram_end);
 723:Middlewares/Third_Party/LwIP/src/core/mem.c **** 
 724:Middlewares/Third_Party/LwIP/src/core/mem.c ****   if ((u8_t *)rmem < (u8_t *)ram || (u8_t *)rmem >= (u8_t *)ram_end) {
 847              		.loc 1 724 3 discriminator 5 view .LVU255
 848              		.loc 1 724 20 is_stmt 0 discriminator 5 view .LVU256
 849 004c 454B     		ldr	r3, .L76
 850 004e 1B68     		ldr	r3, [r3]
 851              		.loc 1 724 6 discriminator 5 view .LVU257
 852 0050 AB42     		cmp	r3, r5
 853 0052 00F28280 		bhi	.L59
 854              		.loc 1 724 53 discriminator 1 view .LVU258
 855 0056 444B     		ldr	r3, .L76+4
 856 0058 1B68     		ldr	r3, [r3]
 857              		.loc 1 724 34 discriminator 1 view .LVU259
 858 005a AB42     		cmp	r3, r5
 859 005c 7DD9     		bls	.L59
 725:Middlewares/Third_Party/LwIP/src/core/mem.c ****     LWIP_DEBUGF(MEM_DEBUG | LWIP_DBG_LEVEL_SEVERE, ("mem_trim: illegal memory\n"));
 726:Middlewares/Third_Party/LwIP/src/core/mem.c ****     /* protect mem stats from concurrent access */
 727:Middlewares/Third_Party/LwIP/src/core/mem.c ****     MEM_STATS_INC_LOCKED(illegal);
 728:Middlewares/Third_Party/LwIP/src/core/mem.c ****     return rmem;
 729:Middlewares/Third_Party/LwIP/src/core/mem.c ****   }
 730:Middlewares/Third_Party/LwIP/src/core/mem.c ****   /* Get the corresponding struct mem ... */
 731:Middlewares/Third_Party/LwIP/src/core/mem.c ****   /* cast through void* to get rid of alignment warnings */
 732:Middlewares/Third_Party/LwIP/src/core/mem.c ****   mem = (struct mem *)(void *)((u8_t *)rmem - (SIZEOF_STRUCT_MEM + MEM_SANITY_OFFSET));
 860              		.loc 1 732 3 is_stmt 1 view .LVU260
 861              	.LVL68:
 733:Middlewares/Third_Party/LwIP/src/core/mem.c **** #if MEM_OVERFLOW_CHECK
 734:Middlewares/Third_Party/LwIP/src/core/mem.c ****   mem_overflow_check_element(mem);
 735:Middlewares/Third_Party/LwIP/src/core/mem.c **** #endif
 736:Middlewares/Third_Party/LwIP/src/core/mem.c ****   /* ... and its offset pointer */
 737:Middlewares/Third_Party/LwIP/src/core/mem.c ****   ptr = mem_to_ptr(mem);
 862              		.loc 1 737 3 view .LVU261
 863              		.loc 1 737 9 is_stmt 0 view .LVU262
 864 005e A5F10800 		sub	r0, r5, #8
 865              	.LVL69:
 866              		.loc 1 737 9 view .LVU263
 867 0062 FFF7FEFF 		bl	mem_to_ptr
 868              	.LVL70:
 869              		.loc 1 737 9 view .LVU264
 870 0066 0646     		mov	r6, r0
 871              	.LVL71:
 738:Middlewares/Third_Party/LwIP/src/core/mem.c **** 
 739:Middlewares/Third_Party/LwIP/src/core/mem.c ****   size = (mem_size_t)((mem_size_t)(mem->next - ptr) - (SIZEOF_STRUCT_MEM + MEM_SANITY_OVERHEAD));
 872              		.loc 1 739 3 is_stmt 1 view .LVU265
 873              		.loc 1 739 39 is_stmt 0 view .LVU266
 874 0068 35F8088C 		ldrh	r8, [r5, #-8]
 875              		.loc 1 739 23 view .LVU267
 876 006c A8EB0008 		sub	r8, r8, r0
 877 0070 1FFA88F8 		uxth	r8, r8
 878              		.loc 1 739 8 view .LVU268
 879 0074 A8F10808 		sub	r8, r8, #8
 880 0078 1FFA88F8 		uxth	r8, r8
 881              	.LVL72:
 740:Middlewares/Third_Party/LwIP/src/core/mem.c ****   LWIP_ASSERT("mem_trim can only shrink memory", newsize <= size);
 882              		.loc 1 740 3 is_stmt 1 view .LVU269
 883              		.loc 1 740 3 view .LVU270
 884 007c 4445     		cmp	r4, r8
ARM GAS  /tmp/ccwe7SmR.s 			page 33


 885 007e 29D8     		bhi	.L72
 886              	.LVL73:
 887              	.L62:
 888              		.loc 1 740 3 discriminator 3 view .LVU271
 889              		.loc 1 740 3 discriminator 3 view .LVU272
 741:Middlewares/Third_Party/LwIP/src/core/mem.c ****   if (newsize > size) {
 890              		.loc 1 741 3 discriminator 3 view .LVU273
 891              		.loc 1 741 6 is_stmt 0 discriminator 3 view .LVU274
 892 0080 4445     		cmp	r4, r8
 893 0082 6DD8     		bhi	.L70
 742:Middlewares/Third_Party/LwIP/src/core/mem.c ****     /* not supported */
 743:Middlewares/Third_Party/LwIP/src/core/mem.c ****     return NULL;
 744:Middlewares/Third_Party/LwIP/src/core/mem.c ****   }
 745:Middlewares/Third_Party/LwIP/src/core/mem.c ****   if (newsize == size) {
 894              		.loc 1 745 3 is_stmt 1 view .LVU275
 895              		.loc 1 745 6 is_stmt 0 view .LVU276
 896 0084 69D0     		beq	.L59
 746:Middlewares/Third_Party/LwIP/src/core/mem.c ****     /* No change in size, simply return */
 747:Middlewares/Third_Party/LwIP/src/core/mem.c ****     return rmem;
 748:Middlewares/Third_Party/LwIP/src/core/mem.c ****   }
 749:Middlewares/Third_Party/LwIP/src/core/mem.c **** 
 750:Middlewares/Third_Party/LwIP/src/core/mem.c ****   /* protect the heap from concurrent access */
 751:Middlewares/Third_Party/LwIP/src/core/mem.c ****   LWIP_MEM_FREE_PROTECT();
 897              		.loc 1 751 26 is_stmt 1 view .LVU277
 752:Middlewares/Third_Party/LwIP/src/core/mem.c **** 
 753:Middlewares/Third_Party/LwIP/src/core/mem.c ****   mem2 = ptr_to_mem(mem->next);
 898              		.loc 1 753 3 view .LVU278
 899              		.loc 1 753 10 is_stmt 0 view .LVU279
 900 0086 35F8087C 		ldrh	r7, [r5, #-8]
 901 008a 3846     		mov	r0, r7
 902 008c FFF7FEFF 		bl	ptr_to_mem
 903              	.LVL74:
 904 0090 8146     		mov	r9, r0
 905              	.LVL75:
 754:Middlewares/Third_Party/LwIP/src/core/mem.c ****   if (mem2->used == 0) {
 906              		.loc 1 754 3 is_stmt 1 view .LVU280
 907              		.loc 1 754 11 is_stmt 0 view .LVU281
 908 0092 0379     		ldrb	r3, [r0, #4]	@ zero_extendqisi2
 909              		.loc 1 754 6 view .LVU282
 910 0094 002B     		cmp	r3, #0
 911 0096 33D1     		bne	.L63
 912              	.LBB2:
 755:Middlewares/Third_Party/LwIP/src/core/mem.c ****     /* The next struct is unused, we can simply move it at little */
 756:Middlewares/Third_Party/LwIP/src/core/mem.c ****     mem_size_t next;
 913              		.loc 1 756 5 is_stmt 1 view .LVU283
 757:Middlewares/Third_Party/LwIP/src/core/mem.c ****     LWIP_ASSERT("invalid next ptr", mem->next != MEM_SIZE_ALIGNED);
 914              		.loc 1 757 5 view .LVU284
 915              		.loc 1 757 5 view .LVU285
 916 0098 B7F5A04F 		cmp	r7, #20480
 917 009c 22D0     		beq	.L73
 918              	.LVL76:
 919              	.L64:
 920              		.loc 1 757 5 discriminator 3 view .LVU286
 921              		.loc 1 757 5 discriminator 3 view .LVU287
 758:Middlewares/Third_Party/LwIP/src/core/mem.c ****     /* remember the old next pointer */
 759:Middlewares/Third_Party/LwIP/src/core/mem.c ****     next = mem2->next;
 922              		.loc 1 759 5 discriminator 3 view .LVU288
ARM GAS  /tmp/ccwe7SmR.s 			page 34


 923              		.loc 1 759 10 is_stmt 0 discriminator 3 view .LVU289
 924 009e B9F80070 		ldrh	r7, [r9]
 925              	.LVL77:
 760:Middlewares/Third_Party/LwIP/src/core/mem.c ****     /* create new struct mem which is moved directly after the shrinked mem */
 761:Middlewares/Third_Party/LwIP/src/core/mem.c ****     ptr2 = (mem_size_t)(ptr + SIZEOF_STRUCT_MEM + newsize);
 926              		.loc 1 761 5 is_stmt 1 discriminator 3 view .LVU290
 927              		.loc 1 761 49 is_stmt 0 discriminator 3 view .LVU291
 928 00a2 3444     		add	r4, r4, r6
 929              	.LVL78:
 930              		.loc 1 761 49 discriminator 3 view .LVU292
 931 00a4 A4B2     		uxth	r4, r4
 932              		.loc 1 761 10 discriminator 3 view .LVU293
 933 00a6 0834     		adds	r4, r4, #8
 934 00a8 A4B2     		uxth	r4, r4
 935              	.LVL79:
 762:Middlewares/Third_Party/LwIP/src/core/mem.c ****     if (lfree == mem2) {
 936              		.loc 1 762 5 is_stmt 1 discriminator 3 view .LVU294
 937              		.loc 1 762 15 is_stmt 0 discriminator 3 view .LVU295
 938 00aa 334B     		ldr	r3, .L76+20
 939 00ac 1B68     		ldr	r3, [r3]
 940              		.loc 1 762 8 discriminator 3 view .LVU296
 941 00ae 4B45     		cmp	r3, r9
 942 00b0 20D0     		beq	.L74
 943              	.L65:
 763:Middlewares/Third_Party/LwIP/src/core/mem.c ****       lfree = ptr_to_mem(ptr2);
 764:Middlewares/Third_Party/LwIP/src/core/mem.c ****     }
 765:Middlewares/Third_Party/LwIP/src/core/mem.c ****     mem2 = ptr_to_mem(ptr2);
 944              		.loc 1 765 5 is_stmt 1 view .LVU297
 945              		.loc 1 765 12 is_stmt 0 view .LVU298
 946 00b2 2046     		mov	r0, r4
 947 00b4 FFF7FEFF 		bl	ptr_to_mem
 948              	.LVL80:
 766:Middlewares/Third_Party/LwIP/src/core/mem.c ****     mem2->used = 0;
 949              		.loc 1 766 5 is_stmt 1 view .LVU299
 950              		.loc 1 766 16 is_stmt 0 view .LVU300
 951 00b8 0023     		movs	r3, #0
 952 00ba 0371     		strb	r3, [r0, #4]
 767:Middlewares/Third_Party/LwIP/src/core/mem.c ****     /* restore the next pointer */
 768:Middlewares/Third_Party/LwIP/src/core/mem.c ****     mem2->next = next;
 953              		.loc 1 768 5 is_stmt 1 view .LVU301
 954              		.loc 1 768 16 is_stmt 0 view .LVU302
 955 00bc 0780     		strh	r7, [r0]	@ movhi
 769:Middlewares/Third_Party/LwIP/src/core/mem.c ****     /* link it back to mem */
 770:Middlewares/Third_Party/LwIP/src/core/mem.c ****     mem2->prev = ptr;
 956              		.loc 1 770 5 is_stmt 1 view .LVU303
 957              		.loc 1 770 16 is_stmt 0 view .LVU304
 958 00be 4680     		strh	r6, [r0, #2]	@ movhi
 771:Middlewares/Third_Party/LwIP/src/core/mem.c ****     /* link mem to it */
 772:Middlewares/Third_Party/LwIP/src/core/mem.c ****     mem->next = ptr2;
 959              		.loc 1 772 5 is_stmt 1 view .LVU305
 960              		.loc 1 772 15 is_stmt 0 view .LVU306
 961 00c0 25F8084C 		strh	r4, [r5, #-8]	@ movhi
 773:Middlewares/Third_Party/LwIP/src/core/mem.c ****     /* last thing to restore linked list: as we have moved mem2,
 774:Middlewares/Third_Party/LwIP/src/core/mem.c ****      * let 'mem2->next->prev' point to mem2 again. but only if mem2->next is not
 775:Middlewares/Third_Party/LwIP/src/core/mem.c ****      * the end of the heap */
 776:Middlewares/Third_Party/LwIP/src/core/mem.c ****     if (mem2->next != MEM_SIZE_ALIGNED) {
 962              		.loc 1 776 5 is_stmt 1 view .LVU307
ARM GAS  /tmp/ccwe7SmR.s 			page 35


 963              		.loc 1 776 13 is_stmt 0 view .LVU308
 964 00c4 0088     		ldrh	r0, [r0]
 965              	.LVL81:
 966              		.loc 1 776 8 view .LVU309
 967 00c6 B0F5A04F 		cmp	r0, #20480
 968 00ca 46D0     		beq	.L59
 777:Middlewares/Third_Party/LwIP/src/core/mem.c ****       ptr_to_mem(mem2->next)->prev = ptr2;
 969              		.loc 1 777 7 is_stmt 1 view .LVU310
 970 00cc FFF7FEFF 		bl	ptr_to_mem
 971              	.LVL82:
 972              		.loc 1 777 36 is_stmt 0 view .LVU311
 973 00d0 4480     		strh	r4, [r0, #2]	@ movhi
 974 00d2 42E0     		b	.L59
 975              	.LVL83:
 976              	.L72:
 977              		.loc 1 777 36 view .LVU312
 978              	.LBE2:
 740:Middlewares/Third_Party/LwIP/src/core/mem.c ****   if (newsize > size) {
 979              		.loc 1 740 3 is_stmt 1 discriminator 1 view .LVU313
 740:Middlewares/Third_Party/LwIP/src/core/mem.c ****   if (newsize > size) {
 980              		.loc 1 740 3 discriminator 1 view .LVU314
 981 00d4 254B     		ldr	r3, .L76+8
 982 00d6 4FF43972 		mov	r2, #740
 983 00da 2849     		ldr	r1, .L76+24
 984 00dc 2548     		ldr	r0, .L76+16
 985              	.LVL84:
 740:Middlewares/Third_Party/LwIP/src/core/mem.c ****   if (newsize > size) {
 986              		.loc 1 740 3 is_stmt 0 discriminator 1 view .LVU315
 987 00de FFF7FEFF 		bl	printf
 988              	.LVL85:
 989 00e2 CDE7     		b	.L62
 990              	.LVL86:
 991              	.L73:
 992              	.LBB3:
 757:Middlewares/Third_Party/LwIP/src/core/mem.c ****     /* remember the old next pointer */
 993              		.loc 1 757 5 is_stmt 1 discriminator 1 view .LVU316
 757:Middlewares/Third_Party/LwIP/src/core/mem.c ****     /* remember the old next pointer */
 994              		.loc 1 757 5 discriminator 1 view .LVU317
 995 00e4 214B     		ldr	r3, .L76+8
 996 00e6 40F2F522 		movw	r2, #757
 997 00ea 2549     		ldr	r1, .L76+28
 998 00ec 2148     		ldr	r0, .L76+16
 999              	.LVL87:
 757:Middlewares/Third_Party/LwIP/src/core/mem.c ****     /* remember the old next pointer */
 1000              		.loc 1 757 5 is_stmt 0 discriminator 1 view .LVU318
 1001 00ee FFF7FEFF 		bl	printf
 1002              	.LVL88:
 1003 00f2 D4E7     		b	.L64
 1004              	.LVL89:
 1005              	.L74:
 763:Middlewares/Third_Party/LwIP/src/core/mem.c ****     }
 1006              		.loc 1 763 7 is_stmt 1 view .LVU319
 763:Middlewares/Third_Party/LwIP/src/core/mem.c ****     }
 1007              		.loc 1 763 15 is_stmt 0 view .LVU320
 1008 00f4 2046     		mov	r0, r4
 1009 00f6 FFF7FEFF 		bl	ptr_to_mem
 1010              	.LVL90:
ARM GAS  /tmp/ccwe7SmR.s 			page 36


 763:Middlewares/Third_Party/LwIP/src/core/mem.c ****     }
 1011              		.loc 1 763 13 view .LVU321
 1012 00fa 1F4B     		ldr	r3, .L76+20
 1013 00fc 1860     		str	r0, [r3]
 1014 00fe D8E7     		b	.L65
 1015              	.LVL91:
 1016              	.L63:
 763:Middlewares/Third_Party/LwIP/src/core/mem.c ****     }
 1017              		.loc 1 763 13 view .LVU322
 1018              	.LBE3:
 778:Middlewares/Third_Party/LwIP/src/core/mem.c ****     }
 779:Middlewares/Third_Party/LwIP/src/core/mem.c ****     MEM_STATS_DEC_USED(used, (size - newsize));
 780:Middlewares/Third_Party/LwIP/src/core/mem.c ****     /* no need to plug holes, we've already done that */
 781:Middlewares/Third_Party/LwIP/src/core/mem.c ****   } else if (newsize + SIZEOF_STRUCT_MEM + MIN_SIZE_ALIGNED <= size) {
 1019              		.loc 1 781 10 is_stmt 1 view .LVU323
 1020              		.loc 1 781 42 is_stmt 0 view .LVU324
 1021 0100 04F11403 		add	r3, r4, #20
 1022              		.loc 1 781 13 view .LVU325
 1023 0104 4345     		cmp	r3, r8
 1024 0106 28D8     		bhi	.L59
 782:Middlewares/Third_Party/LwIP/src/core/mem.c ****     /* Next struct is used but there's room for another struct mem with
 783:Middlewares/Third_Party/LwIP/src/core/mem.c ****      * at least MIN_SIZE_ALIGNED of data.
 784:Middlewares/Third_Party/LwIP/src/core/mem.c ****      * Old size ('size') must be big enough to contain at least 'newsize' plus a struct mem
 785:Middlewares/Third_Party/LwIP/src/core/mem.c ****      * ('SIZEOF_STRUCT_MEM') with some data ('MIN_SIZE_ALIGNED').
 786:Middlewares/Third_Party/LwIP/src/core/mem.c ****      * @todo we could leave out MIN_SIZE_ALIGNED. We would create an empty
 787:Middlewares/Third_Party/LwIP/src/core/mem.c ****      *       region that couldn't hold data, but when mem->next gets freed,
 788:Middlewares/Third_Party/LwIP/src/core/mem.c ****      *       the 2 regions would be combined, resulting in more free memory */
 789:Middlewares/Third_Party/LwIP/src/core/mem.c ****     ptr2 = (mem_size_t)(ptr + SIZEOF_STRUCT_MEM + newsize);
 1025              		.loc 1 789 5 is_stmt 1 view .LVU326
 1026              		.loc 1 789 49 is_stmt 0 view .LVU327
 1027 0108 3444     		add	r4, r4, r6
 1028              	.LVL92:
 1029              		.loc 1 789 49 view .LVU328
 1030 010a A4B2     		uxth	r4, r4
 1031              		.loc 1 789 10 view .LVU329
 1032 010c 0834     		adds	r4, r4, #8
 1033 010e A4B2     		uxth	r4, r4
 1034              	.LVL93:
 790:Middlewares/Third_Party/LwIP/src/core/mem.c ****     LWIP_ASSERT("invalid next ptr", mem->next != MEM_SIZE_ALIGNED);
 1035              		.loc 1 790 5 is_stmt 1 view .LVU330
 1036              		.loc 1 790 5 view .LVU331
 1037 0110 B7F5A04F 		cmp	r7, #20480
 1038 0114 18D0     		beq	.L75
 1039              	.LVL94:
 1040              	.L66:
 1041              		.loc 1 790 5 discriminator 3 view .LVU332
 1042              		.loc 1 790 5 discriminator 3 view .LVU333
 791:Middlewares/Third_Party/LwIP/src/core/mem.c ****     mem2 = ptr_to_mem(ptr2);
 1043              		.loc 1 791 5 discriminator 3 view .LVU334
 1044              		.loc 1 791 12 is_stmt 0 discriminator 3 view .LVU335
 1045 0116 2046     		mov	r0, r4
 1046 0118 FFF7FEFF 		bl	ptr_to_mem
 1047              	.LVL95:
 792:Middlewares/Third_Party/LwIP/src/core/mem.c ****     if (mem2 < lfree) {
 1048              		.loc 1 792 5 is_stmt 1 discriminator 3 view .LVU336
 1049              		.loc 1 792 14 is_stmt 0 discriminator 3 view .LVU337
 1050 011c 164B     		ldr	r3, .L76+20
ARM GAS  /tmp/ccwe7SmR.s 			page 37


 1051 011e 1B68     		ldr	r3, [r3]
 1052              		.loc 1 792 8 discriminator 3 view .LVU338
 1053 0120 8342     		cmp	r3, r0
 1054 0122 01D9     		bls	.L67
 793:Middlewares/Third_Party/LwIP/src/core/mem.c ****       lfree = mem2;
 1055              		.loc 1 793 7 is_stmt 1 view .LVU339
 1056              		.loc 1 793 13 is_stmt 0 view .LVU340
 1057 0124 144B     		ldr	r3, .L76+20
 1058 0126 1860     		str	r0, [r3]
 1059              	.L67:
 794:Middlewares/Third_Party/LwIP/src/core/mem.c ****     }
 795:Middlewares/Third_Party/LwIP/src/core/mem.c ****     mem2->used = 0;
 1060              		.loc 1 795 5 is_stmt 1 view .LVU341
 1061              		.loc 1 795 16 is_stmt 0 view .LVU342
 1062 0128 0023     		movs	r3, #0
 1063 012a 0371     		strb	r3, [r0, #4]
 796:Middlewares/Third_Party/LwIP/src/core/mem.c ****     mem2->next = mem->next;
 1064              		.loc 1 796 5 is_stmt 1 view .LVU343
 1065              		.loc 1 796 21 is_stmt 0 view .LVU344
 1066 012c 35F8083C 		ldrh	r3, [r5, #-8]
 1067              		.loc 1 796 16 view .LVU345
 1068 0130 0380     		strh	r3, [r0]	@ movhi
 797:Middlewares/Third_Party/LwIP/src/core/mem.c ****     mem2->prev = ptr;
 1069              		.loc 1 797 5 is_stmt 1 view .LVU346
 1070              		.loc 1 797 16 is_stmt 0 view .LVU347
 1071 0132 4680     		strh	r6, [r0, #2]	@ movhi
 798:Middlewares/Third_Party/LwIP/src/core/mem.c ****     mem->next = ptr2;
 1072              		.loc 1 798 5 is_stmt 1 view .LVU348
 1073              		.loc 1 798 15 is_stmt 0 view .LVU349
 1074 0134 25F8084C 		strh	r4, [r5, #-8]	@ movhi
 799:Middlewares/Third_Party/LwIP/src/core/mem.c ****     if (mem2->next != MEM_SIZE_ALIGNED) {
 1075              		.loc 1 799 5 is_stmt 1 view .LVU350
 1076              		.loc 1 799 13 is_stmt 0 view .LVU351
 1077 0138 0088     		ldrh	r0, [r0]
 1078              	.LVL96:
 1079              		.loc 1 799 8 view .LVU352
 1080 013a B0F5A04F 		cmp	r0, #20480
 1081 013e 0CD0     		beq	.L59
 800:Middlewares/Third_Party/LwIP/src/core/mem.c ****       ptr_to_mem(mem2->next)->prev = ptr2;
 1082              		.loc 1 800 7 is_stmt 1 view .LVU353
 1083 0140 FFF7FEFF 		bl	ptr_to_mem
 1084              	.LVL97:
 1085              		.loc 1 800 36 is_stmt 0 view .LVU354
 1086 0144 4480     		strh	r4, [r0, #2]	@ movhi
 1087 0146 08E0     		b	.L59
 1088              	.LVL98:
 1089              	.L75:
 790:Middlewares/Third_Party/LwIP/src/core/mem.c ****     mem2 = ptr_to_mem(ptr2);
 1090              		.loc 1 790 5 is_stmt 1 discriminator 1 view .LVU355
 790:Middlewares/Third_Party/LwIP/src/core/mem.c ****     mem2 = ptr_to_mem(ptr2);
 1091              		.loc 1 790 5 discriminator 1 view .LVU356
 1092 0148 084B     		ldr	r3, .L76+8
 1093 014a 40F21632 		movw	r2, #790
 1094 014e 0C49     		ldr	r1, .L76+28
 1095 0150 0848     		ldr	r0, .L76+16
 1096              	.LVL99:
 790:Middlewares/Third_Party/LwIP/src/core/mem.c ****     mem2 = ptr_to_mem(ptr2);
ARM GAS  /tmp/ccwe7SmR.s 			page 38


 1097              		.loc 1 790 5 is_stmt 0 discriminator 1 view .LVU357
 1098 0152 FFF7FEFF 		bl	printf
 1099              	.LVL100:
 1100 0156 DEE7     		b	.L66
 1101              	.LVL101:
 1102              	.L69:
 718:Middlewares/Third_Party/LwIP/src/core/mem.c ****   }
 1103              		.loc 1 718 12 view .LVU358
 1104 0158 0025     		movs	r5, #0
 1105              	.LVL102:
 1106              	.L59:
 801:Middlewares/Third_Party/LwIP/src/core/mem.c ****     }
 802:Middlewares/Third_Party/LwIP/src/core/mem.c ****     MEM_STATS_DEC_USED(used, (size - newsize));
 803:Middlewares/Third_Party/LwIP/src/core/mem.c ****     /* the original mem->next is used, so no need to plug holes! */
 804:Middlewares/Third_Party/LwIP/src/core/mem.c ****   }
 805:Middlewares/Third_Party/LwIP/src/core/mem.c ****   /* else {
 806:Middlewares/Third_Party/LwIP/src/core/mem.c ****     next struct mem is used but size between mem and mem2 is not big enough
 807:Middlewares/Third_Party/LwIP/src/core/mem.c ****     to create another struct mem
 808:Middlewares/Third_Party/LwIP/src/core/mem.c ****     -> don't do anyhting.
 809:Middlewares/Third_Party/LwIP/src/core/mem.c ****     -> the remaining space stays unused since it is too small
 810:Middlewares/Third_Party/LwIP/src/core/mem.c ****   } */
 811:Middlewares/Third_Party/LwIP/src/core/mem.c **** #if MEM_OVERFLOW_CHECK
 812:Middlewares/Third_Party/LwIP/src/core/mem.c ****   mem_overflow_init_element(mem, new_size);
 813:Middlewares/Third_Party/LwIP/src/core/mem.c **** #endif
 814:Middlewares/Third_Party/LwIP/src/core/mem.c ****   MEM_SANITY();
 815:Middlewares/Third_Party/LwIP/src/core/mem.c **** #if LWIP_ALLOW_MEM_FREE_FROM_OTHER_CONTEXT
 816:Middlewares/Third_Party/LwIP/src/core/mem.c ****   mem_free_count = 1;
 817:Middlewares/Third_Party/LwIP/src/core/mem.c **** #endif /* LWIP_ALLOW_MEM_FREE_FROM_OTHER_CONTEXT */
 818:Middlewares/Third_Party/LwIP/src/core/mem.c ****   LWIP_MEM_FREE_UNPROTECT();
 819:Middlewares/Third_Party/LwIP/src/core/mem.c ****   return rmem;
 820:Middlewares/Third_Party/LwIP/src/core/mem.c **** }
 1107              		.loc 1 820 1 view .LVU359
 1108 015a 2846     		mov	r0, r5
 1109 015c BDE8F883 		pop	{r3, r4, r5, r6, r7, r8, r9, pc}
 1110              	.LVL103:
 1111              	.L70:
 743:Middlewares/Third_Party/LwIP/src/core/mem.c ****   }
 1112              		.loc 1 743 12 view .LVU360
 1113 0160 0025     		movs	r5, #0
 1114              	.LVL104:
 743:Middlewares/Third_Party/LwIP/src/core/mem.c ****   }
 1115              		.loc 1 743 12 view .LVU361
 1116 0162 FAE7     		b	.L59
 1117              	.L77:
 1118              		.align	2
 1119              	.L76:
 1120 0164 00000000 		.word	ram
 1121 0168 00000000 		.word	ram_end
 1122 016c 00000000 		.word	.LC0
 1123 0170 00000000 		.word	.LC10
 1124 0174 44000000 		.word	.LC2
 1125 0178 00000000 		.word	lfree
 1126 017c 18000000 		.word	.LC11
 1127 0180 38000000 		.word	.LC12
 1128              		.cfi_endproc
 1129              	.LFE172:
 1131              		.section	.rodata.mem_malloc.str1.4,"aMS",%progbits,1
ARM GAS  /tmp/ccwe7SmR.s 			page 39


 1132              		.align	2
 1133              	.LC13:
 1134 0000 6D656D5F 		.ascii	"mem_malloc: !lfree->used\000"
 1134      6D616C6C 
 1134      6F633A20 
 1134      216C6672 
 1134      65652D3E 
 1135 0019 000000   		.align	2
 1136              	.LC14:
 1137 001c 6D656D5F 		.ascii	"mem_malloc: allocated memory not above ram_end.\000"
 1137      6D616C6C 
 1137      6F633A20 
 1137      616C6C6F 
 1137      63617465 
 1138              		.align	2
 1139              	.LC15:
 1140 004c 6D656D5F 		.ascii	"mem_malloc: allocated memory properly aligned.\000"
 1140      6D616C6C 
 1140      6F633A20 
 1140      616C6C6F 
 1140      63617465 
 1141 007b 00       		.align	2
 1142              	.LC16:
 1143 007c 6D656D5F 		.ascii	"mem_malloc: sanity check alignment\000"
 1143      6D616C6C 
 1143      6F633A20 
 1143      73616E69 
 1143      74792063 
 1144              		.section	.text.mem_malloc,"ax",%progbits
 1145              		.align	1
 1146              		.global	mem_malloc
 1147              		.syntax unified
 1148              		.thumb
 1149              		.thumb_func
 1151              	mem_malloc:
 1152              	.LVL105:
 1153              	.LFB173:
 821:Middlewares/Third_Party/LwIP/src/core/mem.c **** 
 822:Middlewares/Third_Party/LwIP/src/core/mem.c **** /**
 823:Middlewares/Third_Party/LwIP/src/core/mem.c ****  * Allocate a block of memory with a minimum of 'size' bytes.
 824:Middlewares/Third_Party/LwIP/src/core/mem.c ****  *
 825:Middlewares/Third_Party/LwIP/src/core/mem.c ****  * @param size_in is the minimum size of the requested block in bytes.
 826:Middlewares/Third_Party/LwIP/src/core/mem.c ****  * @return pointer to allocated memory or NULL if no free memory was found.
 827:Middlewares/Third_Party/LwIP/src/core/mem.c ****  *
 828:Middlewares/Third_Party/LwIP/src/core/mem.c ****  * Note that the returned value will always be aligned (as defined by MEM_ALIGNMENT).
 829:Middlewares/Third_Party/LwIP/src/core/mem.c ****  */
 830:Middlewares/Third_Party/LwIP/src/core/mem.c **** void *
 831:Middlewares/Third_Party/LwIP/src/core/mem.c **** mem_malloc(mem_size_t size_in)
 832:Middlewares/Third_Party/LwIP/src/core/mem.c **** {
 1154              		.loc 1 832 1 is_stmt 1 view -0
 1155              		.cfi_startproc
 1156              		@ args = 0, pretend = 0, frame = 0
 1157              		@ frame_needed = 0, uses_anonymous_args = 0
 833:Middlewares/Third_Party/LwIP/src/core/mem.c ****   mem_size_t ptr, ptr2, size;
 1158              		.loc 1 833 3 view .LVU363
 834:Middlewares/Third_Party/LwIP/src/core/mem.c ****   struct mem *mem, *mem2;
 1159              		.loc 1 834 3 view .LVU364
ARM GAS  /tmp/ccwe7SmR.s 			page 40


 835:Middlewares/Third_Party/LwIP/src/core/mem.c **** #if LWIP_ALLOW_MEM_FREE_FROM_OTHER_CONTEXT
 836:Middlewares/Third_Party/LwIP/src/core/mem.c ****   u8_t local_mem_free_count = 0;
 837:Middlewares/Third_Party/LwIP/src/core/mem.c **** #endif /* LWIP_ALLOW_MEM_FREE_FROM_OTHER_CONTEXT */
 838:Middlewares/Third_Party/LwIP/src/core/mem.c ****   LWIP_MEM_ALLOC_DECL_PROTECT();
 1160              		.loc 1 838 32 view .LVU365
 839:Middlewares/Third_Party/LwIP/src/core/mem.c **** 
 840:Middlewares/Third_Party/LwIP/src/core/mem.c ****   if (size_in == 0) {
 1161              		.loc 1 840 3 view .LVU366
 1162              		.loc 1 840 6 is_stmt 0 view .LVU367
 1163 0000 0028     		cmp	r0, #0
 1164 0002 00F09E80 		beq	.L94
 832:Middlewares/Third_Party/LwIP/src/core/mem.c ****   mem_size_t ptr, ptr2, size;
 1165              		.loc 1 832 1 view .LVU368
 1166 0006 2DE9F041 		push	{r4, r5, r6, r7, r8, lr}
 1167              	.LCFI6:
 1168              		.cfi_def_cfa_offset 24
 1169              		.cfi_offset 4, -24
 1170              		.cfi_offset 5, -20
 1171              		.cfi_offset 6, -16
 1172              		.cfi_offset 7, -12
 1173              		.cfi_offset 8, -8
 1174              		.cfi_offset 14, -4
 1175 000a 0346     		mov	r3, r0
 841:Middlewares/Third_Party/LwIP/src/core/mem.c ****     return NULL;
 842:Middlewares/Third_Party/LwIP/src/core/mem.c ****   }
 843:Middlewares/Third_Party/LwIP/src/core/mem.c **** 
 844:Middlewares/Third_Party/LwIP/src/core/mem.c ****   /* Expand the size of the allocated memory region so that we can
 845:Middlewares/Third_Party/LwIP/src/core/mem.c ****      adjust for alignment. */
 846:Middlewares/Third_Party/LwIP/src/core/mem.c ****   size = (mem_size_t)LWIP_MEM_ALIGN_SIZE(size_in);
 1176              		.loc 1 846 3 is_stmt 1 view .LVU369
 1177              		.loc 1 846 22 is_stmt 0 view .LVU370
 1178 000c C61C     		adds	r6, r0, #3
 1179 000e B6B2     		uxth	r6, r6
 1180              		.loc 1 846 8 view .LVU371
 1181 0010 26F00306 		bic	r6, r6, #3
 1182 0014 B6B2     		uxth	r6, r6
 1183              	.LVL106:
 847:Middlewares/Third_Party/LwIP/src/core/mem.c ****   if (size < MIN_SIZE_ALIGNED) {
 1184              		.loc 1 847 3 is_stmt 1 view .LVU372
 1185              		.loc 1 847 6 is_stmt 0 view .LVU373
 1186 0016 0B2E     		cmp	r6, #11
 1187 0018 00D8     		bhi	.L80
 848:Middlewares/Third_Party/LwIP/src/core/mem.c ****     /* every data block must be at least MIN_SIZE_ALIGNED long */
 849:Middlewares/Third_Party/LwIP/src/core/mem.c ****     size = MIN_SIZE_ALIGNED;
 1188              		.loc 1 849 10 view .LVU374
 1189 001a 0C26     		movs	r6, #12
 1190              	.LVL107:
 1191              	.L80:
 850:Middlewares/Third_Party/LwIP/src/core/mem.c ****   }
 851:Middlewares/Third_Party/LwIP/src/core/mem.c **** #if MEM_OVERFLOW_CHECK
 852:Middlewares/Third_Party/LwIP/src/core/mem.c ****   size += MEM_SANITY_REGION_BEFORE_ALIGNED + MEM_SANITY_REGION_AFTER_ALIGNED;
 853:Middlewares/Third_Party/LwIP/src/core/mem.c **** #endif
 854:Middlewares/Third_Party/LwIP/src/core/mem.c ****   if ((size > MEM_SIZE_ALIGNED) || (size < size_in)) {
 1192              		.loc 1 854 3 is_stmt 1 view .LVU375
 1193              		.loc 1 854 42 is_stmt 0 view .LVU376
 1194 001c 9E42     		cmp	r6, r3
 1195 001e 2CBF     		ite	cs
ARM GAS  /tmp/ccwe7SmR.s 			page 41


 1196 0020 0023     		movcs	r3, #0
 1197 0022 0123     		movcc	r3, #1
 1198              		.loc 1 854 33 view .LVU377
 1199 0024 B6F5A04F 		cmp	r6, #20480
 1200 0028 88BF     		it	hi
 1201 002a 43F00103 		orrhi	r3, r3, #1
 1202              		.loc 1 854 6 view .LVU378
 1203 002e 002B     		cmp	r3, #0
 1204 0030 40F08980 		bne	.L96
 855:Middlewares/Third_Party/LwIP/src/core/mem.c ****     return NULL;
 856:Middlewares/Third_Party/LwIP/src/core/mem.c ****   }
 857:Middlewares/Third_Party/LwIP/src/core/mem.c **** 
 858:Middlewares/Third_Party/LwIP/src/core/mem.c ****   /* protect the heap from concurrent access */
 859:Middlewares/Third_Party/LwIP/src/core/mem.c ****   sys_mutex_lock(&mem_mutex);
 1205              		.loc 1 859 29 is_stmt 1 view .LVU379
 860:Middlewares/Third_Party/LwIP/src/core/mem.c ****   LWIP_MEM_ALLOC_PROTECT();
 1206              		.loc 1 860 27 view .LVU380
 861:Middlewares/Third_Party/LwIP/src/core/mem.c **** #if LWIP_ALLOW_MEM_FREE_FROM_OTHER_CONTEXT
 862:Middlewares/Third_Party/LwIP/src/core/mem.c ****   /* run as long as a mem_free disturbed mem_malloc or mem_trim */
 863:Middlewares/Third_Party/LwIP/src/core/mem.c ****   do {
 864:Middlewares/Third_Party/LwIP/src/core/mem.c ****     local_mem_free_count = 0;
 865:Middlewares/Third_Party/LwIP/src/core/mem.c **** #endif /* LWIP_ALLOW_MEM_FREE_FROM_OTHER_CONTEXT */
 866:Middlewares/Third_Party/LwIP/src/core/mem.c **** 
 867:Middlewares/Third_Party/LwIP/src/core/mem.c ****     /* Scan through the heap searching for a free block that is big enough,
 868:Middlewares/Third_Party/LwIP/src/core/mem.c ****      * beginning with the lowest free block.
 869:Middlewares/Third_Party/LwIP/src/core/mem.c ****      */
 870:Middlewares/Third_Party/LwIP/src/core/mem.c ****     for (ptr = mem_to_ptr(lfree); ptr < MEM_SIZE_ALIGNED - size;
 1207              		.loc 1 870 5 view .LVU381
 1208              		.loc 1 870 16 is_stmt 0 view .LVU382
 1209 0034 454B     		ldr	r3, .L106
 1210 0036 1868     		ldr	r0, [r3]
 1211              	.LVL108:
 1212              		.loc 1 870 16 view .LVU383
 1213 0038 FFF7FEFF 		bl	mem_to_ptr
 1214              	.LVL109:
 1215 003c 0546     		mov	r5, r0
 1216              	.LVL110:
 1217              		.loc 1 870 5 view .LVU384
 1218 003e 4CE0     		b	.L81
 1219              	.LVL111:
 1220              	.L105:
 871:Middlewares/Third_Party/LwIP/src/core/mem.c ****          ptr = ptr_to_mem(ptr)->next) {
 872:Middlewares/Third_Party/LwIP/src/core/mem.c ****       mem = ptr_to_mem(ptr);
 873:Middlewares/Third_Party/LwIP/src/core/mem.c **** #if LWIP_ALLOW_MEM_FREE_FROM_OTHER_CONTEXT
 874:Middlewares/Third_Party/LwIP/src/core/mem.c ****       mem_free_count = 0;
 875:Middlewares/Third_Party/LwIP/src/core/mem.c ****       LWIP_MEM_ALLOC_UNPROTECT();
 876:Middlewares/Third_Party/LwIP/src/core/mem.c ****       /* allow mem_free or mem_trim to run */
 877:Middlewares/Third_Party/LwIP/src/core/mem.c ****       LWIP_MEM_ALLOC_PROTECT();
 878:Middlewares/Third_Party/LwIP/src/core/mem.c ****       if (mem_free_count != 0) {
 879:Middlewares/Third_Party/LwIP/src/core/mem.c ****         /* If mem_free or mem_trim have run, we have to restart since they
 880:Middlewares/Third_Party/LwIP/src/core/mem.c ****            could have altered our current struct mem. */
 881:Middlewares/Third_Party/LwIP/src/core/mem.c ****         local_mem_free_count = 1;
 882:Middlewares/Third_Party/LwIP/src/core/mem.c ****         break;
 883:Middlewares/Third_Party/LwIP/src/core/mem.c ****       }
 884:Middlewares/Third_Party/LwIP/src/core/mem.c **** #endif /* LWIP_ALLOW_MEM_FREE_FROM_OTHER_CONTEXT */
 885:Middlewares/Third_Party/LwIP/src/core/mem.c **** 
 886:Middlewares/Third_Party/LwIP/src/core/mem.c ****       if ((!mem->used) &&
ARM GAS  /tmp/ccwe7SmR.s 			page 42


 887:Middlewares/Third_Party/LwIP/src/core/mem.c ****           (mem->next - (ptr + SIZEOF_STRUCT_MEM)) >= size) {
 888:Middlewares/Third_Party/LwIP/src/core/mem.c ****         /* mem is not used and at least perfect fit is possible:
 889:Middlewares/Third_Party/LwIP/src/core/mem.c ****          * mem->next - (ptr + SIZEOF_STRUCT_MEM) gives us the 'user data size' of mem */
 890:Middlewares/Third_Party/LwIP/src/core/mem.c **** 
 891:Middlewares/Third_Party/LwIP/src/core/mem.c ****         if (mem->next - (ptr + SIZEOF_STRUCT_MEM) >= (size + SIZEOF_STRUCT_MEM + MIN_SIZE_ALIGNED))
 892:Middlewares/Third_Party/LwIP/src/core/mem.c ****           /* (in addition to the above, we test if another struct mem (SIZEOF_STRUCT_MEM) containin
 893:Middlewares/Third_Party/LwIP/src/core/mem.c ****            * at least MIN_SIZE_ALIGNED of data also fits in the 'user data space' of 'mem')
 894:Middlewares/Third_Party/LwIP/src/core/mem.c ****            * -> split large block, create empty remainder,
 895:Middlewares/Third_Party/LwIP/src/core/mem.c ****            * remainder must be large enough to contain MIN_SIZE_ALIGNED data: if
 896:Middlewares/Third_Party/LwIP/src/core/mem.c ****            * mem->next - (ptr + (2*SIZEOF_STRUCT_MEM)) == size,
 897:Middlewares/Third_Party/LwIP/src/core/mem.c ****            * struct mem would fit in but no data between mem2 and mem2->next
 898:Middlewares/Third_Party/LwIP/src/core/mem.c ****            * @todo we could leave out MIN_SIZE_ALIGNED. We would create an empty
 899:Middlewares/Third_Party/LwIP/src/core/mem.c ****            *       region that couldn't hold data, but when mem->next gets freed,
 900:Middlewares/Third_Party/LwIP/src/core/mem.c ****            *       the 2 regions would be combined, resulting in more free memory
 901:Middlewares/Third_Party/LwIP/src/core/mem.c ****            */
 902:Middlewares/Third_Party/LwIP/src/core/mem.c ****           ptr2 = (mem_size_t)(ptr + SIZEOF_STRUCT_MEM + size);
 903:Middlewares/Third_Party/LwIP/src/core/mem.c ****           LWIP_ASSERT("invalid next ptr",ptr2 != MEM_SIZE_ALIGNED);
 1221              		.loc 1 903 11 is_stmt 1 discriminator 1 view .LVU385
 1222              		.loc 1 903 11 discriminator 1 view .LVU386
 1223 0040 434B     		ldr	r3, .L106+4
 1224 0042 40F28732 		movw	r2, #903
 1225 0046 4349     		ldr	r1, .L106+8
 1226 0048 4348     		ldr	r0, .L106+12
 1227              	.LVL112:
 1228              		.loc 1 903 11 is_stmt 0 discriminator 1 view .LVU387
 1229 004a FFF7FEFF 		bl	printf
 1230              	.LVL113:
 1231 004e 62E0     		b	.L84
 1232              	.LVL114:
 1233              	.L83:
 904:Middlewares/Third_Party/LwIP/src/core/mem.c ****           /* create mem2 struct */
 905:Middlewares/Third_Party/LwIP/src/core/mem.c ****           mem2 = ptr_to_mem(ptr2);
 906:Middlewares/Third_Party/LwIP/src/core/mem.c ****           mem2->used = 0;
 907:Middlewares/Third_Party/LwIP/src/core/mem.c ****           mem2->next = mem->next;
 908:Middlewares/Third_Party/LwIP/src/core/mem.c ****           mem2->prev = ptr;
 909:Middlewares/Third_Party/LwIP/src/core/mem.c ****           /* and insert it between mem and mem->next */
 910:Middlewares/Third_Party/LwIP/src/core/mem.c ****           mem->next = ptr2;
 911:Middlewares/Third_Party/LwIP/src/core/mem.c ****           mem->used = 1;
 912:Middlewares/Third_Party/LwIP/src/core/mem.c **** 
 913:Middlewares/Third_Party/LwIP/src/core/mem.c ****           if (mem2->next != MEM_SIZE_ALIGNED) {
 914:Middlewares/Third_Party/LwIP/src/core/mem.c ****             ptr_to_mem(mem2->next)->prev = ptr2;
 915:Middlewares/Third_Party/LwIP/src/core/mem.c ****           }
 916:Middlewares/Third_Party/LwIP/src/core/mem.c ****           MEM_STATS_INC_USED(used, (size + SIZEOF_STRUCT_MEM));
 917:Middlewares/Third_Party/LwIP/src/core/mem.c ****         } else {
 918:Middlewares/Third_Party/LwIP/src/core/mem.c ****           /* (a mem2 struct does no fit into the user data space of mem and mem->next will always
 919:Middlewares/Third_Party/LwIP/src/core/mem.c ****            * be used at this point: if not we have 2 unused structs in a row, plug_holes should hav
 920:Middlewares/Third_Party/LwIP/src/core/mem.c ****            * take care of this).
 921:Middlewares/Third_Party/LwIP/src/core/mem.c ****            * -> near fit or exact fit: do not split, no mem2 creation
 922:Middlewares/Third_Party/LwIP/src/core/mem.c ****            * also can't move mem->next directly behind mem, since mem->next
 923:Middlewares/Third_Party/LwIP/src/core/mem.c ****            * will always be used at this point!
 924:Middlewares/Third_Party/LwIP/src/core/mem.c ****            */
 925:Middlewares/Third_Party/LwIP/src/core/mem.c ****           mem->used = 1;
 1234              		.loc 1 925 11 is_stmt 1 view .LVU388
 1235              		.loc 1 925 21 is_stmt 0 view .LVU389
 1236 0050 0123     		movs	r3, #1
 1237 0052 0371     		strb	r3, [r0, #4]
 1238              	.LVL115:
ARM GAS  /tmp/ccwe7SmR.s 			page 43


 1239              	.L85:
 926:Middlewares/Third_Party/LwIP/src/core/mem.c ****           MEM_STATS_INC_USED(used, mem->next - mem_to_ptr(mem));
 1240              		.loc 1 926 64 is_stmt 1 view .LVU390
 927:Middlewares/Third_Party/LwIP/src/core/mem.c ****         }
 928:Middlewares/Third_Party/LwIP/src/core/mem.c **** #if LWIP_ALLOW_MEM_FREE_FROM_OTHER_CONTEXT
 929:Middlewares/Third_Party/LwIP/src/core/mem.c **** mem_malloc_adjust_lfree:
 930:Middlewares/Third_Party/LwIP/src/core/mem.c **** #endif /* LWIP_ALLOW_MEM_FREE_FROM_OTHER_CONTEXT */
 931:Middlewares/Third_Party/LwIP/src/core/mem.c ****         if (mem == lfree) {
 1241              		.loc 1 931 9 view .LVU391
 1242              		.loc 1 931 17 is_stmt 0 view .LVU392
 1243 0054 3D4B     		ldr	r3, .L106
 1244 0056 1868     		ldr	r0, [r3]
 1245              		.loc 1 931 12 view .LVU393
 1246 0058 A042     		cmp	r0, r4
 1247 005a 0FD0     		beq	.L86
 1248              	.L87:
 1249              	.LBB4:
 932:Middlewares/Third_Party/LwIP/src/core/mem.c ****           struct mem *cur = lfree;
 933:Middlewares/Third_Party/LwIP/src/core/mem.c ****           /* Find next free block after mem and update lowest free pointer */
 934:Middlewares/Third_Party/LwIP/src/core/mem.c ****           while (cur->used && cur != ram_end) {
 935:Middlewares/Third_Party/LwIP/src/core/mem.c **** #if LWIP_ALLOW_MEM_FREE_FROM_OTHER_CONTEXT
 936:Middlewares/Third_Party/LwIP/src/core/mem.c ****             mem_free_count = 0;
 937:Middlewares/Third_Party/LwIP/src/core/mem.c ****             LWIP_MEM_ALLOC_UNPROTECT();
 938:Middlewares/Third_Party/LwIP/src/core/mem.c ****             /* prevent high interrupt latency... */
 939:Middlewares/Third_Party/LwIP/src/core/mem.c ****             LWIP_MEM_ALLOC_PROTECT();
 940:Middlewares/Third_Party/LwIP/src/core/mem.c ****             if (mem_free_count != 0) {
 941:Middlewares/Third_Party/LwIP/src/core/mem.c ****               /* If mem_free or mem_trim have run, we have to restart since they
 942:Middlewares/Third_Party/LwIP/src/core/mem.c ****                  could have altered our current struct mem or lfree. */
 943:Middlewares/Third_Party/LwIP/src/core/mem.c ****               goto mem_malloc_adjust_lfree;
 944:Middlewares/Third_Party/LwIP/src/core/mem.c ****             }
 945:Middlewares/Third_Party/LwIP/src/core/mem.c **** #endif /* LWIP_ALLOW_MEM_FREE_FROM_OTHER_CONTEXT */
 946:Middlewares/Third_Party/LwIP/src/core/mem.c ****             cur = ptr_to_mem(cur->next);
 947:Middlewares/Third_Party/LwIP/src/core/mem.c ****           }
 948:Middlewares/Third_Party/LwIP/src/core/mem.c ****           lfree = cur;
 949:Middlewares/Third_Party/LwIP/src/core/mem.c ****           LWIP_ASSERT("mem_malloc: !lfree->used", ((lfree == ram_end) || (!lfree->used)));
 1250              		.loc 1 949 11 is_stmt 1 discriminator 5 view .LVU394
 1251              		.loc 1 949 11 discriminator 5 view .LVU395
 1252              	.LBE4:
 950:Middlewares/Third_Party/LwIP/src/core/mem.c ****         }
 951:Middlewares/Third_Party/LwIP/src/core/mem.c ****         LWIP_MEM_ALLOC_UNPROTECT();
 1253              		.loc 1 951 35 discriminator 5 view .LVU396
 952:Middlewares/Third_Party/LwIP/src/core/mem.c ****         sys_mutex_unlock(&mem_mutex);
 1254              		.loc 1 952 37 discriminator 5 view .LVU397
 953:Middlewares/Third_Party/LwIP/src/core/mem.c ****         LWIP_ASSERT("mem_malloc: allocated memory not above ram_end.",
 1255              		.loc 1 953 9 discriminator 5 view .LVU398
 1256              		.loc 1 953 9 discriminator 5 view .LVU399
 1257 005c 2744     		add	r7, r7, r4
 1258 005e 0837     		adds	r7, r7, #8
 1259 0060 3E4B     		ldr	r3, .L106+16
 1260 0062 1B68     		ldr	r3, [r3]
 1261 0064 9F42     		cmp	r7, r3
 1262 0066 1FD8     		bhi	.L101
 1263              	.L90:
 1264              		.loc 1 953 9 discriminator 3 view .LVU400
 1265              		.loc 1 953 9 discriminator 3 view .LVU401
 954:Middlewares/Third_Party/LwIP/src/core/mem.c ****                     (mem_ptr_t)mem + SIZEOF_STRUCT_MEM + size <= (mem_ptr_t)ram_end);
 955:Middlewares/Third_Party/LwIP/src/core/mem.c ****         LWIP_ASSERT("mem_malloc: allocated memory properly aligned.",
ARM GAS  /tmp/ccwe7SmR.s 			page 44


 1266              		.loc 1 955 9 discriminator 3 view .LVU402
 1267              		.loc 1 955 9 discriminator 3 view .LVU403
 1268 0068 14F00305 		ands	r5, r4, #3
 1269              	.LVL116:
 1270              		.loc 1 955 9 is_stmt 0 discriminator 3 view .LVU404
 1271 006c 24D1     		bne	.L102
 1272              	.L91:
 1273              		.loc 1 955 9 is_stmt 1 discriminator 3 view .LVU405
 1274              		.loc 1 955 9 discriminator 3 view .LVU406
 956:Middlewares/Third_Party/LwIP/src/core/mem.c ****                     ((mem_ptr_t)mem + SIZEOF_STRUCT_MEM) % MEM_ALIGNMENT == 0);
 957:Middlewares/Third_Party/LwIP/src/core/mem.c ****         LWIP_ASSERT("mem_malloc: sanity check alignment",
 1275              		.loc 1 957 9 discriminator 3 view .LVU407
 1276              		.loc 1 957 9 discriminator 3 view .LVU408
 1277 006e 5DBB     		cbnz	r5, .L103
 1278              	.L92:
 1279              		.loc 1 957 9 discriminator 3 view .LVU409
 1280              		.loc 1 957 9 discriminator 3 view .LVU410
 958:Middlewares/Third_Party/LwIP/src/core/mem.c ****                     (((mem_ptr_t)mem) & (MEM_ALIGNMENT - 1)) == 0);
 959:Middlewares/Third_Party/LwIP/src/core/mem.c **** 
 960:Middlewares/Third_Party/LwIP/src/core/mem.c **** #if MEM_OVERFLOW_CHECK
 961:Middlewares/Third_Party/LwIP/src/core/mem.c ****         mem_overflow_init_element(mem, size_in);
 962:Middlewares/Third_Party/LwIP/src/core/mem.c **** #endif
 963:Middlewares/Third_Party/LwIP/src/core/mem.c ****         MEM_SANITY();
 1281              		.loc 1 963 21 discriminator 3 view .LVU411
 964:Middlewares/Third_Party/LwIP/src/core/mem.c ****         return (u8_t *)mem + SIZEOF_STRUCT_MEM + MEM_SANITY_OFFSET;
 1282              		.loc 1 964 9 discriminator 3 view .LVU412
 1283              		.loc 1 964 48 is_stmt 0 discriminator 3 view .LVU413
 1284 0070 04F10800 		add	r0, r4, #8
 1285 0074 63E0     		b	.L78
 1286              	.LVL117:
 1287              	.L89:
 1288              	.LBB5:
 946:Middlewares/Third_Party/LwIP/src/core/mem.c ****           }
 1289              		.loc 1 946 13 is_stmt 1 view .LVU414
 946:Middlewares/Third_Party/LwIP/src/core/mem.c ****           }
 1290              		.loc 1 946 19 is_stmt 0 view .LVU415
 1291 0076 0088     		ldrh	r0, [r0]
 1292              	.LVL118:
 946:Middlewares/Third_Party/LwIP/src/core/mem.c ****           }
 1293              		.loc 1 946 19 view .LVU416
 1294 0078 FFF7FEFF 		bl	ptr_to_mem
 1295              	.LVL119:
 1296              	.L86:
 934:Middlewares/Third_Party/LwIP/src/core/mem.c **** #if LWIP_ALLOW_MEM_FREE_FROM_OTHER_CONTEXT
 1297              		.loc 1 934 28 is_stmt 1 view .LVU417
 934:Middlewares/Third_Party/LwIP/src/core/mem.c **** #if LWIP_ALLOW_MEM_FREE_FROM_OTHER_CONTEXT
 1298              		.loc 1 934 21 is_stmt 0 view .LVU418
 1299 007c 0379     		ldrb	r3, [r0, #4]	@ zero_extendqisi2
 934:Middlewares/Third_Party/LwIP/src/core/mem.c **** #if LWIP_ALLOW_MEM_FREE_FROM_OTHER_CONTEXT
 1300              		.loc 1 934 28 view .LVU419
 1301 007e 1BB1     		cbz	r3, .L88
 934:Middlewares/Third_Party/LwIP/src/core/mem.c **** #if LWIP_ALLOW_MEM_FREE_FROM_OTHER_CONTEXT
 1302              		.loc 1 934 35 discriminator 1 view .LVU420
 1303 0080 364A     		ldr	r2, .L106+16
 1304 0082 1268     		ldr	r2, [r2]
 934:Middlewares/Third_Party/LwIP/src/core/mem.c **** #if LWIP_ALLOW_MEM_FREE_FROM_OTHER_CONTEXT
 1305              		.loc 1 934 28 discriminator 1 view .LVU421
ARM GAS  /tmp/ccwe7SmR.s 			page 45


 1306 0084 8242     		cmp	r2, r0
 1307 0086 F6D1     		bne	.L89
 1308              	.L88:
 948:Middlewares/Third_Party/LwIP/src/core/mem.c ****           LWIP_ASSERT("mem_malloc: !lfree->used", ((lfree == ram_end) || (!lfree->used)));
 1309              		.loc 1 948 11 is_stmt 1 view .LVU422
 948:Middlewares/Third_Party/LwIP/src/core/mem.c ****           LWIP_ASSERT("mem_malloc: !lfree->used", ((lfree == ram_end) || (!lfree->used)));
 1310              		.loc 1 948 17 is_stmt 0 view .LVU423
 1311 0088 304A     		ldr	r2, .L106
 1312 008a 1060     		str	r0, [r2]
 949:Middlewares/Third_Party/LwIP/src/core/mem.c ****         }
 1313              		.loc 1 949 11 is_stmt 1 view .LVU424
 949:Middlewares/Third_Party/LwIP/src/core/mem.c ****         }
 1314              		.loc 1 949 11 view .LVU425
 1315 008c 334A     		ldr	r2, .L106+16
 1316 008e 1268     		ldr	r2, [r2]
 1317 0090 8242     		cmp	r2, r0
 1318 0092 E3D0     		beq	.L87
 949:Middlewares/Third_Party/LwIP/src/core/mem.c ****         }
 1319              		.loc 1 949 11 is_stmt 0 discriminator 1 view .LVU426
 1320 0094 002B     		cmp	r3, #0
 1321 0096 E1D0     		beq	.L87
 949:Middlewares/Third_Party/LwIP/src/core/mem.c ****         }
 1322              		.loc 1 949 11 is_stmt 1 discriminator 3 view .LVU427
 949:Middlewares/Third_Party/LwIP/src/core/mem.c ****         }
 1323              		.loc 1 949 11 discriminator 3 view .LVU428
 1324 0098 2D4B     		ldr	r3, .L106+4
 1325 009a 40F2B532 		movw	r2, #949
 1326 009e 3049     		ldr	r1, .L106+20
 1327 00a0 2D48     		ldr	r0, .L106+12
 1328              	.LVL120:
 949:Middlewares/Third_Party/LwIP/src/core/mem.c ****         }
 1329              		.loc 1 949 11 is_stmt 0 discriminator 3 view .LVU429
 1330 00a2 FFF7FEFF 		bl	printf
 1331              	.LVL121:
 949:Middlewares/Third_Party/LwIP/src/core/mem.c ****         }
 1332              		.loc 1 949 11 discriminator 3 view .LVU430
 1333 00a6 D9E7     		b	.L87
 1334              	.LVL122:
 1335              	.L101:
 949:Middlewares/Third_Party/LwIP/src/core/mem.c ****         }
 1336              		.loc 1 949 11 discriminator 3 view .LVU431
 1337              	.LBE5:
 953:Middlewares/Third_Party/LwIP/src/core/mem.c ****                     (mem_ptr_t)mem + SIZEOF_STRUCT_MEM + size <= (mem_ptr_t)ram_end);
 1338              		.loc 1 953 9 is_stmt 1 discriminator 1 view .LVU432
 953:Middlewares/Third_Party/LwIP/src/core/mem.c ****                     (mem_ptr_t)mem + SIZEOF_STRUCT_MEM + size <= (mem_ptr_t)ram_end);
 1339              		.loc 1 953 9 discriminator 1 view .LVU433
 1340 00a8 294B     		ldr	r3, .L106+4
 1341 00aa 40F2B932 		movw	r2, #953
 1342 00ae 2D49     		ldr	r1, .L106+24
 1343 00b0 2948     		ldr	r0, .L106+12
 1344 00b2 FFF7FEFF 		bl	printf
 1345              	.LVL123:
 1346 00b6 D7E7     		b	.L90
 1347              	.LVL124:
 1348              	.L102:
 955:Middlewares/Third_Party/LwIP/src/core/mem.c ****                     ((mem_ptr_t)mem + SIZEOF_STRUCT_MEM) % MEM_ALIGNMENT == 0);
 1349              		.loc 1 955 9 discriminator 1 view .LVU434
ARM GAS  /tmp/ccwe7SmR.s 			page 46


 955:Middlewares/Third_Party/LwIP/src/core/mem.c ****                     ((mem_ptr_t)mem + SIZEOF_STRUCT_MEM) % MEM_ALIGNMENT == 0);
 1350              		.loc 1 955 9 discriminator 1 view .LVU435
 1351 00b8 254B     		ldr	r3, .L106+4
 1352 00ba 40F2BB32 		movw	r2, #955
 1353 00be 2A49     		ldr	r1, .L106+28
 1354 00c0 2548     		ldr	r0, .L106+12
 1355 00c2 FFF7FEFF 		bl	printf
 1356              	.LVL125:
 1357 00c6 D2E7     		b	.L91
 1358              	.L103:
 957:Middlewares/Third_Party/LwIP/src/core/mem.c ****                     (((mem_ptr_t)mem) & (MEM_ALIGNMENT - 1)) == 0);
 1359              		.loc 1 957 9 discriminator 1 view .LVU436
 957:Middlewares/Third_Party/LwIP/src/core/mem.c ****                     (((mem_ptr_t)mem) & (MEM_ALIGNMENT - 1)) == 0);
 1360              		.loc 1 957 9 discriminator 1 view .LVU437
 1361 00c8 214B     		ldr	r3, .L106+4
 1362 00ca 40F2BD32 		movw	r2, #957
 1363 00ce 2749     		ldr	r1, .L106+32
 1364 00d0 2148     		ldr	r0, .L106+12
 1365 00d2 FFF7FEFF 		bl	printf
 1366              	.LVL126:
 1367 00d6 CBE7     		b	.L92
 1368              	.LVL127:
 1369              	.L82:
 871:Middlewares/Third_Party/LwIP/src/core/mem.c ****       mem = ptr_to_mem(ptr);
 1370              		.loc 1 871 14 view .LVU438
 1371 00d8 2588     		ldrh	r5, [r4]
 1372              	.LVL128:
 1373              	.L81:
 870:Middlewares/Third_Party/LwIP/src/core/mem.c ****          ptr = ptr_to_mem(ptr)->next) {
 1374              		.loc 1 870 39 discriminator 1 view .LVU439
 1375 00da A846     		mov	r8, r5
 870:Middlewares/Third_Party/LwIP/src/core/mem.c ****          ptr = ptr_to_mem(ptr)->next) {
 1376              		.loc 1 870 58 is_stmt 0 discriminator 1 view .LVU440
 1377 00dc 3746     		mov	r7, r6
 1378 00de C6F5A043 		rsb	r3, r6, #20480
 870:Middlewares/Third_Party/LwIP/src/core/mem.c ****          ptr = ptr_to_mem(ptr)->next) {
 1379              		.loc 1 870 39 discriminator 1 view .LVU441
 1380 00e2 9D42     		cmp	r5, r3
 1381 00e4 2AD2     		bcs	.L104
 872:Middlewares/Third_Party/LwIP/src/core/mem.c **** #if LWIP_ALLOW_MEM_FREE_FROM_OTHER_CONTEXT
 1382              		.loc 1 872 7 is_stmt 1 view .LVU442
 872:Middlewares/Third_Party/LwIP/src/core/mem.c **** #if LWIP_ALLOW_MEM_FREE_FROM_OTHER_CONTEXT
 1383              		.loc 1 872 13 is_stmt 0 view .LVU443
 1384 00e6 2846     		mov	r0, r5
 1385 00e8 FFF7FEFF 		bl	ptr_to_mem
 1386              	.LVL129:
 1387 00ec 0446     		mov	r4, r0
 1388              	.LVL130:
 886:Middlewares/Third_Party/LwIP/src/core/mem.c ****           (mem->next - (ptr + SIZEOF_STRUCT_MEM)) >= size) {
 1389              		.loc 1 886 7 is_stmt 1 view .LVU444
 886:Middlewares/Third_Party/LwIP/src/core/mem.c ****           (mem->next - (ptr + SIZEOF_STRUCT_MEM)) >= size) {
 1390              		.loc 1 886 16 is_stmt 0 view .LVU445
 1391 00ee 0379     		ldrb	r3, [r0, #4]	@ zero_extendqisi2
 886:Middlewares/Third_Party/LwIP/src/core/mem.c ****           (mem->next - (ptr + SIZEOF_STRUCT_MEM)) >= size) {
 1392              		.loc 1 886 10 view .LVU446
 1393 00f0 002B     		cmp	r3, #0
 1394 00f2 F1D1     		bne	.L82
ARM GAS  /tmp/ccwe7SmR.s 			page 47


 887:Middlewares/Third_Party/LwIP/src/core/mem.c ****         /* mem is not used and at least perfect fit is possible:
 1395              		.loc 1 887 15 discriminator 1 view .LVU447
 1396 00f4 0388     		ldrh	r3, [r0]
 887:Middlewares/Third_Party/LwIP/src/core/mem.c ****         /* mem is not used and at least perfect fit is possible:
 1397              		.loc 1 887 22 discriminator 1 view .LVU448
 1398 00f6 A3EB0803 		sub	r3, r3, r8
 1399 00fa 083B     		subs	r3, r3, #8
 886:Middlewares/Third_Party/LwIP/src/core/mem.c ****           (mem->next - (ptr + SIZEOF_STRUCT_MEM)) >= size) {
 1400              		.loc 1 886 24 discriminator 1 view .LVU449
 1401 00fc BB42     		cmp	r3, r7
 1402 00fe EBD3     		bcc	.L82
 891:Middlewares/Third_Party/LwIP/src/core/mem.c ****           /* (in addition to the above, we test if another struct mem (SIZEOF_STRUCT_MEM) containin
 1403              		.loc 1 891 9 is_stmt 1 view .LVU450
 891:Middlewares/Third_Party/LwIP/src/core/mem.c ****           /* (in addition to the above, we test if another struct mem (SIZEOF_STRUCT_MEM) containin
 1404              		.loc 1 891 80 is_stmt 0 view .LVU451
 1405 0100 07F11402 		add	r2, r7, #20
 891:Middlewares/Third_Party/LwIP/src/core/mem.c ****           /* (in addition to the above, we test if another struct mem (SIZEOF_STRUCT_MEM) containin
 1406              		.loc 1 891 12 view .LVU452
 1407 0104 9342     		cmp	r3, r2
 1408 0106 A3D3     		bcc	.L83
 902:Middlewares/Third_Party/LwIP/src/core/mem.c ****           LWIP_ASSERT("invalid next ptr",ptr2 != MEM_SIZE_ALIGNED);
 1409              		.loc 1 902 11 is_stmt 1 view .LVU453
 902:Middlewares/Third_Party/LwIP/src/core/mem.c ****           LWIP_ASSERT("invalid next ptr",ptr2 != MEM_SIZE_ALIGNED);
 1410              		.loc 1 902 55 is_stmt 0 view .LVU454
 1411 0108 2E44     		add	r6, r6, r5
 1412              	.LVL131:
 902:Middlewares/Third_Party/LwIP/src/core/mem.c ****           LWIP_ASSERT("invalid next ptr",ptr2 != MEM_SIZE_ALIGNED);
 1413              		.loc 1 902 55 view .LVU455
 1414 010a B6B2     		uxth	r6, r6
 902:Middlewares/Third_Party/LwIP/src/core/mem.c ****           LWIP_ASSERT("invalid next ptr",ptr2 != MEM_SIZE_ALIGNED);
 1415              		.loc 1 902 16 view .LVU456
 1416 010c 0836     		adds	r6, r6, #8
 1417 010e B6B2     		uxth	r6, r6
 1418              	.LVL132:
 903:Middlewares/Third_Party/LwIP/src/core/mem.c ****           /* create mem2 struct */
 1419              		.loc 1 903 11 is_stmt 1 view .LVU457
 903:Middlewares/Third_Party/LwIP/src/core/mem.c ****           /* create mem2 struct */
 1420              		.loc 1 903 11 view .LVU458
 1421 0110 B6F5A04F 		cmp	r6, #20480
 1422 0114 94D0     		beq	.L105
 1423              	.LVL133:
 1424              	.L84:
 903:Middlewares/Third_Party/LwIP/src/core/mem.c ****           /* create mem2 struct */
 1425              		.loc 1 903 11 discriminator 3 view .LVU459
 903:Middlewares/Third_Party/LwIP/src/core/mem.c ****           /* create mem2 struct */
 1426              		.loc 1 903 11 discriminator 3 view .LVU460
 905:Middlewares/Third_Party/LwIP/src/core/mem.c ****           mem2->used = 0;
 1427              		.loc 1 905 11 discriminator 3 view .LVU461
 905:Middlewares/Third_Party/LwIP/src/core/mem.c ****           mem2->used = 0;
 1428              		.loc 1 905 18 is_stmt 0 discriminator 3 view .LVU462
 1429 0116 3046     		mov	r0, r6
 1430 0118 FFF7FEFF 		bl	ptr_to_mem
 1431              	.LVL134:
 906:Middlewares/Third_Party/LwIP/src/core/mem.c ****           mem2->next = mem->next;
 1432              		.loc 1 906 11 is_stmt 1 discriminator 3 view .LVU463
 906:Middlewares/Third_Party/LwIP/src/core/mem.c ****           mem2->next = mem->next;
 1433              		.loc 1 906 22 is_stmt 0 discriminator 3 view .LVU464
ARM GAS  /tmp/ccwe7SmR.s 			page 48


 1434 011c 0023     		movs	r3, #0
 1435 011e 0371     		strb	r3, [r0, #4]
 907:Middlewares/Third_Party/LwIP/src/core/mem.c ****           mem2->prev = ptr;
 1436              		.loc 1 907 11 is_stmt 1 discriminator 3 view .LVU465
 907:Middlewares/Third_Party/LwIP/src/core/mem.c ****           mem2->prev = ptr;
 1437              		.loc 1 907 27 is_stmt 0 discriminator 3 view .LVU466
 1438 0120 2388     		ldrh	r3, [r4]
 907:Middlewares/Third_Party/LwIP/src/core/mem.c ****           mem2->prev = ptr;
 1439              		.loc 1 907 22 discriminator 3 view .LVU467
 1440 0122 0380     		strh	r3, [r0]	@ movhi
 908:Middlewares/Third_Party/LwIP/src/core/mem.c ****           /* and insert it between mem and mem->next */
 1441              		.loc 1 908 11 is_stmt 1 discriminator 3 view .LVU468
 908:Middlewares/Third_Party/LwIP/src/core/mem.c ****           /* and insert it between mem and mem->next */
 1442              		.loc 1 908 22 is_stmt 0 discriminator 3 view .LVU469
 1443 0124 4580     		strh	r5, [r0, #2]	@ movhi
 910:Middlewares/Third_Party/LwIP/src/core/mem.c ****           mem->used = 1;
 1444              		.loc 1 910 11 is_stmt 1 discriminator 3 view .LVU470
 910:Middlewares/Third_Party/LwIP/src/core/mem.c ****           mem->used = 1;
 1445              		.loc 1 910 21 is_stmt 0 discriminator 3 view .LVU471
 1446 0126 2680     		strh	r6, [r4]	@ movhi
 911:Middlewares/Third_Party/LwIP/src/core/mem.c **** 
 1447              		.loc 1 911 11 is_stmt 1 discriminator 3 view .LVU472
 911:Middlewares/Third_Party/LwIP/src/core/mem.c **** 
 1448              		.loc 1 911 21 is_stmt 0 discriminator 3 view .LVU473
 1449 0128 0123     		movs	r3, #1
 1450 012a 2371     		strb	r3, [r4, #4]
 913:Middlewares/Third_Party/LwIP/src/core/mem.c ****             ptr_to_mem(mem2->next)->prev = ptr2;
 1451              		.loc 1 913 11 is_stmt 1 discriminator 3 view .LVU474
 913:Middlewares/Third_Party/LwIP/src/core/mem.c ****             ptr_to_mem(mem2->next)->prev = ptr2;
 1452              		.loc 1 913 19 is_stmt 0 discriminator 3 view .LVU475
 1453 012c 0088     		ldrh	r0, [r0]
 1454              	.LVL135:
 913:Middlewares/Third_Party/LwIP/src/core/mem.c ****             ptr_to_mem(mem2->next)->prev = ptr2;
 1455              		.loc 1 913 14 discriminator 3 view .LVU476
 1456 012e B0F5A04F 		cmp	r0, #20480
 1457 0132 8FD0     		beq	.L85
 914:Middlewares/Third_Party/LwIP/src/core/mem.c ****           }
 1458              		.loc 1 914 13 is_stmt 1 view .LVU477
 1459 0134 FFF7FEFF 		bl	ptr_to_mem
 1460              	.LVL136:
 914:Middlewares/Third_Party/LwIP/src/core/mem.c ****           }
 1461              		.loc 1 914 42 is_stmt 0 view .LVU478
 1462 0138 4680     		strh	r6, [r0, #2]	@ movhi
 1463 013a 8BE7     		b	.L85
 1464              	.LVL137:
 1465              	.L104:
 965:Middlewares/Third_Party/LwIP/src/core/mem.c ****       }
 966:Middlewares/Third_Party/LwIP/src/core/mem.c ****     }
 967:Middlewares/Third_Party/LwIP/src/core/mem.c **** #if LWIP_ALLOW_MEM_FREE_FROM_OTHER_CONTEXT
 968:Middlewares/Third_Party/LwIP/src/core/mem.c ****     /* if we got interrupted by a mem_free, try again */
 969:Middlewares/Third_Party/LwIP/src/core/mem.c ****   } while (local_mem_free_count != 0);
 970:Middlewares/Third_Party/LwIP/src/core/mem.c **** #endif /* LWIP_ALLOW_MEM_FREE_FROM_OTHER_CONTEXT */
 971:Middlewares/Third_Party/LwIP/src/core/mem.c ****   MEM_STATS_INC(err);
 972:Middlewares/Third_Party/LwIP/src/core/mem.c ****   LWIP_MEM_ALLOC_UNPROTECT();
 973:Middlewares/Third_Party/LwIP/src/core/mem.c ****   sys_mutex_unlock(&mem_mutex);
 974:Middlewares/Third_Party/LwIP/src/core/mem.c ****   LWIP_DEBUGF(MEM_DEBUG | LWIP_DBG_LEVEL_SERIOUS, ("mem_malloc: could not allocate %"S16_F" bytes\n
 975:Middlewares/Third_Party/LwIP/src/core/mem.c ****   return NULL;
ARM GAS  /tmp/ccwe7SmR.s 			page 49


 1466              		.loc 1 975 10 view .LVU479
 1467 013c 0020     		movs	r0, #0
 1468              	.LVL138:
 1469              	.L78:
 976:Middlewares/Third_Party/LwIP/src/core/mem.c **** }
 1470              		.loc 1 976 1 view .LVU480
 1471 013e BDE8F081 		pop	{r4, r5, r6, r7, r8, pc}
 1472              	.LVL139:
 1473              	.L94:
 1474              	.LCFI7:
 1475              		.cfi_def_cfa_offset 0
 1476              		.cfi_restore 4
 1477              		.cfi_restore 5
 1478              		.cfi_restore 6
 1479              		.cfi_restore 7
 1480              		.cfi_restore 8
 1481              		.cfi_restore 14
 841:Middlewares/Third_Party/LwIP/src/core/mem.c ****   }
 1482              		.loc 1 841 12 view .LVU481
 1483 0142 0020     		movs	r0, #0
 1484              	.LVL140:
 1485              		.loc 1 976 1 view .LVU482
 1486 0144 7047     		bx	lr
 1487              	.LVL141:
 1488              	.L96:
 1489              	.LCFI8:
 1490              		.cfi_def_cfa_offset 24
 1491              		.cfi_offset 4, -24
 1492              		.cfi_offset 5, -20
 1493              		.cfi_offset 6, -16
 1494              		.cfi_offset 7, -12
 1495              		.cfi_offset 8, -8
 1496              		.cfi_offset 14, -4
 855:Middlewares/Third_Party/LwIP/src/core/mem.c ****   }
 1497              		.loc 1 855 12 view .LVU483
 1498 0146 0020     		movs	r0, #0
 1499              	.LVL142:
 855:Middlewares/Third_Party/LwIP/src/core/mem.c ****   }
 1500              		.loc 1 855 12 view .LVU484
 1501 0148 F9E7     		b	.L78
 1502              	.L107:
 1503 014a 00BF     		.align	2
 1504              	.L106:
 1505 014c 00000000 		.word	lfree
 1506 0150 00000000 		.word	.LC0
 1507 0154 38000000 		.word	.LC12
 1508 0158 44000000 		.word	.LC2
 1509 015c 00000000 		.word	ram_end
 1510 0160 00000000 		.word	.LC13
 1511 0164 1C000000 		.word	.LC14
 1512 0168 4C000000 		.word	.LC15
 1513 016c 7C000000 		.word	.LC16
 1514              		.cfi_endproc
 1515              	.LFE173:
 1517              		.section	.text.mem_calloc,"ax",%progbits
 1518              		.align	1
 1519              		.global	mem_calloc
ARM GAS  /tmp/ccwe7SmR.s 			page 50


 1520              		.syntax unified
 1521              		.thumb
 1522              		.thumb_func
 1524              	mem_calloc:
 1525              	.LVL143:
 1526              	.LFB174:
 977:Middlewares/Third_Party/LwIP/src/core/mem.c **** 
 978:Middlewares/Third_Party/LwIP/src/core/mem.c **** #endif /* MEM_USE_POOLS */
 979:Middlewares/Third_Party/LwIP/src/core/mem.c **** 
 980:Middlewares/Third_Party/LwIP/src/core/mem.c **** #if MEM_LIBC_MALLOC && (!LWIP_STATS || !MEM_STATS)
 981:Middlewares/Third_Party/LwIP/src/core/mem.c **** void *
 982:Middlewares/Third_Party/LwIP/src/core/mem.c **** mem_calloc(mem_size_t count, mem_size_t size)
 983:Middlewares/Third_Party/LwIP/src/core/mem.c **** {
 984:Middlewares/Third_Party/LwIP/src/core/mem.c ****   return mem_clib_calloc(count, size);
 985:Middlewares/Third_Party/LwIP/src/core/mem.c **** }
 986:Middlewares/Third_Party/LwIP/src/core/mem.c **** 
 987:Middlewares/Third_Party/LwIP/src/core/mem.c **** #else /* MEM_LIBC_MALLOC && (!LWIP_STATS || !MEM_STATS) */
 988:Middlewares/Third_Party/LwIP/src/core/mem.c **** /**
 989:Middlewares/Third_Party/LwIP/src/core/mem.c ****  * Contiguously allocates enough space for count objects that are size bytes
 990:Middlewares/Third_Party/LwIP/src/core/mem.c ****  * of memory each and returns a pointer to the allocated memory.
 991:Middlewares/Third_Party/LwIP/src/core/mem.c ****  *
 992:Middlewares/Third_Party/LwIP/src/core/mem.c ****  * The allocated memory is filled with bytes of value zero.
 993:Middlewares/Third_Party/LwIP/src/core/mem.c ****  *
 994:Middlewares/Third_Party/LwIP/src/core/mem.c ****  * @param count number of objects to allocate
 995:Middlewares/Third_Party/LwIP/src/core/mem.c ****  * @param size size of the objects to allocate
 996:Middlewares/Third_Party/LwIP/src/core/mem.c ****  * @return pointer to allocated memory / NULL pointer if there is an error
 997:Middlewares/Third_Party/LwIP/src/core/mem.c ****  */
 998:Middlewares/Third_Party/LwIP/src/core/mem.c **** void *
 999:Middlewares/Third_Party/LwIP/src/core/mem.c **** mem_calloc(mem_size_t count, mem_size_t size)
1000:Middlewares/Third_Party/LwIP/src/core/mem.c **** {
 1527              		.loc 1 1000 1 is_stmt 1 view -0
 1528              		.cfi_startproc
 1529              		@ args = 0, pretend = 0, frame = 0
 1530              		@ frame_needed = 0, uses_anonymous_args = 0
 1531              		.loc 1 1000 1 is_stmt 0 view .LVU486
 1532 0000 38B5     		push	{r3, r4, r5, lr}
 1533              	.LCFI9:
 1534              		.cfi_def_cfa_offset 16
 1535              		.cfi_offset 3, -16
 1536              		.cfi_offset 4, -12
 1537              		.cfi_offset 5, -8
 1538              		.cfi_offset 14, -4
1001:Middlewares/Third_Party/LwIP/src/core/mem.c ****   void *p;
 1539              		.loc 1 1001 3 is_stmt 1 view .LVU487
1002:Middlewares/Third_Party/LwIP/src/core/mem.c ****   size_t alloc_size = (size_t)count * (size_t)size;
 1540              		.loc 1 1002 3 view .LVU488
 1541              		.loc 1 1002 10 is_stmt 0 view .LVU489
 1542 0002 01FB00F4 		mul	r4, r1, r0
 1543              	.LVL144:
1003:Middlewares/Third_Party/LwIP/src/core/mem.c **** 
1004:Middlewares/Third_Party/LwIP/src/core/mem.c ****   if ((size_t)(mem_size_t)alloc_size != alloc_size) {
 1544              		.loc 1 1004 3 is_stmt 1 view .LVU490
 1545              		.loc 1 1004 6 is_stmt 0 view .LVU491
 1546 0006 B4F5803F 		cmp	r4, #65536
 1547 000a 0AD2     		bcs	.L110
 1548 000c A0B2     		uxth	r0, r4
 1549              	.LVL145:
ARM GAS  /tmp/ccwe7SmR.s 			page 51


1005:Middlewares/Third_Party/LwIP/src/core/mem.c ****     LWIP_DEBUGF(MEM_DEBUG | LWIP_DBG_LEVEL_SERIOUS, ("mem_calloc: could not allocate %"SZT_F" bytes
1006:Middlewares/Third_Party/LwIP/src/core/mem.c ****     return NULL;
1007:Middlewares/Third_Party/LwIP/src/core/mem.c ****   }
1008:Middlewares/Third_Party/LwIP/src/core/mem.c **** 
1009:Middlewares/Third_Party/LwIP/src/core/mem.c ****   /* allocate 'count' objects of size 'size' */
1010:Middlewares/Third_Party/LwIP/src/core/mem.c ****   p = mem_malloc((mem_size_t)alloc_size);
 1550              		.loc 1 1010 3 is_stmt 1 view .LVU492
 1551              		.loc 1 1010 7 is_stmt 0 view .LVU493
 1552 000e FFF7FEFF 		bl	mem_malloc
 1553              	.LVL146:
1011:Middlewares/Third_Party/LwIP/src/core/mem.c ****   if (p) {
 1554              		.loc 1 1011 3 is_stmt 1 view .LVU494
 1555              		.loc 1 1011 6 is_stmt 0 view .LVU495
 1556 0012 0546     		mov	r5, r0
 1557 0014 18B1     		cbz	r0, .L108
1012:Middlewares/Third_Party/LwIP/src/core/mem.c ****     /* zero the memory */
1013:Middlewares/Third_Party/LwIP/src/core/mem.c ****     memset(p, 0, alloc_size);
 1558              		.loc 1 1013 5 is_stmt 1 view .LVU496
 1559 0016 2246     		mov	r2, r4
 1560 0018 0021     		movs	r1, #0
 1561 001a FFF7FEFF 		bl	memset
 1562              	.LVL147:
 1563              	.L108:
1014:Middlewares/Third_Party/LwIP/src/core/mem.c ****   }
1015:Middlewares/Third_Party/LwIP/src/core/mem.c ****   return p;
1016:Middlewares/Third_Party/LwIP/src/core/mem.c **** }
 1564              		.loc 1 1016 1 is_stmt 0 view .LVU497
 1565 001e 2846     		mov	r0, r5
 1566 0020 38BD     		pop	{r3, r4, r5, pc}
 1567              	.LVL148:
 1568              	.L110:
1006:Middlewares/Third_Party/LwIP/src/core/mem.c ****   }
 1569              		.loc 1 1006 12 view .LVU498
 1570 0022 0025     		movs	r5, #0
 1571 0024 FBE7     		b	.L108
 1572              		.cfi_endproc
 1573              	.LFE174:
 1575              		.section	.bss.lfree,"aw",%nobits
 1576              		.align	2
 1579              	lfree:
 1580 0000 00000000 		.space	4
 1581              		.section	.bss.ram_end,"aw",%nobits
 1582              		.align	2
 1585              	ram_end:
 1586 0000 00000000 		.space	4
 1587              		.section	.bss.ram,"aw",%nobits
 1588              		.align	2
 1591              	ram:
 1592 0000 00000000 		.space	4
 1593              		.global	ram_heap
 1594              		.section	.bss.ram_heap,"aw",%nobits
 1595              		.align	2
 1598              	ram_heap:
 1599 0000 00000000 		.space	20499
 1599      00000000 
 1599      00000000 
 1599      00000000 
ARM GAS  /tmp/ccwe7SmR.s 			page 52


 1599      00000000 
 1600              		.text
 1601              	.Letext0:
 1602              		.file 2 "/usr/lib/gcc/arm-none-eabi/12.2.1/include/stdint.h"
 1603              		.file 3 "/usr/lib/gcc/arm-none-eabi/12.2.1/include/stddef.h"
 1604              		.file 4 "Middlewares/Third_Party/LwIP/src/include/lwip/arch.h"
 1605              		.file 5 "Middlewares/Third_Party/LwIP/src/include/lwip/mem.h"
 1606              		.file 6 "Middlewares/Third_Party/LwIP/src/include/lwip/memp.h"
 1607              		.file 7 "Middlewares/Third_Party/LwIP/src/include/lwip/err.h"
 1608              		.file 8 "/usr/include/newlib/string.h"
 1609              		.file 9 "/usr/include/newlib/stdio.h"
 1610              		.file 10 "<built-in>"
ARM GAS  /tmp/ccwe7SmR.s 			page 53


DEFINED SYMBOLS
                            *ABS*:00000000 mem.c
     /tmp/ccwe7SmR.s:20     .text.ptr_to_mem:00000000 $t
     /tmp/ccwe7SmR.s:25     .text.ptr_to_mem:00000000 ptr_to_mem
     /tmp/ccwe7SmR.s:45     .text.ptr_to_mem:00000008 $d
     /tmp/ccwe7SmR.s:1591   .bss.ram:00000000 ram
     /tmp/ccwe7SmR.s:50     .text.mem_to_ptr:00000000 $t
     /tmp/ccwe7SmR.s:55     .text.mem_to_ptr:00000000 mem_to_ptr
     /tmp/ccwe7SmR.s:75     .text.mem_to_ptr:0000000c $d
     /tmp/ccwe7SmR.s:80     .text.mem_link_valid:00000000 $t
     /tmp/ccwe7SmR.s:85     .text.mem_link_valid:00000000 mem_link_valid
     /tmp/ccwe7SmR.s:201    .text.mem_link_valid:00000058 $d
     /tmp/ccwe7SmR.s:1585   .bss.ram_end:00000000 ram_end
     /tmp/ccwe7SmR.s:206    .rodata.plug_holes.str1.4:00000000 $d
     /tmp/ccwe7SmR.s:225    .text.plug_holes:00000000 $t
     /tmp/ccwe7SmR.s:230    .text.plug_holes:00000000 plug_holes
     /tmp/ccwe7SmR.s:438    .text.plug_holes:000000d8 $d
     /tmp/ccwe7SmR.s:1579   .bss.lfree:00000000 lfree
     /tmp/ccwe7SmR.s:451    .text.mem_init:00000000 $t
     /tmp/ccwe7SmR.s:457    .text.mem_init:00000000 mem_init
     /tmp/ccwe7SmR.s:529    .text.mem_init:00000030 $d
     /tmp/ccwe7SmR.s:1598   .bss.ram_heap:00000000 ram_heap
     /tmp/ccwe7SmR.s:537    .rodata.mem_free.str1.4:00000000 $d
     /tmp/ccwe7SmR.s:550    .text.mem_free:00000000 $t
     /tmp/ccwe7SmR.s:556    .text.mem_free:00000000 mem_free
     /tmp/ccwe7SmR.s:738    .text.mem_free:00000090 $d
     /tmp/ccwe7SmR.s:751    .rodata.mem_trim.str1.4:00000000 $d
     /tmp/ccwe7SmR.s:761    .text.mem_trim:00000000 $t
     /tmp/ccwe7SmR.s:767    .text.mem_trim:00000000 mem_trim
     /tmp/ccwe7SmR.s:1120   .text.mem_trim:00000164 $d
     /tmp/ccwe7SmR.s:1132   .rodata.mem_malloc.str1.4:00000000 $d
     /tmp/ccwe7SmR.s:1145   .text.mem_malloc:00000000 $t
     /tmp/ccwe7SmR.s:1151   .text.mem_malloc:00000000 mem_malloc
     /tmp/ccwe7SmR.s:1505   .text.mem_malloc:0000014c $d
     /tmp/ccwe7SmR.s:1518   .text.mem_calloc:00000000 $t
     /tmp/ccwe7SmR.s:1524   .text.mem_calloc:00000000 mem_calloc
     /tmp/ccwe7SmR.s:1576   .bss.lfree:00000000 $d
     /tmp/ccwe7SmR.s:1582   .bss.ram_end:00000000 $d
     /tmp/ccwe7SmR.s:1588   .bss.ram:00000000 $d
     /tmp/ccwe7SmR.s:1595   .bss.ram_heap:00000000 $d

UNDEFINED SYMBOLS
printf
memset
