ARM GAS  /tmp/ccawya4i.s 			page 1


   1              		.cpu cortex-m7
   2              		.arch armv7e-m
   3              		.fpu fpv5-d16
   4              		.eabi_attribute 28, 1
   5              		.eabi_attribute 20, 1
   6              		.eabi_attribute 21, 1
   7              		.eabi_attribute 23, 3
   8              		.eabi_attribute 24, 1
   9              		.eabi_attribute 25, 1
  10              		.eabi_attribute 26, 1
  11              		.eabi_attribute 30, 1
  12              		.eabi_attribute 34, 1
  13              		.eabi_attribute 18, 4
  14              		.file	"pbuf.c"
  15              		.text
  16              	.Ltext0:
  17              		.cfi_sections	.debug_frame
  18              		.file 1 "Middlewares/Third_Party/LwIP/src/core/pbuf.c"
  19              		.section	.text.pbuf_pool_is_empty,"ax",%progbits
  20              		.align	1
  21              		.syntax unified
  22              		.thumb
  23              		.thumb_func
  25              	pbuf_pool_is_empty:
  26              	.LFB167:
   1:Middlewares/Third_Party/LwIP/src/core/pbuf.c **** /**
   2:Middlewares/Third_Party/LwIP/src/core/pbuf.c ****  * @file
   3:Middlewares/Third_Party/LwIP/src/core/pbuf.c ****  * Packet buffer management
   4:Middlewares/Third_Party/LwIP/src/core/pbuf.c ****  */
   5:Middlewares/Third_Party/LwIP/src/core/pbuf.c **** 
   6:Middlewares/Third_Party/LwIP/src/core/pbuf.c **** /**
   7:Middlewares/Third_Party/LwIP/src/core/pbuf.c ****  * @defgroup pbuf Packet buffers (PBUF)
   8:Middlewares/Third_Party/LwIP/src/core/pbuf.c ****  * @ingroup infrastructure
   9:Middlewares/Third_Party/LwIP/src/core/pbuf.c ****  *
  10:Middlewares/Third_Party/LwIP/src/core/pbuf.c ****  * Packets are built from the pbuf data structure. It supports dynamic
  11:Middlewares/Third_Party/LwIP/src/core/pbuf.c ****  * memory allocation for packet contents or can reference externally
  12:Middlewares/Third_Party/LwIP/src/core/pbuf.c ****  * managed packet contents both in RAM and ROM. Quick allocation for
  13:Middlewares/Third_Party/LwIP/src/core/pbuf.c ****  * incoming packets is provided through pools with fixed sized pbufs.
  14:Middlewares/Third_Party/LwIP/src/core/pbuf.c ****  *
  15:Middlewares/Third_Party/LwIP/src/core/pbuf.c ****  * A packet may span over multiple pbufs, chained as a singly linked
  16:Middlewares/Third_Party/LwIP/src/core/pbuf.c ****  * list. This is called a "pbuf chain".
  17:Middlewares/Third_Party/LwIP/src/core/pbuf.c ****  *
  18:Middlewares/Third_Party/LwIP/src/core/pbuf.c ****  * Multiple packets may be queued, also using this singly linked list.
  19:Middlewares/Third_Party/LwIP/src/core/pbuf.c ****  * This is called a "packet queue".
  20:Middlewares/Third_Party/LwIP/src/core/pbuf.c ****  *
  21:Middlewares/Third_Party/LwIP/src/core/pbuf.c ****  * So, a packet queue consists of one or more pbuf chains, each of
  22:Middlewares/Third_Party/LwIP/src/core/pbuf.c ****  * which consist of one or more pbufs. CURRENTLY, PACKET QUEUES ARE
  23:Middlewares/Third_Party/LwIP/src/core/pbuf.c ****  * NOT SUPPORTED!!! Use helper structs to queue multiple packets.
  24:Middlewares/Third_Party/LwIP/src/core/pbuf.c ****  *
  25:Middlewares/Third_Party/LwIP/src/core/pbuf.c ****  * The differences between a pbuf chain and a packet queue are very
  26:Middlewares/Third_Party/LwIP/src/core/pbuf.c ****  * precise but subtle.
  27:Middlewares/Third_Party/LwIP/src/core/pbuf.c ****  *
  28:Middlewares/Third_Party/LwIP/src/core/pbuf.c ****  * The last pbuf of a packet has a ->tot_len field that equals the
  29:Middlewares/Third_Party/LwIP/src/core/pbuf.c ****  * ->len field. It can be found by traversing the list. If the last
  30:Middlewares/Third_Party/LwIP/src/core/pbuf.c ****  * pbuf of a packet has a ->next field other than NULL, more packets
  31:Middlewares/Third_Party/LwIP/src/core/pbuf.c ****  * are on the queue.
  32:Middlewares/Third_Party/LwIP/src/core/pbuf.c ****  *
ARM GAS  /tmp/ccawya4i.s 			page 2


  33:Middlewares/Third_Party/LwIP/src/core/pbuf.c ****  * Therefore, looping through a pbuf of a single packet, has an
  34:Middlewares/Third_Party/LwIP/src/core/pbuf.c ****  * loop end condition (tot_len == p->len), NOT (next == NULL).
  35:Middlewares/Third_Party/LwIP/src/core/pbuf.c ****  *
  36:Middlewares/Third_Party/LwIP/src/core/pbuf.c ****  * Example of custom pbuf usage: @ref zerocopyrx
  37:Middlewares/Third_Party/LwIP/src/core/pbuf.c ****  */
  38:Middlewares/Third_Party/LwIP/src/core/pbuf.c **** 
  39:Middlewares/Third_Party/LwIP/src/core/pbuf.c **** /*
  40:Middlewares/Third_Party/LwIP/src/core/pbuf.c ****  * Copyright (c) 2001-2004 Swedish Institute of Computer Science.
  41:Middlewares/Third_Party/LwIP/src/core/pbuf.c ****  * All rights reserved.
  42:Middlewares/Third_Party/LwIP/src/core/pbuf.c ****  *
  43:Middlewares/Third_Party/LwIP/src/core/pbuf.c ****  * Redistribution and use in source and binary forms, with or without modification,
  44:Middlewares/Third_Party/LwIP/src/core/pbuf.c ****  * are permitted provided that the following conditions are met:
  45:Middlewares/Third_Party/LwIP/src/core/pbuf.c ****  *
  46:Middlewares/Third_Party/LwIP/src/core/pbuf.c ****  * 1. Redistributions of source code must retain the above copyright notice,
  47:Middlewares/Third_Party/LwIP/src/core/pbuf.c ****  *    this list of conditions and the following disclaimer.
  48:Middlewares/Third_Party/LwIP/src/core/pbuf.c ****  * 2. Redistributions in binary form must reproduce the above copyright notice,
  49:Middlewares/Third_Party/LwIP/src/core/pbuf.c ****  *    this list of conditions and the following disclaimer in the documentation
  50:Middlewares/Third_Party/LwIP/src/core/pbuf.c ****  *    and/or other materials provided with the distribution.
  51:Middlewares/Third_Party/LwIP/src/core/pbuf.c ****  * 3. The name of the author may not be used to endorse or promote products
  52:Middlewares/Third_Party/LwIP/src/core/pbuf.c ****  *    derived from this software without specific prior written permission.
  53:Middlewares/Third_Party/LwIP/src/core/pbuf.c ****  *
  54:Middlewares/Third_Party/LwIP/src/core/pbuf.c ****  * THIS SOFTWARE IS PROVIDED BY THE AUTHOR ``AS IS'' AND ANY EXPRESS OR IMPLIED
  55:Middlewares/Third_Party/LwIP/src/core/pbuf.c ****  * WARRANTIES, INCLUDING, BUT NOT LIMITED TO, THE IMPLIED WARRANTIES OF
  56:Middlewares/Third_Party/LwIP/src/core/pbuf.c ****  * MERCHANTABILITY AND FITNESS FOR A PARTICULAR PURPOSE ARE DISCLAIMED. IN NO EVENT
  57:Middlewares/Third_Party/LwIP/src/core/pbuf.c ****  * SHALL THE AUTHOR BE LIABLE FOR ANY DIRECT, INDIRECT, INCIDENTAL, SPECIAL,
  58:Middlewares/Third_Party/LwIP/src/core/pbuf.c ****  * EXEMPLARY, OR CONSEQUENTIAL DAMAGES (INCLUDING, BUT NOT LIMITED TO, PROCUREMENT
  59:Middlewares/Third_Party/LwIP/src/core/pbuf.c ****  * OF SUBSTITUTE GOODS OR SERVICES; LOSS OF USE, DATA, OR PROFITS; OR BUSINESS
  60:Middlewares/Third_Party/LwIP/src/core/pbuf.c ****  * INTERRUPTION) HOWEVER CAUSED AND ON ANY THEORY OF LIABILITY, WHETHER IN
  61:Middlewares/Third_Party/LwIP/src/core/pbuf.c ****  * CONTRACT, STRICT LIABILITY, OR TORT (INCLUDING NEGLIGENCE OR OTHERWISE) ARISING
  62:Middlewares/Third_Party/LwIP/src/core/pbuf.c ****  * IN ANY WAY OUT OF THE USE OF THIS SOFTWARE, EVEN IF ADVISED OF THE POSSIBILITY
  63:Middlewares/Third_Party/LwIP/src/core/pbuf.c ****  * OF SUCH DAMAGE.
  64:Middlewares/Third_Party/LwIP/src/core/pbuf.c ****  *
  65:Middlewares/Third_Party/LwIP/src/core/pbuf.c ****  * This file is part of the lwIP TCP/IP stack.
  66:Middlewares/Third_Party/LwIP/src/core/pbuf.c ****  *
  67:Middlewares/Third_Party/LwIP/src/core/pbuf.c ****  * Author: Adam Dunkels <adam@sics.se>
  68:Middlewares/Third_Party/LwIP/src/core/pbuf.c ****  *
  69:Middlewares/Third_Party/LwIP/src/core/pbuf.c ****  */
  70:Middlewares/Third_Party/LwIP/src/core/pbuf.c **** 
  71:Middlewares/Third_Party/LwIP/src/core/pbuf.c **** #include "lwip/opt.h"
  72:Middlewares/Third_Party/LwIP/src/core/pbuf.c **** 
  73:Middlewares/Third_Party/LwIP/src/core/pbuf.c **** #include "lwip/pbuf.h"
  74:Middlewares/Third_Party/LwIP/src/core/pbuf.c **** #include "lwip/stats.h"
  75:Middlewares/Third_Party/LwIP/src/core/pbuf.c **** #include "lwip/def.h"
  76:Middlewares/Third_Party/LwIP/src/core/pbuf.c **** #include "lwip/mem.h"
  77:Middlewares/Third_Party/LwIP/src/core/pbuf.c **** #include "lwip/memp.h"
  78:Middlewares/Third_Party/LwIP/src/core/pbuf.c **** #include "lwip/sys.h"
  79:Middlewares/Third_Party/LwIP/src/core/pbuf.c **** #include "lwip/netif.h"
  80:Middlewares/Third_Party/LwIP/src/core/pbuf.c **** #if LWIP_TCP && TCP_QUEUE_OOSEQ
  81:Middlewares/Third_Party/LwIP/src/core/pbuf.c **** #include "lwip/priv/tcp_priv.h"
  82:Middlewares/Third_Party/LwIP/src/core/pbuf.c **** #endif
  83:Middlewares/Third_Party/LwIP/src/core/pbuf.c **** #if LWIP_CHECKSUM_ON_COPY
  84:Middlewares/Third_Party/LwIP/src/core/pbuf.c **** #include "lwip/inet_chksum.h"
  85:Middlewares/Third_Party/LwIP/src/core/pbuf.c **** #endif
  86:Middlewares/Third_Party/LwIP/src/core/pbuf.c **** 
  87:Middlewares/Third_Party/LwIP/src/core/pbuf.c **** #include <string.h>
  88:Middlewares/Third_Party/LwIP/src/core/pbuf.c **** 
  89:Middlewares/Third_Party/LwIP/src/core/pbuf.c **** #define SIZEOF_STRUCT_PBUF        LWIP_MEM_ALIGN_SIZE(sizeof(struct pbuf))
ARM GAS  /tmp/ccawya4i.s 			page 3


  90:Middlewares/Third_Party/LwIP/src/core/pbuf.c **** /* Since the pool is created in memp, PBUF_POOL_BUFSIZE will be automatically
  91:Middlewares/Third_Party/LwIP/src/core/pbuf.c ****    aligned there. Therefore, PBUF_POOL_BUFSIZE_ALIGNED can be used here. */
  92:Middlewares/Third_Party/LwIP/src/core/pbuf.c **** #define PBUF_POOL_BUFSIZE_ALIGNED LWIP_MEM_ALIGN_SIZE(PBUF_POOL_BUFSIZE)
  93:Middlewares/Third_Party/LwIP/src/core/pbuf.c **** 
  94:Middlewares/Third_Party/LwIP/src/core/pbuf.c **** static const struct pbuf *
  95:Middlewares/Third_Party/LwIP/src/core/pbuf.c **** pbuf_skip_const(const struct pbuf *in, u16_t in_offset, u16_t *out_offset);
  96:Middlewares/Third_Party/LwIP/src/core/pbuf.c **** 
  97:Middlewares/Third_Party/LwIP/src/core/pbuf.c **** #if !LWIP_TCP || !TCP_QUEUE_OOSEQ || !PBUF_POOL_FREE_OOSEQ
  98:Middlewares/Third_Party/LwIP/src/core/pbuf.c **** #define PBUF_POOL_IS_EMPTY()
  99:Middlewares/Third_Party/LwIP/src/core/pbuf.c **** #else /* !LWIP_TCP || !TCP_QUEUE_OOSEQ || !PBUF_POOL_FREE_OOSEQ */
 100:Middlewares/Third_Party/LwIP/src/core/pbuf.c **** 
 101:Middlewares/Third_Party/LwIP/src/core/pbuf.c **** #if !NO_SYS
 102:Middlewares/Third_Party/LwIP/src/core/pbuf.c **** #ifndef PBUF_POOL_FREE_OOSEQ_QUEUE_CALL
 103:Middlewares/Third_Party/LwIP/src/core/pbuf.c **** #include "lwip/tcpip.h"
 104:Middlewares/Third_Party/LwIP/src/core/pbuf.c **** #define PBUF_POOL_FREE_OOSEQ_QUEUE_CALL()  do { \
 105:Middlewares/Third_Party/LwIP/src/core/pbuf.c ****   if (tcpip_try_callback(pbuf_free_ooseq_callback, NULL) != ERR_OK) { \
 106:Middlewares/Third_Party/LwIP/src/core/pbuf.c ****       SYS_ARCH_PROTECT(old_level); \
 107:Middlewares/Third_Party/LwIP/src/core/pbuf.c ****       pbuf_free_ooseq_pending = 0; \
 108:Middlewares/Third_Party/LwIP/src/core/pbuf.c ****       SYS_ARCH_UNPROTECT(old_level); \
 109:Middlewares/Third_Party/LwIP/src/core/pbuf.c ****   } } while(0)
 110:Middlewares/Third_Party/LwIP/src/core/pbuf.c **** #endif /* PBUF_POOL_FREE_OOSEQ_QUEUE_CALL */
 111:Middlewares/Third_Party/LwIP/src/core/pbuf.c **** #endif /* !NO_SYS */
 112:Middlewares/Third_Party/LwIP/src/core/pbuf.c **** 
 113:Middlewares/Third_Party/LwIP/src/core/pbuf.c **** volatile u8_t pbuf_free_ooseq_pending;
 114:Middlewares/Third_Party/LwIP/src/core/pbuf.c **** #define PBUF_POOL_IS_EMPTY() pbuf_pool_is_empty()
 115:Middlewares/Third_Party/LwIP/src/core/pbuf.c **** 
 116:Middlewares/Third_Party/LwIP/src/core/pbuf.c **** /**
 117:Middlewares/Third_Party/LwIP/src/core/pbuf.c ****  * Attempt to reclaim some memory from queued out-of-sequence TCP segments
 118:Middlewares/Third_Party/LwIP/src/core/pbuf.c ****  * if we run out of pool pbufs. It's better to give priority to new packets
 119:Middlewares/Third_Party/LwIP/src/core/pbuf.c ****  * if we're running out.
 120:Middlewares/Third_Party/LwIP/src/core/pbuf.c ****  *
 121:Middlewares/Third_Party/LwIP/src/core/pbuf.c ****  * This must be done in the correct thread context therefore this function
 122:Middlewares/Third_Party/LwIP/src/core/pbuf.c ****  * can only be used with NO_SYS=0 and through tcpip_callback.
 123:Middlewares/Third_Party/LwIP/src/core/pbuf.c ****  */
 124:Middlewares/Third_Party/LwIP/src/core/pbuf.c **** #if !NO_SYS
 125:Middlewares/Third_Party/LwIP/src/core/pbuf.c **** static
 126:Middlewares/Third_Party/LwIP/src/core/pbuf.c **** #endif /* !NO_SYS */
 127:Middlewares/Third_Party/LwIP/src/core/pbuf.c **** void
 128:Middlewares/Third_Party/LwIP/src/core/pbuf.c **** pbuf_free_ooseq(void)
 129:Middlewares/Third_Party/LwIP/src/core/pbuf.c **** {
 130:Middlewares/Third_Party/LwIP/src/core/pbuf.c ****   struct tcp_pcb *pcb;
 131:Middlewares/Third_Party/LwIP/src/core/pbuf.c ****   SYS_ARCH_SET(pbuf_free_ooseq_pending, 0);
 132:Middlewares/Third_Party/LwIP/src/core/pbuf.c **** 
 133:Middlewares/Third_Party/LwIP/src/core/pbuf.c ****   for (pcb = tcp_active_pcbs; NULL != pcb; pcb = pcb->next) {
 134:Middlewares/Third_Party/LwIP/src/core/pbuf.c ****     if (pcb->ooseq != NULL) {
 135:Middlewares/Third_Party/LwIP/src/core/pbuf.c ****       /** Free the ooseq pbufs of one PCB only */
 136:Middlewares/Third_Party/LwIP/src/core/pbuf.c ****       LWIP_DEBUGF(PBUF_DEBUG | LWIP_DBG_TRACE, ("pbuf_free_ooseq: freeing out-of-sequence pbufs\n")
 137:Middlewares/Third_Party/LwIP/src/core/pbuf.c ****       tcp_free_ooseq(pcb);
 138:Middlewares/Third_Party/LwIP/src/core/pbuf.c ****       return;
 139:Middlewares/Third_Party/LwIP/src/core/pbuf.c ****     }
 140:Middlewares/Third_Party/LwIP/src/core/pbuf.c ****   }
 141:Middlewares/Third_Party/LwIP/src/core/pbuf.c **** }
 142:Middlewares/Third_Party/LwIP/src/core/pbuf.c **** 
 143:Middlewares/Third_Party/LwIP/src/core/pbuf.c **** #if !NO_SYS
 144:Middlewares/Third_Party/LwIP/src/core/pbuf.c **** /**
 145:Middlewares/Third_Party/LwIP/src/core/pbuf.c ****  * Just a callback function for tcpip_callback() that calls pbuf_free_ooseq().
 146:Middlewares/Third_Party/LwIP/src/core/pbuf.c ****  */
ARM GAS  /tmp/ccawya4i.s 			page 4


 147:Middlewares/Third_Party/LwIP/src/core/pbuf.c **** static void
 148:Middlewares/Third_Party/LwIP/src/core/pbuf.c **** pbuf_free_ooseq_callback(void *arg)
 149:Middlewares/Third_Party/LwIP/src/core/pbuf.c **** {
 150:Middlewares/Third_Party/LwIP/src/core/pbuf.c ****   LWIP_UNUSED_ARG(arg);
 151:Middlewares/Third_Party/LwIP/src/core/pbuf.c ****   pbuf_free_ooseq();
 152:Middlewares/Third_Party/LwIP/src/core/pbuf.c **** }
 153:Middlewares/Third_Party/LwIP/src/core/pbuf.c **** #endif /* !NO_SYS */
 154:Middlewares/Third_Party/LwIP/src/core/pbuf.c **** 
 155:Middlewares/Third_Party/LwIP/src/core/pbuf.c **** /** Queue a call to pbuf_free_ooseq if not already queued. */
 156:Middlewares/Third_Party/LwIP/src/core/pbuf.c **** static void
 157:Middlewares/Third_Party/LwIP/src/core/pbuf.c **** pbuf_pool_is_empty(void)
 158:Middlewares/Third_Party/LwIP/src/core/pbuf.c **** {
  27              		.loc 1 158 1 view -0
  28              		.cfi_startproc
  29              		@ args = 0, pretend = 0, frame = 0
  30              		@ frame_needed = 0, uses_anonymous_args = 0
  31              		@ link register save eliminated.
 159:Middlewares/Third_Party/LwIP/src/core/pbuf.c **** #ifndef PBUF_POOL_FREE_OOSEQ_QUEUE_CALL
 160:Middlewares/Third_Party/LwIP/src/core/pbuf.c ****   SYS_ARCH_SET(pbuf_free_ooseq_pending, 1);
  32              		.loc 1 160 3 view .LVU1
  33              		.loc 1 160 3 view .LVU2
  34              		.loc 1 160 3 view .LVU3
  35              		.loc 1 160 3 view .LVU4
  36 0000 014B     		ldr	r3, .L2
  37 0002 0122     		movs	r2, #1
  38 0004 1A70     		strb	r2, [r3]
  39              		.loc 1 160 3 view .LVU5
  40              		.loc 1 160 3 view .LVU6
 161:Middlewares/Third_Party/LwIP/src/core/pbuf.c **** #else /* PBUF_POOL_FREE_OOSEQ_QUEUE_CALL */
 162:Middlewares/Third_Party/LwIP/src/core/pbuf.c ****   u8_t queued;
 163:Middlewares/Third_Party/LwIP/src/core/pbuf.c ****   SYS_ARCH_DECL_PROTECT(old_level);
 164:Middlewares/Third_Party/LwIP/src/core/pbuf.c ****   SYS_ARCH_PROTECT(old_level);
 165:Middlewares/Third_Party/LwIP/src/core/pbuf.c ****   queued = pbuf_free_ooseq_pending;
 166:Middlewares/Third_Party/LwIP/src/core/pbuf.c ****   pbuf_free_ooseq_pending = 1;
 167:Middlewares/Third_Party/LwIP/src/core/pbuf.c ****   SYS_ARCH_UNPROTECT(old_level);
 168:Middlewares/Third_Party/LwIP/src/core/pbuf.c **** 
 169:Middlewares/Third_Party/LwIP/src/core/pbuf.c ****   if (!queued) {
 170:Middlewares/Third_Party/LwIP/src/core/pbuf.c ****     /* queue a call to pbuf_free_ooseq if not already queued */
 171:Middlewares/Third_Party/LwIP/src/core/pbuf.c ****     PBUF_POOL_FREE_OOSEQ_QUEUE_CALL();
 172:Middlewares/Third_Party/LwIP/src/core/pbuf.c ****   }
 173:Middlewares/Third_Party/LwIP/src/core/pbuf.c **** #endif /* PBUF_POOL_FREE_OOSEQ_QUEUE_CALL */
 174:Middlewares/Third_Party/LwIP/src/core/pbuf.c **** }
  41              		.loc 1 174 1 is_stmt 0 view .LVU7
  42 0006 7047     		bx	lr
  43              	.L3:
  44              		.align	2
  45              	.L2:
  46 0008 00000000 		.word	pbuf_free_ooseq_pending
  47              		.cfi_endproc
  48              	.LFE167:
  50              		.section	.text.pbuf_init_alloced_pbuf,"ax",%progbits
  51              		.align	1
  52              		.syntax unified
  53              		.thumb
  54              		.thumb_func
  56              	pbuf_init_alloced_pbuf:
  57              	.LVL0:
ARM GAS  /tmp/ccawya4i.s 			page 5


  58              	.LFB168:
 175:Middlewares/Third_Party/LwIP/src/core/pbuf.c **** #endif /* !LWIP_TCP || !TCP_QUEUE_OOSEQ || !PBUF_POOL_FREE_OOSEQ */
 176:Middlewares/Third_Party/LwIP/src/core/pbuf.c **** 
 177:Middlewares/Third_Party/LwIP/src/core/pbuf.c **** /* Initialize members of struct pbuf after allocation */
 178:Middlewares/Third_Party/LwIP/src/core/pbuf.c **** static void
 179:Middlewares/Third_Party/LwIP/src/core/pbuf.c **** pbuf_init_alloced_pbuf(struct pbuf *p, void *payload, u16_t tot_len, u16_t len, pbuf_type type, u8_
 180:Middlewares/Third_Party/LwIP/src/core/pbuf.c **** {
  59              		.loc 1 180 1 is_stmt 1 view -0
  60              		.cfi_startproc
  61              		@ args = 8, pretend = 0, frame = 0
  62              		@ frame_needed = 0, uses_anonymous_args = 0
  63              		@ link register save eliminated.
  64              		.loc 1 180 1 is_stmt 0 view .LVU9
  65 0000 10B4     		push	{r4}
  66              	.LCFI0:
  67              		.cfi_def_cfa_offset 4
  68              		.cfi_offset 4, -4
 181:Middlewares/Third_Party/LwIP/src/core/pbuf.c ****   p->next = NULL;
  69              		.loc 1 181 3 is_stmt 1 view .LVU10
  70              		.loc 1 181 11 is_stmt 0 view .LVU11
  71 0002 0024     		movs	r4, #0
  72 0004 0460     		str	r4, [r0]
 182:Middlewares/Third_Party/LwIP/src/core/pbuf.c ****   p->payload = payload;
  73              		.loc 1 182 3 is_stmt 1 view .LVU12
  74              		.loc 1 182 14 is_stmt 0 view .LVU13
  75 0006 4160     		str	r1, [r0, #4]
 183:Middlewares/Third_Party/LwIP/src/core/pbuf.c ****   p->tot_len = tot_len;
  76              		.loc 1 183 3 is_stmt 1 view .LVU14
  77              		.loc 1 183 14 is_stmt 0 view .LVU15
  78 0008 0281     		strh	r2, [r0, #8]	@ movhi
 184:Middlewares/Third_Party/LwIP/src/core/pbuf.c ****   p->len = len;
  79              		.loc 1 184 3 is_stmt 1 view .LVU16
  80              		.loc 1 184 10 is_stmt 0 view .LVU17
  81 000a 4381     		strh	r3, [r0, #10]	@ movhi
 185:Middlewares/Third_Party/LwIP/src/core/pbuf.c ****   p->type_internal = (u8_t)type;
  82              		.loc 1 185 3 is_stmt 1 view .LVU18
  83              		.loc 1 185 22 is_stmt 0 view .LVU19
  84 000c 9DF80430 		ldrb	r3, [sp, #4]	@ zero_extendqisi2
  85              	.LVL1:
  86              		.loc 1 185 20 view .LVU20
  87 0010 0373     		strb	r3, [r0, #12]
 186:Middlewares/Third_Party/LwIP/src/core/pbuf.c ****   p->flags = flags;
  88              		.loc 1 186 3 is_stmt 1 view .LVU21
  89              		.loc 1 186 12 is_stmt 0 view .LVU22
  90 0012 9DF80830 		ldrb	r3, [sp, #8]	@ zero_extendqisi2
  91 0016 4373     		strb	r3, [r0, #13]
 187:Middlewares/Third_Party/LwIP/src/core/pbuf.c ****   p->ref = 1;
  92              		.loc 1 187 3 is_stmt 1 view .LVU23
  93              		.loc 1 187 10 is_stmt 0 view .LVU24
  94 0018 0123     		movs	r3, #1
  95 001a 8373     		strb	r3, [r0, #14]
 188:Middlewares/Third_Party/LwIP/src/core/pbuf.c ****   p->if_idx = NETIF_NO_INDEX;
  96              		.loc 1 188 3 is_stmt 1 view .LVU25
  97              		.loc 1 188 13 is_stmt 0 view .LVU26
  98 001c C473     		strb	r4, [r0, #15]
 189:Middlewares/Third_Party/LwIP/src/core/pbuf.c **** }
  99              		.loc 1 189 1 view .LVU27
ARM GAS  /tmp/ccawya4i.s 			page 6


 100 001e 5DF8044B 		ldr	r4, [sp], #4
 101              	.LCFI1:
 102              		.cfi_restore 4
 103              		.cfi_def_cfa_offset 0
 104              	.LVL2:
 105              		.loc 1 189 1 view .LVU28
 106 0022 7047     		bx	lr
 107              		.cfi_endproc
 108              	.LFE168:
 110              		.section	.text.pbuf_skip_const,"ax",%progbits
 111              		.align	1
 112              		.syntax unified
 113              		.thumb
 114              		.thumb_func
 116              	pbuf_skip_const:
 117              	.LVL3:
 118              	.LFB190:
 190:Middlewares/Third_Party/LwIP/src/core/pbuf.c **** 
 191:Middlewares/Third_Party/LwIP/src/core/pbuf.c **** /**
 192:Middlewares/Third_Party/LwIP/src/core/pbuf.c ****  * @ingroup pbuf
 193:Middlewares/Third_Party/LwIP/src/core/pbuf.c ****  * Allocates a pbuf of the given type (possibly a chain for PBUF_POOL type).
 194:Middlewares/Third_Party/LwIP/src/core/pbuf.c ****  *
 195:Middlewares/Third_Party/LwIP/src/core/pbuf.c ****  * The actual memory allocated for the pbuf is determined by the
 196:Middlewares/Third_Party/LwIP/src/core/pbuf.c ****  * layer at which the pbuf is allocated and the requested size
 197:Middlewares/Third_Party/LwIP/src/core/pbuf.c ****  * (from the size parameter).
 198:Middlewares/Third_Party/LwIP/src/core/pbuf.c ****  *
 199:Middlewares/Third_Party/LwIP/src/core/pbuf.c ****  * @param layer header size
 200:Middlewares/Third_Party/LwIP/src/core/pbuf.c ****  * @param length size of the pbuf's payload
 201:Middlewares/Third_Party/LwIP/src/core/pbuf.c ****  * @param type this parameter decides how and where the pbuf
 202:Middlewares/Third_Party/LwIP/src/core/pbuf.c ****  * should be allocated as follows:
 203:Middlewares/Third_Party/LwIP/src/core/pbuf.c ****  *
 204:Middlewares/Third_Party/LwIP/src/core/pbuf.c ****  * - PBUF_RAM: buffer memory for pbuf is allocated as one large
 205:Middlewares/Third_Party/LwIP/src/core/pbuf.c ****  *             chunk. This includes protocol headers as well.
 206:Middlewares/Third_Party/LwIP/src/core/pbuf.c ****  * - PBUF_ROM: no buffer memory is allocated for the pbuf, even for
 207:Middlewares/Third_Party/LwIP/src/core/pbuf.c ****  *             protocol headers. Additional headers must be prepended
 208:Middlewares/Third_Party/LwIP/src/core/pbuf.c ****  *             by allocating another pbuf and chain in to the front of
 209:Middlewares/Third_Party/LwIP/src/core/pbuf.c ****  *             the ROM pbuf. It is assumed that the memory used is really
 210:Middlewares/Third_Party/LwIP/src/core/pbuf.c ****  *             similar to ROM in that it is immutable and will not be
 211:Middlewares/Third_Party/LwIP/src/core/pbuf.c ****  *             changed. Memory which is dynamic should generally not
 212:Middlewares/Third_Party/LwIP/src/core/pbuf.c ****  *             be attached to PBUF_ROM pbufs. Use PBUF_REF instead.
 213:Middlewares/Third_Party/LwIP/src/core/pbuf.c ****  * - PBUF_REF: no buffer memory is allocated for the pbuf, even for
 214:Middlewares/Third_Party/LwIP/src/core/pbuf.c ****  *             protocol headers. It is assumed that the pbuf is only
 215:Middlewares/Third_Party/LwIP/src/core/pbuf.c ****  *             being used in a single thread. If the pbuf gets queued,
 216:Middlewares/Third_Party/LwIP/src/core/pbuf.c ****  *             then pbuf_take should be called to copy the buffer.
 217:Middlewares/Third_Party/LwIP/src/core/pbuf.c ****  * - PBUF_POOL: the pbuf is allocated as a pbuf chain, with pbufs from
 218:Middlewares/Third_Party/LwIP/src/core/pbuf.c ****  *              the pbuf pool that is allocated during pbuf_init().
 219:Middlewares/Third_Party/LwIP/src/core/pbuf.c ****  *
 220:Middlewares/Third_Party/LwIP/src/core/pbuf.c ****  * @return the allocated pbuf. If multiple pbufs where allocated, this
 221:Middlewares/Third_Party/LwIP/src/core/pbuf.c ****  * is the first pbuf of a pbuf chain.
 222:Middlewares/Third_Party/LwIP/src/core/pbuf.c ****  */
 223:Middlewares/Third_Party/LwIP/src/core/pbuf.c **** struct pbuf *
 224:Middlewares/Third_Party/LwIP/src/core/pbuf.c **** pbuf_alloc(pbuf_layer layer, u16_t length, pbuf_type type)
 225:Middlewares/Third_Party/LwIP/src/core/pbuf.c **** {
 226:Middlewares/Third_Party/LwIP/src/core/pbuf.c ****   struct pbuf *p;
 227:Middlewares/Third_Party/LwIP/src/core/pbuf.c ****   u16_t offset = (u16_t)layer;
 228:Middlewares/Third_Party/LwIP/src/core/pbuf.c ****   LWIP_DEBUGF(PBUF_DEBUG | LWIP_DBG_TRACE, ("pbuf_alloc(length=%"U16_F")\n", length));
 229:Middlewares/Third_Party/LwIP/src/core/pbuf.c **** 
ARM GAS  /tmp/ccawya4i.s 			page 7


 230:Middlewares/Third_Party/LwIP/src/core/pbuf.c ****   switch (type) {
 231:Middlewares/Third_Party/LwIP/src/core/pbuf.c ****     case PBUF_REF: /* fall through */
 232:Middlewares/Third_Party/LwIP/src/core/pbuf.c ****     case PBUF_ROM:
 233:Middlewares/Third_Party/LwIP/src/core/pbuf.c ****       p = pbuf_alloc_reference(NULL, length, type);
 234:Middlewares/Third_Party/LwIP/src/core/pbuf.c ****       break;
 235:Middlewares/Third_Party/LwIP/src/core/pbuf.c ****     case PBUF_POOL: {
 236:Middlewares/Third_Party/LwIP/src/core/pbuf.c ****       struct pbuf *q, *last;
 237:Middlewares/Third_Party/LwIP/src/core/pbuf.c ****       u16_t rem_len; /* remaining length */
 238:Middlewares/Third_Party/LwIP/src/core/pbuf.c ****       p = NULL;
 239:Middlewares/Third_Party/LwIP/src/core/pbuf.c ****       last = NULL;
 240:Middlewares/Third_Party/LwIP/src/core/pbuf.c ****       rem_len = length;
 241:Middlewares/Third_Party/LwIP/src/core/pbuf.c ****       do {
 242:Middlewares/Third_Party/LwIP/src/core/pbuf.c ****         u16_t qlen;
 243:Middlewares/Third_Party/LwIP/src/core/pbuf.c ****         q = (struct pbuf *)memp_malloc(MEMP_PBUF_POOL);
 244:Middlewares/Third_Party/LwIP/src/core/pbuf.c ****         if (q == NULL) {
 245:Middlewares/Third_Party/LwIP/src/core/pbuf.c ****           PBUF_POOL_IS_EMPTY();
 246:Middlewares/Third_Party/LwIP/src/core/pbuf.c ****           /* free chain so far allocated */
 247:Middlewares/Third_Party/LwIP/src/core/pbuf.c ****           if (p) {
 248:Middlewares/Third_Party/LwIP/src/core/pbuf.c ****             pbuf_free(p);
 249:Middlewares/Third_Party/LwIP/src/core/pbuf.c ****           }
 250:Middlewares/Third_Party/LwIP/src/core/pbuf.c ****           /* bail out unsuccessfully */
 251:Middlewares/Third_Party/LwIP/src/core/pbuf.c ****           return NULL;
 252:Middlewares/Third_Party/LwIP/src/core/pbuf.c ****         }
 253:Middlewares/Third_Party/LwIP/src/core/pbuf.c ****         qlen = LWIP_MIN(rem_len, (u16_t)(PBUF_POOL_BUFSIZE_ALIGNED - LWIP_MEM_ALIGN_SIZE(offset)));
 254:Middlewares/Third_Party/LwIP/src/core/pbuf.c ****         pbuf_init_alloced_pbuf(q, LWIP_MEM_ALIGN((void *)((u8_t *)q + SIZEOF_STRUCT_PBUF + offset))
 255:Middlewares/Third_Party/LwIP/src/core/pbuf.c ****                                rem_len, qlen, type, 0);
 256:Middlewares/Third_Party/LwIP/src/core/pbuf.c ****         LWIP_ASSERT("pbuf_alloc: pbuf q->payload properly aligned",
 257:Middlewares/Third_Party/LwIP/src/core/pbuf.c ****                     ((mem_ptr_t)q->payload % MEM_ALIGNMENT) == 0);
 258:Middlewares/Third_Party/LwIP/src/core/pbuf.c ****         LWIP_ASSERT("PBUF_POOL_BUFSIZE must be bigger than MEM_ALIGNMENT",
 259:Middlewares/Third_Party/LwIP/src/core/pbuf.c ****                     (PBUF_POOL_BUFSIZE_ALIGNED - LWIP_MEM_ALIGN_SIZE(offset)) > 0 );
 260:Middlewares/Third_Party/LwIP/src/core/pbuf.c ****         if (p == NULL) {
 261:Middlewares/Third_Party/LwIP/src/core/pbuf.c ****           /* allocated head of pbuf chain (into p) */
 262:Middlewares/Third_Party/LwIP/src/core/pbuf.c ****           p = q;
 263:Middlewares/Third_Party/LwIP/src/core/pbuf.c ****         } else {
 264:Middlewares/Third_Party/LwIP/src/core/pbuf.c ****           /* make previous pbuf point to this pbuf */
 265:Middlewares/Third_Party/LwIP/src/core/pbuf.c ****           last->next = q;
 266:Middlewares/Third_Party/LwIP/src/core/pbuf.c ****         }
 267:Middlewares/Third_Party/LwIP/src/core/pbuf.c ****         last = q;
 268:Middlewares/Third_Party/LwIP/src/core/pbuf.c ****         rem_len = (u16_t)(rem_len - qlen);
 269:Middlewares/Third_Party/LwIP/src/core/pbuf.c ****         offset = 0;
 270:Middlewares/Third_Party/LwIP/src/core/pbuf.c ****       } while (rem_len > 0);
 271:Middlewares/Third_Party/LwIP/src/core/pbuf.c ****       break;
 272:Middlewares/Third_Party/LwIP/src/core/pbuf.c ****     }
 273:Middlewares/Third_Party/LwIP/src/core/pbuf.c ****     case PBUF_RAM: {
 274:Middlewares/Third_Party/LwIP/src/core/pbuf.c ****       u16_t payload_len = (u16_t)(LWIP_MEM_ALIGN_SIZE(offset) + LWIP_MEM_ALIGN_SIZE(length));
 275:Middlewares/Third_Party/LwIP/src/core/pbuf.c ****       mem_size_t alloc_len = (mem_size_t)(LWIP_MEM_ALIGN_SIZE(SIZEOF_STRUCT_PBUF) + payload_len);
 276:Middlewares/Third_Party/LwIP/src/core/pbuf.c **** 
 277:Middlewares/Third_Party/LwIP/src/core/pbuf.c ****       /* bug #50040: Check for integer overflow when calculating alloc_len */
 278:Middlewares/Third_Party/LwIP/src/core/pbuf.c ****       if ((payload_len < LWIP_MEM_ALIGN_SIZE(length)) ||
 279:Middlewares/Third_Party/LwIP/src/core/pbuf.c ****           (alloc_len < LWIP_MEM_ALIGN_SIZE(length))) {
 280:Middlewares/Third_Party/LwIP/src/core/pbuf.c ****         return NULL;
 281:Middlewares/Third_Party/LwIP/src/core/pbuf.c ****       }
 282:Middlewares/Third_Party/LwIP/src/core/pbuf.c **** 
 283:Middlewares/Third_Party/LwIP/src/core/pbuf.c ****       /* If pbuf is to be allocated in RAM, allocate memory for it. */
 284:Middlewares/Third_Party/LwIP/src/core/pbuf.c ****       p = (struct pbuf *)mem_malloc(alloc_len);
 285:Middlewares/Third_Party/LwIP/src/core/pbuf.c ****       if (p == NULL) {
 286:Middlewares/Third_Party/LwIP/src/core/pbuf.c ****         return NULL;
ARM GAS  /tmp/ccawya4i.s 			page 8


 287:Middlewares/Third_Party/LwIP/src/core/pbuf.c ****       }
 288:Middlewares/Third_Party/LwIP/src/core/pbuf.c ****       pbuf_init_alloced_pbuf(p, LWIP_MEM_ALIGN((void *)((u8_t *)p + SIZEOF_STRUCT_PBUF + offset)),
 289:Middlewares/Third_Party/LwIP/src/core/pbuf.c ****                              length, length, type, 0);
 290:Middlewares/Third_Party/LwIP/src/core/pbuf.c ****       LWIP_ASSERT("pbuf_alloc: pbuf->payload properly aligned",
 291:Middlewares/Third_Party/LwIP/src/core/pbuf.c ****                   ((mem_ptr_t)p->payload % MEM_ALIGNMENT) == 0);
 292:Middlewares/Third_Party/LwIP/src/core/pbuf.c ****       break;
 293:Middlewares/Third_Party/LwIP/src/core/pbuf.c ****     }
 294:Middlewares/Third_Party/LwIP/src/core/pbuf.c ****     default:
 295:Middlewares/Third_Party/LwIP/src/core/pbuf.c ****       LWIP_ASSERT("pbuf_alloc: erroneous type", 0);
 296:Middlewares/Third_Party/LwIP/src/core/pbuf.c ****       return NULL;
 297:Middlewares/Third_Party/LwIP/src/core/pbuf.c ****   }
 298:Middlewares/Third_Party/LwIP/src/core/pbuf.c ****   LWIP_DEBUGF(PBUF_DEBUG | LWIP_DBG_TRACE, ("pbuf_alloc(length=%"U16_F") == %p\n", length, (void *)
 299:Middlewares/Third_Party/LwIP/src/core/pbuf.c ****   return p;
 300:Middlewares/Third_Party/LwIP/src/core/pbuf.c **** }
 301:Middlewares/Third_Party/LwIP/src/core/pbuf.c **** 
 302:Middlewares/Third_Party/LwIP/src/core/pbuf.c **** /**
 303:Middlewares/Third_Party/LwIP/src/core/pbuf.c ****  * @ingroup pbuf
 304:Middlewares/Third_Party/LwIP/src/core/pbuf.c ****  * Allocates a pbuf for referenced data.
 305:Middlewares/Third_Party/LwIP/src/core/pbuf.c ****  * Referenced data can be volatile (PBUF_REF) or long-lived (PBUF_ROM).
 306:Middlewares/Third_Party/LwIP/src/core/pbuf.c ****  *
 307:Middlewares/Third_Party/LwIP/src/core/pbuf.c ****  * The actual memory allocated for the pbuf is determined by the
 308:Middlewares/Third_Party/LwIP/src/core/pbuf.c ****  * layer at which the pbuf is allocated and the requested size
 309:Middlewares/Third_Party/LwIP/src/core/pbuf.c ****  * (from the size parameter).
 310:Middlewares/Third_Party/LwIP/src/core/pbuf.c ****  *
 311:Middlewares/Third_Party/LwIP/src/core/pbuf.c ****  * @param payload referenced payload
 312:Middlewares/Third_Party/LwIP/src/core/pbuf.c ****  * @param length size of the pbuf's payload
 313:Middlewares/Third_Party/LwIP/src/core/pbuf.c ****  * @param type this parameter decides how and where the pbuf
 314:Middlewares/Third_Party/LwIP/src/core/pbuf.c ****  * should be allocated as follows:
 315:Middlewares/Third_Party/LwIP/src/core/pbuf.c ****  *
 316:Middlewares/Third_Party/LwIP/src/core/pbuf.c ****  * - PBUF_ROM: It is assumed that the memory used is really
 317:Middlewares/Third_Party/LwIP/src/core/pbuf.c ****  *             similar to ROM in that it is immutable and will not be
 318:Middlewares/Third_Party/LwIP/src/core/pbuf.c ****  *             changed. Memory which is dynamic should generally not
 319:Middlewares/Third_Party/LwIP/src/core/pbuf.c ****  *             be attached to PBUF_ROM pbufs. Use PBUF_REF instead.
 320:Middlewares/Third_Party/LwIP/src/core/pbuf.c ****  * - PBUF_REF: It is assumed that the pbuf is only
 321:Middlewares/Third_Party/LwIP/src/core/pbuf.c ****  *             being used in a single thread. If the pbuf gets queued,
 322:Middlewares/Third_Party/LwIP/src/core/pbuf.c ****  *             then pbuf_take should be called to copy the buffer.
 323:Middlewares/Third_Party/LwIP/src/core/pbuf.c ****  *
 324:Middlewares/Third_Party/LwIP/src/core/pbuf.c ****  * @return the allocated pbuf.
 325:Middlewares/Third_Party/LwIP/src/core/pbuf.c ****  */
 326:Middlewares/Third_Party/LwIP/src/core/pbuf.c **** struct pbuf *
 327:Middlewares/Third_Party/LwIP/src/core/pbuf.c **** pbuf_alloc_reference(void *payload, u16_t length, pbuf_type type)
 328:Middlewares/Third_Party/LwIP/src/core/pbuf.c **** {
 329:Middlewares/Third_Party/LwIP/src/core/pbuf.c ****   struct pbuf *p;
 330:Middlewares/Third_Party/LwIP/src/core/pbuf.c ****   LWIP_ASSERT("invalid pbuf_type", (type == PBUF_REF) || (type == PBUF_ROM));
 331:Middlewares/Third_Party/LwIP/src/core/pbuf.c ****   /* only allocate memory for the pbuf structure */
 332:Middlewares/Third_Party/LwIP/src/core/pbuf.c ****   p = (struct pbuf *)memp_malloc(MEMP_PBUF);
 333:Middlewares/Third_Party/LwIP/src/core/pbuf.c ****   if (p == NULL) {
 334:Middlewares/Third_Party/LwIP/src/core/pbuf.c ****     LWIP_DEBUGF(PBUF_DEBUG | LWIP_DBG_LEVEL_SERIOUS,
 335:Middlewares/Third_Party/LwIP/src/core/pbuf.c ****                 ("pbuf_alloc_reference: Could not allocate MEMP_PBUF for PBUF_%s.\n",
 336:Middlewares/Third_Party/LwIP/src/core/pbuf.c ****                  (type == PBUF_ROM) ? "ROM" : "REF"));
 337:Middlewares/Third_Party/LwIP/src/core/pbuf.c ****     return NULL;
 338:Middlewares/Third_Party/LwIP/src/core/pbuf.c ****   }
 339:Middlewares/Third_Party/LwIP/src/core/pbuf.c ****   pbuf_init_alloced_pbuf(p, payload, length, length, type, 0);
 340:Middlewares/Third_Party/LwIP/src/core/pbuf.c ****   return p;
 341:Middlewares/Third_Party/LwIP/src/core/pbuf.c **** }
 342:Middlewares/Third_Party/LwIP/src/core/pbuf.c **** 
 343:Middlewares/Third_Party/LwIP/src/core/pbuf.c **** 
ARM GAS  /tmp/ccawya4i.s 			page 9


 344:Middlewares/Third_Party/LwIP/src/core/pbuf.c **** #if LWIP_SUPPORT_CUSTOM_PBUF
 345:Middlewares/Third_Party/LwIP/src/core/pbuf.c **** /**
 346:Middlewares/Third_Party/LwIP/src/core/pbuf.c ****  * @ingroup pbuf
 347:Middlewares/Third_Party/LwIP/src/core/pbuf.c ****  * Initialize a custom pbuf (already allocated).
 348:Middlewares/Third_Party/LwIP/src/core/pbuf.c ****  * Example of custom pbuf usage: @ref zerocopyrx
 349:Middlewares/Third_Party/LwIP/src/core/pbuf.c ****  *
 350:Middlewares/Third_Party/LwIP/src/core/pbuf.c ****  * @param l header size
 351:Middlewares/Third_Party/LwIP/src/core/pbuf.c ****  * @param length size of the pbuf's payload
 352:Middlewares/Third_Party/LwIP/src/core/pbuf.c ****  * @param type type of the pbuf (only used to treat the pbuf accordingly, as
 353:Middlewares/Third_Party/LwIP/src/core/pbuf.c ****  *        this function allocates no memory)
 354:Middlewares/Third_Party/LwIP/src/core/pbuf.c ****  * @param p pointer to the custom pbuf to initialize (already allocated)
 355:Middlewares/Third_Party/LwIP/src/core/pbuf.c ****  * @param payload_mem pointer to the buffer that is used for payload and headers,
 356:Middlewares/Third_Party/LwIP/src/core/pbuf.c ****  *        must be at least big enough to hold 'length' plus the header size,
 357:Middlewares/Third_Party/LwIP/src/core/pbuf.c ****  *        may be NULL if set later.
 358:Middlewares/Third_Party/LwIP/src/core/pbuf.c ****  *        ATTENTION: The caller is responsible for correct alignment of this buffer!!
 359:Middlewares/Third_Party/LwIP/src/core/pbuf.c ****  * @param payload_mem_len the size of the 'payload_mem' buffer, must be at least
 360:Middlewares/Third_Party/LwIP/src/core/pbuf.c ****  *        big enough to hold 'length' plus the header size
 361:Middlewares/Third_Party/LwIP/src/core/pbuf.c ****  */
 362:Middlewares/Third_Party/LwIP/src/core/pbuf.c **** struct pbuf *
 363:Middlewares/Third_Party/LwIP/src/core/pbuf.c **** pbuf_alloced_custom(pbuf_layer l, u16_t length, pbuf_type type, struct pbuf_custom *p,
 364:Middlewares/Third_Party/LwIP/src/core/pbuf.c ****                     void *payload_mem, u16_t payload_mem_len)
 365:Middlewares/Third_Party/LwIP/src/core/pbuf.c **** {
 366:Middlewares/Third_Party/LwIP/src/core/pbuf.c ****   u16_t offset = (u16_t)l;
 367:Middlewares/Third_Party/LwIP/src/core/pbuf.c ****   void *payload;
 368:Middlewares/Third_Party/LwIP/src/core/pbuf.c ****   LWIP_DEBUGF(PBUF_DEBUG | LWIP_DBG_TRACE, ("pbuf_alloced_custom(length=%"U16_F")\n", length));
 369:Middlewares/Third_Party/LwIP/src/core/pbuf.c **** 
 370:Middlewares/Third_Party/LwIP/src/core/pbuf.c ****   if (LWIP_MEM_ALIGN_SIZE(offset) + length > payload_mem_len) {
 371:Middlewares/Third_Party/LwIP/src/core/pbuf.c ****     LWIP_DEBUGF(PBUF_DEBUG | LWIP_DBG_LEVEL_WARNING, ("pbuf_alloced_custom(length=%"U16_F") buffer 
 372:Middlewares/Third_Party/LwIP/src/core/pbuf.c ****     return NULL;
 373:Middlewares/Third_Party/LwIP/src/core/pbuf.c ****   }
 374:Middlewares/Third_Party/LwIP/src/core/pbuf.c **** 
 375:Middlewares/Third_Party/LwIP/src/core/pbuf.c ****   if (payload_mem != NULL) {
 376:Middlewares/Third_Party/LwIP/src/core/pbuf.c ****     payload = (u8_t *)payload_mem + LWIP_MEM_ALIGN_SIZE(offset);
 377:Middlewares/Third_Party/LwIP/src/core/pbuf.c ****   } else {
 378:Middlewares/Third_Party/LwIP/src/core/pbuf.c ****     payload = NULL;
 379:Middlewares/Third_Party/LwIP/src/core/pbuf.c ****   }
 380:Middlewares/Third_Party/LwIP/src/core/pbuf.c ****   pbuf_init_alloced_pbuf(&p->pbuf, payload, length, length, type, PBUF_FLAG_IS_CUSTOM);
 381:Middlewares/Third_Party/LwIP/src/core/pbuf.c ****   return &p->pbuf;
 382:Middlewares/Third_Party/LwIP/src/core/pbuf.c **** }
 383:Middlewares/Third_Party/LwIP/src/core/pbuf.c **** #endif /* LWIP_SUPPORT_CUSTOM_PBUF */
 384:Middlewares/Third_Party/LwIP/src/core/pbuf.c **** 
 385:Middlewares/Third_Party/LwIP/src/core/pbuf.c **** /**
 386:Middlewares/Third_Party/LwIP/src/core/pbuf.c ****  * @ingroup pbuf
 387:Middlewares/Third_Party/LwIP/src/core/pbuf.c ****  * Shrink a pbuf chain to a desired length.
 388:Middlewares/Third_Party/LwIP/src/core/pbuf.c ****  *
 389:Middlewares/Third_Party/LwIP/src/core/pbuf.c ****  * @param p pbuf to shrink.
 390:Middlewares/Third_Party/LwIP/src/core/pbuf.c ****  * @param new_len desired new length of pbuf chain
 391:Middlewares/Third_Party/LwIP/src/core/pbuf.c ****  *
 392:Middlewares/Third_Party/LwIP/src/core/pbuf.c ****  * Depending on the desired length, the first few pbufs in a chain might
 393:Middlewares/Third_Party/LwIP/src/core/pbuf.c ****  * be skipped and left unchanged. The new last pbuf in the chain will be
 394:Middlewares/Third_Party/LwIP/src/core/pbuf.c ****  * resized, and any remaining pbufs will be freed.
 395:Middlewares/Third_Party/LwIP/src/core/pbuf.c ****  *
 396:Middlewares/Third_Party/LwIP/src/core/pbuf.c ****  * @note If the pbuf is ROM/REF, only the ->tot_len and ->len fields are adjusted.
 397:Middlewares/Third_Party/LwIP/src/core/pbuf.c ****  * @note May not be called on a packet queue.
 398:Middlewares/Third_Party/LwIP/src/core/pbuf.c ****  *
 399:Middlewares/Third_Party/LwIP/src/core/pbuf.c ****  * @note Despite its name, pbuf_realloc cannot grow the size of a pbuf (chain).
 400:Middlewares/Third_Party/LwIP/src/core/pbuf.c ****  */
ARM GAS  /tmp/ccawya4i.s 			page 10


 401:Middlewares/Third_Party/LwIP/src/core/pbuf.c **** void
 402:Middlewares/Third_Party/LwIP/src/core/pbuf.c **** pbuf_realloc(struct pbuf *p, u16_t new_len)
 403:Middlewares/Third_Party/LwIP/src/core/pbuf.c **** {
 404:Middlewares/Third_Party/LwIP/src/core/pbuf.c ****   struct pbuf *q;
 405:Middlewares/Third_Party/LwIP/src/core/pbuf.c ****   u16_t rem_len; /* remaining length */
 406:Middlewares/Third_Party/LwIP/src/core/pbuf.c ****   u16_t shrink;
 407:Middlewares/Third_Party/LwIP/src/core/pbuf.c **** 
 408:Middlewares/Third_Party/LwIP/src/core/pbuf.c ****   LWIP_ASSERT("pbuf_realloc: p != NULL", p != NULL);
 409:Middlewares/Third_Party/LwIP/src/core/pbuf.c **** 
 410:Middlewares/Third_Party/LwIP/src/core/pbuf.c ****   /* desired length larger than current length? */
 411:Middlewares/Third_Party/LwIP/src/core/pbuf.c ****   if (new_len >= p->tot_len) {
 412:Middlewares/Third_Party/LwIP/src/core/pbuf.c ****     /* enlarging not yet supported */
 413:Middlewares/Third_Party/LwIP/src/core/pbuf.c ****     return;
 414:Middlewares/Third_Party/LwIP/src/core/pbuf.c ****   }
 415:Middlewares/Third_Party/LwIP/src/core/pbuf.c **** 
 416:Middlewares/Third_Party/LwIP/src/core/pbuf.c ****   /* the pbuf chain grows by (new_len - p->tot_len) bytes
 417:Middlewares/Third_Party/LwIP/src/core/pbuf.c ****    * (which may be negative in case of shrinking) */
 418:Middlewares/Third_Party/LwIP/src/core/pbuf.c ****   shrink = (u16_t)(p->tot_len - new_len);
 419:Middlewares/Third_Party/LwIP/src/core/pbuf.c **** 
 420:Middlewares/Third_Party/LwIP/src/core/pbuf.c ****   /* first, step over any pbufs that should remain in the chain */
 421:Middlewares/Third_Party/LwIP/src/core/pbuf.c ****   rem_len = new_len;
 422:Middlewares/Third_Party/LwIP/src/core/pbuf.c ****   q = p;
 423:Middlewares/Third_Party/LwIP/src/core/pbuf.c ****   /* should this pbuf be kept? */
 424:Middlewares/Third_Party/LwIP/src/core/pbuf.c ****   while (rem_len > q->len) {
 425:Middlewares/Third_Party/LwIP/src/core/pbuf.c ****     /* decrease remaining length by pbuf length */
 426:Middlewares/Third_Party/LwIP/src/core/pbuf.c ****     rem_len = (u16_t)(rem_len - q->len);
 427:Middlewares/Third_Party/LwIP/src/core/pbuf.c ****     /* decrease total length indicator */
 428:Middlewares/Third_Party/LwIP/src/core/pbuf.c ****     q->tot_len = (u16_t)(q->tot_len - shrink);
 429:Middlewares/Third_Party/LwIP/src/core/pbuf.c ****     /* proceed to next pbuf in chain */
 430:Middlewares/Third_Party/LwIP/src/core/pbuf.c ****     q = q->next;
 431:Middlewares/Third_Party/LwIP/src/core/pbuf.c ****     LWIP_ASSERT("pbuf_realloc: q != NULL", q != NULL);
 432:Middlewares/Third_Party/LwIP/src/core/pbuf.c ****   }
 433:Middlewares/Third_Party/LwIP/src/core/pbuf.c ****   /* we have now reached the new last pbuf (in q) */
 434:Middlewares/Third_Party/LwIP/src/core/pbuf.c ****   /* rem_len == desired length for pbuf q */
 435:Middlewares/Third_Party/LwIP/src/core/pbuf.c **** 
 436:Middlewares/Third_Party/LwIP/src/core/pbuf.c ****   /* shrink allocated memory for PBUF_RAM */
 437:Middlewares/Third_Party/LwIP/src/core/pbuf.c ****   /* (other types merely adjust their length fields */
 438:Middlewares/Third_Party/LwIP/src/core/pbuf.c ****   if (pbuf_match_allocsrc(q, PBUF_TYPE_ALLOC_SRC_MASK_STD_HEAP) && (rem_len != q->len)
 439:Middlewares/Third_Party/LwIP/src/core/pbuf.c **** #if LWIP_SUPPORT_CUSTOM_PBUF
 440:Middlewares/Third_Party/LwIP/src/core/pbuf.c ****       && ((q->flags & PBUF_FLAG_IS_CUSTOM) == 0)
 441:Middlewares/Third_Party/LwIP/src/core/pbuf.c **** #endif /* LWIP_SUPPORT_CUSTOM_PBUF */
 442:Middlewares/Third_Party/LwIP/src/core/pbuf.c ****      ) {
 443:Middlewares/Third_Party/LwIP/src/core/pbuf.c ****     /* reallocate and adjust the length of the pbuf that will be split */
 444:Middlewares/Third_Party/LwIP/src/core/pbuf.c ****     q = (struct pbuf *)mem_trim(q, (mem_size_t)(((u8_t *)q->payload - (u8_t *)q) + rem_len));
 445:Middlewares/Third_Party/LwIP/src/core/pbuf.c ****     LWIP_ASSERT("mem_trim returned q == NULL", q != NULL);
 446:Middlewares/Third_Party/LwIP/src/core/pbuf.c ****   }
 447:Middlewares/Third_Party/LwIP/src/core/pbuf.c ****   /* adjust length fields for new last pbuf */
 448:Middlewares/Third_Party/LwIP/src/core/pbuf.c ****   q->len = rem_len;
 449:Middlewares/Third_Party/LwIP/src/core/pbuf.c ****   q->tot_len = q->len;
 450:Middlewares/Third_Party/LwIP/src/core/pbuf.c **** 
 451:Middlewares/Third_Party/LwIP/src/core/pbuf.c ****   /* any remaining pbufs in chain? */
 452:Middlewares/Third_Party/LwIP/src/core/pbuf.c ****   if (q->next != NULL) {
 453:Middlewares/Third_Party/LwIP/src/core/pbuf.c ****     /* free remaining pbufs in chain */
 454:Middlewares/Third_Party/LwIP/src/core/pbuf.c ****     pbuf_free(q->next);
 455:Middlewares/Third_Party/LwIP/src/core/pbuf.c ****   }
 456:Middlewares/Third_Party/LwIP/src/core/pbuf.c ****   /* q is last packet in chain */
 457:Middlewares/Third_Party/LwIP/src/core/pbuf.c ****   q->next = NULL;
ARM GAS  /tmp/ccawya4i.s 			page 11


 458:Middlewares/Third_Party/LwIP/src/core/pbuf.c **** 
 459:Middlewares/Third_Party/LwIP/src/core/pbuf.c **** }
 460:Middlewares/Third_Party/LwIP/src/core/pbuf.c **** 
 461:Middlewares/Third_Party/LwIP/src/core/pbuf.c **** /**
 462:Middlewares/Third_Party/LwIP/src/core/pbuf.c ****  * Adjusts the payload pointer to reveal headers in the payload.
 463:Middlewares/Third_Party/LwIP/src/core/pbuf.c ****  * @see pbuf_add_header.
 464:Middlewares/Third_Party/LwIP/src/core/pbuf.c ****  *
 465:Middlewares/Third_Party/LwIP/src/core/pbuf.c ****  * @param p pbuf to change the header size.
 466:Middlewares/Third_Party/LwIP/src/core/pbuf.c ****  * @param header_size_increment Number of bytes to increment header size.
 467:Middlewares/Third_Party/LwIP/src/core/pbuf.c ****  * @param force Allow 'header_size_increment > 0' for PBUF_REF/PBUF_ROM types
 468:Middlewares/Third_Party/LwIP/src/core/pbuf.c ****  *
 469:Middlewares/Third_Party/LwIP/src/core/pbuf.c ****  * @return non-zero on failure, zero on success.
 470:Middlewares/Third_Party/LwIP/src/core/pbuf.c ****  *
 471:Middlewares/Third_Party/LwIP/src/core/pbuf.c ****  */
 472:Middlewares/Third_Party/LwIP/src/core/pbuf.c **** static u8_t
 473:Middlewares/Third_Party/LwIP/src/core/pbuf.c **** pbuf_add_header_impl(struct pbuf *p, size_t header_size_increment, u8_t force)
 474:Middlewares/Third_Party/LwIP/src/core/pbuf.c **** {
 475:Middlewares/Third_Party/LwIP/src/core/pbuf.c ****   u16_t type_internal;
 476:Middlewares/Third_Party/LwIP/src/core/pbuf.c ****   void *payload;
 477:Middlewares/Third_Party/LwIP/src/core/pbuf.c ****   u16_t increment_magnitude;
 478:Middlewares/Third_Party/LwIP/src/core/pbuf.c **** 
 479:Middlewares/Third_Party/LwIP/src/core/pbuf.c ****   LWIP_ASSERT("p != NULL", p != NULL);
 480:Middlewares/Third_Party/LwIP/src/core/pbuf.c ****   if ((p == NULL) || (header_size_increment > 0xFFFF)) {
 481:Middlewares/Third_Party/LwIP/src/core/pbuf.c ****     return 1;
 482:Middlewares/Third_Party/LwIP/src/core/pbuf.c ****   }
 483:Middlewares/Third_Party/LwIP/src/core/pbuf.c ****   if (header_size_increment == 0) {
 484:Middlewares/Third_Party/LwIP/src/core/pbuf.c ****     return 0;
 485:Middlewares/Third_Party/LwIP/src/core/pbuf.c ****   }
 486:Middlewares/Third_Party/LwIP/src/core/pbuf.c **** 
 487:Middlewares/Third_Party/LwIP/src/core/pbuf.c ****   increment_magnitude = (u16_t)header_size_increment;
 488:Middlewares/Third_Party/LwIP/src/core/pbuf.c ****   /* Do not allow tot_len to wrap as a result. */
 489:Middlewares/Third_Party/LwIP/src/core/pbuf.c ****   if ((u16_t)(increment_magnitude + p->tot_len) < increment_magnitude) {
 490:Middlewares/Third_Party/LwIP/src/core/pbuf.c ****     return 1;
 491:Middlewares/Third_Party/LwIP/src/core/pbuf.c ****   }
 492:Middlewares/Third_Party/LwIP/src/core/pbuf.c **** 
 493:Middlewares/Third_Party/LwIP/src/core/pbuf.c ****   type_internal = p->type_internal;
 494:Middlewares/Third_Party/LwIP/src/core/pbuf.c **** 
 495:Middlewares/Third_Party/LwIP/src/core/pbuf.c ****   /* pbuf types containing payloads? */
 496:Middlewares/Third_Party/LwIP/src/core/pbuf.c ****   if (type_internal & PBUF_TYPE_FLAG_STRUCT_DATA_CONTIGUOUS) {
 497:Middlewares/Third_Party/LwIP/src/core/pbuf.c ****     /* set new payload pointer */
 498:Middlewares/Third_Party/LwIP/src/core/pbuf.c ****     payload = (u8_t *)p->payload - header_size_increment;
 499:Middlewares/Third_Party/LwIP/src/core/pbuf.c ****     /* boundary check fails? */
 500:Middlewares/Third_Party/LwIP/src/core/pbuf.c ****     if ((u8_t *)payload < (u8_t *)p + SIZEOF_STRUCT_PBUF) {
 501:Middlewares/Third_Party/LwIP/src/core/pbuf.c ****       LWIP_DEBUGF( PBUF_DEBUG | LWIP_DBG_TRACE,
 502:Middlewares/Third_Party/LwIP/src/core/pbuf.c ****                    ("pbuf_add_header: failed as %p < %p (not enough space for new header size)\n",
 503:Middlewares/Third_Party/LwIP/src/core/pbuf.c ****                     (void *)payload, (void *)((u8_t *)p + SIZEOF_STRUCT_PBUF)));
 504:Middlewares/Third_Party/LwIP/src/core/pbuf.c ****       /* bail out unsuccessfully */
 505:Middlewares/Third_Party/LwIP/src/core/pbuf.c ****       return 1;
 506:Middlewares/Third_Party/LwIP/src/core/pbuf.c ****     }
 507:Middlewares/Third_Party/LwIP/src/core/pbuf.c ****     /* pbuf types referring to external payloads? */
 508:Middlewares/Third_Party/LwIP/src/core/pbuf.c ****   } else {
 509:Middlewares/Third_Party/LwIP/src/core/pbuf.c ****     /* hide a header in the payload? */
 510:Middlewares/Third_Party/LwIP/src/core/pbuf.c ****     if (force) {
 511:Middlewares/Third_Party/LwIP/src/core/pbuf.c ****       payload = (u8_t *)p->payload - header_size_increment;
 512:Middlewares/Third_Party/LwIP/src/core/pbuf.c ****     } else {
 513:Middlewares/Third_Party/LwIP/src/core/pbuf.c ****       /* cannot expand payload to front (yet!)
 514:Middlewares/Third_Party/LwIP/src/core/pbuf.c ****        * bail out unsuccessfully */
ARM GAS  /tmp/ccawya4i.s 			page 12


 515:Middlewares/Third_Party/LwIP/src/core/pbuf.c ****       return 1;
 516:Middlewares/Third_Party/LwIP/src/core/pbuf.c ****     }
 517:Middlewares/Third_Party/LwIP/src/core/pbuf.c ****   }
 518:Middlewares/Third_Party/LwIP/src/core/pbuf.c ****   LWIP_DEBUGF(PBUF_DEBUG | LWIP_DBG_TRACE, ("pbuf_add_header: old %p new %p (%"U16_F")\n",
 519:Middlewares/Third_Party/LwIP/src/core/pbuf.c ****               (void *)p->payload, (void *)payload, increment_magnitude));
 520:Middlewares/Third_Party/LwIP/src/core/pbuf.c **** 
 521:Middlewares/Third_Party/LwIP/src/core/pbuf.c ****   /* modify pbuf fields */
 522:Middlewares/Third_Party/LwIP/src/core/pbuf.c ****   p->payload = payload;
 523:Middlewares/Third_Party/LwIP/src/core/pbuf.c ****   p->len = (u16_t)(p->len + increment_magnitude);
 524:Middlewares/Third_Party/LwIP/src/core/pbuf.c ****   p->tot_len = (u16_t)(p->tot_len + increment_magnitude);
 525:Middlewares/Third_Party/LwIP/src/core/pbuf.c **** 
 526:Middlewares/Third_Party/LwIP/src/core/pbuf.c **** 
 527:Middlewares/Third_Party/LwIP/src/core/pbuf.c ****   return 0;
 528:Middlewares/Third_Party/LwIP/src/core/pbuf.c **** }
 529:Middlewares/Third_Party/LwIP/src/core/pbuf.c **** 
 530:Middlewares/Third_Party/LwIP/src/core/pbuf.c **** /**
 531:Middlewares/Third_Party/LwIP/src/core/pbuf.c ****  * Adjusts the payload pointer to reveal headers in the payload.
 532:Middlewares/Third_Party/LwIP/src/core/pbuf.c ****  *
 533:Middlewares/Third_Party/LwIP/src/core/pbuf.c ****  * Adjusts the ->payload pointer so that space for a header
 534:Middlewares/Third_Party/LwIP/src/core/pbuf.c ****  * appears in the pbuf payload.
 535:Middlewares/Third_Party/LwIP/src/core/pbuf.c ****  *
 536:Middlewares/Third_Party/LwIP/src/core/pbuf.c ****  * The ->payload, ->tot_len and ->len fields are adjusted.
 537:Middlewares/Third_Party/LwIP/src/core/pbuf.c ****  *
 538:Middlewares/Third_Party/LwIP/src/core/pbuf.c ****  * @param p pbuf to change the header size.
 539:Middlewares/Third_Party/LwIP/src/core/pbuf.c ****  * @param header_size_increment Number of bytes to increment header size which
 540:Middlewares/Third_Party/LwIP/src/core/pbuf.c ****  *          increases the size of the pbuf. New space is on the front.
 541:Middlewares/Third_Party/LwIP/src/core/pbuf.c ****  *          If header_size_increment is 0, this function does nothing and returns successful.
 542:Middlewares/Third_Party/LwIP/src/core/pbuf.c ****  *
 543:Middlewares/Third_Party/LwIP/src/core/pbuf.c ****  * PBUF_ROM and PBUF_REF type buffers cannot have their sizes increased, so
 544:Middlewares/Third_Party/LwIP/src/core/pbuf.c ****  * the call will fail. A check is made that the increase in header size does
 545:Middlewares/Third_Party/LwIP/src/core/pbuf.c ****  * not move the payload pointer in front of the start of the buffer.
 546:Middlewares/Third_Party/LwIP/src/core/pbuf.c ****  *
 547:Middlewares/Third_Party/LwIP/src/core/pbuf.c ****  * @return non-zero on failure, zero on success.
 548:Middlewares/Third_Party/LwIP/src/core/pbuf.c ****  *
 549:Middlewares/Third_Party/LwIP/src/core/pbuf.c ****  */
 550:Middlewares/Third_Party/LwIP/src/core/pbuf.c **** u8_t
 551:Middlewares/Third_Party/LwIP/src/core/pbuf.c **** pbuf_add_header(struct pbuf *p, size_t header_size_increment)
 552:Middlewares/Third_Party/LwIP/src/core/pbuf.c **** {
 553:Middlewares/Third_Party/LwIP/src/core/pbuf.c ****   return pbuf_add_header_impl(p, header_size_increment, 0);
 554:Middlewares/Third_Party/LwIP/src/core/pbuf.c **** }
 555:Middlewares/Third_Party/LwIP/src/core/pbuf.c **** 
 556:Middlewares/Third_Party/LwIP/src/core/pbuf.c **** /**
 557:Middlewares/Third_Party/LwIP/src/core/pbuf.c ****  * Same as @ref pbuf_add_header but does not check if 'header_size > 0' is allowed.
 558:Middlewares/Third_Party/LwIP/src/core/pbuf.c ****  * This is used internally only, to allow PBUF_REF for RX.
 559:Middlewares/Third_Party/LwIP/src/core/pbuf.c ****  */
 560:Middlewares/Third_Party/LwIP/src/core/pbuf.c **** u8_t
 561:Middlewares/Third_Party/LwIP/src/core/pbuf.c **** pbuf_add_header_force(struct pbuf *p, size_t header_size_increment)
 562:Middlewares/Third_Party/LwIP/src/core/pbuf.c **** {
 563:Middlewares/Third_Party/LwIP/src/core/pbuf.c ****   return pbuf_add_header_impl(p, header_size_increment, 1);
 564:Middlewares/Third_Party/LwIP/src/core/pbuf.c **** }
 565:Middlewares/Third_Party/LwIP/src/core/pbuf.c **** 
 566:Middlewares/Third_Party/LwIP/src/core/pbuf.c **** /**
 567:Middlewares/Third_Party/LwIP/src/core/pbuf.c ****  * Adjusts the payload pointer to hide headers in the payload.
 568:Middlewares/Third_Party/LwIP/src/core/pbuf.c ****  *
 569:Middlewares/Third_Party/LwIP/src/core/pbuf.c ****  * Adjusts the ->payload pointer so that space for a header
 570:Middlewares/Third_Party/LwIP/src/core/pbuf.c ****  * disappears in the pbuf payload.
 571:Middlewares/Third_Party/LwIP/src/core/pbuf.c ****  *
ARM GAS  /tmp/ccawya4i.s 			page 13


 572:Middlewares/Third_Party/LwIP/src/core/pbuf.c ****  * The ->payload, ->tot_len and ->len fields are adjusted.
 573:Middlewares/Third_Party/LwIP/src/core/pbuf.c ****  *
 574:Middlewares/Third_Party/LwIP/src/core/pbuf.c ****  * @param p pbuf to change the header size.
 575:Middlewares/Third_Party/LwIP/src/core/pbuf.c ****  * @param header_size_decrement Number of bytes to decrement header size which
 576:Middlewares/Third_Party/LwIP/src/core/pbuf.c ****  *          decreases the size of the pbuf.
 577:Middlewares/Third_Party/LwIP/src/core/pbuf.c ****  *          If header_size_decrement is 0, this function does nothing and returns successful.
 578:Middlewares/Third_Party/LwIP/src/core/pbuf.c ****  * @return non-zero on failure, zero on success.
 579:Middlewares/Third_Party/LwIP/src/core/pbuf.c ****  *
 580:Middlewares/Third_Party/LwIP/src/core/pbuf.c ****  */
 581:Middlewares/Third_Party/LwIP/src/core/pbuf.c **** u8_t
 582:Middlewares/Third_Party/LwIP/src/core/pbuf.c **** pbuf_remove_header(struct pbuf *p, size_t header_size_decrement)
 583:Middlewares/Third_Party/LwIP/src/core/pbuf.c **** {
 584:Middlewares/Third_Party/LwIP/src/core/pbuf.c ****   void *payload;
 585:Middlewares/Third_Party/LwIP/src/core/pbuf.c ****   u16_t increment_magnitude;
 586:Middlewares/Third_Party/LwIP/src/core/pbuf.c **** 
 587:Middlewares/Third_Party/LwIP/src/core/pbuf.c ****   LWIP_ASSERT("p != NULL", p != NULL);
 588:Middlewares/Third_Party/LwIP/src/core/pbuf.c ****   if ((p == NULL) || (header_size_decrement > 0xFFFF)) {
 589:Middlewares/Third_Party/LwIP/src/core/pbuf.c ****     return 1;
 590:Middlewares/Third_Party/LwIP/src/core/pbuf.c ****   }
 591:Middlewares/Third_Party/LwIP/src/core/pbuf.c ****   if (header_size_decrement == 0) {
 592:Middlewares/Third_Party/LwIP/src/core/pbuf.c ****     return 0;
 593:Middlewares/Third_Party/LwIP/src/core/pbuf.c ****   }
 594:Middlewares/Third_Party/LwIP/src/core/pbuf.c **** 
 595:Middlewares/Third_Party/LwIP/src/core/pbuf.c ****   increment_magnitude = (u16_t)header_size_decrement;
 596:Middlewares/Third_Party/LwIP/src/core/pbuf.c ****   /* Check that we aren't going to move off the end of the pbuf */
 597:Middlewares/Third_Party/LwIP/src/core/pbuf.c ****   LWIP_ERROR("increment_magnitude <= p->len", (increment_magnitude <= p->len), return 1;);
 598:Middlewares/Third_Party/LwIP/src/core/pbuf.c **** 
 599:Middlewares/Third_Party/LwIP/src/core/pbuf.c ****   /* remember current payload pointer */
 600:Middlewares/Third_Party/LwIP/src/core/pbuf.c ****   payload = p->payload;
 601:Middlewares/Third_Party/LwIP/src/core/pbuf.c ****   LWIP_UNUSED_ARG(payload); /* only used in LWIP_DEBUGF below */
 602:Middlewares/Third_Party/LwIP/src/core/pbuf.c **** 
 603:Middlewares/Third_Party/LwIP/src/core/pbuf.c ****   /* increase payload pointer (guarded by length check above) */
 604:Middlewares/Third_Party/LwIP/src/core/pbuf.c ****   p->payload = (u8_t *)p->payload + header_size_decrement;
 605:Middlewares/Third_Party/LwIP/src/core/pbuf.c ****   /* modify pbuf length fields */
 606:Middlewares/Third_Party/LwIP/src/core/pbuf.c ****   p->len = (u16_t)(p->len - increment_magnitude);
 607:Middlewares/Third_Party/LwIP/src/core/pbuf.c ****   p->tot_len = (u16_t)(p->tot_len - increment_magnitude);
 608:Middlewares/Third_Party/LwIP/src/core/pbuf.c **** 
 609:Middlewares/Third_Party/LwIP/src/core/pbuf.c ****   LWIP_DEBUGF(PBUF_DEBUG | LWIP_DBG_TRACE, ("pbuf_remove_header: old %p new %p (%"U16_F")\n",
 610:Middlewares/Third_Party/LwIP/src/core/pbuf.c ****               (void *)payload, (void *)p->payload, increment_magnitude));
 611:Middlewares/Third_Party/LwIP/src/core/pbuf.c **** 
 612:Middlewares/Third_Party/LwIP/src/core/pbuf.c ****   return 0;
 613:Middlewares/Third_Party/LwIP/src/core/pbuf.c **** }
 614:Middlewares/Third_Party/LwIP/src/core/pbuf.c **** 
 615:Middlewares/Third_Party/LwIP/src/core/pbuf.c **** static u8_t
 616:Middlewares/Third_Party/LwIP/src/core/pbuf.c **** pbuf_header_impl(struct pbuf *p, s16_t header_size_increment, u8_t force)
 617:Middlewares/Third_Party/LwIP/src/core/pbuf.c **** {
 618:Middlewares/Third_Party/LwIP/src/core/pbuf.c ****   if (header_size_increment < 0) {
 619:Middlewares/Third_Party/LwIP/src/core/pbuf.c ****     return pbuf_remove_header(p, (size_t) - header_size_increment);
 620:Middlewares/Third_Party/LwIP/src/core/pbuf.c ****   } else {
 621:Middlewares/Third_Party/LwIP/src/core/pbuf.c ****     return pbuf_add_header_impl(p, (size_t)header_size_increment, force);
 622:Middlewares/Third_Party/LwIP/src/core/pbuf.c ****   }
 623:Middlewares/Third_Party/LwIP/src/core/pbuf.c **** }
 624:Middlewares/Third_Party/LwIP/src/core/pbuf.c **** 
 625:Middlewares/Third_Party/LwIP/src/core/pbuf.c **** /**
 626:Middlewares/Third_Party/LwIP/src/core/pbuf.c ****  * Adjusts the payload pointer to hide or reveal headers in the payload.
 627:Middlewares/Third_Party/LwIP/src/core/pbuf.c ****  *
 628:Middlewares/Third_Party/LwIP/src/core/pbuf.c ****  * Adjusts the ->payload pointer so that space for a header
ARM GAS  /tmp/ccawya4i.s 			page 14


 629:Middlewares/Third_Party/LwIP/src/core/pbuf.c ****  * (dis)appears in the pbuf payload.
 630:Middlewares/Third_Party/LwIP/src/core/pbuf.c ****  *
 631:Middlewares/Third_Party/LwIP/src/core/pbuf.c ****  * The ->payload, ->tot_len and ->len fields are adjusted.
 632:Middlewares/Third_Party/LwIP/src/core/pbuf.c ****  *
 633:Middlewares/Third_Party/LwIP/src/core/pbuf.c ****  * @param p pbuf to change the header size.
 634:Middlewares/Third_Party/LwIP/src/core/pbuf.c ****  * @param header_size_increment Number of bytes to increment header size which
 635:Middlewares/Third_Party/LwIP/src/core/pbuf.c ****  * increases the size of the pbuf. New space is on the front.
 636:Middlewares/Third_Party/LwIP/src/core/pbuf.c ****  * (Using a negative value decreases the header size.)
 637:Middlewares/Third_Party/LwIP/src/core/pbuf.c ****  * If header_size_increment is 0, this function does nothing and returns successful.
 638:Middlewares/Third_Party/LwIP/src/core/pbuf.c ****  *
 639:Middlewares/Third_Party/LwIP/src/core/pbuf.c ****  * PBUF_ROM and PBUF_REF type buffers cannot have their sizes increased, so
 640:Middlewares/Third_Party/LwIP/src/core/pbuf.c ****  * the call will fail. A check is made that the increase in header size does
 641:Middlewares/Third_Party/LwIP/src/core/pbuf.c ****  * not move the payload pointer in front of the start of the buffer.
 642:Middlewares/Third_Party/LwIP/src/core/pbuf.c ****  * @return non-zero on failure, zero on success.
 643:Middlewares/Third_Party/LwIP/src/core/pbuf.c ****  *
 644:Middlewares/Third_Party/LwIP/src/core/pbuf.c ****  */
 645:Middlewares/Third_Party/LwIP/src/core/pbuf.c **** u8_t
 646:Middlewares/Third_Party/LwIP/src/core/pbuf.c **** pbuf_header(struct pbuf *p, s16_t header_size_increment)
 647:Middlewares/Third_Party/LwIP/src/core/pbuf.c **** {
 648:Middlewares/Third_Party/LwIP/src/core/pbuf.c ****   return pbuf_header_impl(p, header_size_increment, 0);
 649:Middlewares/Third_Party/LwIP/src/core/pbuf.c **** }
 650:Middlewares/Third_Party/LwIP/src/core/pbuf.c **** 
 651:Middlewares/Third_Party/LwIP/src/core/pbuf.c **** /**
 652:Middlewares/Third_Party/LwIP/src/core/pbuf.c ****  * Same as pbuf_header but does not check if 'header_size > 0' is allowed.
 653:Middlewares/Third_Party/LwIP/src/core/pbuf.c ****  * This is used internally only, to allow PBUF_REF for RX.
 654:Middlewares/Third_Party/LwIP/src/core/pbuf.c ****  */
 655:Middlewares/Third_Party/LwIP/src/core/pbuf.c **** u8_t
 656:Middlewares/Third_Party/LwIP/src/core/pbuf.c **** pbuf_header_force(struct pbuf *p, s16_t header_size_increment)
 657:Middlewares/Third_Party/LwIP/src/core/pbuf.c **** {
 658:Middlewares/Third_Party/LwIP/src/core/pbuf.c ****   return pbuf_header_impl(p, header_size_increment, 1);
 659:Middlewares/Third_Party/LwIP/src/core/pbuf.c **** }
 660:Middlewares/Third_Party/LwIP/src/core/pbuf.c **** 
 661:Middlewares/Third_Party/LwIP/src/core/pbuf.c **** /** Similar to pbuf_header(-size) but de-refs header pbufs for (size >= p->len)
 662:Middlewares/Third_Party/LwIP/src/core/pbuf.c ****  *
 663:Middlewares/Third_Party/LwIP/src/core/pbuf.c ****  * @param q pbufs to operate on
 664:Middlewares/Third_Party/LwIP/src/core/pbuf.c ****  * @param size The number of bytes to remove from the beginning of the pbuf list.
 665:Middlewares/Third_Party/LwIP/src/core/pbuf.c ****  *             While size >= p->len, pbufs are freed.
 666:Middlewares/Third_Party/LwIP/src/core/pbuf.c ****  *        ATTENTION: this is the opposite direction as @ref pbuf_header, but
 667:Middlewares/Third_Party/LwIP/src/core/pbuf.c ****  *                   takes an u16_t not s16_t!
 668:Middlewares/Third_Party/LwIP/src/core/pbuf.c ****  * @return the new head pbuf
 669:Middlewares/Third_Party/LwIP/src/core/pbuf.c ****  */
 670:Middlewares/Third_Party/LwIP/src/core/pbuf.c **** struct pbuf *
 671:Middlewares/Third_Party/LwIP/src/core/pbuf.c **** pbuf_free_header(struct pbuf *q, u16_t size)
 672:Middlewares/Third_Party/LwIP/src/core/pbuf.c **** {
 673:Middlewares/Third_Party/LwIP/src/core/pbuf.c ****   struct pbuf *p = q;
 674:Middlewares/Third_Party/LwIP/src/core/pbuf.c ****   u16_t free_left = size;
 675:Middlewares/Third_Party/LwIP/src/core/pbuf.c ****   while (free_left && p) {
 676:Middlewares/Third_Party/LwIP/src/core/pbuf.c ****     if (free_left >= p->len) {
 677:Middlewares/Third_Party/LwIP/src/core/pbuf.c ****       struct pbuf *f = p;
 678:Middlewares/Third_Party/LwIP/src/core/pbuf.c ****       free_left = (u16_t)(free_left - p->len);
 679:Middlewares/Third_Party/LwIP/src/core/pbuf.c ****       p = p->next;
 680:Middlewares/Third_Party/LwIP/src/core/pbuf.c ****       f->next = 0;
 681:Middlewares/Third_Party/LwIP/src/core/pbuf.c ****       pbuf_free(f);
 682:Middlewares/Third_Party/LwIP/src/core/pbuf.c ****     } else {
 683:Middlewares/Third_Party/LwIP/src/core/pbuf.c ****       pbuf_remove_header(p, free_left);
 684:Middlewares/Third_Party/LwIP/src/core/pbuf.c ****       free_left = 0;
 685:Middlewares/Third_Party/LwIP/src/core/pbuf.c ****     }
ARM GAS  /tmp/ccawya4i.s 			page 15


 686:Middlewares/Third_Party/LwIP/src/core/pbuf.c ****   }
 687:Middlewares/Third_Party/LwIP/src/core/pbuf.c ****   return p;
 688:Middlewares/Third_Party/LwIP/src/core/pbuf.c **** }
 689:Middlewares/Third_Party/LwIP/src/core/pbuf.c **** 
 690:Middlewares/Third_Party/LwIP/src/core/pbuf.c **** /**
 691:Middlewares/Third_Party/LwIP/src/core/pbuf.c ****  * @ingroup pbuf
 692:Middlewares/Third_Party/LwIP/src/core/pbuf.c ****  * Dereference a pbuf chain or queue and deallocate any no-longer-used
 693:Middlewares/Third_Party/LwIP/src/core/pbuf.c ****  * pbufs at the head of this chain or queue.
 694:Middlewares/Third_Party/LwIP/src/core/pbuf.c ****  *
 695:Middlewares/Third_Party/LwIP/src/core/pbuf.c ****  * Decrements the pbuf reference count. If it reaches zero, the pbuf is
 696:Middlewares/Third_Party/LwIP/src/core/pbuf.c ****  * deallocated.
 697:Middlewares/Third_Party/LwIP/src/core/pbuf.c ****  *
 698:Middlewares/Third_Party/LwIP/src/core/pbuf.c ****  * For a pbuf chain, this is repeated for each pbuf in the chain,
 699:Middlewares/Third_Party/LwIP/src/core/pbuf.c ****  * up to the first pbuf which has a non-zero reference count after
 700:Middlewares/Third_Party/LwIP/src/core/pbuf.c ****  * decrementing. So, when all reference counts are one, the whole
 701:Middlewares/Third_Party/LwIP/src/core/pbuf.c ****  * chain is free'd.
 702:Middlewares/Third_Party/LwIP/src/core/pbuf.c ****  *
 703:Middlewares/Third_Party/LwIP/src/core/pbuf.c ****  * @param p The pbuf (chain) to be dereferenced.
 704:Middlewares/Third_Party/LwIP/src/core/pbuf.c ****  *
 705:Middlewares/Third_Party/LwIP/src/core/pbuf.c ****  * @return the number of pbufs that were de-allocated
 706:Middlewares/Third_Party/LwIP/src/core/pbuf.c ****  * from the head of the chain.
 707:Middlewares/Third_Party/LwIP/src/core/pbuf.c ****  *
 708:Middlewares/Third_Party/LwIP/src/core/pbuf.c ****  * @note MUST NOT be called on a packet queue (Not verified to work yet).
 709:Middlewares/Third_Party/LwIP/src/core/pbuf.c ****  * @note the reference counter of a pbuf equals the number of pointers
 710:Middlewares/Third_Party/LwIP/src/core/pbuf.c ****  * that refer to the pbuf (or into the pbuf).
 711:Middlewares/Third_Party/LwIP/src/core/pbuf.c ****  *
 712:Middlewares/Third_Party/LwIP/src/core/pbuf.c ****  * @internal examples:
 713:Middlewares/Third_Party/LwIP/src/core/pbuf.c ****  *
 714:Middlewares/Third_Party/LwIP/src/core/pbuf.c ****  * Assuming existing chains a->b->c with the following reference
 715:Middlewares/Third_Party/LwIP/src/core/pbuf.c ****  * counts, calling pbuf_free(a) results in:
 716:Middlewares/Third_Party/LwIP/src/core/pbuf.c ****  *
 717:Middlewares/Third_Party/LwIP/src/core/pbuf.c ****  * 1->2->3 becomes ...1->3
 718:Middlewares/Third_Party/LwIP/src/core/pbuf.c ****  * 3->3->3 becomes 2->3->3
 719:Middlewares/Third_Party/LwIP/src/core/pbuf.c ****  * 1->1->2 becomes ......1
 720:Middlewares/Third_Party/LwIP/src/core/pbuf.c ****  * 2->1->1 becomes 1->1->1
 721:Middlewares/Third_Party/LwIP/src/core/pbuf.c ****  * 1->1->1 becomes .......
 722:Middlewares/Third_Party/LwIP/src/core/pbuf.c ****  *
 723:Middlewares/Third_Party/LwIP/src/core/pbuf.c ****  */
 724:Middlewares/Third_Party/LwIP/src/core/pbuf.c **** u8_t
 725:Middlewares/Third_Party/LwIP/src/core/pbuf.c **** pbuf_free(struct pbuf *p)
 726:Middlewares/Third_Party/LwIP/src/core/pbuf.c **** {
 727:Middlewares/Third_Party/LwIP/src/core/pbuf.c ****   u8_t alloc_src;
 728:Middlewares/Third_Party/LwIP/src/core/pbuf.c ****   struct pbuf *q;
 729:Middlewares/Third_Party/LwIP/src/core/pbuf.c ****   u8_t count;
 730:Middlewares/Third_Party/LwIP/src/core/pbuf.c **** 
 731:Middlewares/Third_Party/LwIP/src/core/pbuf.c ****   if (p == NULL) {
 732:Middlewares/Third_Party/LwIP/src/core/pbuf.c ****     LWIP_ASSERT("p != NULL", p != NULL);
 733:Middlewares/Third_Party/LwIP/src/core/pbuf.c ****     /* if assertions are disabled, proceed with debug output */
 734:Middlewares/Third_Party/LwIP/src/core/pbuf.c ****     LWIP_DEBUGF(PBUF_DEBUG | LWIP_DBG_LEVEL_SERIOUS,
 735:Middlewares/Third_Party/LwIP/src/core/pbuf.c ****                 ("pbuf_free(p == NULL) was called.\n"));
 736:Middlewares/Third_Party/LwIP/src/core/pbuf.c ****     return 0;
 737:Middlewares/Third_Party/LwIP/src/core/pbuf.c ****   }
 738:Middlewares/Third_Party/LwIP/src/core/pbuf.c ****   LWIP_DEBUGF(PBUF_DEBUG | LWIP_DBG_TRACE, ("pbuf_free(%p)\n", (void *)p));
 739:Middlewares/Third_Party/LwIP/src/core/pbuf.c **** 
 740:Middlewares/Third_Party/LwIP/src/core/pbuf.c ****   PERF_START;
 741:Middlewares/Third_Party/LwIP/src/core/pbuf.c **** 
 742:Middlewares/Third_Party/LwIP/src/core/pbuf.c ****   count = 0;
ARM GAS  /tmp/ccawya4i.s 			page 16


 743:Middlewares/Third_Party/LwIP/src/core/pbuf.c ****   /* de-allocate all consecutive pbufs from the head of the chain that
 744:Middlewares/Third_Party/LwIP/src/core/pbuf.c ****    * obtain a zero reference count after decrementing*/
 745:Middlewares/Third_Party/LwIP/src/core/pbuf.c ****   while (p != NULL) {
 746:Middlewares/Third_Party/LwIP/src/core/pbuf.c ****     LWIP_PBUF_REF_T ref;
 747:Middlewares/Third_Party/LwIP/src/core/pbuf.c ****     SYS_ARCH_DECL_PROTECT(old_level);
 748:Middlewares/Third_Party/LwIP/src/core/pbuf.c ****     /* Since decrementing ref cannot be guaranteed to be a single machine operation
 749:Middlewares/Third_Party/LwIP/src/core/pbuf.c ****      * we must protect it. We put the new ref into a local variable to prevent
 750:Middlewares/Third_Party/LwIP/src/core/pbuf.c ****      * further protection. */
 751:Middlewares/Third_Party/LwIP/src/core/pbuf.c ****     SYS_ARCH_PROTECT(old_level);
 752:Middlewares/Third_Party/LwIP/src/core/pbuf.c ****     /* all pbufs in a chain are referenced at least once */
 753:Middlewares/Third_Party/LwIP/src/core/pbuf.c ****     LWIP_ASSERT("pbuf_free: p->ref > 0", p->ref > 0);
 754:Middlewares/Third_Party/LwIP/src/core/pbuf.c ****     /* decrease reference count (number of pointers to pbuf) */
 755:Middlewares/Third_Party/LwIP/src/core/pbuf.c ****     ref = --(p->ref);
 756:Middlewares/Third_Party/LwIP/src/core/pbuf.c ****     SYS_ARCH_UNPROTECT(old_level);
 757:Middlewares/Third_Party/LwIP/src/core/pbuf.c ****     /* this pbuf is no longer referenced to? */
 758:Middlewares/Third_Party/LwIP/src/core/pbuf.c ****     if (ref == 0) {
 759:Middlewares/Third_Party/LwIP/src/core/pbuf.c ****       /* remember next pbuf in chain for next iteration */
 760:Middlewares/Third_Party/LwIP/src/core/pbuf.c ****       q = p->next;
 761:Middlewares/Third_Party/LwIP/src/core/pbuf.c ****       LWIP_DEBUGF( PBUF_DEBUG | LWIP_DBG_TRACE, ("pbuf_free: deallocating %p\n", (void *)p));
 762:Middlewares/Third_Party/LwIP/src/core/pbuf.c ****       alloc_src = pbuf_get_allocsrc(p);
 763:Middlewares/Third_Party/LwIP/src/core/pbuf.c **** #if LWIP_SUPPORT_CUSTOM_PBUF
 764:Middlewares/Third_Party/LwIP/src/core/pbuf.c ****       /* is this a custom pbuf? */
 765:Middlewares/Third_Party/LwIP/src/core/pbuf.c ****       if ((p->flags & PBUF_FLAG_IS_CUSTOM) != 0) {
 766:Middlewares/Third_Party/LwIP/src/core/pbuf.c ****         struct pbuf_custom *pc = (struct pbuf_custom *)p;
 767:Middlewares/Third_Party/LwIP/src/core/pbuf.c ****         LWIP_ASSERT("pc->custom_free_function != NULL", pc->custom_free_function != NULL);
 768:Middlewares/Third_Party/LwIP/src/core/pbuf.c ****         pc->custom_free_function(p);
 769:Middlewares/Third_Party/LwIP/src/core/pbuf.c ****       } else
 770:Middlewares/Third_Party/LwIP/src/core/pbuf.c **** #endif /* LWIP_SUPPORT_CUSTOM_PBUF */
 771:Middlewares/Third_Party/LwIP/src/core/pbuf.c ****       {
 772:Middlewares/Third_Party/LwIP/src/core/pbuf.c ****         /* is this a pbuf from the pool? */
 773:Middlewares/Third_Party/LwIP/src/core/pbuf.c ****         if (alloc_src == PBUF_TYPE_ALLOC_SRC_MASK_STD_MEMP_PBUF_POOL) {
 774:Middlewares/Third_Party/LwIP/src/core/pbuf.c ****           memp_free(MEMP_PBUF_POOL, p);
 775:Middlewares/Third_Party/LwIP/src/core/pbuf.c ****           /* is this a ROM or RAM referencing pbuf? */
 776:Middlewares/Third_Party/LwIP/src/core/pbuf.c ****         } else if (alloc_src == PBUF_TYPE_ALLOC_SRC_MASK_STD_MEMP_PBUF) {
 777:Middlewares/Third_Party/LwIP/src/core/pbuf.c ****           memp_free(MEMP_PBUF, p);
 778:Middlewares/Third_Party/LwIP/src/core/pbuf.c ****           /* type == PBUF_RAM */
 779:Middlewares/Third_Party/LwIP/src/core/pbuf.c ****         } else if (alloc_src == PBUF_TYPE_ALLOC_SRC_MASK_STD_HEAP) {
 780:Middlewares/Third_Party/LwIP/src/core/pbuf.c ****           mem_free(p);
 781:Middlewares/Third_Party/LwIP/src/core/pbuf.c ****         } else {
 782:Middlewares/Third_Party/LwIP/src/core/pbuf.c ****           /* @todo: support freeing other types */
 783:Middlewares/Third_Party/LwIP/src/core/pbuf.c ****           LWIP_ASSERT("invalid pbuf type", 0);
 784:Middlewares/Third_Party/LwIP/src/core/pbuf.c ****         }
 785:Middlewares/Third_Party/LwIP/src/core/pbuf.c ****       }
 786:Middlewares/Third_Party/LwIP/src/core/pbuf.c ****       count++;
 787:Middlewares/Third_Party/LwIP/src/core/pbuf.c ****       /* proceed to next pbuf */
 788:Middlewares/Third_Party/LwIP/src/core/pbuf.c ****       p = q;
 789:Middlewares/Third_Party/LwIP/src/core/pbuf.c ****       /* p->ref > 0, this pbuf is still referenced to */
 790:Middlewares/Third_Party/LwIP/src/core/pbuf.c ****       /* (and so the remaining pbufs in chain as well) */
 791:Middlewares/Third_Party/LwIP/src/core/pbuf.c ****     } else {
 792:Middlewares/Third_Party/LwIP/src/core/pbuf.c ****       LWIP_DEBUGF( PBUF_DEBUG | LWIP_DBG_TRACE, ("pbuf_free: %p has ref %"U16_F", ending here.\n", 
 793:Middlewares/Third_Party/LwIP/src/core/pbuf.c ****       /* stop walking through the chain */
 794:Middlewares/Third_Party/LwIP/src/core/pbuf.c ****       p = NULL;
 795:Middlewares/Third_Party/LwIP/src/core/pbuf.c ****     }
 796:Middlewares/Third_Party/LwIP/src/core/pbuf.c ****   }
 797:Middlewares/Third_Party/LwIP/src/core/pbuf.c ****   PERF_STOP("pbuf_free");
 798:Middlewares/Third_Party/LwIP/src/core/pbuf.c ****   /* return number of de-allocated pbufs */
 799:Middlewares/Third_Party/LwIP/src/core/pbuf.c ****   return count;
ARM GAS  /tmp/ccawya4i.s 			page 17


 800:Middlewares/Third_Party/LwIP/src/core/pbuf.c **** }
 801:Middlewares/Third_Party/LwIP/src/core/pbuf.c **** 
 802:Middlewares/Third_Party/LwIP/src/core/pbuf.c **** /**
 803:Middlewares/Third_Party/LwIP/src/core/pbuf.c ****  * Count number of pbufs in a chain
 804:Middlewares/Third_Party/LwIP/src/core/pbuf.c ****  *
 805:Middlewares/Third_Party/LwIP/src/core/pbuf.c ****  * @param p first pbuf of chain
 806:Middlewares/Third_Party/LwIP/src/core/pbuf.c ****  * @return the number of pbufs in a chain
 807:Middlewares/Third_Party/LwIP/src/core/pbuf.c ****  */
 808:Middlewares/Third_Party/LwIP/src/core/pbuf.c **** u16_t
 809:Middlewares/Third_Party/LwIP/src/core/pbuf.c **** pbuf_clen(const struct pbuf *p)
 810:Middlewares/Third_Party/LwIP/src/core/pbuf.c **** {
 811:Middlewares/Third_Party/LwIP/src/core/pbuf.c ****   u16_t len;
 812:Middlewares/Third_Party/LwIP/src/core/pbuf.c **** 
 813:Middlewares/Third_Party/LwIP/src/core/pbuf.c ****   len = 0;
 814:Middlewares/Third_Party/LwIP/src/core/pbuf.c ****   while (p != NULL) {
 815:Middlewares/Third_Party/LwIP/src/core/pbuf.c ****     ++len;
 816:Middlewares/Third_Party/LwIP/src/core/pbuf.c ****     p = p->next;
 817:Middlewares/Third_Party/LwIP/src/core/pbuf.c ****   }
 818:Middlewares/Third_Party/LwIP/src/core/pbuf.c ****   return len;
 819:Middlewares/Third_Party/LwIP/src/core/pbuf.c **** }
 820:Middlewares/Third_Party/LwIP/src/core/pbuf.c **** 
 821:Middlewares/Third_Party/LwIP/src/core/pbuf.c **** /**
 822:Middlewares/Third_Party/LwIP/src/core/pbuf.c ****  * @ingroup pbuf
 823:Middlewares/Third_Party/LwIP/src/core/pbuf.c ****  * Increment the reference count of the pbuf.
 824:Middlewares/Third_Party/LwIP/src/core/pbuf.c ****  *
 825:Middlewares/Third_Party/LwIP/src/core/pbuf.c ****  * @param p pbuf to increase reference counter of
 826:Middlewares/Third_Party/LwIP/src/core/pbuf.c ****  *
 827:Middlewares/Third_Party/LwIP/src/core/pbuf.c ****  */
 828:Middlewares/Third_Party/LwIP/src/core/pbuf.c **** void
 829:Middlewares/Third_Party/LwIP/src/core/pbuf.c **** pbuf_ref(struct pbuf *p)
 830:Middlewares/Third_Party/LwIP/src/core/pbuf.c **** {
 831:Middlewares/Third_Party/LwIP/src/core/pbuf.c ****   /* pbuf given? */
 832:Middlewares/Third_Party/LwIP/src/core/pbuf.c ****   if (p != NULL) {
 833:Middlewares/Third_Party/LwIP/src/core/pbuf.c ****     SYS_ARCH_SET(p->ref, (LWIP_PBUF_REF_T)(p->ref + 1));
 834:Middlewares/Third_Party/LwIP/src/core/pbuf.c ****     LWIP_ASSERT("pbuf ref overflow", p->ref > 0);
 835:Middlewares/Third_Party/LwIP/src/core/pbuf.c ****   }
 836:Middlewares/Third_Party/LwIP/src/core/pbuf.c **** }
 837:Middlewares/Third_Party/LwIP/src/core/pbuf.c **** 
 838:Middlewares/Third_Party/LwIP/src/core/pbuf.c **** /**
 839:Middlewares/Third_Party/LwIP/src/core/pbuf.c ****  * @ingroup pbuf
 840:Middlewares/Third_Party/LwIP/src/core/pbuf.c ****  * Concatenate two pbufs (each may be a pbuf chain) and take over
 841:Middlewares/Third_Party/LwIP/src/core/pbuf.c ****  * the caller's reference of the tail pbuf.
 842:Middlewares/Third_Party/LwIP/src/core/pbuf.c ****  *
 843:Middlewares/Third_Party/LwIP/src/core/pbuf.c ****  * @note The caller MAY NOT reference the tail pbuf afterwards.
 844:Middlewares/Third_Party/LwIP/src/core/pbuf.c ****  * Use pbuf_chain() for that purpose.
 845:Middlewares/Third_Party/LwIP/src/core/pbuf.c ****  *
 846:Middlewares/Third_Party/LwIP/src/core/pbuf.c ****  * This function explicitly does not check for tot_len overflow to prevent
 847:Middlewares/Third_Party/LwIP/src/core/pbuf.c ****  * failing to queue too long pbufs. This can produce invalid pbufs, so
 848:Middlewares/Third_Party/LwIP/src/core/pbuf.c ****  * handle with care!
 849:Middlewares/Third_Party/LwIP/src/core/pbuf.c ****  *
 850:Middlewares/Third_Party/LwIP/src/core/pbuf.c ****  * @see pbuf_chain()
 851:Middlewares/Third_Party/LwIP/src/core/pbuf.c ****  */
 852:Middlewares/Third_Party/LwIP/src/core/pbuf.c **** void
 853:Middlewares/Third_Party/LwIP/src/core/pbuf.c **** pbuf_cat(struct pbuf *h, struct pbuf *t)
 854:Middlewares/Third_Party/LwIP/src/core/pbuf.c **** {
 855:Middlewares/Third_Party/LwIP/src/core/pbuf.c ****   struct pbuf *p;
 856:Middlewares/Third_Party/LwIP/src/core/pbuf.c **** 
ARM GAS  /tmp/ccawya4i.s 			page 18


 857:Middlewares/Third_Party/LwIP/src/core/pbuf.c ****   LWIP_ERROR("(h != NULL) && (t != NULL) (programmer violates API)",
 858:Middlewares/Third_Party/LwIP/src/core/pbuf.c ****              ((h != NULL) && (t != NULL)), return;);
 859:Middlewares/Third_Party/LwIP/src/core/pbuf.c **** 
 860:Middlewares/Third_Party/LwIP/src/core/pbuf.c ****   /* proceed to last pbuf of chain */
 861:Middlewares/Third_Party/LwIP/src/core/pbuf.c ****   for (p = h; p->next != NULL; p = p->next) {
 862:Middlewares/Third_Party/LwIP/src/core/pbuf.c ****     /* add total length of second chain to all totals of first chain */
 863:Middlewares/Third_Party/LwIP/src/core/pbuf.c ****     p->tot_len = (u16_t)(p->tot_len + t->tot_len);
 864:Middlewares/Third_Party/LwIP/src/core/pbuf.c ****   }
 865:Middlewares/Third_Party/LwIP/src/core/pbuf.c ****   /* { p is last pbuf of first h chain, p->next == NULL } */
 866:Middlewares/Third_Party/LwIP/src/core/pbuf.c ****   LWIP_ASSERT("p->tot_len == p->len (of last pbuf in chain)", p->tot_len == p->len);
 867:Middlewares/Third_Party/LwIP/src/core/pbuf.c ****   LWIP_ASSERT("p->next == NULL", p->next == NULL);
 868:Middlewares/Third_Party/LwIP/src/core/pbuf.c ****   /* add total length of second chain to last pbuf total of first chain */
 869:Middlewares/Third_Party/LwIP/src/core/pbuf.c ****   p->tot_len = (u16_t)(p->tot_len + t->tot_len);
 870:Middlewares/Third_Party/LwIP/src/core/pbuf.c ****   /* chain last pbuf of head (p) with first of tail (t) */
 871:Middlewares/Third_Party/LwIP/src/core/pbuf.c ****   p->next = t;
 872:Middlewares/Third_Party/LwIP/src/core/pbuf.c ****   /* p->next now references t, but the caller will drop its reference to t,
 873:Middlewares/Third_Party/LwIP/src/core/pbuf.c ****    * so netto there is no change to the reference count of t.
 874:Middlewares/Third_Party/LwIP/src/core/pbuf.c ****    */
 875:Middlewares/Third_Party/LwIP/src/core/pbuf.c **** }
 876:Middlewares/Third_Party/LwIP/src/core/pbuf.c **** 
 877:Middlewares/Third_Party/LwIP/src/core/pbuf.c **** /**
 878:Middlewares/Third_Party/LwIP/src/core/pbuf.c ****  * @ingroup pbuf
 879:Middlewares/Third_Party/LwIP/src/core/pbuf.c ****  * Chain two pbufs (or pbuf chains) together.
 880:Middlewares/Third_Party/LwIP/src/core/pbuf.c ****  *
 881:Middlewares/Third_Party/LwIP/src/core/pbuf.c ****  * The caller MUST call pbuf_free(t) once it has stopped
 882:Middlewares/Third_Party/LwIP/src/core/pbuf.c ****  * using it. Use pbuf_cat() instead if you no longer use t.
 883:Middlewares/Third_Party/LwIP/src/core/pbuf.c ****  *
 884:Middlewares/Third_Party/LwIP/src/core/pbuf.c ****  * @param h head pbuf (chain)
 885:Middlewares/Third_Party/LwIP/src/core/pbuf.c ****  * @param t tail pbuf (chain)
 886:Middlewares/Third_Party/LwIP/src/core/pbuf.c ****  * @note The pbufs MUST belong to the same packet.
 887:Middlewares/Third_Party/LwIP/src/core/pbuf.c ****  * @note MAY NOT be called on a packet queue.
 888:Middlewares/Third_Party/LwIP/src/core/pbuf.c ****  *
 889:Middlewares/Third_Party/LwIP/src/core/pbuf.c ****  * The ->tot_len fields of all pbufs of the head chain are adjusted.
 890:Middlewares/Third_Party/LwIP/src/core/pbuf.c ****  * The ->next field of the last pbuf of the head chain is adjusted.
 891:Middlewares/Third_Party/LwIP/src/core/pbuf.c ****  * The ->ref field of the first pbuf of the tail chain is adjusted.
 892:Middlewares/Third_Party/LwIP/src/core/pbuf.c ****  *
 893:Middlewares/Third_Party/LwIP/src/core/pbuf.c ****  */
 894:Middlewares/Third_Party/LwIP/src/core/pbuf.c **** void
 895:Middlewares/Third_Party/LwIP/src/core/pbuf.c **** pbuf_chain(struct pbuf *h, struct pbuf *t)
 896:Middlewares/Third_Party/LwIP/src/core/pbuf.c **** {
 897:Middlewares/Third_Party/LwIP/src/core/pbuf.c ****   pbuf_cat(h, t);
 898:Middlewares/Third_Party/LwIP/src/core/pbuf.c ****   /* t is now referenced by h */
 899:Middlewares/Third_Party/LwIP/src/core/pbuf.c ****   pbuf_ref(t);
 900:Middlewares/Third_Party/LwIP/src/core/pbuf.c ****   LWIP_DEBUGF(PBUF_DEBUG | LWIP_DBG_TRACE, ("pbuf_chain: %p references %p\n", (void *)h, (void *)t)
 901:Middlewares/Third_Party/LwIP/src/core/pbuf.c **** }
 902:Middlewares/Third_Party/LwIP/src/core/pbuf.c **** 
 903:Middlewares/Third_Party/LwIP/src/core/pbuf.c **** /**
 904:Middlewares/Third_Party/LwIP/src/core/pbuf.c ****  * Dechains the first pbuf from its succeeding pbufs in the chain.
 905:Middlewares/Third_Party/LwIP/src/core/pbuf.c ****  *
 906:Middlewares/Third_Party/LwIP/src/core/pbuf.c ****  * Makes p->tot_len field equal to p->len.
 907:Middlewares/Third_Party/LwIP/src/core/pbuf.c ****  * @param p pbuf to dechain
 908:Middlewares/Third_Party/LwIP/src/core/pbuf.c ****  * @return remainder of the pbuf chain, or NULL if it was de-allocated.
 909:Middlewares/Third_Party/LwIP/src/core/pbuf.c ****  * @note May not be called on a packet queue.
 910:Middlewares/Third_Party/LwIP/src/core/pbuf.c ****  */
 911:Middlewares/Third_Party/LwIP/src/core/pbuf.c **** struct pbuf *
 912:Middlewares/Third_Party/LwIP/src/core/pbuf.c **** pbuf_dechain(struct pbuf *p)
 913:Middlewares/Third_Party/LwIP/src/core/pbuf.c **** {
ARM GAS  /tmp/ccawya4i.s 			page 19


 914:Middlewares/Third_Party/LwIP/src/core/pbuf.c ****   struct pbuf *q;
 915:Middlewares/Third_Party/LwIP/src/core/pbuf.c ****   u8_t tail_gone = 1;
 916:Middlewares/Third_Party/LwIP/src/core/pbuf.c ****   /* tail */
 917:Middlewares/Third_Party/LwIP/src/core/pbuf.c ****   q = p->next;
 918:Middlewares/Third_Party/LwIP/src/core/pbuf.c ****   /* pbuf has successor in chain? */
 919:Middlewares/Third_Party/LwIP/src/core/pbuf.c ****   if (q != NULL) {
 920:Middlewares/Third_Party/LwIP/src/core/pbuf.c ****     /* assert tot_len invariant: (p->tot_len == p->len + (p->next? p->next->tot_len: 0) */
 921:Middlewares/Third_Party/LwIP/src/core/pbuf.c ****     LWIP_ASSERT("p->tot_len == p->len + q->tot_len", q->tot_len == p->tot_len - p->len);
 922:Middlewares/Third_Party/LwIP/src/core/pbuf.c ****     /* enforce invariant if assertion is disabled */
 923:Middlewares/Third_Party/LwIP/src/core/pbuf.c ****     q->tot_len = (u16_t)(p->tot_len - p->len);
 924:Middlewares/Third_Party/LwIP/src/core/pbuf.c ****     /* decouple pbuf from remainder */
 925:Middlewares/Third_Party/LwIP/src/core/pbuf.c ****     p->next = NULL;
 926:Middlewares/Third_Party/LwIP/src/core/pbuf.c ****     /* total length of pbuf p is its own length only */
 927:Middlewares/Third_Party/LwIP/src/core/pbuf.c ****     p->tot_len = p->len;
 928:Middlewares/Third_Party/LwIP/src/core/pbuf.c ****     /* q is no longer referenced by p, free it */
 929:Middlewares/Third_Party/LwIP/src/core/pbuf.c ****     LWIP_DEBUGF(PBUF_DEBUG | LWIP_DBG_TRACE, ("pbuf_dechain: unreferencing %p\n", (void *)q));
 930:Middlewares/Third_Party/LwIP/src/core/pbuf.c ****     tail_gone = pbuf_free(q);
 931:Middlewares/Third_Party/LwIP/src/core/pbuf.c ****     if (tail_gone > 0) {
 932:Middlewares/Third_Party/LwIP/src/core/pbuf.c ****       LWIP_DEBUGF(PBUF_DEBUG | LWIP_DBG_TRACE,
 933:Middlewares/Third_Party/LwIP/src/core/pbuf.c ****                   ("pbuf_dechain: deallocated %p (as it is no longer referenced)\n", (void *)q));
 934:Middlewares/Third_Party/LwIP/src/core/pbuf.c ****     }
 935:Middlewares/Third_Party/LwIP/src/core/pbuf.c ****     /* return remaining tail or NULL if deallocated */
 936:Middlewares/Third_Party/LwIP/src/core/pbuf.c ****   }
 937:Middlewares/Third_Party/LwIP/src/core/pbuf.c ****   /* assert tot_len invariant: (p->tot_len == p->len + (p->next? p->next->tot_len: 0) */
 938:Middlewares/Third_Party/LwIP/src/core/pbuf.c ****   LWIP_ASSERT("p->tot_len == p->len", p->tot_len == p->len);
 939:Middlewares/Third_Party/LwIP/src/core/pbuf.c ****   return ((tail_gone > 0) ? NULL : q);
 940:Middlewares/Third_Party/LwIP/src/core/pbuf.c **** }
 941:Middlewares/Third_Party/LwIP/src/core/pbuf.c **** 
 942:Middlewares/Third_Party/LwIP/src/core/pbuf.c **** /**
 943:Middlewares/Third_Party/LwIP/src/core/pbuf.c ****  * @ingroup pbuf
 944:Middlewares/Third_Party/LwIP/src/core/pbuf.c ****  * Create PBUF_RAM copies of pbufs.
 945:Middlewares/Third_Party/LwIP/src/core/pbuf.c ****  *
 946:Middlewares/Third_Party/LwIP/src/core/pbuf.c ****  * Used to queue packets on behalf of the lwIP stack, such as
 947:Middlewares/Third_Party/LwIP/src/core/pbuf.c ****  * ARP based queueing.
 948:Middlewares/Third_Party/LwIP/src/core/pbuf.c ****  *
 949:Middlewares/Third_Party/LwIP/src/core/pbuf.c ****  * @note You MUST explicitly use p = pbuf_take(p);
 950:Middlewares/Third_Party/LwIP/src/core/pbuf.c ****  *
 951:Middlewares/Third_Party/LwIP/src/core/pbuf.c ****  * @note Only one packet is copied, no packet queue!
 952:Middlewares/Third_Party/LwIP/src/core/pbuf.c ****  *
 953:Middlewares/Third_Party/LwIP/src/core/pbuf.c ****  * @param p_to pbuf destination of the copy
 954:Middlewares/Third_Party/LwIP/src/core/pbuf.c ****  * @param p_from pbuf source of the copy
 955:Middlewares/Third_Party/LwIP/src/core/pbuf.c ****  *
 956:Middlewares/Third_Party/LwIP/src/core/pbuf.c ****  * @return ERR_OK if pbuf was copied
 957:Middlewares/Third_Party/LwIP/src/core/pbuf.c ****  *         ERR_ARG if one of the pbufs is NULL or p_to is not big
 958:Middlewares/Third_Party/LwIP/src/core/pbuf.c ****  *                 enough to hold p_from
 959:Middlewares/Third_Party/LwIP/src/core/pbuf.c ****  */
 960:Middlewares/Third_Party/LwIP/src/core/pbuf.c **** err_t
 961:Middlewares/Third_Party/LwIP/src/core/pbuf.c **** pbuf_copy(struct pbuf *p_to, const struct pbuf *p_from)
 962:Middlewares/Third_Party/LwIP/src/core/pbuf.c **** {
 963:Middlewares/Third_Party/LwIP/src/core/pbuf.c ****   size_t offset_to = 0, offset_from = 0, len;
 964:Middlewares/Third_Party/LwIP/src/core/pbuf.c **** 
 965:Middlewares/Third_Party/LwIP/src/core/pbuf.c ****   LWIP_DEBUGF(PBUF_DEBUG | LWIP_DBG_TRACE, ("pbuf_copy(%p, %p)\n",
 966:Middlewares/Third_Party/LwIP/src/core/pbuf.c ****               (const void *)p_to, (const void *)p_from));
 967:Middlewares/Third_Party/LwIP/src/core/pbuf.c **** 
 968:Middlewares/Third_Party/LwIP/src/core/pbuf.c ****   /* is the target big enough to hold the source? */
 969:Middlewares/Third_Party/LwIP/src/core/pbuf.c ****   LWIP_ERROR("pbuf_copy: target not big enough to hold source", ((p_to != NULL) &&
 970:Middlewares/Third_Party/LwIP/src/core/pbuf.c ****              (p_from != NULL) && (p_to->tot_len >= p_from->tot_len)), return ERR_ARG;);
ARM GAS  /tmp/ccawya4i.s 			page 20


 971:Middlewares/Third_Party/LwIP/src/core/pbuf.c **** 
 972:Middlewares/Third_Party/LwIP/src/core/pbuf.c ****   /* iterate through pbuf chain */
 973:Middlewares/Third_Party/LwIP/src/core/pbuf.c ****   do {
 974:Middlewares/Third_Party/LwIP/src/core/pbuf.c ****     /* copy one part of the original chain */
 975:Middlewares/Third_Party/LwIP/src/core/pbuf.c ****     if ((p_to->len - offset_to) >= (p_from->len - offset_from)) {
 976:Middlewares/Third_Party/LwIP/src/core/pbuf.c ****       /* complete current p_from fits into current p_to */
 977:Middlewares/Third_Party/LwIP/src/core/pbuf.c ****       len = p_from->len - offset_from;
 978:Middlewares/Third_Party/LwIP/src/core/pbuf.c ****     } else {
 979:Middlewares/Third_Party/LwIP/src/core/pbuf.c ****       /* current p_from does not fit into current p_to */
 980:Middlewares/Third_Party/LwIP/src/core/pbuf.c ****       len = p_to->len - offset_to;
 981:Middlewares/Third_Party/LwIP/src/core/pbuf.c ****     }
 982:Middlewares/Third_Party/LwIP/src/core/pbuf.c ****     MEMCPY((u8_t *)p_to->payload + offset_to, (u8_t *)p_from->payload + offset_from, len);
 983:Middlewares/Third_Party/LwIP/src/core/pbuf.c ****     offset_to += len;
 984:Middlewares/Third_Party/LwIP/src/core/pbuf.c ****     offset_from += len;
 985:Middlewares/Third_Party/LwIP/src/core/pbuf.c ****     LWIP_ASSERT("offset_to <= p_to->len", offset_to <= p_to->len);
 986:Middlewares/Third_Party/LwIP/src/core/pbuf.c ****     LWIP_ASSERT("offset_from <= p_from->len", offset_from <= p_from->len);
 987:Middlewares/Third_Party/LwIP/src/core/pbuf.c ****     if (offset_from >= p_from->len) {
 988:Middlewares/Third_Party/LwIP/src/core/pbuf.c ****       /* on to next p_from (if any) */
 989:Middlewares/Third_Party/LwIP/src/core/pbuf.c ****       offset_from = 0;
 990:Middlewares/Third_Party/LwIP/src/core/pbuf.c ****       p_from = p_from->next;
 991:Middlewares/Third_Party/LwIP/src/core/pbuf.c ****     }
 992:Middlewares/Third_Party/LwIP/src/core/pbuf.c ****     if (offset_to == p_to->len) {
 993:Middlewares/Third_Party/LwIP/src/core/pbuf.c ****       /* on to next p_to (if any) */
 994:Middlewares/Third_Party/LwIP/src/core/pbuf.c ****       offset_to = 0;
 995:Middlewares/Third_Party/LwIP/src/core/pbuf.c ****       p_to = p_to->next;
 996:Middlewares/Third_Party/LwIP/src/core/pbuf.c ****       LWIP_ERROR("p_to != NULL", (p_to != NULL) || (p_from == NULL), return ERR_ARG;);
 997:Middlewares/Third_Party/LwIP/src/core/pbuf.c ****     }
 998:Middlewares/Third_Party/LwIP/src/core/pbuf.c **** 
 999:Middlewares/Third_Party/LwIP/src/core/pbuf.c ****     if ((p_from != NULL) && (p_from->len == p_from->tot_len)) {
1000:Middlewares/Third_Party/LwIP/src/core/pbuf.c ****       /* don't copy more than one packet! */
1001:Middlewares/Third_Party/LwIP/src/core/pbuf.c ****       LWIP_ERROR("pbuf_copy() does not allow packet queues!",
1002:Middlewares/Third_Party/LwIP/src/core/pbuf.c ****                  (p_from->next == NULL), return ERR_VAL;);
1003:Middlewares/Third_Party/LwIP/src/core/pbuf.c ****     }
1004:Middlewares/Third_Party/LwIP/src/core/pbuf.c ****     if ((p_to != NULL) && (p_to->len == p_to->tot_len)) {
1005:Middlewares/Third_Party/LwIP/src/core/pbuf.c ****       /* don't copy more than one packet! */
1006:Middlewares/Third_Party/LwIP/src/core/pbuf.c ****       LWIP_ERROR("pbuf_copy() does not allow packet queues!",
1007:Middlewares/Third_Party/LwIP/src/core/pbuf.c ****                  (p_to->next == NULL), return ERR_VAL;);
1008:Middlewares/Third_Party/LwIP/src/core/pbuf.c ****     }
1009:Middlewares/Third_Party/LwIP/src/core/pbuf.c ****   } while (p_from);
1010:Middlewares/Third_Party/LwIP/src/core/pbuf.c ****   LWIP_DEBUGF(PBUF_DEBUG | LWIP_DBG_TRACE, ("pbuf_copy: end of chain reached.\n"));
1011:Middlewares/Third_Party/LwIP/src/core/pbuf.c ****   return ERR_OK;
1012:Middlewares/Third_Party/LwIP/src/core/pbuf.c **** }
1013:Middlewares/Third_Party/LwIP/src/core/pbuf.c **** 
1014:Middlewares/Third_Party/LwIP/src/core/pbuf.c **** /**
1015:Middlewares/Third_Party/LwIP/src/core/pbuf.c ****  * @ingroup pbuf
1016:Middlewares/Third_Party/LwIP/src/core/pbuf.c ****  * Copy (part of) the contents of a packet buffer
1017:Middlewares/Third_Party/LwIP/src/core/pbuf.c ****  * to an application supplied buffer.
1018:Middlewares/Third_Party/LwIP/src/core/pbuf.c ****  *
1019:Middlewares/Third_Party/LwIP/src/core/pbuf.c ****  * @param buf the pbuf from which to copy data
1020:Middlewares/Third_Party/LwIP/src/core/pbuf.c ****  * @param dataptr the application supplied buffer
1021:Middlewares/Third_Party/LwIP/src/core/pbuf.c ****  * @param len length of data to copy (dataptr must be big enough). No more
1022:Middlewares/Third_Party/LwIP/src/core/pbuf.c ****  * than buf->tot_len will be copied, irrespective of len
1023:Middlewares/Third_Party/LwIP/src/core/pbuf.c ****  * @param offset offset into the packet buffer from where to begin copying len bytes
1024:Middlewares/Third_Party/LwIP/src/core/pbuf.c ****  * @return the number of bytes copied, or 0 on failure
1025:Middlewares/Third_Party/LwIP/src/core/pbuf.c ****  */
1026:Middlewares/Third_Party/LwIP/src/core/pbuf.c **** u16_t
1027:Middlewares/Third_Party/LwIP/src/core/pbuf.c **** pbuf_copy_partial(const struct pbuf *buf, void *dataptr, u16_t len, u16_t offset)
ARM GAS  /tmp/ccawya4i.s 			page 21


1028:Middlewares/Third_Party/LwIP/src/core/pbuf.c **** {
1029:Middlewares/Third_Party/LwIP/src/core/pbuf.c ****   const struct pbuf *p;
1030:Middlewares/Third_Party/LwIP/src/core/pbuf.c ****   u16_t left = 0;
1031:Middlewares/Third_Party/LwIP/src/core/pbuf.c ****   u16_t buf_copy_len;
1032:Middlewares/Third_Party/LwIP/src/core/pbuf.c ****   u16_t copied_total = 0;
1033:Middlewares/Third_Party/LwIP/src/core/pbuf.c **** 
1034:Middlewares/Third_Party/LwIP/src/core/pbuf.c ****   LWIP_ERROR("pbuf_copy_partial: invalid buf", (buf != NULL), return 0;);
1035:Middlewares/Third_Party/LwIP/src/core/pbuf.c ****   LWIP_ERROR("pbuf_copy_partial: invalid dataptr", (dataptr != NULL), return 0;);
1036:Middlewares/Third_Party/LwIP/src/core/pbuf.c **** 
1037:Middlewares/Third_Party/LwIP/src/core/pbuf.c ****   /* Note some systems use byte copy if dataptr or one of the pbuf payload pointers are unaligned. 
1038:Middlewares/Third_Party/LwIP/src/core/pbuf.c ****   for (p = buf; len != 0 && p != NULL; p = p->next) {
1039:Middlewares/Third_Party/LwIP/src/core/pbuf.c ****     if ((offset != 0) && (offset >= p->len)) {
1040:Middlewares/Third_Party/LwIP/src/core/pbuf.c ****       /* don't copy from this buffer -> on to the next */
1041:Middlewares/Third_Party/LwIP/src/core/pbuf.c ****       offset = (u16_t)(offset - p->len);
1042:Middlewares/Third_Party/LwIP/src/core/pbuf.c ****     } else {
1043:Middlewares/Third_Party/LwIP/src/core/pbuf.c ****       /* copy from this buffer. maybe only partially. */
1044:Middlewares/Third_Party/LwIP/src/core/pbuf.c ****       buf_copy_len = (u16_t)(p->len - offset);
1045:Middlewares/Third_Party/LwIP/src/core/pbuf.c ****       if (buf_copy_len > len) {
1046:Middlewares/Third_Party/LwIP/src/core/pbuf.c ****         buf_copy_len = len;
1047:Middlewares/Third_Party/LwIP/src/core/pbuf.c ****       }
1048:Middlewares/Third_Party/LwIP/src/core/pbuf.c ****       /* copy the necessary parts of the buffer */
1049:Middlewares/Third_Party/LwIP/src/core/pbuf.c ****       MEMCPY(&((char *)dataptr)[left], &((char *)p->payload)[offset], buf_copy_len);
1050:Middlewares/Third_Party/LwIP/src/core/pbuf.c ****       copied_total = (u16_t)(copied_total + buf_copy_len);
1051:Middlewares/Third_Party/LwIP/src/core/pbuf.c ****       left = (u16_t)(left + buf_copy_len);
1052:Middlewares/Third_Party/LwIP/src/core/pbuf.c ****       len = (u16_t)(len - buf_copy_len);
1053:Middlewares/Third_Party/LwIP/src/core/pbuf.c ****       offset = 0;
1054:Middlewares/Third_Party/LwIP/src/core/pbuf.c ****     }
1055:Middlewares/Third_Party/LwIP/src/core/pbuf.c ****   }
1056:Middlewares/Third_Party/LwIP/src/core/pbuf.c ****   return copied_total;
1057:Middlewares/Third_Party/LwIP/src/core/pbuf.c **** }
1058:Middlewares/Third_Party/LwIP/src/core/pbuf.c **** 
1059:Middlewares/Third_Party/LwIP/src/core/pbuf.c **** /**
1060:Middlewares/Third_Party/LwIP/src/core/pbuf.c ****  * @ingroup pbuf
1061:Middlewares/Third_Party/LwIP/src/core/pbuf.c ****  * Get part of a pbuf's payload as contiguous memory. The returned memory is
1062:Middlewares/Third_Party/LwIP/src/core/pbuf.c ****  * either a pointer into the pbuf's payload or, if split over multiple pbufs,
1063:Middlewares/Third_Party/LwIP/src/core/pbuf.c ****  * a copy into the user-supplied buffer.
1064:Middlewares/Third_Party/LwIP/src/core/pbuf.c ****  *
1065:Middlewares/Third_Party/LwIP/src/core/pbuf.c ****  * @param p the pbuf from which to copy data
1066:Middlewares/Third_Party/LwIP/src/core/pbuf.c ****  * @param buffer the application supplied buffer
1067:Middlewares/Third_Party/LwIP/src/core/pbuf.c ****  * @param bufsize size of the application supplied buffer
1068:Middlewares/Third_Party/LwIP/src/core/pbuf.c ****  * @param len length of data to copy (dataptr must be big enough). No more
1069:Middlewares/Third_Party/LwIP/src/core/pbuf.c ****  * than buf->tot_len will be copied, irrespective of len
1070:Middlewares/Third_Party/LwIP/src/core/pbuf.c ****  * @param offset offset into the packet buffer from where to begin copying len bytes
1071:Middlewares/Third_Party/LwIP/src/core/pbuf.c ****  * @return the number of bytes copied, or 0 on failure
1072:Middlewares/Third_Party/LwIP/src/core/pbuf.c ****  */
1073:Middlewares/Third_Party/LwIP/src/core/pbuf.c **** void *
1074:Middlewares/Third_Party/LwIP/src/core/pbuf.c **** pbuf_get_contiguous(const struct pbuf *p, void *buffer, size_t bufsize, u16_t len, u16_t offset)
1075:Middlewares/Third_Party/LwIP/src/core/pbuf.c **** {
1076:Middlewares/Third_Party/LwIP/src/core/pbuf.c ****   const struct pbuf *q;
1077:Middlewares/Third_Party/LwIP/src/core/pbuf.c ****   u16_t out_offset;
1078:Middlewares/Third_Party/LwIP/src/core/pbuf.c **** 
1079:Middlewares/Third_Party/LwIP/src/core/pbuf.c ****   LWIP_ERROR("pbuf_get_contiguous: invalid buf", (p != NULL), return NULL;);
1080:Middlewares/Third_Party/LwIP/src/core/pbuf.c ****   LWIP_ERROR("pbuf_get_contiguous: invalid dataptr", (buffer != NULL), return NULL;);
1081:Middlewares/Third_Party/LwIP/src/core/pbuf.c ****   LWIP_ERROR("pbuf_get_contiguous: invalid dataptr", (bufsize >= len), return NULL;);
1082:Middlewares/Third_Party/LwIP/src/core/pbuf.c **** 
1083:Middlewares/Third_Party/LwIP/src/core/pbuf.c ****   q = pbuf_skip_const(p, offset, &out_offset);
1084:Middlewares/Third_Party/LwIP/src/core/pbuf.c ****   if (q != NULL) {
ARM GAS  /tmp/ccawya4i.s 			page 22


1085:Middlewares/Third_Party/LwIP/src/core/pbuf.c ****     if (q->len >= (out_offset + len)) {
1086:Middlewares/Third_Party/LwIP/src/core/pbuf.c ****       /* all data in this pbuf, return zero-copy */
1087:Middlewares/Third_Party/LwIP/src/core/pbuf.c ****       return (u8_t *)q->payload + out_offset;
1088:Middlewares/Third_Party/LwIP/src/core/pbuf.c ****     }
1089:Middlewares/Third_Party/LwIP/src/core/pbuf.c ****     /* need to copy */
1090:Middlewares/Third_Party/LwIP/src/core/pbuf.c ****     if (pbuf_copy_partial(q, buffer, len, out_offset) != len) {
1091:Middlewares/Third_Party/LwIP/src/core/pbuf.c ****       /* copying failed: pbuf is too short */
1092:Middlewares/Third_Party/LwIP/src/core/pbuf.c ****       return NULL;
1093:Middlewares/Third_Party/LwIP/src/core/pbuf.c ****     }
1094:Middlewares/Third_Party/LwIP/src/core/pbuf.c ****     return buffer;
1095:Middlewares/Third_Party/LwIP/src/core/pbuf.c ****   }
1096:Middlewares/Third_Party/LwIP/src/core/pbuf.c ****   /* pbuf is too short (offset does not fit in) */
1097:Middlewares/Third_Party/LwIP/src/core/pbuf.c ****   return NULL;
1098:Middlewares/Third_Party/LwIP/src/core/pbuf.c **** }
1099:Middlewares/Third_Party/LwIP/src/core/pbuf.c **** 
1100:Middlewares/Third_Party/LwIP/src/core/pbuf.c **** #if LWIP_TCP && TCP_QUEUE_OOSEQ && LWIP_WND_SCALE
1101:Middlewares/Third_Party/LwIP/src/core/pbuf.c **** /**
1102:Middlewares/Third_Party/LwIP/src/core/pbuf.c ****  * This method modifies a 'pbuf chain', so that its total length is
1103:Middlewares/Third_Party/LwIP/src/core/pbuf.c ****  * smaller than 64K. The remainder of the original pbuf chain is stored
1104:Middlewares/Third_Party/LwIP/src/core/pbuf.c ****  * in *rest.
1105:Middlewares/Third_Party/LwIP/src/core/pbuf.c ****  * This function never creates new pbufs, but splits an existing chain
1106:Middlewares/Third_Party/LwIP/src/core/pbuf.c ****  * in two parts. The tot_len of the modified packet queue will likely be
1107:Middlewares/Third_Party/LwIP/src/core/pbuf.c ****  * smaller than 64K.
1108:Middlewares/Third_Party/LwIP/src/core/pbuf.c ****  * 'packet queues' are not supported by this function.
1109:Middlewares/Third_Party/LwIP/src/core/pbuf.c ****  *
1110:Middlewares/Third_Party/LwIP/src/core/pbuf.c ****  * @param p the pbuf queue to be split
1111:Middlewares/Third_Party/LwIP/src/core/pbuf.c ****  * @param rest pointer to store the remainder (after the first 64K)
1112:Middlewares/Third_Party/LwIP/src/core/pbuf.c ****  */
1113:Middlewares/Third_Party/LwIP/src/core/pbuf.c **** void pbuf_split_64k(struct pbuf *p, struct pbuf **rest)
1114:Middlewares/Third_Party/LwIP/src/core/pbuf.c **** {
1115:Middlewares/Third_Party/LwIP/src/core/pbuf.c ****   *rest = NULL;
1116:Middlewares/Third_Party/LwIP/src/core/pbuf.c ****   if ((p != NULL) && (p->next != NULL)) {
1117:Middlewares/Third_Party/LwIP/src/core/pbuf.c ****     u16_t tot_len_front = p->len;
1118:Middlewares/Third_Party/LwIP/src/core/pbuf.c ****     struct pbuf *i = p;
1119:Middlewares/Third_Party/LwIP/src/core/pbuf.c ****     struct pbuf *r = p->next;
1120:Middlewares/Third_Party/LwIP/src/core/pbuf.c **** 
1121:Middlewares/Third_Party/LwIP/src/core/pbuf.c ****     /* continue until the total length (summed up as u16_t) overflows */
1122:Middlewares/Third_Party/LwIP/src/core/pbuf.c ****     while ((r != NULL) && ((u16_t)(tot_len_front + r->len) >= tot_len_front)) {
1123:Middlewares/Third_Party/LwIP/src/core/pbuf.c ****       tot_len_front = (u16_t)(tot_len_front + r->len);
1124:Middlewares/Third_Party/LwIP/src/core/pbuf.c ****       i = r;
1125:Middlewares/Third_Party/LwIP/src/core/pbuf.c ****       r = r->next;
1126:Middlewares/Third_Party/LwIP/src/core/pbuf.c ****     }
1127:Middlewares/Third_Party/LwIP/src/core/pbuf.c ****     /* i now points to last packet of the first segment. Set next
1128:Middlewares/Third_Party/LwIP/src/core/pbuf.c ****        pointer to NULL */
1129:Middlewares/Third_Party/LwIP/src/core/pbuf.c ****     i->next = NULL;
1130:Middlewares/Third_Party/LwIP/src/core/pbuf.c **** 
1131:Middlewares/Third_Party/LwIP/src/core/pbuf.c ****     if (r != NULL) {
1132:Middlewares/Third_Party/LwIP/src/core/pbuf.c ****       /* Update the tot_len field in the first part */
1133:Middlewares/Third_Party/LwIP/src/core/pbuf.c ****       for (i = p; i != NULL; i = i->next) {
1134:Middlewares/Third_Party/LwIP/src/core/pbuf.c ****         i->tot_len = (u16_t)(i->tot_len - r->tot_len);
1135:Middlewares/Third_Party/LwIP/src/core/pbuf.c ****         LWIP_ASSERT("tot_len/len mismatch in last pbuf",
1136:Middlewares/Third_Party/LwIP/src/core/pbuf.c ****                     (i->next != NULL) || (i->tot_len == i->len));
1137:Middlewares/Third_Party/LwIP/src/core/pbuf.c ****       }
1138:Middlewares/Third_Party/LwIP/src/core/pbuf.c ****       if (p->flags & PBUF_FLAG_TCP_FIN) {
1139:Middlewares/Third_Party/LwIP/src/core/pbuf.c ****         r->flags |= PBUF_FLAG_TCP_FIN;
1140:Middlewares/Third_Party/LwIP/src/core/pbuf.c ****       }
1141:Middlewares/Third_Party/LwIP/src/core/pbuf.c **** 
ARM GAS  /tmp/ccawya4i.s 			page 23


1142:Middlewares/Third_Party/LwIP/src/core/pbuf.c ****       /* tot_len field in rest does not need modifications */
1143:Middlewares/Third_Party/LwIP/src/core/pbuf.c ****       /* reference counters do not need modifications */
1144:Middlewares/Third_Party/LwIP/src/core/pbuf.c ****       *rest = r;
1145:Middlewares/Third_Party/LwIP/src/core/pbuf.c ****     }
1146:Middlewares/Third_Party/LwIP/src/core/pbuf.c ****   }
1147:Middlewares/Third_Party/LwIP/src/core/pbuf.c **** }
1148:Middlewares/Third_Party/LwIP/src/core/pbuf.c **** #endif /* LWIP_TCP && TCP_QUEUE_OOSEQ && LWIP_WND_SCALE */
1149:Middlewares/Third_Party/LwIP/src/core/pbuf.c **** 
1150:Middlewares/Third_Party/LwIP/src/core/pbuf.c **** /* Actual implementation of pbuf_skip() but returning const pointer... */
1151:Middlewares/Third_Party/LwIP/src/core/pbuf.c **** static const struct pbuf *
1152:Middlewares/Third_Party/LwIP/src/core/pbuf.c **** pbuf_skip_const(const struct pbuf *in, u16_t in_offset, u16_t *out_offset)
1153:Middlewares/Third_Party/LwIP/src/core/pbuf.c **** {
 119              		.loc 1 1153 1 is_stmt 1 view -0
 120              		.cfi_startproc
 121              		@ args = 0, pretend = 0, frame = 0
 122              		@ frame_needed = 0, uses_anonymous_args = 0
 123              		@ link register save eliminated.
1154:Middlewares/Third_Party/LwIP/src/core/pbuf.c ****   u16_t offset_left = in_offset;
 124              		.loc 1 1154 3 view .LVU30
1155:Middlewares/Third_Party/LwIP/src/core/pbuf.c ****   const struct pbuf *q = in;
 125              		.loc 1 1155 3 view .LVU31
1156:Middlewares/Third_Party/LwIP/src/core/pbuf.c **** 
1157:Middlewares/Third_Party/LwIP/src/core/pbuf.c ****   /* get the correct pbuf */
1158:Middlewares/Third_Party/LwIP/src/core/pbuf.c ****   while ((q != NULL) && (q->len <= offset_left)) {
 126              		.loc 1 1158 3 view .LVU32
 127              		.loc 1 1158 9 is_stmt 0 view .LVU33
 128 0000 02E0     		b	.L7
 129              	.LVL4:
 130              	.L9:
1159:Middlewares/Third_Party/LwIP/src/core/pbuf.c ****     offset_left = (u16_t)(offset_left - q->len);
 131              		.loc 1 1159 5 is_stmt 1 view .LVU34
 132              		.loc 1 1159 17 is_stmt 0 view .LVU35
 133 0002 C91A     		subs	r1, r1, r3
 134              	.LVL5:
 135              		.loc 1 1159 17 view .LVU36
 136 0004 89B2     		uxth	r1, r1
 137              	.LVL6:
1160:Middlewares/Third_Party/LwIP/src/core/pbuf.c ****     q = q->next;
 138              		.loc 1 1160 5 is_stmt 1 view .LVU37
 139              		.loc 1 1160 7 is_stmt 0 view .LVU38
 140 0006 0068     		ldr	r0, [r0]
 141              	.LVL7:
 142              	.L7:
1158:Middlewares/Third_Party/LwIP/src/core/pbuf.c ****     offset_left = (u16_t)(offset_left - q->len);
 143              		.loc 1 1158 22 is_stmt 1 view .LVU39
 144 0008 10B1     		cbz	r0, .L8
1158:Middlewares/Third_Party/LwIP/src/core/pbuf.c ****     offset_left = (u16_t)(offset_left - q->len);
 145              		.loc 1 1158 27 is_stmt 0 discriminator 1 view .LVU40
 146 000a 4389     		ldrh	r3, [r0, #10]
1158:Middlewares/Third_Party/LwIP/src/core/pbuf.c ****     offset_left = (u16_t)(offset_left - q->len);
 147              		.loc 1 1158 22 discriminator 1 view .LVU41
 148 000c 8B42     		cmp	r3, r1
 149 000e F8D9     		bls	.L9
 150              	.L8:
1161:Middlewares/Third_Party/LwIP/src/core/pbuf.c ****   }
1162:Middlewares/Third_Party/LwIP/src/core/pbuf.c ****   if (out_offset != NULL) {
 151              		.loc 1 1162 3 is_stmt 1 view .LVU42
ARM GAS  /tmp/ccawya4i.s 			page 24


 152              		.loc 1 1162 6 is_stmt 0 view .LVU43
 153 0010 02B1     		cbz	r2, .L10
1163:Middlewares/Third_Party/LwIP/src/core/pbuf.c ****     *out_offset = offset_left;
 154              		.loc 1 1163 5 is_stmt 1 view .LVU44
 155              		.loc 1 1163 17 is_stmt 0 view .LVU45
 156 0012 1180     		strh	r1, [r2]	@ movhi
 157              	.L10:
1164:Middlewares/Third_Party/LwIP/src/core/pbuf.c ****   }
1165:Middlewares/Third_Party/LwIP/src/core/pbuf.c ****   return q;
 158              		.loc 1 1165 3 is_stmt 1 view .LVU46
1166:Middlewares/Third_Party/LwIP/src/core/pbuf.c **** }
 159              		.loc 1 1166 1 is_stmt 0 view .LVU47
 160 0014 7047     		bx	lr
 161              		.cfi_endproc
 162              	.LFE190:
 164              		.section	.rodata.pbuf_add_header_impl.str1.4,"aMS",%progbits,1
 165              		.align	2
 166              	.LC0:
 167 0000 4D696464 		.ascii	"Middlewares/Third_Party/LwIP/src/core/pbuf.c\000"
 167      6C657761 
 167      7265732F 
 167      54686972 
 167      645F5061 
 168 002d 000000   		.align	2
 169              	.LC1:
 170 0030 7020213D 		.ascii	"p != NULL\000"
 170      204E554C 
 170      4C00
 171 003a 0000     		.align	2
 172              	.LC2:
 173 003c 41737365 		.ascii	"Assertion \"%s\" failed at line %d in %s\012\000"
 173      7274696F 
 173      6E202225 
 173      73222066 
 173      61696C65 
 174              		.section	.text.pbuf_add_header_impl,"ax",%progbits
 175              		.align	1
 176              		.syntax unified
 177              		.thumb
 178              		.thumb_func
 180              	pbuf_add_header_impl:
 181              	.LVL8:
 182              	.LFB173:
 474:Middlewares/Third_Party/LwIP/src/core/pbuf.c ****   u16_t type_internal;
 183              		.loc 1 474 1 is_stmt 1 view -0
 184              		.cfi_startproc
 185              		@ args = 0, pretend = 0, frame = 0
 186              		@ frame_needed = 0, uses_anonymous_args = 0
 474:Middlewares/Third_Party/LwIP/src/core/pbuf.c ****   u16_t type_internal;
 187              		.loc 1 474 1 is_stmt 0 view .LVU49
 188 0000 70B5     		push	{r4, r5, r6, lr}
 189              	.LCFI2:
 190              		.cfi_def_cfa_offset 16
 191              		.cfi_offset 4, -16
 192              		.cfi_offset 5, -12
 193              		.cfi_offset 6, -8
 194              		.cfi_offset 14, -4
ARM GAS  /tmp/ccawya4i.s 			page 25


 195 0002 0C46     		mov	r4, r1
 196 0004 1646     		mov	r6, r2
 475:Middlewares/Third_Party/LwIP/src/core/pbuf.c ****   void *payload;
 197              		.loc 1 475 3 is_stmt 1 view .LVU50
 476:Middlewares/Third_Party/LwIP/src/core/pbuf.c ****   u16_t increment_magnitude;
 198              		.loc 1 476 3 view .LVU51
 477:Middlewares/Third_Party/LwIP/src/core/pbuf.c **** 
 199              		.loc 1 477 3 view .LVU52
 479:Middlewares/Third_Party/LwIP/src/core/pbuf.c ****   if ((p == NULL) || (header_size_increment > 0xFFFF)) {
 200              		.loc 1 479 3 view .LVU53
 479:Middlewares/Third_Party/LwIP/src/core/pbuf.c ****   if ((p == NULL) || (header_size_increment > 0xFFFF)) {
 201              		.loc 1 479 3 view .LVU54
 202 0006 0546     		mov	r5, r0
 203 0008 C8B1     		cbz	r0, .L22
 204              	.LVL9:
 205              	.L12:
 479:Middlewares/Third_Party/LwIP/src/core/pbuf.c ****   if ((p == NULL) || (header_size_increment > 0xFFFF)) {
 206              		.loc 1 479 3 discriminator 3 view .LVU55
 479:Middlewares/Third_Party/LwIP/src/core/pbuf.c ****   if ((p == NULL) || (header_size_increment > 0xFFFF)) {
 207              		.loc 1 479 3 discriminator 3 view .LVU56
 480:Middlewares/Third_Party/LwIP/src/core/pbuf.c ****     return 1;
 208              		.loc 1 480 3 discriminator 3 view .LVU57
 480:Middlewares/Third_Party/LwIP/src/core/pbuf.c ****     return 1;
 209              		.loc 1 480 6 is_stmt 0 discriminator 3 view .LVU58
 210 000a 002D     		cmp	r5, #0
 211 000c 18BF     		it	ne
 212 000e B4F5803F 		cmpne	r4, #65536
 213 0012 24D2     		bcs	.L16
 483:Middlewares/Third_Party/LwIP/src/core/pbuf.c ****     return 0;
 214              		.loc 1 483 3 is_stmt 1 view .LVU59
 483:Middlewares/Third_Party/LwIP/src/core/pbuf.c ****     return 0;
 215              		.loc 1 483 6 is_stmt 0 view .LVU60
 216 0014 2CB3     		cbz	r4, .L17
 487:Middlewares/Third_Party/LwIP/src/core/pbuf.c ****   /* Do not allow tot_len to wrap as a result. */
 217              		.loc 1 487 3 is_stmt 1 view .LVU61
 487:Middlewares/Third_Party/LwIP/src/core/pbuf.c ****   /* Do not allow tot_len to wrap as a result. */
 218              		.loc 1 487 23 is_stmt 0 view .LVU62
 219 0016 A2B2     		uxth	r2, r4
 220              	.LVL10:
 489:Middlewares/Third_Party/LwIP/src/core/pbuf.c ****     return 1;
 221              		.loc 1 489 3 is_stmt 1 view .LVU63
 489:Middlewares/Third_Party/LwIP/src/core/pbuf.c ****     return 1;
 222              		.loc 1 489 38 is_stmt 0 view .LVU64
 223 0018 2B89     		ldrh	r3, [r5, #8]
 489:Middlewares/Third_Party/LwIP/src/core/pbuf.c ****     return 1;
 224              		.loc 1 489 7 view .LVU65
 225 001a 1344     		add	r3, r3, r2
 226 001c 9BB2     		uxth	r3, r3
 489:Middlewares/Third_Party/LwIP/src/core/pbuf.c ****     return 1;
 227              		.loc 1 489 6 view .LVU66
 228 001e 9342     		cmp	r3, r2
 229 0020 21D3     		bcc	.L18
 493:Middlewares/Third_Party/LwIP/src/core/pbuf.c **** 
 230              		.loc 1 493 3 is_stmt 1 view .LVU67
 231              	.LVL11:
 496:Middlewares/Third_Party/LwIP/src/core/pbuf.c ****     /* set new payload pointer */
 232              		.loc 1 496 3 view .LVU68
ARM GAS  /tmp/ccawya4i.s 			page 26


 496:Middlewares/Third_Party/LwIP/src/core/pbuf.c ****     /* set new payload pointer */
 233              		.loc 1 496 6 is_stmt 0 view .LVU69
 234 0022 95F90C10 		ldrsb	r1, [r5, #12]
 235 0026 0029     		cmp	r1, #0
 236 0028 11DB     		blt	.L23
 510:Middlewares/Third_Party/LwIP/src/core/pbuf.c ****       payload = (u8_t *)p->payload - header_size_increment;
 237              		.loc 1 510 5 is_stmt 1 view .LVU70
 510:Middlewares/Third_Party/LwIP/src/core/pbuf.c ****       payload = (u8_t *)p->payload - header_size_increment;
 238              		.loc 1 510 8 is_stmt 0 view .LVU71
 239 002a F6B1     		cbz	r6, .L20
 511:Middlewares/Third_Party/LwIP/src/core/pbuf.c ****     } else {
 240              		.loc 1 511 7 is_stmt 1 view .LVU72
 511:Middlewares/Third_Party/LwIP/src/core/pbuf.c ****     } else {
 241              		.loc 1 511 26 is_stmt 0 view .LVU73
 242 002c 6968     		ldr	r1, [r5, #4]
 511:Middlewares/Third_Party/LwIP/src/core/pbuf.c ****     } else {
 243              		.loc 1 511 15 view .LVU74
 244 002e 0C1B     		subs	r4, r1, r4
 245              	.LVL12:
 246              	.L15:
 519:Middlewares/Third_Party/LwIP/src/core/pbuf.c **** 
 247              		.loc 1 519 73 is_stmt 1 view .LVU75
 522:Middlewares/Third_Party/LwIP/src/core/pbuf.c ****   p->len = (u16_t)(p->len + increment_magnitude);
 248              		.loc 1 522 3 view .LVU76
 522:Middlewares/Third_Party/LwIP/src/core/pbuf.c ****   p->len = (u16_t)(p->len + increment_magnitude);
 249              		.loc 1 522 14 is_stmt 0 view .LVU77
 250 0030 6C60     		str	r4, [r5, #4]
 523:Middlewares/Third_Party/LwIP/src/core/pbuf.c ****   p->tot_len = (u16_t)(p->tot_len + increment_magnitude);
 251              		.loc 1 523 3 is_stmt 1 view .LVU78
 523:Middlewares/Third_Party/LwIP/src/core/pbuf.c ****   p->tot_len = (u16_t)(p->tot_len + increment_magnitude);
 252              		.loc 1 523 21 is_stmt 0 view .LVU79
 253 0032 6989     		ldrh	r1, [r5, #10]
 523:Middlewares/Third_Party/LwIP/src/core/pbuf.c ****   p->tot_len = (u16_t)(p->tot_len + increment_magnitude);
 254              		.loc 1 523 12 view .LVU80
 255 0034 0A44     		add	r2, r2, r1
 256              	.LVL13:
 523:Middlewares/Third_Party/LwIP/src/core/pbuf.c ****   p->tot_len = (u16_t)(p->tot_len + increment_magnitude);
 257              		.loc 1 523 10 view .LVU81
 258 0036 6A81     		strh	r2, [r5, #10]	@ movhi
 524:Middlewares/Third_Party/LwIP/src/core/pbuf.c **** 
 259              		.loc 1 524 3 is_stmt 1 view .LVU82
 524:Middlewares/Third_Party/LwIP/src/core/pbuf.c **** 
 260              		.loc 1 524 14 is_stmt 0 view .LVU83
 261 0038 2B81     		strh	r3, [r5, #8]	@ movhi
 527:Middlewares/Third_Party/LwIP/src/core/pbuf.c **** }
 262              		.loc 1 527 3 is_stmt 1 view .LVU84
 527:Middlewares/Third_Party/LwIP/src/core/pbuf.c **** }
 263              		.loc 1 527 10 is_stmt 0 view .LVU85
 264 003a 0020     		movs	r0, #0
 265 003c 10E0     		b	.L13
 266              	.LVL14:
 267              	.L22:
 479:Middlewares/Third_Party/LwIP/src/core/pbuf.c ****   if ((p == NULL) || (header_size_increment > 0xFFFF)) {
 268              		.loc 1 479 3 is_stmt 1 discriminator 1 view .LVU86
 479:Middlewares/Third_Party/LwIP/src/core/pbuf.c ****   if ((p == NULL) || (header_size_increment > 0xFFFF)) {
 269              		.loc 1 479 3 discriminator 1 view .LVU87
 270 003e 0C4B     		ldr	r3, .L24
ARM GAS  /tmp/ccawya4i.s 			page 27


 271 0040 40F2DF12 		movw	r2, #479
 272              	.LVL15:
 479:Middlewares/Third_Party/LwIP/src/core/pbuf.c ****   if ((p == NULL) || (header_size_increment > 0xFFFF)) {
 273              		.loc 1 479 3 is_stmt 0 discriminator 1 view .LVU88
 274 0044 0B49     		ldr	r1, .L24+4
 275              	.LVL16:
 479:Middlewares/Third_Party/LwIP/src/core/pbuf.c ****   if ((p == NULL) || (header_size_increment > 0xFFFF)) {
 276              		.loc 1 479 3 discriminator 1 view .LVU89
 277 0046 0C48     		ldr	r0, .L24+8
 278              	.LVL17:
 479:Middlewares/Third_Party/LwIP/src/core/pbuf.c ****   if ((p == NULL) || (header_size_increment > 0xFFFF)) {
 279              		.loc 1 479 3 discriminator 1 view .LVU90
 280 0048 FFF7FEFF 		bl	printf
 281              	.LVL18:
 282 004c DDE7     		b	.L12
 283              	.LVL19:
 284              	.L23:
 498:Middlewares/Third_Party/LwIP/src/core/pbuf.c ****     /* boundary check fails? */
 285              		.loc 1 498 5 is_stmt 1 view .LVU91
 498:Middlewares/Third_Party/LwIP/src/core/pbuf.c ****     /* boundary check fails? */
 286              		.loc 1 498 24 is_stmt 0 view .LVU92
 287 004e 6968     		ldr	r1, [r5, #4]
 498:Middlewares/Third_Party/LwIP/src/core/pbuf.c ****     /* boundary check fails? */
 288              		.loc 1 498 13 view .LVU93
 289 0050 0C1B     		subs	r4, r1, r4
 290              	.LVL20:
 500:Middlewares/Third_Party/LwIP/src/core/pbuf.c ****       LWIP_DEBUGF( PBUF_DEBUG | LWIP_DBG_TRACE,
 291              		.loc 1 500 5 is_stmt 1 view .LVU94
 500:Middlewares/Third_Party/LwIP/src/core/pbuf.c ****       LWIP_DEBUGF( PBUF_DEBUG | LWIP_DBG_TRACE,
 292              		.loc 1 500 37 is_stmt 0 view .LVU95
 293 0052 05F11001 		add	r1, r5, #16
 500:Middlewares/Third_Party/LwIP/src/core/pbuf.c ****       LWIP_DEBUGF( PBUF_DEBUG | LWIP_DBG_TRACE,
 294              		.loc 1 500 8 view .LVU96
 295 0056 A142     		cmp	r1, r4
 296 0058 EAD9     		bls	.L15
 505:Middlewares/Third_Party/LwIP/src/core/pbuf.c ****     }
 297              		.loc 1 505 14 view .LVU97
 298 005a 0120     		movs	r0, #1
 299 005c 00E0     		b	.L13
 300              	.LVL21:
 301              	.L16:
 481:Middlewares/Third_Party/LwIP/src/core/pbuf.c ****   }
 302              		.loc 1 481 12 view .LVU98
 303 005e 0120     		movs	r0, #1
 304              	.LVL22:
 305              	.L13:
 528:Middlewares/Third_Party/LwIP/src/core/pbuf.c **** 
 306              		.loc 1 528 1 view .LVU99
 307 0060 70BD     		pop	{r4, r5, r6, pc}
 308              	.LVL23:
 309              	.L17:
 484:Middlewares/Third_Party/LwIP/src/core/pbuf.c ****   }
 310              		.loc 1 484 12 view .LVU100
 311 0062 0020     		movs	r0, #0
 312 0064 FCE7     		b	.L13
 313              	.LVL24:
 314              	.L18:
ARM GAS  /tmp/ccawya4i.s 			page 28


 490:Middlewares/Third_Party/LwIP/src/core/pbuf.c ****   }
 315              		.loc 1 490 12 view .LVU101
 316 0066 0120     		movs	r0, #1
 317 0068 FAE7     		b	.L13
 318              	.LVL25:
 319              	.L20:
 515:Middlewares/Third_Party/LwIP/src/core/pbuf.c ****     }
 320              		.loc 1 515 14 view .LVU102
 321 006a 0120     		movs	r0, #1
 322 006c F8E7     		b	.L13
 323              	.L25:
 324 006e 00BF     		.align	2
 325              	.L24:
 326 0070 00000000 		.word	.LC0
 327 0074 30000000 		.word	.LC1
 328 0078 3C000000 		.word	.LC2
 329              		.cfi_endproc
 330              	.LFE173:
 332              		.section	.text.pbuf_free_ooseq,"ax",%progbits
 333              		.align	1
 334              		.global	pbuf_free_ooseq
 335              		.syntax unified
 336              		.thumb
 337              		.thumb_func
 339              	pbuf_free_ooseq:
 340              	.LFB166:
 129:Middlewares/Third_Party/LwIP/src/core/pbuf.c ****   struct tcp_pcb *pcb;
 341              		.loc 1 129 1 is_stmt 1 view -0
 342              		.cfi_startproc
 343              		@ args = 0, pretend = 0, frame = 0
 344              		@ frame_needed = 0, uses_anonymous_args = 0
 345 0000 08B5     		push	{r3, lr}
 346              	.LCFI3:
 347              		.cfi_def_cfa_offset 8
 348              		.cfi_offset 3, -8
 349              		.cfi_offset 14, -4
 130:Middlewares/Third_Party/LwIP/src/core/pbuf.c ****   SYS_ARCH_SET(pbuf_free_ooseq_pending, 0);
 350              		.loc 1 130 3 view .LVU104
 131:Middlewares/Third_Party/LwIP/src/core/pbuf.c **** 
 351              		.loc 1 131 3 view .LVU105
 131:Middlewares/Third_Party/LwIP/src/core/pbuf.c **** 
 352              		.loc 1 131 3 view .LVU106
 131:Middlewares/Third_Party/LwIP/src/core/pbuf.c **** 
 353              		.loc 1 131 3 view .LVU107
 131:Middlewares/Third_Party/LwIP/src/core/pbuf.c **** 
 354              		.loc 1 131 3 view .LVU108
 355 0002 074B     		ldr	r3, .L32
 356 0004 0022     		movs	r2, #0
 357 0006 1A70     		strb	r2, [r3]
 131:Middlewares/Third_Party/LwIP/src/core/pbuf.c **** 
 358              		.loc 1 131 3 view .LVU109
 131:Middlewares/Third_Party/LwIP/src/core/pbuf.c **** 
 359              		.loc 1 131 3 view .LVU110
 133:Middlewares/Third_Party/LwIP/src/core/pbuf.c ****     if (pcb->ooseq != NULL) {
 360              		.loc 1 133 3 view .LVU111
 133:Middlewares/Third_Party/LwIP/src/core/pbuf.c ****     if (pcb->ooseq != NULL) {
 361              		.loc 1 133 12 is_stmt 0 view .LVU112
ARM GAS  /tmp/ccawya4i.s 			page 29


 362 0008 064B     		ldr	r3, .L32+4
 363 000a 1868     		ldr	r0, [r3]
 364              	.LVL26:
 133:Middlewares/Third_Party/LwIP/src/core/pbuf.c ****     if (pcb->ooseq != NULL) {
 365              		.loc 1 133 3 view .LVU113
 366 000c 00E0     		b	.L27
 367              	.L28:
 133:Middlewares/Third_Party/LwIP/src/core/pbuf.c ****     if (pcb->ooseq != NULL) {
 368              		.loc 1 133 48 is_stmt 1 discriminator 2 view .LVU114
 369 000e C068     		ldr	r0, [r0, #12]
 370              	.LVL27:
 371              	.L27:
 133:Middlewares/Third_Party/LwIP/src/core/pbuf.c ****     if (pcb->ooseq != NULL) {
 372              		.loc 1 133 36 discriminator 1 view .LVU115
 373 0010 20B1     		cbz	r0, .L26
 134:Middlewares/Third_Party/LwIP/src/core/pbuf.c ****       /** Free the ooseq pbufs of one PCB only */
 374              		.loc 1 134 5 view .LVU116
 134:Middlewares/Third_Party/LwIP/src/core/pbuf.c ****       /** Free the ooseq pbufs of one PCB only */
 375              		.loc 1 134 12 is_stmt 0 view .LVU117
 376 0012 436F     		ldr	r3, [r0, #116]
 134:Middlewares/Third_Party/LwIP/src/core/pbuf.c ****       /** Free the ooseq pbufs of one PCB only */
 377              		.loc 1 134 8 view .LVU118
 378 0014 002B     		cmp	r3, #0
 379 0016 FAD0     		beq	.L28
 136:Middlewares/Third_Party/LwIP/src/core/pbuf.c ****       tcp_free_ooseq(pcb);
 380              		.loc 1 136 101 is_stmt 1 view .LVU119
 137:Middlewares/Third_Party/LwIP/src/core/pbuf.c ****       return;
 381              		.loc 1 137 7 view .LVU120
 382 0018 FFF7FEFF 		bl	tcp_free_ooseq
 383              	.LVL28:
 138:Middlewares/Third_Party/LwIP/src/core/pbuf.c ****     }
 384              		.loc 1 138 7 view .LVU121
 385              	.L26:
 141:Middlewares/Third_Party/LwIP/src/core/pbuf.c **** 
 386              		.loc 1 141 1 is_stmt 0 view .LVU122
 387 001c 08BD     		pop	{r3, pc}
 388              	.L33:
 389 001e 00BF     		.align	2
 390              	.L32:
 391 0020 00000000 		.word	pbuf_free_ooseq_pending
 392 0024 00000000 		.word	tcp_active_pcbs
 393              		.cfi_endproc
 394              	.LFE166:
 396              		.section	.rodata.pbuf_alloc_reference.str1.4,"aMS",%progbits,1
 397              		.align	2
 398              	.LC3:
 399 0000 696E7661 		.ascii	"invalid pbuf_type\000"
 399      6C696420 
 399      70627566 
 399      5F747970 
 399      6500
 400              		.section	.text.pbuf_alloc_reference,"ax",%progbits
 401              		.align	1
 402              		.global	pbuf_alloc_reference
 403              		.syntax unified
 404              		.thumb
 405              		.thumb_func
ARM GAS  /tmp/ccawya4i.s 			page 30


 407              	pbuf_alloc_reference:
 408              	.LVL29:
 409              	.LFB170:
 328:Middlewares/Third_Party/LwIP/src/core/pbuf.c ****   struct pbuf *p;
 410              		.loc 1 328 1 is_stmt 1 view -0
 411              		.cfi_startproc
 412              		@ args = 0, pretend = 0, frame = 0
 413              		@ frame_needed = 0, uses_anonymous_args = 0
 328:Middlewares/Third_Party/LwIP/src/core/pbuf.c ****   struct pbuf *p;
 414              		.loc 1 328 1 is_stmt 0 view .LVU124
 415 0000 F0B5     		push	{r4, r5, r6, r7, lr}
 416              	.LCFI4:
 417              		.cfi_def_cfa_offset 20
 418              		.cfi_offset 4, -20
 419              		.cfi_offset 5, -16
 420              		.cfi_offset 6, -12
 421              		.cfi_offset 7, -8
 422              		.cfi_offset 14, -4
 423 0002 83B0     		sub	sp, sp, #12
 424              	.LCFI5:
 425              		.cfi_def_cfa_offset 32
 426 0004 0646     		mov	r6, r0
 427 0006 0D46     		mov	r5, r1
 428 0008 1446     		mov	r4, r2
 329:Middlewares/Third_Party/LwIP/src/core/pbuf.c ****   LWIP_ASSERT("invalid pbuf_type", (type == PBUF_REF) || (type == PBUF_ROM));
 429              		.loc 1 329 3 is_stmt 1 view .LVU125
 330:Middlewares/Third_Party/LwIP/src/core/pbuf.c ****   /* only allocate memory for the pbuf structure */
 430              		.loc 1 330 3 view .LVU126
 330:Middlewares/Third_Party/LwIP/src/core/pbuf.c ****   /* only allocate memory for the pbuf structure */
 431              		.loc 1 330 3 view .LVU127
 432 000a 412A     		cmp	r2, #65
 433 000c 18BF     		it	ne
 434 000e 012A     		cmpne	r2, #1
 435 0010 0FD1     		bne	.L38
 436              	.LVL30:
 437              	.L35:
 330:Middlewares/Third_Party/LwIP/src/core/pbuf.c ****   /* only allocate memory for the pbuf structure */
 438              		.loc 1 330 3 discriminator 3 view .LVU128
 330:Middlewares/Third_Party/LwIP/src/core/pbuf.c ****   /* only allocate memory for the pbuf structure */
 439              		.loc 1 330 3 discriminator 3 view .LVU129
 332:Middlewares/Third_Party/LwIP/src/core/pbuf.c ****   if (p == NULL) {
 440              		.loc 1 332 3 discriminator 3 view .LVU130
 332:Middlewares/Third_Party/LwIP/src/core/pbuf.c ****   if (p == NULL) {
 441              		.loc 1 332 22 is_stmt 0 discriminator 3 view .LVU131
 442 0012 0720     		movs	r0, #7
 443 0014 FFF7FEFF 		bl	memp_malloc
 444              	.LVL31:
 333:Middlewares/Third_Party/LwIP/src/core/pbuf.c ****     LWIP_DEBUGF(PBUF_DEBUG | LWIP_DBG_LEVEL_SERIOUS,
 445              		.loc 1 333 3 is_stmt 1 discriminator 3 view .LVU132
 333:Middlewares/Third_Party/LwIP/src/core/pbuf.c ****     LWIP_DEBUGF(PBUF_DEBUG | LWIP_DBG_LEVEL_SERIOUS,
 446              		.loc 1 333 6 is_stmt 0 discriminator 3 view .LVU133
 447 0018 0746     		mov	r7, r0
 448 001a 38B1     		cbz	r0, .L34
 339:Middlewares/Third_Party/LwIP/src/core/pbuf.c ****   return p;
 449              		.loc 1 339 3 is_stmt 1 view .LVU134
 450 001c 0023     		movs	r3, #0
 451 001e 0193     		str	r3, [sp, #4]
ARM GAS  /tmp/ccawya4i.s 			page 31


 452 0020 0094     		str	r4, [sp]
 453 0022 2B46     		mov	r3, r5
 454 0024 2A46     		mov	r2, r5
 455 0026 3146     		mov	r1, r6
 456 0028 FFF7FEFF 		bl	pbuf_init_alloced_pbuf
 457              	.LVL32:
 340:Middlewares/Third_Party/LwIP/src/core/pbuf.c **** }
 458              		.loc 1 340 3 view .LVU135
 459              	.L34:
 341:Middlewares/Third_Party/LwIP/src/core/pbuf.c **** 
 460              		.loc 1 341 1 is_stmt 0 view .LVU136
 461 002c 3846     		mov	r0, r7
 462 002e 03B0     		add	sp, sp, #12
 463              	.LCFI6:
 464              		.cfi_remember_state
 465              		.cfi_def_cfa_offset 20
 466              		@ sp needed
 467 0030 F0BD     		pop	{r4, r5, r6, r7, pc}
 468              	.LVL33:
 469              	.L38:
 470              	.LCFI7:
 471              		.cfi_restore_state
 330:Middlewares/Third_Party/LwIP/src/core/pbuf.c ****   /* only allocate memory for the pbuf structure */
 472              		.loc 1 330 3 is_stmt 1 discriminator 1 view .LVU137
 330:Middlewares/Third_Party/LwIP/src/core/pbuf.c ****   /* only allocate memory for the pbuf structure */
 473              		.loc 1 330 3 discriminator 1 view .LVU138
 474 0032 044B     		ldr	r3, .L39
 475 0034 4FF4A572 		mov	r2, #330
 476              	.LVL34:
 330:Middlewares/Third_Party/LwIP/src/core/pbuf.c ****   /* only allocate memory for the pbuf structure */
 477              		.loc 1 330 3 is_stmt 0 discriminator 1 view .LVU139
 478 0038 0349     		ldr	r1, .L39+4
 479              	.LVL35:
 330:Middlewares/Third_Party/LwIP/src/core/pbuf.c ****   /* only allocate memory for the pbuf structure */
 480              		.loc 1 330 3 discriminator 1 view .LVU140
 481 003a 0448     		ldr	r0, .L39+8
 482              	.LVL36:
 330:Middlewares/Third_Party/LwIP/src/core/pbuf.c ****   /* only allocate memory for the pbuf structure */
 483              		.loc 1 330 3 discriminator 1 view .LVU141
 484 003c FFF7FEFF 		bl	printf
 485              	.LVL37:
 486 0040 E7E7     		b	.L35
 487              	.L40:
 488 0042 00BF     		.align	2
 489              	.L39:
 490 0044 00000000 		.word	.LC0
 491 0048 00000000 		.word	.LC3
 492 004c 3C000000 		.word	.LC2
 493              		.cfi_endproc
 494              	.LFE170:
 496              		.section	.text.pbuf_alloced_custom,"ax",%progbits
 497              		.align	1
 498              		.global	pbuf_alloced_custom
 499              		.syntax unified
 500              		.thumb
 501              		.thumb_func
 503              	pbuf_alloced_custom:
ARM GAS  /tmp/ccawya4i.s 			page 32


 504              	.LVL38:
 505              	.LFB171:
 365:Middlewares/Third_Party/LwIP/src/core/pbuf.c ****   u16_t offset = (u16_t)l;
 506              		.loc 1 365 1 is_stmt 1 view -0
 507              		.cfi_startproc
 508              		@ args = 8, pretend = 0, frame = 0
 509              		@ frame_needed = 0, uses_anonymous_args = 0
 365:Middlewares/Third_Party/LwIP/src/core/pbuf.c ****   u16_t offset = (u16_t)l;
 510              		.loc 1 365 1 is_stmt 0 view .LVU143
 511 0000 10B5     		push	{r4, lr}
 512              	.LCFI8:
 513              		.cfi_def_cfa_offset 8
 514              		.cfi_offset 4, -8
 515              		.cfi_offset 14, -4
 516 0002 82B0     		sub	sp, sp, #8
 517              	.LCFI9:
 518              		.cfi_def_cfa_offset 16
 519 0004 8446     		mov	ip, r0
 520 0006 8E46     		mov	lr, r1
 521 0008 1846     		mov	r0, r3
 522              	.LVL39:
 365:Middlewares/Third_Party/LwIP/src/core/pbuf.c ****   u16_t offset = (u16_t)l;
 523              		.loc 1 365 1 view .LVU144
 524 000a 0499     		ldr	r1, [sp, #16]
 525              	.LVL40:
 366:Middlewares/Third_Party/LwIP/src/core/pbuf.c ****   void *payload;
 526              		.loc 1 366 3 is_stmt 1 view .LVU145
 367:Middlewares/Third_Party/LwIP/src/core/pbuf.c ****   LWIP_DEBUGF(PBUF_DEBUG | LWIP_DBG_TRACE, ("pbuf_alloced_custom(length=%"U16_F")\n", length));
 527              		.loc 1 367 3 view .LVU146
 368:Middlewares/Third_Party/LwIP/src/core/pbuf.c **** 
 528              		.loc 1 368 95 view .LVU147
 370:Middlewares/Third_Party/LwIP/src/core/pbuf.c ****     LWIP_DEBUGF(PBUF_DEBUG | LWIP_DBG_LEVEL_WARNING, ("pbuf_alloced_custom(length=%"U16_F") buffer 
 529              		.loc 1 370 3 view .LVU148
 370:Middlewares/Third_Party/LwIP/src/core/pbuf.c ****     LWIP_DEBUGF(PBUF_DEBUG | LWIP_DBG_LEVEL_WARNING, ("pbuf_alloced_custom(length=%"U16_F") buffer 
 530              		.loc 1 370 7 is_stmt 0 view .LVU149
 531 000c 0CF1030C 		add	ip, ip, #3
 532              	.LVL41:
 370:Middlewares/Third_Party/LwIP/src/core/pbuf.c ****     LWIP_DEBUGF(PBUF_DEBUG | LWIP_DBG_LEVEL_WARNING, ("pbuf_alloced_custom(length=%"U16_F") buffer 
 533              		.loc 1 370 7 view .LVU150
 534 0010 2CF0030C 		bic	ip, ip, #3
 370:Middlewares/Third_Party/LwIP/src/core/pbuf.c ****     LWIP_DEBUGF(PBUF_DEBUG | LWIP_DBG_LEVEL_WARNING, ("pbuf_alloced_custom(length=%"U16_F") buffer 
 535              		.loc 1 370 35 view .LVU151
 536 0014 0EEB0C04 		add	r4, lr, ip
 370:Middlewares/Third_Party/LwIP/src/core/pbuf.c ****     LWIP_DEBUGF(PBUF_DEBUG | LWIP_DBG_LEVEL_WARNING, ("pbuf_alloced_custom(length=%"U16_F") buffer 
 537              		.loc 1 370 6 view .LVU152
 538 0018 BDF81430 		ldrh	r3, [sp, #20]
 539              	.LVL42:
 370:Middlewares/Third_Party/LwIP/src/core/pbuf.c ****     LWIP_DEBUGF(PBUF_DEBUG | LWIP_DBG_LEVEL_WARNING, ("pbuf_alloced_custom(length=%"U16_F") buffer 
 540              		.loc 1 370 6 view .LVU153
 541 001c 9C42     		cmp	r4, r3
 542 001e 0CD8     		bhi	.L44
 375:Middlewares/Third_Party/LwIP/src/core/pbuf.c ****     payload = (u8_t *)payload_mem + LWIP_MEM_ALIGN_SIZE(offset);
 543              		.loc 1 375 3 is_stmt 1 view .LVU154
 375:Middlewares/Third_Party/LwIP/src/core/pbuf.c ****     payload = (u8_t *)payload_mem + LWIP_MEM_ALIGN_SIZE(offset);
 544              		.loc 1 375 6 is_stmt 0 view .LVU155
 545 0020 01B1     		cbz	r1, .L43
 376:Middlewares/Third_Party/LwIP/src/core/pbuf.c ****   } else {
ARM GAS  /tmp/ccawya4i.s 			page 33


 546              		.loc 1 376 5 is_stmt 1 view .LVU156
 376:Middlewares/Third_Party/LwIP/src/core/pbuf.c ****   } else {
 547              		.loc 1 376 13 is_stmt 0 view .LVU157
 548 0022 6144     		add	r1, r1, ip
 549              	.LVL43:
 550              	.L43:
 380:Middlewares/Third_Party/LwIP/src/core/pbuf.c ****   return &p->pbuf;
 551              		.loc 1 380 3 is_stmt 1 view .LVU158
 552 0024 0446     		mov	r4, r0
 553 0026 0223     		movs	r3, #2
 554 0028 0193     		str	r3, [sp, #4]
 555 002a 0092     		str	r2, [sp]
 556 002c 7346     		mov	r3, lr
 557 002e 7246     		mov	r2, lr
 558              	.LVL44:
 380:Middlewares/Third_Party/LwIP/src/core/pbuf.c ****   return &p->pbuf;
 559              		.loc 1 380 3 is_stmt 0 view .LVU159
 560 0030 FFF7FEFF 		bl	pbuf_init_alloced_pbuf
 561              	.LVL45:
 381:Middlewares/Third_Party/LwIP/src/core/pbuf.c **** }
 562              		.loc 1 381 3 is_stmt 1 view .LVU160
 563              	.L41:
 382:Middlewares/Third_Party/LwIP/src/core/pbuf.c **** #endif /* LWIP_SUPPORT_CUSTOM_PBUF */
 564              		.loc 1 382 1 is_stmt 0 view .LVU161
 565 0034 2046     		mov	r0, r4
 566 0036 02B0     		add	sp, sp, #8
 567              	.LCFI10:
 568              		.cfi_remember_state
 569              		.cfi_def_cfa_offset 8
 570              		@ sp needed
 571 0038 10BD     		pop	{r4, pc}
 572              	.LVL46:
 573              	.L44:
 574              	.LCFI11:
 575              		.cfi_restore_state
 372:Middlewares/Third_Party/LwIP/src/core/pbuf.c ****   }
 576              		.loc 1 372 12 view .LVU162
 577 003a 0024     		movs	r4, #0
 578 003c FAE7     		b	.L41
 579              		.cfi_endproc
 580              	.LFE171:
 582              		.section	.text.pbuf_add_header,"ax",%progbits
 583              		.align	1
 584              		.global	pbuf_add_header
 585              		.syntax unified
 586              		.thumb
 587              		.thumb_func
 589              	pbuf_add_header:
 590              	.LVL47:
 591              	.LFB174:
 552:Middlewares/Third_Party/LwIP/src/core/pbuf.c ****   return pbuf_add_header_impl(p, header_size_increment, 0);
 592              		.loc 1 552 1 is_stmt 1 view -0
 593              		.cfi_startproc
 594              		@ args = 0, pretend = 0, frame = 0
 595              		@ frame_needed = 0, uses_anonymous_args = 0
 552:Middlewares/Third_Party/LwIP/src/core/pbuf.c ****   return pbuf_add_header_impl(p, header_size_increment, 0);
 596              		.loc 1 552 1 is_stmt 0 view .LVU164
ARM GAS  /tmp/ccawya4i.s 			page 34


 597 0000 08B5     		push	{r3, lr}
 598              	.LCFI12:
 599              		.cfi_def_cfa_offset 8
 600              		.cfi_offset 3, -8
 601              		.cfi_offset 14, -4
 553:Middlewares/Third_Party/LwIP/src/core/pbuf.c **** }
 602              		.loc 1 553 3 is_stmt 1 view .LVU165
 553:Middlewares/Third_Party/LwIP/src/core/pbuf.c **** }
 603              		.loc 1 553 10 is_stmt 0 view .LVU166
 604 0002 0022     		movs	r2, #0
 605 0004 FFF7FEFF 		bl	pbuf_add_header_impl
 606              	.LVL48:
 554:Middlewares/Third_Party/LwIP/src/core/pbuf.c **** 
 607              		.loc 1 554 1 view .LVU167
 608 0008 08BD     		pop	{r3, pc}
 609              		.cfi_endproc
 610              	.LFE174:
 612              		.section	.text.pbuf_add_header_force,"ax",%progbits
 613              		.align	1
 614              		.global	pbuf_add_header_force
 615              		.syntax unified
 616              		.thumb
 617              		.thumb_func
 619              	pbuf_add_header_force:
 620              	.LVL49:
 621              	.LFB175:
 562:Middlewares/Third_Party/LwIP/src/core/pbuf.c ****   return pbuf_add_header_impl(p, header_size_increment, 1);
 622              		.loc 1 562 1 is_stmt 1 view -0
 623              		.cfi_startproc
 624              		@ args = 0, pretend = 0, frame = 0
 625              		@ frame_needed = 0, uses_anonymous_args = 0
 562:Middlewares/Third_Party/LwIP/src/core/pbuf.c ****   return pbuf_add_header_impl(p, header_size_increment, 1);
 626              		.loc 1 562 1 is_stmt 0 view .LVU169
 627 0000 08B5     		push	{r3, lr}
 628              	.LCFI13:
 629              		.cfi_def_cfa_offset 8
 630              		.cfi_offset 3, -8
 631              		.cfi_offset 14, -4
 563:Middlewares/Third_Party/LwIP/src/core/pbuf.c **** }
 632              		.loc 1 563 3 is_stmt 1 view .LVU170
 563:Middlewares/Third_Party/LwIP/src/core/pbuf.c **** }
 633              		.loc 1 563 10 is_stmt 0 view .LVU171
 634 0002 0122     		movs	r2, #1
 635 0004 FFF7FEFF 		bl	pbuf_add_header_impl
 636              	.LVL50:
 564:Middlewares/Third_Party/LwIP/src/core/pbuf.c **** 
 637              		.loc 1 564 1 view .LVU172
 638 0008 08BD     		pop	{r3, pc}
 639              		.cfi_endproc
 640              	.LFE175:
 642              		.section	.rodata.pbuf_remove_header.str1.4,"aMS",%progbits,1
 643              		.align	2
 644              	.LC4:
 645 0000 696E6372 		.ascii	"increment_magnitude <= p->len\000"
 645      656D656E 
 645      745F6D61 
 645      676E6974 
ARM GAS  /tmp/ccawya4i.s 			page 35


 645      75646520 
 646              		.section	.text.pbuf_remove_header,"ax",%progbits
 647              		.align	1
 648              		.global	pbuf_remove_header
 649              		.syntax unified
 650              		.thumb
 651              		.thumb_func
 653              	pbuf_remove_header:
 654              	.LVL51:
 655              	.LFB176:
 583:Middlewares/Third_Party/LwIP/src/core/pbuf.c ****   void *payload;
 656              		.loc 1 583 1 is_stmt 1 view -0
 657              		.cfi_startproc
 658              		@ args = 0, pretend = 0, frame = 0
 659              		@ frame_needed = 0, uses_anonymous_args = 0
 583:Middlewares/Third_Party/LwIP/src/core/pbuf.c ****   void *payload;
 660              		.loc 1 583 1 is_stmt 0 view .LVU174
 661 0000 38B5     		push	{r3, r4, r5, lr}
 662              	.LCFI14:
 663              		.cfi_def_cfa_offset 16
 664              		.cfi_offset 3, -16
 665              		.cfi_offset 4, -12
 666              		.cfi_offset 5, -8
 667              		.cfi_offset 14, -4
 668 0002 0C46     		mov	r4, r1
 584:Middlewares/Third_Party/LwIP/src/core/pbuf.c ****   u16_t increment_magnitude;
 669              		.loc 1 584 3 is_stmt 1 view .LVU175
 585:Middlewares/Third_Party/LwIP/src/core/pbuf.c **** 
 670              		.loc 1 585 3 view .LVU176
 587:Middlewares/Third_Party/LwIP/src/core/pbuf.c ****   if ((p == NULL) || (header_size_decrement > 0xFFFF)) {
 671              		.loc 1 587 3 view .LVU177
 587:Middlewares/Third_Party/LwIP/src/core/pbuf.c ****   if ((p == NULL) || (header_size_decrement > 0xFFFF)) {
 672              		.loc 1 587 3 view .LVU178
 673 0004 0546     		mov	r5, r0
 674 0006 98B1     		cbz	r0, .L57
 675              	.LVL52:
 676              	.L51:
 587:Middlewares/Third_Party/LwIP/src/core/pbuf.c ****   if ((p == NULL) || (header_size_decrement > 0xFFFF)) {
 677              		.loc 1 587 3 discriminator 3 view .LVU179
 587:Middlewares/Third_Party/LwIP/src/core/pbuf.c ****   if ((p == NULL) || (header_size_decrement > 0xFFFF)) {
 678              		.loc 1 587 3 discriminator 3 view .LVU180
 588:Middlewares/Third_Party/LwIP/src/core/pbuf.c ****     return 1;
 679              		.loc 1 588 3 discriminator 3 view .LVU181
 588:Middlewares/Third_Party/LwIP/src/core/pbuf.c ****     return 1;
 680              		.loc 1 588 6 is_stmt 0 discriminator 3 view .LVU182
 681 0008 002D     		cmp	r5, #0
 682 000a 18BF     		it	ne
 683 000c B4F5803F 		cmpne	r4, #65536
 684 0010 1FD2     		bcs	.L54
 591:Middlewares/Third_Party/LwIP/src/core/pbuf.c ****     return 0;
 685              		.loc 1 591 3 is_stmt 1 view .LVU183
 591:Middlewares/Third_Party/LwIP/src/core/pbuf.c ****     return 0;
 686              		.loc 1 591 6 is_stmt 0 view .LVU184
 687 0012 04B3     		cbz	r4, .L55
 595:Middlewares/Third_Party/LwIP/src/core/pbuf.c ****   /* Check that we aren't going to move off the end of the pbuf */
 688              		.loc 1 595 3 is_stmt 1 view .LVU185
 595:Middlewares/Third_Party/LwIP/src/core/pbuf.c ****   /* Check that we aren't going to move off the end of the pbuf */
ARM GAS  /tmp/ccawya4i.s 			page 36


 689              		.loc 1 595 23 is_stmt 0 view .LVU186
 690 0014 A2B2     		uxth	r2, r4
 691              	.LVL53:
 597:Middlewares/Third_Party/LwIP/src/core/pbuf.c **** 
 692              		.loc 1 597 3 is_stmt 1 view .LVU187
 597:Middlewares/Third_Party/LwIP/src/core/pbuf.c **** 
 693              		.loc 1 597 3 view .LVU188
 694 0016 6B89     		ldrh	r3, [r5, #10]
 695 0018 9342     		cmp	r3, r2
 696 001a 11D3     		bcc	.L58
 597:Middlewares/Third_Party/LwIP/src/core/pbuf.c **** 
 697              		.loc 1 597 3 discriminator 2 view .LVU189
 597:Middlewares/Third_Party/LwIP/src/core/pbuf.c **** 
 698              		.loc 1 597 3 discriminator 2 view .LVU190
 600:Middlewares/Third_Party/LwIP/src/core/pbuf.c ****   LWIP_UNUSED_ARG(payload); /* only used in LWIP_DEBUGF below */
 699              		.loc 1 600 3 discriminator 2 view .LVU191
 600:Middlewares/Third_Party/LwIP/src/core/pbuf.c ****   LWIP_UNUSED_ARG(payload); /* only used in LWIP_DEBUGF below */
 700              		.loc 1 600 11 is_stmt 0 discriminator 2 view .LVU192
 701 001c 6968     		ldr	r1, [r5, #4]
 702              	.LVL54:
 601:Middlewares/Third_Party/LwIP/src/core/pbuf.c **** 
 703              		.loc 1 601 3 is_stmt 1 discriminator 2 view .LVU193
 604:Middlewares/Third_Party/LwIP/src/core/pbuf.c ****   /* modify pbuf length fields */
 704              		.loc 1 604 3 discriminator 2 view .LVU194
 604:Middlewares/Third_Party/LwIP/src/core/pbuf.c ****   /* modify pbuf length fields */
 705              		.loc 1 604 35 is_stmt 0 discriminator 2 view .LVU195
 706 001e 2144     		add	r1, r1, r4
 707              	.LVL55:
 604:Middlewares/Third_Party/LwIP/src/core/pbuf.c ****   /* modify pbuf length fields */
 708              		.loc 1 604 14 discriminator 2 view .LVU196
 709 0020 6960     		str	r1, [r5, #4]
 710              	.LVL56:
 606:Middlewares/Third_Party/LwIP/src/core/pbuf.c ****   p->tot_len = (u16_t)(p->tot_len - increment_magnitude);
 711              		.loc 1 606 3 is_stmt 1 discriminator 2 view .LVU197
 606:Middlewares/Third_Party/LwIP/src/core/pbuf.c ****   p->tot_len = (u16_t)(p->tot_len - increment_magnitude);
 712              		.loc 1 606 12 is_stmt 0 discriminator 2 view .LVU198
 713 0022 9B1A     		subs	r3, r3, r2
 606:Middlewares/Third_Party/LwIP/src/core/pbuf.c ****   p->tot_len = (u16_t)(p->tot_len - increment_magnitude);
 714              		.loc 1 606 10 discriminator 2 view .LVU199
 715 0024 6B81     		strh	r3, [r5, #10]	@ movhi
 607:Middlewares/Third_Party/LwIP/src/core/pbuf.c **** 
 716              		.loc 1 607 3 is_stmt 1 discriminator 2 view .LVU200
 607:Middlewares/Third_Party/LwIP/src/core/pbuf.c **** 
 717              		.loc 1 607 25 is_stmt 0 discriminator 2 view .LVU201
 718 0026 2B89     		ldrh	r3, [r5, #8]
 607:Middlewares/Third_Party/LwIP/src/core/pbuf.c **** 
 719              		.loc 1 607 16 discriminator 2 view .LVU202
 720 0028 9B1A     		subs	r3, r3, r2
 607:Middlewares/Third_Party/LwIP/src/core/pbuf.c **** 
 721              		.loc 1 607 14 discriminator 2 view .LVU203
 722 002a 2B81     		strh	r3, [r5, #8]	@ movhi
 610:Middlewares/Third_Party/LwIP/src/core/pbuf.c **** 
 723              		.loc 1 610 73 is_stmt 1 discriminator 2 view .LVU204
 612:Middlewares/Third_Party/LwIP/src/core/pbuf.c **** }
 724              		.loc 1 612 3 discriminator 2 view .LVU205
 612:Middlewares/Third_Party/LwIP/src/core/pbuf.c **** }
 725              		.loc 1 612 10 is_stmt 0 discriminator 2 view .LVU206
ARM GAS  /tmp/ccawya4i.s 			page 37


 726 002c 0020     		movs	r0, #0
 727              	.LVL57:
 728              	.L52:
 613:Middlewares/Third_Party/LwIP/src/core/pbuf.c **** 
 729              		.loc 1 613 1 view .LVU207
 730 002e 38BD     		pop	{r3, r4, r5, pc}
 731              	.LVL58:
 732              	.L57:
 587:Middlewares/Third_Party/LwIP/src/core/pbuf.c ****   if ((p == NULL) || (header_size_decrement > 0xFFFF)) {
 733              		.loc 1 587 3 is_stmt 1 discriminator 1 view .LVU208
 587:Middlewares/Third_Party/LwIP/src/core/pbuf.c ****   if ((p == NULL) || (header_size_decrement > 0xFFFF)) {
 734              		.loc 1 587 3 discriminator 1 view .LVU209
 735 0030 0A4B     		ldr	r3, .L59
 736 0032 40F24B22 		movw	r2, #587
 737 0036 0A49     		ldr	r1, .L59+4
 738              	.LVL59:
 587:Middlewares/Third_Party/LwIP/src/core/pbuf.c ****   if ((p == NULL) || (header_size_decrement > 0xFFFF)) {
 739              		.loc 1 587 3 is_stmt 0 discriminator 1 view .LVU210
 740 0038 0A48     		ldr	r0, .L59+8
 741              	.LVL60:
 587:Middlewares/Third_Party/LwIP/src/core/pbuf.c ****   if ((p == NULL) || (header_size_decrement > 0xFFFF)) {
 742              		.loc 1 587 3 discriminator 1 view .LVU211
 743 003a FFF7FEFF 		bl	printf
 744              	.LVL61:
 745 003e E3E7     		b	.L51
 746              	.LVL62:
 747              	.L58:
 597:Middlewares/Third_Party/LwIP/src/core/pbuf.c **** 
 748              		.loc 1 597 3 is_stmt 1 discriminator 1 view .LVU212
 597:Middlewares/Third_Party/LwIP/src/core/pbuf.c **** 
 749              		.loc 1 597 3 discriminator 1 view .LVU213
 750 0040 064B     		ldr	r3, .L59
 751 0042 40F25522 		movw	r2, #597
 752              	.LVL63:
 597:Middlewares/Third_Party/LwIP/src/core/pbuf.c **** 
 753              		.loc 1 597 3 is_stmt 0 discriminator 1 view .LVU214
 754 0046 0849     		ldr	r1, .L59+12
 755 0048 0648     		ldr	r0, .L59+8
 756 004a FFF7FEFF 		bl	printf
 757              	.LVL64:
 597:Middlewares/Third_Party/LwIP/src/core/pbuf.c **** 
 758              		.loc 1 597 3 is_stmt 1 discriminator 1 view .LVU215
 597:Middlewares/Third_Party/LwIP/src/core/pbuf.c **** 
 759              		.loc 1 597 3 discriminator 1 view .LVU216
 760 004e 0120     		movs	r0, #1
 761 0050 EDE7     		b	.L52
 762              	.LVL65:
 763              	.L54:
 589:Middlewares/Third_Party/LwIP/src/core/pbuf.c ****   }
 764              		.loc 1 589 12 is_stmt 0 view .LVU217
 765 0052 0120     		movs	r0, #1
 766 0054 EBE7     		b	.L52
 767              	.L55:
 592:Middlewares/Third_Party/LwIP/src/core/pbuf.c ****   }
 768              		.loc 1 592 12 view .LVU218
 769 0056 0020     		movs	r0, #0
 770 0058 E9E7     		b	.L52
ARM GAS  /tmp/ccawya4i.s 			page 38


 771              	.L60:
 772 005a 00BF     		.align	2
 773              	.L59:
 774 005c 00000000 		.word	.LC0
 775 0060 30000000 		.word	.LC1
 776 0064 3C000000 		.word	.LC2
 777 0068 00000000 		.word	.LC4
 778              		.cfi_endproc
 779              	.LFE176:
 781              		.section	.text.pbuf_header_impl,"ax",%progbits
 782              		.align	1
 783              		.syntax unified
 784              		.thumb
 785              		.thumb_func
 787              	pbuf_header_impl:
 788              	.LVL66:
 789              	.LFB177:
 617:Middlewares/Third_Party/LwIP/src/core/pbuf.c ****   if (header_size_increment < 0) {
 790              		.loc 1 617 1 is_stmt 1 view -0
 791              		.cfi_startproc
 792              		@ args = 0, pretend = 0, frame = 0
 793              		@ frame_needed = 0, uses_anonymous_args = 0
 617:Middlewares/Third_Party/LwIP/src/core/pbuf.c ****   if (header_size_increment < 0) {
 794              		.loc 1 617 1 is_stmt 0 view .LVU220
 795 0000 08B5     		push	{r3, lr}
 796              	.LCFI15:
 797              		.cfi_def_cfa_offset 8
 798              		.cfi_offset 3, -8
 799              		.cfi_offset 14, -4
 618:Middlewares/Third_Party/LwIP/src/core/pbuf.c ****     return pbuf_remove_header(p, (size_t) - header_size_increment);
 800              		.loc 1 618 3 is_stmt 1 view .LVU221
 618:Middlewares/Third_Party/LwIP/src/core/pbuf.c ****     return pbuf_remove_header(p, (size_t) - header_size_increment);
 801              		.loc 1 618 6 is_stmt 0 view .LVU222
 802 0002 0029     		cmp	r1, #0
 803              	.LVL67:
 618:Middlewares/Third_Party/LwIP/src/core/pbuf.c ****     return pbuf_remove_header(p, (size_t) - header_size_increment);
 804              		.loc 1 618 6 view .LVU223
 805 0004 02DB     		blt	.L65
 621:Middlewares/Third_Party/LwIP/src/core/pbuf.c ****   }
 806              		.loc 1 621 5 is_stmt 1 view .LVU224
 621:Middlewares/Third_Party/LwIP/src/core/pbuf.c ****   }
 807              		.loc 1 621 12 is_stmt 0 view .LVU225
 808 0006 FFF7FEFF 		bl	pbuf_add_header_impl
 809              	.LVL68:
 810              	.L63:
 623:Middlewares/Third_Party/LwIP/src/core/pbuf.c **** 
 811              		.loc 1 623 1 view .LVU226
 812 000a 08BD     		pop	{r3, pc}
 813              	.LVL69:
 814              	.L65:
 619:Middlewares/Third_Party/LwIP/src/core/pbuf.c ****   } else {
 815              		.loc 1 619 5 is_stmt 1 view .LVU227
 619:Middlewares/Third_Party/LwIP/src/core/pbuf.c ****   } else {
 816              		.loc 1 619 12 is_stmt 0 view .LVU228
 817 000c 4942     		rsbs	r1, r1, #0
 818 000e FFF7FEFF 		bl	pbuf_remove_header
 819              	.LVL70:
ARM GAS  /tmp/ccawya4i.s 			page 39


 619:Middlewares/Third_Party/LwIP/src/core/pbuf.c ****   } else {
 820              		.loc 1 619 12 view .LVU229
 821 0012 FAE7     		b	.L63
 822              		.cfi_endproc
 823              	.LFE177:
 825              		.section	.text.pbuf_header,"ax",%progbits
 826              		.align	1
 827              		.global	pbuf_header
 828              		.syntax unified
 829              		.thumb
 830              		.thumb_func
 832              	pbuf_header:
 833              	.LVL71:
 834              	.LFB178:
 647:Middlewares/Third_Party/LwIP/src/core/pbuf.c ****   return pbuf_header_impl(p, header_size_increment, 0);
 835              		.loc 1 647 1 is_stmt 1 view -0
 836              		.cfi_startproc
 837              		@ args = 0, pretend = 0, frame = 0
 838              		@ frame_needed = 0, uses_anonymous_args = 0
 647:Middlewares/Third_Party/LwIP/src/core/pbuf.c ****   return pbuf_header_impl(p, header_size_increment, 0);
 839              		.loc 1 647 1 is_stmt 0 view .LVU231
 840 0000 08B5     		push	{r3, lr}
 841              	.LCFI16:
 842              		.cfi_def_cfa_offset 8
 843              		.cfi_offset 3, -8
 844              		.cfi_offset 14, -4
 648:Middlewares/Third_Party/LwIP/src/core/pbuf.c **** }
 845              		.loc 1 648 3 is_stmt 1 view .LVU232
 648:Middlewares/Third_Party/LwIP/src/core/pbuf.c **** }
 846              		.loc 1 648 10 is_stmt 0 view .LVU233
 847 0002 0022     		movs	r2, #0
 848 0004 FFF7FEFF 		bl	pbuf_header_impl
 849              	.LVL72:
 649:Middlewares/Third_Party/LwIP/src/core/pbuf.c **** 
 850              		.loc 1 649 1 view .LVU234
 851 0008 08BD     		pop	{r3, pc}
 852              		.cfi_endproc
 853              	.LFE178:
 855              		.section	.text.pbuf_header_force,"ax",%progbits
 856              		.align	1
 857              		.global	pbuf_header_force
 858              		.syntax unified
 859              		.thumb
 860              		.thumb_func
 862              	pbuf_header_force:
 863              	.LVL73:
 864              	.LFB179:
 657:Middlewares/Third_Party/LwIP/src/core/pbuf.c ****   return pbuf_header_impl(p, header_size_increment, 1);
 865              		.loc 1 657 1 is_stmt 1 view -0
 866              		.cfi_startproc
 867              		@ args = 0, pretend = 0, frame = 0
 868              		@ frame_needed = 0, uses_anonymous_args = 0
 657:Middlewares/Third_Party/LwIP/src/core/pbuf.c ****   return pbuf_header_impl(p, header_size_increment, 1);
 869              		.loc 1 657 1 is_stmt 0 view .LVU236
 870 0000 08B5     		push	{r3, lr}
 871              	.LCFI17:
 872              		.cfi_def_cfa_offset 8
ARM GAS  /tmp/ccawya4i.s 			page 40


 873              		.cfi_offset 3, -8
 874              		.cfi_offset 14, -4
 658:Middlewares/Third_Party/LwIP/src/core/pbuf.c **** }
 875              		.loc 1 658 3 is_stmt 1 view .LVU237
 658:Middlewares/Third_Party/LwIP/src/core/pbuf.c **** }
 876              		.loc 1 658 10 is_stmt 0 view .LVU238
 877 0002 0122     		movs	r2, #1
 878 0004 FFF7FEFF 		bl	pbuf_header_impl
 879              	.LVL74:
 659:Middlewares/Third_Party/LwIP/src/core/pbuf.c **** 
 880              		.loc 1 659 1 view .LVU239
 881 0008 08BD     		pop	{r3, pc}
 882              		.cfi_endproc
 883              	.LFE179:
 885              		.section	.rodata.pbuf_free.str1.4,"aMS",%progbits,1
 886              		.align	2
 887              	.LC5:
 888 0000 70627566 		.ascii	"pbuf_free: p->ref > 0\000"
 888      5F667265 
 888      653A2070 
 888      2D3E7265 
 888      66203E20 
 889 0016 0000     		.align	2
 890              	.LC6:
 891 0018 70632D3E 		.ascii	"pc->custom_free_function != NULL\000"
 891      63757374 
 891      6F6D5F66 
 891      7265655F 
 891      66756E63 
 892 0039 000000   		.align	2
 893              	.LC7:
 894 003c 696E7661 		.ascii	"invalid pbuf type\000"
 894      6C696420 
 894      70627566 
 894      20747970 
 894      6500
 895              		.section	.text.pbuf_free,"ax",%progbits
 896              		.align	1
 897              		.global	pbuf_free
 898              		.syntax unified
 899              		.thumb
 900              		.thumb_func
 902              	pbuf_free:
 903              	.LVL75:
 904              	.LFB181:
 726:Middlewares/Third_Party/LwIP/src/core/pbuf.c ****   u8_t alloc_src;
 905              		.loc 1 726 1 is_stmt 1 view -0
 906              		.cfi_startproc
 907              		@ args = 0, pretend = 0, frame = 0
 908              		@ frame_needed = 0, uses_anonymous_args = 0
 726:Middlewares/Third_Party/LwIP/src/core/pbuf.c ****   u8_t alloc_src;
 909              		.loc 1 726 1 is_stmt 0 view .LVU241
 910 0000 70B5     		push	{r4, r5, r6, lr}
 911              	.LCFI18:
 912              		.cfi_def_cfa_offset 16
 913              		.cfi_offset 4, -16
 914              		.cfi_offset 5, -12
ARM GAS  /tmp/ccawya4i.s 			page 41


 915              		.cfi_offset 6, -8
 916              		.cfi_offset 14, -4
 727:Middlewares/Third_Party/LwIP/src/core/pbuf.c ****   struct pbuf *q;
 917              		.loc 1 727 3 is_stmt 1 view .LVU242
 728:Middlewares/Third_Party/LwIP/src/core/pbuf.c ****   u8_t count;
 918              		.loc 1 728 3 view .LVU243
 729:Middlewares/Third_Party/LwIP/src/core/pbuf.c **** 
 919              		.loc 1 729 3 view .LVU244
 731:Middlewares/Third_Party/LwIP/src/core/pbuf.c ****     LWIP_ASSERT("p != NULL", p != NULL);
 920              		.loc 1 731 3 view .LVU245
 731:Middlewares/Third_Party/LwIP/src/core/pbuf.c ****     LWIP_ASSERT("p != NULL", p != NULL);
 921              		.loc 1 731 6 is_stmt 0 view .LVU246
 922 0002 10B1     		cbz	r0, .L83
 923 0004 0446     		mov	r4, r0
 742:Middlewares/Third_Party/LwIP/src/core/pbuf.c ****   /* de-allocate all consecutive pbufs from the head of the chain that
 924              		.loc 1 742 9 view .LVU247
 925 0006 0025     		movs	r5, #0
 926 0008 17E0     		b	.L71
 927              	.L83:
 732:Middlewares/Third_Party/LwIP/src/core/pbuf.c ****     /* if assertions are disabled, proceed with debug output */
 928              		.loc 1 732 5 is_stmt 1 discriminator 1 view .LVU248
 732:Middlewares/Third_Party/LwIP/src/core/pbuf.c ****     /* if assertions are disabled, proceed with debug output */
 929              		.loc 1 732 5 discriminator 1 view .LVU249
 732:Middlewares/Third_Party/LwIP/src/core/pbuf.c ****     /* if assertions are disabled, proceed with debug output */
 930              		.loc 1 732 5 discriminator 1 view .LVU250
 732:Middlewares/Third_Party/LwIP/src/core/pbuf.c ****     /* if assertions are disabled, proceed with debug output */
 931              		.loc 1 732 5 discriminator 1 view .LVU251
 932 000a 284B     		ldr	r3, .L87
 933 000c 4FF43772 		mov	r2, #732
 934 0010 2749     		ldr	r1, .L87+4
 935 0012 2848     		ldr	r0, .L87+8
 936              	.LVL76:
 732:Middlewares/Third_Party/LwIP/src/core/pbuf.c ****     /* if assertions are disabled, proceed with debug output */
 937              		.loc 1 732 5 is_stmt 0 discriminator 1 view .LVU252
 938 0014 FFF7FEFF 		bl	printf
 939              	.LVL77:
 732:Middlewares/Third_Party/LwIP/src/core/pbuf.c ****     /* if assertions are disabled, proceed with debug output */
 940              		.loc 1 732 5 is_stmt 1 discriminator 1 view .LVU253
 732:Middlewares/Third_Party/LwIP/src/core/pbuf.c ****     /* if assertions are disabled, proceed with debug output */
 941              		.loc 1 732 5 discriminator 1 view .LVU254
 735:Middlewares/Third_Party/LwIP/src/core/pbuf.c ****     return 0;
 942              		.loc 1 735 56 discriminator 1 view .LVU255
 736:Middlewares/Third_Party/LwIP/src/core/pbuf.c ****   }
 943              		.loc 1 736 5 discriminator 1 view .LVU256
 736:Middlewares/Third_Party/LwIP/src/core/pbuf.c ****   }
 944              		.loc 1 736 12 is_stmt 0 discriminator 1 view .LVU257
 945 0018 0025     		movs	r5, #0
 946              	.LVL78:
 947              	.L72:
 800:Middlewares/Third_Party/LwIP/src/core/pbuf.c **** 
 948              		.loc 1 800 1 view .LVU258
 949 001a 2846     		mov	r0, r5
 950 001c 70BD     		pop	{r4, r5, r6, pc}
 951              	.LVL79:
 952              	.L84:
 953              	.LBB2:
 753:Middlewares/Third_Party/LwIP/src/core/pbuf.c ****     /* decrease reference count (number of pointers to pbuf) */
ARM GAS  /tmp/ccawya4i.s 			page 42


 954              		.loc 1 753 5 is_stmt 1 discriminator 1 view .LVU259
 753:Middlewares/Third_Party/LwIP/src/core/pbuf.c ****     /* decrease reference count (number of pointers to pbuf) */
 955              		.loc 1 753 5 discriminator 1 view .LVU260
 956 001e 234B     		ldr	r3, .L87
 957 0020 40F2F122 		movw	r2, #753
 958 0024 2449     		ldr	r1, .L87+12
 959 0026 2348     		ldr	r0, .L87+8
 960 0028 FFF7FEFF 		bl	printf
 961              	.LVL80:
 962 002c 0AE0     		b	.L73
 963              	.LVL81:
 964              	.L75:
 965              	.LBB3:
 767:Middlewares/Third_Party/LwIP/src/core/pbuf.c ****         pc->custom_free_function(p);
 966              		.loc 1 767 9 discriminator 3 view .LVU261
 767:Middlewares/Third_Party/LwIP/src/core/pbuf.c ****         pc->custom_free_function(p);
 967              		.loc 1 767 9 discriminator 3 view .LVU262
 768:Middlewares/Third_Party/LwIP/src/core/pbuf.c ****       } else
 968              		.loc 1 768 9 discriminator 3 view .LVU263
 768:Middlewares/Third_Party/LwIP/src/core/pbuf.c ****       } else
 969              		.loc 1 768 11 is_stmt 0 discriminator 3 view .LVU264
 970 002e 2369     		ldr	r3, [r4, #16]
 768:Middlewares/Third_Party/LwIP/src/core/pbuf.c ****       } else
 971              		.loc 1 768 9 discriminator 3 view .LVU265
 972 0030 2046     		mov	r0, r4
 973 0032 9847     		blx	r3
 974              	.LVL82:
 975              	.L76:
 768:Middlewares/Third_Party/LwIP/src/core/pbuf.c ****       } else
 976              		.loc 1 768 9 discriminator 3 view .LVU266
 977              	.LBE3:
 783:Middlewares/Third_Party/LwIP/src/core/pbuf.c ****         }
 978              		.loc 1 783 11 is_stmt 1 discriminator 3 view .LVU267
 783:Middlewares/Third_Party/LwIP/src/core/pbuf.c ****         }
 979              		.loc 1 783 11 discriminator 3 view .LVU268
 786:Middlewares/Third_Party/LwIP/src/core/pbuf.c ****       /* proceed to next pbuf */
 980              		.loc 1 786 7 discriminator 3 view .LVU269
 786:Middlewares/Third_Party/LwIP/src/core/pbuf.c ****       /* proceed to next pbuf */
 981              		.loc 1 786 12 is_stmt 0 discriminator 3 view .LVU270
 982 0034 0135     		adds	r5, r5, #1
 983              	.LVL83:
 786:Middlewares/Third_Party/LwIP/src/core/pbuf.c ****       /* proceed to next pbuf */
 984              		.loc 1 786 12 discriminator 3 view .LVU271
 985 0036 EDB2     		uxtb	r5, r5
 986              	.LVL84:
 788:Middlewares/Third_Party/LwIP/src/core/pbuf.c ****       /* p->ref > 0, this pbuf is still referenced to */
 987              		.loc 1 788 7 is_stmt 1 discriminator 3 view .LVU272
 788:Middlewares/Third_Party/LwIP/src/core/pbuf.c ****       /* p->ref > 0, this pbuf is still referenced to */
 988              		.loc 1 788 9 is_stmt 0 discriminator 3 view .LVU273
 989 0038 3446     		mov	r4, r6
 990              	.LVL85:
 991              	.L71:
 788:Middlewares/Third_Party/LwIP/src/core/pbuf.c ****       /* p->ref > 0, this pbuf is still referenced to */
 992              		.loc 1 788 9 discriminator 3 view .LVU274
 993              	.LBE2:
 745:Middlewares/Third_Party/LwIP/src/core/pbuf.c ****     LWIP_PBUF_REF_T ref;
 994              		.loc 1 745 12 is_stmt 1 view .LVU275
ARM GAS  /tmp/ccawya4i.s 			page 43


 995 003a 002C     		cmp	r4, #0
 996 003c EDD0     		beq	.L72
 997              	.LBB5:
 746:Middlewares/Third_Party/LwIP/src/core/pbuf.c ****     SYS_ARCH_DECL_PROTECT(old_level);
 998              		.loc 1 746 5 view .LVU276
 747:Middlewares/Third_Party/LwIP/src/core/pbuf.c ****     /* Since decrementing ref cannot be guaranteed to be a single machine operation
 999              		.loc 1 747 37 view .LVU277
 751:Middlewares/Third_Party/LwIP/src/core/pbuf.c ****     /* all pbufs in a chain are referenced at least once */
 1000              		.loc 1 751 32 view .LVU278
 753:Middlewares/Third_Party/LwIP/src/core/pbuf.c ****     /* decrease reference count (number of pointers to pbuf) */
 1001              		.loc 1 753 5 view .LVU279
 753:Middlewares/Third_Party/LwIP/src/core/pbuf.c ****     /* decrease reference count (number of pointers to pbuf) */
 1002              		.loc 1 753 5 view .LVU280
 1003 003e A37B     		ldrb	r3, [r4, #14]	@ zero_extendqisi2
 1004 0040 002B     		cmp	r3, #0
 1005 0042 ECD0     		beq	.L84
 1006              	.L73:
 753:Middlewares/Third_Party/LwIP/src/core/pbuf.c ****     /* decrease reference count (number of pointers to pbuf) */
 1007              		.loc 1 753 5 discriminator 3 view .LVU281
 753:Middlewares/Third_Party/LwIP/src/core/pbuf.c ****     /* decrease reference count (number of pointers to pbuf) */
 1008              		.loc 1 753 5 discriminator 3 view .LVU282
 755:Middlewares/Third_Party/LwIP/src/core/pbuf.c ****     SYS_ARCH_UNPROTECT(old_level);
 1009              		.loc 1 755 5 discriminator 3 view .LVU283
 755:Middlewares/Third_Party/LwIP/src/core/pbuf.c ****     SYS_ARCH_UNPROTECT(old_level);
 1010              		.loc 1 755 15 is_stmt 0 discriminator 3 view .LVU284
 1011 0044 A37B     		ldrb	r3, [r4, #14]	@ zero_extendqisi2
 755:Middlewares/Third_Party/LwIP/src/core/pbuf.c ****     SYS_ARCH_UNPROTECT(old_level);
 1012              		.loc 1 755 11 discriminator 3 view .LVU285
 1013 0046 013B     		subs	r3, r3, #1
 1014 0048 DBB2     		uxtb	r3, r3
 755:Middlewares/Third_Party/LwIP/src/core/pbuf.c ****     SYS_ARCH_UNPROTECT(old_level);
 1015              		.loc 1 755 9 discriminator 3 view .LVU286
 1016 004a A373     		strb	r3, [r4, #14]
 1017              	.LVL86:
 756:Middlewares/Third_Party/LwIP/src/core/pbuf.c ****     /* this pbuf is no longer referenced to? */
 1018              		.loc 1 756 34 is_stmt 1 discriminator 3 view .LVU287
 758:Middlewares/Third_Party/LwIP/src/core/pbuf.c ****       /* remember next pbuf in chain for next iteration */
 1019              		.loc 1 758 5 discriminator 3 view .LVU288
 758:Middlewares/Third_Party/LwIP/src/core/pbuf.c ****       /* remember next pbuf in chain for next iteration */
 1020              		.loc 1 758 8 is_stmt 0 discriminator 3 view .LVU289
 1021 004c 002B     		cmp	r3, #0
 1022 004e E4D1     		bne	.L72
 760:Middlewares/Third_Party/LwIP/src/core/pbuf.c ****       LWIP_DEBUGF( PBUF_DEBUG | LWIP_DBG_TRACE, ("pbuf_free: deallocating %p\n", (void *)p));
 1023              		.loc 1 760 7 is_stmt 1 view .LVU290
 760:Middlewares/Third_Party/LwIP/src/core/pbuf.c ****       LWIP_DEBUGF( PBUF_DEBUG | LWIP_DBG_TRACE, ("pbuf_free: deallocating %p\n", (void *)p));
 1024              		.loc 1 760 9 is_stmt 0 view .LVU291
 1025 0050 2668     		ldr	r6, [r4]
 1026              	.LVL87:
 761:Middlewares/Third_Party/LwIP/src/core/pbuf.c ****       alloc_src = pbuf_get_allocsrc(p);
 1027              		.loc 1 761 93 is_stmt 1 view .LVU292
 762:Middlewares/Third_Party/LwIP/src/core/pbuf.c **** #if LWIP_SUPPORT_CUSTOM_PBUF
 1028              		.loc 1 762 7 view .LVU293
 762:Middlewares/Third_Party/LwIP/src/core/pbuf.c **** #if LWIP_SUPPORT_CUSTOM_PBUF
 1029              		.loc 1 762 19 is_stmt 0 view .LVU294
 1030 0052 237B     		ldrb	r3, [r4, #12]	@ zero_extendqisi2
 1031              	.LVL88:
 762:Middlewares/Third_Party/LwIP/src/core/pbuf.c **** #if LWIP_SUPPORT_CUSTOM_PBUF
ARM GAS  /tmp/ccawya4i.s 			page 44


 1032              		.loc 1 762 17 view .LVU295
 1033 0054 03F00F03 		and	r3, r3, #15
 1034              	.LVL89:
 765:Middlewares/Third_Party/LwIP/src/core/pbuf.c ****         struct pbuf_custom *pc = (struct pbuf_custom *)p;
 1035              		.loc 1 765 7 is_stmt 1 view .LVU296
 765:Middlewares/Third_Party/LwIP/src/core/pbuf.c ****         struct pbuf_custom *pc = (struct pbuf_custom *)p;
 1036              		.loc 1 765 13 is_stmt 0 view .LVU297
 1037 0058 627B     		ldrb	r2, [r4, #13]	@ zero_extendqisi2
 765:Middlewares/Third_Party/LwIP/src/core/pbuf.c ****         struct pbuf_custom *pc = (struct pbuf_custom *)p;
 1038              		.loc 1 765 10 view .LVU298
 1039 005a 12F0020F 		tst	r2, #2
 1040 005e 0AD0     		beq	.L74
 1041              	.LBB4:
 766:Middlewares/Third_Party/LwIP/src/core/pbuf.c ****         LWIP_ASSERT("pc->custom_free_function != NULL", pc->custom_free_function != NULL);
 1042              		.loc 1 766 9 is_stmt 1 view .LVU299
 1043              	.LVL90:
 767:Middlewares/Third_Party/LwIP/src/core/pbuf.c ****         pc->custom_free_function(p);
 1044              		.loc 1 767 9 view .LVU300
 767:Middlewares/Third_Party/LwIP/src/core/pbuf.c ****         pc->custom_free_function(p);
 1045              		.loc 1 767 9 view .LVU301
 1046 0060 2369     		ldr	r3, [r4, #16]
 1047              	.LVL91:
 767:Middlewares/Third_Party/LwIP/src/core/pbuf.c ****         pc->custom_free_function(p);
 1048              		.loc 1 767 9 is_stmt 0 view .LVU302
 1049 0062 002B     		cmp	r3, #0
 1050 0064 E3D1     		bne	.L75
 767:Middlewares/Third_Party/LwIP/src/core/pbuf.c ****         pc->custom_free_function(p);
 1051              		.loc 1 767 9 is_stmt 1 discriminator 1 view .LVU303
 767:Middlewares/Third_Party/LwIP/src/core/pbuf.c ****         pc->custom_free_function(p);
 1052              		.loc 1 767 9 discriminator 1 view .LVU304
 1053 0066 114B     		ldr	r3, .L87
 1054 0068 40F2FF22 		movw	r2, #767
 1055 006c 1349     		ldr	r1, .L87+16
 1056 006e 1148     		ldr	r0, .L87+8
 1057 0070 FFF7FEFF 		bl	printf
 1058              	.LVL92:
 767:Middlewares/Third_Party/LwIP/src/core/pbuf.c ****         pc->custom_free_function(p);
 1059              		.loc 1 767 9 is_stmt 0 discriminator 1 view .LVU305
 1060 0074 DBE7     		b	.L75
 1061              	.LVL93:
 1062              	.L74:
 767:Middlewares/Third_Party/LwIP/src/core/pbuf.c ****         pc->custom_free_function(p);
 1063              		.loc 1 767 9 discriminator 1 view .LVU306
 1064              	.LBE4:
 773:Middlewares/Third_Party/LwIP/src/core/pbuf.c ****           memp_free(MEMP_PBUF_POOL, p);
 1065              		.loc 1 773 9 is_stmt 1 view .LVU307
 773:Middlewares/Third_Party/LwIP/src/core/pbuf.c ****           memp_free(MEMP_PBUF_POOL, p);
 1066              		.loc 1 773 12 is_stmt 0 view .LVU308
 1067 0076 022B     		cmp	r3, #2
 1068 0078 06D0     		beq	.L85
 776:Middlewares/Third_Party/LwIP/src/core/pbuf.c ****           memp_free(MEMP_PBUF, p);
 1069              		.loc 1 776 16 is_stmt 1 view .LVU309
 776:Middlewares/Third_Party/LwIP/src/core/pbuf.c ****           memp_free(MEMP_PBUF, p);
 1070              		.loc 1 776 19 is_stmt 0 view .LVU310
 1071 007a 012B     		cmp	r3, #1
 1072 007c 09D0     		beq	.L86
 779:Middlewares/Third_Party/LwIP/src/core/pbuf.c ****           mem_free(p);
ARM GAS  /tmp/ccawya4i.s 			page 45


 1073              		.loc 1 779 16 is_stmt 1 view .LVU311
 779:Middlewares/Third_Party/LwIP/src/core/pbuf.c ****           mem_free(p);
 1074              		.loc 1 779 19 is_stmt 0 view .LVU312
 1075 007e 6BB9     		cbnz	r3, .L79
 780:Middlewares/Third_Party/LwIP/src/core/pbuf.c ****         } else {
 1076              		.loc 1 780 11 is_stmt 1 view .LVU313
 1077 0080 2046     		mov	r0, r4
 1078 0082 FFF7FEFF 		bl	mem_free
 1079              	.LVL94:
 780:Middlewares/Third_Party/LwIP/src/core/pbuf.c ****         } else {
 1080              		.loc 1 780 11 is_stmt 0 view .LVU314
 1081 0086 D5E7     		b	.L76
 1082              	.LVL95:
 1083              	.L85:
 774:Middlewares/Third_Party/LwIP/src/core/pbuf.c ****           /* is this a ROM or RAM referencing pbuf? */
 1084              		.loc 1 774 11 is_stmt 1 view .LVU315
 1085 0088 2146     		mov	r1, r4
 1086 008a 0820     		movs	r0, #8
 1087 008c FFF7FEFF 		bl	memp_free
 1088              	.LVL96:
 774:Middlewares/Third_Party/LwIP/src/core/pbuf.c ****           /* is this a ROM or RAM referencing pbuf? */
 1089              		.loc 1 774 11 is_stmt 0 view .LVU316
 1090 0090 D0E7     		b	.L76
 1091              	.LVL97:
 1092              	.L86:
 777:Middlewares/Third_Party/LwIP/src/core/pbuf.c ****           /* type == PBUF_RAM */
 1093              		.loc 1 777 11 is_stmt 1 view .LVU317
 1094 0092 2146     		mov	r1, r4
 1095 0094 0720     		movs	r0, #7
 1096 0096 FFF7FEFF 		bl	memp_free
 1097              	.LVL98:
 777:Middlewares/Third_Party/LwIP/src/core/pbuf.c ****           /* type == PBUF_RAM */
 1098              		.loc 1 777 11 is_stmt 0 view .LVU318
 1099 009a CBE7     		b	.L76
 1100              	.LVL99:
 1101              	.L79:
 783:Middlewares/Third_Party/LwIP/src/core/pbuf.c ****         }
 1102              		.loc 1 783 11 is_stmt 1 discriminator 1 view .LVU319
 783:Middlewares/Third_Party/LwIP/src/core/pbuf.c ****         }
 1103              		.loc 1 783 11 discriminator 1 view .LVU320
 783:Middlewares/Third_Party/LwIP/src/core/pbuf.c ****         }
 1104              		.loc 1 783 11 discriminator 1 view .LVU321
 783:Middlewares/Third_Party/LwIP/src/core/pbuf.c ****         }
 1105              		.loc 1 783 11 discriminator 1 view .LVU322
 1106 009c 034B     		ldr	r3, .L87
 1107              	.LVL100:
 783:Middlewares/Third_Party/LwIP/src/core/pbuf.c ****         }
 1108              		.loc 1 783 11 is_stmt 0 discriminator 1 view .LVU323
 1109 009e 40F20F32 		movw	r2, #783
 1110 00a2 0749     		ldr	r1, .L87+20
 1111 00a4 0348     		ldr	r0, .L87+8
 1112 00a6 FFF7FEFF 		bl	printf
 1113              	.LVL101:
 783:Middlewares/Third_Party/LwIP/src/core/pbuf.c ****         }
 1114              		.loc 1 783 11 discriminator 1 view .LVU324
 1115 00aa C3E7     		b	.L76
 1116              	.L88:
ARM GAS  /tmp/ccawya4i.s 			page 46


 1117              		.align	2
 1118              	.L87:
 1119 00ac 00000000 		.word	.LC0
 1120 00b0 30000000 		.word	.LC1
 1121 00b4 3C000000 		.word	.LC2
 1122 00b8 00000000 		.word	.LC5
 1123 00bc 18000000 		.word	.LC6
 1124 00c0 3C000000 		.word	.LC7
 1125              	.LBE5:
 1126              		.cfi_endproc
 1127              	.LFE181:
 1129              		.section	.rodata.pbuf_alloc.str1.4,"aMS",%progbits,1
 1130              		.align	2
 1131              	.LC8:
 1132 0000 70627566 		.ascii	"pbuf_alloc: pbuf q->payload properly aligned\000"
 1132      5F616C6C 
 1132      6F633A20 
 1132      70627566 
 1132      20712D3E 
 1133 002d 000000   		.align	2
 1134              	.LC9:
 1135 0030 50425546 		.ascii	"PBUF_POOL_BUFSIZE must be bigger than MEM_ALIGNMENT"
 1135      5F504F4F 
 1135      4C5F4255 
 1135      4653495A 
 1135      45206D75 
 1136 0063 00       		.ascii	"\000"
 1137              		.align	2
 1138              	.LC10:
 1139 0064 70627566 		.ascii	"pbuf_alloc: pbuf->payload properly aligned\000"
 1139      5F616C6C 
 1139      6F633A20 
 1139      70627566 
 1139      2D3E7061 
 1140 008f 00       		.align	2
 1141              	.LC11:
 1142 0090 70627566 		.ascii	"pbuf_alloc: erroneous type\000"
 1142      5F616C6C 
 1142      6F633A20 
 1142      6572726F 
 1142      6E656F75 
 1143              		.section	.text.pbuf_alloc,"ax",%progbits
 1144              		.align	1
 1145              		.global	pbuf_alloc
 1146              		.syntax unified
 1147              		.thumb
 1148              		.thumb_func
 1150              	pbuf_alloc:
 1151              	.LVL102:
 1152              	.LFB169:
 225:Middlewares/Third_Party/LwIP/src/core/pbuf.c ****   struct pbuf *p;
 1153              		.loc 1 225 1 is_stmt 1 view -0
 1154              		.cfi_startproc
 1155              		@ args = 0, pretend = 0, frame = 0
 1156              		@ frame_needed = 0, uses_anonymous_args = 0
 225:Middlewares/Third_Party/LwIP/src/core/pbuf.c ****   struct pbuf *p;
 1157              		.loc 1 225 1 is_stmt 0 view .LVU326
ARM GAS  /tmp/ccawya4i.s 			page 47


 1158 0000 2DE9F047 		push	{r4, r5, r6, r7, r8, r9, r10, lr}
 1159              	.LCFI19:
 1160              		.cfi_def_cfa_offset 32
 1161              		.cfi_offset 4, -32
 1162              		.cfi_offset 5, -28
 1163              		.cfi_offset 6, -24
 1164              		.cfi_offset 7, -20
 1165              		.cfi_offset 8, -16
 1166              		.cfi_offset 9, -12
 1167              		.cfi_offset 10, -8
 1168              		.cfi_offset 14, -4
 1169 0004 82B0     		sub	sp, sp, #8
 1170              	.LCFI20:
 1171              		.cfi_def_cfa_offset 40
 1172 0006 0E46     		mov	r6, r1
 1173 0008 9046     		mov	r8, r2
 226:Middlewares/Third_Party/LwIP/src/core/pbuf.c ****   u16_t offset = (u16_t)layer;
 1174              		.loc 1 226 3 is_stmt 1 view .LVU327
 227:Middlewares/Third_Party/LwIP/src/core/pbuf.c ****   LWIP_DEBUGF(PBUF_DEBUG | LWIP_DBG_TRACE, ("pbuf_alloc(length=%"U16_F")\n", length));
 1175              		.loc 1 227 3 view .LVU328
 1176              	.LVL103:
 228:Middlewares/Third_Party/LwIP/src/core/pbuf.c **** 
 1177              		.loc 1 228 86 view .LVU329
 230:Middlewares/Third_Party/LwIP/src/core/pbuf.c ****     case PBUF_REF: /* fall through */
 1178              		.loc 1 230 3 view .LVU330
 1179 000a B2F5C17F 		cmp	r2, #386
 1180 000e 45D0     		beq	.L101
 1181 0010 0446     		mov	r4, r0
 1182 0012 0ED8     		bhi	.L91
 1183 0014 012A     		cmp	r2, #1
 1184 0016 02D0     		beq	.L92
 1185 0018 412A     		cmp	r2, #65
 1186 001a 40F08480 		bne	.L93
 1187              	.L92:
 233:Middlewares/Third_Party/LwIP/src/core/pbuf.c ****       break;
 1188              		.loc 1 233 7 view .LVU331
 233:Middlewares/Third_Party/LwIP/src/core/pbuf.c ****       break;
 1189              		.loc 1 233 11 is_stmt 0 view .LVU332
 1190 001e 4246     		mov	r2, r8
 1191              	.LVL104:
 233:Middlewares/Third_Party/LwIP/src/core/pbuf.c ****       break;
 1192              		.loc 1 233 11 view .LVU333
 1193 0020 3146     		mov	r1, r6
 1194              	.LVL105:
 233:Middlewares/Third_Party/LwIP/src/core/pbuf.c ****       break;
 1195              		.loc 1 233 11 view .LVU334
 1196 0022 0020     		movs	r0, #0
 1197              	.LVL106:
 233:Middlewares/Third_Party/LwIP/src/core/pbuf.c ****       break;
 1198              		.loc 1 233 11 view .LVU335
 1199 0024 FFF7FEFF 		bl	pbuf_alloc_reference
 1200              	.LVL107:
 1201 0028 8146     		mov	r9, r0
 1202              	.LVL108:
 234:Middlewares/Third_Party/LwIP/src/core/pbuf.c ****     case PBUF_POOL: {
 1203              		.loc 1 234 7 is_stmt 1 view .LVU336
 1204              	.L89:
ARM GAS  /tmp/ccawya4i.s 			page 48


 300:Middlewares/Third_Party/LwIP/src/core/pbuf.c **** 
 1205              		.loc 1 300 1 is_stmt 0 view .LVU337
 1206 002a 4846     		mov	r0, r9
 1207 002c 02B0     		add	sp, sp, #8
 1208              	.LCFI21:
 1209              		.cfi_remember_state
 1210              		.cfi_def_cfa_offset 32
 1211              		@ sp needed
 1212 002e BDE8F087 		pop	{r4, r5, r6, r7, r8, r9, r10, pc}
 1213              	.LVL109:
 1214              	.L91:
 1215              	.LCFI22:
 1216              		.cfi_restore_state
 230:Middlewares/Third_Party/LwIP/src/core/pbuf.c ****     case PBUF_REF: /* fall through */
 1217              		.loc 1 230 3 view .LVU338
 1218 0032 B2F5207F 		cmp	r2, #640
 1219 0036 76D1     		bne	.L93
 1220              	.LBB6:
 274:Middlewares/Third_Party/LwIP/src/core/pbuf.c ****       mem_size_t alloc_len = (mem_size_t)(LWIP_MEM_ALIGN_SIZE(SIZEOF_STRUCT_PBUF) + payload_len);
 1221              		.loc 1 274 7 is_stmt 1 view .LVU339
 274:Middlewares/Third_Party/LwIP/src/core/pbuf.c ****       mem_size_t alloc_len = (mem_size_t)(LWIP_MEM_ALIGN_SIZE(SIZEOF_STRUCT_PBUF) + payload_len);
 1222              		.loc 1 274 35 is_stmt 0 view .LVU340
 1223 0038 C11C     		adds	r1, r0, #3
 1224              	.LVL110:
 274:Middlewares/Third_Party/LwIP/src/core/pbuf.c ****       mem_size_t alloc_len = (mem_size_t)(LWIP_MEM_ALIGN_SIZE(SIZEOF_STRUCT_PBUF) + payload_len);
 1225              		.loc 1 274 35 view .LVU341
 1226 003a 01F4FE71 		and	r1, r1, #508
 274:Middlewares/Third_Party/LwIP/src/core/pbuf.c ****       mem_size_t alloc_len = (mem_size_t)(LWIP_MEM_ALIGN_SIZE(SIZEOF_STRUCT_PBUF) + payload_len);
 1227              		.loc 1 274 65 view .LVU342
 1228 003e F21C     		adds	r2, r6, #3
 1229              	.LVL111:
 274:Middlewares/Third_Party/LwIP/src/core/pbuf.c ****       mem_size_t alloc_len = (mem_size_t)(LWIP_MEM_ALIGN_SIZE(SIZEOF_STRUCT_PBUF) + payload_len);
 1230              		.loc 1 274 65 view .LVU343
 1231 0040 93B2     		uxth	r3, r2
 1232 0042 23F00303 		bic	r3, r3, #3
 274:Middlewares/Third_Party/LwIP/src/core/pbuf.c ****       mem_size_t alloc_len = (mem_size_t)(LWIP_MEM_ALIGN_SIZE(SIZEOF_STRUCT_PBUF) + payload_len);
 1233              		.loc 1 274 13 view .LVU344
 1234 0046 0B44     		add	r3, r3, r1
 1235 0048 9BB2     		uxth	r3, r3
 1236              	.LVL112:
 275:Middlewares/Third_Party/LwIP/src/core/pbuf.c **** 
 1237              		.loc 1 275 7 is_stmt 1 view .LVU345
 275:Middlewares/Third_Party/LwIP/src/core/pbuf.c **** 
 1238              		.loc 1 275 18 is_stmt 0 view .LVU346
 1239 004a 03F11000 		add	r0, r3, #16
 1240              	.LVL113:
 275:Middlewares/Third_Party/LwIP/src/core/pbuf.c **** 
 1241              		.loc 1 275 18 view .LVU347
 1242 004e 80B2     		uxth	r0, r0
 1243              	.LVL114:
 278:Middlewares/Third_Party/LwIP/src/core/pbuf.c ****           (alloc_len < LWIP_MEM_ALIGN_SIZE(length))) {
 1244              		.loc 1 278 7 is_stmt 1 view .LVU348
 278:Middlewares/Third_Party/LwIP/src/core/pbuf.c ****           (alloc_len < LWIP_MEM_ALIGN_SIZE(length))) {
 1245              		.loc 1 278 26 is_stmt 0 view .LVU349
 1246 0050 22F00302 		bic	r2, r2, #3
 278:Middlewares/Third_Party/LwIP/src/core/pbuf.c ****           (alloc_len < LWIP_MEM_ALIGN_SIZE(length))) {
 1247              		.loc 1 278 10 view .LVU350
ARM GAS  /tmp/ccawya4i.s 			page 49


 1248 0054 9342     		cmp	r3, r2
 1249 0056 70D3     		bcc	.L103
 278:Middlewares/Third_Party/LwIP/src/core/pbuf.c ****           (alloc_len < LWIP_MEM_ALIGN_SIZE(length))) {
 1250              		.loc 1 278 55 discriminator 1 view .LVU351
 1251 0058 8242     		cmp	r2, r0
 1252 005a 71D8     		bhi	.L104
 284:Middlewares/Third_Party/LwIP/src/core/pbuf.c ****       if (p == NULL) {
 1253              		.loc 1 284 7 is_stmt 1 view .LVU352
 284:Middlewares/Third_Party/LwIP/src/core/pbuf.c ****       if (p == NULL) {
 1254              		.loc 1 284 26 is_stmt 0 view .LVU353
 1255 005c FFF7FEFF 		bl	mem_malloc
 1256              	.LVL115:
 285:Middlewares/Third_Party/LwIP/src/core/pbuf.c ****         return NULL;
 1257              		.loc 1 285 7 is_stmt 1 view .LVU354
 285:Middlewares/Third_Party/LwIP/src/core/pbuf.c ****         return NULL;
 1258              		.loc 1 285 10 is_stmt 0 view .LVU355
 1259 0060 8146     		mov	r9, r0
 1260 0062 0028     		cmp	r0, #0
 1261 0064 E1D0     		beq	.L89
 288:Middlewares/Third_Party/LwIP/src/core/pbuf.c ****                              length, length, type, 0);
 1262              		.loc 1 288 7 is_stmt 1 view .LVU356
 288:Middlewares/Third_Party/LwIP/src/core/pbuf.c ****                              length, length, type, 0);
 1263              		.loc 1 288 33 is_stmt 0 view .LVU357
 1264 0066 04F11001 		add	r1, r4, #16
 1265 006a 0144     		add	r1, r1, r0
 1266 006c 0331     		adds	r1, r1, #3
 288:Middlewares/Third_Party/LwIP/src/core/pbuf.c ****                              length, length, type, 0);
 1267              		.loc 1 288 7 view .LVU358
 1268 006e 0023     		movs	r3, #0
 1269 0070 0193     		str	r3, [sp, #4]
 1270 0072 CDF80080 		str	r8, [sp]
 1271 0076 3346     		mov	r3, r6
 1272 0078 3246     		mov	r2, r6
 1273 007a 21F00301 		bic	r1, r1, #3
 1274 007e FFF7FEFF 		bl	pbuf_init_alloced_pbuf
 1275              	.LVL116:
 290:Middlewares/Third_Party/LwIP/src/core/pbuf.c ****                   ((mem_ptr_t)p->payload % MEM_ALIGNMENT) == 0);
 1276              		.loc 1 290 7 is_stmt 1 view .LVU359
 290:Middlewares/Third_Party/LwIP/src/core/pbuf.c ****                   ((mem_ptr_t)p->payload % MEM_ALIGNMENT) == 0);
 1277              		.loc 1 290 7 view .LVU360
 1278 0082 D9F80430 		ldr	r3, [r9, #4]
 1279 0086 13F0030F 		tst	r3, #3
 1280 008a CED0     		beq	.L89
 290:Middlewares/Third_Party/LwIP/src/core/pbuf.c ****                   ((mem_ptr_t)p->payload % MEM_ALIGNMENT) == 0);
 1281              		.loc 1 290 7 discriminator 1 view .LVU361
 290:Middlewares/Third_Party/LwIP/src/core/pbuf.c ****                   ((mem_ptr_t)p->payload % MEM_ALIGNMENT) == 0);
 1282              		.loc 1 290 7 discriminator 1 view .LVU362
 1283 008c 2E4B     		ldr	r3, .L107
 1284 008e 4FF49172 		mov	r2, #290
 1285 0092 2E49     		ldr	r1, .L107+4
 1286 0094 2E48     		ldr	r0, .L107+8
 1287 0096 FFF7FEFF 		bl	printf
 1288              	.LVL117:
 1289 009a C6E7     		b	.L89
 1290              	.LVL118:
 1291              	.L101:
 290:Middlewares/Third_Party/LwIP/src/core/pbuf.c ****                   ((mem_ptr_t)p->payload % MEM_ALIGNMENT) == 0);
ARM GAS  /tmp/ccawya4i.s 			page 50


 1292              		.loc 1 290 7 is_stmt 0 discriminator 1 view .LVU363
 1293 009c 0546     		mov	r5, r0
 1294              	.LBE6:
 230:Middlewares/Third_Party/LwIP/src/core/pbuf.c ****     case PBUF_REF: /* fall through */
 1295              		.loc 1 230 3 view .LVU364
 1296 009e 0027     		movs	r7, #0
 1297 00a0 B946     		mov	r9, r7
 1298 00a2 13E0     		b	.L90
 1299              	.LVL119:
 1300              	.L106:
 1301              	.LBB7:
 1302              	.LBB8:
 245:Middlewares/Third_Party/LwIP/src/core/pbuf.c ****           /* free chain so far allocated */
 1303              		.loc 1 245 11 is_stmt 1 view .LVU365
 1304 00a4 FFF7FEFF 		bl	pbuf_pool_is_empty
 1305              	.LVL120:
 247:Middlewares/Third_Party/LwIP/src/core/pbuf.c ****             pbuf_free(p);
 1306              		.loc 1 247 11 view .LVU366
 247:Middlewares/Third_Party/LwIP/src/core/pbuf.c ****             pbuf_free(p);
 1307              		.loc 1 247 14 is_stmt 0 view .LVU367
 1308 00a8 B9F1000F 		cmp	r9, #0
 1309 00ac 02D0     		beq	.L97
 248:Middlewares/Third_Party/LwIP/src/core/pbuf.c ****           }
 1310              		.loc 1 248 13 is_stmt 1 view .LVU368
 1311 00ae 4846     		mov	r0, r9
 1312 00b0 FFF7FEFF 		bl	pbuf_free
 1313              	.LVL121:
 1314              	.L97:
 251:Middlewares/Third_Party/LwIP/src/core/pbuf.c ****         }
 1315              		.loc 1 251 11 view .LVU369
 251:Middlewares/Third_Party/LwIP/src/core/pbuf.c ****         }
 1316              		.loc 1 251 18 is_stmt 0 view .LVU370
 1317 00b4 B946     		mov	r9, r7
 1318              	.LVL122:
 251:Middlewares/Third_Party/LwIP/src/core/pbuf.c ****         }
 1319              		.loc 1 251 18 view .LVU371
 1320 00b6 B8E7     		b	.L89
 1321              	.LVL123:
 1322              	.L99:
 258:Middlewares/Third_Party/LwIP/src/core/pbuf.c ****                     (PBUF_POOL_BUFSIZE_ALIGNED - LWIP_MEM_ALIGN_SIZE(offset)) > 0 );
 1323              		.loc 1 258 9 is_stmt 1 discriminator 3 view .LVU372
 258:Middlewares/Third_Party/LwIP/src/core/pbuf.c ****                     (PBUF_POOL_BUFSIZE_ALIGNED - LWIP_MEM_ALIGN_SIZE(offset)) > 0 );
 1324              		.loc 1 258 9 discriminator 3 view .LVU373
 260:Middlewares/Third_Party/LwIP/src/core/pbuf.c ****           /* allocated head of pbuf chain (into p) */
 1325              		.loc 1 260 9 discriminator 3 view .LVU374
 260:Middlewares/Third_Party/LwIP/src/core/pbuf.c ****           /* allocated head of pbuf chain (into p) */
 1326              		.loc 1 260 12 is_stmt 0 discriminator 3 view .LVU375
 1327 00b8 B9F1000F 		cmp	r9, #0
 1328 00bc 31D0     		beq	.L102
 265:Middlewares/Third_Party/LwIP/src/core/pbuf.c ****         }
 1329              		.loc 1 265 11 is_stmt 1 view .LVU376
 265:Middlewares/Third_Party/LwIP/src/core/pbuf.c ****         }
 1330              		.loc 1 265 22 is_stmt 0 view .LVU377
 1331 00be CAF80070 		str	r7, [r10]
 1332              	.LVL124:
 1333              	.L100:
 267:Middlewares/Third_Party/LwIP/src/core/pbuf.c ****         rem_len = (u16_t)(rem_len - qlen);
ARM GAS  /tmp/ccawya4i.s 			page 51


 1334              		.loc 1 267 9 is_stmt 1 view .LVU378
 268:Middlewares/Third_Party/LwIP/src/core/pbuf.c ****         offset = 0;
 1335              		.loc 1 268 9 view .LVU379
 268:Middlewares/Third_Party/LwIP/src/core/pbuf.c ****         offset = 0;
 1336              		.loc 1 268 17 is_stmt 0 view .LVU380
 1337 00c2 341B     		subs	r4, r6, r4
 1338              	.LVL125:
 268:Middlewares/Third_Party/LwIP/src/core/pbuf.c ****         offset = 0;
 1339              		.loc 1 268 17 view .LVU381
 1340 00c4 A6B2     		uxth	r6, r4
 1341              	.LVL126:
 269:Middlewares/Third_Party/LwIP/src/core/pbuf.c ****       } while (rem_len > 0);
 1342              		.loc 1 269 9 is_stmt 1 view .LVU382
 269:Middlewares/Third_Party/LwIP/src/core/pbuf.c ****       } while (rem_len > 0);
 1343              		.loc 1 269 9 is_stmt 0 view .LVU383
 1344              	.LBE8:
 270:Middlewares/Third_Party/LwIP/src/core/pbuf.c ****       break;
 1345              		.loc 1 270 24 is_stmt 1 view .LVU384
 1346              	.LBB9:
 269:Middlewares/Third_Party/LwIP/src/core/pbuf.c ****       } while (rem_len > 0);
 1347              		.loc 1 269 16 is_stmt 0 view .LVU385
 1348 00c6 0025     		movs	r5, #0
 269:Middlewares/Third_Party/LwIP/src/core/pbuf.c ****       } while (rem_len > 0);
 1349              		.loc 1 269 16 view .LVU386
 1350              	.LBE9:
 270:Middlewares/Third_Party/LwIP/src/core/pbuf.c ****       break;
 1351              		.loc 1 270 24 view .LVU387
 1352 00c8 002E     		cmp	r6, #0
 1353 00ca AED0     		beq	.L89
 1354              	.LVL127:
 1355              	.L90:
 241:Middlewares/Third_Party/LwIP/src/core/pbuf.c ****         u16_t qlen;
 1356              		.loc 1 241 7 is_stmt 1 view .LVU388
 1357              	.LBB10:
 242:Middlewares/Third_Party/LwIP/src/core/pbuf.c ****         q = (struct pbuf *)memp_malloc(MEMP_PBUF_POOL);
 1358              		.loc 1 242 9 view .LVU389
 243:Middlewares/Third_Party/LwIP/src/core/pbuf.c ****         if (q == NULL) {
 1359              		.loc 1 243 9 view .LVU390
 1360 00cc BA46     		mov	r10, r7
 243:Middlewares/Third_Party/LwIP/src/core/pbuf.c ****         if (q == NULL) {
 1361              		.loc 1 243 28 is_stmt 0 view .LVU391
 1362 00ce 0820     		movs	r0, #8
 1363 00d0 FFF7FEFF 		bl	memp_malloc
 1364              	.LVL128:
 244:Middlewares/Third_Party/LwIP/src/core/pbuf.c ****           PBUF_POOL_IS_EMPTY();
 1365              		.loc 1 244 9 is_stmt 1 view .LVU392
 244:Middlewares/Third_Party/LwIP/src/core/pbuf.c ****           PBUF_POOL_IS_EMPTY();
 1366              		.loc 1 244 12 is_stmt 0 view .LVU393
 1367 00d4 0746     		mov	r7, r0
 1368              	.LVL129:
 244:Middlewares/Third_Party/LwIP/src/core/pbuf.c ****           PBUF_POOL_IS_EMPTY();
 1369              		.loc 1 244 12 view .LVU394
 1370 00d6 0028     		cmp	r0, #0
 1371 00d8 E4D0     		beq	.L106
 253:Middlewares/Third_Party/LwIP/src/core/pbuf.c ****         pbuf_init_alloced_pbuf(q, LWIP_MEM_ALIGN((void *)((u8_t *)q + SIZEOF_STRUCT_PBUF + offset))
 1372              		.loc 1 253 9 is_stmt 1 view .LVU395
 253:Middlewares/Third_Party/LwIP/src/core/pbuf.c ****         pbuf_init_alloced_pbuf(q, LWIP_MEM_ALIGN((void *)((u8_t *)q + SIZEOF_STRUCT_PBUF + offset))
ARM GAS  /tmp/ccawya4i.s 			page 52


 1373              		.loc 1 253 16 is_stmt 0 view .LVU396
 1374 00da EC1C     		adds	r4, r5, #3
 1375 00dc 24F00304 		bic	r4, r4, #3
 1376 00e0 A4B2     		uxth	r4, r4
 1377 00e2 C4F51474 		rsb	r4, r4, #592
 1378 00e6 A4B2     		uxth	r4, r4
 253:Middlewares/Third_Party/LwIP/src/core/pbuf.c ****         pbuf_init_alloced_pbuf(q, LWIP_MEM_ALIGN((void *)((u8_t *)q + SIZEOF_STRUCT_PBUF + offset))
 1379              		.loc 1 253 14 view .LVU397
 1380 00e8 B442     		cmp	r4, r6
 1381 00ea 28BF     		it	cs
 1382 00ec 3446     		movcs	r4, r6
 1383              	.LVL130:
 254:Middlewares/Third_Party/LwIP/src/core/pbuf.c ****                                rem_len, qlen, type, 0);
 1384              		.loc 1 254 9 is_stmt 1 view .LVU398
 254:Middlewares/Third_Party/LwIP/src/core/pbuf.c ****                                rem_len, qlen, type, 0);
 1385              		.loc 1 254 35 is_stmt 0 view .LVU399
 1386 00ee 05F11001 		add	r1, r5, #16
 1387 00f2 0144     		add	r1, r1, r0
 1388 00f4 0331     		adds	r1, r1, #3
 254:Middlewares/Third_Party/LwIP/src/core/pbuf.c ****                                rem_len, qlen, type, 0);
 1389              		.loc 1 254 9 view .LVU400
 1390 00f6 0023     		movs	r3, #0
 1391 00f8 0193     		str	r3, [sp, #4]
 1392 00fa CDF80080 		str	r8, [sp]
 1393 00fe 2346     		mov	r3, r4
 1394 0100 3246     		mov	r2, r6
 1395 0102 21F00301 		bic	r1, r1, #3
 1396 0106 FFF7FEFF 		bl	pbuf_init_alloced_pbuf
 1397              	.LVL131:
 256:Middlewares/Third_Party/LwIP/src/core/pbuf.c ****                     ((mem_ptr_t)q->payload % MEM_ALIGNMENT) == 0);
 1398              		.loc 1 256 9 is_stmt 1 view .LVU401
 256:Middlewares/Third_Party/LwIP/src/core/pbuf.c ****                     ((mem_ptr_t)q->payload % MEM_ALIGNMENT) == 0);
 1399              		.loc 1 256 9 view .LVU402
 1400 010a 7B68     		ldr	r3, [r7, #4]
 1401 010c 13F0030F 		tst	r3, #3
 1402 0110 D2D0     		beq	.L99
 256:Middlewares/Third_Party/LwIP/src/core/pbuf.c ****                     ((mem_ptr_t)q->payload % MEM_ALIGNMENT) == 0);
 1403              		.loc 1 256 9 discriminator 1 view .LVU403
 256:Middlewares/Third_Party/LwIP/src/core/pbuf.c ****                     ((mem_ptr_t)q->payload % MEM_ALIGNMENT) == 0);
 1404              		.loc 1 256 9 discriminator 1 view .LVU404
 1405 0112 0D4B     		ldr	r3, .L107
 1406 0114 4FF48072 		mov	r2, #256
 1407 0118 0E49     		ldr	r1, .L107+12
 1408 011a 0D48     		ldr	r0, .L107+8
 1409 011c FFF7FEFF 		bl	printf
 1410              	.LVL132:
 256:Middlewares/Third_Party/LwIP/src/core/pbuf.c ****                     ((mem_ptr_t)q->payload % MEM_ALIGNMENT) == 0);
 1411              		.loc 1 256 9 discriminator 1 view .LVU405
 256:Middlewares/Third_Party/LwIP/src/core/pbuf.c ****                     ((mem_ptr_t)q->payload % MEM_ALIGNMENT) == 0);
 1412              		.loc 1 256 9 discriminator 1 view .LVU406
 258:Middlewares/Third_Party/LwIP/src/core/pbuf.c ****                     (PBUF_POOL_BUFSIZE_ALIGNED - LWIP_MEM_ALIGN_SIZE(offset)) > 0 );
 1413              		.loc 1 258 9 discriminator 1 view .LVU407
 258:Middlewares/Third_Party/LwIP/src/core/pbuf.c ****                     (PBUF_POOL_BUFSIZE_ALIGNED - LWIP_MEM_ALIGN_SIZE(offset)) > 0 );
 1414              		.loc 1 258 9 discriminator 1 view .LVU408
 1415 0120 CAE7     		b	.L99
 1416              	.L102:
 262:Middlewares/Third_Party/LwIP/src/core/pbuf.c ****         } else {
ARM GAS  /tmp/ccawya4i.s 			page 53


 1417              		.loc 1 262 13 is_stmt 0 view .LVU409
 1418 0122 B946     		mov	r9, r7
 1419              	.LVL133:
 262:Middlewares/Third_Party/LwIP/src/core/pbuf.c ****         } else {
 1420              		.loc 1 262 13 view .LVU410
 1421 0124 CDE7     		b	.L100
 1422              	.LVL134:
 1423              	.L93:
 262:Middlewares/Third_Party/LwIP/src/core/pbuf.c ****         } else {
 1424              		.loc 1 262 13 view .LVU411
 1425              	.LBE10:
 1426              	.LBE7:
 295:Middlewares/Third_Party/LwIP/src/core/pbuf.c ****       return NULL;
 1427              		.loc 1 295 7 is_stmt 1 discriminator 1 view .LVU412
 295:Middlewares/Third_Party/LwIP/src/core/pbuf.c ****       return NULL;
 1428              		.loc 1 295 7 discriminator 1 view .LVU413
 295:Middlewares/Third_Party/LwIP/src/core/pbuf.c ****       return NULL;
 1429              		.loc 1 295 7 discriminator 1 view .LVU414
 295:Middlewares/Third_Party/LwIP/src/core/pbuf.c ****       return NULL;
 1430              		.loc 1 295 7 discriminator 1 view .LVU415
 1431 0126 084B     		ldr	r3, .L107
 1432 0128 40F22712 		movw	r2, #295
 1433              	.LVL135:
 295:Middlewares/Third_Party/LwIP/src/core/pbuf.c ****       return NULL;
 1434              		.loc 1 295 7 is_stmt 0 discriminator 1 view .LVU416
 1435 012c 0A49     		ldr	r1, .L107+16
 1436              	.LVL136:
 295:Middlewares/Third_Party/LwIP/src/core/pbuf.c ****       return NULL;
 1437              		.loc 1 295 7 discriminator 1 view .LVU417
 1438 012e 0848     		ldr	r0, .L107+8
 1439              	.LVL137:
 295:Middlewares/Third_Party/LwIP/src/core/pbuf.c ****       return NULL;
 1440              		.loc 1 295 7 discriminator 1 view .LVU418
 1441 0130 FFF7FEFF 		bl	printf
 1442              	.LVL138:
 295:Middlewares/Third_Party/LwIP/src/core/pbuf.c ****       return NULL;
 1443              		.loc 1 295 7 is_stmt 1 discriminator 1 view .LVU419
 295:Middlewares/Third_Party/LwIP/src/core/pbuf.c ****       return NULL;
 1444              		.loc 1 295 7 discriminator 1 view .LVU420
 296:Middlewares/Third_Party/LwIP/src/core/pbuf.c ****   }
 1445              		.loc 1 296 7 discriminator 1 view .LVU421
 296:Middlewares/Third_Party/LwIP/src/core/pbuf.c ****   }
 1446              		.loc 1 296 14 is_stmt 0 discriminator 1 view .LVU422
 1447 0134 4FF00009 		mov	r9, #0
 1448 0138 77E7     		b	.L89
 1449              	.LVL139:
 1450              	.L103:
 1451              	.LBB11:
 280:Middlewares/Third_Party/LwIP/src/core/pbuf.c ****       }
 1452              		.loc 1 280 16 view .LVU423
 1453 013a 4FF00009 		mov	r9, #0
 1454 013e 74E7     		b	.L89
 1455              	.L104:
 1456 0140 4FF00009 		mov	r9, #0
 1457 0144 71E7     		b	.L89
 1458              	.L108:
 1459 0146 00BF     		.align	2
ARM GAS  /tmp/ccawya4i.s 			page 54


 1460              	.L107:
 1461 0148 00000000 		.word	.LC0
 1462 014c 64000000 		.word	.LC10
 1463 0150 3C000000 		.word	.LC2
 1464 0154 00000000 		.word	.LC8
 1465 0158 90000000 		.word	.LC11
 1466              	.LBE11:
 1467              		.cfi_endproc
 1468              	.LFE169:
 1470              		.section	.rodata.pbuf_realloc.str1.4,"aMS",%progbits,1
 1471              		.align	2
 1472              	.LC12:
 1473 0000 70627566 		.ascii	"pbuf_realloc: p != NULL\000"
 1473      5F726561 
 1473      6C6C6F63 
 1473      3A207020 
 1473      213D204E 
 1474              		.align	2
 1475              	.LC13:
 1476 0018 70627566 		.ascii	"pbuf_realloc: q != NULL\000"
 1476      5F726561 
 1476      6C6C6F63 
 1476      3A207120 
 1476      213D204E 
 1477              		.align	2
 1478              	.LC14:
 1479 0030 6D656D5F 		.ascii	"mem_trim returned q == NULL\000"
 1479      7472696D 
 1479      20726574 
 1479      75726E65 
 1479      64207120 
 1480              		.section	.text.pbuf_realloc,"ax",%progbits
 1481              		.align	1
 1482              		.global	pbuf_realloc
 1483              		.syntax unified
 1484              		.thumb
 1485              		.thumb_func
 1487              	pbuf_realloc:
 1488              	.LVL140:
 1489              	.LFB172:
 403:Middlewares/Third_Party/LwIP/src/core/pbuf.c ****   struct pbuf *q;
 1490              		.loc 1 403 1 is_stmt 1 view -0
 1491              		.cfi_startproc
 1492              		@ args = 0, pretend = 0, frame = 0
 1493              		@ frame_needed = 0, uses_anonymous_args = 0
 403:Middlewares/Third_Party/LwIP/src/core/pbuf.c ****   struct pbuf *q;
 1494              		.loc 1 403 1 is_stmt 0 view .LVU425
 1495 0000 F8B5     		push	{r3, r4, r5, r6, r7, lr}
 1496              	.LCFI23:
 1497              		.cfi_def_cfa_offset 24
 1498              		.cfi_offset 3, -24
 1499              		.cfi_offset 4, -20
 1500              		.cfi_offset 5, -16
 1501              		.cfi_offset 6, -12
 1502              		.cfi_offset 7, -8
 1503              		.cfi_offset 14, -4
 1504 0002 0E46     		mov	r6, r1
ARM GAS  /tmp/ccawya4i.s 			page 55


 404:Middlewares/Third_Party/LwIP/src/core/pbuf.c ****   u16_t rem_len; /* remaining length */
 1505              		.loc 1 404 3 is_stmt 1 view .LVU426
 405:Middlewares/Third_Party/LwIP/src/core/pbuf.c ****   u16_t shrink;
 1506              		.loc 1 405 3 view .LVU427
 406:Middlewares/Third_Party/LwIP/src/core/pbuf.c **** 
 1507              		.loc 1 406 3 view .LVU428
 408:Middlewares/Third_Party/LwIP/src/core/pbuf.c **** 
 1508              		.loc 1 408 3 view .LVU429
 408:Middlewares/Third_Party/LwIP/src/core/pbuf.c **** 
 1509              		.loc 1 408 3 view .LVU430
 1510 0004 0446     		mov	r4, r0
 1511 0006 B8B1     		cbz	r0, .L118
 1512              	.LVL141:
 1513              	.L110:
 408:Middlewares/Third_Party/LwIP/src/core/pbuf.c **** 
 1514              		.loc 1 408 3 discriminator 3 view .LVU431
 408:Middlewares/Third_Party/LwIP/src/core/pbuf.c **** 
 1515              		.loc 1 408 3 discriminator 3 view .LVU432
 411:Middlewares/Third_Party/LwIP/src/core/pbuf.c ****     /* enlarging not yet supported */
 1516              		.loc 1 411 3 discriminator 3 view .LVU433
 411:Middlewares/Third_Party/LwIP/src/core/pbuf.c ****     /* enlarging not yet supported */
 1517              		.loc 1 411 19 is_stmt 0 discriminator 3 view .LVU434
 1518 0008 2789     		ldrh	r7, [r4, #8]
 411:Middlewares/Third_Party/LwIP/src/core/pbuf.c ****     /* enlarging not yet supported */
 1519              		.loc 1 411 6 discriminator 3 view .LVU435
 1520 000a B742     		cmp	r7, r6
 1521 000c 2ED9     		bls	.L109
 421:Middlewares/Third_Party/LwIP/src/core/pbuf.c ****   q = p;
 1522              		.loc 1 421 11 view .LVU436
 1523 000e 3546     		mov	r5, r6
 1524              	.LVL142:
 1525              	.L112:
 431:Middlewares/Third_Party/LwIP/src/core/pbuf.c ****   }
 1526              		.loc 1 431 5 is_stmt 1 discriminator 3 view .LVU437
 431:Middlewares/Third_Party/LwIP/src/core/pbuf.c ****   }
 1527              		.loc 1 431 5 discriminator 3 view .LVU438
 424:Middlewares/Third_Party/LwIP/src/core/pbuf.c ****     /* decrease remaining length by pbuf length */
 1528              		.loc 1 424 18 discriminator 3 view .LVU439
 424:Middlewares/Third_Party/LwIP/src/core/pbuf.c ****     /* decrease remaining length by pbuf length */
 1529              		.loc 1 424 21 is_stmt 0 discriminator 3 view .LVU440
 1530 0010 6389     		ldrh	r3, [r4, #10]
 424:Middlewares/Third_Party/LwIP/src/core/pbuf.c ****     /* decrease remaining length by pbuf length */
 1531              		.loc 1 424 18 discriminator 3 view .LVU441
 1532 0012 AB42     		cmp	r3, r5
 1533 0014 18D2     		bcs	.L119
 426:Middlewares/Third_Party/LwIP/src/core/pbuf.c ****     /* decrease total length indicator */
 1534              		.loc 1 426 5 is_stmt 1 view .LVU442
 426:Middlewares/Third_Party/LwIP/src/core/pbuf.c ****     /* decrease total length indicator */
 1535              		.loc 1 426 13 is_stmt 0 view .LVU443
 1536 0016 EB1A     		subs	r3, r5, r3
 1537 0018 9DB2     		uxth	r5, r3
 1538              	.LVL143:
 428:Middlewares/Third_Party/LwIP/src/core/pbuf.c ****     /* proceed to next pbuf in chain */
 1539              		.loc 1 428 5 is_stmt 1 view .LVU444
 428:Middlewares/Third_Party/LwIP/src/core/pbuf.c ****     /* proceed to next pbuf in chain */
 1540              		.loc 1 428 27 is_stmt 0 view .LVU445
 1541 001a 2389     		ldrh	r3, [r4, #8]
ARM GAS  /tmp/ccawya4i.s 			page 56


 428:Middlewares/Third_Party/LwIP/src/core/pbuf.c ****     /* proceed to next pbuf in chain */
 1542              		.loc 1 428 18 view .LVU446
 1543 001c F21B     		subs	r2, r6, r7
 1544 001e 1344     		add	r3, r3, r2
 428:Middlewares/Third_Party/LwIP/src/core/pbuf.c ****     /* proceed to next pbuf in chain */
 1545              		.loc 1 428 16 view .LVU447
 1546 0020 2381     		strh	r3, [r4, #8]	@ movhi
 430:Middlewares/Third_Party/LwIP/src/core/pbuf.c ****     LWIP_ASSERT("pbuf_realloc: q != NULL", q != NULL);
 1547              		.loc 1 430 5 is_stmt 1 view .LVU448
 430:Middlewares/Third_Party/LwIP/src/core/pbuf.c ****     LWIP_ASSERT("pbuf_realloc: q != NULL", q != NULL);
 1548              		.loc 1 430 7 is_stmt 0 view .LVU449
 1549 0022 2468     		ldr	r4, [r4]
 1550              	.LVL144:
 431:Middlewares/Third_Party/LwIP/src/core/pbuf.c ****   }
 1551              		.loc 1 431 5 is_stmt 1 view .LVU450
 431:Middlewares/Third_Party/LwIP/src/core/pbuf.c ****   }
 1552              		.loc 1 431 5 view .LVU451
 1553 0024 002C     		cmp	r4, #0
 1554 0026 F3D1     		bne	.L112
 431:Middlewares/Third_Party/LwIP/src/core/pbuf.c ****   }
 1555              		.loc 1 431 5 discriminator 1 view .LVU452
 431:Middlewares/Third_Party/LwIP/src/core/pbuf.c ****   }
 1556              		.loc 1 431 5 discriminator 1 view .LVU453
 1557 0028 1A4B     		ldr	r3, .L121
 1558 002a 40F2AF12 		movw	r2, #431
 1559 002e 1A49     		ldr	r1, .L121+4
 1560 0030 1A48     		ldr	r0, .L121+8
 1561 0032 FFF7FEFF 		bl	printf
 1562              	.LVL145:
 1563 0036 EBE7     		b	.L112
 1564              	.LVL146:
 1565              	.L118:
 408:Middlewares/Third_Party/LwIP/src/core/pbuf.c **** 
 1566              		.loc 1 408 3 discriminator 1 view .LVU454
 408:Middlewares/Third_Party/LwIP/src/core/pbuf.c **** 
 1567              		.loc 1 408 3 discriminator 1 view .LVU455
 1568 0038 164B     		ldr	r3, .L121
 1569 003a 4FF4CC72 		mov	r2, #408
 1570 003e 1849     		ldr	r1, .L121+12
 1571              	.LVL147:
 408:Middlewares/Third_Party/LwIP/src/core/pbuf.c **** 
 1572              		.loc 1 408 3 is_stmt 0 discriminator 1 view .LVU456
 1573 0040 1648     		ldr	r0, .L121+8
 1574              	.LVL148:
 408:Middlewares/Third_Party/LwIP/src/core/pbuf.c **** 
 1575              		.loc 1 408 3 discriminator 1 view .LVU457
 1576 0042 FFF7FEFF 		bl	printf
 1577              	.LVL149:
 1578 0046 DFE7     		b	.L110
 1579              	.LVL150:
 1580              	.L119:
 438:Middlewares/Third_Party/LwIP/src/core/pbuf.c **** #if LWIP_SUPPORT_CUSTOM_PBUF
 1581              		.loc 1 438 3 is_stmt 1 view .LVU458
 438:Middlewares/Third_Party/LwIP/src/core/pbuf.c **** #if LWIP_SUPPORT_CUSTOM_PBUF
 1582              		.loc 1 438 7 is_stmt 0 view .LVU459
 1583 0048 227B     		ldrb	r2, [r4, #12]	@ zero_extendqisi2
 438:Middlewares/Third_Party/LwIP/src/core/pbuf.c **** #if LWIP_SUPPORT_CUSTOM_PBUF
ARM GAS  /tmp/ccawya4i.s 			page 57


 1584              		.loc 1 438 6 view .LVU460
 1585 004a 12F00F0F 		tst	r2, #15
 1586 004e 05D1     		bne	.L115
 438:Middlewares/Third_Party/LwIP/src/core/pbuf.c **** #if LWIP_SUPPORT_CUSTOM_PBUF
 1587              		.loc 1 438 65 discriminator 1 view .LVU461
 1588 0050 AB42     		cmp	r3, r5
 1589 0052 03D0     		beq	.L115
 440:Middlewares/Third_Party/LwIP/src/core/pbuf.c **** #endif /* LWIP_SUPPORT_CUSTOM_PBUF */
 1590              		.loc 1 440 13 view .LVU462
 1591 0054 637B     		ldrb	r3, [r4, #13]	@ zero_extendqisi2
 440:Middlewares/Third_Party/LwIP/src/core/pbuf.c **** #endif /* LWIP_SUPPORT_CUSTOM_PBUF */
 1592              		.loc 1 440 7 view .LVU463
 1593 0056 13F0020F 		tst	r3, #2
 1594 005a 08D0     		beq	.L120
 1595              	.L115:
 445:Middlewares/Third_Party/LwIP/src/core/pbuf.c ****   }
 1596              		.loc 1 445 5 is_stmt 1 discriminator 3 view .LVU464
 445:Middlewares/Third_Party/LwIP/src/core/pbuf.c ****   }
 1597              		.loc 1 445 5 discriminator 3 view .LVU465
 448:Middlewares/Third_Party/LwIP/src/core/pbuf.c ****   q->tot_len = q->len;
 1598              		.loc 1 448 3 discriminator 3 view .LVU466
 448:Middlewares/Third_Party/LwIP/src/core/pbuf.c ****   q->tot_len = q->len;
 1599              		.loc 1 448 10 is_stmt 0 discriminator 3 view .LVU467
 1600 005c 6581     		strh	r5, [r4, #10]	@ movhi
 449:Middlewares/Third_Party/LwIP/src/core/pbuf.c **** 
 1601              		.loc 1 449 3 is_stmt 1 discriminator 3 view .LVU468
 449:Middlewares/Third_Party/LwIP/src/core/pbuf.c **** 
 1602              		.loc 1 449 14 is_stmt 0 discriminator 3 view .LVU469
 1603 005e 2581     		strh	r5, [r4, #8]	@ movhi
 452:Middlewares/Third_Party/LwIP/src/core/pbuf.c ****     /* free remaining pbufs in chain */
 1604              		.loc 1 452 3 is_stmt 1 discriminator 3 view .LVU470
 452:Middlewares/Third_Party/LwIP/src/core/pbuf.c ****     /* free remaining pbufs in chain */
 1605              		.loc 1 452 8 is_stmt 0 discriminator 3 view .LVU471
 1606 0060 2068     		ldr	r0, [r4]
 452:Middlewares/Third_Party/LwIP/src/core/pbuf.c ****     /* free remaining pbufs in chain */
 1607              		.loc 1 452 6 discriminator 3 view .LVU472
 1608 0062 08B1     		cbz	r0, .L116
 454:Middlewares/Third_Party/LwIP/src/core/pbuf.c ****   }
 1609              		.loc 1 454 5 is_stmt 1 view .LVU473
 1610 0064 FFF7FEFF 		bl	pbuf_free
 1611              	.LVL151:
 1612              	.L116:
 457:Middlewares/Third_Party/LwIP/src/core/pbuf.c **** 
 1613              		.loc 1 457 3 view .LVU474
 457:Middlewares/Third_Party/LwIP/src/core/pbuf.c **** 
 1614              		.loc 1 457 11 is_stmt 0 view .LVU475
 1615 0068 0023     		movs	r3, #0
 1616 006a 2360     		str	r3, [r4]
 1617              	.LVL152:
 1618              	.L109:
 459:Middlewares/Third_Party/LwIP/src/core/pbuf.c **** 
 1619              		.loc 1 459 1 view .LVU476
 1620 006c F8BD     		pop	{r3, r4, r5, r6, r7, pc}
 1621              	.LVL153:
 1622              	.L120:
 444:Middlewares/Third_Party/LwIP/src/core/pbuf.c ****     LWIP_ASSERT("mem_trim returned q == NULL", q != NULL);
 1623              		.loc 1 444 5 is_stmt 1 view .LVU477
ARM GAS  /tmp/ccawya4i.s 			page 58


 444:Middlewares/Third_Party/LwIP/src/core/pbuf.c ****     LWIP_ASSERT("mem_trim returned q == NULL", q != NULL);
 1624              		.loc 1 444 59 is_stmt 0 view .LVU478
 1625 006e 6368     		ldr	r3, [r4, #4]
 444:Middlewares/Third_Party/LwIP/src/core/pbuf.c ****     LWIP_ASSERT("mem_trim returned q == NULL", q != NULL);
 1626              		.loc 1 444 69 view .LVU479
 1627 0070 1B1B     		subs	r3, r3, r4
 444:Middlewares/Third_Party/LwIP/src/core/pbuf.c ****     LWIP_ASSERT("mem_trim returned q == NULL", q != NULL);
 1628              		.loc 1 444 24 view .LVU480
 1629 0072 E918     		adds	r1, r5, r3
 1630 0074 89B2     		uxth	r1, r1
 1631 0076 2046     		mov	r0, r4
 1632 0078 FFF7FEFF 		bl	mem_trim
 1633              	.LVL154:
 445:Middlewares/Third_Party/LwIP/src/core/pbuf.c ****   }
 1634              		.loc 1 445 5 is_stmt 1 view .LVU481
 445:Middlewares/Third_Party/LwIP/src/core/pbuf.c ****   }
 1635              		.loc 1 445 5 view .LVU482
 1636 007c 0446     		mov	r4, r0
 1637 007e 0028     		cmp	r0, #0
 1638 0080 ECD1     		bne	.L115
 445:Middlewares/Third_Party/LwIP/src/core/pbuf.c ****   }
 1639              		.loc 1 445 5 discriminator 1 view .LVU483
 445:Middlewares/Third_Party/LwIP/src/core/pbuf.c ****   }
 1640              		.loc 1 445 5 discriminator 1 view .LVU484
 1641 0082 044B     		ldr	r3, .L121
 1642 0084 40F2BD12 		movw	r2, #445
 1643 0088 0649     		ldr	r1, .L121+16
 1644 008a 0448     		ldr	r0, .L121+8
 1645              	.LVL155:
 445:Middlewares/Third_Party/LwIP/src/core/pbuf.c ****   }
 1646              		.loc 1 445 5 is_stmt 0 discriminator 1 view .LVU485
 1647 008c FFF7FEFF 		bl	printf
 1648              	.LVL156:
 1649 0090 E4E7     		b	.L115
 1650              	.L122:
 1651 0092 00BF     		.align	2
 1652              	.L121:
 1653 0094 00000000 		.word	.LC0
 1654 0098 18000000 		.word	.LC13
 1655 009c 3C000000 		.word	.LC2
 1656 00a0 00000000 		.word	.LC12
 1657 00a4 30000000 		.word	.LC14
 1658              		.cfi_endproc
 1659              	.LFE172:
 1661              		.section	.text.pbuf_free_header,"ax",%progbits
 1662              		.align	1
 1663              		.global	pbuf_free_header
 1664              		.syntax unified
 1665              		.thumb
 1666              		.thumb_func
 1668              	pbuf_free_header:
 1669              	.LVL157:
 1670              	.LFB180:
 672:Middlewares/Third_Party/LwIP/src/core/pbuf.c ****   struct pbuf *p = q;
 1671              		.loc 1 672 1 is_stmt 1 view -0
 1672              		.cfi_startproc
 1673              		@ args = 0, pretend = 0, frame = 0
ARM GAS  /tmp/ccawya4i.s 			page 59


 1674              		@ frame_needed = 0, uses_anonymous_args = 0
 672:Middlewares/Third_Party/LwIP/src/core/pbuf.c ****   struct pbuf *p = q;
 1675              		.loc 1 672 1 is_stmt 0 view .LVU487
 1676 0000 70B5     		push	{r4, r5, r6, lr}
 1677              	.LCFI24:
 1678              		.cfi_def_cfa_offset 16
 1679              		.cfi_offset 4, -16
 1680              		.cfi_offset 5, -12
 1681              		.cfi_offset 6, -8
 1682              		.cfi_offset 14, -4
 1683 0002 0546     		mov	r5, r0
 1684 0004 0C46     		mov	r4, r1
 673:Middlewares/Third_Party/LwIP/src/core/pbuf.c ****   u16_t free_left = size;
 1685              		.loc 1 673 3 is_stmt 1 view .LVU488
 1686              	.LVL158:
 674:Middlewares/Third_Party/LwIP/src/core/pbuf.c ****   while (free_left && p) {
 1687              		.loc 1 674 3 view .LVU489
 675:Middlewares/Third_Party/LwIP/src/core/pbuf.c ****     if (free_left >= p->len) {
 1688              		.loc 1 675 3 view .LVU490
 675:Middlewares/Third_Party/LwIP/src/core/pbuf.c ****     if (free_left >= p->len) {
 1689              		.loc 1 675 9 is_stmt 0 view .LVU491
 1690 0006 04E0     		b	.L124
 1691              	.LVL159:
 1692              	.L125:
 683:Middlewares/Third_Party/LwIP/src/core/pbuf.c ****       free_left = 0;
 1693              		.loc 1 683 7 is_stmt 1 view .LVU492
 1694 0008 2146     		mov	r1, r4
 1695 000a 2846     		mov	r0, r5
 1696 000c FFF7FEFF 		bl	pbuf_remove_header
 1697              	.LVL160:
 684:Middlewares/Third_Party/LwIP/src/core/pbuf.c ****     }
 1698              		.loc 1 684 7 view .LVU493
 684:Middlewares/Third_Party/LwIP/src/core/pbuf.c ****     }
 1699              		.loc 1 684 17 is_stmt 0 view .LVU494
 1700 0010 0024     		movs	r4, #0
 1701              	.LVL161:
 1702              	.L124:
 675:Middlewares/Third_Party/LwIP/src/core/pbuf.c ****     if (free_left >= p->len) {
 1703              		.loc 1 675 20 is_stmt 1 view .LVU495
 675:Middlewares/Third_Party/LwIP/src/core/pbuf.c ****     if (free_left >= p->len) {
 1704              		.loc 1 675 10 is_stmt 0 view .LVU496
 1705 0012 231E     		subs	r3, r4, #0
 1706 0014 18BF     		it	ne
 1707 0016 0123     		movne	r3, #1
 675:Middlewares/Third_Party/LwIP/src/core/pbuf.c ****     if (free_left >= p->len) {
 1708              		.loc 1 675 20 view .LVU497
 1709 0018 6DB1     		cbz	r5, .L129
 675:Middlewares/Third_Party/LwIP/src/core/pbuf.c ****     if (free_left >= p->len) {
 1710              		.loc 1 675 20 view .LVU498
 1711 001a 63B1     		cbz	r3, .L129
 676:Middlewares/Third_Party/LwIP/src/core/pbuf.c ****       struct pbuf *f = p;
 1712              		.loc 1 676 5 is_stmt 1 view .LVU499
 676:Middlewares/Third_Party/LwIP/src/core/pbuf.c ****       struct pbuf *f = p;
 1713              		.loc 1 676 23 is_stmt 0 view .LVU500
 1714 001c 6B89     		ldrh	r3, [r5, #10]
 676:Middlewares/Third_Party/LwIP/src/core/pbuf.c ****       struct pbuf *f = p;
 1715              		.loc 1 676 8 view .LVU501
ARM GAS  /tmp/ccawya4i.s 			page 60


 1716 001e A342     		cmp	r3, r4
 1717 0020 F2D8     		bhi	.L125
 1718              	.LBB12:
 677:Middlewares/Third_Party/LwIP/src/core/pbuf.c ****       free_left = (u16_t)(free_left - p->len);
 1719              		.loc 1 677 7 is_stmt 1 view .LVU502
 1720              	.LVL162:
 678:Middlewares/Third_Party/LwIP/src/core/pbuf.c ****       p = p->next;
 1721              		.loc 1 678 7 view .LVU503
 678:Middlewares/Third_Party/LwIP/src/core/pbuf.c ****       p = p->next;
 1722              		.loc 1 678 17 is_stmt 0 view .LVU504
 1723 0022 E41A     		subs	r4, r4, r3
 1724              	.LVL163:
 678:Middlewares/Third_Party/LwIP/src/core/pbuf.c ****       p = p->next;
 1725              		.loc 1 678 17 view .LVU505
 1726 0024 A4B2     		uxth	r4, r4
 1727              	.LVL164:
 679:Middlewares/Third_Party/LwIP/src/core/pbuf.c ****       f->next = 0;
 1728              		.loc 1 679 7 is_stmt 1 view .LVU506
 679:Middlewares/Third_Party/LwIP/src/core/pbuf.c ****       f->next = 0;
 1729              		.loc 1 679 9 is_stmt 0 view .LVU507
 1730 0026 2E68     		ldr	r6, [r5]
 1731              	.LVL165:
 680:Middlewares/Third_Party/LwIP/src/core/pbuf.c ****       pbuf_free(f);
 1732              		.loc 1 680 7 is_stmt 1 view .LVU508
 680:Middlewares/Third_Party/LwIP/src/core/pbuf.c ****       pbuf_free(f);
 1733              		.loc 1 680 15 is_stmt 0 view .LVU509
 1734 0028 0023     		movs	r3, #0
 1735 002a 2B60     		str	r3, [r5]
 681:Middlewares/Third_Party/LwIP/src/core/pbuf.c ****     } else {
 1736              		.loc 1 681 7 is_stmt 1 view .LVU510
 1737 002c 2846     		mov	r0, r5
 1738 002e FFF7FEFF 		bl	pbuf_free
 1739              	.LVL166:
 679:Middlewares/Third_Party/LwIP/src/core/pbuf.c ****       f->next = 0;
 1740              		.loc 1 679 9 is_stmt 0 view .LVU511
 1741 0032 3546     		mov	r5, r6
 1742              	.LVL167:
 679:Middlewares/Third_Party/LwIP/src/core/pbuf.c ****       f->next = 0;
 1743              		.loc 1 679 9 view .LVU512
 1744              	.LBE12:
 1745 0034 EDE7     		b	.L124
 1746              	.LVL168:
 1747              	.L129:
 687:Middlewares/Third_Party/LwIP/src/core/pbuf.c **** }
 1748              		.loc 1 687 3 is_stmt 1 view .LVU513
 688:Middlewares/Third_Party/LwIP/src/core/pbuf.c **** 
 1749              		.loc 1 688 1 is_stmt 0 view .LVU514
 1750 0036 2846     		mov	r0, r5
 1751 0038 70BD     		pop	{r4, r5, r6, pc}
 688:Middlewares/Third_Party/LwIP/src/core/pbuf.c **** 
 1752              		.loc 1 688 1 view .LVU515
 1753              		.cfi_endproc
 1754              	.LFE180:
 1756              		.section	.text.pbuf_clen,"ax",%progbits
 1757              		.align	1
 1758              		.global	pbuf_clen
 1759              		.syntax unified
ARM GAS  /tmp/ccawya4i.s 			page 61


 1760              		.thumb
 1761              		.thumb_func
 1763              	pbuf_clen:
 1764              	.LVL169:
 1765              	.LFB182:
 810:Middlewares/Third_Party/LwIP/src/core/pbuf.c ****   u16_t len;
 1766              		.loc 1 810 1 is_stmt 1 view -0
 1767              		.cfi_startproc
 1768              		@ args = 0, pretend = 0, frame = 0
 1769              		@ frame_needed = 0, uses_anonymous_args = 0
 1770              		@ link register save eliminated.
 810:Middlewares/Third_Party/LwIP/src/core/pbuf.c ****   u16_t len;
 1771              		.loc 1 810 1 is_stmt 0 view .LVU517
 1772 0000 0346     		mov	r3, r0
 811:Middlewares/Third_Party/LwIP/src/core/pbuf.c **** 
 1773              		.loc 1 811 3 is_stmt 1 view .LVU518
 813:Middlewares/Third_Party/LwIP/src/core/pbuf.c ****   while (p != NULL) {
 1774              		.loc 1 813 3 view .LVU519
 1775              	.LVL170:
 814:Middlewares/Third_Party/LwIP/src/core/pbuf.c ****     ++len;
 1776              		.loc 1 814 3 view .LVU520
 813:Middlewares/Third_Party/LwIP/src/core/pbuf.c ****   while (p != NULL) {
 1777              		.loc 1 813 7 is_stmt 0 view .LVU521
 1778 0002 0020     		movs	r0, #0
 1779              	.LVL171:
 814:Middlewares/Third_Party/LwIP/src/core/pbuf.c ****     ++len;
 1780              		.loc 1 814 9 view .LVU522
 1781 0004 02E0     		b	.L132
 1782              	.LVL172:
 1783              	.L133:
 815:Middlewares/Third_Party/LwIP/src/core/pbuf.c ****     p = p->next;
 1784              		.loc 1 815 5 is_stmt 1 view .LVU523
 1785 0006 0130     		adds	r0, r0, #1
 1786              	.LVL173:
 815:Middlewares/Third_Party/LwIP/src/core/pbuf.c ****     p = p->next;
 1787              		.loc 1 815 5 is_stmt 0 view .LVU524
 1788 0008 80B2     		uxth	r0, r0
 1789              	.LVL174:
 816:Middlewares/Third_Party/LwIP/src/core/pbuf.c ****   }
 1790              		.loc 1 816 5 is_stmt 1 view .LVU525
 816:Middlewares/Third_Party/LwIP/src/core/pbuf.c ****   }
 1791              		.loc 1 816 7 is_stmt 0 view .LVU526
 1792 000a 1B68     		ldr	r3, [r3]
 1793              	.LVL175:
 1794              	.L132:
 814:Middlewares/Third_Party/LwIP/src/core/pbuf.c ****     ++len;
 1795              		.loc 1 814 12 is_stmt 1 view .LVU527
 1796 000c 002B     		cmp	r3, #0
 1797 000e FAD1     		bne	.L133
 818:Middlewares/Third_Party/LwIP/src/core/pbuf.c **** }
 1798              		.loc 1 818 3 view .LVU528
 819:Middlewares/Third_Party/LwIP/src/core/pbuf.c **** 
 1799              		.loc 1 819 1 is_stmt 0 view .LVU529
 1800 0010 7047     		bx	lr
 1801              		.cfi_endproc
 1802              	.LFE182:
 1804              		.section	.rodata.pbuf_ref.str1.4,"aMS",%progbits,1
ARM GAS  /tmp/ccawya4i.s 			page 62


 1805              		.align	2
 1806              	.LC15:
 1807 0000 70627566 		.ascii	"pbuf ref overflow\000"
 1807      20726566 
 1807      206F7665 
 1807      72666C6F 
 1807      7700
 1808              		.section	.text.pbuf_ref,"ax",%progbits
 1809              		.align	1
 1810              		.global	pbuf_ref
 1811              		.syntax unified
 1812              		.thumb
 1813              		.thumb_func
 1815              	pbuf_ref:
 1816              	.LVL176:
 1817              	.LFB183:
 830:Middlewares/Third_Party/LwIP/src/core/pbuf.c ****   /* pbuf given? */
 1818              		.loc 1 830 1 is_stmt 1 view -0
 1819              		.cfi_startproc
 1820              		@ args = 0, pretend = 0, frame = 0
 1821              		@ frame_needed = 0, uses_anonymous_args = 0
 832:Middlewares/Third_Party/LwIP/src/core/pbuf.c ****     SYS_ARCH_SET(p->ref, (LWIP_PBUF_REF_T)(p->ref + 1));
 1822              		.loc 1 832 3 view .LVU531
 832:Middlewares/Third_Party/LwIP/src/core/pbuf.c ****     SYS_ARCH_SET(p->ref, (LWIP_PBUF_REF_T)(p->ref + 1));
 1823              		.loc 1 832 6 is_stmt 0 view .LVU532
 1824 0000 70B1     		cbz	r0, .L137
 830:Middlewares/Third_Party/LwIP/src/core/pbuf.c ****   /* pbuf given? */
 1825              		.loc 1 830 1 view .LVU533
 1826 0002 08B5     		push	{r3, lr}
 1827              	.LCFI25:
 1828              		.cfi_def_cfa_offset 8
 1829              		.cfi_offset 3, -8
 1830              		.cfi_offset 14, -4
 833:Middlewares/Third_Party/LwIP/src/core/pbuf.c ****     LWIP_ASSERT("pbuf ref overflow", p->ref > 0);
 1831              		.loc 1 833 5 is_stmt 1 view .LVU534
 833:Middlewares/Third_Party/LwIP/src/core/pbuf.c ****     LWIP_ASSERT("pbuf ref overflow", p->ref > 0);
 1832              		.loc 1 833 5 view .LVU535
 833:Middlewares/Third_Party/LwIP/src/core/pbuf.c ****     LWIP_ASSERT("pbuf ref overflow", p->ref > 0);
 1833              		.loc 1 833 5 view .LVU536
 833:Middlewares/Third_Party/LwIP/src/core/pbuf.c ****     LWIP_ASSERT("pbuf ref overflow", p->ref > 0);
 1834              		.loc 1 833 5 view .LVU537
 1835 0004 837B     		ldrb	r3, [r0, #14]	@ zero_extendqisi2
 1836 0006 0133     		adds	r3, r3, #1
 1837 0008 DBB2     		uxtb	r3, r3
 1838 000a 8373     		strb	r3, [r0, #14]
 833:Middlewares/Third_Party/LwIP/src/core/pbuf.c ****     LWIP_ASSERT("pbuf ref overflow", p->ref > 0);
 1839              		.loc 1 833 5 view .LVU538
 833:Middlewares/Third_Party/LwIP/src/core/pbuf.c ****     LWIP_ASSERT("pbuf ref overflow", p->ref > 0);
 1840              		.loc 1 833 5 view .LVU539
 834:Middlewares/Third_Party/LwIP/src/core/pbuf.c ****   }
 1841              		.loc 1 834 5 view .LVU540
 834:Middlewares/Third_Party/LwIP/src/core/pbuf.c ****   }
 1842              		.loc 1 834 5 view .LVU541
 1843 000c 03B1     		cbz	r3, .L140
 1844              	.LVL177:
 1845              	.L134:
 836:Middlewares/Third_Party/LwIP/src/core/pbuf.c **** 
ARM GAS  /tmp/ccawya4i.s 			page 63


 1846              		.loc 1 836 1 is_stmt 0 view .LVU542
 1847 000e 08BD     		pop	{r3, pc}
 1848              	.LVL178:
 1849              	.L140:
 834:Middlewares/Third_Party/LwIP/src/core/pbuf.c ****   }
 1850              		.loc 1 834 5 is_stmt 1 discriminator 1 view .LVU543
 834:Middlewares/Third_Party/LwIP/src/core/pbuf.c ****   }
 1851              		.loc 1 834 5 discriminator 1 view .LVU544
 1852 0010 044B     		ldr	r3, .L141
 1853 0012 40F24232 		movw	r2, #834
 1854 0016 0449     		ldr	r1, .L141+4
 1855 0018 0448     		ldr	r0, .L141+8
 1856              	.LVL179:
 834:Middlewares/Third_Party/LwIP/src/core/pbuf.c ****   }
 1857              		.loc 1 834 5 is_stmt 0 discriminator 1 view .LVU545
 1858 001a FFF7FEFF 		bl	printf
 1859              	.LVL180:
 834:Middlewares/Third_Party/LwIP/src/core/pbuf.c ****   }
 1860              		.loc 1 834 5 is_stmt 1 discriminator 1 view .LVU546
 834:Middlewares/Third_Party/LwIP/src/core/pbuf.c ****   }
 1861              		.loc 1 834 5 discriminator 1 view .LVU547
 836:Middlewares/Third_Party/LwIP/src/core/pbuf.c **** 
 1862              		.loc 1 836 1 is_stmt 0 discriminator 1 view .LVU548
 1863 001e F6E7     		b	.L134
 1864              	.LVL181:
 1865              	.L137:
 1866              	.LCFI26:
 1867              		.cfi_def_cfa_offset 0
 1868              		.cfi_restore 3
 1869              		.cfi_restore 14
 836:Middlewares/Third_Party/LwIP/src/core/pbuf.c **** 
 1870              		.loc 1 836 1 discriminator 1 view .LVU549
 1871 0020 7047     		bx	lr
 1872              	.L142:
 1873 0022 00BF     		.align	2
 1874              	.L141:
 1875 0024 00000000 		.word	.LC0
 1876 0028 00000000 		.word	.LC15
 1877 002c 3C000000 		.word	.LC2
 1878              		.cfi_endproc
 1879              	.LFE183:
 1881              		.section	.rodata.pbuf_cat.str1.4,"aMS",%progbits,1
 1882              		.align	2
 1883              	.LC16:
 1884 0000 28682021 		.ascii	"(h != NULL) && (t != NULL) (programmer violates API"
 1884      3D204E55 
 1884      4C4C2920 
 1884      26262028 
 1884      7420213D 
 1885 0033 2900     		.ascii	")\000"
 1886 0035 000000   		.align	2
 1887              	.LC17:
 1888 0038 702D3E74 		.ascii	"p->tot_len == p->len (of last pbuf in chain)\000"
 1888      6F745F6C 
 1888      656E203D 
 1888      3D20702D 
 1888      3E6C656E 
ARM GAS  /tmp/ccawya4i.s 			page 64


 1889 0065 000000   		.align	2
 1890              	.LC18:
 1891 0068 702D3E6E 		.ascii	"p->next == NULL\000"
 1891      65787420 
 1891      3D3D204E 
 1891      554C4C00 
 1892              		.section	.text.pbuf_cat,"ax",%progbits
 1893              		.align	1
 1894              		.global	pbuf_cat
 1895              		.syntax unified
 1896              		.thumb
 1897              		.thumb_func
 1899              	pbuf_cat:
 1900              	.LVL182:
 1901              	.LFB184:
 854:Middlewares/Third_Party/LwIP/src/core/pbuf.c ****   struct pbuf *p;
 1902              		.loc 1 854 1 is_stmt 1 view -0
 1903              		.cfi_startproc
 1904              		@ args = 0, pretend = 0, frame = 0
 1905              		@ frame_needed = 0, uses_anonymous_args = 0
 854:Middlewares/Third_Party/LwIP/src/core/pbuf.c ****   struct pbuf *p;
 1906              		.loc 1 854 1 is_stmt 0 view .LVU551
 1907 0000 38B5     		push	{r3, r4, r5, lr}
 1908              	.LCFI27:
 1909              		.cfi_def_cfa_offset 16
 1910              		.cfi_offset 3, -16
 1911              		.cfi_offset 4, -12
 1912              		.cfi_offset 5, -8
 1913              		.cfi_offset 14, -4
 855:Middlewares/Third_Party/LwIP/src/core/pbuf.c **** 
 1914              		.loc 1 855 3 is_stmt 1 view .LVU552
 857:Middlewares/Third_Party/LwIP/src/core/pbuf.c ****              ((h != NULL) && (t != NULL)), return;);
 1915              		.loc 1 857 3 view .LVU553
 857:Middlewares/Third_Party/LwIP/src/core/pbuf.c ****              ((h != NULL) && (t != NULL)), return;);
 1916              		.loc 1 857 3 view .LVU554
 1917 0002 0446     		mov	r4, r0
 1918 0004 0D46     		mov	r5, r1
 1919 0006 0029     		cmp	r1, #0
 1920 0008 18BF     		it	ne
 1921 000a 0028     		cmpne	r0, #0
 1922 000c 0CD1     		bne	.L144
 857:Middlewares/Third_Party/LwIP/src/core/pbuf.c ****              ((h != NULL) && (t != NULL)), return;);
 1923              		.loc 1 857 3 discriminator 1 view .LVU555
 857:Middlewares/Third_Party/LwIP/src/core/pbuf.c ****              ((h != NULL) && (t != NULL)), return;);
 1924              		.loc 1 857 3 discriminator 1 view .LVU556
 1925 000e 154B     		ldr	r3, .L151
 1926 0010 40F25932 		movw	r2, #857
 1927 0014 1449     		ldr	r1, .L151+4
 1928              	.LVL183:
 857:Middlewares/Third_Party/LwIP/src/core/pbuf.c ****              ((h != NULL) && (t != NULL)), return;);
 1929              		.loc 1 857 3 is_stmt 0 discriminator 1 view .LVU557
 1930 0016 1548     		ldr	r0, .L151+8
 1931              	.LVL184:
 857:Middlewares/Third_Party/LwIP/src/core/pbuf.c ****              ((h != NULL) && (t != NULL)), return;);
 1932              		.loc 1 857 3 discriminator 1 view .LVU558
 1933 0018 FFF7FEFF 		bl	printf
 1934              	.LVL185:
ARM GAS  /tmp/ccawya4i.s 			page 65


 857:Middlewares/Third_Party/LwIP/src/core/pbuf.c ****              ((h != NULL) && (t != NULL)), return;);
 1935              		.loc 1 857 3 is_stmt 1 discriminator 1 view .LVU559
 857:Middlewares/Third_Party/LwIP/src/core/pbuf.c ****              ((h != NULL) && (t != NULL)), return;);
 1936              		.loc 1 857 3 discriminator 1 view .LVU560
 1937 001c 19E0     		b	.L143
 1938              	.LVL186:
 1939              	.L146:
 863:Middlewares/Third_Party/LwIP/src/core/pbuf.c ****   }
 1940              		.loc 1 863 5 discriminator 3 view .LVU561
 863:Middlewares/Third_Party/LwIP/src/core/pbuf.c ****   }
 1941              		.loc 1 863 27 is_stmt 0 discriminator 3 view .LVU562
 1942 001e 2389     		ldrh	r3, [r4, #8]
 863:Middlewares/Third_Party/LwIP/src/core/pbuf.c ****   }
 1943              		.loc 1 863 40 discriminator 3 view .LVU563
 1944 0020 2989     		ldrh	r1, [r5, #8]
 863:Middlewares/Third_Party/LwIP/src/core/pbuf.c ****   }
 1945              		.loc 1 863 18 discriminator 3 view .LVU564
 1946 0022 0B44     		add	r3, r3, r1
 863:Middlewares/Third_Party/LwIP/src/core/pbuf.c ****   }
 1947              		.loc 1 863 16 discriminator 3 view .LVU565
 1948 0024 2381     		strh	r3, [r4, #8]	@ movhi
 861:Middlewares/Third_Party/LwIP/src/core/pbuf.c ****     /* add total length of second chain to all totals of first chain */
 1949              		.loc 1 861 34 is_stmt 1 discriminator 3 view .LVU566
 1950              	.LVL187:
 861:Middlewares/Third_Party/LwIP/src/core/pbuf.c ****     /* add total length of second chain to all totals of first chain */
 1951              		.loc 1 861 34 is_stmt 0 discriminator 3 view .LVU567
 1952 0026 1446     		mov	r4, r2
 1953              	.LVL188:
 1954              	.L144:
 861:Middlewares/Third_Party/LwIP/src/core/pbuf.c ****     /* add total length of second chain to all totals of first chain */
 1955              		.loc 1 861 23 is_stmt 1 discriminator 1 view .LVU568
 861:Middlewares/Third_Party/LwIP/src/core/pbuf.c ****     /* add total length of second chain to all totals of first chain */
 1956              		.loc 1 861 16 is_stmt 0 discriminator 1 view .LVU569
 1957 0028 2268     		ldr	r2, [r4]
 861:Middlewares/Third_Party/LwIP/src/core/pbuf.c ****     /* add total length of second chain to all totals of first chain */
 1958              		.loc 1 861 23 discriminator 1 view .LVU570
 1959 002a 002A     		cmp	r2, #0
 1960 002c F7D1     		bne	.L146
 866:Middlewares/Third_Party/LwIP/src/core/pbuf.c ****   LWIP_ASSERT("p->next == NULL", p->next == NULL);
 1961              		.loc 1 866 3 is_stmt 1 view .LVU571
 866:Middlewares/Third_Party/LwIP/src/core/pbuf.c ****   LWIP_ASSERT("p->next == NULL", p->next == NULL);
 1962              		.loc 1 866 3 view .LVU572
 1963 002e 2289     		ldrh	r2, [r4, #8]
 1964 0030 6389     		ldrh	r3, [r4, #10]
 1965 0032 9A42     		cmp	r2, r3
 1966 0034 0ED1     		bne	.L150
 1967              	.LVL189:
 1968              	.L147:
 866:Middlewares/Third_Party/LwIP/src/core/pbuf.c ****   LWIP_ASSERT("p->next == NULL", p->next == NULL);
 1969              		.loc 1 866 3 discriminator 3 view .LVU573
 866:Middlewares/Third_Party/LwIP/src/core/pbuf.c ****   LWIP_ASSERT("p->next == NULL", p->next == NULL);
 1970              		.loc 1 866 3 discriminator 3 view .LVU574
 867:Middlewares/Third_Party/LwIP/src/core/pbuf.c ****   /* add total length of second chain to last pbuf total of first chain */
 1971              		.loc 1 867 3 discriminator 3 view .LVU575
 867:Middlewares/Third_Party/LwIP/src/core/pbuf.c ****   /* add total length of second chain to last pbuf total of first chain */
 1972              		.loc 1 867 3 discriminator 3 view .LVU576
 1973 0036 2368     		ldr	r3, [r4]
ARM GAS  /tmp/ccawya4i.s 			page 66


 1974 0038 33B1     		cbz	r3, .L148
 867:Middlewares/Third_Party/LwIP/src/core/pbuf.c ****   /* add total length of second chain to last pbuf total of first chain */
 1975              		.loc 1 867 3 discriminator 1 view .LVU577
 867:Middlewares/Third_Party/LwIP/src/core/pbuf.c ****   /* add total length of second chain to last pbuf total of first chain */
 1976              		.loc 1 867 3 discriminator 1 view .LVU578
 1977 003a 0A4B     		ldr	r3, .L151
 1978 003c 40F26332 		movw	r2, #867
 1979 0040 0B49     		ldr	r1, .L151+12
 1980 0042 0A48     		ldr	r0, .L151+8
 1981 0044 FFF7FEFF 		bl	printf
 1982              	.LVL190:
 1983              	.L148:
 867:Middlewares/Third_Party/LwIP/src/core/pbuf.c ****   /* add total length of second chain to last pbuf total of first chain */
 1984              		.loc 1 867 3 discriminator 3 view .LVU579
 867:Middlewares/Third_Party/LwIP/src/core/pbuf.c ****   /* add total length of second chain to last pbuf total of first chain */
 1985              		.loc 1 867 3 discriminator 3 view .LVU580
 869:Middlewares/Third_Party/LwIP/src/core/pbuf.c ****   /* chain last pbuf of head (p) with first of tail (t) */
 1986              		.loc 1 869 3 discriminator 3 view .LVU581
 869:Middlewares/Third_Party/LwIP/src/core/pbuf.c ****   /* chain last pbuf of head (p) with first of tail (t) */
 1987              		.loc 1 869 25 is_stmt 0 discriminator 3 view .LVU582
 1988 0048 2389     		ldrh	r3, [r4, #8]
 869:Middlewares/Third_Party/LwIP/src/core/pbuf.c ****   /* chain last pbuf of head (p) with first of tail (t) */
 1989              		.loc 1 869 38 discriminator 3 view .LVU583
 1990 004a 2A89     		ldrh	r2, [r5, #8]
 869:Middlewares/Third_Party/LwIP/src/core/pbuf.c ****   /* chain last pbuf of head (p) with first of tail (t) */
 1991              		.loc 1 869 16 discriminator 3 view .LVU584
 1992 004c 1344     		add	r3, r3, r2
 869:Middlewares/Third_Party/LwIP/src/core/pbuf.c ****   /* chain last pbuf of head (p) with first of tail (t) */
 1993              		.loc 1 869 14 discriminator 3 view .LVU585
 1994 004e 2381     		strh	r3, [r4, #8]	@ movhi
 871:Middlewares/Third_Party/LwIP/src/core/pbuf.c ****   /* p->next now references t, but the caller will drop its reference to t,
 1995              		.loc 1 871 3 is_stmt 1 discriminator 3 view .LVU586
 871:Middlewares/Third_Party/LwIP/src/core/pbuf.c ****   /* p->next now references t, but the caller will drop its reference to t,
 1996              		.loc 1 871 11 is_stmt 0 discriminator 3 view .LVU587
 1997 0050 2560     		str	r5, [r4]
 1998              	.LVL191:
 1999              	.L143:
 875:Middlewares/Third_Party/LwIP/src/core/pbuf.c **** 
 2000              		.loc 1 875 1 view .LVU588
 2001 0052 38BD     		pop	{r3, r4, r5, pc}
 2002              	.LVL192:
 2003              	.L150:
 866:Middlewares/Third_Party/LwIP/src/core/pbuf.c ****   LWIP_ASSERT("p->next == NULL", p->next == NULL);
 2004              		.loc 1 866 3 is_stmt 1 discriminator 1 view .LVU589
 866:Middlewares/Third_Party/LwIP/src/core/pbuf.c ****   LWIP_ASSERT("p->next == NULL", p->next == NULL);
 2005              		.loc 1 866 3 discriminator 1 view .LVU590
 2006 0054 034B     		ldr	r3, .L151
 2007 0056 40F26232 		movw	r2, #866
 2008 005a 0649     		ldr	r1, .L151+16
 2009 005c 0348     		ldr	r0, .L151+8
 2010              	.LVL193:
 866:Middlewares/Third_Party/LwIP/src/core/pbuf.c ****   LWIP_ASSERT("p->next == NULL", p->next == NULL);
 2011              		.loc 1 866 3 is_stmt 0 discriminator 1 view .LVU591
 2012 005e FFF7FEFF 		bl	printf
 2013              	.LVL194:
 2014 0062 E8E7     		b	.L147
 2015              	.L152:
ARM GAS  /tmp/ccawya4i.s 			page 67


 2016              		.align	2
 2017              	.L151:
 2018 0064 00000000 		.word	.LC0
 2019 0068 00000000 		.word	.LC16
 2020 006c 3C000000 		.word	.LC2
 2021 0070 68000000 		.word	.LC18
 2022 0074 38000000 		.word	.LC17
 2023              		.cfi_endproc
 2024              	.LFE184:
 2026              		.section	.text.pbuf_chain,"ax",%progbits
 2027              		.align	1
 2028              		.global	pbuf_chain
 2029              		.syntax unified
 2030              		.thumb
 2031              		.thumb_func
 2033              	pbuf_chain:
 2034              	.LVL195:
 2035              	.LFB185:
 896:Middlewares/Third_Party/LwIP/src/core/pbuf.c ****   pbuf_cat(h, t);
 2036              		.loc 1 896 1 is_stmt 1 view -0
 2037              		.cfi_startproc
 2038              		@ args = 0, pretend = 0, frame = 0
 2039              		@ frame_needed = 0, uses_anonymous_args = 0
 896:Middlewares/Third_Party/LwIP/src/core/pbuf.c ****   pbuf_cat(h, t);
 2040              		.loc 1 896 1 is_stmt 0 view .LVU593
 2041 0000 10B5     		push	{r4, lr}
 2042              	.LCFI28:
 2043              		.cfi_def_cfa_offset 8
 2044              		.cfi_offset 4, -8
 2045              		.cfi_offset 14, -4
 2046 0002 0C46     		mov	r4, r1
 897:Middlewares/Third_Party/LwIP/src/core/pbuf.c ****   /* t is now referenced by h */
 2047              		.loc 1 897 3 is_stmt 1 view .LVU594
 2048 0004 FFF7FEFF 		bl	pbuf_cat
 2049              	.LVL196:
 899:Middlewares/Third_Party/LwIP/src/core/pbuf.c ****   LWIP_DEBUGF(PBUF_DEBUG | LWIP_DBG_TRACE, ("pbuf_chain: %p references %p\n", (void *)h, (void *)t)
 2050              		.loc 1 899 3 view .LVU595
 2051 0008 2046     		mov	r0, r4
 2052 000a FFF7FEFF 		bl	pbuf_ref
 2053              	.LVL197:
 900:Middlewares/Third_Party/LwIP/src/core/pbuf.c **** }
 2054              		.loc 1 900 101 view .LVU596
 901:Middlewares/Third_Party/LwIP/src/core/pbuf.c **** 
 2055              		.loc 1 901 1 is_stmt 0 view .LVU597
 2056 000e 10BD     		pop	{r4, pc}
 901:Middlewares/Third_Party/LwIP/src/core/pbuf.c **** 
 2057              		.loc 1 901 1 view .LVU598
 2058              		.cfi_endproc
 2059              	.LFE185:
 2061              		.section	.rodata.pbuf_dechain.str1.4,"aMS",%progbits,1
 2062              		.align	2
 2063              	.LC19:
 2064 0000 702D3E74 		.ascii	"p->tot_len == p->len + q->tot_len\000"
 2064      6F745F6C 
 2064      656E203D 
 2064      3D20702D 
 2064      3E6C656E 
ARM GAS  /tmp/ccawya4i.s 			page 68


 2065 0022 0000     		.align	2
 2066              	.LC20:
 2067 0024 702D3E74 		.ascii	"p->tot_len == p->len\000"
 2067      6F745F6C 
 2067      656E203D 
 2067      3D20702D 
 2067      3E6C656E 
 2068              		.section	.text.pbuf_dechain,"ax",%progbits
 2069              		.align	1
 2070              		.global	pbuf_dechain
 2071              		.syntax unified
 2072              		.thumb
 2073              		.thumb_func
 2075              	pbuf_dechain:
 2076              	.LVL198:
 2077              	.LFB186:
 913:Middlewares/Third_Party/LwIP/src/core/pbuf.c ****   struct pbuf *q;
 2078              		.loc 1 913 1 is_stmt 1 view -0
 2079              		.cfi_startproc
 2080              		@ args = 0, pretend = 0, frame = 0
 2081              		@ frame_needed = 0, uses_anonymous_args = 0
 913:Middlewares/Third_Party/LwIP/src/core/pbuf.c ****   struct pbuf *q;
 2082              		.loc 1 913 1 is_stmt 0 view .LVU600
 2083 0000 70B5     		push	{r4, r5, r6, lr}
 2084              	.LCFI29:
 2085              		.cfi_def_cfa_offset 16
 2086              		.cfi_offset 4, -16
 2087              		.cfi_offset 5, -12
 2088              		.cfi_offset 6, -8
 2089              		.cfi_offset 14, -4
 2090 0002 0446     		mov	r4, r0
 914:Middlewares/Third_Party/LwIP/src/core/pbuf.c ****   u8_t tail_gone = 1;
 2091              		.loc 1 914 3 is_stmt 1 view .LVU601
 915:Middlewares/Third_Party/LwIP/src/core/pbuf.c ****   /* tail */
 2092              		.loc 1 915 3 view .LVU602
 2093              	.LVL199:
 917:Middlewares/Third_Party/LwIP/src/core/pbuf.c ****   /* pbuf has successor in chain? */
 2094              		.loc 1 917 3 view .LVU603
 917:Middlewares/Third_Party/LwIP/src/core/pbuf.c ****   /* pbuf has successor in chain? */
 2095              		.loc 1 917 5 is_stmt 0 view .LVU604
 2096 0004 0568     		ldr	r5, [r0]
 2097              	.LVL200:
 919:Middlewares/Third_Party/LwIP/src/core/pbuf.c ****     /* assert tot_len invariant: (p->tot_len == p->len + (p->next? p->next->tot_len: 0) */
 2098              		.loc 1 919 3 is_stmt 1 view .LVU605
 919:Middlewares/Third_Party/LwIP/src/core/pbuf.c ****     /* assert tot_len invariant: (p->tot_len == p->len + (p->next? p->next->tot_len: 0) */
 2099              		.loc 1 919 6 is_stmt 0 view .LVU606
 2100 0006 05B3     		cbz	r5, .L160
 921:Middlewares/Third_Party/LwIP/src/core/pbuf.c ****     /* enforce invariant if assertion is disabled */
 2101              		.loc 1 921 5 is_stmt 1 view .LVU607
 921:Middlewares/Third_Party/LwIP/src/core/pbuf.c ****     /* enforce invariant if assertion is disabled */
 2102              		.loc 1 921 5 view .LVU608
 2103 0008 2A89     		ldrh	r2, [r5, #8]
 2104 000a 0389     		ldrh	r3, [r0, #8]
 2105 000c 4189     		ldrh	r1, [r0, #10]
 2106 000e 5B1A     		subs	r3, r3, r1
 2107 0010 9A42     		cmp	r2, r3
 2108 0012 12D1     		bne	.L163
ARM GAS  /tmp/ccawya4i.s 			page 69


 2109              	.LVL201:
 2110              	.L157:
 921:Middlewares/Third_Party/LwIP/src/core/pbuf.c ****     /* enforce invariant if assertion is disabled */
 2111              		.loc 1 921 5 discriminator 3 view .LVU609
 921:Middlewares/Third_Party/LwIP/src/core/pbuf.c ****     /* enforce invariant if assertion is disabled */
 2112              		.loc 1 921 5 discriminator 3 view .LVU610
 923:Middlewares/Third_Party/LwIP/src/core/pbuf.c ****     /* decouple pbuf from remainder */
 2113              		.loc 1 923 5 discriminator 3 view .LVU611
 923:Middlewares/Third_Party/LwIP/src/core/pbuf.c ****     /* decouple pbuf from remainder */
 2114              		.loc 1 923 27 is_stmt 0 discriminator 3 view .LVU612
 2115 0014 2389     		ldrh	r3, [r4, #8]
 923:Middlewares/Third_Party/LwIP/src/core/pbuf.c ****     /* decouple pbuf from remainder */
 2116              		.loc 1 923 40 discriminator 3 view .LVU613
 2117 0016 6289     		ldrh	r2, [r4, #10]
 923:Middlewares/Third_Party/LwIP/src/core/pbuf.c ****     /* decouple pbuf from remainder */
 2118              		.loc 1 923 18 discriminator 3 view .LVU614
 2119 0018 9B1A     		subs	r3, r3, r2
 923:Middlewares/Third_Party/LwIP/src/core/pbuf.c ****     /* decouple pbuf from remainder */
 2120              		.loc 1 923 16 discriminator 3 view .LVU615
 2121 001a 2B81     		strh	r3, [r5, #8]	@ movhi
 925:Middlewares/Third_Party/LwIP/src/core/pbuf.c ****     /* total length of pbuf p is its own length only */
 2122              		.loc 1 925 5 is_stmt 1 discriminator 3 view .LVU616
 925:Middlewares/Third_Party/LwIP/src/core/pbuf.c ****     /* total length of pbuf p is its own length only */
 2123              		.loc 1 925 13 is_stmt 0 discriminator 3 view .LVU617
 2124 001c 0023     		movs	r3, #0
 2125 001e 2360     		str	r3, [r4]
 927:Middlewares/Third_Party/LwIP/src/core/pbuf.c ****     /* q is no longer referenced by p, free it */
 2126              		.loc 1 927 5 is_stmt 1 discriminator 3 view .LVU618
 927:Middlewares/Third_Party/LwIP/src/core/pbuf.c ****     /* q is no longer referenced by p, free it */
 2127              		.loc 1 927 19 is_stmt 0 discriminator 3 view .LVU619
 2128 0020 6389     		ldrh	r3, [r4, #10]
 927:Middlewares/Third_Party/LwIP/src/core/pbuf.c ****     /* q is no longer referenced by p, free it */
 2129              		.loc 1 927 16 discriminator 3 view .LVU620
 2130 0022 2381     		strh	r3, [r4, #8]	@ movhi
 929:Middlewares/Third_Party/LwIP/src/core/pbuf.c ****     tail_gone = pbuf_free(q);
 2131              		.loc 1 929 94 is_stmt 1 discriminator 3 view .LVU621
 930:Middlewares/Third_Party/LwIP/src/core/pbuf.c ****     if (tail_gone > 0) {
 2132              		.loc 1 930 5 discriminator 3 view .LVU622
 930:Middlewares/Third_Party/LwIP/src/core/pbuf.c ****     if (tail_gone > 0) {
 2133              		.loc 1 930 17 is_stmt 0 discriminator 3 view .LVU623
 2134 0024 2846     		mov	r0, r5
 2135 0026 FFF7FEFF 		bl	pbuf_free
 2136              	.LVL202:
 2137 002a 0646     		mov	r6, r0
 2138              	.LVL203:
 931:Middlewares/Third_Party/LwIP/src/core/pbuf.c ****       LWIP_DEBUGF(PBUF_DEBUG | LWIP_DBG_TRACE,
 2139              		.loc 1 931 5 is_stmt 1 discriminator 3 view .LVU624
 2140              	.L156:
 933:Middlewares/Third_Party/LwIP/src/core/pbuf.c ****     }
 2141              		.loc 1 933 97 view .LVU625
 938:Middlewares/Third_Party/LwIP/src/core/pbuf.c ****   return ((tail_gone > 0) ? NULL : q);
 2142              		.loc 1 938 3 view .LVU626
 938:Middlewares/Third_Party/LwIP/src/core/pbuf.c ****   return ((tail_gone > 0) ? NULL : q);
 2143              		.loc 1 938 3 view .LVU627
 2144 002c 2289     		ldrh	r2, [r4, #8]
 2145 002e 6389     		ldrh	r3, [r4, #10]
 2146 0030 9A42     		cmp	r2, r3
ARM GAS  /tmp/ccawya4i.s 			page 70


 2147 0032 0CD1     		bne	.L164
 2148              	.L158:
 938:Middlewares/Third_Party/LwIP/src/core/pbuf.c ****   return ((tail_gone > 0) ? NULL : q);
 2149              		.loc 1 938 3 discriminator 3 view .LVU628
 938:Middlewares/Third_Party/LwIP/src/core/pbuf.c ****   return ((tail_gone > 0) ? NULL : q);
 2150              		.loc 1 938 3 discriminator 3 view .LVU629
 939:Middlewares/Third_Party/LwIP/src/core/pbuf.c **** }
 2151              		.loc 1 939 3 discriminator 3 view .LVU630
 939:Middlewares/Third_Party/LwIP/src/core/pbuf.c **** }
 2152              		.loc 1 939 34 is_stmt 0 discriminator 3 view .LVU631
 2153 0034 9EB9     		cbnz	r6, .L165
 2154              	.LVL204:
 2155              	.L155:
 940:Middlewares/Third_Party/LwIP/src/core/pbuf.c **** 
 2156              		.loc 1 940 1 view .LVU632
 2157 0036 2846     		mov	r0, r5
 2158 0038 70BD     		pop	{r4, r5, r6, pc}
 2159              	.LVL205:
 2160              	.L163:
 921:Middlewares/Third_Party/LwIP/src/core/pbuf.c ****     /* enforce invariant if assertion is disabled */
 2161              		.loc 1 921 5 is_stmt 1 discriminator 1 view .LVU633
 921:Middlewares/Third_Party/LwIP/src/core/pbuf.c ****     /* enforce invariant if assertion is disabled */
 2162              		.loc 1 921 5 discriminator 1 view .LVU634
 2163 003a 0A4B     		ldr	r3, .L166
 2164 003c 40F29932 		movw	r2, #921
 2165 0040 0949     		ldr	r1, .L166+4
 2166 0042 0A48     		ldr	r0, .L166+8
 2167              	.LVL206:
 921:Middlewares/Third_Party/LwIP/src/core/pbuf.c ****     /* enforce invariant if assertion is disabled */
 2168              		.loc 1 921 5 is_stmt 0 discriminator 1 view .LVU635
 2169 0044 FFF7FEFF 		bl	printf
 2170              	.LVL207:
 2171 0048 E4E7     		b	.L157
 2172              	.LVL208:
 2173              	.L160:
 915:Middlewares/Third_Party/LwIP/src/core/pbuf.c ****   /* tail */
 2174              		.loc 1 915 8 view .LVU636
 2175 004a 0126     		movs	r6, #1
 2176 004c EEE7     		b	.L156
 2177              	.LVL209:
 2178              	.L164:
 938:Middlewares/Third_Party/LwIP/src/core/pbuf.c ****   return ((tail_gone > 0) ? NULL : q);
 2179              		.loc 1 938 3 is_stmt 1 discriminator 1 view .LVU637
 938:Middlewares/Third_Party/LwIP/src/core/pbuf.c ****   return ((tail_gone > 0) ? NULL : q);
 2180              		.loc 1 938 3 discriminator 1 view .LVU638
 2181 004e 054B     		ldr	r3, .L166
 2182 0050 40F2AA32 		movw	r2, #938
 2183 0054 0649     		ldr	r1, .L166+12
 2184 0056 0548     		ldr	r0, .L166+8
 2185 0058 FFF7FEFF 		bl	printf
 2186              	.LVL210:
 2187 005c EAE7     		b	.L158
 2188              	.L165:
 939:Middlewares/Third_Party/LwIP/src/core/pbuf.c **** }
 2189              		.loc 1 939 34 is_stmt 0 view .LVU639
 2190 005e 0025     		movs	r5, #0
 2191              	.LVL211:
ARM GAS  /tmp/ccawya4i.s 			page 71


 939:Middlewares/Third_Party/LwIP/src/core/pbuf.c **** }
 2192              		.loc 1 939 34 view .LVU640
 2193 0060 E9E7     		b	.L155
 2194              	.L167:
 2195 0062 00BF     		.align	2
 2196              	.L166:
 2197 0064 00000000 		.word	.LC0
 2198 0068 00000000 		.word	.LC19
 2199 006c 3C000000 		.word	.LC2
 2200 0070 24000000 		.word	.LC20
 2201              		.cfi_endproc
 2202              	.LFE186:
 2204              		.section	.rodata.pbuf_copy.str1.4,"aMS",%progbits,1
 2205              		.align	2
 2206              	.LC21:
 2207 0000 70627566 		.ascii	"pbuf_copy: target not big enough to hold source\000"
 2207      5F636F70 
 2207      793A2074 
 2207      61726765 
 2207      74206E6F 
 2208              		.align	2
 2209              	.LC22:
 2210 0030 6F666673 		.ascii	"offset_to <= p_to->len\000"
 2210      65745F74 
 2210      6F203C3D 
 2210      20705F74 
 2210      6F2D3E6C 
 2211 0047 00       		.align	2
 2212              	.LC23:
 2213 0048 6F666673 		.ascii	"offset_from <= p_from->len\000"
 2213      65745F66 
 2213      726F6D20 
 2213      3C3D2070 
 2213      5F66726F 
 2214 0063 00       		.align	2
 2215              	.LC24:
 2216 0064 705F746F 		.ascii	"p_to != NULL\000"
 2216      20213D20 
 2216      4E554C4C 
 2216      00
 2217 0071 000000   		.align	2
 2218              	.LC25:
 2219 0074 70627566 		.ascii	"pbuf_copy() does not allow packet queues!\000"
 2219      5F636F70 
 2219      79282920 
 2219      646F6573 
 2219      206E6F74 
 2220              		.section	.text.pbuf_copy,"ax",%progbits
 2221              		.align	1
 2222              		.global	pbuf_copy
 2223              		.syntax unified
 2224              		.thumb
 2225              		.thumb_func
 2227              	pbuf_copy:
 2228              	.LVL212:
 2229              	.LFB187:
 962:Middlewares/Third_Party/LwIP/src/core/pbuf.c ****   size_t offset_to = 0, offset_from = 0, len;
ARM GAS  /tmp/ccawya4i.s 			page 72


 2230              		.loc 1 962 1 is_stmt 1 view -0
 2231              		.cfi_startproc
 2232              		@ args = 0, pretend = 0, frame = 0
 2233              		@ frame_needed = 0, uses_anonymous_args = 0
 962:Middlewares/Third_Party/LwIP/src/core/pbuf.c ****   size_t offset_to = 0, offset_from = 0, len;
 2234              		.loc 1 962 1 is_stmt 0 view .LVU642
 2235 0000 2DE9F041 		push	{r4, r5, r6, r7, r8, lr}
 2236              	.LCFI30:
 2237              		.cfi_def_cfa_offset 24
 2238              		.cfi_offset 4, -24
 2239              		.cfi_offset 5, -20
 2240              		.cfi_offset 6, -16
 2241              		.cfi_offset 7, -12
 2242              		.cfi_offset 8, -8
 2243              		.cfi_offset 14, -4
 963:Middlewares/Third_Party/LwIP/src/core/pbuf.c **** 
 2244              		.loc 1 963 3 is_stmt 1 view .LVU643
 2245              	.LVL213:
 966:Middlewares/Third_Party/LwIP/src/core/pbuf.c **** 
 2246              		.loc 1 966 57 view .LVU644
 969:Middlewares/Third_Party/LwIP/src/core/pbuf.c ****              (p_from != NULL) && (p_to->tot_len >= p_from->tot_len)), return ERR_ARG;);
 2247              		.loc 1 969 3 view .LVU645
 969:Middlewares/Third_Party/LwIP/src/core/pbuf.c ****              (p_from != NULL) && (p_to->tot_len >= p_from->tot_len)), return ERR_ARG;);
 2248              		.loc 1 969 3 view .LVU646
 2249 0004 0029     		cmp	r1, #0
 2250 0006 18BF     		it	ne
 2251 0008 0028     		cmpne	r0, #0
 2252 000a 08D0     		beq	.L169
 2253 000c 0546     		mov	r5, r0
 2254 000e 0C46     		mov	r4, r1
 969:Middlewares/Third_Party/LwIP/src/core/pbuf.c ****              (p_from != NULL) && (p_to->tot_len >= p_from->tot_len)), return ERR_ARG;);
 2255              		.loc 1 969 3 is_stmt 0 discriminator 2 view .LVU647
 2256 0010 0289     		ldrh	r2, [r0, #8]
 2257 0012 0B89     		ldrh	r3, [r1, #8]
 2258 0014 9A42     		cmp	r2, r3
 2259 0016 02D3     		bcc	.L169
 963:Middlewares/Third_Party/LwIP/src/core/pbuf.c **** 
 2260              		.loc 1 963 25 view .LVU648
 2261 0018 0027     		movs	r7, #0
 963:Middlewares/Third_Party/LwIP/src/core/pbuf.c **** 
 2262              		.loc 1 963 10 view .LVU649
 2263 001a B846     		mov	r8, r7
 2264 001c 3CE0     		b	.L170
 2265              	.L169:
 969:Middlewares/Third_Party/LwIP/src/core/pbuf.c ****              (p_from != NULL) && (p_to->tot_len >= p_from->tot_len)), return ERR_ARG;);
 2266              		.loc 1 969 3 is_stmt 1 discriminator 3 view .LVU650
 969:Middlewares/Third_Party/LwIP/src/core/pbuf.c ****              (p_from != NULL) && (p_to->tot_len >= p_from->tot_len)), return ERR_ARG;);
 2267              		.loc 1 969 3 discriminator 3 view .LVU651
 2268 001e 3B4B     		ldr	r3, .L188
 2269 0020 40F2C932 		movw	r2, #969
 2270 0024 3A49     		ldr	r1, .L188+4
 2271              	.LVL214:
 969:Middlewares/Third_Party/LwIP/src/core/pbuf.c ****              (p_from != NULL) && (p_to->tot_len >= p_from->tot_len)), return ERR_ARG;);
 2272              		.loc 1 969 3 is_stmt 0 discriminator 3 view .LVU652
 2273 0026 3B48     		ldr	r0, .L188+8
 2274              	.LVL215:
 969:Middlewares/Third_Party/LwIP/src/core/pbuf.c ****              (p_from != NULL) && (p_to->tot_len >= p_from->tot_len)), return ERR_ARG;);
ARM GAS  /tmp/ccawya4i.s 			page 73


 2275              		.loc 1 969 3 discriminator 3 view .LVU653
 2276 0028 FFF7FEFF 		bl	printf
 2277              	.LVL216:
 969:Middlewares/Third_Party/LwIP/src/core/pbuf.c ****              (p_from != NULL) && (p_to->tot_len >= p_from->tot_len)), return ERR_ARG;);
 2278              		.loc 1 969 3 is_stmt 1 discriminator 3 view .LVU654
 969:Middlewares/Third_Party/LwIP/src/core/pbuf.c ****              (p_from != NULL) && (p_to->tot_len >= p_from->tot_len)), return ERR_ARG;);
 2279              		.loc 1 969 3 discriminator 3 view .LVU655
 2280 002c 6FF00F00 		mvn	r0, #15
 2281 0030 6AE0     		b	.L171
 2282              	.LVL217:
 2283              	.L184:
 985:Middlewares/Third_Party/LwIP/src/core/pbuf.c ****     LWIP_ASSERT("offset_from <= p_from->len", offset_from <= p_from->len);
 2284              		.loc 1 985 5 discriminator 1 view .LVU656
 985:Middlewares/Third_Party/LwIP/src/core/pbuf.c ****     LWIP_ASSERT("offset_from <= p_from->len", offset_from <= p_from->len);
 2285              		.loc 1 985 5 discriminator 1 view .LVU657
 2286 0032 364B     		ldr	r3, .L188
 2287 0034 40F2D932 		movw	r2, #985
 2288 0038 3749     		ldr	r1, .L188+12
 2289 003a 3648     		ldr	r0, .L188+8
 2290 003c FFF7FEFF 		bl	printf
 2291              	.LVL218:
 2292 0040 3EE0     		b	.L173
 2293              	.L185:
 986:Middlewares/Third_Party/LwIP/src/core/pbuf.c ****     if (offset_from >= p_from->len) {
 2294              		.loc 1 986 5 discriminator 1 view .LVU658
 986:Middlewares/Third_Party/LwIP/src/core/pbuf.c ****     if (offset_from >= p_from->len) {
 2295              		.loc 1 986 5 discriminator 1 view .LVU659
 2296 0042 324B     		ldr	r3, .L188
 2297 0044 40F2DA32 		movw	r2, #986
 2298 0048 3449     		ldr	r1, .L188+16
 2299 004a 3248     		ldr	r0, .L188+8
 2300 004c FFF7FEFF 		bl	printf
 2301              	.LVL219:
 2302 0050 39E0     		b	.L174
 2303              	.L186:
 994:Middlewares/Third_Party/LwIP/src/core/pbuf.c ****       p_to = p_to->next;
 2304              		.loc 1 994 7 view .LVU660
 2305              	.LVL220:
 995:Middlewares/Third_Party/LwIP/src/core/pbuf.c ****       LWIP_ERROR("p_to != NULL", (p_to != NULL) || (p_from == NULL), return ERR_ARG;);
 2306              		.loc 1 995 7 view .LVU661
 995:Middlewares/Third_Party/LwIP/src/core/pbuf.c ****       LWIP_ERROR("p_to != NULL", (p_to != NULL) || (p_from == NULL), return ERR_ARG;);
 2307              		.loc 1 995 12 is_stmt 0 view .LVU662
 2308 0052 2D68     		ldr	r5, [r5]
 2309              	.LVL221:
 996:Middlewares/Third_Party/LwIP/src/core/pbuf.c ****     }
 2310              		.loc 1 996 7 is_stmt 1 view .LVU663
 996:Middlewares/Third_Party/LwIP/src/core/pbuf.c ****     }
 2311              		.loc 1 996 7 view .LVU664
 2312 0054 B5FA85F3 		clz	r3, r5
 2313 0058 5B09     		lsrs	r3, r3, #5
 2314 005a 002C     		cmp	r4, #0
 2315 005c 08BF     		it	eq
 2316 005e 0023     		moveq	r3, #0
 2317 0060 13B9     		cbnz	r3, .L182
 994:Middlewares/Third_Party/LwIP/src/core/pbuf.c ****       p_to = p_to->next;
 2318              		.loc 1 994 17 is_stmt 0 view .LVU665
 2319 0062 4FF00008 		mov	r8, #0
ARM GAS  /tmp/ccawya4i.s 			page 74


 2320 0066 36E0     		b	.L176
 2321              	.L182:
 996:Middlewares/Third_Party/LwIP/src/core/pbuf.c ****     }
 2322              		.loc 1 996 7 is_stmt 1 discriminator 1 view .LVU666
 996:Middlewares/Third_Party/LwIP/src/core/pbuf.c ****     }
 2323              		.loc 1 996 7 discriminator 1 view .LVU667
 2324 0068 284B     		ldr	r3, .L188
 2325 006a 4FF47972 		mov	r2, #996
 2326 006e 2C49     		ldr	r1, .L188+20
 2327 0070 2848     		ldr	r0, .L188+8
 2328 0072 FFF7FEFF 		bl	printf
 2329              	.LVL222:
 996:Middlewares/Third_Party/LwIP/src/core/pbuf.c ****     }
 2330              		.loc 1 996 7 discriminator 1 view .LVU668
 996:Middlewares/Third_Party/LwIP/src/core/pbuf.c ****     }
 2331              		.loc 1 996 7 discriminator 1 view .LVU669
 2332 0076 6FF00F00 		mvn	r0, #15
 2333 007a 45E0     		b	.L171
 2334              	.LVL223:
 2335              	.L187:
1001:Middlewares/Third_Party/LwIP/src/core/pbuf.c ****                  (p_from->next == NULL), return ERR_VAL;);
 2336              		.loc 1 1001 7 view .LVU670
1001:Middlewares/Third_Party/LwIP/src/core/pbuf.c ****                  (p_from->next == NULL), return ERR_VAL;);
 2337              		.loc 1 1001 7 view .LVU671
 2338 007c 2368     		ldr	r3, [r4]
 2339 007e 7BB3     		cbz	r3, .L177
1001:Middlewares/Third_Party/LwIP/src/core/pbuf.c ****                  (p_from->next == NULL), return ERR_VAL;);
 2340              		.loc 1 1001 7 discriminator 1 view .LVU672
1001:Middlewares/Third_Party/LwIP/src/core/pbuf.c ****                  (p_from->next == NULL), return ERR_VAL;);
 2341              		.loc 1 1001 7 discriminator 1 view .LVU673
 2342 0080 224B     		ldr	r3, .L188
 2343 0082 40F2E932 		movw	r2, #1001
 2344 0086 2749     		ldr	r1, .L188+24
 2345 0088 2248     		ldr	r0, .L188+8
 2346 008a FFF7FEFF 		bl	printf
 2347              	.LVL224:
1001:Middlewares/Third_Party/LwIP/src/core/pbuf.c ****                  (p_from->next == NULL), return ERR_VAL;);
 2348              		.loc 1 1001 7 discriminator 1 view .LVU674
1001:Middlewares/Third_Party/LwIP/src/core/pbuf.c ****                  (p_from->next == NULL), return ERR_VAL;);
 2349              		.loc 1 1001 7 discriminator 1 view .LVU675
 2350 008e 6FF00500 		mvn	r0, #5
 2351 0092 39E0     		b	.L171
 2352              	.L178:
1006:Middlewares/Third_Party/LwIP/src/core/pbuf.c ****                  (p_to->next == NULL), return ERR_VAL;);
 2353              		.loc 1 1006 7 discriminator 2 view .LVU676
1006:Middlewares/Third_Party/LwIP/src/core/pbuf.c ****                  (p_to->next == NULL), return ERR_VAL;);
 2354              		.loc 1 1006 7 discriminator 2 view .LVU677
1009:Middlewares/Third_Party/LwIP/src/core/pbuf.c ****   LWIP_DEBUGF(PBUF_DEBUG | LWIP_DBG_TRACE, ("pbuf_copy: end of chain reached.\n"));
 2355              		.loc 1 1009 12 discriminator 2 view .LVU678
 2356 0094 002C     		cmp	r4, #0
 2357 0096 36D0     		beq	.L183
 2358              	.LVL225:
 2359              	.L170:
 969:Middlewares/Third_Party/LwIP/src/core/pbuf.c ****              (p_from != NULL) && (p_to->tot_len >= p_from->tot_len)), return ERR_ARG;);
 2360              		.loc 1 969 3 discriminator 4 view .LVU679
 969:Middlewares/Third_Party/LwIP/src/core/pbuf.c ****              (p_from != NULL) && (p_to->tot_len >= p_from->tot_len)), return ERR_ARG;);
 2361              		.loc 1 969 3 discriminator 4 view .LVU680
ARM GAS  /tmp/ccawya4i.s 			page 75


 973:Middlewares/Third_Party/LwIP/src/core/pbuf.c ****     /* copy one part of the original chain */
 2362              		.loc 1 973 3 discriminator 4 view .LVU681
 975:Middlewares/Third_Party/LwIP/src/core/pbuf.c ****       /* complete current p_from fits into current p_to */
 2363              		.loc 1 975 5 discriminator 4 view .LVU682
 975:Middlewares/Third_Party/LwIP/src/core/pbuf.c ****       /* complete current p_from fits into current p_to */
 2364              		.loc 1 975 14 is_stmt 0 discriminator 4 view .LVU683
 2365 0098 6E89     		ldrh	r6, [r5, #10]
 975:Middlewares/Third_Party/LwIP/src/core/pbuf.c ****       /* complete current p_from fits into current p_to */
 2366              		.loc 1 975 20 discriminator 4 view .LVU684
 2367 009a A6EB0806 		sub	r6, r6, r8
 975:Middlewares/Third_Party/LwIP/src/core/pbuf.c ****       /* complete current p_from fits into current p_to */
 2368              		.loc 1 975 43 discriminator 4 view .LVU685
 2369 009e 6389     		ldrh	r3, [r4, #10]
 975:Middlewares/Third_Party/LwIP/src/core/pbuf.c ****       /* complete current p_from fits into current p_to */
 2370              		.loc 1 975 49 discriminator 4 view .LVU686
 2371 00a0 DB1B     		subs	r3, r3, r7
 975:Middlewares/Third_Party/LwIP/src/core/pbuf.c ****       /* complete current p_from fits into current p_to */
 2372              		.loc 1 975 8 discriminator 4 view .LVU687
 2373 00a2 9E42     		cmp	r6, r3
 2374 00a4 00D3     		bcc	.L172
 977:Middlewares/Third_Party/LwIP/src/core/pbuf.c ****     } else {
 2375              		.loc 1 977 11 view .LVU688
 2376 00a6 1E46     		mov	r6, r3
 2377              	.L172:
 2378              	.LVL226:
 982:Middlewares/Third_Party/LwIP/src/core/pbuf.c ****     offset_to += len;
 2379              		.loc 1 982 5 is_stmt 1 view .LVU689
 2380 00a8 6868     		ldr	r0, [r5, #4]
 2381 00aa 6168     		ldr	r1, [r4, #4]
 2382 00ac 3246     		mov	r2, r6
 2383 00ae 3944     		add	r1, r1, r7
 2384 00b0 4044     		add	r0, r0, r8
 2385 00b2 FFF7FEFF 		bl	memcpy
 2386              	.LVL227:
 983:Middlewares/Third_Party/LwIP/src/core/pbuf.c ****     offset_from += len;
 2387              		.loc 1 983 5 view .LVU690
 983:Middlewares/Third_Party/LwIP/src/core/pbuf.c ****     offset_from += len;
 2388              		.loc 1 983 15 is_stmt 0 view .LVU691
 2389 00b6 B044     		add	r8, r8, r6
 2390              	.LVL228:
 984:Middlewares/Third_Party/LwIP/src/core/pbuf.c ****     LWIP_ASSERT("offset_to <= p_to->len", offset_to <= p_to->len);
 2391              		.loc 1 984 5 is_stmt 1 view .LVU692
 984:Middlewares/Third_Party/LwIP/src/core/pbuf.c ****     LWIP_ASSERT("offset_to <= p_to->len", offset_to <= p_to->len);
 2392              		.loc 1 984 17 is_stmt 0 view .LVU693
 2393 00b8 3744     		add	r7, r7, r6
 2394              	.LVL229:
 985:Middlewares/Third_Party/LwIP/src/core/pbuf.c ****     LWIP_ASSERT("offset_from <= p_from->len", offset_from <= p_from->len);
 2395              		.loc 1 985 5 is_stmt 1 view .LVU694
 985:Middlewares/Third_Party/LwIP/src/core/pbuf.c ****     LWIP_ASSERT("offset_from <= p_from->len", offset_from <= p_from->len);
 2396              		.loc 1 985 5 view .LVU695
 2397 00ba 6B89     		ldrh	r3, [r5, #10]
 2398 00bc 4345     		cmp	r3, r8
 2399 00be B8D3     		bcc	.L184
 2400              	.L173:
 985:Middlewares/Third_Party/LwIP/src/core/pbuf.c ****     LWIP_ASSERT("offset_from <= p_from->len", offset_from <= p_from->len);
 2401              		.loc 1 985 5 discriminator 3 view .LVU696
 985:Middlewares/Third_Party/LwIP/src/core/pbuf.c ****     LWIP_ASSERT("offset_from <= p_from->len", offset_from <= p_from->len);
ARM GAS  /tmp/ccawya4i.s 			page 76


 2402              		.loc 1 985 5 discriminator 3 view .LVU697
 986:Middlewares/Third_Party/LwIP/src/core/pbuf.c ****     if (offset_from >= p_from->len) {
 2403              		.loc 1 986 5 discriminator 3 view .LVU698
 986:Middlewares/Third_Party/LwIP/src/core/pbuf.c ****     if (offset_from >= p_from->len) {
 2404              		.loc 1 986 5 discriminator 3 view .LVU699
 2405 00c0 6389     		ldrh	r3, [r4, #10]
 2406 00c2 BB42     		cmp	r3, r7
 2407 00c4 BDD3     		bcc	.L185
 2408              	.L174:
 986:Middlewares/Third_Party/LwIP/src/core/pbuf.c ****     if (offset_from >= p_from->len) {
 2409              		.loc 1 986 5 discriminator 3 view .LVU700
 986:Middlewares/Third_Party/LwIP/src/core/pbuf.c ****     if (offset_from >= p_from->len) {
 2410              		.loc 1 986 5 discriminator 3 view .LVU701
 987:Middlewares/Third_Party/LwIP/src/core/pbuf.c ****       /* on to next p_from (if any) */
 2411              		.loc 1 987 5 discriminator 3 view .LVU702
 987:Middlewares/Third_Party/LwIP/src/core/pbuf.c ****       /* on to next p_from (if any) */
 2412              		.loc 1 987 30 is_stmt 0 discriminator 3 view .LVU703
 2413 00c6 6389     		ldrh	r3, [r4, #10]
 987:Middlewares/Third_Party/LwIP/src/core/pbuf.c ****       /* on to next p_from (if any) */
 2414              		.loc 1 987 8 discriminator 3 view .LVU704
 2415 00c8 BB42     		cmp	r3, r7
 2416 00ca 01D8     		bhi	.L175
 989:Middlewares/Third_Party/LwIP/src/core/pbuf.c ****       p_from = p_from->next;
 2417              		.loc 1 989 7 is_stmt 1 view .LVU705
 2418              	.LVL230:
 990:Middlewares/Third_Party/LwIP/src/core/pbuf.c ****     }
 2419              		.loc 1 990 7 view .LVU706
 990:Middlewares/Third_Party/LwIP/src/core/pbuf.c ****     }
 2420              		.loc 1 990 14 is_stmt 0 view .LVU707
 2421 00cc 2468     		ldr	r4, [r4]
 2422              	.LVL231:
 989:Middlewares/Third_Party/LwIP/src/core/pbuf.c ****       p_from = p_from->next;
 2423              		.loc 1 989 19 view .LVU708
 2424 00ce 0027     		movs	r7, #0
 2425              	.LVL232:
 2426              	.L175:
 992:Middlewares/Third_Party/LwIP/src/core/pbuf.c ****       /* on to next p_to (if any) */
 2427              		.loc 1 992 5 is_stmt 1 view .LVU709
 992:Middlewares/Third_Party/LwIP/src/core/pbuf.c ****       /* on to next p_to (if any) */
 2428              		.loc 1 992 26 is_stmt 0 view .LVU710
 2429 00d0 6B89     		ldrh	r3, [r5, #10]
 992:Middlewares/Third_Party/LwIP/src/core/pbuf.c ****       /* on to next p_to (if any) */
 2430              		.loc 1 992 8 view .LVU711
 2431 00d2 4345     		cmp	r3, r8
 2432 00d4 BDD0     		beq	.L186
 2433              	.LVL233:
 2434              	.L176:
 996:Middlewares/Third_Party/LwIP/src/core/pbuf.c ****     }
 2435              		.loc 1 996 7 is_stmt 1 discriminator 2 view .LVU712
 996:Middlewares/Third_Party/LwIP/src/core/pbuf.c ****     }
 2436              		.loc 1 996 7 discriminator 2 view .LVU713
 999:Middlewares/Third_Party/LwIP/src/core/pbuf.c ****       /* don't copy more than one packet! */
 2437              		.loc 1 999 5 discriminator 2 view .LVU714
 999:Middlewares/Third_Party/LwIP/src/core/pbuf.c ****       /* don't copy more than one packet! */
 2438              		.loc 1 999 8 is_stmt 0 discriminator 2 view .LVU715
 2439 00d6 1CB1     		cbz	r4, .L177
 999:Middlewares/Third_Party/LwIP/src/core/pbuf.c ****       /* don't copy more than one packet! */
ARM GAS  /tmp/ccawya4i.s 			page 77


 2440              		.loc 1 999 36 discriminator 1 view .LVU716
 2441 00d8 6289     		ldrh	r2, [r4, #10]
 999:Middlewares/Third_Party/LwIP/src/core/pbuf.c ****       /* don't copy more than one packet! */
 2442              		.loc 1 999 51 discriminator 1 view .LVU717
 2443 00da 2389     		ldrh	r3, [r4, #8]
 999:Middlewares/Third_Party/LwIP/src/core/pbuf.c ****       /* don't copy more than one packet! */
 2444              		.loc 1 999 26 discriminator 1 view .LVU718
 2445 00dc 9A42     		cmp	r2, r3
 2446 00de CDD0     		beq	.L187
 2447              	.L177:
1001:Middlewares/Third_Party/LwIP/src/core/pbuf.c ****                  (p_from->next == NULL), return ERR_VAL;);
 2448              		.loc 1 1001 7 is_stmt 1 discriminator 2 view .LVU719
1001:Middlewares/Third_Party/LwIP/src/core/pbuf.c ****                  (p_from->next == NULL), return ERR_VAL;);
 2449              		.loc 1 1001 7 discriminator 2 view .LVU720
1004:Middlewares/Third_Party/LwIP/src/core/pbuf.c ****       /* don't copy more than one packet! */
 2450              		.loc 1 1004 5 discriminator 2 view .LVU721
1004:Middlewares/Third_Party/LwIP/src/core/pbuf.c ****       /* don't copy more than one packet! */
 2451              		.loc 1 1004 8 is_stmt 0 discriminator 2 view .LVU722
 2452 00e0 002D     		cmp	r5, #0
 2453 00e2 D7D0     		beq	.L178
1004:Middlewares/Third_Party/LwIP/src/core/pbuf.c ****       /* don't copy more than one packet! */
 2454              		.loc 1 1004 32 discriminator 1 view .LVU723
 2455 00e4 6A89     		ldrh	r2, [r5, #10]
1004:Middlewares/Third_Party/LwIP/src/core/pbuf.c ****       /* don't copy more than one packet! */
 2456              		.loc 1 1004 45 discriminator 1 view .LVU724
 2457 00e6 2B89     		ldrh	r3, [r5, #8]
1004:Middlewares/Third_Party/LwIP/src/core/pbuf.c ****       /* don't copy more than one packet! */
 2458              		.loc 1 1004 24 discriminator 1 view .LVU725
 2459 00e8 9A42     		cmp	r2, r3
 2460 00ea D3D1     		bne	.L178
1006:Middlewares/Third_Party/LwIP/src/core/pbuf.c ****                  (p_to->next == NULL), return ERR_VAL;);
 2461              		.loc 1 1006 7 is_stmt 1 view .LVU726
1006:Middlewares/Third_Party/LwIP/src/core/pbuf.c ****                  (p_to->next == NULL), return ERR_VAL;);
 2462              		.loc 1 1006 7 view .LVU727
 2463 00ec 2B68     		ldr	r3, [r5]
 2464 00ee 002B     		cmp	r3, #0
 2465 00f0 D0D0     		beq	.L178
1006:Middlewares/Third_Party/LwIP/src/core/pbuf.c ****                  (p_to->next == NULL), return ERR_VAL;);
 2466              		.loc 1 1006 7 discriminator 1 view .LVU728
1006:Middlewares/Third_Party/LwIP/src/core/pbuf.c ****                  (p_to->next == NULL), return ERR_VAL;);
 2467              		.loc 1 1006 7 discriminator 1 view .LVU729
 2468 00f2 064B     		ldr	r3, .L188
 2469 00f4 40F2EE32 		movw	r2, #1006
 2470 00f8 0A49     		ldr	r1, .L188+24
 2471 00fa 0648     		ldr	r0, .L188+8
 2472 00fc FFF7FEFF 		bl	printf
 2473              	.LVL234:
1006:Middlewares/Third_Party/LwIP/src/core/pbuf.c ****                  (p_to->next == NULL), return ERR_VAL;);
 2474              		.loc 1 1006 7 discriminator 1 view .LVU730
1006:Middlewares/Third_Party/LwIP/src/core/pbuf.c ****                  (p_to->next == NULL), return ERR_VAL;);
 2475              		.loc 1 1006 7 discriminator 1 view .LVU731
 2476 0100 6FF00500 		mvn	r0, #5
 2477 0104 00E0     		b	.L171
 2478              	.L183:
1011:Middlewares/Third_Party/LwIP/src/core/pbuf.c **** }
 2479              		.loc 1 1011 10 is_stmt 0 view .LVU732
 2480 0106 0020     		movs	r0, #0
ARM GAS  /tmp/ccawya4i.s 			page 78


 2481              	.LVL235:
 2482              	.L171:
1012:Middlewares/Third_Party/LwIP/src/core/pbuf.c **** 
 2483              		.loc 1 1012 1 view .LVU733
 2484 0108 BDE8F081 		pop	{r4, r5, r6, r7, r8, pc}
 2485              	.L189:
 2486              		.align	2
 2487              	.L188:
 2488 010c 00000000 		.word	.LC0
 2489 0110 00000000 		.word	.LC21
 2490 0114 3C000000 		.word	.LC2
 2491 0118 30000000 		.word	.LC22
 2492 011c 48000000 		.word	.LC23
 2493 0120 64000000 		.word	.LC24
 2494 0124 74000000 		.word	.LC25
 2495              		.cfi_endproc
 2496              	.LFE187:
 2498              		.section	.rodata.pbuf_copy_partial.str1.4,"aMS",%progbits,1
 2499              		.align	2
 2500              	.LC26:
 2501 0000 70627566 		.ascii	"pbuf_copy_partial: invalid buf\000"
 2501      5F636F70 
 2501      795F7061 
 2501      72746961 
 2501      6C3A2069 
 2502 001f 00       		.align	2
 2503              	.LC27:
 2504 0020 70627566 		.ascii	"pbuf_copy_partial: invalid dataptr\000"
 2504      5F636F70 
 2504      795F7061 
 2504      72746961 
 2504      6C3A2069 
 2505              		.section	.text.pbuf_copy_partial,"ax",%progbits
 2506              		.align	1
 2507              		.global	pbuf_copy_partial
 2508              		.syntax unified
 2509              		.thumb
 2510              		.thumb_func
 2512              	pbuf_copy_partial:
 2513              	.LVL236:
 2514              	.LFB188:
1028:Middlewares/Third_Party/LwIP/src/core/pbuf.c ****   const struct pbuf *p;
 2515              		.loc 1 1028 1 is_stmt 1 view -0
 2516              		.cfi_startproc
 2517              		@ args = 0, pretend = 0, frame = 0
 2518              		@ frame_needed = 0, uses_anonymous_args = 0
1028:Middlewares/Third_Party/LwIP/src/core/pbuf.c ****   const struct pbuf *p;
 2519              		.loc 1 1028 1 is_stmt 0 view .LVU735
 2520 0000 2DE9F843 		push	{r3, r4, r5, r6, r7, r8, r9, lr}
 2521              	.LCFI31:
 2522              		.cfi_def_cfa_offset 32
 2523              		.cfi_offset 3, -32
 2524              		.cfi_offset 4, -28
 2525              		.cfi_offset 5, -24
 2526              		.cfi_offset 6, -20
 2527              		.cfi_offset 7, -16
 2528              		.cfi_offset 8, -12
ARM GAS  /tmp/ccawya4i.s 			page 79


 2529              		.cfi_offset 9, -8
 2530              		.cfi_offset 14, -4
1029:Middlewares/Third_Party/LwIP/src/core/pbuf.c ****   u16_t left = 0;
 2531              		.loc 1 1029 3 is_stmt 1 view .LVU736
1030:Middlewares/Third_Party/LwIP/src/core/pbuf.c ****   u16_t buf_copy_len;
 2532              		.loc 1 1030 3 view .LVU737
 2533              	.LVL237:
1031:Middlewares/Third_Party/LwIP/src/core/pbuf.c ****   u16_t copied_total = 0;
 2534              		.loc 1 1031 3 view .LVU738
1032:Middlewares/Third_Party/LwIP/src/core/pbuf.c **** 
 2535              		.loc 1 1032 3 view .LVU739
1034:Middlewares/Third_Party/LwIP/src/core/pbuf.c ****   LWIP_ERROR("pbuf_copy_partial: invalid dataptr", (dataptr != NULL), return 0;);
 2536              		.loc 1 1034 3 view .LVU740
1034:Middlewares/Third_Party/LwIP/src/core/pbuf.c ****   LWIP_ERROR("pbuf_copy_partial: invalid dataptr", (dataptr != NULL), return 0;);
 2537              		.loc 1 1034 3 view .LVU741
 2538 0004 30B1     		cbz	r0, .L202
 2539 0006 8846     		mov	r8, r1
 2540 0008 9146     		mov	r9, r2
 2541 000a 0546     		mov	r5, r0
1034:Middlewares/Third_Party/LwIP/src/core/pbuf.c ****   LWIP_ERROR("pbuf_copy_partial: invalid dataptr", (dataptr != NULL), return 0;);
 2542              		.loc 1 1034 3 discriminator 2 view .LVU742
1034:Middlewares/Third_Party/LwIP/src/core/pbuf.c ****   LWIP_ERROR("pbuf_copy_partial: invalid dataptr", (dataptr != NULL), return 0;);
 2543              		.loc 1 1034 3 discriminator 2 view .LVU743
1035:Middlewares/Third_Party/LwIP/src/core/pbuf.c **** 
 2544              		.loc 1 1035 3 discriminator 2 view .LVU744
1035:Middlewares/Third_Party/LwIP/src/core/pbuf.c **** 
 2545              		.loc 1 1035 3 discriminator 2 view .LVU745
 2546 000c 69B1     		cbz	r1, .L203
1032:Middlewares/Third_Party/LwIP/src/core/pbuf.c **** 
 2547              		.loc 1 1032 9 is_stmt 0 view .LVU746
 2548 000e 0027     		movs	r7, #0
1030:Middlewares/Third_Party/LwIP/src/core/pbuf.c ****   u16_t buf_copy_len;
 2549              		.loc 1 1030 9 view .LVU747
 2550 0010 3E46     		mov	r6, r7
 2551 0012 2AE0     		b	.L193
 2552              	.L202:
1034:Middlewares/Third_Party/LwIP/src/core/pbuf.c ****   LWIP_ERROR("pbuf_copy_partial: invalid dataptr", (dataptr != NULL), return 0;);
 2553              		.loc 1 1034 3 is_stmt 1 discriminator 1 view .LVU748
1034:Middlewares/Third_Party/LwIP/src/core/pbuf.c ****   LWIP_ERROR("pbuf_copy_partial: invalid dataptr", (dataptr != NULL), return 0;);
 2554              		.loc 1 1034 3 discriminator 1 view .LVU749
 2555 0014 1D4B     		ldr	r3, .L204
 2556              	.LVL238:
1034:Middlewares/Third_Party/LwIP/src/core/pbuf.c ****   LWIP_ERROR("pbuf_copy_partial: invalid dataptr", (dataptr != NULL), return 0;);
 2557              		.loc 1 1034 3 is_stmt 0 discriminator 1 view .LVU750
 2558 0016 40F20A42 		movw	r2, #1034
 2559              	.LVL239:
1034:Middlewares/Third_Party/LwIP/src/core/pbuf.c ****   LWIP_ERROR("pbuf_copy_partial: invalid dataptr", (dataptr != NULL), return 0;);
 2560              		.loc 1 1034 3 discriminator 1 view .LVU751
 2561 001a 1D49     		ldr	r1, .L204+4
 2562              	.LVL240:
1034:Middlewares/Third_Party/LwIP/src/core/pbuf.c ****   LWIP_ERROR("pbuf_copy_partial: invalid dataptr", (dataptr != NULL), return 0;);
 2563              		.loc 1 1034 3 discriminator 1 view .LVU752
 2564 001c 1D48     		ldr	r0, .L204+8
 2565              	.LVL241:
1034:Middlewares/Third_Party/LwIP/src/core/pbuf.c ****   LWIP_ERROR("pbuf_copy_partial: invalid dataptr", (dataptr != NULL), return 0;);
 2566              		.loc 1 1034 3 discriminator 1 view .LVU753
 2567 001e FFF7FEFF 		bl	printf
ARM GAS  /tmp/ccawya4i.s 			page 80


 2568              	.LVL242:
1034:Middlewares/Third_Party/LwIP/src/core/pbuf.c ****   LWIP_ERROR("pbuf_copy_partial: invalid dataptr", (dataptr != NULL), return 0;);
 2569              		.loc 1 1034 3 is_stmt 1 discriminator 1 view .LVU754
1034:Middlewares/Third_Party/LwIP/src/core/pbuf.c ****   LWIP_ERROR("pbuf_copy_partial: invalid dataptr", (dataptr != NULL), return 0;);
 2570              		.loc 1 1034 3 discriminator 1 view .LVU755
 2571 0022 0027     		movs	r7, #0
 2572              	.LVL243:
 2573              	.L192:
1057:Middlewares/Third_Party/LwIP/src/core/pbuf.c **** 
 2574              		.loc 1 1057 1 is_stmt 0 view .LVU756
 2575 0024 3846     		mov	r0, r7
 2576 0026 BDE8F883 		pop	{r3, r4, r5, r6, r7, r8, r9, pc}
 2577              	.LVL244:
 2578              	.L203:
1035:Middlewares/Third_Party/LwIP/src/core/pbuf.c **** 
 2579              		.loc 1 1035 3 is_stmt 1 discriminator 1 view .LVU757
1035:Middlewares/Third_Party/LwIP/src/core/pbuf.c **** 
 2580              		.loc 1 1035 3 discriminator 1 view .LVU758
 2581 002a 184B     		ldr	r3, .L204
 2582              	.LVL245:
1035:Middlewares/Third_Party/LwIP/src/core/pbuf.c **** 
 2583              		.loc 1 1035 3 is_stmt 0 discriminator 1 view .LVU759
 2584 002c 40F20B42 		movw	r2, #1035
 2585              	.LVL246:
1035:Middlewares/Third_Party/LwIP/src/core/pbuf.c **** 
 2586              		.loc 1 1035 3 discriminator 1 view .LVU760
 2587 0030 1949     		ldr	r1, .L204+12
 2588              	.LVL247:
1035:Middlewares/Third_Party/LwIP/src/core/pbuf.c **** 
 2589              		.loc 1 1035 3 discriminator 1 view .LVU761
 2590 0032 1848     		ldr	r0, .L204+8
 2591              	.LVL248:
1035:Middlewares/Third_Party/LwIP/src/core/pbuf.c **** 
 2592              		.loc 1 1035 3 discriminator 1 view .LVU762
 2593 0034 FFF7FEFF 		bl	printf
 2594              	.LVL249:
1035:Middlewares/Third_Party/LwIP/src/core/pbuf.c **** 
 2595              		.loc 1 1035 3 is_stmt 1 discriminator 1 view .LVU763
1035:Middlewares/Third_Party/LwIP/src/core/pbuf.c **** 
 2596              		.loc 1 1035 3 discriminator 1 view .LVU764
 2597 0038 0027     		movs	r7, #0
 2598 003a F3E7     		b	.L192
 2599              	.LVL250:
 2600              	.L194:
1044:Middlewares/Third_Party/LwIP/src/core/pbuf.c ****       if (buf_copy_len > len) {
 2601              		.loc 1 1044 7 view .LVU765
1044:Middlewares/Third_Party/LwIP/src/core/pbuf.c ****       if (buf_copy_len > len) {
 2602              		.loc 1 1044 31 is_stmt 0 view .LVU766
 2603 003c 6C89     		ldrh	r4, [r5, #10]
1044:Middlewares/Third_Party/LwIP/src/core/pbuf.c ****       if (buf_copy_len > len) {
 2604              		.loc 1 1044 20 view .LVU767
 2605 003e E41A     		subs	r4, r4, r3
 2606 0040 A4B2     		uxth	r4, r4
 2607              	.LVL251:
1045:Middlewares/Third_Party/LwIP/src/core/pbuf.c ****         buf_copy_len = len;
 2608              		.loc 1 1045 7 is_stmt 1 view .LVU768
1045:Middlewares/Third_Party/LwIP/src/core/pbuf.c ****         buf_copy_len = len;
ARM GAS  /tmp/ccawya4i.s 			page 81


 2609              		.loc 1 1045 10 is_stmt 0 view .LVU769
 2610 0042 A145     		cmp	r9, r4
 2611 0044 00D2     		bcs	.L196
1046:Middlewares/Third_Party/LwIP/src/core/pbuf.c ****       }
 2612              		.loc 1 1046 22 view .LVU770
 2613 0046 4C46     		mov	r4, r9
 2614              	.LVL252:
 2615              	.L196:
1049:Middlewares/Third_Party/LwIP/src/core/pbuf.c ****       copied_total = (u16_t)(copied_total + buf_copy_len);
 2616              		.loc 1 1049 7 is_stmt 1 view .LVU771
 2617 0048 6968     		ldr	r1, [r5, #4]
 2618 004a 2246     		mov	r2, r4
 2619 004c 1944     		add	r1, r1, r3
 2620 004e 08EB0600 		add	r0, r8, r6
 2621 0052 FFF7FEFF 		bl	memcpy
 2622              	.LVL253:
1050:Middlewares/Third_Party/LwIP/src/core/pbuf.c ****       left = (u16_t)(left + buf_copy_len);
 2623              		.loc 1 1050 7 view .LVU772
1050:Middlewares/Third_Party/LwIP/src/core/pbuf.c ****       left = (u16_t)(left + buf_copy_len);
 2624              		.loc 1 1050 20 is_stmt 0 view .LVU773
 2625 0056 2744     		add	r7, r7, r4
 2626              	.LVL254:
1050:Middlewares/Third_Party/LwIP/src/core/pbuf.c ****       left = (u16_t)(left + buf_copy_len);
 2627              		.loc 1 1050 20 view .LVU774
 2628 0058 BFB2     		uxth	r7, r7
 2629              	.LVL255:
1051:Middlewares/Third_Party/LwIP/src/core/pbuf.c ****       len = (u16_t)(len - buf_copy_len);
 2630              		.loc 1 1051 7 is_stmt 1 view .LVU775
1051:Middlewares/Third_Party/LwIP/src/core/pbuf.c ****       len = (u16_t)(len - buf_copy_len);
 2631              		.loc 1 1051 12 is_stmt 0 view .LVU776
 2632 005a 2644     		add	r6, r6, r4
 2633              	.LVL256:
1051:Middlewares/Third_Party/LwIP/src/core/pbuf.c ****       len = (u16_t)(len - buf_copy_len);
 2634              		.loc 1 1051 12 view .LVU777
 2635 005c B6B2     		uxth	r6, r6
 2636              	.LVL257:
1052:Middlewares/Third_Party/LwIP/src/core/pbuf.c ****       offset = 0;
 2637              		.loc 1 1052 7 is_stmt 1 view .LVU778
1052:Middlewares/Third_Party/LwIP/src/core/pbuf.c ****       offset = 0;
 2638              		.loc 1 1052 11 is_stmt 0 view .LVU779
 2639 005e A9EB0404 		sub	r4, r9, r4
 2640              	.LVL258:
1052:Middlewares/Third_Party/LwIP/src/core/pbuf.c ****       offset = 0;
 2641              		.loc 1 1052 11 view .LVU780
 2642 0062 1FFA84F9 		uxth	r9, r4
 2643              	.LVL259:
1053:Middlewares/Third_Party/LwIP/src/core/pbuf.c ****     }
 2644              		.loc 1 1053 7 is_stmt 1 view .LVU781
1053:Middlewares/Third_Party/LwIP/src/core/pbuf.c ****     }
 2645              		.loc 1 1053 14 is_stmt 0 view .LVU782
 2646 0066 0023     		movs	r3, #0
 2647              	.LVL260:
 2648              	.L195:
1038:Middlewares/Third_Party/LwIP/src/core/pbuf.c ****     if ((offset != 0) && (offset >= p->len)) {
 2649              		.loc 1 1038 42 is_stmt 1 discriminator 2 view .LVU783
 2650 0068 2D68     		ldr	r5, [r5]
 2651              	.LVL261:
ARM GAS  /tmp/ccawya4i.s 			page 82


 2652              	.L193:
1038:Middlewares/Third_Party/LwIP/src/core/pbuf.c ****     if ((offset != 0) && (offset >= p->len)) {
 2653              		.loc 1 1038 26 discriminator 1 view .LVU784
1038:Middlewares/Third_Party/LwIP/src/core/pbuf.c ****     if ((offset != 0) && (offset >= p->len)) {
 2654              		.loc 1 1038 31 is_stmt 0 discriminator 1 view .LVU785
 2655 006a 2A1E     		subs	r2, r5, #0
 2656 006c 18BF     		it	ne
 2657 006e 0122     		movne	r2, #1
1038:Middlewares/Third_Party/LwIP/src/core/pbuf.c ****     if ((offset != 0) && (offset >= p->len)) {
 2658              		.loc 1 1038 26 discriminator 1 view .LVU786
 2659 0070 B9F1000F 		cmp	r9, #0
 2660 0074 D6D0     		beq	.L192
1038:Middlewares/Third_Party/LwIP/src/core/pbuf.c ****     if ((offset != 0) && (offset >= p->len)) {
 2661              		.loc 1 1038 26 discriminator 1 view .LVU787
 2662 0076 002A     		cmp	r2, #0
 2663 0078 D4D0     		beq	.L192
1039:Middlewares/Third_Party/LwIP/src/core/pbuf.c ****       /* don't copy from this buffer -> on to the next */
 2664              		.loc 1 1039 5 is_stmt 1 view .LVU788
1039:Middlewares/Third_Party/LwIP/src/core/pbuf.c ****       /* don't copy from this buffer -> on to the next */
 2665              		.loc 1 1039 8 is_stmt 0 view .LVU789
 2666 007a 002B     		cmp	r3, #0
 2667 007c DED0     		beq	.L194
1039:Middlewares/Third_Party/LwIP/src/core/pbuf.c ****       /* don't copy from this buffer -> on to the next */
 2668              		.loc 1 1039 38 discriminator 1 view .LVU790
 2669 007e 6A89     		ldrh	r2, [r5, #10]
1039:Middlewares/Third_Party/LwIP/src/core/pbuf.c ****       /* don't copy from this buffer -> on to the next */
 2670              		.loc 1 1039 23 discriminator 1 view .LVU791
 2671 0080 9A42     		cmp	r2, r3
 2672 0082 DBD8     		bhi	.L194
1041:Middlewares/Third_Party/LwIP/src/core/pbuf.c ****     } else {
 2673              		.loc 1 1041 7 is_stmt 1 view .LVU792
1041:Middlewares/Third_Party/LwIP/src/core/pbuf.c ****     } else {
 2674              		.loc 1 1041 14 is_stmt 0 view .LVU793
 2675 0084 9B1A     		subs	r3, r3, r2
 2676              	.LVL262:
1041:Middlewares/Third_Party/LwIP/src/core/pbuf.c ****     } else {
 2677              		.loc 1 1041 14 view .LVU794
 2678 0086 9BB2     		uxth	r3, r3
 2679              	.LVL263:
1041:Middlewares/Third_Party/LwIP/src/core/pbuf.c ****     } else {
 2680              		.loc 1 1041 14 view .LVU795
 2681 0088 EEE7     		b	.L195
 2682              	.L205:
 2683 008a 00BF     		.align	2
 2684              	.L204:
 2685 008c 00000000 		.word	.LC0
 2686 0090 00000000 		.word	.LC26
 2687 0094 3C000000 		.word	.LC2
 2688 0098 20000000 		.word	.LC27
 2689              		.cfi_endproc
 2690              	.LFE188:
 2692              		.section	.rodata.pbuf_get_contiguous.str1.4,"aMS",%progbits,1
 2693              		.align	2
 2694              	.LC28:
 2695 0000 70627566 		.ascii	"pbuf_get_contiguous: invalid buf\000"
 2695      5F676574 
 2695      5F636F6E 
ARM GAS  /tmp/ccawya4i.s 			page 83


 2695      74696775 
 2695      6F75733A 
 2696 0021 000000   		.align	2
 2697              	.LC29:
 2698 0024 70627566 		.ascii	"pbuf_get_contiguous: invalid dataptr\000"
 2698      5F676574 
 2698      5F636F6E 
 2698      74696775 
 2698      6F75733A 
 2699              		.section	.text.pbuf_get_contiguous,"ax",%progbits
 2700              		.align	1
 2701              		.global	pbuf_get_contiguous
 2702              		.syntax unified
 2703              		.thumb
 2704              		.thumb_func
 2706              	pbuf_get_contiguous:
 2707              	.LVL264:
 2708              	.LFB189:
1075:Middlewares/Third_Party/LwIP/src/core/pbuf.c ****   const struct pbuf *q;
 2709              		.loc 1 1075 1 is_stmt 1 view -0
 2710              		.cfi_startproc
 2711              		@ args = 4, pretend = 0, frame = 8
 2712              		@ frame_needed = 0, uses_anonymous_args = 0
1075:Middlewares/Third_Party/LwIP/src/core/pbuf.c ****   const struct pbuf *q;
 2713              		.loc 1 1075 1 is_stmt 0 view .LVU797
 2714 0000 70B5     		push	{r4, r5, r6, lr}
 2715              	.LCFI32:
 2716              		.cfi_def_cfa_offset 16
 2717              		.cfi_offset 4, -16
 2718              		.cfi_offset 5, -12
 2719              		.cfi_offset 6, -8
 2720              		.cfi_offset 14, -4
 2721 0002 82B0     		sub	sp, sp, #8
 2722              	.LCFI33:
 2723              		.cfi_def_cfa_offset 24
1076:Middlewares/Third_Party/LwIP/src/core/pbuf.c ****   u16_t out_offset;
 2724              		.loc 1 1076 3 is_stmt 1 view .LVU798
1077:Middlewares/Third_Party/LwIP/src/core/pbuf.c **** 
 2725              		.loc 1 1077 3 view .LVU799
1079:Middlewares/Third_Party/LwIP/src/core/pbuf.c ****   LWIP_ERROR("pbuf_get_contiguous: invalid dataptr", (buffer != NULL), return NULL;);
 2726              		.loc 1 1079 3 view .LVU800
1079:Middlewares/Third_Party/LwIP/src/core/pbuf.c ****   LWIP_ERROR("pbuf_get_contiguous: invalid dataptr", (buffer != NULL), return NULL;);
 2727              		.loc 1 1079 3 view .LVU801
 2728 0004 0446     		mov	r4, r0
 2729 0006 A8B1     		cbz	r0, .L214
 2730 0008 0E46     		mov	r6, r1
 2731 000a 1D46     		mov	r5, r3
1079:Middlewares/Third_Party/LwIP/src/core/pbuf.c ****   LWIP_ERROR("pbuf_get_contiguous: invalid dataptr", (buffer != NULL), return NULL;);
 2732              		.loc 1 1079 3 discriminator 2 view .LVU802
1079:Middlewares/Third_Party/LwIP/src/core/pbuf.c ****   LWIP_ERROR("pbuf_get_contiguous: invalid dataptr", (buffer != NULL), return NULL;);
 2733              		.loc 1 1079 3 discriminator 2 view .LVU803
1080:Middlewares/Third_Party/LwIP/src/core/pbuf.c ****   LWIP_ERROR("pbuf_get_contiguous: invalid dataptr", (bufsize >= len), return NULL;);
 2734              		.loc 1 1080 3 discriminator 2 view .LVU804
1080:Middlewares/Third_Party/LwIP/src/core/pbuf.c ****   LWIP_ERROR("pbuf_get_contiguous: invalid dataptr", (bufsize >= len), return NULL;);
 2735              		.loc 1 1080 3 discriminator 2 view .LVU805
 2736 000c D9B1     		cbz	r1, .L215
1080:Middlewares/Third_Party/LwIP/src/core/pbuf.c ****   LWIP_ERROR("pbuf_get_contiguous: invalid dataptr", (bufsize >= len), return NULL;);
ARM GAS  /tmp/ccawya4i.s 			page 84


 2737              		.loc 1 1080 3 discriminator 2 view .LVU806
1080:Middlewares/Third_Party/LwIP/src/core/pbuf.c ****   LWIP_ERROR("pbuf_get_contiguous: invalid dataptr", (bufsize >= len), return NULL;);
 2738              		.loc 1 1080 3 discriminator 2 view .LVU807
1081:Middlewares/Third_Party/LwIP/src/core/pbuf.c **** 
 2739              		.loc 1 1081 3 discriminator 2 view .LVU808
1081:Middlewares/Third_Party/LwIP/src/core/pbuf.c **** 
 2740              		.loc 1 1081 3 discriminator 2 view .LVU809
 2741 000e 9342     		cmp	r3, r2
 2742 0010 22D8     		bhi	.L216
1081:Middlewares/Third_Party/LwIP/src/core/pbuf.c **** 
 2743              		.loc 1 1081 3 discriminator 2 view .LVU810
1081:Middlewares/Third_Party/LwIP/src/core/pbuf.c **** 
 2744              		.loc 1 1081 3 discriminator 2 view .LVU811
1083:Middlewares/Third_Party/LwIP/src/core/pbuf.c ****   if (q != NULL) {
 2745              		.loc 1 1083 3 discriminator 2 view .LVU812
1083:Middlewares/Third_Party/LwIP/src/core/pbuf.c ****   if (q != NULL) {
 2746              		.loc 1 1083 7 is_stmt 0 discriminator 2 view .LVU813
 2747 0012 0DF10602 		add	r2, sp, #6
 2748              	.LVL265:
1083:Middlewares/Third_Party/LwIP/src/core/pbuf.c ****   if (q != NULL) {
 2749              		.loc 1 1083 7 discriminator 2 view .LVU814
 2750 0016 BDF81810 		ldrh	r1, [sp, #24]
 2751              	.LVL266:
1083:Middlewares/Third_Party/LwIP/src/core/pbuf.c ****   if (q != NULL) {
 2752              		.loc 1 1083 7 discriminator 2 view .LVU815
 2753 001a FFF7FEFF 		bl	pbuf_skip_const
 2754              	.LVL267:
1084:Middlewares/Third_Party/LwIP/src/core/pbuf.c ****     if (q->len >= (out_offset + len)) {
 2755              		.loc 1 1084 3 is_stmt 1 discriminator 2 view .LVU816
1084:Middlewares/Third_Party/LwIP/src/core/pbuf.c ****     if (q->len >= (out_offset + len)) {
 2756              		.loc 1 1084 6 is_stmt 0 discriminator 2 view .LVU817
 2757 001e 38B1     		cbz	r0, .L206
1085:Middlewares/Third_Party/LwIP/src/core/pbuf.c ****       /* all data in this pbuf, return zero-copy */
 2758              		.loc 1 1085 5 is_stmt 1 view .LVU818
1085:Middlewares/Third_Party/LwIP/src/core/pbuf.c ****       /* all data in this pbuf, return zero-copy */
 2759              		.loc 1 1085 10 is_stmt 0 view .LVU819
 2760 0020 4189     		ldrh	r1, [r0, #10]
1085:Middlewares/Third_Party/LwIP/src/core/pbuf.c ****       /* all data in this pbuf, return zero-copy */
 2761              		.loc 1 1085 31 view .LVU820
 2762 0022 BDF80630 		ldrh	r3, [sp, #6]
 2763 0026 5A19     		adds	r2, r3, r5
1085:Middlewares/Third_Party/LwIP/src/core/pbuf.c ****       /* all data in this pbuf, return zero-copy */
 2764              		.loc 1 1085 8 view .LVU821
 2765 0028 9142     		cmp	r1, r2
 2766 002a 1EDB     		blt	.L211
1087:Middlewares/Third_Party/LwIP/src/core/pbuf.c ****     }
 2767              		.loc 1 1087 7 is_stmt 1 view .LVU822
1087:Middlewares/Third_Party/LwIP/src/core/pbuf.c ****     }
 2768              		.loc 1 1087 23 is_stmt 0 view .LVU823
 2769 002c 4068     		ldr	r0, [r0, #4]
 2770              	.LVL268:
1087:Middlewares/Third_Party/LwIP/src/core/pbuf.c ****     }
 2771              		.loc 1 1087 33 view .LVU824
 2772 002e 1844     		add	r0, r0, r3
 2773              	.LVL269:
 2774              	.L206:
1098:Middlewares/Third_Party/LwIP/src/core/pbuf.c **** 
ARM GAS  /tmp/ccawya4i.s 			page 85


 2775              		.loc 1 1098 1 view .LVU825
 2776 0030 02B0     		add	sp, sp, #8
 2777              	.LCFI34:
 2778              		.cfi_remember_state
 2779              		.cfi_def_cfa_offset 16
 2780              		@ sp needed
 2781 0032 70BD     		pop	{r4, r5, r6, pc}
 2782              	.LVL270:
 2783              	.L214:
 2784              	.LCFI35:
 2785              		.cfi_restore_state
1079:Middlewares/Third_Party/LwIP/src/core/pbuf.c ****   LWIP_ERROR("pbuf_get_contiguous: invalid dataptr", (buffer != NULL), return NULL;);
 2786              		.loc 1 1079 3 is_stmt 1 discriminator 1 view .LVU826
1079:Middlewares/Third_Party/LwIP/src/core/pbuf.c ****   LWIP_ERROR("pbuf_get_contiguous: invalid dataptr", (buffer != NULL), return NULL;);
 2787              		.loc 1 1079 3 discriminator 1 view .LVU827
 2788 0034 124B     		ldr	r3, .L218
 2789              	.LVL271:
1079:Middlewares/Third_Party/LwIP/src/core/pbuf.c ****   LWIP_ERROR("pbuf_get_contiguous: invalid dataptr", (buffer != NULL), return NULL;);
 2790              		.loc 1 1079 3 is_stmt 0 discriminator 1 view .LVU828
 2791 0036 40F23742 		movw	r2, #1079
 2792              	.LVL272:
1079:Middlewares/Third_Party/LwIP/src/core/pbuf.c ****   LWIP_ERROR("pbuf_get_contiguous: invalid dataptr", (buffer != NULL), return NULL;);
 2793              		.loc 1 1079 3 discriminator 1 view .LVU829
 2794 003a 1249     		ldr	r1, .L218+4
 2795              	.LVL273:
1079:Middlewares/Third_Party/LwIP/src/core/pbuf.c ****   LWIP_ERROR("pbuf_get_contiguous: invalid dataptr", (buffer != NULL), return NULL;);
 2796              		.loc 1 1079 3 discriminator 1 view .LVU830
 2797 003c 1248     		ldr	r0, .L218+8
 2798              	.LVL274:
1079:Middlewares/Third_Party/LwIP/src/core/pbuf.c ****   LWIP_ERROR("pbuf_get_contiguous: invalid dataptr", (buffer != NULL), return NULL;);
 2799              		.loc 1 1079 3 discriminator 1 view .LVU831
 2800 003e FFF7FEFF 		bl	printf
 2801              	.LVL275:
1079:Middlewares/Third_Party/LwIP/src/core/pbuf.c ****   LWIP_ERROR("pbuf_get_contiguous: invalid dataptr", (buffer != NULL), return NULL;);
 2802              		.loc 1 1079 3 is_stmt 1 discriminator 1 view .LVU832
1079:Middlewares/Third_Party/LwIP/src/core/pbuf.c ****   LWIP_ERROR("pbuf_get_contiguous: invalid dataptr", (buffer != NULL), return NULL;);
 2803              		.loc 1 1079 3 discriminator 1 view .LVU833
 2804 0042 2046     		mov	r0, r4
 2805 0044 F4E7     		b	.L206
 2806              	.LVL276:
 2807              	.L215:
1080:Middlewares/Third_Party/LwIP/src/core/pbuf.c ****   LWIP_ERROR("pbuf_get_contiguous: invalid dataptr", (bufsize >= len), return NULL;);
 2808              		.loc 1 1080 3 discriminator 1 view .LVU834
1080:Middlewares/Third_Party/LwIP/src/core/pbuf.c ****   LWIP_ERROR("pbuf_get_contiguous: invalid dataptr", (bufsize >= len), return NULL;);
 2809              		.loc 1 1080 3 discriminator 1 view .LVU835
 2810 0046 0E4B     		ldr	r3, .L218
 2811              	.LVL277:
1080:Middlewares/Third_Party/LwIP/src/core/pbuf.c ****   LWIP_ERROR("pbuf_get_contiguous: invalid dataptr", (bufsize >= len), return NULL;);
 2812              		.loc 1 1080 3 is_stmt 0 discriminator 1 view .LVU836
 2813 0048 4FF48762 		mov	r2, #1080
 2814              	.LVL278:
1080:Middlewares/Third_Party/LwIP/src/core/pbuf.c ****   LWIP_ERROR("pbuf_get_contiguous: invalid dataptr", (bufsize >= len), return NULL;);
 2815              		.loc 1 1080 3 discriminator 1 view .LVU837
 2816 004c 0F49     		ldr	r1, .L218+12
 2817              	.LVL279:
1080:Middlewares/Third_Party/LwIP/src/core/pbuf.c ****   LWIP_ERROR("pbuf_get_contiguous: invalid dataptr", (bufsize >= len), return NULL;);
 2818              		.loc 1 1080 3 discriminator 1 view .LVU838
ARM GAS  /tmp/ccawya4i.s 			page 86


 2819 004e 0E48     		ldr	r0, .L218+8
 2820              	.LVL280:
1080:Middlewares/Third_Party/LwIP/src/core/pbuf.c ****   LWIP_ERROR("pbuf_get_contiguous: invalid dataptr", (bufsize >= len), return NULL;);
 2821              		.loc 1 1080 3 discriminator 1 view .LVU839
 2822 0050 FFF7FEFF 		bl	printf
 2823              	.LVL281:
1080:Middlewares/Third_Party/LwIP/src/core/pbuf.c ****   LWIP_ERROR("pbuf_get_contiguous: invalid dataptr", (bufsize >= len), return NULL;);
 2824              		.loc 1 1080 3 is_stmt 1 discriminator 1 view .LVU840
1080:Middlewares/Third_Party/LwIP/src/core/pbuf.c ****   LWIP_ERROR("pbuf_get_contiguous: invalid dataptr", (bufsize >= len), return NULL;);
 2825              		.loc 1 1080 3 discriminator 1 view .LVU841
 2826 0054 3046     		mov	r0, r6
 2827 0056 EBE7     		b	.L206
 2828              	.LVL282:
 2829              	.L216:
1081:Middlewares/Third_Party/LwIP/src/core/pbuf.c **** 
 2830              		.loc 1 1081 3 discriminator 1 view .LVU842
1081:Middlewares/Third_Party/LwIP/src/core/pbuf.c **** 
 2831              		.loc 1 1081 3 discriminator 1 view .LVU843
 2832 0058 094B     		ldr	r3, .L218
 2833              	.LVL283:
1081:Middlewares/Third_Party/LwIP/src/core/pbuf.c **** 
 2834              		.loc 1 1081 3 is_stmt 0 discriminator 1 view .LVU844
 2835 005a 40F23942 		movw	r2, #1081
 2836              	.LVL284:
1081:Middlewares/Third_Party/LwIP/src/core/pbuf.c **** 
 2837              		.loc 1 1081 3 discriminator 1 view .LVU845
 2838 005e 0B49     		ldr	r1, .L218+12
 2839              	.LVL285:
1081:Middlewares/Third_Party/LwIP/src/core/pbuf.c **** 
 2840              		.loc 1 1081 3 discriminator 1 view .LVU846
 2841 0060 0948     		ldr	r0, .L218+8
 2842              	.LVL286:
1081:Middlewares/Third_Party/LwIP/src/core/pbuf.c **** 
 2843              		.loc 1 1081 3 discriminator 1 view .LVU847
 2844 0062 FFF7FEFF 		bl	printf
 2845              	.LVL287:
1081:Middlewares/Third_Party/LwIP/src/core/pbuf.c **** 
 2846              		.loc 1 1081 3 is_stmt 1 discriminator 1 view .LVU848
1081:Middlewares/Third_Party/LwIP/src/core/pbuf.c **** 
 2847              		.loc 1 1081 3 discriminator 1 view .LVU849
 2848 0066 0020     		movs	r0, #0
 2849 0068 E2E7     		b	.L206
 2850              	.LVL288:
 2851              	.L211:
1090:Middlewares/Third_Party/LwIP/src/core/pbuf.c ****       /* copying failed: pbuf is too short */
 2852              		.loc 1 1090 5 view .LVU850
1090:Middlewares/Third_Party/LwIP/src/core/pbuf.c ****       /* copying failed: pbuf is too short */
 2853              		.loc 1 1090 9 is_stmt 0 view .LVU851
 2854 006a 2A46     		mov	r2, r5
 2855 006c 3146     		mov	r1, r6
 2856 006e FFF7FEFF 		bl	pbuf_copy_partial
 2857              	.LVL289:
1090:Middlewares/Third_Party/LwIP/src/core/pbuf.c ****       /* copying failed: pbuf is too short */
 2858              		.loc 1 1090 8 view .LVU852
 2859 0072 A842     		cmp	r0, r5
 2860 0074 01D1     		bne	.L217
1094:Middlewares/Third_Party/LwIP/src/core/pbuf.c ****   }
ARM GAS  /tmp/ccawya4i.s 			page 87


 2861              		.loc 1 1094 12 view .LVU853
 2862 0076 3046     		mov	r0, r6
 2863 0078 DAE7     		b	.L206
 2864              	.L217:
1092:Middlewares/Third_Party/LwIP/src/core/pbuf.c ****     }
 2865              		.loc 1 1092 14 view .LVU854
 2866 007a 0020     		movs	r0, #0
 2867 007c D8E7     		b	.L206
 2868              	.L219:
 2869 007e 00BF     		.align	2
 2870              	.L218:
 2871 0080 00000000 		.word	.LC0
 2872 0084 00000000 		.word	.LC28
 2873 0088 3C000000 		.word	.LC2
 2874 008c 24000000 		.word	.LC29
 2875              		.cfi_endproc
 2876              	.LFE189:
 2878              		.section	.text.pbuf_skip,"ax",%progbits
 2879              		.align	1
 2880              		.global	pbuf_skip
 2881              		.syntax unified
 2882              		.thumb
 2883              		.thumb_func
 2885              	pbuf_skip:
 2886              	.LVL290:
 2887              	.LFB191:
1167:Middlewares/Third_Party/LwIP/src/core/pbuf.c **** 
1168:Middlewares/Third_Party/LwIP/src/core/pbuf.c **** /**
1169:Middlewares/Third_Party/LwIP/src/core/pbuf.c ****  * @ingroup pbuf
1170:Middlewares/Third_Party/LwIP/src/core/pbuf.c ****  * Skip a number of bytes at the start of a pbuf
1171:Middlewares/Third_Party/LwIP/src/core/pbuf.c ****  *
1172:Middlewares/Third_Party/LwIP/src/core/pbuf.c ****  * @param in input pbuf
1173:Middlewares/Third_Party/LwIP/src/core/pbuf.c ****  * @param in_offset offset to skip
1174:Middlewares/Third_Party/LwIP/src/core/pbuf.c ****  * @param out_offset resulting offset in the returned pbuf
1175:Middlewares/Third_Party/LwIP/src/core/pbuf.c ****  * @return the pbuf in the queue where the offset is
1176:Middlewares/Third_Party/LwIP/src/core/pbuf.c ****  */
1177:Middlewares/Third_Party/LwIP/src/core/pbuf.c **** struct pbuf *
1178:Middlewares/Third_Party/LwIP/src/core/pbuf.c **** pbuf_skip(struct pbuf *in, u16_t in_offset, u16_t *out_offset)
1179:Middlewares/Third_Party/LwIP/src/core/pbuf.c **** {
 2888              		.loc 1 1179 1 is_stmt 1 view -0
 2889              		.cfi_startproc
 2890              		@ args = 0, pretend = 0, frame = 0
 2891              		@ frame_needed = 0, uses_anonymous_args = 0
 2892              		.loc 1 1179 1 is_stmt 0 view .LVU856
 2893 0000 08B5     		push	{r3, lr}
 2894              	.LCFI36:
 2895              		.cfi_def_cfa_offset 8
 2896              		.cfi_offset 3, -8
 2897              		.cfi_offset 14, -4
1180:Middlewares/Third_Party/LwIP/src/core/pbuf.c ****   const struct pbuf *out = pbuf_skip_const(in, in_offset, out_offset);
 2898              		.loc 1 1180 3 is_stmt 1 view .LVU857
 2899              		.loc 1 1180 28 is_stmt 0 view .LVU858
 2900 0002 FFF7FEFF 		bl	pbuf_skip_const
 2901              	.LVL291:
1181:Middlewares/Third_Party/LwIP/src/core/pbuf.c ****   return LWIP_CONST_CAST(struct pbuf *, out);
 2902              		.loc 1 1181 3 is_stmt 1 view .LVU859
1182:Middlewares/Third_Party/LwIP/src/core/pbuf.c **** }
ARM GAS  /tmp/ccawya4i.s 			page 88


 2903              		.loc 1 1182 1 is_stmt 0 view .LVU860
 2904 0006 08BD     		pop	{r3, pc}
 2905              		.cfi_endproc
 2906              	.LFE191:
 2908              		.section	.rodata.pbuf_take.str1.4,"aMS",%progbits,1
 2909              		.align	2
 2910              	.LC30:
 2911 0000 70627566 		.ascii	"pbuf_take: invalid buf\000"
 2911      5F74616B 
 2911      653A2069 
 2911      6E76616C 
 2911      69642062 
 2912 0017 00       		.align	2
 2913              	.LC31:
 2914 0018 70627566 		.ascii	"pbuf_take: invalid dataptr\000"
 2914      5F74616B 
 2914      653A2069 
 2914      6E76616C 
 2914      69642064 
 2915 0033 00       		.align	2
 2916              	.LC32:
 2917 0034 70627566 		.ascii	"pbuf_take: buf not large enough\000"
 2917      5F74616B 
 2917      653A2062 
 2917      7566206E 
 2917      6F74206C 
 2918              		.align	2
 2919              	.LC33:
 2920 0054 70627566 		.ascii	"pbuf_take: invalid pbuf\000"
 2920      5F74616B 
 2920      653A2069 
 2920      6E76616C 
 2920      69642070 
 2921              		.align	2
 2922              	.LC34:
 2923 006c 64696420 		.ascii	"did not copy all data\000"
 2923      6E6F7420 
 2923      636F7079 
 2923      20616C6C 
 2923      20646174 
 2924              		.section	.text.pbuf_take,"ax",%progbits
 2925              		.align	1
 2926              		.global	pbuf_take
 2927              		.syntax unified
 2928              		.thumb
 2929              		.thumb_func
 2931              	pbuf_take:
 2932              	.LVL292:
 2933              	.LFB192:
1183:Middlewares/Third_Party/LwIP/src/core/pbuf.c **** 
1184:Middlewares/Third_Party/LwIP/src/core/pbuf.c **** /**
1185:Middlewares/Third_Party/LwIP/src/core/pbuf.c ****  * @ingroup pbuf
1186:Middlewares/Third_Party/LwIP/src/core/pbuf.c ****  * Copy application supplied data into a pbuf.
1187:Middlewares/Third_Party/LwIP/src/core/pbuf.c ****  * This function can only be used to copy the equivalent of buf->tot_len data.
1188:Middlewares/Third_Party/LwIP/src/core/pbuf.c ****  *
1189:Middlewares/Third_Party/LwIP/src/core/pbuf.c ****  * @param buf pbuf to fill with data
1190:Middlewares/Third_Party/LwIP/src/core/pbuf.c ****  * @param dataptr application supplied data buffer
ARM GAS  /tmp/ccawya4i.s 			page 89


1191:Middlewares/Third_Party/LwIP/src/core/pbuf.c ****  * @param len length of the application supplied data buffer
1192:Middlewares/Third_Party/LwIP/src/core/pbuf.c ****  *
1193:Middlewares/Third_Party/LwIP/src/core/pbuf.c ****  * @return ERR_OK if successful, ERR_MEM if the pbuf is not big enough
1194:Middlewares/Third_Party/LwIP/src/core/pbuf.c ****  */
1195:Middlewares/Third_Party/LwIP/src/core/pbuf.c **** err_t
1196:Middlewares/Third_Party/LwIP/src/core/pbuf.c **** pbuf_take(struct pbuf *buf, const void *dataptr, u16_t len)
1197:Middlewares/Third_Party/LwIP/src/core/pbuf.c **** {
 2934              		.loc 1 1197 1 is_stmt 1 view -0
 2935              		.cfi_startproc
 2936              		@ args = 0, pretend = 0, frame = 0
 2937              		@ frame_needed = 0, uses_anonymous_args = 0
 2938              		.loc 1 1197 1 is_stmt 0 view .LVU862
 2939 0000 2DE9F843 		push	{r3, r4, r5, r6, r7, r8, r9, lr}
 2940              	.LCFI37:
 2941              		.cfi_def_cfa_offset 32
 2942              		.cfi_offset 3, -32
 2943              		.cfi_offset 4, -28
 2944              		.cfi_offset 5, -24
 2945              		.cfi_offset 6, -20
 2946              		.cfi_offset 7, -16
 2947              		.cfi_offset 8, -12
 2948              		.cfi_offset 9, -8
 2949              		.cfi_offset 14, -4
1198:Middlewares/Third_Party/LwIP/src/core/pbuf.c ****   struct pbuf *p;
 2950              		.loc 1 1198 3 is_stmt 1 view .LVU863
1199:Middlewares/Third_Party/LwIP/src/core/pbuf.c ****   size_t buf_copy_len;
 2951              		.loc 1 1199 3 view .LVU864
1200:Middlewares/Third_Party/LwIP/src/core/pbuf.c ****   size_t total_copy_len = len;
 2952              		.loc 1 1200 3 view .LVU865
 2953              	.LVL293:
1201:Middlewares/Third_Party/LwIP/src/core/pbuf.c ****   size_t copied_total = 0;
 2954              		.loc 1 1201 3 view .LVU866
1202:Middlewares/Third_Party/LwIP/src/core/pbuf.c **** 
1203:Middlewares/Third_Party/LwIP/src/core/pbuf.c ****   LWIP_ERROR("pbuf_take: invalid buf", (buf != NULL), return ERR_ARG;);
 2955              		.loc 1 1203 3 view .LVU867
 2956              		.loc 1 1203 3 view .LVU868
 2957 0004 48B1     		cbz	r0, .L233
 2958 0006 8846     		mov	r8, r1
 2959 0008 9146     		mov	r9, r2
 2960 000a 0546     		mov	r5, r0
 2961              		.loc 1 1203 3 discriminator 2 view .LVU869
 2962              		.loc 1 1203 3 discriminator 2 view .LVU870
1204:Middlewares/Third_Party/LwIP/src/core/pbuf.c ****   LWIP_ERROR("pbuf_take: invalid dataptr", (dataptr != NULL), return ERR_ARG;);
 2963              		.loc 1 1204 3 discriminator 2 view .LVU871
 2964              		.loc 1 1204 3 discriminator 2 view .LVU872
 2965 000c 79B1     		cbz	r1, .L234
 2966              		.loc 1 1204 3 discriminator 2 view .LVU873
 2967              		.loc 1 1204 3 discriminator 2 view .LVU874
1205:Middlewares/Third_Party/LwIP/src/core/pbuf.c ****   LWIP_ERROR("pbuf_take: buf not large enough", (buf->tot_len >= len), return ERR_MEM;);
 2968              		.loc 1 1205 3 discriminator 2 view .LVU875
 2969              		.loc 1 1205 3 discriminator 2 view .LVU876
 2970 000e 0389     		ldrh	r3, [r0, #8]
 2971 0010 9342     		cmp	r3, r2
 2972 0012 16D3     		bcc	.L235
1200:Middlewares/Third_Party/LwIP/src/core/pbuf.c ****   size_t copied_total = 0;
 2973              		.loc 1 1200 10 is_stmt 0 view .LVU877
 2974 0014 1646     		mov	r6, r2
ARM GAS  /tmp/ccawya4i.s 			page 90


1201:Middlewares/Third_Party/LwIP/src/core/pbuf.c **** 
 2975              		.loc 1 1201 10 view .LVU878
 2976 0016 0027     		movs	r7, #0
 2977 0018 2EE0     		b	.L226
 2978              	.L233:
1203:Middlewares/Third_Party/LwIP/src/core/pbuf.c ****   LWIP_ERROR("pbuf_take: invalid dataptr", (dataptr != NULL), return ERR_ARG;);
 2979              		.loc 1 1203 3 is_stmt 1 discriminator 1 view .LVU879
1203:Middlewares/Third_Party/LwIP/src/core/pbuf.c ****   LWIP_ERROR("pbuf_take: invalid dataptr", (dataptr != NULL), return ERR_ARG;);
 2980              		.loc 1 1203 3 discriminator 1 view .LVU880
 2981 001a 224B     		ldr	r3, .L239
 2982 001c 40F2B342 		movw	r2, #1203
 2983              	.LVL294:
1203:Middlewares/Third_Party/LwIP/src/core/pbuf.c ****   LWIP_ERROR("pbuf_take: invalid dataptr", (dataptr != NULL), return ERR_ARG;);
 2984              		.loc 1 1203 3 is_stmt 0 discriminator 1 view .LVU881
 2985 0020 2149     		ldr	r1, .L239+4
 2986              	.LVL295:
1203:Middlewares/Third_Party/LwIP/src/core/pbuf.c ****   LWIP_ERROR("pbuf_take: invalid dataptr", (dataptr != NULL), return ERR_ARG;);
 2987              		.loc 1 1203 3 discriminator 1 view .LVU882
 2988 0022 2248     		ldr	r0, .L239+8
 2989              	.LVL296:
1203:Middlewares/Third_Party/LwIP/src/core/pbuf.c ****   LWIP_ERROR("pbuf_take: invalid dataptr", (dataptr != NULL), return ERR_ARG;);
 2990              		.loc 1 1203 3 discriminator 1 view .LVU883
 2991 0024 FFF7FEFF 		bl	printf
 2992              	.LVL297:
1203:Middlewares/Third_Party/LwIP/src/core/pbuf.c ****   LWIP_ERROR("pbuf_take: invalid dataptr", (dataptr != NULL), return ERR_ARG;);
 2993              		.loc 1 1203 3 is_stmt 1 discriminator 1 view .LVU884
1203:Middlewares/Third_Party/LwIP/src/core/pbuf.c ****   LWIP_ERROR("pbuf_take: invalid dataptr", (dataptr != NULL), return ERR_ARG;);
 2994              		.loc 1 1203 3 discriminator 1 view .LVU885
 2995 0028 6FF00F00 		mvn	r0, #15
 2996 002c 2FE0     		b	.L224
 2997              	.LVL298:
 2998              	.L234:
1204:Middlewares/Third_Party/LwIP/src/core/pbuf.c ****   LWIP_ERROR("pbuf_take: buf not large enough", (buf->tot_len >= len), return ERR_MEM;);
 2999              		.loc 1 1204 3 discriminator 1 view .LVU886
1204:Middlewares/Third_Party/LwIP/src/core/pbuf.c ****   LWIP_ERROR("pbuf_take: buf not large enough", (buf->tot_len >= len), return ERR_MEM;);
 3000              		.loc 1 1204 3 discriminator 1 view .LVU887
 3001 002e 1D4B     		ldr	r3, .L239
 3002 0030 40F2B442 		movw	r2, #1204
 3003              	.LVL299:
1204:Middlewares/Third_Party/LwIP/src/core/pbuf.c ****   LWIP_ERROR("pbuf_take: buf not large enough", (buf->tot_len >= len), return ERR_MEM;);
 3004              		.loc 1 1204 3 is_stmt 0 discriminator 1 view .LVU888
 3005 0034 1E49     		ldr	r1, .L239+12
 3006              	.LVL300:
1204:Middlewares/Third_Party/LwIP/src/core/pbuf.c ****   LWIP_ERROR("pbuf_take: buf not large enough", (buf->tot_len >= len), return ERR_MEM;);
 3007              		.loc 1 1204 3 discriminator 1 view .LVU889
 3008 0036 1D48     		ldr	r0, .L239+8
 3009              	.LVL301:
1204:Middlewares/Third_Party/LwIP/src/core/pbuf.c ****   LWIP_ERROR("pbuf_take: buf not large enough", (buf->tot_len >= len), return ERR_MEM;);
 3010              		.loc 1 1204 3 discriminator 1 view .LVU890
 3011 0038 FFF7FEFF 		bl	printf
 3012              	.LVL302:
1204:Middlewares/Third_Party/LwIP/src/core/pbuf.c ****   LWIP_ERROR("pbuf_take: buf not large enough", (buf->tot_len >= len), return ERR_MEM;);
 3013              		.loc 1 1204 3 is_stmt 1 discriminator 1 view .LVU891
1204:Middlewares/Third_Party/LwIP/src/core/pbuf.c ****   LWIP_ERROR("pbuf_take: buf not large enough", (buf->tot_len >= len), return ERR_MEM;);
 3014              		.loc 1 1204 3 discriminator 1 view .LVU892
 3015 003c 6FF00F00 		mvn	r0, #15
 3016 0040 25E0     		b	.L224
ARM GAS  /tmp/ccawya4i.s 			page 91


 3017              	.LVL303:
 3018              	.L235:
 3019              		.loc 1 1205 3 discriminator 1 view .LVU893
 3020              		.loc 1 1205 3 discriminator 1 view .LVU894
 3021 0042 184B     		ldr	r3, .L239
 3022 0044 40F2B542 		movw	r2, #1205
 3023              	.LVL304:
 3024              		.loc 1 1205 3 is_stmt 0 discriminator 1 view .LVU895
 3025 0048 1A49     		ldr	r1, .L239+16
 3026              	.LVL305:
 3027              		.loc 1 1205 3 discriminator 1 view .LVU896
 3028 004a 1848     		ldr	r0, .L239+8
 3029              	.LVL306:
 3030              		.loc 1 1205 3 discriminator 1 view .LVU897
 3031 004c FFF7FEFF 		bl	printf
 3032              	.LVL307:
 3033              		.loc 1 1205 3 is_stmt 1 discriminator 1 view .LVU898
 3034              		.loc 1 1205 3 discriminator 1 view .LVU899
 3035 0050 4FF0FF30 		mov	r0, #-1
 3036 0054 1BE0     		b	.L224
 3037              	.LVL308:
 3038              	.L237:
1206:Middlewares/Third_Party/LwIP/src/core/pbuf.c **** 
1207:Middlewares/Third_Party/LwIP/src/core/pbuf.c ****   if ((buf == NULL) || (dataptr == NULL) || (buf->tot_len < len)) {
1208:Middlewares/Third_Party/LwIP/src/core/pbuf.c ****     return ERR_ARG;
1209:Middlewares/Third_Party/LwIP/src/core/pbuf.c ****   }
1210:Middlewares/Third_Party/LwIP/src/core/pbuf.c **** 
1211:Middlewares/Third_Party/LwIP/src/core/pbuf.c ****   /* Note some systems use byte copy if dataptr or one of the pbuf payload pointers are unaligned. 
1212:Middlewares/Third_Party/LwIP/src/core/pbuf.c ****   for (p = buf; total_copy_len != 0; p = p->next) {
1213:Middlewares/Third_Party/LwIP/src/core/pbuf.c ****     LWIP_ASSERT("pbuf_take: invalid pbuf", p != NULL);
 3039              		.loc 1 1213 5 discriminator 1 view .LVU900
 3040              		.loc 1 1213 5 discriminator 1 view .LVU901
 3041 0056 134B     		ldr	r3, .L239
 3042 0058 40F2BD42 		movw	r2, #1213
 3043 005c 1649     		ldr	r1, .L239+20
 3044 005e 1348     		ldr	r0, .L239+8
 3045 0060 FFF7FEFF 		bl	printf
 3046              	.LVL309:
 3047 0064 0BE0     		b	.L227
 3048              	.LVL310:
 3049              	.L228:
1214:Middlewares/Third_Party/LwIP/src/core/pbuf.c ****     buf_copy_len = total_copy_len;
1215:Middlewares/Third_Party/LwIP/src/core/pbuf.c ****     if (buf_copy_len > p->len) {
1216:Middlewares/Third_Party/LwIP/src/core/pbuf.c ****       /* this pbuf cannot hold all remaining data */
1217:Middlewares/Third_Party/LwIP/src/core/pbuf.c ****       buf_copy_len = p->len;
1218:Middlewares/Third_Party/LwIP/src/core/pbuf.c ****     }
1219:Middlewares/Third_Party/LwIP/src/core/pbuf.c ****     /* copy the necessary parts of the buffer */
1220:Middlewares/Third_Party/LwIP/src/core/pbuf.c ****     MEMCPY(p->payload, &((const char *)dataptr)[copied_total], buf_copy_len);
 3050              		.loc 1 1220 5 discriminator 2 view .LVU902
 3051 0066 2246     		mov	r2, r4
 3052 0068 08EB0701 		add	r1, r8, r7
 3053 006c 6868     		ldr	r0, [r5, #4]
 3054 006e FFF7FEFF 		bl	memcpy
 3055              	.LVL311:
1221:Middlewares/Third_Party/LwIP/src/core/pbuf.c ****     total_copy_len -= buf_copy_len;
 3056              		.loc 1 1221 5 discriminator 2 view .LVU903
 3057              		.loc 1 1221 20 is_stmt 0 discriminator 2 view .LVU904
ARM GAS  /tmp/ccawya4i.s 			page 92


 3058 0072 361B     		subs	r6, r6, r4
 3059              	.LVL312:
1222:Middlewares/Third_Party/LwIP/src/core/pbuf.c ****     copied_total += buf_copy_len;
 3060              		.loc 1 1222 5 is_stmt 1 discriminator 2 view .LVU905
 3061              		.loc 1 1222 18 is_stmt 0 discriminator 2 view .LVU906
 3062 0074 2744     		add	r7, r7, r4
 3063              	.LVL313:
1212:Middlewares/Third_Party/LwIP/src/core/pbuf.c ****     LWIP_ASSERT("pbuf_take: invalid pbuf", p != NULL);
 3064              		.loc 1 1212 40 is_stmt 1 discriminator 2 view .LVU907
 3065 0076 2D68     		ldr	r5, [r5]
 3066              	.LVL314:
 3067              	.L226:
1212:Middlewares/Third_Party/LwIP/src/core/pbuf.c ****     LWIP_ASSERT("pbuf_take: invalid pbuf", p != NULL);
 3068              		.loc 1 1212 32 discriminator 1 view .LVU908
 3069 0078 36B1     		cbz	r6, .L236
1213:Middlewares/Third_Party/LwIP/src/core/pbuf.c ****     buf_copy_len = total_copy_len;
 3070              		.loc 1 1213 5 view .LVU909
1213:Middlewares/Third_Party/LwIP/src/core/pbuf.c ****     buf_copy_len = total_copy_len;
 3071              		.loc 1 1213 5 view .LVU910
 3072 007a 002D     		cmp	r5, #0
 3073 007c EBD0     		beq	.L237
 3074              	.L227:
1213:Middlewares/Third_Party/LwIP/src/core/pbuf.c ****     buf_copy_len = total_copy_len;
 3075              		.loc 1 1213 5 discriminator 3 view .LVU911
1213:Middlewares/Third_Party/LwIP/src/core/pbuf.c ****     buf_copy_len = total_copy_len;
 3076              		.loc 1 1213 5 discriminator 3 view .LVU912
1214:Middlewares/Third_Party/LwIP/src/core/pbuf.c ****     if (buf_copy_len > p->len) {
 3077              		.loc 1 1214 5 discriminator 3 view .LVU913
 3078              	.LVL315:
1215:Middlewares/Third_Party/LwIP/src/core/pbuf.c ****       /* this pbuf cannot hold all remaining data */
 3079              		.loc 1 1215 5 discriminator 3 view .LVU914
1215:Middlewares/Third_Party/LwIP/src/core/pbuf.c ****       /* this pbuf cannot hold all remaining data */
 3080              		.loc 1 1215 25 is_stmt 0 discriminator 3 view .LVU915
 3081 007e 6C89     		ldrh	r4, [r5, #10]
1215:Middlewares/Third_Party/LwIP/src/core/pbuf.c ****       /* this pbuf cannot hold all remaining data */
 3082              		.loc 1 1215 8 discriminator 3 view .LVU916
 3083 0080 B442     		cmp	r4, r6
 3084 0082 F0D3     		bcc	.L228
1214:Middlewares/Third_Party/LwIP/src/core/pbuf.c ****     if (buf_copy_len > p->len) {
 3085              		.loc 1 1214 18 view .LVU917
 3086 0084 3446     		mov	r4, r6
 3087 0086 EEE7     		b	.L228
 3088              	.LVL316:
 3089              	.L236:
1223:Middlewares/Third_Party/LwIP/src/core/pbuf.c ****   }
1224:Middlewares/Third_Party/LwIP/src/core/pbuf.c ****   LWIP_ASSERT("did not copy all data", total_copy_len == 0 && copied_total == len);
 3090              		.loc 1 1224 3 is_stmt 1 discriminator 2 view .LVU918
 3091              		.loc 1 1224 3 discriminator 2 view .LVU919
 3092 0088 4F45     		cmp	r7, r9
 3093 008a 02D1     		bne	.L238
1225:Middlewares/Third_Party/LwIP/src/core/pbuf.c ****   return ERR_OK;
 3094              		.loc 1 1225 10 is_stmt 0 view .LVU920
 3095 008c 0020     		movs	r0, #0
 3096              	.LVL317:
 3097              	.L224:
1226:Middlewares/Third_Party/LwIP/src/core/pbuf.c **** }
 3098              		.loc 1 1226 1 view .LVU921
ARM GAS  /tmp/ccawya4i.s 			page 93


 3099 008e BDE8F883 		pop	{r3, r4, r5, r6, r7, r8, r9, pc}
 3100              	.LVL318:
 3101              	.L238:
1224:Middlewares/Third_Party/LwIP/src/core/pbuf.c ****   return ERR_OK;
 3102              		.loc 1 1224 3 is_stmt 1 discriminator 3 view .LVU922
1224:Middlewares/Third_Party/LwIP/src/core/pbuf.c ****   return ERR_OK;
 3103              		.loc 1 1224 3 discriminator 3 view .LVU923
 3104 0092 044B     		ldr	r3, .L239
 3105 0094 4FF49962 		mov	r2, #1224
 3106 0098 0849     		ldr	r1, .L239+24
 3107 009a 0448     		ldr	r0, .L239+8
 3108 009c FFF7FEFF 		bl	printf
 3109              	.LVL319:
1225:Middlewares/Third_Party/LwIP/src/core/pbuf.c ****   return ERR_OK;
 3110              		.loc 1 1225 10 is_stmt 0 discriminator 3 view .LVU924
 3111 00a0 0020     		movs	r0, #0
 3112 00a2 F4E7     		b	.L224
 3113              	.L240:
 3114              		.align	2
 3115              	.L239:
 3116 00a4 00000000 		.word	.LC0
 3117 00a8 00000000 		.word	.LC30
 3118 00ac 3C000000 		.word	.LC2
 3119 00b0 18000000 		.word	.LC31
 3120 00b4 34000000 		.word	.LC32
 3121 00b8 54000000 		.word	.LC33
 3122 00bc 6C000000 		.word	.LC34
 3123              		.cfi_endproc
 3124              	.LFE192:
 3126              		.section	.rodata.pbuf_take_at.str1.4,"aMS",%progbits,1
 3127              		.align	2
 3128              	.LC35:
 3129 0000 63686563 		.ascii	"check pbuf_skip result\000"
 3129      6B207062 
 3129      75665F73 
 3129      6B697020 
 3129      72657375 
 3130              		.section	.text.pbuf_take_at,"ax",%progbits
 3131              		.align	1
 3132              		.global	pbuf_take_at
 3133              		.syntax unified
 3134              		.thumb
 3135              		.thumb_func
 3137              	pbuf_take_at:
 3138              	.LVL320:
 3139              	.LFB193:
1227:Middlewares/Third_Party/LwIP/src/core/pbuf.c **** 
1228:Middlewares/Third_Party/LwIP/src/core/pbuf.c **** /**
1229:Middlewares/Third_Party/LwIP/src/core/pbuf.c ****  * @ingroup pbuf
1230:Middlewares/Third_Party/LwIP/src/core/pbuf.c ****  * Same as pbuf_take() but puts data at an offset
1231:Middlewares/Third_Party/LwIP/src/core/pbuf.c ****  *
1232:Middlewares/Third_Party/LwIP/src/core/pbuf.c ****  * @param buf pbuf to fill with data
1233:Middlewares/Third_Party/LwIP/src/core/pbuf.c ****  * @param dataptr application supplied data buffer
1234:Middlewares/Third_Party/LwIP/src/core/pbuf.c ****  * @param len length of the application supplied data buffer
1235:Middlewares/Third_Party/LwIP/src/core/pbuf.c ****  * @param offset offset in pbuf where to copy dataptr to
1236:Middlewares/Third_Party/LwIP/src/core/pbuf.c ****  *
1237:Middlewares/Third_Party/LwIP/src/core/pbuf.c ****  * @return ERR_OK if successful, ERR_MEM if the pbuf is not big enough
ARM GAS  /tmp/ccawya4i.s 			page 94


1238:Middlewares/Third_Party/LwIP/src/core/pbuf.c ****  */
1239:Middlewares/Third_Party/LwIP/src/core/pbuf.c **** err_t
1240:Middlewares/Third_Party/LwIP/src/core/pbuf.c **** pbuf_take_at(struct pbuf *buf, const void *dataptr, u16_t len, u16_t offset)
1241:Middlewares/Third_Party/LwIP/src/core/pbuf.c **** {
 3140              		.loc 1 1241 1 is_stmt 1 view -0
 3141              		.cfi_startproc
 3142              		@ args = 0, pretend = 0, frame = 8
 3143              		@ frame_needed = 0, uses_anonymous_args = 0
 3144              		.loc 1 1241 1 is_stmt 0 view .LVU926
 3145 0000 F0B5     		push	{r4, r5, r6, r7, lr}
 3146              	.LCFI38:
 3147              		.cfi_def_cfa_offset 20
 3148              		.cfi_offset 4, -20
 3149              		.cfi_offset 5, -16
 3150              		.cfi_offset 6, -12
 3151              		.cfi_offset 7, -8
 3152              		.cfi_offset 14, -4
 3153 0002 83B0     		sub	sp, sp, #12
 3154              	.LCFI39:
 3155              		.cfi_def_cfa_offset 32
 3156 0004 0E46     		mov	r6, r1
 3157 0006 1446     		mov	r4, r2
1242:Middlewares/Third_Party/LwIP/src/core/pbuf.c ****   u16_t target_offset;
 3158              		.loc 1 1242 3 is_stmt 1 view .LVU927
1243:Middlewares/Third_Party/LwIP/src/core/pbuf.c ****   struct pbuf *q = pbuf_skip(buf, offset, &target_offset);
 3159              		.loc 1 1243 3 view .LVU928
 3160              		.loc 1 1243 20 is_stmt 0 view .LVU929
 3161 0008 0DF10602 		add	r2, sp, #6
 3162              	.LVL321:
 3163              		.loc 1 1243 20 view .LVU930
 3164 000c 1946     		mov	r1, r3
 3165              	.LVL322:
 3166              		.loc 1 1243 20 view .LVU931
 3167 000e FFF7FEFF 		bl	pbuf_skip
 3168              	.LVL323:
1244:Middlewares/Third_Party/LwIP/src/core/pbuf.c **** 
1245:Middlewares/Third_Party/LwIP/src/core/pbuf.c ****   /* return requested data if pbuf is OK */
1246:Middlewares/Third_Party/LwIP/src/core/pbuf.c ****   if ((q != NULL) && (q->tot_len >= target_offset + len)) {
 3169              		.loc 1 1246 3 is_stmt 1 view .LVU932
 3170              		.loc 1 1246 6 is_stmt 0 view .LVU933
 3171 0012 58B3     		cbz	r0, .L245
 3172 0014 0746     		mov	r7, r0
 3173              		.loc 1 1246 24 discriminator 1 view .LVU934
 3174 0016 0189     		ldrh	r1, [r0, #8]
 3175              		.loc 1 1246 51 discriminator 1 view .LVU935
 3176 0018 BDF80630 		ldrh	r3, [sp, #6]
 3177 001c 1A19     		adds	r2, r3, r4
 3178              		.loc 1 1246 19 discriminator 1 view .LVU936
 3179 001e 9142     		cmp	r1, r2
 3180 0020 27DB     		blt	.L246
 3181              	.LBB13:
1247:Middlewares/Third_Party/LwIP/src/core/pbuf.c ****     u16_t remaining_len = len;
 3182              		.loc 1 1247 5 is_stmt 1 view .LVU937
 3183              	.LVL324:
1248:Middlewares/Third_Party/LwIP/src/core/pbuf.c ****     const u8_t *src_ptr = (const u8_t *)dataptr;
 3184              		.loc 1 1248 5 view .LVU938
1249:Middlewares/Third_Party/LwIP/src/core/pbuf.c ****     /* copy the part that goes into the first pbuf */
ARM GAS  /tmp/ccawya4i.s 			page 95


1250:Middlewares/Third_Party/LwIP/src/core/pbuf.c ****     u16_t first_copy_len;
 3185              		.loc 1 1250 5 view .LVU939
1251:Middlewares/Third_Party/LwIP/src/core/pbuf.c ****     LWIP_ASSERT("check pbuf_skip result", target_offset < q->len);
 3186              		.loc 1 1251 5 view .LVU940
 3187              		.loc 1 1251 5 view .LVU941
 3188 0022 4289     		ldrh	r2, [r0, #10]
 3189 0024 9342     		cmp	r3, r2
 3190 0026 13D2     		bcs	.L250
 3191              	.LVL325:
 3192              	.L243:
 3193              		.loc 1 1251 5 discriminator 3 view .LVU942
 3194              		.loc 1 1251 5 discriminator 3 view .LVU943
1252:Middlewares/Third_Party/LwIP/src/core/pbuf.c ****     first_copy_len = (u16_t)LWIP_MIN(q->len - target_offset, len);
 3195              		.loc 1 1252 5 discriminator 3 view .LVU944
 3196              		.loc 1 1252 29 is_stmt 0 discriminator 3 view .LVU945
 3197 0028 7D89     		ldrh	r5, [r7, #10]
 3198 002a BDF80630 		ldrh	r3, [sp, #6]
 3199 002e EA1A     		subs	r2, r5, r3
 3200              		.loc 1 1252 22 discriminator 3 view .LVU946
 3201 0030 9442     		cmp	r4, r2
 3202 0032 15DD     		ble	.L247
 3203              		.loc 1 1252 22 discriminator 1 view .LVU947
 3204 0034 95B2     		uxth	r5, r2
 3205              	.L244:
 3206              	.LVL326:
1253:Middlewares/Third_Party/LwIP/src/core/pbuf.c ****     MEMCPY(((u8_t *)q->payload) + target_offset, dataptr, first_copy_len);
 3207              		.loc 1 1253 5 is_stmt 1 discriminator 4 view .LVU948
 3208 0036 7868     		ldr	r0, [r7, #4]
 3209 0038 2A46     		mov	r2, r5
 3210 003a 3146     		mov	r1, r6
 3211 003c 1844     		add	r0, r0, r3
 3212 003e FFF7FEFF 		bl	memcpy
 3213              	.LVL327:
1254:Middlewares/Third_Party/LwIP/src/core/pbuf.c ****     remaining_len = (u16_t)(remaining_len - first_copy_len);
 3214              		.loc 1 1254 5 discriminator 4 view .LVU949
 3215              		.loc 1 1254 19 is_stmt 0 discriminator 4 view .LVU950
 3216 0042 621B     		subs	r2, r4, r5
 3217 0044 92B2     		uxth	r2, r2
 3218              	.LVL328:
1255:Middlewares/Third_Party/LwIP/src/core/pbuf.c ****     src_ptr += first_copy_len;
 3219              		.loc 1 1255 5 is_stmt 1 discriminator 4 view .LVU951
 3220              		.loc 1 1255 13 is_stmt 0 discriminator 4 view .LVU952
 3221 0046 7119     		adds	r1, r6, r5
 3222              	.LVL329:
1256:Middlewares/Third_Party/LwIP/src/core/pbuf.c ****     if (remaining_len > 0) {
 3223              		.loc 1 1256 5 is_stmt 1 discriminator 4 view .LVU953
 3224              		.loc 1 1256 8 is_stmt 0 discriminator 4 view .LVU954
 3225 0048 62B9     		cbnz	r2, .L251
1257:Middlewares/Third_Party/LwIP/src/core/pbuf.c ****       return pbuf_take(q->next, src_ptr, remaining_len);
1258:Middlewares/Third_Party/LwIP/src/core/pbuf.c ****     }
1259:Middlewares/Third_Party/LwIP/src/core/pbuf.c ****     return ERR_OK;
 3226              		.loc 1 1259 12 view .LVU955
 3227 004a 0020     		movs	r0, #0
 3228              	.LVL330:
 3229              	.L242:
 3230              		.loc 1 1259 12 view .LVU956
 3231              	.LBE13:
ARM GAS  /tmp/ccawya4i.s 			page 96


1260:Middlewares/Third_Party/LwIP/src/core/pbuf.c ****   }
1261:Middlewares/Third_Party/LwIP/src/core/pbuf.c ****   return ERR_MEM;
1262:Middlewares/Third_Party/LwIP/src/core/pbuf.c **** }
 3232              		.loc 1 1262 1 view .LVU957
 3233 004c 03B0     		add	sp, sp, #12
 3234              	.LCFI40:
 3235              		.cfi_remember_state
 3236              		.cfi_def_cfa_offset 20
 3237              		@ sp needed
 3238 004e F0BD     		pop	{r4, r5, r6, r7, pc}
 3239              	.LVL331:
 3240              	.L250:
 3241              	.LCFI41:
 3242              		.cfi_restore_state
 3243              	.LBB14:
1251:Middlewares/Third_Party/LwIP/src/core/pbuf.c ****     first_copy_len = (u16_t)LWIP_MIN(q->len - target_offset, len);
 3244              		.loc 1 1251 5 is_stmt 1 discriminator 1 view .LVU958
1251:Middlewares/Third_Party/LwIP/src/core/pbuf.c ****     first_copy_len = (u16_t)LWIP_MIN(q->len - target_offset, len);
 3245              		.loc 1 1251 5 discriminator 1 view .LVU959
 3246 0050 094B     		ldr	r3, .L252
 3247 0052 40F2E342 		movw	r2, #1251
 3248 0056 0949     		ldr	r1, .L252+4
 3249 0058 0948     		ldr	r0, .L252+8
 3250              	.LVL332:
1251:Middlewares/Third_Party/LwIP/src/core/pbuf.c ****     first_copy_len = (u16_t)LWIP_MIN(q->len - target_offset, len);
 3251              		.loc 1 1251 5 is_stmt 0 discriminator 1 view .LVU960
 3252 005a FFF7FEFF 		bl	printf
 3253              	.LVL333:
 3254 005e E3E7     		b	.L243
 3255              	.L247:
1252:Middlewares/Third_Party/LwIP/src/core/pbuf.c ****     MEMCPY(((u8_t *)q->payload) + target_offset, dataptr, first_copy_len);
 3256              		.loc 1 1252 22 view .LVU961
 3257 0060 2546     		mov	r5, r4
 3258 0062 E8E7     		b	.L244
 3259              	.LVL334:
 3260              	.L251:
1257:Middlewares/Third_Party/LwIP/src/core/pbuf.c ****     }
 3261              		.loc 1 1257 7 is_stmt 1 view .LVU962
1257:Middlewares/Third_Party/LwIP/src/core/pbuf.c ****     }
 3262              		.loc 1 1257 14 is_stmt 0 view .LVU963
 3263 0064 3868     		ldr	r0, [r7]
 3264 0066 FFF7FEFF 		bl	pbuf_take
 3265              	.LVL335:
1257:Middlewares/Third_Party/LwIP/src/core/pbuf.c ****     }
 3266              		.loc 1 1257 14 view .LVU964
 3267 006a EFE7     		b	.L242
 3268              	.LVL336:
 3269              	.L245:
1257:Middlewares/Third_Party/LwIP/src/core/pbuf.c ****     }
 3270              		.loc 1 1257 14 view .LVU965
 3271              	.LBE14:
1261:Middlewares/Third_Party/LwIP/src/core/pbuf.c **** }
 3272              		.loc 1 1261 10 view .LVU966
 3273 006c 4FF0FF30 		mov	r0, #-1
 3274              	.LVL337:
1261:Middlewares/Third_Party/LwIP/src/core/pbuf.c **** }
 3275              		.loc 1 1261 10 view .LVU967
ARM GAS  /tmp/ccawya4i.s 			page 97


 3276 0070 ECE7     		b	.L242
 3277              	.LVL338:
 3278              	.L246:
1261:Middlewares/Third_Party/LwIP/src/core/pbuf.c **** }
 3279              		.loc 1 1261 10 view .LVU968
 3280 0072 4FF0FF30 		mov	r0, #-1
 3281              	.LVL339:
1261:Middlewares/Third_Party/LwIP/src/core/pbuf.c **** }
 3282              		.loc 1 1261 10 view .LVU969
 3283 0076 E9E7     		b	.L242
 3284              	.L253:
 3285              		.align	2
 3286              	.L252:
 3287 0078 00000000 		.word	.LC0
 3288 007c 00000000 		.word	.LC35
 3289 0080 3C000000 		.word	.LC2
 3290              		.cfi_endproc
 3291              	.LFE193:
 3293              		.section	.rodata.pbuf_clone.str1.4,"aMS",%progbits,1
 3294              		.align	2
 3295              	.LC36:
 3296 0000 70627566 		.ascii	"pbuf_copy failed\000"
 3296      5F636F70 
 3296      79206661 
 3296      696C6564 
 3296      00
 3297              		.section	.text.pbuf_clone,"ax",%progbits
 3298              		.align	1
 3299              		.global	pbuf_clone
 3300              		.syntax unified
 3301              		.thumb
 3302              		.thumb_func
 3304              	pbuf_clone:
 3305              	.LVL340:
 3306              	.LFB195:
1263:Middlewares/Third_Party/LwIP/src/core/pbuf.c **** 
1264:Middlewares/Third_Party/LwIP/src/core/pbuf.c **** /**
1265:Middlewares/Third_Party/LwIP/src/core/pbuf.c ****  * @ingroup pbuf
1266:Middlewares/Third_Party/LwIP/src/core/pbuf.c ****  * Creates a single pbuf out of a queue of pbufs.
1267:Middlewares/Third_Party/LwIP/src/core/pbuf.c ****  *
1268:Middlewares/Third_Party/LwIP/src/core/pbuf.c ****  * @remark: Either the source pbuf 'p' is freed by this function or the original
1269:Middlewares/Third_Party/LwIP/src/core/pbuf.c ****  *          pbuf 'p' is returned, therefore the caller has to check the result!
1270:Middlewares/Third_Party/LwIP/src/core/pbuf.c ****  *
1271:Middlewares/Third_Party/LwIP/src/core/pbuf.c ****  * @param p the source pbuf
1272:Middlewares/Third_Party/LwIP/src/core/pbuf.c ****  * @param layer pbuf_layer of the new pbuf
1273:Middlewares/Third_Party/LwIP/src/core/pbuf.c ****  *
1274:Middlewares/Third_Party/LwIP/src/core/pbuf.c ****  * @return a new, single pbuf (p->next is NULL)
1275:Middlewares/Third_Party/LwIP/src/core/pbuf.c ****  *         or the old pbuf if allocation fails
1276:Middlewares/Third_Party/LwIP/src/core/pbuf.c ****  */
1277:Middlewares/Third_Party/LwIP/src/core/pbuf.c **** struct pbuf *
1278:Middlewares/Third_Party/LwIP/src/core/pbuf.c **** pbuf_coalesce(struct pbuf *p, pbuf_layer layer)
1279:Middlewares/Third_Party/LwIP/src/core/pbuf.c **** {
1280:Middlewares/Third_Party/LwIP/src/core/pbuf.c ****   struct pbuf *q;
1281:Middlewares/Third_Party/LwIP/src/core/pbuf.c ****   if (p->next == NULL) {
1282:Middlewares/Third_Party/LwIP/src/core/pbuf.c ****     return p;
1283:Middlewares/Third_Party/LwIP/src/core/pbuf.c ****   }
1284:Middlewares/Third_Party/LwIP/src/core/pbuf.c ****   q = pbuf_clone(layer, PBUF_RAM, p);
ARM GAS  /tmp/ccawya4i.s 			page 98


1285:Middlewares/Third_Party/LwIP/src/core/pbuf.c ****   if (q == NULL) {
1286:Middlewares/Third_Party/LwIP/src/core/pbuf.c ****     /* @todo: what do we do now? */
1287:Middlewares/Third_Party/LwIP/src/core/pbuf.c ****     return p;
1288:Middlewares/Third_Party/LwIP/src/core/pbuf.c ****   }
1289:Middlewares/Third_Party/LwIP/src/core/pbuf.c ****   pbuf_free(p);
1290:Middlewares/Third_Party/LwIP/src/core/pbuf.c ****   return q;
1291:Middlewares/Third_Party/LwIP/src/core/pbuf.c **** }
1292:Middlewares/Third_Party/LwIP/src/core/pbuf.c **** 
1293:Middlewares/Third_Party/LwIP/src/core/pbuf.c **** /**
1294:Middlewares/Third_Party/LwIP/src/core/pbuf.c ****  * @ingroup pbuf
1295:Middlewares/Third_Party/LwIP/src/core/pbuf.c ****  * Allocates a new pbuf of same length (via pbuf_alloc()) and copies the source
1296:Middlewares/Third_Party/LwIP/src/core/pbuf.c ****  * pbuf into this new pbuf (using pbuf_copy()).
1297:Middlewares/Third_Party/LwIP/src/core/pbuf.c ****  *
1298:Middlewares/Third_Party/LwIP/src/core/pbuf.c ****  * @param layer pbuf_layer of the new pbuf
1299:Middlewares/Third_Party/LwIP/src/core/pbuf.c ****  * @param type this parameter decides how and where the pbuf should be allocated
1300:Middlewares/Third_Party/LwIP/src/core/pbuf.c ****  *             (@see pbuf_alloc())
1301:Middlewares/Third_Party/LwIP/src/core/pbuf.c ****  * @param p the source pbuf
1302:Middlewares/Third_Party/LwIP/src/core/pbuf.c ****  *
1303:Middlewares/Third_Party/LwIP/src/core/pbuf.c ****  * @return a new pbuf or NULL if allocation fails
1304:Middlewares/Third_Party/LwIP/src/core/pbuf.c ****  */
1305:Middlewares/Third_Party/LwIP/src/core/pbuf.c **** struct pbuf *
1306:Middlewares/Third_Party/LwIP/src/core/pbuf.c **** pbuf_clone(pbuf_layer layer, pbuf_type type, struct pbuf *p)
1307:Middlewares/Third_Party/LwIP/src/core/pbuf.c **** {
 3307              		.loc 1 1307 1 is_stmt 1 view -0
 3308              		.cfi_startproc
 3309              		@ args = 0, pretend = 0, frame = 0
 3310              		@ frame_needed = 0, uses_anonymous_args = 0
 3311              		.loc 1 1307 1 is_stmt 0 view .LVU971
 3312 0000 38B5     		push	{r3, r4, r5, lr}
 3313              	.LCFI42:
 3314              		.cfi_def_cfa_offset 16
 3315              		.cfi_offset 3, -16
 3316              		.cfi_offset 4, -12
 3317              		.cfi_offset 5, -8
 3318              		.cfi_offset 14, -4
 3319 0002 1446     		mov	r4, r2
1308:Middlewares/Third_Party/LwIP/src/core/pbuf.c ****   struct pbuf *q;
 3320              		.loc 1 1308 3 is_stmt 1 view .LVU972
1309:Middlewares/Third_Party/LwIP/src/core/pbuf.c ****   err_t err;
 3321              		.loc 1 1309 3 view .LVU973
1310:Middlewares/Third_Party/LwIP/src/core/pbuf.c ****   q = pbuf_alloc(layer, p->tot_len, type);
 3322              		.loc 1 1310 3 view .LVU974
 3323              		.loc 1 1310 7 is_stmt 0 view .LVU975
 3324 0004 0A46     		mov	r2, r1
 3325              	.LVL341:
 3326              		.loc 1 1310 7 view .LVU976
 3327 0006 2189     		ldrh	r1, [r4, #8]
 3328              	.LVL342:
 3329              		.loc 1 1310 7 view .LVU977
 3330 0008 FFF7FEFF 		bl	pbuf_alloc
 3331              	.LVL343:
1311:Middlewares/Third_Party/LwIP/src/core/pbuf.c ****   if (q == NULL) {
 3332              		.loc 1 1311 3 is_stmt 1 view .LVU978
 3333              		.loc 1 1311 6 is_stmt 0 view .LVU979
 3334 000c 0546     		mov	r5, r0
 3335 000e 18B1     		cbz	r0, .L254
1312:Middlewares/Third_Party/LwIP/src/core/pbuf.c ****     return NULL;
ARM GAS  /tmp/ccawya4i.s 			page 99


1313:Middlewares/Third_Party/LwIP/src/core/pbuf.c ****   }
1314:Middlewares/Third_Party/LwIP/src/core/pbuf.c ****   err = pbuf_copy(q, p);
 3336              		.loc 1 1314 3 is_stmt 1 view .LVU980
 3337              		.loc 1 1314 9 is_stmt 0 view .LVU981
 3338 0010 2146     		mov	r1, r4
 3339 0012 FFF7FEFF 		bl	pbuf_copy
 3340              	.LVL344:
1315:Middlewares/Third_Party/LwIP/src/core/pbuf.c ****   LWIP_UNUSED_ARG(err); /* in case of LWIP_NOASSERT */
 3341              		.loc 1 1315 3 is_stmt 1 view .LVU982
1316:Middlewares/Third_Party/LwIP/src/core/pbuf.c ****   LWIP_ASSERT("pbuf_copy failed", err == ERR_OK);
 3342              		.loc 1 1316 3 view .LVU983
 3343              		.loc 1 1316 3 view .LVU984
 3344 0016 08B9     		cbnz	r0, .L257
 3345              	.LVL345:
 3346              	.L254:
1317:Middlewares/Third_Party/LwIP/src/core/pbuf.c ****   return q;
1318:Middlewares/Third_Party/LwIP/src/core/pbuf.c **** }
 3347              		.loc 1 1318 1 is_stmt 0 view .LVU985
 3348 0018 2846     		mov	r0, r5
 3349 001a 38BD     		pop	{r3, r4, r5, pc}
 3350              	.LVL346:
 3351              	.L257:
1316:Middlewares/Third_Party/LwIP/src/core/pbuf.c ****   LWIP_ASSERT("pbuf_copy failed", err == ERR_OK);
 3352              		.loc 1 1316 3 is_stmt 1 discriminator 1 view .LVU986
1316:Middlewares/Third_Party/LwIP/src/core/pbuf.c ****   LWIP_ASSERT("pbuf_copy failed", err == ERR_OK);
 3353              		.loc 1 1316 3 discriminator 1 view .LVU987
 3354 001c 034B     		ldr	r3, .L258
 3355 001e 40F22452 		movw	r2, #1316
 3356 0022 0349     		ldr	r1, .L258+4
 3357 0024 0348     		ldr	r0, .L258+8
 3358              	.LVL347:
1316:Middlewares/Third_Party/LwIP/src/core/pbuf.c ****   LWIP_ASSERT("pbuf_copy failed", err == ERR_OK);
 3359              		.loc 1 1316 3 is_stmt 0 discriminator 1 view .LVU988
 3360 0026 FFF7FEFF 		bl	printf
 3361              	.LVL348:
 3362 002a F5E7     		b	.L254
 3363              	.L259:
 3364              		.align	2
 3365              	.L258:
 3366 002c 00000000 		.word	.LC0
 3367 0030 00000000 		.word	.LC36
 3368 0034 3C000000 		.word	.LC2
 3369              		.cfi_endproc
 3370              	.LFE195:
 3372              		.section	.text.pbuf_coalesce,"ax",%progbits
 3373              		.align	1
 3374              		.global	pbuf_coalesce
 3375              		.syntax unified
 3376              		.thumb
 3377              		.thumb_func
 3379              	pbuf_coalesce:
 3380              	.LVL349:
 3381              	.LFB194:
1279:Middlewares/Third_Party/LwIP/src/core/pbuf.c ****   struct pbuf *q;
 3382              		.loc 1 1279 1 is_stmt 1 view -0
 3383              		.cfi_startproc
 3384              		@ args = 0, pretend = 0, frame = 0
ARM GAS  /tmp/ccawya4i.s 			page 100


 3385              		@ frame_needed = 0, uses_anonymous_args = 0
1279:Middlewares/Third_Party/LwIP/src/core/pbuf.c ****   struct pbuf *q;
 3386              		.loc 1 1279 1 is_stmt 0 view .LVU990
 3387 0000 38B5     		push	{r3, r4, r5, lr}
 3388              	.LCFI43:
 3389              		.cfi_def_cfa_offset 16
 3390              		.cfi_offset 3, -16
 3391              		.cfi_offset 4, -12
 3392              		.cfi_offset 5, -8
 3393              		.cfi_offset 14, -4
 3394 0002 0446     		mov	r4, r0
1280:Middlewares/Third_Party/LwIP/src/core/pbuf.c ****   if (p->next == NULL) {
 3395              		.loc 1 1280 3 is_stmt 1 view .LVU991
1281:Middlewares/Third_Party/LwIP/src/core/pbuf.c ****     return p;
 3396              		.loc 1 1281 3 view .LVU992
1281:Middlewares/Third_Party/LwIP/src/core/pbuf.c ****     return p;
 3397              		.loc 1 1281 8 is_stmt 0 view .LVU993
 3398 0004 0368     		ldr	r3, [r0]
1281:Middlewares/Third_Party/LwIP/src/core/pbuf.c ****     return p;
 3399              		.loc 1 1281 6 view .LVU994
 3400 0006 5BB1     		cbz	r3, .L261
 3401 0008 0846     		mov	r0, r1
 3402              	.LVL350:
1284:Middlewares/Third_Party/LwIP/src/core/pbuf.c ****   if (q == NULL) {
 3403              		.loc 1 1284 3 is_stmt 1 view .LVU995
1284:Middlewares/Third_Party/LwIP/src/core/pbuf.c ****   if (q == NULL) {
 3404              		.loc 1 1284 7 is_stmt 0 view .LVU996
 3405 000a 2246     		mov	r2, r4
 3406 000c 4FF42071 		mov	r1, #640
 3407              	.LVL351:
1284:Middlewares/Third_Party/LwIP/src/core/pbuf.c ****   if (q == NULL) {
 3408              		.loc 1 1284 7 view .LVU997
 3409 0010 FFF7FEFF 		bl	pbuf_clone
 3410              	.LVL352:
1285:Middlewares/Third_Party/LwIP/src/core/pbuf.c ****     /* @todo: what do we do now? */
 3411              		.loc 1 1285 3 is_stmt 1 view .LVU998
1285:Middlewares/Third_Party/LwIP/src/core/pbuf.c ****     /* @todo: what do we do now? */
 3412              		.loc 1 1285 6 is_stmt 0 view .LVU999
 3413 0014 0546     		mov	r5, r0
 3414 0016 18B1     		cbz	r0, .L261
1289:Middlewares/Third_Party/LwIP/src/core/pbuf.c ****   return q;
 3415              		.loc 1 1289 3 is_stmt 1 view .LVU1000
 3416 0018 2046     		mov	r0, r4
 3417              	.LVL353:
1289:Middlewares/Third_Party/LwIP/src/core/pbuf.c ****   return q;
 3418              		.loc 1 1289 3 is_stmt 0 view .LVU1001
 3419 001a FFF7FEFF 		bl	pbuf_free
 3420              	.LVL354:
1290:Middlewares/Third_Party/LwIP/src/core/pbuf.c **** }
 3421              		.loc 1 1290 3 is_stmt 1 view .LVU1002
1290:Middlewares/Third_Party/LwIP/src/core/pbuf.c **** }
 3422              		.loc 1 1290 10 is_stmt 0 view .LVU1003
 3423 001e 2C46     		mov	r4, r5
 3424              	.LVL355:
 3425              	.L261:
1291:Middlewares/Third_Party/LwIP/src/core/pbuf.c **** 
 3426              		.loc 1 1291 1 view .LVU1004
ARM GAS  /tmp/ccawya4i.s 			page 101


 3427 0020 2046     		mov	r0, r4
 3428 0022 38BD     		pop	{r3, r4, r5, pc}
 3429              		.cfi_endproc
 3430              	.LFE194:
 3432              		.section	.text.pbuf_try_get_at,"ax",%progbits
 3433              		.align	1
 3434              		.global	pbuf_try_get_at
 3435              		.syntax unified
 3436              		.thumb
 3437              		.thumb_func
 3439              	pbuf_try_get_at:
 3440              	.LVL356:
 3441              	.LFB197:
1319:Middlewares/Third_Party/LwIP/src/core/pbuf.c **** 
1320:Middlewares/Third_Party/LwIP/src/core/pbuf.c **** #if LWIP_CHECKSUM_ON_COPY
1321:Middlewares/Third_Party/LwIP/src/core/pbuf.c **** /**
1322:Middlewares/Third_Party/LwIP/src/core/pbuf.c ****  * Copies data into a single pbuf (*not* into a pbuf queue!) and updates
1323:Middlewares/Third_Party/LwIP/src/core/pbuf.c ****  * the checksum while copying
1324:Middlewares/Third_Party/LwIP/src/core/pbuf.c ****  *
1325:Middlewares/Third_Party/LwIP/src/core/pbuf.c ****  * @param p the pbuf to copy data into
1326:Middlewares/Third_Party/LwIP/src/core/pbuf.c ****  * @param start_offset offset of p->payload where to copy the data to
1327:Middlewares/Third_Party/LwIP/src/core/pbuf.c ****  * @param dataptr data to copy into the pbuf
1328:Middlewares/Third_Party/LwIP/src/core/pbuf.c ****  * @param len length of data to copy into the pbuf
1329:Middlewares/Third_Party/LwIP/src/core/pbuf.c ****  * @param chksum pointer to the checksum which is updated
1330:Middlewares/Third_Party/LwIP/src/core/pbuf.c ****  * @return ERR_OK if successful, another error if the data does not fit
1331:Middlewares/Third_Party/LwIP/src/core/pbuf.c ****  *         within the (first) pbuf (no pbuf queues!)
1332:Middlewares/Third_Party/LwIP/src/core/pbuf.c ****  */
1333:Middlewares/Third_Party/LwIP/src/core/pbuf.c **** err_t
1334:Middlewares/Third_Party/LwIP/src/core/pbuf.c **** pbuf_fill_chksum(struct pbuf *p, u16_t start_offset, const void *dataptr,
1335:Middlewares/Third_Party/LwIP/src/core/pbuf.c ****                  u16_t len, u16_t *chksum)
1336:Middlewares/Third_Party/LwIP/src/core/pbuf.c **** {
1337:Middlewares/Third_Party/LwIP/src/core/pbuf.c ****   u32_t acc;
1338:Middlewares/Third_Party/LwIP/src/core/pbuf.c ****   u16_t copy_chksum;
1339:Middlewares/Third_Party/LwIP/src/core/pbuf.c ****   char *dst_ptr;
1340:Middlewares/Third_Party/LwIP/src/core/pbuf.c ****   LWIP_ASSERT("p != NULL", p != NULL);
1341:Middlewares/Third_Party/LwIP/src/core/pbuf.c ****   LWIP_ASSERT("dataptr != NULL", dataptr != NULL);
1342:Middlewares/Third_Party/LwIP/src/core/pbuf.c ****   LWIP_ASSERT("chksum != NULL", chksum != NULL);
1343:Middlewares/Third_Party/LwIP/src/core/pbuf.c ****   LWIP_ASSERT("len != 0", len != 0);
1344:Middlewares/Third_Party/LwIP/src/core/pbuf.c **** 
1345:Middlewares/Third_Party/LwIP/src/core/pbuf.c ****   if ((start_offset >= p->len) || (start_offset + len > p->len)) {
1346:Middlewares/Third_Party/LwIP/src/core/pbuf.c ****     return ERR_ARG;
1347:Middlewares/Third_Party/LwIP/src/core/pbuf.c ****   }
1348:Middlewares/Third_Party/LwIP/src/core/pbuf.c **** 
1349:Middlewares/Third_Party/LwIP/src/core/pbuf.c ****   dst_ptr = ((char *)p->payload) + start_offset;
1350:Middlewares/Third_Party/LwIP/src/core/pbuf.c ****   copy_chksum = LWIP_CHKSUM_COPY(dst_ptr, dataptr, len);
1351:Middlewares/Third_Party/LwIP/src/core/pbuf.c ****   if ((start_offset & 1) != 0) {
1352:Middlewares/Third_Party/LwIP/src/core/pbuf.c ****     copy_chksum = SWAP_BYTES_IN_WORD(copy_chksum);
1353:Middlewares/Third_Party/LwIP/src/core/pbuf.c ****   }
1354:Middlewares/Third_Party/LwIP/src/core/pbuf.c ****   acc = *chksum;
1355:Middlewares/Third_Party/LwIP/src/core/pbuf.c ****   acc += copy_chksum;
1356:Middlewares/Third_Party/LwIP/src/core/pbuf.c ****   *chksum = FOLD_U32T(acc);
1357:Middlewares/Third_Party/LwIP/src/core/pbuf.c ****   return ERR_OK;
1358:Middlewares/Third_Party/LwIP/src/core/pbuf.c **** }
1359:Middlewares/Third_Party/LwIP/src/core/pbuf.c **** #endif /* LWIP_CHECKSUM_ON_COPY */
1360:Middlewares/Third_Party/LwIP/src/core/pbuf.c **** 
1361:Middlewares/Third_Party/LwIP/src/core/pbuf.c **** /**
1362:Middlewares/Third_Party/LwIP/src/core/pbuf.c ****  * @ingroup pbuf
ARM GAS  /tmp/ccawya4i.s 			page 102


1363:Middlewares/Third_Party/LwIP/src/core/pbuf.c ****  * Get one byte from the specified position in a pbuf
1364:Middlewares/Third_Party/LwIP/src/core/pbuf.c ****  * WARNING: returns zero for offset >= p->tot_len
1365:Middlewares/Third_Party/LwIP/src/core/pbuf.c ****  *
1366:Middlewares/Third_Party/LwIP/src/core/pbuf.c ****  * @param p pbuf to parse
1367:Middlewares/Third_Party/LwIP/src/core/pbuf.c ****  * @param offset offset into p of the byte to return
1368:Middlewares/Third_Party/LwIP/src/core/pbuf.c ****  * @return byte at an offset into p OR ZERO IF 'offset' >= p->tot_len
1369:Middlewares/Third_Party/LwIP/src/core/pbuf.c ****  */
1370:Middlewares/Third_Party/LwIP/src/core/pbuf.c **** u8_t
1371:Middlewares/Third_Party/LwIP/src/core/pbuf.c **** pbuf_get_at(const struct pbuf *p, u16_t offset)
1372:Middlewares/Third_Party/LwIP/src/core/pbuf.c **** {
1373:Middlewares/Third_Party/LwIP/src/core/pbuf.c ****   int ret = pbuf_try_get_at(p, offset);
1374:Middlewares/Third_Party/LwIP/src/core/pbuf.c ****   if (ret >= 0) {
1375:Middlewares/Third_Party/LwIP/src/core/pbuf.c ****     return (u8_t)ret;
1376:Middlewares/Third_Party/LwIP/src/core/pbuf.c ****   }
1377:Middlewares/Third_Party/LwIP/src/core/pbuf.c ****   return 0;
1378:Middlewares/Third_Party/LwIP/src/core/pbuf.c **** }
1379:Middlewares/Third_Party/LwIP/src/core/pbuf.c **** 
1380:Middlewares/Third_Party/LwIP/src/core/pbuf.c **** /**
1381:Middlewares/Third_Party/LwIP/src/core/pbuf.c ****  * @ingroup pbuf
1382:Middlewares/Third_Party/LwIP/src/core/pbuf.c ****  * Get one byte from the specified position in a pbuf
1383:Middlewares/Third_Party/LwIP/src/core/pbuf.c ****  *
1384:Middlewares/Third_Party/LwIP/src/core/pbuf.c ****  * @param p pbuf to parse
1385:Middlewares/Third_Party/LwIP/src/core/pbuf.c ****  * @param offset offset into p of the byte to return
1386:Middlewares/Third_Party/LwIP/src/core/pbuf.c ****  * @return byte at an offset into p [0..0xFF] OR negative if 'offset' >= p->tot_len
1387:Middlewares/Third_Party/LwIP/src/core/pbuf.c ****  */
1388:Middlewares/Third_Party/LwIP/src/core/pbuf.c **** int
1389:Middlewares/Third_Party/LwIP/src/core/pbuf.c **** pbuf_try_get_at(const struct pbuf *p, u16_t offset)
1390:Middlewares/Third_Party/LwIP/src/core/pbuf.c **** {
 3442              		.loc 1 1390 1 is_stmt 1 view -0
 3443              		.cfi_startproc
 3444              		@ args = 0, pretend = 0, frame = 8
 3445              		@ frame_needed = 0, uses_anonymous_args = 0
 3446              		.loc 1 1390 1 is_stmt 0 view .LVU1006
 3447 0000 00B5     		push	{lr}
 3448              	.LCFI44:
 3449              		.cfi_def_cfa_offset 4
 3450              		.cfi_offset 14, -4
 3451 0002 83B0     		sub	sp, sp, #12
 3452              	.LCFI45:
 3453              		.cfi_def_cfa_offset 16
1391:Middlewares/Third_Party/LwIP/src/core/pbuf.c ****   u16_t q_idx;
 3454              		.loc 1 1391 3 is_stmt 1 view .LVU1007
1392:Middlewares/Third_Party/LwIP/src/core/pbuf.c ****   const struct pbuf *q = pbuf_skip_const(p, offset, &q_idx);
 3455              		.loc 1 1392 3 view .LVU1008
 3456              		.loc 1 1392 26 is_stmt 0 view .LVU1009
 3457 0004 0DF10602 		add	r2, sp, #6
 3458 0008 FFF7FEFF 		bl	pbuf_skip_const
 3459              	.LVL357:
1393:Middlewares/Third_Party/LwIP/src/core/pbuf.c **** 
1394:Middlewares/Third_Party/LwIP/src/core/pbuf.c ****   /* return requested data if pbuf is OK */
1395:Middlewares/Third_Party/LwIP/src/core/pbuf.c ****   if ((q != NULL) && (q->len > q_idx)) {
 3460              		.loc 1 1395 3 is_stmt 1 view .LVU1010
 3461              		.loc 1 1395 6 is_stmt 0 view .LVU1011
 3462 000c 48B1     		cbz	r0, .L265
 3463              		.loc 1 1395 24 discriminator 1 view .LVU1012
 3464 000e 4189     		ldrh	r1, [r0, #10]
 3465              		.loc 1 1395 30 discriminator 1 view .LVU1013
ARM GAS  /tmp/ccawya4i.s 			page 103


 3466 0010 BDF80620 		ldrh	r2, [sp, #6]
 3467              		.loc 1 1395 19 discriminator 1 view .LVU1014
 3468 0014 9142     		cmp	r1, r2
 3469 0016 07D9     		bls	.L266
1396:Middlewares/Third_Party/LwIP/src/core/pbuf.c ****     return ((u8_t *)q->payload)[q_idx];
 3470              		.loc 1 1396 5 is_stmt 1 view .LVU1015
 3471              		.loc 1 1396 22 is_stmt 0 view .LVU1016
 3472 0018 4368     		ldr	r3, [r0, #4]
 3473              		.loc 1 1396 32 view .LVU1017
 3474 001a 985C     		ldrb	r0, [r3, r2]	@ zero_extendqisi2
 3475              	.LVL358:
 3476              	.L263:
1397:Middlewares/Third_Party/LwIP/src/core/pbuf.c ****   }
1398:Middlewares/Third_Party/LwIP/src/core/pbuf.c ****   return -1;
1399:Middlewares/Third_Party/LwIP/src/core/pbuf.c **** }
 3477              		.loc 1 1399 1 view .LVU1018
 3478 001c 03B0     		add	sp, sp, #12
 3479              	.LCFI46:
 3480              		.cfi_remember_state
 3481              		.cfi_def_cfa_offset 4
 3482              		@ sp needed
 3483 001e 5DF804FB 		ldr	pc, [sp], #4
 3484              	.LVL359:
 3485              	.L265:
 3486              	.LCFI47:
 3487              		.cfi_restore_state
1398:Middlewares/Third_Party/LwIP/src/core/pbuf.c **** }
 3488              		.loc 1 1398 10 view .LVU1019
 3489 0022 4FF0FF30 		mov	r0, #-1
 3490              	.LVL360:
1398:Middlewares/Third_Party/LwIP/src/core/pbuf.c **** }
 3491              		.loc 1 1398 10 view .LVU1020
 3492 0026 F9E7     		b	.L263
 3493              	.LVL361:
 3494              	.L266:
1398:Middlewares/Third_Party/LwIP/src/core/pbuf.c **** }
 3495              		.loc 1 1398 10 view .LVU1021
 3496 0028 4FF0FF30 		mov	r0, #-1
 3497              	.LVL362:
1398:Middlewares/Third_Party/LwIP/src/core/pbuf.c **** }
 3498              		.loc 1 1398 10 view .LVU1022
 3499 002c F6E7     		b	.L263
 3500              		.cfi_endproc
 3501              	.LFE197:
 3503              		.section	.text.pbuf_get_at,"ax",%progbits
 3504              		.align	1
 3505              		.global	pbuf_get_at
 3506              		.syntax unified
 3507              		.thumb
 3508              		.thumb_func
 3510              	pbuf_get_at:
 3511              	.LVL363:
 3512              	.LFB196:
1372:Middlewares/Third_Party/LwIP/src/core/pbuf.c ****   int ret = pbuf_try_get_at(p, offset);
 3513              		.loc 1 1372 1 is_stmt 1 view -0
 3514              		.cfi_startproc
 3515              		@ args = 0, pretend = 0, frame = 0
ARM GAS  /tmp/ccawya4i.s 			page 104


 3516              		@ frame_needed = 0, uses_anonymous_args = 0
1372:Middlewares/Third_Party/LwIP/src/core/pbuf.c ****   int ret = pbuf_try_get_at(p, offset);
 3517              		.loc 1 1372 1 is_stmt 0 view .LVU1024
 3518 0000 08B5     		push	{r3, lr}
 3519              	.LCFI48:
 3520              		.cfi_def_cfa_offset 8
 3521              		.cfi_offset 3, -8
 3522              		.cfi_offset 14, -4
1373:Middlewares/Third_Party/LwIP/src/core/pbuf.c ****   if (ret >= 0) {
 3523              		.loc 1 1373 3 is_stmt 1 view .LVU1025
1373:Middlewares/Third_Party/LwIP/src/core/pbuf.c ****   if (ret >= 0) {
 3524              		.loc 1 1373 13 is_stmt 0 view .LVU1026
 3525 0002 FFF7FEFF 		bl	pbuf_try_get_at
 3526              	.LVL364:
1374:Middlewares/Third_Party/LwIP/src/core/pbuf.c ****     return (u8_t)ret;
 3527              		.loc 1 1374 3 is_stmt 1 view .LVU1027
1374:Middlewares/Third_Party/LwIP/src/core/pbuf.c ****     return (u8_t)ret;
 3528              		.loc 1 1374 6 is_stmt 0 view .LVU1028
 3529 0006 0028     		cmp	r0, #0
1374:Middlewares/Third_Party/LwIP/src/core/pbuf.c ****     return (u8_t)ret;
 3530              		.loc 1 1374 6 view .LVU1029
 3531 0008 01DA     		bge	.L272
1377:Middlewares/Third_Party/LwIP/src/core/pbuf.c **** }
 3532              		.loc 1 1377 10 view .LVU1030
 3533 000a 0020     		movs	r0, #0
 3534              	.LVL365:
 3535              	.L269:
1378:Middlewares/Third_Party/LwIP/src/core/pbuf.c **** 
 3536              		.loc 1 1378 1 view .LVU1031
 3537 000c 08BD     		pop	{r3, pc}
 3538              	.LVL366:
 3539              	.L272:
1375:Middlewares/Third_Party/LwIP/src/core/pbuf.c ****   }
 3540              		.loc 1 1375 5 is_stmt 1 view .LVU1032
1375:Middlewares/Third_Party/LwIP/src/core/pbuf.c ****   }
 3541              		.loc 1 1375 12 is_stmt 0 view .LVU1033
 3542 000e C0B2     		uxtb	r0, r0
 3543              	.LVL367:
1375:Middlewares/Third_Party/LwIP/src/core/pbuf.c ****   }
 3544              		.loc 1 1375 12 view .LVU1034
 3545 0010 FCE7     		b	.L269
 3546              		.cfi_endproc
 3547              	.LFE196:
 3549              		.section	.text.pbuf_put_at,"ax",%progbits
 3550              		.align	1
 3551              		.global	pbuf_put_at
 3552              		.syntax unified
 3553              		.thumb
 3554              		.thumb_func
 3556              	pbuf_put_at:
 3557              	.LVL368:
 3558              	.LFB198:
1400:Middlewares/Third_Party/LwIP/src/core/pbuf.c **** 
1401:Middlewares/Third_Party/LwIP/src/core/pbuf.c **** /**
1402:Middlewares/Third_Party/LwIP/src/core/pbuf.c ****  * @ingroup pbuf
1403:Middlewares/Third_Party/LwIP/src/core/pbuf.c ****  * Put one byte to the specified position in a pbuf
1404:Middlewares/Third_Party/LwIP/src/core/pbuf.c ****  * WARNING: silently ignores offset >= p->tot_len
ARM GAS  /tmp/ccawya4i.s 			page 105


1405:Middlewares/Third_Party/LwIP/src/core/pbuf.c ****  *
1406:Middlewares/Third_Party/LwIP/src/core/pbuf.c ****  * @param p pbuf to fill
1407:Middlewares/Third_Party/LwIP/src/core/pbuf.c ****  * @param offset offset into p of the byte to write
1408:Middlewares/Third_Party/LwIP/src/core/pbuf.c ****  * @param data byte to write at an offset into p
1409:Middlewares/Third_Party/LwIP/src/core/pbuf.c ****  */
1410:Middlewares/Third_Party/LwIP/src/core/pbuf.c **** void
1411:Middlewares/Third_Party/LwIP/src/core/pbuf.c **** pbuf_put_at(struct pbuf *p, u16_t offset, u8_t data)
1412:Middlewares/Third_Party/LwIP/src/core/pbuf.c **** {
 3559              		.loc 1 1412 1 is_stmt 1 view -0
 3560              		.cfi_startproc
 3561              		@ args = 0, pretend = 0, frame = 8
 3562              		@ frame_needed = 0, uses_anonymous_args = 0
 3563              		.loc 1 1412 1 is_stmt 0 view .LVU1036
 3564 0000 10B5     		push	{r4, lr}
 3565              	.LCFI49:
 3566              		.cfi_def_cfa_offset 8
 3567              		.cfi_offset 4, -8
 3568              		.cfi_offset 14, -4
 3569 0002 82B0     		sub	sp, sp, #8
 3570              	.LCFI50:
 3571              		.cfi_def_cfa_offset 16
 3572 0004 1446     		mov	r4, r2
1413:Middlewares/Third_Party/LwIP/src/core/pbuf.c ****   u16_t q_idx;
 3573              		.loc 1 1413 3 is_stmt 1 view .LVU1037
1414:Middlewares/Third_Party/LwIP/src/core/pbuf.c ****   struct pbuf *q = pbuf_skip(p, offset, &q_idx);
 3574              		.loc 1 1414 3 view .LVU1038
 3575              		.loc 1 1414 20 is_stmt 0 view .LVU1039
 3576 0006 0DF10602 		add	r2, sp, #6
 3577              	.LVL369:
 3578              		.loc 1 1414 20 view .LVU1040
 3579 000a FFF7FEFF 		bl	pbuf_skip
 3580              	.LVL370:
1415:Middlewares/Third_Party/LwIP/src/core/pbuf.c **** 
1416:Middlewares/Third_Party/LwIP/src/core/pbuf.c ****   /* write requested data if pbuf is OK */
1417:Middlewares/Third_Party/LwIP/src/core/pbuf.c ****   if ((q != NULL) && (q->len > q_idx)) {
 3581              		.loc 1 1417 3 is_stmt 1 view .LVU1041
 3582              		.loc 1 1417 6 is_stmt 0 view .LVU1042
 3583 000e 30B1     		cbz	r0, .L273
 3584              		.loc 1 1417 24 discriminator 1 view .LVU1043
 3585 0010 4189     		ldrh	r1, [r0, #10]
 3586              		.loc 1 1417 30 discriminator 1 view .LVU1044
 3587 0012 BDF80620 		ldrh	r2, [sp, #6]
 3588              		.loc 1 1417 19 discriminator 1 view .LVU1045
 3589 0016 9142     		cmp	r1, r2
 3590 0018 01D9     		bls	.L273
1418:Middlewares/Third_Party/LwIP/src/core/pbuf.c ****     ((u8_t *)q->payload)[q_idx] = data;
 3591              		.loc 1 1418 5 is_stmt 1 view .LVU1046
 3592              		.loc 1 1418 15 is_stmt 0 view .LVU1047
 3593 001a 4368     		ldr	r3, [r0, #4]
 3594              		.loc 1 1418 33 view .LVU1048
 3595 001c 9C54     		strb	r4, [r3, r2]
 3596              	.L273:
1419:Middlewares/Third_Party/LwIP/src/core/pbuf.c ****   }
1420:Middlewares/Third_Party/LwIP/src/core/pbuf.c **** }
 3597              		.loc 1 1420 1 view .LVU1049
 3598 001e 02B0     		add	sp, sp, #8
 3599              	.LCFI51:
ARM GAS  /tmp/ccawya4i.s 			page 106


 3600              		.cfi_def_cfa_offset 8
 3601              		@ sp needed
 3602 0020 10BD     		pop	{r4, pc}
 3603              		.cfi_endproc
 3604              	.LFE198:
 3606              		.section	.text.pbuf_memcmp,"ax",%progbits
 3607              		.align	1
 3608              		.global	pbuf_memcmp
 3609              		.syntax unified
 3610              		.thumb
 3611              		.thumb_func
 3613              	pbuf_memcmp:
 3614              	.LVL371:
 3615              	.LFB199:
1421:Middlewares/Third_Party/LwIP/src/core/pbuf.c **** 
1422:Middlewares/Third_Party/LwIP/src/core/pbuf.c **** /**
1423:Middlewares/Third_Party/LwIP/src/core/pbuf.c ****  * @ingroup pbuf
1424:Middlewares/Third_Party/LwIP/src/core/pbuf.c ****  * Compare pbuf contents at specified offset with memory s2, both of length n
1425:Middlewares/Third_Party/LwIP/src/core/pbuf.c ****  *
1426:Middlewares/Third_Party/LwIP/src/core/pbuf.c ****  * @param p pbuf to compare
1427:Middlewares/Third_Party/LwIP/src/core/pbuf.c ****  * @param offset offset into p at which to start comparing
1428:Middlewares/Third_Party/LwIP/src/core/pbuf.c ****  * @param s2 buffer to compare
1429:Middlewares/Third_Party/LwIP/src/core/pbuf.c ****  * @param n length of buffer to compare
1430:Middlewares/Third_Party/LwIP/src/core/pbuf.c ****  * @return zero if equal, nonzero otherwise
1431:Middlewares/Third_Party/LwIP/src/core/pbuf.c ****  *         (0xffff if p is too short, diffoffset+1 otherwise)
1432:Middlewares/Third_Party/LwIP/src/core/pbuf.c ****  */
1433:Middlewares/Third_Party/LwIP/src/core/pbuf.c **** u16_t
1434:Middlewares/Third_Party/LwIP/src/core/pbuf.c **** pbuf_memcmp(const struct pbuf *p, u16_t offset, const void *s2, u16_t n)
1435:Middlewares/Third_Party/LwIP/src/core/pbuf.c **** {
 3616              		.loc 1 1435 1 is_stmt 1 view -0
 3617              		.cfi_startproc
 3618              		@ args = 0, pretend = 0, frame = 0
 3619              		@ frame_needed = 0, uses_anonymous_args = 0
 3620              		.loc 1 1435 1 is_stmt 0 view .LVU1051
 3621 0000 2DE9F041 		push	{r4, r5, r6, r7, r8, lr}
 3622              	.LCFI52:
 3623              		.cfi_def_cfa_offset 24
 3624              		.cfi_offset 4, -24
 3625              		.cfi_offset 5, -20
 3626              		.cfi_offset 6, -16
 3627              		.cfi_offset 7, -12
 3628              		.cfi_offset 8, -8
 3629              		.cfi_offset 14, -4
 3630 0004 0546     		mov	r5, r0
 3631 0006 0E46     		mov	r6, r1
 3632 0008 9046     		mov	r8, r2
 3633 000a 1F46     		mov	r7, r3
1436:Middlewares/Third_Party/LwIP/src/core/pbuf.c ****   u16_t start = offset;
 3634              		.loc 1 1436 3 is_stmt 1 view .LVU1052
 3635              	.LVL372:
1437:Middlewares/Third_Party/LwIP/src/core/pbuf.c ****   const struct pbuf *q = p;
 3636              		.loc 1 1437 3 view .LVU1053
1438:Middlewares/Third_Party/LwIP/src/core/pbuf.c ****   u16_t i;
 3637              		.loc 1 1438 3 view .LVU1054
1439:Middlewares/Third_Party/LwIP/src/core/pbuf.c **** 
1440:Middlewares/Third_Party/LwIP/src/core/pbuf.c ****   /* pbuf long enough to perform check? */
1441:Middlewares/Third_Party/LwIP/src/core/pbuf.c ****   if (p->tot_len < (offset + n)) {
ARM GAS  /tmp/ccawya4i.s 			page 107


 3638              		.loc 1 1441 3 view .LVU1055
 3639              		.loc 1 1441 8 is_stmt 0 view .LVU1056
 3640 000c 0289     		ldrh	r2, [r0, #8]
 3641              	.LVL373:
 3642              		.loc 1 1441 28 view .LVU1057
 3643 000e CB18     		adds	r3, r1, r3
 3644              	.LVL374:
 3645              		.loc 1 1441 6 view .LVU1058
 3646 0010 9A42     		cmp	r2, r3
 3647 0012 05DA     		bge	.L278
1442:Middlewares/Third_Party/LwIP/src/core/pbuf.c ****     return 0xffff;
 3648              		.loc 1 1442 12 view .LVU1059
 3649 0014 4FF6FF70 		movw	r0, #65535
 3650              	.LVL375:
 3651              		.loc 1 1442 12 view .LVU1060
 3652 0018 20E0     		b	.L277
 3653              	.LVL376:
 3654              	.L280:
1443:Middlewares/Third_Party/LwIP/src/core/pbuf.c ****   }
1444:Middlewares/Third_Party/LwIP/src/core/pbuf.c **** 
1445:Middlewares/Third_Party/LwIP/src/core/pbuf.c ****   /* get the correct pbuf from chain. We know it succeeds because of p->tot_len check above. */
1446:Middlewares/Third_Party/LwIP/src/core/pbuf.c ****   while ((q != NULL) && (q->len <= start)) {
1447:Middlewares/Third_Party/LwIP/src/core/pbuf.c ****     start = (u16_t)(start - q->len);
 3655              		.loc 1 1447 5 is_stmt 1 view .LVU1061
 3656              		.loc 1 1447 11 is_stmt 0 view .LVU1062
 3657 001a 301A     		subs	r0, r6, r0
 3658 001c 86B2     		uxth	r6, r0
 3659              	.LVL377:
1448:Middlewares/Third_Party/LwIP/src/core/pbuf.c ****     q = q->next;
 3660              		.loc 1 1448 5 is_stmt 1 view .LVU1063
 3661              		.loc 1 1448 7 is_stmt 0 view .LVU1064
 3662 001e 2D68     		ldr	r5, [r5]
 3663              	.LVL378:
 3664              	.L278:
1446:Middlewares/Third_Party/LwIP/src/core/pbuf.c ****     start = (u16_t)(start - q->len);
 3665              		.loc 1 1446 22 is_stmt 1 view .LVU1065
 3666 0020 65B1     		cbz	r5, .L285
1446:Middlewares/Third_Party/LwIP/src/core/pbuf.c ****     start = (u16_t)(start - q->len);
 3667              		.loc 1 1446 27 is_stmt 0 discriminator 1 view .LVU1066
 3668 0022 6889     		ldrh	r0, [r5, #10]
1446:Middlewares/Third_Party/LwIP/src/core/pbuf.c ****     start = (u16_t)(start - q->len);
 3669              		.loc 1 1446 22 discriminator 1 view .LVU1067
 3670 0024 B042     		cmp	r0, r6
 3671 0026 F8D9     		bls	.L280
 3672 0028 0024     		movs	r4, #0
 3673 002a 08E0     		b	.L282
 3674              	.LVL379:
 3675              	.L288:
 3676              	.LBB15:
1449:Middlewares/Third_Party/LwIP/src/core/pbuf.c ****   }
1450:Middlewares/Third_Party/LwIP/src/core/pbuf.c **** 
1451:Middlewares/Third_Party/LwIP/src/core/pbuf.c ****   /* return requested data if pbuf is OK */
1452:Middlewares/Third_Party/LwIP/src/core/pbuf.c ****   for (i = 0; i < n; i++) {
1453:Middlewares/Third_Party/LwIP/src/core/pbuf.c ****     /* We know pbuf_get_at() succeeds because of p->tot_len check above. */
1454:Middlewares/Third_Party/LwIP/src/core/pbuf.c ****     u8_t a = pbuf_get_at(q, (u16_t)(start + i));
1455:Middlewares/Third_Party/LwIP/src/core/pbuf.c ****     u8_t b = ((const u8_t *)s2)[i];
1456:Middlewares/Third_Party/LwIP/src/core/pbuf.c ****     if (a != b) {
ARM GAS  /tmp/ccawya4i.s 			page 108


1457:Middlewares/Third_Party/LwIP/src/core/pbuf.c ****       return (u16_t)LWIP_MIN(i + 1, 0xFFFF);
 3677              		.loc 1 1457 7 is_stmt 1 view .LVU1068
 3678              		.loc 1 1457 14 is_stmt 0 view .LVU1069
 3679 002c 4FF6FE70 		movw	r0, #65534
 3680              	.LVL380:
 3681              		.loc 1 1457 14 view .LVU1070
 3682 0030 A042     		cmp	r0, r4
 3683 0032 28BF     		it	cs
 3684 0034 2046     		movcs	r0, r4
 3685 0036 0130     		adds	r0, r0, #1
 3686 0038 80B2     		uxth	r0, r0
 3687 003a 0FE0     		b	.L277
 3688              	.LVL381:
 3689              	.L285:
 3690              		.loc 1 1457 14 view .LVU1071
 3691              	.LBE15:
 3692 003c 0024     		movs	r4, #0
 3693              	.LVL382:
 3694              	.L282:
1452:Middlewares/Third_Party/LwIP/src/core/pbuf.c ****     /* We know pbuf_get_at() succeeds because of p->tot_len check above. */
 3695              		.loc 1 1452 17 is_stmt 1 discriminator 1 view .LVU1072
 3696 003e BC42     		cmp	r4, r7
 3697 0040 0BD2     		bcs	.L287
 3698              	.LBB16:
1454:Middlewares/Third_Party/LwIP/src/core/pbuf.c ****     u8_t b = ((const u8_t *)s2)[i];
 3699              		.loc 1 1454 5 view .LVU1073
1454:Middlewares/Third_Party/LwIP/src/core/pbuf.c ****     u8_t b = ((const u8_t *)s2)[i];
 3700              		.loc 1 1454 14 is_stmt 0 view .LVU1074
 3701 0042 3119     		adds	r1, r6, r4
 3702 0044 89B2     		uxth	r1, r1
 3703 0046 2846     		mov	r0, r5
 3704 0048 FFF7FEFF 		bl	pbuf_get_at
 3705              	.LVL383:
1455:Middlewares/Third_Party/LwIP/src/core/pbuf.c ****     if (a != b) {
 3706              		.loc 1 1455 5 is_stmt 1 view .LVU1075
1455:Middlewares/Third_Party/LwIP/src/core/pbuf.c ****     if (a != b) {
 3707              		.loc 1 1455 10 is_stmt 0 view .LVU1076
 3708 004c 18F80410 		ldrb	r1, [r8, r4]	@ zero_extendqisi2
 3709              	.LVL384:
1456:Middlewares/Third_Party/LwIP/src/core/pbuf.c ****       return (u16_t)LWIP_MIN(i + 1, 0xFFFF);
 3710              		.loc 1 1456 5 is_stmt 1 view .LVU1077
1456:Middlewares/Third_Party/LwIP/src/core/pbuf.c ****       return (u16_t)LWIP_MIN(i + 1, 0xFFFF);
 3711              		.loc 1 1456 8 is_stmt 0 view .LVU1078
 3712 0050 8842     		cmp	r0, r1
 3713 0052 EBD1     		bne	.L288
 3714              	.LBE16:
1452:Middlewares/Third_Party/LwIP/src/core/pbuf.c ****     /* We know pbuf_get_at() succeeds because of p->tot_len check above. */
 3715              		.loc 1 1452 23 is_stmt 1 discriminator 2 view .LVU1079
 3716 0054 0134     		adds	r4, r4, #1
 3717              	.LVL385:
1452:Middlewares/Third_Party/LwIP/src/core/pbuf.c ****     /* We know pbuf_get_at() succeeds because of p->tot_len check above. */
 3718              		.loc 1 1452 23 is_stmt 0 discriminator 2 view .LVU1080
 3719 0056 A4B2     		uxth	r4, r4
 3720              	.LVL386:
1452:Middlewares/Third_Party/LwIP/src/core/pbuf.c ****     /* We know pbuf_get_at() succeeds because of p->tot_len check above. */
 3721              		.loc 1 1452 23 discriminator 2 view .LVU1081
 3722 0058 F1E7     		b	.L282
ARM GAS  /tmp/ccawya4i.s 			page 109


 3723              	.LVL387:
 3724              	.L287:
1458:Middlewares/Third_Party/LwIP/src/core/pbuf.c ****     }
1459:Middlewares/Third_Party/LwIP/src/core/pbuf.c ****   }
1460:Middlewares/Third_Party/LwIP/src/core/pbuf.c ****   return 0;
 3725              		.loc 1 1460 10 view .LVU1082
 3726 005a 0020     		movs	r0, #0
 3727              	.LVL388:
 3728              	.L277:
1461:Middlewares/Third_Party/LwIP/src/core/pbuf.c **** }
 3729              		.loc 1 1461 1 view .LVU1083
 3730 005c BDE8F081 		pop	{r4, r5, r6, r7, r8, pc}
 3731              		.loc 1 1461 1 view .LVU1084
 3732              		.cfi_endproc
 3733              	.LFE199:
 3735              		.section	.text.pbuf_memfind,"ax",%progbits
 3736              		.align	1
 3737              		.global	pbuf_memfind
 3738              		.syntax unified
 3739              		.thumb
 3740              		.thumb_func
 3742              	pbuf_memfind:
 3743              	.LVL389:
 3744              	.LFB200:
1462:Middlewares/Third_Party/LwIP/src/core/pbuf.c **** 
1463:Middlewares/Third_Party/LwIP/src/core/pbuf.c **** /**
1464:Middlewares/Third_Party/LwIP/src/core/pbuf.c ****  * @ingroup pbuf
1465:Middlewares/Third_Party/LwIP/src/core/pbuf.c ****  * Find occurrence of mem (with length mem_len) in pbuf p, starting at offset
1466:Middlewares/Third_Party/LwIP/src/core/pbuf.c ****  * start_offset.
1467:Middlewares/Third_Party/LwIP/src/core/pbuf.c ****  *
1468:Middlewares/Third_Party/LwIP/src/core/pbuf.c ****  * @param p pbuf to search, maximum length is 0xFFFE since 0xFFFF is used as
1469:Middlewares/Third_Party/LwIP/src/core/pbuf.c ****  *        return value 'not found'
1470:Middlewares/Third_Party/LwIP/src/core/pbuf.c ****  * @param mem search for the contents of this buffer
1471:Middlewares/Third_Party/LwIP/src/core/pbuf.c ****  * @param mem_len length of 'mem'
1472:Middlewares/Third_Party/LwIP/src/core/pbuf.c ****  * @param start_offset offset into p at which to start searching
1473:Middlewares/Third_Party/LwIP/src/core/pbuf.c ****  * @return 0xFFFF if substr was not found in p or the index where it was found
1474:Middlewares/Third_Party/LwIP/src/core/pbuf.c ****  */
1475:Middlewares/Third_Party/LwIP/src/core/pbuf.c **** u16_t
1476:Middlewares/Third_Party/LwIP/src/core/pbuf.c **** pbuf_memfind(const struct pbuf *p, const void *mem, u16_t mem_len, u16_t start_offset)
1477:Middlewares/Third_Party/LwIP/src/core/pbuf.c **** {
 3745              		.loc 1 1477 1 is_stmt 1 view -0
 3746              		.cfi_startproc
 3747              		@ args = 0, pretend = 0, frame = 0
 3748              		@ frame_needed = 0, uses_anonymous_args = 0
 3749              		.loc 1 1477 1 is_stmt 0 view .LVU1086
 3750 0000 2DE9F041 		push	{r4, r5, r6, r7, r8, lr}
 3751              	.LCFI53:
 3752              		.cfi_def_cfa_offset 24
 3753              		.cfi_offset 4, -24
 3754              		.cfi_offset 5, -20
 3755              		.cfi_offset 6, -16
 3756              		.cfi_offset 7, -12
 3757              		.cfi_offset 8, -8
 3758              		.cfi_offset 14, -4
 3759 0004 0646     		mov	r6, r0
 3760 0006 8846     		mov	r8, r1
 3761 0008 1546     		mov	r5, r2
ARM GAS  /tmp/ccawya4i.s 			page 110


 3762 000a 1C46     		mov	r4, r3
1478:Middlewares/Third_Party/LwIP/src/core/pbuf.c ****   u16_t i;
 3763              		.loc 1 1478 3 is_stmt 1 view .LVU1087
1479:Middlewares/Third_Party/LwIP/src/core/pbuf.c ****   u16_t max_cmp_start = (u16_t)(p->tot_len - mem_len);
 3764              		.loc 1 1479 3 view .LVU1088
 3765              		.loc 1 1479 34 is_stmt 0 view .LVU1089
 3766 000c 0389     		ldrh	r3, [r0, #8]
 3767              	.LVL390:
 3768              		.loc 1 1479 9 view .LVU1090
 3769 000e 9F1A     		subs	r7, r3, r2
 3770 0010 BFB2     		uxth	r7, r7
 3771              	.LVL391:
1480:Middlewares/Third_Party/LwIP/src/core/pbuf.c ****   if (p->tot_len >= mem_len + start_offset) {
 3772              		.loc 1 1480 3 is_stmt 1 view .LVU1091
 3773              		.loc 1 1480 29 is_stmt 0 view .LVU1092
 3774 0012 2244     		add	r2, r2, r4
 3775              	.LVL392:
 3776              		.loc 1 1480 6 view .LVU1093
 3777 0014 9342     		cmp	r3, r2
 3778 0016 0BDB     		blt	.L295
 3779              	.LVL393:
 3780              	.L290:
1481:Middlewares/Third_Party/LwIP/src/core/pbuf.c ****     for (i = start_offset; i <= max_cmp_start; i++) {
 3781              		.loc 1 1481 30 is_stmt 1 discriminator 1 view .LVU1094
 3782 0018 BC42     		cmp	r4, r7
 3783 001a 0DD8     		bhi	.L296
 3784              	.LBB17:
1482:Middlewares/Third_Party/LwIP/src/core/pbuf.c ****       u16_t plus = pbuf_memcmp(p, i, mem, mem_len);
 3785              		.loc 1 1482 7 view .LVU1095
 3786              		.loc 1 1482 20 is_stmt 0 view .LVU1096
 3787 001c 2B46     		mov	r3, r5
 3788 001e 4246     		mov	r2, r8
 3789 0020 2146     		mov	r1, r4
 3790 0022 3046     		mov	r0, r6
 3791 0024 FFF7FEFF 		bl	pbuf_memcmp
 3792              	.LVL394:
1483:Middlewares/Third_Party/LwIP/src/core/pbuf.c ****       if (plus == 0) {
 3793              		.loc 1 1483 7 is_stmt 1 view .LVU1097
 3794              		.loc 1 1483 10 is_stmt 0 view .LVU1098
 3795 0028 48B1     		cbz	r0, .L293
 3796              	.LBE17:
1481:Middlewares/Third_Party/LwIP/src/core/pbuf.c ****     for (i = start_offset; i <= max_cmp_start; i++) {
 3797              		.loc 1 1481 49 is_stmt 1 discriminator 2 view .LVU1099
 3798 002a 0134     		adds	r4, r4, #1
 3799              	.LVL395:
1481:Middlewares/Third_Party/LwIP/src/core/pbuf.c ****     for (i = start_offset; i <= max_cmp_start; i++) {
 3800              		.loc 1 1481 49 is_stmt 0 discriminator 2 view .LVU1100
 3801 002c A4B2     		uxth	r4, r4
 3802              	.LVL396:
1481:Middlewares/Third_Party/LwIP/src/core/pbuf.c ****     for (i = start_offset; i <= max_cmp_start; i++) {
 3803              		.loc 1 1481 49 discriminator 2 view .LVU1101
 3804 002e F3E7     		b	.L290
 3805              	.LVL397:
 3806              	.L295:
1484:Middlewares/Third_Party/LwIP/src/core/pbuf.c ****         return i;
1485:Middlewares/Third_Party/LwIP/src/core/pbuf.c ****       }
1486:Middlewares/Third_Party/LwIP/src/core/pbuf.c ****     }
ARM GAS  /tmp/ccawya4i.s 			page 111


1487:Middlewares/Third_Party/LwIP/src/core/pbuf.c ****   }
1488:Middlewares/Third_Party/LwIP/src/core/pbuf.c ****   return 0xFFFF;
 3807              		.loc 1 1488 10 view .LVU1102
 3808 0030 4FF6FF70 		movw	r0, #65535
 3809              	.LVL398:
 3810              	.L291:
1489:Middlewares/Third_Party/LwIP/src/core/pbuf.c **** }
 3811              		.loc 1 1489 1 view .LVU1103
 3812 0034 BDE8F081 		pop	{r4, r5, r6, r7, r8, pc}
 3813              	.LVL399:
 3814              	.L296:
1488:Middlewares/Third_Party/LwIP/src/core/pbuf.c **** }
 3815              		.loc 1 1488 10 view .LVU1104
 3816 0038 4FF6FF70 		movw	r0, #65535
 3817 003c FAE7     		b	.L291
 3818              	.LVL400:
 3819              	.L293:
 3820              	.LBB18:
1484:Middlewares/Third_Party/LwIP/src/core/pbuf.c ****         return i;
 3821              		.loc 1 1484 16 view .LVU1105
 3822 003e 2046     		mov	r0, r4
 3823              	.LVL401:
1484:Middlewares/Third_Party/LwIP/src/core/pbuf.c ****         return i;
 3824              		.loc 1 1484 16 view .LVU1106
 3825 0040 F8E7     		b	.L291
 3826              	.LBE18:
 3827              		.cfi_endproc
 3828              	.LFE200:
 3830              		.section	.text.pbuf_strstr,"ax",%progbits
 3831              		.align	1
 3832              		.global	pbuf_strstr
 3833              		.syntax unified
 3834              		.thumb
 3835              		.thumb_func
 3837              	pbuf_strstr:
 3838              	.LVL402:
 3839              	.LFB201:
1490:Middlewares/Third_Party/LwIP/src/core/pbuf.c **** 
1491:Middlewares/Third_Party/LwIP/src/core/pbuf.c **** /**
1492:Middlewares/Third_Party/LwIP/src/core/pbuf.c ****  * Find occurrence of substr with length substr_len in pbuf p, start at offset
1493:Middlewares/Third_Party/LwIP/src/core/pbuf.c ****  * start_offset
1494:Middlewares/Third_Party/LwIP/src/core/pbuf.c ****  * WARNING: in contrast to strstr(), this one does not stop at the first \0 in
1495:Middlewares/Third_Party/LwIP/src/core/pbuf.c ****  * the pbuf/source string!
1496:Middlewares/Third_Party/LwIP/src/core/pbuf.c ****  *
1497:Middlewares/Third_Party/LwIP/src/core/pbuf.c ****  * @param p pbuf to search, maximum length is 0xFFFE since 0xFFFF is used as
1498:Middlewares/Third_Party/LwIP/src/core/pbuf.c ****  *        return value 'not found'
1499:Middlewares/Third_Party/LwIP/src/core/pbuf.c ****  * @param substr string to search for in p, maximum length is 0xFFFE
1500:Middlewares/Third_Party/LwIP/src/core/pbuf.c ****  * @return 0xFFFF if substr was not found in p or the index where it was found
1501:Middlewares/Third_Party/LwIP/src/core/pbuf.c ****  */
1502:Middlewares/Third_Party/LwIP/src/core/pbuf.c **** u16_t
1503:Middlewares/Third_Party/LwIP/src/core/pbuf.c **** pbuf_strstr(const struct pbuf *p, const char *substr)
1504:Middlewares/Third_Party/LwIP/src/core/pbuf.c **** {
 3840              		.loc 1 1504 1 is_stmt 1 view -0
 3841              		.cfi_startproc
 3842              		@ args = 0, pretend = 0, frame = 0
 3843              		@ frame_needed = 0, uses_anonymous_args = 0
1505:Middlewares/Third_Party/LwIP/src/core/pbuf.c ****   size_t substr_len;
ARM GAS  /tmp/ccawya4i.s 			page 112


 3844              		.loc 1 1505 3 view .LVU1108
1506:Middlewares/Third_Party/LwIP/src/core/pbuf.c ****   if ((substr == NULL) || (substr[0] == 0) || (p->tot_len == 0xFFFF)) {
 3845              		.loc 1 1506 3 view .LVU1109
 3846              		.loc 1 1506 6 is_stmt 0 view .LVU1110
 3847 0000 B9B1     		cbz	r1, .L299
1504:Middlewares/Third_Party/LwIP/src/core/pbuf.c ****   size_t substr_len;
 3848              		.loc 1 1504 1 discriminator 1 view .LVU1111
 3849 0002 38B5     		push	{r3, r4, r5, lr}
 3850              	.LCFI54:
 3851              		.cfi_def_cfa_offset 16
 3852              		.cfi_offset 3, -16
 3853              		.cfi_offset 4, -12
 3854              		.cfi_offset 5, -8
 3855              		.cfi_offset 14, -4
 3856 0004 0446     		mov	r4, r0
 3857 0006 0D46     		mov	r5, r1
 3858              		.loc 1 1506 34 discriminator 1 view .LVU1112
 3859 0008 0B78     		ldrb	r3, [r1]	@ zero_extendqisi2
 3860              		.loc 1 1506 24 discriminator 1 view .LVU1113
 3861 000a ABB1     		cbz	r3, .L300
 3862              		.loc 1 1506 49 discriminator 2 view .LVU1114
 3863 000c 0089     		ldrh	r0, [r0, #8]
 3864              	.LVL403:
 3865              		.loc 1 1506 44 discriminator 2 view .LVU1115
 3866 000e 4FF6FF73 		movw	r3, #65535
 3867 0012 9842     		cmp	r0, r3
 3868 0014 0CD0     		beq	.L298
1507:Middlewares/Third_Party/LwIP/src/core/pbuf.c ****     return 0xFFFF;
1508:Middlewares/Third_Party/LwIP/src/core/pbuf.c ****   }
1509:Middlewares/Third_Party/LwIP/src/core/pbuf.c ****   substr_len = strlen(substr);
 3869              		.loc 1 1509 3 is_stmt 1 view .LVU1116
 3870              		.loc 1 1509 16 is_stmt 0 view .LVU1117
 3871 0016 0846     		mov	r0, r1
 3872 0018 FFF7FEFF 		bl	strlen
 3873              	.LVL404:
1510:Middlewares/Third_Party/LwIP/src/core/pbuf.c ****   if (substr_len >= 0xFFFF) {
 3874              		.loc 1 1510 3 is_stmt 1 view .LVU1118
 3875              		.loc 1 1510 6 is_stmt 0 view .LVU1119
 3876 001c 4FF6FE73 		movw	r3, #65534
 3877 0020 9842     		cmp	r0, r3
 3878 0022 0CD8     		bhi	.L301
1511:Middlewares/Third_Party/LwIP/src/core/pbuf.c ****     return 0xFFFF;
1512:Middlewares/Third_Party/LwIP/src/core/pbuf.c ****   }
1513:Middlewares/Third_Party/LwIP/src/core/pbuf.c ****   return pbuf_memfind(p, substr, (u16_t)substr_len, 0);
 3879              		.loc 1 1513 3 is_stmt 1 view .LVU1120
 3880              		.loc 1 1513 10 is_stmt 0 view .LVU1121
 3881 0024 0023     		movs	r3, #0
 3882 0026 82B2     		uxth	r2, r0
 3883 0028 2946     		mov	r1, r5
 3884 002a 2046     		mov	r0, r4
 3885              	.LVL405:
 3886              		.loc 1 1513 10 view .LVU1122
 3887 002c FFF7FEFF 		bl	pbuf_memfind
 3888              	.LVL406:
 3889              	.L298:
1514:Middlewares/Third_Party/LwIP/src/core/pbuf.c **** }
 3890              		.loc 1 1514 1 view .LVU1123
ARM GAS  /tmp/ccawya4i.s 			page 113


 3891 0030 38BD     		pop	{r3, r4, r5, pc}
 3892              	.LVL407:
 3893              	.L299:
 3894              	.LCFI55:
 3895              		.cfi_def_cfa_offset 0
 3896              		.cfi_restore 3
 3897              		.cfi_restore 4
 3898              		.cfi_restore 5
 3899              		.cfi_restore 14
1507:Middlewares/Third_Party/LwIP/src/core/pbuf.c ****   }
 3900              		.loc 1 1507 12 view .LVU1124
 3901 0032 4FF6FF70 		movw	r0, #65535
 3902              	.LVL408:
 3903              		.loc 1 1514 1 view .LVU1125
 3904 0036 7047     		bx	lr
 3905              	.LVL409:
 3906              	.L300:
 3907              	.LCFI56:
 3908              		.cfi_def_cfa_offset 16
 3909              		.cfi_offset 3, -16
 3910              		.cfi_offset 4, -12
 3911              		.cfi_offset 5, -8
 3912              		.cfi_offset 14, -4
1507:Middlewares/Third_Party/LwIP/src/core/pbuf.c ****   }
 3913              		.loc 1 1507 12 view .LVU1126
 3914 0038 4FF6FF70 		movw	r0, #65535
 3915              	.LVL410:
1507:Middlewares/Third_Party/LwIP/src/core/pbuf.c ****   }
 3916              		.loc 1 1507 12 view .LVU1127
 3917 003c F8E7     		b	.L298
 3918              	.LVL411:
 3919              	.L301:
1511:Middlewares/Third_Party/LwIP/src/core/pbuf.c ****     return 0xFFFF;
 3920              		.loc 1 1511 12 view .LVU1128
 3921 003e 4FF6FF70 		movw	r0, #65535
 3922              	.LVL412:
1511:Middlewares/Third_Party/LwIP/src/core/pbuf.c ****     return 0xFFFF;
 3923              		.loc 1 1511 12 view .LVU1129
 3924 0042 F5E7     		b	.L298
 3925              		.cfi_endproc
 3926              	.LFE201:
 3928              		.global	pbuf_free_ooseq_pending
 3929              		.section	.bss.pbuf_free_ooseq_pending,"aw",%nobits
 3932              	pbuf_free_ooseq_pending:
 3933 0000 00       		.space	1
 3934              		.text
 3935              	.Letext0:
 3936              		.file 2 "/usr/lib/gcc/arm-none-eabi/12.2.1/include/stdint.h"
 3937              		.file 3 "/usr/lib/gcc/arm-none-eabi/12.2.1/include/stddef.h"
 3938              		.file 4 "Middlewares/Third_Party/LwIP/src/include/lwip/arch.h"
 3939              		.file 5 "Middlewares/Third_Party/LwIP/src/include/lwip/err.h"
 3940              		.file 6 "Middlewares/Third_Party/LwIP/src/include/lwip/pbuf.h"
 3941              		.file 7 "Middlewares/Third_Party/LwIP/src/include/lwip/mem.h"
 3942              		.file 8 "Middlewares/Third_Party/LwIP/src/include/lwip/memp.h"
 3943              		.file 9 "Middlewares/Third_Party/LwIP/src/include/lwip/ip4_addr.h"
 3944              		.file 10 "Middlewares/Third_Party/LwIP/src/include/lwip/ip_addr.h"
 3945              		.file 11 "Middlewares/Third_Party/LwIP/src/include/lwip/tcpbase.h"
ARM GAS  /tmp/ccawya4i.s 			page 114


 3946              		.file 12 "Middlewares/Third_Party/LwIP/src/include/lwip/tcp.h"
 3947              		.file 13 "Middlewares/Third_Party/LwIP/src/include/lwip/priv/tcp_priv.h"
 3948              		.file 14 "Middlewares/Third_Party/LwIP/src/include/lwip/prot/tcp.h"
 3949              		.file 15 "/usr/include/newlib/string.h"
 3950              		.file 16 "/usr/include/newlib/stdio.h"
 3951              		.file 17 "<built-in>"
ARM GAS  /tmp/ccawya4i.s 			page 115


DEFINED SYMBOLS
                            *ABS*:00000000 pbuf.c
     /tmp/ccawya4i.s:20     .text.pbuf_pool_is_empty:00000000 $t
     /tmp/ccawya4i.s:25     .text.pbuf_pool_is_empty:00000000 pbuf_pool_is_empty
     /tmp/ccawya4i.s:46     .text.pbuf_pool_is_empty:00000008 $d
     /tmp/ccawya4i.s:3932   .bss.pbuf_free_ooseq_pending:00000000 pbuf_free_ooseq_pending
     /tmp/ccawya4i.s:51     .text.pbuf_init_alloced_pbuf:00000000 $t
     /tmp/ccawya4i.s:56     .text.pbuf_init_alloced_pbuf:00000000 pbuf_init_alloced_pbuf
     /tmp/ccawya4i.s:111    .text.pbuf_skip_const:00000000 $t
     /tmp/ccawya4i.s:116    .text.pbuf_skip_const:00000000 pbuf_skip_const
     /tmp/ccawya4i.s:165    .rodata.pbuf_add_header_impl.str1.4:00000000 $d
     /tmp/ccawya4i.s:175    .text.pbuf_add_header_impl:00000000 $t
     /tmp/ccawya4i.s:180    .text.pbuf_add_header_impl:00000000 pbuf_add_header_impl
     /tmp/ccawya4i.s:326    .text.pbuf_add_header_impl:00000070 $d
     /tmp/ccawya4i.s:333    .text.pbuf_free_ooseq:00000000 $t
     /tmp/ccawya4i.s:339    .text.pbuf_free_ooseq:00000000 pbuf_free_ooseq
     /tmp/ccawya4i.s:391    .text.pbuf_free_ooseq:00000020 $d
     /tmp/ccawya4i.s:397    .rodata.pbuf_alloc_reference.str1.4:00000000 $d
     /tmp/ccawya4i.s:401    .text.pbuf_alloc_reference:00000000 $t
     /tmp/ccawya4i.s:407    .text.pbuf_alloc_reference:00000000 pbuf_alloc_reference
     /tmp/ccawya4i.s:490    .text.pbuf_alloc_reference:00000044 $d
     /tmp/ccawya4i.s:497    .text.pbuf_alloced_custom:00000000 $t
     /tmp/ccawya4i.s:503    .text.pbuf_alloced_custom:00000000 pbuf_alloced_custom
     /tmp/ccawya4i.s:583    .text.pbuf_add_header:00000000 $t
     /tmp/ccawya4i.s:589    .text.pbuf_add_header:00000000 pbuf_add_header
     /tmp/ccawya4i.s:613    .text.pbuf_add_header_force:00000000 $t
     /tmp/ccawya4i.s:619    .text.pbuf_add_header_force:00000000 pbuf_add_header_force
     /tmp/ccawya4i.s:643    .rodata.pbuf_remove_header.str1.4:00000000 $d
     /tmp/ccawya4i.s:647    .text.pbuf_remove_header:00000000 $t
     /tmp/ccawya4i.s:653    .text.pbuf_remove_header:00000000 pbuf_remove_header
     /tmp/ccawya4i.s:774    .text.pbuf_remove_header:0000005c $d
     /tmp/ccawya4i.s:782    .text.pbuf_header_impl:00000000 $t
     /tmp/ccawya4i.s:787    .text.pbuf_header_impl:00000000 pbuf_header_impl
     /tmp/ccawya4i.s:826    .text.pbuf_header:00000000 $t
     /tmp/ccawya4i.s:832    .text.pbuf_header:00000000 pbuf_header
     /tmp/ccawya4i.s:856    .text.pbuf_header_force:00000000 $t
     /tmp/ccawya4i.s:862    .text.pbuf_header_force:00000000 pbuf_header_force
     /tmp/ccawya4i.s:886    .rodata.pbuf_free.str1.4:00000000 $d
     /tmp/ccawya4i.s:896    .text.pbuf_free:00000000 $t
     /tmp/ccawya4i.s:902    .text.pbuf_free:00000000 pbuf_free
     /tmp/ccawya4i.s:1119   .text.pbuf_free:000000ac $d
     /tmp/ccawya4i.s:1130   .rodata.pbuf_alloc.str1.4:00000000 $d
     /tmp/ccawya4i.s:1144   .text.pbuf_alloc:00000000 $t
     /tmp/ccawya4i.s:1150   .text.pbuf_alloc:00000000 pbuf_alloc
     /tmp/ccawya4i.s:1461   .text.pbuf_alloc:00000148 $d
     /tmp/ccawya4i.s:1471   .rodata.pbuf_realloc.str1.4:00000000 $d
     /tmp/ccawya4i.s:1481   .text.pbuf_realloc:00000000 $t
     /tmp/ccawya4i.s:1487   .text.pbuf_realloc:00000000 pbuf_realloc
     /tmp/ccawya4i.s:1653   .text.pbuf_realloc:00000094 $d
     /tmp/ccawya4i.s:1662   .text.pbuf_free_header:00000000 $t
     /tmp/ccawya4i.s:1668   .text.pbuf_free_header:00000000 pbuf_free_header
     /tmp/ccawya4i.s:1757   .text.pbuf_clen:00000000 $t
     /tmp/ccawya4i.s:1763   .text.pbuf_clen:00000000 pbuf_clen
     /tmp/ccawya4i.s:1805   .rodata.pbuf_ref.str1.4:00000000 $d
     /tmp/ccawya4i.s:1809   .text.pbuf_ref:00000000 $t
     /tmp/ccawya4i.s:1815   .text.pbuf_ref:00000000 pbuf_ref
     /tmp/ccawya4i.s:1875   .text.pbuf_ref:00000024 $d
ARM GAS  /tmp/ccawya4i.s 			page 116


     /tmp/ccawya4i.s:1882   .rodata.pbuf_cat.str1.4:00000000 $d
     /tmp/ccawya4i.s:1893   .text.pbuf_cat:00000000 $t
     /tmp/ccawya4i.s:1899   .text.pbuf_cat:00000000 pbuf_cat
     /tmp/ccawya4i.s:2018   .text.pbuf_cat:00000064 $d
     /tmp/ccawya4i.s:2027   .text.pbuf_chain:00000000 $t
     /tmp/ccawya4i.s:2033   .text.pbuf_chain:00000000 pbuf_chain
     /tmp/ccawya4i.s:2062   .rodata.pbuf_dechain.str1.4:00000000 $d
     /tmp/ccawya4i.s:2069   .text.pbuf_dechain:00000000 $t
     /tmp/ccawya4i.s:2075   .text.pbuf_dechain:00000000 pbuf_dechain
     /tmp/ccawya4i.s:2197   .text.pbuf_dechain:00000064 $d
     /tmp/ccawya4i.s:2205   .rodata.pbuf_copy.str1.4:00000000 $d
     /tmp/ccawya4i.s:2221   .text.pbuf_copy:00000000 $t
     /tmp/ccawya4i.s:2227   .text.pbuf_copy:00000000 pbuf_copy
     /tmp/ccawya4i.s:2488   .text.pbuf_copy:0000010c $d
     /tmp/ccawya4i.s:2499   .rodata.pbuf_copy_partial.str1.4:00000000 $d
     /tmp/ccawya4i.s:2506   .text.pbuf_copy_partial:00000000 $t
     /tmp/ccawya4i.s:2512   .text.pbuf_copy_partial:00000000 pbuf_copy_partial
     /tmp/ccawya4i.s:2685   .text.pbuf_copy_partial:0000008c $d
     /tmp/ccawya4i.s:2693   .rodata.pbuf_get_contiguous.str1.4:00000000 $d
     /tmp/ccawya4i.s:2700   .text.pbuf_get_contiguous:00000000 $t
     /tmp/ccawya4i.s:2706   .text.pbuf_get_contiguous:00000000 pbuf_get_contiguous
     /tmp/ccawya4i.s:2871   .text.pbuf_get_contiguous:00000080 $d
     /tmp/ccawya4i.s:2879   .text.pbuf_skip:00000000 $t
     /tmp/ccawya4i.s:2885   .text.pbuf_skip:00000000 pbuf_skip
     /tmp/ccawya4i.s:2909   .rodata.pbuf_take.str1.4:00000000 $d
     /tmp/ccawya4i.s:2925   .text.pbuf_take:00000000 $t
     /tmp/ccawya4i.s:2931   .text.pbuf_take:00000000 pbuf_take
     /tmp/ccawya4i.s:3116   .text.pbuf_take:000000a4 $d
     /tmp/ccawya4i.s:3127   .rodata.pbuf_take_at.str1.4:00000000 $d
     /tmp/ccawya4i.s:3131   .text.pbuf_take_at:00000000 $t
     /tmp/ccawya4i.s:3137   .text.pbuf_take_at:00000000 pbuf_take_at
     /tmp/ccawya4i.s:3287   .text.pbuf_take_at:00000078 $d
     /tmp/ccawya4i.s:3294   .rodata.pbuf_clone.str1.4:00000000 $d
     /tmp/ccawya4i.s:3298   .text.pbuf_clone:00000000 $t
     /tmp/ccawya4i.s:3304   .text.pbuf_clone:00000000 pbuf_clone
     /tmp/ccawya4i.s:3366   .text.pbuf_clone:0000002c $d
     /tmp/ccawya4i.s:3373   .text.pbuf_coalesce:00000000 $t
     /tmp/ccawya4i.s:3379   .text.pbuf_coalesce:00000000 pbuf_coalesce
     /tmp/ccawya4i.s:3433   .text.pbuf_try_get_at:00000000 $t
     /tmp/ccawya4i.s:3439   .text.pbuf_try_get_at:00000000 pbuf_try_get_at
     /tmp/ccawya4i.s:3504   .text.pbuf_get_at:00000000 $t
     /tmp/ccawya4i.s:3510   .text.pbuf_get_at:00000000 pbuf_get_at
     /tmp/ccawya4i.s:3550   .text.pbuf_put_at:00000000 $t
     /tmp/ccawya4i.s:3556   .text.pbuf_put_at:00000000 pbuf_put_at
     /tmp/ccawya4i.s:3607   .text.pbuf_memcmp:00000000 $t
     /tmp/ccawya4i.s:3613   .text.pbuf_memcmp:00000000 pbuf_memcmp
     /tmp/ccawya4i.s:3736   .text.pbuf_memfind:00000000 $t
     /tmp/ccawya4i.s:3742   .text.pbuf_memfind:00000000 pbuf_memfind
     /tmp/ccawya4i.s:3831   .text.pbuf_strstr:00000000 $t
     /tmp/ccawya4i.s:3837   .text.pbuf_strstr:00000000 pbuf_strstr
     /tmp/ccawya4i.s:3933   .bss.pbuf_free_ooseq_pending:00000000 $d

UNDEFINED SYMBOLS
printf
tcp_free_ooseq
tcp_active_pcbs
memp_malloc
ARM GAS  /tmp/ccawya4i.s 			page 117


mem_free
memp_free
mem_malloc
mem_trim
memcpy
strlen
