ARM GAS  /tmp/ccQ4qZLu.s 			page 1


   1              		.cpu cortex-m7
   2              		.arch armv7e-m
   3              		.fpu fpv5-d16
   4              		.eabi_attribute 28, 1
   5              		.eabi_attribute 20, 1
   6              		.eabi_attribute 21, 1
   7              		.eabi_attribute 23, 3
   8              		.eabi_attribute 24, 1
   9              		.eabi_attribute 25, 1
  10              		.eabi_attribute 26, 1
  11              		.eabi_attribute 30, 1
  12              		.eabi_attribute 34, 1
  13              		.eabi_attribute 18, 4
  14              		.file	"stm32f7xx_hal_eth.c"
  15              		.text
  16              	.Ltext0:
  17              		.cfi_sections	.debug_frame
  18              		.file 1 "Drivers/STM32F7xx_HAL_Driver/Src/stm32f7xx_hal_eth.c"
  19              		.section	.text.HAL_ETH_RxAllocateCallback,"ax",%progbits
  20              		.align	1
  21              		.weak	HAL_ETH_RxAllocateCallback
  22              		.syntax unified
  23              		.thumb
  24              		.thumb_func
  26              	HAL_ETH_RxAllocateCallback:
  27              	.LVL0:
  28              	.LFB155:
   1:Drivers/STM32F7xx_HAL_Driver/Src/stm32f7xx_hal_eth.c **** /**
   2:Drivers/STM32F7xx_HAL_Driver/Src/stm32f7xx_hal_eth.c ****   ******************************************************************************
   3:Drivers/STM32F7xx_HAL_Driver/Src/stm32f7xx_hal_eth.c ****   * @file    stm32f7xx_hal_eth.c
   4:Drivers/STM32F7xx_HAL_Driver/Src/stm32f7xx_hal_eth.c ****   * @author  MCD Application Team
   5:Drivers/STM32F7xx_HAL_Driver/Src/stm32f7xx_hal_eth.c ****   * @brief   ETH HAL module driver.
   6:Drivers/STM32F7xx_HAL_Driver/Src/stm32f7xx_hal_eth.c ****   *          This file provides firmware functions to manage the following
   7:Drivers/STM32F7xx_HAL_Driver/Src/stm32f7xx_hal_eth.c ****   *          functionalities of the Ethernet (ETH) peripheral:
   8:Drivers/STM32F7xx_HAL_Driver/Src/stm32f7xx_hal_eth.c ****   *           + Initialization and deinitialization functions
   9:Drivers/STM32F7xx_HAL_Driver/Src/stm32f7xx_hal_eth.c ****   *           + IO operation functions
  10:Drivers/STM32F7xx_HAL_Driver/Src/stm32f7xx_hal_eth.c ****   *           + Peripheral Control functions
  11:Drivers/STM32F7xx_HAL_Driver/Src/stm32f7xx_hal_eth.c ****   *           + Peripheral State and Errors functions
  12:Drivers/STM32F7xx_HAL_Driver/Src/stm32f7xx_hal_eth.c ****   *
  13:Drivers/STM32F7xx_HAL_Driver/Src/stm32f7xx_hal_eth.c ****   ******************************************************************************
  14:Drivers/STM32F7xx_HAL_Driver/Src/stm32f7xx_hal_eth.c ****   * @attention
  15:Drivers/STM32F7xx_HAL_Driver/Src/stm32f7xx_hal_eth.c ****   *
  16:Drivers/STM32F7xx_HAL_Driver/Src/stm32f7xx_hal_eth.c ****   * Copyright (c) 2017 STMicroelectronics.
  17:Drivers/STM32F7xx_HAL_Driver/Src/stm32f7xx_hal_eth.c ****   * All rights reserved.
  18:Drivers/STM32F7xx_HAL_Driver/Src/stm32f7xx_hal_eth.c ****   *
  19:Drivers/STM32F7xx_HAL_Driver/Src/stm32f7xx_hal_eth.c ****   * This software is licensed under terms that can be found in the LICENSE file
  20:Drivers/STM32F7xx_HAL_Driver/Src/stm32f7xx_hal_eth.c ****   * in the root directory of this software component.
  21:Drivers/STM32F7xx_HAL_Driver/Src/stm32f7xx_hal_eth.c ****   * If no LICENSE file comes with this software, it is provided AS-IS.
  22:Drivers/STM32F7xx_HAL_Driver/Src/stm32f7xx_hal_eth.c ****   *
  23:Drivers/STM32F7xx_HAL_Driver/Src/stm32f7xx_hal_eth.c ****   ******************************************************************************
  24:Drivers/STM32F7xx_HAL_Driver/Src/stm32f7xx_hal_eth.c ****   @verbatim
  25:Drivers/STM32F7xx_HAL_Driver/Src/stm32f7xx_hal_eth.c ****   ==============================================================================
  26:Drivers/STM32F7xx_HAL_Driver/Src/stm32f7xx_hal_eth.c ****                     ##### How to use this driver #####
  27:Drivers/STM32F7xx_HAL_Driver/Src/stm32f7xx_hal_eth.c ****   ==============================================================================
  28:Drivers/STM32F7xx_HAL_Driver/Src/stm32f7xx_hal_eth.c ****      [..]
  29:Drivers/STM32F7xx_HAL_Driver/Src/stm32f7xx_hal_eth.c ****      The ETH HAL driver can be used as follows:
  30:Drivers/STM32F7xx_HAL_Driver/Src/stm32f7xx_hal_eth.c **** 
ARM GAS  /tmp/ccQ4qZLu.s 			page 2


  31:Drivers/STM32F7xx_HAL_Driver/Src/stm32f7xx_hal_eth.c ****       (#)Declare a ETH_HandleTypeDef handle structure, for example:
  32:Drivers/STM32F7xx_HAL_Driver/Src/stm32f7xx_hal_eth.c ****          ETH_HandleTypeDef  heth;
  33:Drivers/STM32F7xx_HAL_Driver/Src/stm32f7xx_hal_eth.c **** 
  34:Drivers/STM32F7xx_HAL_Driver/Src/stm32f7xx_hal_eth.c ****       (#)Fill parameters of Init structure in heth handle
  35:Drivers/STM32F7xx_HAL_Driver/Src/stm32f7xx_hal_eth.c **** 
  36:Drivers/STM32F7xx_HAL_Driver/Src/stm32f7xx_hal_eth.c ****       (#)Call HAL_ETH_Init() API to initialize the Ethernet peripheral (MAC, DMA, ...)
  37:Drivers/STM32F7xx_HAL_Driver/Src/stm32f7xx_hal_eth.c **** 
  38:Drivers/STM32F7xx_HAL_Driver/Src/stm32f7xx_hal_eth.c ****       (#)Initialize the ETH low level resources through the HAL_ETH_MspInit() API:
  39:Drivers/STM32F7xx_HAL_Driver/Src/stm32f7xx_hal_eth.c ****           (##) Enable the Ethernet interface clock using
  40:Drivers/STM32F7xx_HAL_Driver/Src/stm32f7xx_hal_eth.c ****                 (+++)  __HAL_RCC_ETH1MAC_CLK_ENABLE()
  41:Drivers/STM32F7xx_HAL_Driver/Src/stm32f7xx_hal_eth.c ****                 (+++)  __HAL_RCC_ETH1TX_CLK_ENABLE()
  42:Drivers/STM32F7xx_HAL_Driver/Src/stm32f7xx_hal_eth.c ****                 (+++)  __HAL_RCC_ETH1RX_CLK_ENABLE()
  43:Drivers/STM32F7xx_HAL_Driver/Src/stm32f7xx_hal_eth.c **** 
  44:Drivers/STM32F7xx_HAL_Driver/Src/stm32f7xx_hal_eth.c ****           (##) Initialize the related GPIO clocks
  45:Drivers/STM32F7xx_HAL_Driver/Src/stm32f7xx_hal_eth.c ****           (##) Configure Ethernet pinout
  46:Drivers/STM32F7xx_HAL_Driver/Src/stm32f7xx_hal_eth.c ****           (##) Configure Ethernet NVIC interrupt (in Interrupt mode)
  47:Drivers/STM32F7xx_HAL_Driver/Src/stm32f7xx_hal_eth.c **** 
  48:Drivers/STM32F7xx_HAL_Driver/Src/stm32f7xx_hal_eth.c ****       (#) Ethernet data reception is asynchronous, so call the following API
  49:Drivers/STM32F7xx_HAL_Driver/Src/stm32f7xx_hal_eth.c ****           to start the listening mode:
  50:Drivers/STM32F7xx_HAL_Driver/Src/stm32f7xx_hal_eth.c ****           (##) HAL_ETH_Start():
  51:Drivers/STM32F7xx_HAL_Driver/Src/stm32f7xx_hal_eth.c ****                This API starts the MAC and DMA transmission and reception process,
  52:Drivers/STM32F7xx_HAL_Driver/Src/stm32f7xx_hal_eth.c ****                without enabling end of transfer interrupts, in this mode user
  53:Drivers/STM32F7xx_HAL_Driver/Src/stm32f7xx_hal_eth.c ****                has to poll for data reception by calling HAL_ETH_ReadData()
  54:Drivers/STM32F7xx_HAL_Driver/Src/stm32f7xx_hal_eth.c ****           (##) HAL_ETH_Start_IT():
  55:Drivers/STM32F7xx_HAL_Driver/Src/stm32f7xx_hal_eth.c ****                This API starts the MAC and DMA transmission and reception process,
  56:Drivers/STM32F7xx_HAL_Driver/Src/stm32f7xx_hal_eth.c ****                end of transfer interrupts are enabled in this mode,
  57:Drivers/STM32F7xx_HAL_Driver/Src/stm32f7xx_hal_eth.c ****                HAL_ETH_RxCpltCallback() will be executed when an Ethernet packet is received
  58:Drivers/STM32F7xx_HAL_Driver/Src/stm32f7xx_hal_eth.c **** 
  59:Drivers/STM32F7xx_HAL_Driver/Src/stm32f7xx_hal_eth.c ****       (#) When data is received user can call the following API to get received data:
  60:Drivers/STM32F7xx_HAL_Driver/Src/stm32f7xx_hal_eth.c ****           (##) HAL_ETH_ReadData(): Read a received packet
  61:Drivers/STM32F7xx_HAL_Driver/Src/stm32f7xx_hal_eth.c **** 
  62:Drivers/STM32F7xx_HAL_Driver/Src/stm32f7xx_hal_eth.c ****       (#) For transmission path, two APIs are available:
  63:Drivers/STM32F7xx_HAL_Driver/Src/stm32f7xx_hal_eth.c ****          (##) HAL_ETH_Transmit(): Transmit an ETH frame in blocking mode
  64:Drivers/STM32F7xx_HAL_Driver/Src/stm32f7xx_hal_eth.c ****          (##) HAL_ETH_Transmit_IT(): Transmit an ETH frame in interrupt mode,
  65:Drivers/STM32F7xx_HAL_Driver/Src/stm32f7xx_hal_eth.c ****               HAL_ETH_TxCpltCallback() will be executed when end of transfer occur
  66:Drivers/STM32F7xx_HAL_Driver/Src/stm32f7xx_hal_eth.c **** 
  67:Drivers/STM32F7xx_HAL_Driver/Src/stm32f7xx_hal_eth.c ****       (#) Communication with an external PHY device:
  68:Drivers/STM32F7xx_HAL_Driver/Src/stm32f7xx_hal_eth.c ****          (##) HAL_ETH_ReadPHYRegister(): Read a register from an external PHY
  69:Drivers/STM32F7xx_HAL_Driver/Src/stm32f7xx_hal_eth.c ****          (##) HAL_ETH_WritePHYRegister(): Write data to an external RHY register
  70:Drivers/STM32F7xx_HAL_Driver/Src/stm32f7xx_hal_eth.c **** 
  71:Drivers/STM32F7xx_HAL_Driver/Src/stm32f7xx_hal_eth.c ****       (#) Configure the Ethernet MAC after ETH peripheral initialization
  72:Drivers/STM32F7xx_HAL_Driver/Src/stm32f7xx_hal_eth.c ****           (##) HAL_ETH_GetMACConfig(): Get MAC actual configuration into ETH_MACConfigTypeDef
  73:Drivers/STM32F7xx_HAL_Driver/Src/stm32f7xx_hal_eth.c ****           (##) HAL_ETH_SetMACConfig(): Set MAC configuration based on ETH_MACConfigTypeDef
  74:Drivers/STM32F7xx_HAL_Driver/Src/stm32f7xx_hal_eth.c **** 
  75:Drivers/STM32F7xx_HAL_Driver/Src/stm32f7xx_hal_eth.c ****       (#) Configure the Ethernet DMA after ETH peripheral initialization
  76:Drivers/STM32F7xx_HAL_Driver/Src/stm32f7xx_hal_eth.c ****           (##) HAL_ETH_GetDMAConfig(): Get DMA actual configuration into ETH_DMAConfigTypeDef
  77:Drivers/STM32F7xx_HAL_Driver/Src/stm32f7xx_hal_eth.c ****           (##) HAL_ETH_SetDMAConfig(): Set DMA configuration based on ETH_DMAConfigTypeDef
  78:Drivers/STM32F7xx_HAL_Driver/Src/stm32f7xx_hal_eth.c **** 
  79:Drivers/STM32F7xx_HAL_Driver/Src/stm32f7xx_hal_eth.c ****       (#) Configure the Ethernet PTP after ETH peripheral initialization
  80:Drivers/STM32F7xx_HAL_Driver/Src/stm32f7xx_hal_eth.c ****           (##) Define HAL_ETH_USE_PTP to use PTP APIs.
  81:Drivers/STM32F7xx_HAL_Driver/Src/stm32f7xx_hal_eth.c ****           (##) HAL_ETH_PTP_GetConfig(): Get PTP actual configuration into ETH_PTP_ConfigTypeDef
  82:Drivers/STM32F7xx_HAL_Driver/Src/stm32f7xx_hal_eth.c ****           (##) HAL_ETH_PTP_SetConfig(): Set PTP configuration based on ETH_PTP_ConfigTypeDef
  83:Drivers/STM32F7xx_HAL_Driver/Src/stm32f7xx_hal_eth.c ****           (##) HAL_ETH_PTP_GetTime(): Get Seconds and Nanoseconds for the Ethernet PTP registers
  84:Drivers/STM32F7xx_HAL_Driver/Src/stm32f7xx_hal_eth.c ****           (##) HAL_ETH_PTP_SetTime(): Set Seconds and Nanoseconds for the Ethernet PTP registers
  85:Drivers/STM32F7xx_HAL_Driver/Src/stm32f7xx_hal_eth.c ****           (##) HAL_ETH_PTP_AddTimeOffset(): Add Seconds and Nanoseconds offset for the Ethernet PTP
  86:Drivers/STM32F7xx_HAL_Driver/Src/stm32f7xx_hal_eth.c ****           (##) HAL_ETH_PTP_InsertTxTimestamp(): Insert Timestamp in transmission
  87:Drivers/STM32F7xx_HAL_Driver/Src/stm32f7xx_hal_eth.c ****           (##) HAL_ETH_PTP_GetTxTimestamp(): Get transmission timestamp
ARM GAS  /tmp/ccQ4qZLu.s 			page 3


  88:Drivers/STM32F7xx_HAL_Driver/Src/stm32f7xx_hal_eth.c ****           (##) HAL_ETH_PTP_GetRxTimestamp(): Get reception timestamp
  89:Drivers/STM32F7xx_HAL_Driver/Src/stm32f7xx_hal_eth.c **** 
  90:Drivers/STM32F7xx_HAL_Driver/Src/stm32f7xx_hal_eth.c ****       -@- The ARP offload feature is not supported in this driver.
  91:Drivers/STM32F7xx_HAL_Driver/Src/stm32f7xx_hal_eth.c **** 
  92:Drivers/STM32F7xx_HAL_Driver/Src/stm32f7xx_hal_eth.c ****       -@- The PTP offload feature is not supported in this driver.
  93:Drivers/STM32F7xx_HAL_Driver/Src/stm32f7xx_hal_eth.c **** 
  94:Drivers/STM32F7xx_HAL_Driver/Src/stm32f7xx_hal_eth.c ****   *** Callback registration ***
  95:Drivers/STM32F7xx_HAL_Driver/Src/stm32f7xx_hal_eth.c ****   =============================================
  96:Drivers/STM32F7xx_HAL_Driver/Src/stm32f7xx_hal_eth.c **** 
  97:Drivers/STM32F7xx_HAL_Driver/Src/stm32f7xx_hal_eth.c ****   The compilation define  USE_HAL_ETH_REGISTER_CALLBACKS when set to 1
  98:Drivers/STM32F7xx_HAL_Driver/Src/stm32f7xx_hal_eth.c ****   allows the user to configure dynamically the driver callbacks.
  99:Drivers/STM32F7xx_HAL_Driver/Src/stm32f7xx_hal_eth.c ****   Use Function HAL_ETH_RegisterCallback() to register an interrupt callback.
 100:Drivers/STM32F7xx_HAL_Driver/Src/stm32f7xx_hal_eth.c **** 
 101:Drivers/STM32F7xx_HAL_Driver/Src/stm32f7xx_hal_eth.c ****   Function HAL_ETH_RegisterCallback() allows to register following callbacks:
 102:Drivers/STM32F7xx_HAL_Driver/Src/stm32f7xx_hal_eth.c ****     (+) TxCpltCallback   : Tx Complete Callback.
 103:Drivers/STM32F7xx_HAL_Driver/Src/stm32f7xx_hal_eth.c ****     (+) RxCpltCallback   : Rx Complete Callback.
 104:Drivers/STM32F7xx_HAL_Driver/Src/stm32f7xx_hal_eth.c ****     (+) ErrorCallback    : Error Callback.
 105:Drivers/STM32F7xx_HAL_Driver/Src/stm32f7xx_hal_eth.c ****     (+) PMTCallback      : Power Management Callback
 106:Drivers/STM32F7xx_HAL_Driver/Src/stm32f7xx_hal_eth.c ****     (+) EEECallback      : EEE Callback.
 107:Drivers/STM32F7xx_HAL_Driver/Src/stm32f7xx_hal_eth.c ****     (+) WakeUpCallback   : Wake UP Callback
 108:Drivers/STM32F7xx_HAL_Driver/Src/stm32f7xx_hal_eth.c ****     (+) MspInitCallback  : MspInit Callback.
 109:Drivers/STM32F7xx_HAL_Driver/Src/stm32f7xx_hal_eth.c ****     (+) MspDeInitCallback: MspDeInit Callback.
 110:Drivers/STM32F7xx_HAL_Driver/Src/stm32f7xx_hal_eth.c **** 
 111:Drivers/STM32F7xx_HAL_Driver/Src/stm32f7xx_hal_eth.c ****   This function takes as parameters the HAL peripheral handle, the Callback ID
 112:Drivers/STM32F7xx_HAL_Driver/Src/stm32f7xx_hal_eth.c ****   and a pointer to the user callback function.
 113:Drivers/STM32F7xx_HAL_Driver/Src/stm32f7xx_hal_eth.c **** 
 114:Drivers/STM32F7xx_HAL_Driver/Src/stm32f7xx_hal_eth.c ****   For specific callbacks RxAllocateCallback use dedicated register callbacks:
 115:Drivers/STM32F7xx_HAL_Driver/Src/stm32f7xx_hal_eth.c ****   respectively HAL_ETH_RegisterRxAllocateCallback().
 116:Drivers/STM32F7xx_HAL_Driver/Src/stm32f7xx_hal_eth.c **** 
 117:Drivers/STM32F7xx_HAL_Driver/Src/stm32f7xx_hal_eth.c ****   For specific callbacks RxLinkCallback use dedicated register callbacks:
 118:Drivers/STM32F7xx_HAL_Driver/Src/stm32f7xx_hal_eth.c ****   respectively HAL_ETH_RegisterRxLinkCallback().
 119:Drivers/STM32F7xx_HAL_Driver/Src/stm32f7xx_hal_eth.c **** 
 120:Drivers/STM32F7xx_HAL_Driver/Src/stm32f7xx_hal_eth.c ****   For specific callbacks TxFreeCallback use dedicated register callbacks:
 121:Drivers/STM32F7xx_HAL_Driver/Src/stm32f7xx_hal_eth.c ****   respectively HAL_ETH_RegisterTxFreeCallback().
 122:Drivers/STM32F7xx_HAL_Driver/Src/stm32f7xx_hal_eth.c **** 
 123:Drivers/STM32F7xx_HAL_Driver/Src/stm32f7xx_hal_eth.c ****   For specific callbacks TxPtpCallback use dedicated register callbacks:
 124:Drivers/STM32F7xx_HAL_Driver/Src/stm32f7xx_hal_eth.c ****   respectively HAL_ETH_RegisterTxPtpCallback().
 125:Drivers/STM32F7xx_HAL_Driver/Src/stm32f7xx_hal_eth.c **** 
 126:Drivers/STM32F7xx_HAL_Driver/Src/stm32f7xx_hal_eth.c ****   Use function HAL_ETH_UnRegisterCallback() to reset a callback to the default
 127:Drivers/STM32F7xx_HAL_Driver/Src/stm32f7xx_hal_eth.c ****   weak function.
 128:Drivers/STM32F7xx_HAL_Driver/Src/stm32f7xx_hal_eth.c ****   HAL_ETH_UnRegisterCallback takes as parameters the HAL peripheral handle,
 129:Drivers/STM32F7xx_HAL_Driver/Src/stm32f7xx_hal_eth.c ****   and the Callback ID.
 130:Drivers/STM32F7xx_HAL_Driver/Src/stm32f7xx_hal_eth.c ****   This function allows to reset following callbacks:
 131:Drivers/STM32F7xx_HAL_Driver/Src/stm32f7xx_hal_eth.c ****     (+) TxCpltCallback   : Tx Complete Callback.
 132:Drivers/STM32F7xx_HAL_Driver/Src/stm32f7xx_hal_eth.c ****     (+) RxCpltCallback   : Rx Complete Callback.
 133:Drivers/STM32F7xx_HAL_Driver/Src/stm32f7xx_hal_eth.c ****     (+) ErrorCallback    : Error Callback.
 134:Drivers/STM32F7xx_HAL_Driver/Src/stm32f7xx_hal_eth.c ****     (+) PMTCallback      : Power Management Callback
 135:Drivers/STM32F7xx_HAL_Driver/Src/stm32f7xx_hal_eth.c ****     (+) EEECallback      : EEE Callback.
 136:Drivers/STM32F7xx_HAL_Driver/Src/stm32f7xx_hal_eth.c ****     (+) WakeUpCallback   : Wake UP Callback
 137:Drivers/STM32F7xx_HAL_Driver/Src/stm32f7xx_hal_eth.c ****     (+) MspInitCallback  : MspInit Callback.
 138:Drivers/STM32F7xx_HAL_Driver/Src/stm32f7xx_hal_eth.c ****     (+) MspDeInitCallback: MspDeInit Callback.
 139:Drivers/STM32F7xx_HAL_Driver/Src/stm32f7xx_hal_eth.c **** 
 140:Drivers/STM32F7xx_HAL_Driver/Src/stm32f7xx_hal_eth.c ****   For specific callbacks RxAllocateCallback use dedicated unregister callbacks:
 141:Drivers/STM32F7xx_HAL_Driver/Src/stm32f7xx_hal_eth.c ****   respectively HAL_ETH_UnRegisterRxAllocateCallback().
 142:Drivers/STM32F7xx_HAL_Driver/Src/stm32f7xx_hal_eth.c **** 
 143:Drivers/STM32F7xx_HAL_Driver/Src/stm32f7xx_hal_eth.c ****   For specific callbacks RxLinkCallback use dedicated unregister callbacks:
 144:Drivers/STM32F7xx_HAL_Driver/Src/stm32f7xx_hal_eth.c ****   respectively HAL_ETH_UnRegisterRxLinkCallback().
ARM GAS  /tmp/ccQ4qZLu.s 			page 4


 145:Drivers/STM32F7xx_HAL_Driver/Src/stm32f7xx_hal_eth.c **** 
 146:Drivers/STM32F7xx_HAL_Driver/Src/stm32f7xx_hal_eth.c ****   For specific callbacks TxFreeCallback use dedicated unregister callbacks:
 147:Drivers/STM32F7xx_HAL_Driver/Src/stm32f7xx_hal_eth.c ****   respectively HAL_ETH_UnRegisterTxFreeCallback().
 148:Drivers/STM32F7xx_HAL_Driver/Src/stm32f7xx_hal_eth.c **** 
 149:Drivers/STM32F7xx_HAL_Driver/Src/stm32f7xx_hal_eth.c ****   For specific callbacks TxPtpCallback use dedicated unregister callbacks:
 150:Drivers/STM32F7xx_HAL_Driver/Src/stm32f7xx_hal_eth.c ****   respectively HAL_ETH_UnRegisterTxPtpCallback().
 151:Drivers/STM32F7xx_HAL_Driver/Src/stm32f7xx_hal_eth.c **** 
 152:Drivers/STM32F7xx_HAL_Driver/Src/stm32f7xx_hal_eth.c ****   By default, after the HAL_ETH_Init and when the state is HAL_ETH_STATE_RESET
 153:Drivers/STM32F7xx_HAL_Driver/Src/stm32f7xx_hal_eth.c ****   all callbacks are set to the corresponding weak functions:
 154:Drivers/STM32F7xx_HAL_Driver/Src/stm32f7xx_hal_eth.c ****   examples HAL_ETH_TxCpltCallback(), HAL_ETH_RxCpltCallback().
 155:Drivers/STM32F7xx_HAL_Driver/Src/stm32f7xx_hal_eth.c ****   Exception done for MspInit and MspDeInit functions that are
 156:Drivers/STM32F7xx_HAL_Driver/Src/stm32f7xx_hal_eth.c ****   reset to the legacy weak function in the HAL_ETH_Init/ HAL_ETH_DeInit only when
 157:Drivers/STM32F7xx_HAL_Driver/Src/stm32f7xx_hal_eth.c ****   these callbacks are null (not registered beforehand).
 158:Drivers/STM32F7xx_HAL_Driver/Src/stm32f7xx_hal_eth.c ****   if not, MspInit or MspDeInit are not null, the HAL_ETH_Init/ HAL_ETH_DeInit
 159:Drivers/STM32F7xx_HAL_Driver/Src/stm32f7xx_hal_eth.c ****   keep and use the user MspInit/MspDeInit callbacks (registered beforehand)
 160:Drivers/STM32F7xx_HAL_Driver/Src/stm32f7xx_hal_eth.c **** 
 161:Drivers/STM32F7xx_HAL_Driver/Src/stm32f7xx_hal_eth.c ****   Callbacks can be registered/unregistered in HAL_ETH_STATE_READY state only.
 162:Drivers/STM32F7xx_HAL_Driver/Src/stm32f7xx_hal_eth.c ****   Exception done MspInit/MspDeInit that can be registered/unregistered
 163:Drivers/STM32F7xx_HAL_Driver/Src/stm32f7xx_hal_eth.c ****   in HAL_ETH_STATE_READY or HAL_ETH_STATE_RESET state,
 164:Drivers/STM32F7xx_HAL_Driver/Src/stm32f7xx_hal_eth.c ****   thus registered (user) MspInit/DeInit callbacks can be used during the Init/DeInit.
 165:Drivers/STM32F7xx_HAL_Driver/Src/stm32f7xx_hal_eth.c ****   In that case first register the MspInit/MspDeInit user callbacks
 166:Drivers/STM32F7xx_HAL_Driver/Src/stm32f7xx_hal_eth.c ****   using HAL_ETH_RegisterCallback() before calling HAL_ETH_DeInit
 167:Drivers/STM32F7xx_HAL_Driver/Src/stm32f7xx_hal_eth.c ****   or HAL_ETH_Init function.
 168:Drivers/STM32F7xx_HAL_Driver/Src/stm32f7xx_hal_eth.c **** 
 169:Drivers/STM32F7xx_HAL_Driver/Src/stm32f7xx_hal_eth.c ****   When The compilation define USE_HAL_ETH_REGISTER_CALLBACKS is set to 0 or
 170:Drivers/STM32F7xx_HAL_Driver/Src/stm32f7xx_hal_eth.c ****   not defined, the callback registration feature is not available and all callbacks
 171:Drivers/STM32F7xx_HAL_Driver/Src/stm32f7xx_hal_eth.c ****   are set to the corresponding weak functions.
 172:Drivers/STM32F7xx_HAL_Driver/Src/stm32f7xx_hal_eth.c **** 
 173:Drivers/STM32F7xx_HAL_Driver/Src/stm32f7xx_hal_eth.c ****   @endverbatim
 174:Drivers/STM32F7xx_HAL_Driver/Src/stm32f7xx_hal_eth.c ****   ******************************************************************************
 175:Drivers/STM32F7xx_HAL_Driver/Src/stm32f7xx_hal_eth.c ****   */
 176:Drivers/STM32F7xx_HAL_Driver/Src/stm32f7xx_hal_eth.c **** 
 177:Drivers/STM32F7xx_HAL_Driver/Src/stm32f7xx_hal_eth.c **** /* Includes ------------------------------------------------------------------*/
 178:Drivers/STM32F7xx_HAL_Driver/Src/stm32f7xx_hal_eth.c **** #include "stm32f7xx_hal.h"
 179:Drivers/STM32F7xx_HAL_Driver/Src/stm32f7xx_hal_eth.c **** 
 180:Drivers/STM32F7xx_HAL_Driver/Src/stm32f7xx_hal_eth.c **** /** @addtogroup STM32F7xx_HAL_Driver
 181:Drivers/STM32F7xx_HAL_Driver/Src/stm32f7xx_hal_eth.c ****   * @{
 182:Drivers/STM32F7xx_HAL_Driver/Src/stm32f7xx_hal_eth.c ****   */
 183:Drivers/STM32F7xx_HAL_Driver/Src/stm32f7xx_hal_eth.c **** #ifdef HAL_ETH_MODULE_ENABLED
 184:Drivers/STM32F7xx_HAL_Driver/Src/stm32f7xx_hal_eth.c **** 
 185:Drivers/STM32F7xx_HAL_Driver/Src/stm32f7xx_hal_eth.c **** #if defined(ETH)
 186:Drivers/STM32F7xx_HAL_Driver/Src/stm32f7xx_hal_eth.c **** 
 187:Drivers/STM32F7xx_HAL_Driver/Src/stm32f7xx_hal_eth.c **** /** @defgroup ETH ETH
 188:Drivers/STM32F7xx_HAL_Driver/Src/stm32f7xx_hal_eth.c ****   * @brief ETH HAL module driver
 189:Drivers/STM32F7xx_HAL_Driver/Src/stm32f7xx_hal_eth.c ****   * @{
 190:Drivers/STM32F7xx_HAL_Driver/Src/stm32f7xx_hal_eth.c ****   */
 191:Drivers/STM32F7xx_HAL_Driver/Src/stm32f7xx_hal_eth.c **** 
 192:Drivers/STM32F7xx_HAL_Driver/Src/stm32f7xx_hal_eth.c **** /* Private typedef -----------------------------------------------------------*/
 193:Drivers/STM32F7xx_HAL_Driver/Src/stm32f7xx_hal_eth.c **** /* Private define ------------------------------------------------------------*/
 194:Drivers/STM32F7xx_HAL_Driver/Src/stm32f7xx_hal_eth.c **** /** @addtogroup ETH_Private_Constants ETH Private Constants
 195:Drivers/STM32F7xx_HAL_Driver/Src/stm32f7xx_hal_eth.c ****   * @{
 196:Drivers/STM32F7xx_HAL_Driver/Src/stm32f7xx_hal_eth.c ****   */
 197:Drivers/STM32F7xx_HAL_Driver/Src/stm32f7xx_hal_eth.c **** #define ETH_MACCR_MASK          0xFFFB7F7CU
 198:Drivers/STM32F7xx_HAL_Driver/Src/stm32f7xx_hal_eth.c **** #define ETH_MACECR_MASK         0x3F077FFFU
 199:Drivers/STM32F7xx_HAL_Driver/Src/stm32f7xx_hal_eth.c **** #define ETH_MACFFR_MASK         0x800007FFU
 200:Drivers/STM32F7xx_HAL_Driver/Src/stm32f7xx_hal_eth.c **** #define ETH_MACWTR_MASK         0x0000010FU
 201:Drivers/STM32F7xx_HAL_Driver/Src/stm32f7xx_hal_eth.c **** #define ETH_MACTFCR_MASK        0xFFFF00F2U
ARM GAS  /tmp/ccQ4qZLu.s 			page 5


 202:Drivers/STM32F7xx_HAL_Driver/Src/stm32f7xx_hal_eth.c **** #define ETH_MACRFCR_MASK        0x00000003U
 203:Drivers/STM32F7xx_HAL_Driver/Src/stm32f7xx_hal_eth.c **** #define ETH_MTLTQOMR_MASK       0x00000072U
 204:Drivers/STM32F7xx_HAL_Driver/Src/stm32f7xx_hal_eth.c **** #define ETH_MTLRQOMR_MASK       0x0000007BU
 205:Drivers/STM32F7xx_HAL_Driver/Src/stm32f7xx_hal_eth.c **** 							    
 206:Drivers/STM32F7xx_HAL_Driver/Src/stm32f7xx_hal_eth.c **** #define ETH_DMAMR_MASK          0x00007802U
 207:Drivers/STM32F7xx_HAL_Driver/Src/stm32f7xx_hal_eth.c **** #define ETH_DMASBMR_MASK        0x0000D001U
 208:Drivers/STM32F7xx_HAL_Driver/Src/stm32f7xx_hal_eth.c **** #define ETH_DMACCR_MASK         0x00013FFFU
 209:Drivers/STM32F7xx_HAL_Driver/Src/stm32f7xx_hal_eth.c **** #define ETH_DMACTCR_MASK        0x003F1010U
 210:Drivers/STM32F7xx_HAL_Driver/Src/stm32f7xx_hal_eth.c **** #define ETH_DMACRCR_MASK        0x803F0000U
 211:Drivers/STM32F7xx_HAL_Driver/Src/stm32f7xx_hal_eth.c **** #define ETH_MACPMTCSR_MASK      (ETH_MACPMTCSR_PD | ETH_MACPMTCSR_WFE | \
 212:Drivers/STM32F7xx_HAL_Driver/Src/stm32f7xx_hal_eth.c ****                                  ETH_MACPMTCSR_MPE | ETH_MACPMTCSR_GU)
 213:Drivers/STM32F7xx_HAL_Driver/Src/stm32f7xx_hal_eth.c **** 
 214:Drivers/STM32F7xx_HAL_Driver/Src/stm32f7xx_hal_eth.c **** /* Timeout values */
 215:Drivers/STM32F7xx_HAL_Driver/Src/stm32f7xx_hal_eth.c **** #define ETH_SWRESET_TIMEOUT     500U
 216:Drivers/STM32F7xx_HAL_Driver/Src/stm32f7xx_hal_eth.c **** #define ETH_MDIO_BUS_TIMEOUT    1000U
 217:Drivers/STM32F7xx_HAL_Driver/Src/stm32f7xx_hal_eth.c **** 
 218:Drivers/STM32F7xx_HAL_Driver/Src/stm32f7xx_hal_eth.c **** #define ETH_DMARXDESC_ERRORS_MASK ((uint32_t)(ETH_DMARXDESC_DBE | ETH_DMARXDESC_RE | \
 219:Drivers/STM32F7xx_HAL_Driver/Src/stm32f7xx_hal_eth.c ****                                               ETH_DMARXDESC_OE  | ETH_DMARXDESC_RWT |\
 220:Drivers/STM32F7xx_HAL_Driver/Src/stm32f7xx_hal_eth.c ****                                               ETH_DMARXDESC_LC | ETH_DMARXDESC_CE |\
 221:Drivers/STM32F7xx_HAL_Driver/Src/stm32f7xx_hal_eth.c ****                                               ETH_DMARXDESC_DE | ETH_DMARXDESC_IPV4HCE))
 222:Drivers/STM32F7xx_HAL_Driver/Src/stm32f7xx_hal_eth.c **** 
 223:Drivers/STM32F7xx_HAL_Driver/Src/stm32f7xx_hal_eth.c **** #define ETH_MAC_US_TICK         1000000U
 224:Drivers/STM32F7xx_HAL_Driver/Src/stm32f7xx_hal_eth.c **** 
 225:Drivers/STM32F7xx_HAL_Driver/Src/stm32f7xx_hal_eth.c **** #define ETH_MACTSCR_MASK        0x0087FF2FU
 226:Drivers/STM32F7xx_HAL_Driver/Src/stm32f7xx_hal_eth.c **** 
 227:Drivers/STM32F7xx_HAL_Driver/Src/stm32f7xx_hal_eth.c **** #define ETH_PTPTSHR_VALUE       0xFFFFFFFFU
 228:Drivers/STM32F7xx_HAL_Driver/Src/stm32f7xx_hal_eth.c **** #define ETH_PTPTSLR_VALUE       0xBB9ACA00U
 229:Drivers/STM32F7xx_HAL_Driver/Src/stm32f7xx_hal_eth.c **** 
 230:Drivers/STM32F7xx_HAL_Driver/Src/stm32f7xx_hal_eth.c **** /* Ethernet MACMIIAR register Mask */
 231:Drivers/STM32F7xx_HAL_Driver/Src/stm32f7xx_hal_eth.c **** #define ETH_MACMIIAR_CR_MASK    0xFFFFFFE3U
 232:Drivers/STM32F7xx_HAL_Driver/Src/stm32f7xx_hal_eth.c **** 
 233:Drivers/STM32F7xx_HAL_Driver/Src/stm32f7xx_hal_eth.c **** /* Delay to wait when writing to some Ethernet registers */
 234:Drivers/STM32F7xx_HAL_Driver/Src/stm32f7xx_hal_eth.c **** #define ETH_REG_WRITE_DELAY     0x00000001U
 235:Drivers/STM32F7xx_HAL_Driver/Src/stm32f7xx_hal_eth.c **** 
 236:Drivers/STM32F7xx_HAL_Driver/Src/stm32f7xx_hal_eth.c **** /* ETHERNET MACCR register Mask */
 237:Drivers/STM32F7xx_HAL_Driver/Src/stm32f7xx_hal_eth.c **** #define ETH_MACCR_CLEAR_MASK    0xFF20810FU
 238:Drivers/STM32F7xx_HAL_Driver/Src/stm32f7xx_hal_eth.c **** 
 239:Drivers/STM32F7xx_HAL_Driver/Src/stm32f7xx_hal_eth.c **** /* ETHERNET MACFCR register Mask */
 240:Drivers/STM32F7xx_HAL_Driver/Src/stm32f7xx_hal_eth.c **** #define ETH_MACFCR_CLEAR_MASK   0x0000FF41U
 241:Drivers/STM32F7xx_HAL_Driver/Src/stm32f7xx_hal_eth.c **** 
 242:Drivers/STM32F7xx_HAL_Driver/Src/stm32f7xx_hal_eth.c **** /* ETHERNET DMAOMR register Mask */
 243:Drivers/STM32F7xx_HAL_Driver/Src/stm32f7xx_hal_eth.c **** #define ETH_DMAOMR_CLEAR_MASK   0xF8DE3F23U
 244:Drivers/STM32F7xx_HAL_Driver/Src/stm32f7xx_hal_eth.c **** 
 245:Drivers/STM32F7xx_HAL_Driver/Src/stm32f7xx_hal_eth.c **** /* ETHERNET MAC address offsets */
 246:Drivers/STM32F7xx_HAL_Driver/Src/stm32f7xx_hal_eth.c **** #define ETH_MAC_ADDR_HBASE      (uint32_t)(ETH_MAC_BASE + 0x40U)  /* ETHERNET MAC address high offs
 247:Drivers/STM32F7xx_HAL_Driver/Src/stm32f7xx_hal_eth.c **** #define ETH_MAC_ADDR_LBASE      (uint32_t)(ETH_MAC_BASE + 0x44U)  /* ETHERNET MAC address low offse
 248:Drivers/STM32F7xx_HAL_Driver/Src/stm32f7xx_hal_eth.c **** 
 249:Drivers/STM32F7xx_HAL_Driver/Src/stm32f7xx_hal_eth.c **** /* ETHERNET DMA Rx descriptors Frame length Shift */
 250:Drivers/STM32F7xx_HAL_Driver/Src/stm32f7xx_hal_eth.c **** #define  ETH_DMARXDESC_FRAMELENGTHSHIFT            16U
 251:Drivers/STM32F7xx_HAL_Driver/Src/stm32f7xx_hal_eth.c **** /**
 252:Drivers/STM32F7xx_HAL_Driver/Src/stm32f7xx_hal_eth.c ****   * @}
 253:Drivers/STM32F7xx_HAL_Driver/Src/stm32f7xx_hal_eth.c ****   */
 254:Drivers/STM32F7xx_HAL_Driver/Src/stm32f7xx_hal_eth.c **** 
 255:Drivers/STM32F7xx_HAL_Driver/Src/stm32f7xx_hal_eth.c **** /* Private macros ------------------------------------------------------------*/
 256:Drivers/STM32F7xx_HAL_Driver/Src/stm32f7xx_hal_eth.c **** /** @defgroup ETH_Private_Macros ETH Private Macros
 257:Drivers/STM32F7xx_HAL_Driver/Src/stm32f7xx_hal_eth.c ****   * @{
 258:Drivers/STM32F7xx_HAL_Driver/Src/stm32f7xx_hal_eth.c ****   */
ARM GAS  /tmp/ccQ4qZLu.s 			page 6


 259:Drivers/STM32F7xx_HAL_Driver/Src/stm32f7xx_hal_eth.c **** /* Helper macros for TX descriptor handling */
 260:Drivers/STM32F7xx_HAL_Driver/Src/stm32f7xx_hal_eth.c **** #define INCR_TX_DESC_INDEX(inx, offset) do {\
 261:Drivers/STM32F7xx_HAL_Driver/Src/stm32f7xx_hal_eth.c ****                                              (inx) += (offset);\
 262:Drivers/STM32F7xx_HAL_Driver/Src/stm32f7xx_hal_eth.c ****                                              if ((inx) >= (uint32_t)ETH_TX_DESC_CNT){\
 263:Drivers/STM32F7xx_HAL_Driver/Src/stm32f7xx_hal_eth.c ****                                              (inx) = ((inx) - (uint32_t)ETH_TX_DESC_CNT);}\
 264:Drivers/STM32F7xx_HAL_Driver/Src/stm32f7xx_hal_eth.c ****                                            } while (0)
 265:Drivers/STM32F7xx_HAL_Driver/Src/stm32f7xx_hal_eth.c **** 
 266:Drivers/STM32F7xx_HAL_Driver/Src/stm32f7xx_hal_eth.c **** /* Helper macros for RX descriptor handling */
 267:Drivers/STM32F7xx_HAL_Driver/Src/stm32f7xx_hal_eth.c **** #define INCR_RX_DESC_INDEX(inx, offset) do {\
 268:Drivers/STM32F7xx_HAL_Driver/Src/stm32f7xx_hal_eth.c ****                                              (inx) += (offset);\
 269:Drivers/STM32F7xx_HAL_Driver/Src/stm32f7xx_hal_eth.c ****                                              if ((inx) >= (uint32_t)ETH_RX_DESC_CNT){\
 270:Drivers/STM32F7xx_HAL_Driver/Src/stm32f7xx_hal_eth.c ****                                              (inx) = ((inx) - (uint32_t)ETH_RX_DESC_CNT);}\
 271:Drivers/STM32F7xx_HAL_Driver/Src/stm32f7xx_hal_eth.c ****                                            } while (0)
 272:Drivers/STM32F7xx_HAL_Driver/Src/stm32f7xx_hal_eth.c **** /**
 273:Drivers/STM32F7xx_HAL_Driver/Src/stm32f7xx_hal_eth.c ****   * @}
 274:Drivers/STM32F7xx_HAL_Driver/Src/stm32f7xx_hal_eth.c ****   */
 275:Drivers/STM32F7xx_HAL_Driver/Src/stm32f7xx_hal_eth.c **** /* Private function prototypes -----------------------------------------------*/
 276:Drivers/STM32F7xx_HAL_Driver/Src/stm32f7xx_hal_eth.c **** /** @defgroup ETH_Private_Functions   ETH Private Functions
 277:Drivers/STM32F7xx_HAL_Driver/Src/stm32f7xx_hal_eth.c ****   * @{
 278:Drivers/STM32F7xx_HAL_Driver/Src/stm32f7xx_hal_eth.c ****   */
 279:Drivers/STM32F7xx_HAL_Driver/Src/stm32f7xx_hal_eth.c **** static void ETH_SetMACConfig(ETH_HandleTypeDef *heth,  ETH_MACConfigTypeDef *macconf);
 280:Drivers/STM32F7xx_HAL_Driver/Src/stm32f7xx_hal_eth.c **** static void ETH_SetDMAConfig(ETH_HandleTypeDef *heth,  ETH_DMAConfigTypeDef *dmaconf);
 281:Drivers/STM32F7xx_HAL_Driver/Src/stm32f7xx_hal_eth.c **** static void ETH_MACDMAConfig(ETH_HandleTypeDef *heth);
 282:Drivers/STM32F7xx_HAL_Driver/Src/stm32f7xx_hal_eth.c **** static void ETH_DMATxDescListInit(ETH_HandleTypeDef *heth);
 283:Drivers/STM32F7xx_HAL_Driver/Src/stm32f7xx_hal_eth.c **** static void ETH_DMARxDescListInit(ETH_HandleTypeDef *heth);
 284:Drivers/STM32F7xx_HAL_Driver/Src/stm32f7xx_hal_eth.c **** static uint32_t ETH_Prepare_Tx_Descriptors(ETH_HandleTypeDef *heth, ETH_TxPacketConfig *pTxConfig, 
 285:Drivers/STM32F7xx_HAL_Driver/Src/stm32f7xx_hal_eth.c **** static void ETH_UpdateDescriptor(ETH_HandleTypeDef *heth);
 286:Drivers/STM32F7xx_HAL_Driver/Src/stm32f7xx_hal_eth.c **** static void ETH_FlushTransmitFIFO(ETH_HandleTypeDef *heth);
 287:Drivers/STM32F7xx_HAL_Driver/Src/stm32f7xx_hal_eth.c **** static void ETH_MACAddressConfig(ETH_HandleTypeDef *heth, uint32_t MacAddr, uint8_t *Addr);
 288:Drivers/STM32F7xx_HAL_Driver/Src/stm32f7xx_hal_eth.c **** 
 289:Drivers/STM32F7xx_HAL_Driver/Src/stm32f7xx_hal_eth.c **** #if (USE_HAL_ETH_REGISTER_CALLBACKS == 1)
 290:Drivers/STM32F7xx_HAL_Driver/Src/stm32f7xx_hal_eth.c **** static void ETH_InitCallbacksToDefault(ETH_HandleTypeDef *heth);
 291:Drivers/STM32F7xx_HAL_Driver/Src/stm32f7xx_hal_eth.c **** #endif /* USE_HAL_ETH_REGISTER_CALLBACKS */
 292:Drivers/STM32F7xx_HAL_Driver/Src/stm32f7xx_hal_eth.c **** /**
 293:Drivers/STM32F7xx_HAL_Driver/Src/stm32f7xx_hal_eth.c ****   * @}
 294:Drivers/STM32F7xx_HAL_Driver/Src/stm32f7xx_hal_eth.c ****   */
 295:Drivers/STM32F7xx_HAL_Driver/Src/stm32f7xx_hal_eth.c **** 
 296:Drivers/STM32F7xx_HAL_Driver/Src/stm32f7xx_hal_eth.c **** /* Exported functions ---------------------------------------------------------*/
 297:Drivers/STM32F7xx_HAL_Driver/Src/stm32f7xx_hal_eth.c **** /** @defgroup ETH_Exported_Functions ETH Exported Functions
 298:Drivers/STM32F7xx_HAL_Driver/Src/stm32f7xx_hal_eth.c ****   * @{
 299:Drivers/STM32F7xx_HAL_Driver/Src/stm32f7xx_hal_eth.c ****   */
 300:Drivers/STM32F7xx_HAL_Driver/Src/stm32f7xx_hal_eth.c **** 
 301:Drivers/STM32F7xx_HAL_Driver/Src/stm32f7xx_hal_eth.c **** /** @defgroup ETH_Exported_Functions_Group1 Initialization and deinitialization functions
 302:Drivers/STM32F7xx_HAL_Driver/Src/stm32f7xx_hal_eth.c ****   *  @brief    Initialization and Configuration functions
 303:Drivers/STM32F7xx_HAL_Driver/Src/stm32f7xx_hal_eth.c ****   *
 304:Drivers/STM32F7xx_HAL_Driver/Src/stm32f7xx_hal_eth.c **** @verbatim
 305:Drivers/STM32F7xx_HAL_Driver/Src/stm32f7xx_hal_eth.c **** ===============================================================================
 306:Drivers/STM32F7xx_HAL_Driver/Src/stm32f7xx_hal_eth.c ****             ##### Initialization and Configuration functions #####
 307:Drivers/STM32F7xx_HAL_Driver/Src/stm32f7xx_hal_eth.c ****  ===============================================================================
 308:Drivers/STM32F7xx_HAL_Driver/Src/stm32f7xx_hal_eth.c ****     [..]  This subsection provides a set of functions allowing to initialize and
 309:Drivers/STM32F7xx_HAL_Driver/Src/stm32f7xx_hal_eth.c ****           deinitialize the ETH peripheral:
 310:Drivers/STM32F7xx_HAL_Driver/Src/stm32f7xx_hal_eth.c **** 
 311:Drivers/STM32F7xx_HAL_Driver/Src/stm32f7xx_hal_eth.c ****       (+) User must Implement HAL_ETH_MspInit() function in which he configures
 312:Drivers/STM32F7xx_HAL_Driver/Src/stm32f7xx_hal_eth.c ****           all related peripherals resources (CLOCK, GPIO and NVIC ).
 313:Drivers/STM32F7xx_HAL_Driver/Src/stm32f7xx_hal_eth.c **** 
 314:Drivers/STM32F7xx_HAL_Driver/Src/stm32f7xx_hal_eth.c ****       (+) Call the function HAL_ETH_Init() to configure the selected device with
 315:Drivers/STM32F7xx_HAL_Driver/Src/stm32f7xx_hal_eth.c ****           the selected configuration:
ARM GAS  /tmp/ccQ4qZLu.s 			page 7


 316:Drivers/STM32F7xx_HAL_Driver/Src/stm32f7xx_hal_eth.c ****         (++) MAC address
 317:Drivers/STM32F7xx_HAL_Driver/Src/stm32f7xx_hal_eth.c ****         (++) Media interface (MII or RMII)
 318:Drivers/STM32F7xx_HAL_Driver/Src/stm32f7xx_hal_eth.c ****         (++) Rx DMA Descriptors Tab
 319:Drivers/STM32F7xx_HAL_Driver/Src/stm32f7xx_hal_eth.c ****         (++) Tx DMA Descriptors Tab
 320:Drivers/STM32F7xx_HAL_Driver/Src/stm32f7xx_hal_eth.c ****         (++) Length of Rx Buffers
 321:Drivers/STM32F7xx_HAL_Driver/Src/stm32f7xx_hal_eth.c **** 
 322:Drivers/STM32F7xx_HAL_Driver/Src/stm32f7xx_hal_eth.c ****       (+) Call the function HAL_ETH_DeInit() to restore the default configuration
 323:Drivers/STM32F7xx_HAL_Driver/Src/stm32f7xx_hal_eth.c ****           of the selected ETH peripheral.
 324:Drivers/STM32F7xx_HAL_Driver/Src/stm32f7xx_hal_eth.c **** 
 325:Drivers/STM32F7xx_HAL_Driver/Src/stm32f7xx_hal_eth.c **** @endverbatim
 326:Drivers/STM32F7xx_HAL_Driver/Src/stm32f7xx_hal_eth.c ****   * @{
 327:Drivers/STM32F7xx_HAL_Driver/Src/stm32f7xx_hal_eth.c ****   */
 328:Drivers/STM32F7xx_HAL_Driver/Src/stm32f7xx_hal_eth.c **** 
 329:Drivers/STM32F7xx_HAL_Driver/Src/stm32f7xx_hal_eth.c **** /**
 330:Drivers/STM32F7xx_HAL_Driver/Src/stm32f7xx_hal_eth.c ****   * @brief  Initialize the Ethernet peripheral registers.
 331:Drivers/STM32F7xx_HAL_Driver/Src/stm32f7xx_hal_eth.c ****   * @param  heth: pointer to a ETH_HandleTypeDef structure that contains
 332:Drivers/STM32F7xx_HAL_Driver/Src/stm32f7xx_hal_eth.c ****   *         the configuration information for ETHERNET module
 333:Drivers/STM32F7xx_HAL_Driver/Src/stm32f7xx_hal_eth.c ****   * @retval HAL status
 334:Drivers/STM32F7xx_HAL_Driver/Src/stm32f7xx_hal_eth.c ****   */
 335:Drivers/STM32F7xx_HAL_Driver/Src/stm32f7xx_hal_eth.c **** HAL_StatusTypeDef HAL_ETH_Init(ETH_HandleTypeDef *heth)
 336:Drivers/STM32F7xx_HAL_Driver/Src/stm32f7xx_hal_eth.c **** {
 337:Drivers/STM32F7xx_HAL_Driver/Src/stm32f7xx_hal_eth.c ****   uint32_t tickstart;
 338:Drivers/STM32F7xx_HAL_Driver/Src/stm32f7xx_hal_eth.c **** 
 339:Drivers/STM32F7xx_HAL_Driver/Src/stm32f7xx_hal_eth.c ****   if (heth == NULL)
 340:Drivers/STM32F7xx_HAL_Driver/Src/stm32f7xx_hal_eth.c ****   {
 341:Drivers/STM32F7xx_HAL_Driver/Src/stm32f7xx_hal_eth.c ****     return HAL_ERROR;
 342:Drivers/STM32F7xx_HAL_Driver/Src/stm32f7xx_hal_eth.c ****   }
 343:Drivers/STM32F7xx_HAL_Driver/Src/stm32f7xx_hal_eth.c ****   if (heth->gState == HAL_ETH_STATE_RESET)
 344:Drivers/STM32F7xx_HAL_Driver/Src/stm32f7xx_hal_eth.c ****   {
 345:Drivers/STM32F7xx_HAL_Driver/Src/stm32f7xx_hal_eth.c ****     heth->gState = HAL_ETH_STATE_BUSY;
 346:Drivers/STM32F7xx_HAL_Driver/Src/stm32f7xx_hal_eth.c **** 
 347:Drivers/STM32F7xx_HAL_Driver/Src/stm32f7xx_hal_eth.c **** #if (USE_HAL_ETH_REGISTER_CALLBACKS == 1)
 348:Drivers/STM32F7xx_HAL_Driver/Src/stm32f7xx_hal_eth.c **** 
 349:Drivers/STM32F7xx_HAL_Driver/Src/stm32f7xx_hal_eth.c ****     ETH_InitCallbacksToDefault(heth);
 350:Drivers/STM32F7xx_HAL_Driver/Src/stm32f7xx_hal_eth.c **** 
 351:Drivers/STM32F7xx_HAL_Driver/Src/stm32f7xx_hal_eth.c ****     if (heth->MspInitCallback == NULL)
 352:Drivers/STM32F7xx_HAL_Driver/Src/stm32f7xx_hal_eth.c ****     {
 353:Drivers/STM32F7xx_HAL_Driver/Src/stm32f7xx_hal_eth.c ****       heth->MspInitCallback = HAL_ETH_MspInit;
 354:Drivers/STM32F7xx_HAL_Driver/Src/stm32f7xx_hal_eth.c ****     }
 355:Drivers/STM32F7xx_HAL_Driver/Src/stm32f7xx_hal_eth.c **** 
 356:Drivers/STM32F7xx_HAL_Driver/Src/stm32f7xx_hal_eth.c ****     /* Init the low level hardware */
 357:Drivers/STM32F7xx_HAL_Driver/Src/stm32f7xx_hal_eth.c ****     heth->MspInitCallback(heth);
 358:Drivers/STM32F7xx_HAL_Driver/Src/stm32f7xx_hal_eth.c **** #else
 359:Drivers/STM32F7xx_HAL_Driver/Src/stm32f7xx_hal_eth.c ****     /* Init the low level hardware : GPIO, CLOCK, NVIC. */
 360:Drivers/STM32F7xx_HAL_Driver/Src/stm32f7xx_hal_eth.c ****     HAL_ETH_MspInit(heth);
 361:Drivers/STM32F7xx_HAL_Driver/Src/stm32f7xx_hal_eth.c **** 
 362:Drivers/STM32F7xx_HAL_Driver/Src/stm32f7xx_hal_eth.c **** #endif /* (USE_HAL_ETH_REGISTER_CALLBACKS) */
 363:Drivers/STM32F7xx_HAL_Driver/Src/stm32f7xx_hal_eth.c ****   }
 364:Drivers/STM32F7xx_HAL_Driver/Src/stm32f7xx_hal_eth.c **** 
 365:Drivers/STM32F7xx_HAL_Driver/Src/stm32f7xx_hal_eth.c ****   __HAL_RCC_SYSCFG_CLK_ENABLE();
 366:Drivers/STM32F7xx_HAL_Driver/Src/stm32f7xx_hal_eth.c **** 
 367:Drivers/STM32F7xx_HAL_Driver/Src/stm32f7xx_hal_eth.c ****   /* Select MII or RMII Mode*/
 368:Drivers/STM32F7xx_HAL_Driver/Src/stm32f7xx_hal_eth.c ****   SYSCFG->PMC &= ~(SYSCFG_PMC_MII_RMII_SEL);
 369:Drivers/STM32F7xx_HAL_Driver/Src/stm32f7xx_hal_eth.c ****   SYSCFG->PMC |= (uint32_t)heth->Init.MediaInterface;
 370:Drivers/STM32F7xx_HAL_Driver/Src/stm32f7xx_hal_eth.c ****   /* Dummy read to sync SYSCFG with ETH */
 371:Drivers/STM32F7xx_HAL_Driver/Src/stm32f7xx_hal_eth.c ****   (void)SYSCFG->PMC;
 372:Drivers/STM32F7xx_HAL_Driver/Src/stm32f7xx_hal_eth.c **** 
ARM GAS  /tmp/ccQ4qZLu.s 			page 8


 373:Drivers/STM32F7xx_HAL_Driver/Src/stm32f7xx_hal_eth.c ****   /* Ethernet Software reset */
 374:Drivers/STM32F7xx_HAL_Driver/Src/stm32f7xx_hal_eth.c ****   /* Set the SWR bit: resets all MAC subsystem internal registers and logic */
 375:Drivers/STM32F7xx_HAL_Driver/Src/stm32f7xx_hal_eth.c ****   /* After reset all the registers holds their respective reset values */
 376:Drivers/STM32F7xx_HAL_Driver/Src/stm32f7xx_hal_eth.c ****   SET_BIT(heth->Instance->DMABMR, ETH_DMABMR_SR);
 377:Drivers/STM32F7xx_HAL_Driver/Src/stm32f7xx_hal_eth.c **** 
 378:Drivers/STM32F7xx_HAL_Driver/Src/stm32f7xx_hal_eth.c ****   /* Get tick */
 379:Drivers/STM32F7xx_HAL_Driver/Src/stm32f7xx_hal_eth.c ****   tickstart = HAL_GetTick();
 380:Drivers/STM32F7xx_HAL_Driver/Src/stm32f7xx_hal_eth.c **** 
 381:Drivers/STM32F7xx_HAL_Driver/Src/stm32f7xx_hal_eth.c ****   /* Wait for software reset */
 382:Drivers/STM32F7xx_HAL_Driver/Src/stm32f7xx_hal_eth.c ****   while (READ_BIT(heth->Instance->DMABMR, ETH_DMABMR_SR) > 0U)
 383:Drivers/STM32F7xx_HAL_Driver/Src/stm32f7xx_hal_eth.c ****   {
 384:Drivers/STM32F7xx_HAL_Driver/Src/stm32f7xx_hal_eth.c ****     if (((HAL_GetTick() - tickstart) > ETH_SWRESET_TIMEOUT))
 385:Drivers/STM32F7xx_HAL_Driver/Src/stm32f7xx_hal_eth.c ****     {
 386:Drivers/STM32F7xx_HAL_Driver/Src/stm32f7xx_hal_eth.c ****       /* Set Error Code */
 387:Drivers/STM32F7xx_HAL_Driver/Src/stm32f7xx_hal_eth.c ****       heth->ErrorCode = HAL_ETH_ERROR_TIMEOUT;
 388:Drivers/STM32F7xx_HAL_Driver/Src/stm32f7xx_hal_eth.c ****       /* Set State as Error */
 389:Drivers/STM32F7xx_HAL_Driver/Src/stm32f7xx_hal_eth.c ****       heth->gState = HAL_ETH_STATE_ERROR;
 390:Drivers/STM32F7xx_HAL_Driver/Src/stm32f7xx_hal_eth.c ****       /* Return Error */
 391:Drivers/STM32F7xx_HAL_Driver/Src/stm32f7xx_hal_eth.c ****       return HAL_ERROR;
 392:Drivers/STM32F7xx_HAL_Driver/Src/stm32f7xx_hal_eth.c ****     }
 393:Drivers/STM32F7xx_HAL_Driver/Src/stm32f7xx_hal_eth.c ****   }
 394:Drivers/STM32F7xx_HAL_Driver/Src/stm32f7xx_hal_eth.c **** 
 395:Drivers/STM32F7xx_HAL_Driver/Src/stm32f7xx_hal_eth.c **** 
 396:Drivers/STM32F7xx_HAL_Driver/Src/stm32f7xx_hal_eth.c ****   /*------------------ MAC, MTL and DMA default Configuration ----------------*/
 397:Drivers/STM32F7xx_HAL_Driver/Src/stm32f7xx_hal_eth.c ****   ETH_MACDMAConfig(heth);
 398:Drivers/STM32F7xx_HAL_Driver/Src/stm32f7xx_hal_eth.c **** 
 399:Drivers/STM32F7xx_HAL_Driver/Src/stm32f7xx_hal_eth.c **** 
 400:Drivers/STM32F7xx_HAL_Driver/Src/stm32f7xx_hal_eth.c ****   /*------------------ DMA Tx Descriptors Configuration ----------------------*/
 401:Drivers/STM32F7xx_HAL_Driver/Src/stm32f7xx_hal_eth.c ****   ETH_DMATxDescListInit(heth);
 402:Drivers/STM32F7xx_HAL_Driver/Src/stm32f7xx_hal_eth.c **** 
 403:Drivers/STM32F7xx_HAL_Driver/Src/stm32f7xx_hal_eth.c ****   /*------------------ DMA Rx Descriptors Configuration ----------------------*/
 404:Drivers/STM32F7xx_HAL_Driver/Src/stm32f7xx_hal_eth.c ****   ETH_DMARxDescListInit(heth);
 405:Drivers/STM32F7xx_HAL_Driver/Src/stm32f7xx_hal_eth.c **** 
 406:Drivers/STM32F7xx_HAL_Driver/Src/stm32f7xx_hal_eth.c ****   /*--------------------- ETHERNET MAC Address Configuration ------------------*/
 407:Drivers/STM32F7xx_HAL_Driver/Src/stm32f7xx_hal_eth.c ****   ETH_MACAddressConfig(heth, ETH_MAC_ADDRESS0, heth->Init.MACAddr);
 408:Drivers/STM32F7xx_HAL_Driver/Src/stm32f7xx_hal_eth.c **** 
 409:Drivers/STM32F7xx_HAL_Driver/Src/stm32f7xx_hal_eth.c ****   heth->ErrorCode = HAL_ETH_ERROR_NONE;
 410:Drivers/STM32F7xx_HAL_Driver/Src/stm32f7xx_hal_eth.c ****   heth->gState = HAL_ETH_STATE_READY;
 411:Drivers/STM32F7xx_HAL_Driver/Src/stm32f7xx_hal_eth.c **** 
 412:Drivers/STM32F7xx_HAL_Driver/Src/stm32f7xx_hal_eth.c ****   return HAL_OK;
 413:Drivers/STM32F7xx_HAL_Driver/Src/stm32f7xx_hal_eth.c **** }
 414:Drivers/STM32F7xx_HAL_Driver/Src/stm32f7xx_hal_eth.c **** 
 415:Drivers/STM32F7xx_HAL_Driver/Src/stm32f7xx_hal_eth.c **** /**
 416:Drivers/STM32F7xx_HAL_Driver/Src/stm32f7xx_hal_eth.c ****   * @brief  DeInitializes the ETH peripheral.
 417:Drivers/STM32F7xx_HAL_Driver/Src/stm32f7xx_hal_eth.c ****   * @param  heth: pointer to a ETH_HandleTypeDef structure that contains
 418:Drivers/STM32F7xx_HAL_Driver/Src/stm32f7xx_hal_eth.c ****   *         the configuration information for ETHERNET module
 419:Drivers/STM32F7xx_HAL_Driver/Src/stm32f7xx_hal_eth.c ****   * @retval HAL status
 420:Drivers/STM32F7xx_HAL_Driver/Src/stm32f7xx_hal_eth.c ****   */
 421:Drivers/STM32F7xx_HAL_Driver/Src/stm32f7xx_hal_eth.c **** HAL_StatusTypeDef HAL_ETH_DeInit(ETH_HandleTypeDef *heth)
 422:Drivers/STM32F7xx_HAL_Driver/Src/stm32f7xx_hal_eth.c **** {
 423:Drivers/STM32F7xx_HAL_Driver/Src/stm32f7xx_hal_eth.c ****   /* Set the ETH peripheral state to BUSY */
 424:Drivers/STM32F7xx_HAL_Driver/Src/stm32f7xx_hal_eth.c ****   heth->gState = HAL_ETH_STATE_BUSY;
 425:Drivers/STM32F7xx_HAL_Driver/Src/stm32f7xx_hal_eth.c **** 
 426:Drivers/STM32F7xx_HAL_Driver/Src/stm32f7xx_hal_eth.c **** #if (USE_HAL_ETH_REGISTER_CALLBACKS == 1)
 427:Drivers/STM32F7xx_HAL_Driver/Src/stm32f7xx_hal_eth.c **** 
 428:Drivers/STM32F7xx_HAL_Driver/Src/stm32f7xx_hal_eth.c ****   if (heth->MspDeInitCallback == NULL)
 429:Drivers/STM32F7xx_HAL_Driver/Src/stm32f7xx_hal_eth.c ****   {
ARM GAS  /tmp/ccQ4qZLu.s 			page 9


 430:Drivers/STM32F7xx_HAL_Driver/Src/stm32f7xx_hal_eth.c ****     heth->MspDeInitCallback = HAL_ETH_MspDeInit;
 431:Drivers/STM32F7xx_HAL_Driver/Src/stm32f7xx_hal_eth.c ****   }
 432:Drivers/STM32F7xx_HAL_Driver/Src/stm32f7xx_hal_eth.c ****   /* DeInit the low level hardware */
 433:Drivers/STM32F7xx_HAL_Driver/Src/stm32f7xx_hal_eth.c ****   heth->MspDeInitCallback(heth);
 434:Drivers/STM32F7xx_HAL_Driver/Src/stm32f7xx_hal_eth.c **** #else
 435:Drivers/STM32F7xx_HAL_Driver/Src/stm32f7xx_hal_eth.c **** 
 436:Drivers/STM32F7xx_HAL_Driver/Src/stm32f7xx_hal_eth.c ****   /* De-Init the low level hardware : GPIO, CLOCK, NVIC. */
 437:Drivers/STM32F7xx_HAL_Driver/Src/stm32f7xx_hal_eth.c ****   HAL_ETH_MspDeInit(heth);
 438:Drivers/STM32F7xx_HAL_Driver/Src/stm32f7xx_hal_eth.c **** 
 439:Drivers/STM32F7xx_HAL_Driver/Src/stm32f7xx_hal_eth.c **** #endif /* (USE_HAL_ETH_REGISTER_CALLBACKS) */
 440:Drivers/STM32F7xx_HAL_Driver/Src/stm32f7xx_hal_eth.c **** 
 441:Drivers/STM32F7xx_HAL_Driver/Src/stm32f7xx_hal_eth.c ****   /* Set ETH HAL state to Disabled */
 442:Drivers/STM32F7xx_HAL_Driver/Src/stm32f7xx_hal_eth.c ****   heth->gState = HAL_ETH_STATE_RESET;
 443:Drivers/STM32F7xx_HAL_Driver/Src/stm32f7xx_hal_eth.c **** 
 444:Drivers/STM32F7xx_HAL_Driver/Src/stm32f7xx_hal_eth.c ****   /* Return function status */
 445:Drivers/STM32F7xx_HAL_Driver/Src/stm32f7xx_hal_eth.c ****   return HAL_OK;
 446:Drivers/STM32F7xx_HAL_Driver/Src/stm32f7xx_hal_eth.c **** }
 447:Drivers/STM32F7xx_HAL_Driver/Src/stm32f7xx_hal_eth.c **** 
 448:Drivers/STM32F7xx_HAL_Driver/Src/stm32f7xx_hal_eth.c **** /**
 449:Drivers/STM32F7xx_HAL_Driver/Src/stm32f7xx_hal_eth.c ****   * @brief  Initializes the ETH MSP.
 450:Drivers/STM32F7xx_HAL_Driver/Src/stm32f7xx_hal_eth.c ****   * @param  heth: pointer to a ETH_HandleTypeDef structure that contains
 451:Drivers/STM32F7xx_HAL_Driver/Src/stm32f7xx_hal_eth.c ****   *         the configuration information for ETHERNET module
 452:Drivers/STM32F7xx_HAL_Driver/Src/stm32f7xx_hal_eth.c ****   * @retval None
 453:Drivers/STM32F7xx_HAL_Driver/Src/stm32f7xx_hal_eth.c ****   */
 454:Drivers/STM32F7xx_HAL_Driver/Src/stm32f7xx_hal_eth.c **** __weak void HAL_ETH_MspInit(ETH_HandleTypeDef *heth)
 455:Drivers/STM32F7xx_HAL_Driver/Src/stm32f7xx_hal_eth.c **** {
 456:Drivers/STM32F7xx_HAL_Driver/Src/stm32f7xx_hal_eth.c ****   /* Prevent unused argument(s) compilation warning */
 457:Drivers/STM32F7xx_HAL_Driver/Src/stm32f7xx_hal_eth.c ****   UNUSED(heth);
 458:Drivers/STM32F7xx_HAL_Driver/Src/stm32f7xx_hal_eth.c ****   /* NOTE : This function Should not be modified, when the callback is needed,
 459:Drivers/STM32F7xx_HAL_Driver/Src/stm32f7xx_hal_eth.c ****   the HAL_ETH_MspInit could be implemented in the user file
 460:Drivers/STM32F7xx_HAL_Driver/Src/stm32f7xx_hal_eth.c ****   */
 461:Drivers/STM32F7xx_HAL_Driver/Src/stm32f7xx_hal_eth.c **** }
 462:Drivers/STM32F7xx_HAL_Driver/Src/stm32f7xx_hal_eth.c **** 
 463:Drivers/STM32F7xx_HAL_Driver/Src/stm32f7xx_hal_eth.c **** /**
 464:Drivers/STM32F7xx_HAL_Driver/Src/stm32f7xx_hal_eth.c ****   * @brief  DeInitializes ETH MSP.
 465:Drivers/STM32F7xx_HAL_Driver/Src/stm32f7xx_hal_eth.c ****   * @param  heth: pointer to a ETH_HandleTypeDef structure that contains
 466:Drivers/STM32F7xx_HAL_Driver/Src/stm32f7xx_hal_eth.c ****   *         the configuration information for ETHERNET module
 467:Drivers/STM32F7xx_HAL_Driver/Src/stm32f7xx_hal_eth.c ****   * @retval None
 468:Drivers/STM32F7xx_HAL_Driver/Src/stm32f7xx_hal_eth.c ****   */
 469:Drivers/STM32F7xx_HAL_Driver/Src/stm32f7xx_hal_eth.c **** __weak void HAL_ETH_MspDeInit(ETH_HandleTypeDef *heth)
 470:Drivers/STM32F7xx_HAL_Driver/Src/stm32f7xx_hal_eth.c **** {
 471:Drivers/STM32F7xx_HAL_Driver/Src/stm32f7xx_hal_eth.c ****   /* Prevent unused argument(s) compilation warning */
 472:Drivers/STM32F7xx_HAL_Driver/Src/stm32f7xx_hal_eth.c ****   UNUSED(heth);
 473:Drivers/STM32F7xx_HAL_Driver/Src/stm32f7xx_hal_eth.c ****   /* NOTE : This function Should not be modified, when the callback is needed,
 474:Drivers/STM32F7xx_HAL_Driver/Src/stm32f7xx_hal_eth.c ****   the HAL_ETH_MspDeInit could be implemented in the user file
 475:Drivers/STM32F7xx_HAL_Driver/Src/stm32f7xx_hal_eth.c ****   */
 476:Drivers/STM32F7xx_HAL_Driver/Src/stm32f7xx_hal_eth.c **** }
 477:Drivers/STM32F7xx_HAL_Driver/Src/stm32f7xx_hal_eth.c **** 
 478:Drivers/STM32F7xx_HAL_Driver/Src/stm32f7xx_hal_eth.c **** #if (USE_HAL_ETH_REGISTER_CALLBACKS == 1)
 479:Drivers/STM32F7xx_HAL_Driver/Src/stm32f7xx_hal_eth.c **** /**
 480:Drivers/STM32F7xx_HAL_Driver/Src/stm32f7xx_hal_eth.c ****   * @brief  Register a User ETH Callback
 481:Drivers/STM32F7xx_HAL_Driver/Src/stm32f7xx_hal_eth.c ****   *         To be used instead of the weak predefined callback
 482:Drivers/STM32F7xx_HAL_Driver/Src/stm32f7xx_hal_eth.c ****   * @param heth eth handle
 483:Drivers/STM32F7xx_HAL_Driver/Src/stm32f7xx_hal_eth.c ****   * @param CallbackID ID of the callback to be registered
 484:Drivers/STM32F7xx_HAL_Driver/Src/stm32f7xx_hal_eth.c ****   *        This parameter can be one of the following values:
 485:Drivers/STM32F7xx_HAL_Driver/Src/stm32f7xx_hal_eth.c ****   *          @arg @ref HAL_ETH_TX_COMPLETE_CB_ID Tx Complete Callback ID
 486:Drivers/STM32F7xx_HAL_Driver/Src/stm32f7xx_hal_eth.c ****   *          @arg @ref HAL_ETH_RX_COMPLETE_CB_ID Rx Complete Callback ID
ARM GAS  /tmp/ccQ4qZLu.s 			page 10


 487:Drivers/STM32F7xx_HAL_Driver/Src/stm32f7xx_hal_eth.c ****   *          @arg @ref HAL_ETH_ERROR_CB_ID       Error Callback ID
 488:Drivers/STM32F7xx_HAL_Driver/Src/stm32f7xx_hal_eth.c ****   *          @arg @ref HAL_ETH_PMT_CB_ID         Power Management Callback ID
 489:Drivers/STM32F7xx_HAL_Driver/Src/stm32f7xx_hal_eth.c ****   *          @arg @ref HAL_ETH_WAKEUP_CB_ID      Wake UP Callback ID
 490:Drivers/STM32F7xx_HAL_Driver/Src/stm32f7xx_hal_eth.c ****   *          @arg @ref HAL_ETH_MSPINIT_CB_ID     MspInit callback ID
 491:Drivers/STM32F7xx_HAL_Driver/Src/stm32f7xx_hal_eth.c ****   *          @arg @ref HAL_ETH_MSPDEINIT_CB_ID   MspDeInit callback ID
 492:Drivers/STM32F7xx_HAL_Driver/Src/stm32f7xx_hal_eth.c ****   * @param pCallback pointer to the Callback function
 493:Drivers/STM32F7xx_HAL_Driver/Src/stm32f7xx_hal_eth.c ****   * @retval status
 494:Drivers/STM32F7xx_HAL_Driver/Src/stm32f7xx_hal_eth.c ****   */
 495:Drivers/STM32F7xx_HAL_Driver/Src/stm32f7xx_hal_eth.c **** HAL_StatusTypeDef HAL_ETH_RegisterCallback(ETH_HandleTypeDef *heth, HAL_ETH_CallbackIDTypeDef Callb
 496:Drivers/STM32F7xx_HAL_Driver/Src/stm32f7xx_hal_eth.c ****                                            pETH_CallbackTypeDef pCallback)
 497:Drivers/STM32F7xx_HAL_Driver/Src/stm32f7xx_hal_eth.c **** {
 498:Drivers/STM32F7xx_HAL_Driver/Src/stm32f7xx_hal_eth.c ****   HAL_StatusTypeDef status = HAL_OK;
 499:Drivers/STM32F7xx_HAL_Driver/Src/stm32f7xx_hal_eth.c **** 
 500:Drivers/STM32F7xx_HAL_Driver/Src/stm32f7xx_hal_eth.c ****   if (pCallback == NULL)
 501:Drivers/STM32F7xx_HAL_Driver/Src/stm32f7xx_hal_eth.c ****   {
 502:Drivers/STM32F7xx_HAL_Driver/Src/stm32f7xx_hal_eth.c ****     /* Update the error code */
 503:Drivers/STM32F7xx_HAL_Driver/Src/stm32f7xx_hal_eth.c ****     heth->ErrorCode |= HAL_ETH_ERROR_INVALID_CALLBACK;
 504:Drivers/STM32F7xx_HAL_Driver/Src/stm32f7xx_hal_eth.c **** 
 505:Drivers/STM32F7xx_HAL_Driver/Src/stm32f7xx_hal_eth.c ****     return HAL_ERROR;
 506:Drivers/STM32F7xx_HAL_Driver/Src/stm32f7xx_hal_eth.c ****   }
 507:Drivers/STM32F7xx_HAL_Driver/Src/stm32f7xx_hal_eth.c **** 
 508:Drivers/STM32F7xx_HAL_Driver/Src/stm32f7xx_hal_eth.c ****   if (heth->gState == HAL_ETH_STATE_READY)
 509:Drivers/STM32F7xx_HAL_Driver/Src/stm32f7xx_hal_eth.c ****   {
 510:Drivers/STM32F7xx_HAL_Driver/Src/stm32f7xx_hal_eth.c ****     switch (CallbackID)
 511:Drivers/STM32F7xx_HAL_Driver/Src/stm32f7xx_hal_eth.c ****     {
 512:Drivers/STM32F7xx_HAL_Driver/Src/stm32f7xx_hal_eth.c ****       case HAL_ETH_TX_COMPLETE_CB_ID :
 513:Drivers/STM32F7xx_HAL_Driver/Src/stm32f7xx_hal_eth.c ****         heth->TxCpltCallback = pCallback;
 514:Drivers/STM32F7xx_HAL_Driver/Src/stm32f7xx_hal_eth.c ****         break;
 515:Drivers/STM32F7xx_HAL_Driver/Src/stm32f7xx_hal_eth.c **** 
 516:Drivers/STM32F7xx_HAL_Driver/Src/stm32f7xx_hal_eth.c ****       case HAL_ETH_RX_COMPLETE_CB_ID :
 517:Drivers/STM32F7xx_HAL_Driver/Src/stm32f7xx_hal_eth.c ****         heth->RxCpltCallback = pCallback;
 518:Drivers/STM32F7xx_HAL_Driver/Src/stm32f7xx_hal_eth.c ****         break;
 519:Drivers/STM32F7xx_HAL_Driver/Src/stm32f7xx_hal_eth.c **** 
 520:Drivers/STM32F7xx_HAL_Driver/Src/stm32f7xx_hal_eth.c ****       case HAL_ETH_ERROR_CB_ID :
 521:Drivers/STM32F7xx_HAL_Driver/Src/stm32f7xx_hal_eth.c ****         heth->ErrorCallback = pCallback;
 522:Drivers/STM32F7xx_HAL_Driver/Src/stm32f7xx_hal_eth.c ****         break;
 523:Drivers/STM32F7xx_HAL_Driver/Src/stm32f7xx_hal_eth.c **** 
 524:Drivers/STM32F7xx_HAL_Driver/Src/stm32f7xx_hal_eth.c ****       case HAL_ETH_PMT_CB_ID :
 525:Drivers/STM32F7xx_HAL_Driver/Src/stm32f7xx_hal_eth.c ****         heth->PMTCallback = pCallback;
 526:Drivers/STM32F7xx_HAL_Driver/Src/stm32f7xx_hal_eth.c ****         break;
 527:Drivers/STM32F7xx_HAL_Driver/Src/stm32f7xx_hal_eth.c **** 
 528:Drivers/STM32F7xx_HAL_Driver/Src/stm32f7xx_hal_eth.c **** 
 529:Drivers/STM32F7xx_HAL_Driver/Src/stm32f7xx_hal_eth.c ****       case HAL_ETH_WAKEUP_CB_ID :
 530:Drivers/STM32F7xx_HAL_Driver/Src/stm32f7xx_hal_eth.c ****         heth->WakeUpCallback = pCallback;
 531:Drivers/STM32F7xx_HAL_Driver/Src/stm32f7xx_hal_eth.c ****         break;
 532:Drivers/STM32F7xx_HAL_Driver/Src/stm32f7xx_hal_eth.c **** 
 533:Drivers/STM32F7xx_HAL_Driver/Src/stm32f7xx_hal_eth.c ****       case HAL_ETH_MSPINIT_CB_ID :
 534:Drivers/STM32F7xx_HAL_Driver/Src/stm32f7xx_hal_eth.c ****         heth->MspInitCallback = pCallback;
 535:Drivers/STM32F7xx_HAL_Driver/Src/stm32f7xx_hal_eth.c ****         break;
 536:Drivers/STM32F7xx_HAL_Driver/Src/stm32f7xx_hal_eth.c **** 
 537:Drivers/STM32F7xx_HAL_Driver/Src/stm32f7xx_hal_eth.c ****       case HAL_ETH_MSPDEINIT_CB_ID :
 538:Drivers/STM32F7xx_HAL_Driver/Src/stm32f7xx_hal_eth.c ****         heth->MspDeInitCallback = pCallback;
 539:Drivers/STM32F7xx_HAL_Driver/Src/stm32f7xx_hal_eth.c ****         break;
 540:Drivers/STM32F7xx_HAL_Driver/Src/stm32f7xx_hal_eth.c **** 
 541:Drivers/STM32F7xx_HAL_Driver/Src/stm32f7xx_hal_eth.c ****       default :
 542:Drivers/STM32F7xx_HAL_Driver/Src/stm32f7xx_hal_eth.c ****         /* Update the error code */
 543:Drivers/STM32F7xx_HAL_Driver/Src/stm32f7xx_hal_eth.c ****         heth->ErrorCode |= HAL_ETH_ERROR_INVALID_CALLBACK;
ARM GAS  /tmp/ccQ4qZLu.s 			page 11


 544:Drivers/STM32F7xx_HAL_Driver/Src/stm32f7xx_hal_eth.c ****         /* Return error status */
 545:Drivers/STM32F7xx_HAL_Driver/Src/stm32f7xx_hal_eth.c ****         status =  HAL_ERROR;
 546:Drivers/STM32F7xx_HAL_Driver/Src/stm32f7xx_hal_eth.c ****         break;
 547:Drivers/STM32F7xx_HAL_Driver/Src/stm32f7xx_hal_eth.c ****     }
 548:Drivers/STM32F7xx_HAL_Driver/Src/stm32f7xx_hal_eth.c ****   }
 549:Drivers/STM32F7xx_HAL_Driver/Src/stm32f7xx_hal_eth.c ****   else if (heth->gState == HAL_ETH_STATE_RESET)
 550:Drivers/STM32F7xx_HAL_Driver/Src/stm32f7xx_hal_eth.c ****   {
 551:Drivers/STM32F7xx_HAL_Driver/Src/stm32f7xx_hal_eth.c ****     switch (CallbackID)
 552:Drivers/STM32F7xx_HAL_Driver/Src/stm32f7xx_hal_eth.c ****     {
 553:Drivers/STM32F7xx_HAL_Driver/Src/stm32f7xx_hal_eth.c ****       case HAL_ETH_MSPINIT_CB_ID :
 554:Drivers/STM32F7xx_HAL_Driver/Src/stm32f7xx_hal_eth.c ****         heth->MspInitCallback = pCallback;
 555:Drivers/STM32F7xx_HAL_Driver/Src/stm32f7xx_hal_eth.c ****         break;
 556:Drivers/STM32F7xx_HAL_Driver/Src/stm32f7xx_hal_eth.c **** 
 557:Drivers/STM32F7xx_HAL_Driver/Src/stm32f7xx_hal_eth.c ****       case HAL_ETH_MSPDEINIT_CB_ID :
 558:Drivers/STM32F7xx_HAL_Driver/Src/stm32f7xx_hal_eth.c ****         heth->MspDeInitCallback = pCallback;
 559:Drivers/STM32F7xx_HAL_Driver/Src/stm32f7xx_hal_eth.c ****         break;
 560:Drivers/STM32F7xx_HAL_Driver/Src/stm32f7xx_hal_eth.c **** 
 561:Drivers/STM32F7xx_HAL_Driver/Src/stm32f7xx_hal_eth.c ****       default :
 562:Drivers/STM32F7xx_HAL_Driver/Src/stm32f7xx_hal_eth.c ****         /* Update the error code */
 563:Drivers/STM32F7xx_HAL_Driver/Src/stm32f7xx_hal_eth.c ****         heth->ErrorCode |= HAL_ETH_ERROR_INVALID_CALLBACK;
 564:Drivers/STM32F7xx_HAL_Driver/Src/stm32f7xx_hal_eth.c ****         /* Return error status */
 565:Drivers/STM32F7xx_HAL_Driver/Src/stm32f7xx_hal_eth.c ****         status =  HAL_ERROR;
 566:Drivers/STM32F7xx_HAL_Driver/Src/stm32f7xx_hal_eth.c ****         break;
 567:Drivers/STM32F7xx_HAL_Driver/Src/stm32f7xx_hal_eth.c ****     }
 568:Drivers/STM32F7xx_HAL_Driver/Src/stm32f7xx_hal_eth.c ****   }
 569:Drivers/STM32F7xx_HAL_Driver/Src/stm32f7xx_hal_eth.c ****   else
 570:Drivers/STM32F7xx_HAL_Driver/Src/stm32f7xx_hal_eth.c ****   {
 571:Drivers/STM32F7xx_HAL_Driver/Src/stm32f7xx_hal_eth.c ****     /* Update the error code */
 572:Drivers/STM32F7xx_HAL_Driver/Src/stm32f7xx_hal_eth.c ****     heth->ErrorCode |= HAL_ETH_ERROR_INVALID_CALLBACK;
 573:Drivers/STM32F7xx_HAL_Driver/Src/stm32f7xx_hal_eth.c ****     /* Return error status */
 574:Drivers/STM32F7xx_HAL_Driver/Src/stm32f7xx_hal_eth.c ****     status =  HAL_ERROR;
 575:Drivers/STM32F7xx_HAL_Driver/Src/stm32f7xx_hal_eth.c ****   }
 576:Drivers/STM32F7xx_HAL_Driver/Src/stm32f7xx_hal_eth.c **** 
 577:Drivers/STM32F7xx_HAL_Driver/Src/stm32f7xx_hal_eth.c ****   return status;
 578:Drivers/STM32F7xx_HAL_Driver/Src/stm32f7xx_hal_eth.c **** }
 579:Drivers/STM32F7xx_HAL_Driver/Src/stm32f7xx_hal_eth.c **** 
 580:Drivers/STM32F7xx_HAL_Driver/Src/stm32f7xx_hal_eth.c **** /**
 581:Drivers/STM32F7xx_HAL_Driver/Src/stm32f7xx_hal_eth.c ****   * @brief  Unregister an ETH Callback
 582:Drivers/STM32F7xx_HAL_Driver/Src/stm32f7xx_hal_eth.c ****   *         ETH callabck is redirected to the weak predefined callback
 583:Drivers/STM32F7xx_HAL_Driver/Src/stm32f7xx_hal_eth.c ****   * @param heth eth handle
 584:Drivers/STM32F7xx_HAL_Driver/Src/stm32f7xx_hal_eth.c ****   * @param CallbackID ID of the callback to be unregistered
 585:Drivers/STM32F7xx_HAL_Driver/Src/stm32f7xx_hal_eth.c ****   *        This parameter can be one of the following values:
 586:Drivers/STM32F7xx_HAL_Driver/Src/stm32f7xx_hal_eth.c ****   *          @arg @ref HAL_ETH_TX_COMPLETE_CB_ID Tx Complete Callback ID
 587:Drivers/STM32F7xx_HAL_Driver/Src/stm32f7xx_hal_eth.c ****   *          @arg @ref HAL_ETH_RX_COMPLETE_CB_ID Rx Complete Callback ID
 588:Drivers/STM32F7xx_HAL_Driver/Src/stm32f7xx_hal_eth.c ****   *          @arg @ref HAL_ETH_ERROR_CB_ID       Error Callback ID
 589:Drivers/STM32F7xx_HAL_Driver/Src/stm32f7xx_hal_eth.c ****   *          @arg @ref HAL_ETH_PMT_CB_ID         Power Management Callback ID
 590:Drivers/STM32F7xx_HAL_Driver/Src/stm32f7xx_hal_eth.c ****   *          @arg @ref HAL_ETH_WAKEUP_CB_ID      Wake UP Callback ID
 591:Drivers/STM32F7xx_HAL_Driver/Src/stm32f7xx_hal_eth.c ****   *          @arg @ref HAL_ETH_MSPINIT_CB_ID     MspInit callback ID
 592:Drivers/STM32F7xx_HAL_Driver/Src/stm32f7xx_hal_eth.c ****   *          @arg @ref HAL_ETH_MSPDEINIT_CB_ID   MspDeInit callback ID
 593:Drivers/STM32F7xx_HAL_Driver/Src/stm32f7xx_hal_eth.c ****   * @retval status
 594:Drivers/STM32F7xx_HAL_Driver/Src/stm32f7xx_hal_eth.c ****   */
 595:Drivers/STM32F7xx_HAL_Driver/Src/stm32f7xx_hal_eth.c **** HAL_StatusTypeDef HAL_ETH_UnRegisterCallback(ETH_HandleTypeDef *heth, HAL_ETH_CallbackIDTypeDef Cal
 596:Drivers/STM32F7xx_HAL_Driver/Src/stm32f7xx_hal_eth.c **** {
 597:Drivers/STM32F7xx_HAL_Driver/Src/stm32f7xx_hal_eth.c ****   HAL_StatusTypeDef status = HAL_OK;
 598:Drivers/STM32F7xx_HAL_Driver/Src/stm32f7xx_hal_eth.c **** 
 599:Drivers/STM32F7xx_HAL_Driver/Src/stm32f7xx_hal_eth.c ****   if (heth->gState == HAL_ETH_STATE_READY)
 600:Drivers/STM32F7xx_HAL_Driver/Src/stm32f7xx_hal_eth.c ****   {
ARM GAS  /tmp/ccQ4qZLu.s 			page 12


 601:Drivers/STM32F7xx_HAL_Driver/Src/stm32f7xx_hal_eth.c ****     switch (CallbackID)
 602:Drivers/STM32F7xx_HAL_Driver/Src/stm32f7xx_hal_eth.c ****     {
 603:Drivers/STM32F7xx_HAL_Driver/Src/stm32f7xx_hal_eth.c ****       case HAL_ETH_TX_COMPLETE_CB_ID :
 604:Drivers/STM32F7xx_HAL_Driver/Src/stm32f7xx_hal_eth.c ****         heth->TxCpltCallback = HAL_ETH_TxCpltCallback;
 605:Drivers/STM32F7xx_HAL_Driver/Src/stm32f7xx_hal_eth.c ****         break;
 606:Drivers/STM32F7xx_HAL_Driver/Src/stm32f7xx_hal_eth.c **** 
 607:Drivers/STM32F7xx_HAL_Driver/Src/stm32f7xx_hal_eth.c ****       case HAL_ETH_RX_COMPLETE_CB_ID :
 608:Drivers/STM32F7xx_HAL_Driver/Src/stm32f7xx_hal_eth.c ****         heth->RxCpltCallback = HAL_ETH_RxCpltCallback;
 609:Drivers/STM32F7xx_HAL_Driver/Src/stm32f7xx_hal_eth.c ****         break;
 610:Drivers/STM32F7xx_HAL_Driver/Src/stm32f7xx_hal_eth.c **** 
 611:Drivers/STM32F7xx_HAL_Driver/Src/stm32f7xx_hal_eth.c ****       case HAL_ETH_ERROR_CB_ID :
 612:Drivers/STM32F7xx_HAL_Driver/Src/stm32f7xx_hal_eth.c ****         heth->ErrorCallback = HAL_ETH_ErrorCallback;
 613:Drivers/STM32F7xx_HAL_Driver/Src/stm32f7xx_hal_eth.c ****         break;
 614:Drivers/STM32F7xx_HAL_Driver/Src/stm32f7xx_hal_eth.c **** 
 615:Drivers/STM32F7xx_HAL_Driver/Src/stm32f7xx_hal_eth.c ****       case HAL_ETH_PMT_CB_ID :
 616:Drivers/STM32F7xx_HAL_Driver/Src/stm32f7xx_hal_eth.c ****         heth->PMTCallback = HAL_ETH_PMTCallback;
 617:Drivers/STM32F7xx_HAL_Driver/Src/stm32f7xx_hal_eth.c ****         break;
 618:Drivers/STM32F7xx_HAL_Driver/Src/stm32f7xx_hal_eth.c **** 
 619:Drivers/STM32F7xx_HAL_Driver/Src/stm32f7xx_hal_eth.c **** 
 620:Drivers/STM32F7xx_HAL_Driver/Src/stm32f7xx_hal_eth.c ****       case HAL_ETH_WAKEUP_CB_ID :
 621:Drivers/STM32F7xx_HAL_Driver/Src/stm32f7xx_hal_eth.c ****         heth->WakeUpCallback = HAL_ETH_WakeUpCallback;
 622:Drivers/STM32F7xx_HAL_Driver/Src/stm32f7xx_hal_eth.c ****         break;
 623:Drivers/STM32F7xx_HAL_Driver/Src/stm32f7xx_hal_eth.c **** 
 624:Drivers/STM32F7xx_HAL_Driver/Src/stm32f7xx_hal_eth.c ****       case HAL_ETH_MSPINIT_CB_ID :
 625:Drivers/STM32F7xx_HAL_Driver/Src/stm32f7xx_hal_eth.c ****         heth->MspInitCallback = HAL_ETH_MspInit;
 626:Drivers/STM32F7xx_HAL_Driver/Src/stm32f7xx_hal_eth.c ****         break;
 627:Drivers/STM32F7xx_HAL_Driver/Src/stm32f7xx_hal_eth.c **** 
 628:Drivers/STM32F7xx_HAL_Driver/Src/stm32f7xx_hal_eth.c ****       case HAL_ETH_MSPDEINIT_CB_ID :
 629:Drivers/STM32F7xx_HAL_Driver/Src/stm32f7xx_hal_eth.c ****         heth->MspDeInitCallback = HAL_ETH_MspDeInit;
 630:Drivers/STM32F7xx_HAL_Driver/Src/stm32f7xx_hal_eth.c ****         break;
 631:Drivers/STM32F7xx_HAL_Driver/Src/stm32f7xx_hal_eth.c **** 
 632:Drivers/STM32F7xx_HAL_Driver/Src/stm32f7xx_hal_eth.c ****       default :
 633:Drivers/STM32F7xx_HAL_Driver/Src/stm32f7xx_hal_eth.c ****         /* Update the error code */
 634:Drivers/STM32F7xx_HAL_Driver/Src/stm32f7xx_hal_eth.c ****         heth->ErrorCode |= HAL_ETH_ERROR_INVALID_CALLBACK;
 635:Drivers/STM32F7xx_HAL_Driver/Src/stm32f7xx_hal_eth.c ****         /* Return error status */
 636:Drivers/STM32F7xx_HAL_Driver/Src/stm32f7xx_hal_eth.c ****         status =  HAL_ERROR;
 637:Drivers/STM32F7xx_HAL_Driver/Src/stm32f7xx_hal_eth.c ****         break;
 638:Drivers/STM32F7xx_HAL_Driver/Src/stm32f7xx_hal_eth.c ****     }
 639:Drivers/STM32F7xx_HAL_Driver/Src/stm32f7xx_hal_eth.c ****   }
 640:Drivers/STM32F7xx_HAL_Driver/Src/stm32f7xx_hal_eth.c ****   else if (heth->gState == HAL_ETH_STATE_RESET)
 641:Drivers/STM32F7xx_HAL_Driver/Src/stm32f7xx_hal_eth.c ****   {
 642:Drivers/STM32F7xx_HAL_Driver/Src/stm32f7xx_hal_eth.c ****     switch (CallbackID)
 643:Drivers/STM32F7xx_HAL_Driver/Src/stm32f7xx_hal_eth.c ****     {
 644:Drivers/STM32F7xx_HAL_Driver/Src/stm32f7xx_hal_eth.c ****       case HAL_ETH_MSPINIT_CB_ID :
 645:Drivers/STM32F7xx_HAL_Driver/Src/stm32f7xx_hal_eth.c ****         heth->MspInitCallback = HAL_ETH_MspInit;
 646:Drivers/STM32F7xx_HAL_Driver/Src/stm32f7xx_hal_eth.c ****         break;
 647:Drivers/STM32F7xx_HAL_Driver/Src/stm32f7xx_hal_eth.c **** 
 648:Drivers/STM32F7xx_HAL_Driver/Src/stm32f7xx_hal_eth.c ****       case HAL_ETH_MSPDEINIT_CB_ID :
 649:Drivers/STM32F7xx_HAL_Driver/Src/stm32f7xx_hal_eth.c ****         heth->MspDeInitCallback = HAL_ETH_MspDeInit;
 650:Drivers/STM32F7xx_HAL_Driver/Src/stm32f7xx_hal_eth.c ****         break;
 651:Drivers/STM32F7xx_HAL_Driver/Src/stm32f7xx_hal_eth.c **** 
 652:Drivers/STM32F7xx_HAL_Driver/Src/stm32f7xx_hal_eth.c ****       default :
 653:Drivers/STM32F7xx_HAL_Driver/Src/stm32f7xx_hal_eth.c ****         /* Update the error code */
 654:Drivers/STM32F7xx_HAL_Driver/Src/stm32f7xx_hal_eth.c ****         heth->ErrorCode |= HAL_ETH_ERROR_INVALID_CALLBACK;
 655:Drivers/STM32F7xx_HAL_Driver/Src/stm32f7xx_hal_eth.c ****         /* Return error status */
 656:Drivers/STM32F7xx_HAL_Driver/Src/stm32f7xx_hal_eth.c ****         status =  HAL_ERROR;
 657:Drivers/STM32F7xx_HAL_Driver/Src/stm32f7xx_hal_eth.c ****         break;
ARM GAS  /tmp/ccQ4qZLu.s 			page 13


 658:Drivers/STM32F7xx_HAL_Driver/Src/stm32f7xx_hal_eth.c ****     }
 659:Drivers/STM32F7xx_HAL_Driver/Src/stm32f7xx_hal_eth.c ****   }
 660:Drivers/STM32F7xx_HAL_Driver/Src/stm32f7xx_hal_eth.c ****   else
 661:Drivers/STM32F7xx_HAL_Driver/Src/stm32f7xx_hal_eth.c ****   {
 662:Drivers/STM32F7xx_HAL_Driver/Src/stm32f7xx_hal_eth.c ****     /* Update the error code */
 663:Drivers/STM32F7xx_HAL_Driver/Src/stm32f7xx_hal_eth.c ****     heth->ErrorCode |= HAL_ETH_ERROR_INVALID_CALLBACK;
 664:Drivers/STM32F7xx_HAL_Driver/Src/stm32f7xx_hal_eth.c ****     /* Return error status */
 665:Drivers/STM32F7xx_HAL_Driver/Src/stm32f7xx_hal_eth.c ****     status =  HAL_ERROR;
 666:Drivers/STM32F7xx_HAL_Driver/Src/stm32f7xx_hal_eth.c ****   }
 667:Drivers/STM32F7xx_HAL_Driver/Src/stm32f7xx_hal_eth.c **** 
 668:Drivers/STM32F7xx_HAL_Driver/Src/stm32f7xx_hal_eth.c ****   return status;
 669:Drivers/STM32F7xx_HAL_Driver/Src/stm32f7xx_hal_eth.c **** }
 670:Drivers/STM32F7xx_HAL_Driver/Src/stm32f7xx_hal_eth.c **** #endif /* USE_HAL_ETH_REGISTER_CALLBACKS */
 671:Drivers/STM32F7xx_HAL_Driver/Src/stm32f7xx_hal_eth.c **** 
 672:Drivers/STM32F7xx_HAL_Driver/Src/stm32f7xx_hal_eth.c **** /**
 673:Drivers/STM32F7xx_HAL_Driver/Src/stm32f7xx_hal_eth.c ****   * @}
 674:Drivers/STM32F7xx_HAL_Driver/Src/stm32f7xx_hal_eth.c ****   */
 675:Drivers/STM32F7xx_HAL_Driver/Src/stm32f7xx_hal_eth.c **** 
 676:Drivers/STM32F7xx_HAL_Driver/Src/stm32f7xx_hal_eth.c **** /** @defgroup ETH_Exported_Functions_Group2 IO operation functions
 677:Drivers/STM32F7xx_HAL_Driver/Src/stm32f7xx_hal_eth.c ****   *  @brief ETH Transmit and Receive functions
 678:Drivers/STM32F7xx_HAL_Driver/Src/stm32f7xx_hal_eth.c ****   *
 679:Drivers/STM32F7xx_HAL_Driver/Src/stm32f7xx_hal_eth.c **** @verbatim
 680:Drivers/STM32F7xx_HAL_Driver/Src/stm32f7xx_hal_eth.c ****   ==============================================================================
 681:Drivers/STM32F7xx_HAL_Driver/Src/stm32f7xx_hal_eth.c ****                       ##### IO operation functions #####
 682:Drivers/STM32F7xx_HAL_Driver/Src/stm32f7xx_hal_eth.c ****   ==============================================================================
 683:Drivers/STM32F7xx_HAL_Driver/Src/stm32f7xx_hal_eth.c ****   [..]
 684:Drivers/STM32F7xx_HAL_Driver/Src/stm32f7xx_hal_eth.c ****     This subsection provides a set of functions allowing to manage the ETH
 685:Drivers/STM32F7xx_HAL_Driver/Src/stm32f7xx_hal_eth.c ****     data transfer.
 686:Drivers/STM32F7xx_HAL_Driver/Src/stm32f7xx_hal_eth.c **** 
 687:Drivers/STM32F7xx_HAL_Driver/Src/stm32f7xx_hal_eth.c **** @endverbatim
 688:Drivers/STM32F7xx_HAL_Driver/Src/stm32f7xx_hal_eth.c ****   * @{
 689:Drivers/STM32F7xx_HAL_Driver/Src/stm32f7xx_hal_eth.c ****   */
 690:Drivers/STM32F7xx_HAL_Driver/Src/stm32f7xx_hal_eth.c **** 
 691:Drivers/STM32F7xx_HAL_Driver/Src/stm32f7xx_hal_eth.c **** /**
 692:Drivers/STM32F7xx_HAL_Driver/Src/stm32f7xx_hal_eth.c ****   * @brief  Enables Ethernet MAC and DMA reception and transmission
 693:Drivers/STM32F7xx_HAL_Driver/Src/stm32f7xx_hal_eth.c ****   * @param  heth: pointer to a ETH_HandleTypeDef structure that contains
 694:Drivers/STM32F7xx_HAL_Driver/Src/stm32f7xx_hal_eth.c ****   *         the configuration information for ETHERNET module
 695:Drivers/STM32F7xx_HAL_Driver/Src/stm32f7xx_hal_eth.c ****   * @retval HAL status
 696:Drivers/STM32F7xx_HAL_Driver/Src/stm32f7xx_hal_eth.c ****   */
 697:Drivers/STM32F7xx_HAL_Driver/Src/stm32f7xx_hal_eth.c **** HAL_StatusTypeDef HAL_ETH_Start(ETH_HandleTypeDef *heth)
 698:Drivers/STM32F7xx_HAL_Driver/Src/stm32f7xx_hal_eth.c **** {
 699:Drivers/STM32F7xx_HAL_Driver/Src/stm32f7xx_hal_eth.c ****   uint32_t tmpreg1;
 700:Drivers/STM32F7xx_HAL_Driver/Src/stm32f7xx_hal_eth.c **** 
 701:Drivers/STM32F7xx_HAL_Driver/Src/stm32f7xx_hal_eth.c ****   if (heth->gState == HAL_ETH_STATE_READY)
 702:Drivers/STM32F7xx_HAL_Driver/Src/stm32f7xx_hal_eth.c ****   {
 703:Drivers/STM32F7xx_HAL_Driver/Src/stm32f7xx_hal_eth.c ****     heth->gState = HAL_ETH_STATE_BUSY;
 704:Drivers/STM32F7xx_HAL_Driver/Src/stm32f7xx_hal_eth.c **** 
 705:Drivers/STM32F7xx_HAL_Driver/Src/stm32f7xx_hal_eth.c ****     /* Set nombre of descriptors to build */
 706:Drivers/STM32F7xx_HAL_Driver/Src/stm32f7xx_hal_eth.c ****     heth->RxDescList.RxBuildDescCnt = ETH_RX_DESC_CNT;
 707:Drivers/STM32F7xx_HAL_Driver/Src/stm32f7xx_hal_eth.c **** 
 708:Drivers/STM32F7xx_HAL_Driver/Src/stm32f7xx_hal_eth.c ****     /* Build all descriptors */
 709:Drivers/STM32F7xx_HAL_Driver/Src/stm32f7xx_hal_eth.c ****     ETH_UpdateDescriptor(heth);
 710:Drivers/STM32F7xx_HAL_Driver/Src/stm32f7xx_hal_eth.c **** 
 711:Drivers/STM32F7xx_HAL_Driver/Src/stm32f7xx_hal_eth.c ****     /* Enable the MAC transmission */
 712:Drivers/STM32F7xx_HAL_Driver/Src/stm32f7xx_hal_eth.c ****     SET_BIT(heth->Instance->MACCR, ETH_MACCR_TE);
 713:Drivers/STM32F7xx_HAL_Driver/Src/stm32f7xx_hal_eth.c **** 
 714:Drivers/STM32F7xx_HAL_Driver/Src/stm32f7xx_hal_eth.c ****     /* Wait until the write operation will be taken into account :
ARM GAS  /tmp/ccQ4qZLu.s 			page 14


 715:Drivers/STM32F7xx_HAL_Driver/Src/stm32f7xx_hal_eth.c ****     at least four TX_CLK/RX_CLK clock cycles */
 716:Drivers/STM32F7xx_HAL_Driver/Src/stm32f7xx_hal_eth.c ****     tmpreg1 = (heth->Instance)->MACCR;
 717:Drivers/STM32F7xx_HAL_Driver/Src/stm32f7xx_hal_eth.c ****     HAL_Delay(ETH_REG_WRITE_DELAY);
 718:Drivers/STM32F7xx_HAL_Driver/Src/stm32f7xx_hal_eth.c ****     (heth->Instance)->MACCR = tmpreg1;
 719:Drivers/STM32F7xx_HAL_Driver/Src/stm32f7xx_hal_eth.c **** 
 720:Drivers/STM32F7xx_HAL_Driver/Src/stm32f7xx_hal_eth.c ****     /* Enable the MAC reception */
 721:Drivers/STM32F7xx_HAL_Driver/Src/stm32f7xx_hal_eth.c ****     SET_BIT(heth->Instance->MACCR, ETH_MACCR_RE);
 722:Drivers/STM32F7xx_HAL_Driver/Src/stm32f7xx_hal_eth.c **** 
 723:Drivers/STM32F7xx_HAL_Driver/Src/stm32f7xx_hal_eth.c ****     /* Wait until the write operation will be taken into account :
 724:Drivers/STM32F7xx_HAL_Driver/Src/stm32f7xx_hal_eth.c ****     at least four TX_CLK/RX_CLK clock cycles */
 725:Drivers/STM32F7xx_HAL_Driver/Src/stm32f7xx_hal_eth.c ****     tmpreg1 = (heth->Instance)->MACCR;
 726:Drivers/STM32F7xx_HAL_Driver/Src/stm32f7xx_hal_eth.c ****     HAL_Delay(ETH_REG_WRITE_DELAY);
 727:Drivers/STM32F7xx_HAL_Driver/Src/stm32f7xx_hal_eth.c ****     (heth->Instance)->MACCR = tmpreg1;
 728:Drivers/STM32F7xx_HAL_Driver/Src/stm32f7xx_hal_eth.c **** 
 729:Drivers/STM32F7xx_HAL_Driver/Src/stm32f7xx_hal_eth.c ****     /* Flush Transmit FIFO */
 730:Drivers/STM32F7xx_HAL_Driver/Src/stm32f7xx_hal_eth.c ****     ETH_FlushTransmitFIFO(heth);
 731:Drivers/STM32F7xx_HAL_Driver/Src/stm32f7xx_hal_eth.c **** 
 732:Drivers/STM32F7xx_HAL_Driver/Src/stm32f7xx_hal_eth.c ****     /* Enable the DMA transmission */
 733:Drivers/STM32F7xx_HAL_Driver/Src/stm32f7xx_hal_eth.c ****     SET_BIT(heth->Instance->DMAOMR, ETH_DMAOMR_ST);
 734:Drivers/STM32F7xx_HAL_Driver/Src/stm32f7xx_hal_eth.c **** 
 735:Drivers/STM32F7xx_HAL_Driver/Src/stm32f7xx_hal_eth.c ****     /* Enable the DMA reception */
 736:Drivers/STM32F7xx_HAL_Driver/Src/stm32f7xx_hal_eth.c ****     SET_BIT(heth->Instance->DMAOMR, ETH_DMAOMR_SR);
 737:Drivers/STM32F7xx_HAL_Driver/Src/stm32f7xx_hal_eth.c **** 
 738:Drivers/STM32F7xx_HAL_Driver/Src/stm32f7xx_hal_eth.c ****     heth->gState = HAL_ETH_STATE_STARTED;
 739:Drivers/STM32F7xx_HAL_Driver/Src/stm32f7xx_hal_eth.c **** 
 740:Drivers/STM32F7xx_HAL_Driver/Src/stm32f7xx_hal_eth.c ****     return HAL_OK;
 741:Drivers/STM32F7xx_HAL_Driver/Src/stm32f7xx_hal_eth.c ****   }
 742:Drivers/STM32F7xx_HAL_Driver/Src/stm32f7xx_hal_eth.c ****   else
 743:Drivers/STM32F7xx_HAL_Driver/Src/stm32f7xx_hal_eth.c ****   {
 744:Drivers/STM32F7xx_HAL_Driver/Src/stm32f7xx_hal_eth.c ****     return HAL_ERROR;
 745:Drivers/STM32F7xx_HAL_Driver/Src/stm32f7xx_hal_eth.c ****   }
 746:Drivers/STM32F7xx_HAL_Driver/Src/stm32f7xx_hal_eth.c **** }
 747:Drivers/STM32F7xx_HAL_Driver/Src/stm32f7xx_hal_eth.c **** 
 748:Drivers/STM32F7xx_HAL_Driver/Src/stm32f7xx_hal_eth.c **** /**
 749:Drivers/STM32F7xx_HAL_Driver/Src/stm32f7xx_hal_eth.c ****   * @brief  Enables Ethernet MAC and DMA reception/transmission in Interrupt mode
 750:Drivers/STM32F7xx_HAL_Driver/Src/stm32f7xx_hal_eth.c ****   * @param  heth: pointer to a ETH_HandleTypeDef structure that contains
 751:Drivers/STM32F7xx_HAL_Driver/Src/stm32f7xx_hal_eth.c ****   *         the configuration information for ETHERNET module
 752:Drivers/STM32F7xx_HAL_Driver/Src/stm32f7xx_hal_eth.c ****   * @retval HAL status
 753:Drivers/STM32F7xx_HAL_Driver/Src/stm32f7xx_hal_eth.c ****   */
 754:Drivers/STM32F7xx_HAL_Driver/Src/stm32f7xx_hal_eth.c **** HAL_StatusTypeDef HAL_ETH_Start_IT(ETH_HandleTypeDef *heth)
 755:Drivers/STM32F7xx_HAL_Driver/Src/stm32f7xx_hal_eth.c **** {
 756:Drivers/STM32F7xx_HAL_Driver/Src/stm32f7xx_hal_eth.c ****   uint32_t tmpreg1;
 757:Drivers/STM32F7xx_HAL_Driver/Src/stm32f7xx_hal_eth.c **** 
 758:Drivers/STM32F7xx_HAL_Driver/Src/stm32f7xx_hal_eth.c ****   if (heth->gState == HAL_ETH_STATE_READY)
 759:Drivers/STM32F7xx_HAL_Driver/Src/stm32f7xx_hal_eth.c ****   {
 760:Drivers/STM32F7xx_HAL_Driver/Src/stm32f7xx_hal_eth.c ****     heth->gState = HAL_ETH_STATE_BUSY;
 761:Drivers/STM32F7xx_HAL_Driver/Src/stm32f7xx_hal_eth.c **** 
 762:Drivers/STM32F7xx_HAL_Driver/Src/stm32f7xx_hal_eth.c ****     /* save IT mode to ETH Handle */
 763:Drivers/STM32F7xx_HAL_Driver/Src/stm32f7xx_hal_eth.c ****     heth->RxDescList.ItMode = 1U;
 764:Drivers/STM32F7xx_HAL_Driver/Src/stm32f7xx_hal_eth.c ****     /* Disable MMC Interrupts */
 765:Drivers/STM32F7xx_HAL_Driver/Src/stm32f7xx_hal_eth.c ****     SET_BIT(heth->Instance->MACIMR, ETH_MACIMR_TSTIM | ETH_MACIMR_PMTIM);
 766:Drivers/STM32F7xx_HAL_Driver/Src/stm32f7xx_hal_eth.c **** 
 767:Drivers/STM32F7xx_HAL_Driver/Src/stm32f7xx_hal_eth.c ****     /* Disable Rx MMC Interrupts */
 768:Drivers/STM32F7xx_HAL_Driver/Src/stm32f7xx_hal_eth.c ****     SET_BIT(heth->Instance->MMCRIMR, ETH_MMCRIMR_RGUFM | ETH_MMCRIMR_RFAEM | \
 769:Drivers/STM32F7xx_HAL_Driver/Src/stm32f7xx_hal_eth.c ****             ETH_MMCRIMR_RFCEM);
 770:Drivers/STM32F7xx_HAL_Driver/Src/stm32f7xx_hal_eth.c **** 
 771:Drivers/STM32F7xx_HAL_Driver/Src/stm32f7xx_hal_eth.c ****     /* Disable Tx MMC Interrupts */
ARM GAS  /tmp/ccQ4qZLu.s 			page 15


 772:Drivers/STM32F7xx_HAL_Driver/Src/stm32f7xx_hal_eth.c ****     SET_BIT(heth->Instance->MMCTIMR, ETH_MMCTIMR_TGFM | ETH_MMCTIMR_TGFMSCM | \
 773:Drivers/STM32F7xx_HAL_Driver/Src/stm32f7xx_hal_eth.c ****             ETH_MMCTIMR_TGFSCM);
 774:Drivers/STM32F7xx_HAL_Driver/Src/stm32f7xx_hal_eth.c **** 
 775:Drivers/STM32F7xx_HAL_Driver/Src/stm32f7xx_hal_eth.c ****     /* Set nombre of descriptors to build */
 776:Drivers/STM32F7xx_HAL_Driver/Src/stm32f7xx_hal_eth.c ****     heth->RxDescList.RxBuildDescCnt = ETH_RX_DESC_CNT;
 777:Drivers/STM32F7xx_HAL_Driver/Src/stm32f7xx_hal_eth.c **** 
 778:Drivers/STM32F7xx_HAL_Driver/Src/stm32f7xx_hal_eth.c ****     /* Build all descriptors */
 779:Drivers/STM32F7xx_HAL_Driver/Src/stm32f7xx_hal_eth.c ****     ETH_UpdateDescriptor(heth);
 780:Drivers/STM32F7xx_HAL_Driver/Src/stm32f7xx_hal_eth.c **** 
 781:Drivers/STM32F7xx_HAL_Driver/Src/stm32f7xx_hal_eth.c ****     /* Enable the MAC transmission */
 782:Drivers/STM32F7xx_HAL_Driver/Src/stm32f7xx_hal_eth.c ****     SET_BIT(heth->Instance->MACCR, ETH_MACCR_TE);
 783:Drivers/STM32F7xx_HAL_Driver/Src/stm32f7xx_hal_eth.c **** 
 784:Drivers/STM32F7xx_HAL_Driver/Src/stm32f7xx_hal_eth.c ****     /* Wait until the write operation will be taken into account :
 785:Drivers/STM32F7xx_HAL_Driver/Src/stm32f7xx_hal_eth.c ****     at least four TX_CLK/RX_CLK clock cycles */
 786:Drivers/STM32F7xx_HAL_Driver/Src/stm32f7xx_hal_eth.c ****     tmpreg1 = (heth->Instance)->MACCR;
 787:Drivers/STM32F7xx_HAL_Driver/Src/stm32f7xx_hal_eth.c ****     HAL_Delay(ETH_REG_WRITE_DELAY);
 788:Drivers/STM32F7xx_HAL_Driver/Src/stm32f7xx_hal_eth.c ****     (heth->Instance)->MACCR = tmpreg1;
 789:Drivers/STM32F7xx_HAL_Driver/Src/stm32f7xx_hal_eth.c **** 
 790:Drivers/STM32F7xx_HAL_Driver/Src/stm32f7xx_hal_eth.c ****     /* Enable the MAC reception */
 791:Drivers/STM32F7xx_HAL_Driver/Src/stm32f7xx_hal_eth.c ****     SET_BIT(heth->Instance->MACCR, ETH_MACCR_RE);
 792:Drivers/STM32F7xx_HAL_Driver/Src/stm32f7xx_hal_eth.c **** 
 793:Drivers/STM32F7xx_HAL_Driver/Src/stm32f7xx_hal_eth.c ****     /* Wait until the write operation will be taken into account :
 794:Drivers/STM32F7xx_HAL_Driver/Src/stm32f7xx_hal_eth.c ****     at least four TX_CLK/RX_CLK clock cycles */
 795:Drivers/STM32F7xx_HAL_Driver/Src/stm32f7xx_hal_eth.c ****     tmpreg1 = (heth->Instance)->MACCR;
 796:Drivers/STM32F7xx_HAL_Driver/Src/stm32f7xx_hal_eth.c ****     HAL_Delay(ETH_REG_WRITE_DELAY);
 797:Drivers/STM32F7xx_HAL_Driver/Src/stm32f7xx_hal_eth.c ****     (heth->Instance)->MACCR = tmpreg1;
 798:Drivers/STM32F7xx_HAL_Driver/Src/stm32f7xx_hal_eth.c **** 
 799:Drivers/STM32F7xx_HAL_Driver/Src/stm32f7xx_hal_eth.c ****     /* Flush Transmit FIFO */
 800:Drivers/STM32F7xx_HAL_Driver/Src/stm32f7xx_hal_eth.c ****     ETH_FlushTransmitFIFO(heth);
 801:Drivers/STM32F7xx_HAL_Driver/Src/stm32f7xx_hal_eth.c **** 
 802:Drivers/STM32F7xx_HAL_Driver/Src/stm32f7xx_hal_eth.c ****     /* Enable the DMA transmission */
 803:Drivers/STM32F7xx_HAL_Driver/Src/stm32f7xx_hal_eth.c ****     SET_BIT(heth->Instance->DMAOMR, ETH_DMAOMR_ST);
 804:Drivers/STM32F7xx_HAL_Driver/Src/stm32f7xx_hal_eth.c **** 
 805:Drivers/STM32F7xx_HAL_Driver/Src/stm32f7xx_hal_eth.c ****     /* Enable the DMA reception */
 806:Drivers/STM32F7xx_HAL_Driver/Src/stm32f7xx_hal_eth.c ****     SET_BIT(heth->Instance->DMAOMR, ETH_DMAOMR_SR);
 807:Drivers/STM32F7xx_HAL_Driver/Src/stm32f7xx_hal_eth.c **** 
 808:Drivers/STM32F7xx_HAL_Driver/Src/stm32f7xx_hal_eth.c ****     /* Enable ETH DMA interrupts:
 809:Drivers/STM32F7xx_HAL_Driver/Src/stm32f7xx_hal_eth.c ****     - Tx complete interrupt
 810:Drivers/STM32F7xx_HAL_Driver/Src/stm32f7xx_hal_eth.c ****     - Rx complete interrupt
 811:Drivers/STM32F7xx_HAL_Driver/Src/stm32f7xx_hal_eth.c ****     - Fatal bus interrupt
 812:Drivers/STM32F7xx_HAL_Driver/Src/stm32f7xx_hal_eth.c ****     */
 813:Drivers/STM32F7xx_HAL_Driver/Src/stm32f7xx_hal_eth.c ****     __HAL_ETH_DMA_ENABLE_IT(heth, (ETH_DMAIER_NISE | ETH_DMAIER_RIE | ETH_DMAIER_TIE  |
 814:Drivers/STM32F7xx_HAL_Driver/Src/stm32f7xx_hal_eth.c ****                                    ETH_DMAIER_FBEIE | ETH_DMAIER_AISE | ETH_DMAIER_RBUIE));
 815:Drivers/STM32F7xx_HAL_Driver/Src/stm32f7xx_hal_eth.c **** 
 816:Drivers/STM32F7xx_HAL_Driver/Src/stm32f7xx_hal_eth.c ****     heth->gState = HAL_ETH_STATE_STARTED;
 817:Drivers/STM32F7xx_HAL_Driver/Src/stm32f7xx_hal_eth.c ****     return HAL_OK;
 818:Drivers/STM32F7xx_HAL_Driver/Src/stm32f7xx_hal_eth.c ****   }
 819:Drivers/STM32F7xx_HAL_Driver/Src/stm32f7xx_hal_eth.c ****   else
 820:Drivers/STM32F7xx_HAL_Driver/Src/stm32f7xx_hal_eth.c ****   {
 821:Drivers/STM32F7xx_HAL_Driver/Src/stm32f7xx_hal_eth.c ****     return HAL_ERROR;
 822:Drivers/STM32F7xx_HAL_Driver/Src/stm32f7xx_hal_eth.c ****   }
 823:Drivers/STM32F7xx_HAL_Driver/Src/stm32f7xx_hal_eth.c **** }
 824:Drivers/STM32F7xx_HAL_Driver/Src/stm32f7xx_hal_eth.c **** 
 825:Drivers/STM32F7xx_HAL_Driver/Src/stm32f7xx_hal_eth.c **** /**
 826:Drivers/STM32F7xx_HAL_Driver/Src/stm32f7xx_hal_eth.c ****   * @brief  Stop Ethernet MAC and DMA reception/transmission
 827:Drivers/STM32F7xx_HAL_Driver/Src/stm32f7xx_hal_eth.c ****   * @param  heth: pointer to a ETH_HandleTypeDef structure that contains
 828:Drivers/STM32F7xx_HAL_Driver/Src/stm32f7xx_hal_eth.c ****   *         the configuration information for ETHERNET module
ARM GAS  /tmp/ccQ4qZLu.s 			page 16


 829:Drivers/STM32F7xx_HAL_Driver/Src/stm32f7xx_hal_eth.c ****   * @retval HAL status
 830:Drivers/STM32F7xx_HAL_Driver/Src/stm32f7xx_hal_eth.c ****   */
 831:Drivers/STM32F7xx_HAL_Driver/Src/stm32f7xx_hal_eth.c **** HAL_StatusTypeDef HAL_ETH_Stop(ETH_HandleTypeDef *heth)
 832:Drivers/STM32F7xx_HAL_Driver/Src/stm32f7xx_hal_eth.c **** {
 833:Drivers/STM32F7xx_HAL_Driver/Src/stm32f7xx_hal_eth.c ****   uint32_t tmpreg1;
 834:Drivers/STM32F7xx_HAL_Driver/Src/stm32f7xx_hal_eth.c **** 
 835:Drivers/STM32F7xx_HAL_Driver/Src/stm32f7xx_hal_eth.c ****   if (heth->gState == HAL_ETH_STATE_STARTED)
 836:Drivers/STM32F7xx_HAL_Driver/Src/stm32f7xx_hal_eth.c ****   {
 837:Drivers/STM32F7xx_HAL_Driver/Src/stm32f7xx_hal_eth.c ****     /* Set the ETH peripheral state to BUSY */
 838:Drivers/STM32F7xx_HAL_Driver/Src/stm32f7xx_hal_eth.c ****     heth->gState = HAL_ETH_STATE_BUSY;
 839:Drivers/STM32F7xx_HAL_Driver/Src/stm32f7xx_hal_eth.c ****     /* Disable the DMA transmission */
 840:Drivers/STM32F7xx_HAL_Driver/Src/stm32f7xx_hal_eth.c ****     CLEAR_BIT(heth->Instance->DMAOMR, ETH_DMAOMR_ST);
 841:Drivers/STM32F7xx_HAL_Driver/Src/stm32f7xx_hal_eth.c **** 
 842:Drivers/STM32F7xx_HAL_Driver/Src/stm32f7xx_hal_eth.c ****     /* Disable the DMA reception */
 843:Drivers/STM32F7xx_HAL_Driver/Src/stm32f7xx_hal_eth.c ****     CLEAR_BIT(heth->Instance->DMAOMR, ETH_DMAOMR_SR);
 844:Drivers/STM32F7xx_HAL_Driver/Src/stm32f7xx_hal_eth.c **** 
 845:Drivers/STM32F7xx_HAL_Driver/Src/stm32f7xx_hal_eth.c ****     /* Disable the MAC reception */
 846:Drivers/STM32F7xx_HAL_Driver/Src/stm32f7xx_hal_eth.c ****     CLEAR_BIT(heth->Instance->MACCR, ETH_MACCR_RE);
 847:Drivers/STM32F7xx_HAL_Driver/Src/stm32f7xx_hal_eth.c **** 
 848:Drivers/STM32F7xx_HAL_Driver/Src/stm32f7xx_hal_eth.c ****     /* Wait until the write operation will be taken into account :
 849:Drivers/STM32F7xx_HAL_Driver/Src/stm32f7xx_hal_eth.c ****     at least four TX_CLK/RX_CLK clock cycles */
 850:Drivers/STM32F7xx_HAL_Driver/Src/stm32f7xx_hal_eth.c ****     tmpreg1 = (heth->Instance)->MACCR;
 851:Drivers/STM32F7xx_HAL_Driver/Src/stm32f7xx_hal_eth.c ****     HAL_Delay(ETH_REG_WRITE_DELAY);
 852:Drivers/STM32F7xx_HAL_Driver/Src/stm32f7xx_hal_eth.c ****     (heth->Instance)->MACCR = tmpreg1;
 853:Drivers/STM32F7xx_HAL_Driver/Src/stm32f7xx_hal_eth.c **** 
 854:Drivers/STM32F7xx_HAL_Driver/Src/stm32f7xx_hal_eth.c ****     /* Flush Transmit FIFO */
 855:Drivers/STM32F7xx_HAL_Driver/Src/stm32f7xx_hal_eth.c ****     ETH_FlushTransmitFIFO(heth);
 856:Drivers/STM32F7xx_HAL_Driver/Src/stm32f7xx_hal_eth.c **** 
 857:Drivers/STM32F7xx_HAL_Driver/Src/stm32f7xx_hal_eth.c ****     /* Disable the MAC transmission */
 858:Drivers/STM32F7xx_HAL_Driver/Src/stm32f7xx_hal_eth.c ****     CLEAR_BIT(heth->Instance->MACCR, ETH_MACCR_TE);
 859:Drivers/STM32F7xx_HAL_Driver/Src/stm32f7xx_hal_eth.c **** 
 860:Drivers/STM32F7xx_HAL_Driver/Src/stm32f7xx_hal_eth.c ****     /* Wait until the write operation will be taken into account :
 861:Drivers/STM32F7xx_HAL_Driver/Src/stm32f7xx_hal_eth.c ****     at least four TX_CLK/RX_CLK clock cycles */
 862:Drivers/STM32F7xx_HAL_Driver/Src/stm32f7xx_hal_eth.c ****     tmpreg1 = (heth->Instance)->MACCR;
 863:Drivers/STM32F7xx_HAL_Driver/Src/stm32f7xx_hal_eth.c ****     HAL_Delay(ETH_REG_WRITE_DELAY);
 864:Drivers/STM32F7xx_HAL_Driver/Src/stm32f7xx_hal_eth.c ****     (heth->Instance)->MACCR = tmpreg1;
 865:Drivers/STM32F7xx_HAL_Driver/Src/stm32f7xx_hal_eth.c **** 
 866:Drivers/STM32F7xx_HAL_Driver/Src/stm32f7xx_hal_eth.c ****     heth->gState = HAL_ETH_STATE_READY;
 867:Drivers/STM32F7xx_HAL_Driver/Src/stm32f7xx_hal_eth.c **** 
 868:Drivers/STM32F7xx_HAL_Driver/Src/stm32f7xx_hal_eth.c ****     /* Return function status */
 869:Drivers/STM32F7xx_HAL_Driver/Src/stm32f7xx_hal_eth.c ****     return HAL_OK;
 870:Drivers/STM32F7xx_HAL_Driver/Src/stm32f7xx_hal_eth.c ****   }
 871:Drivers/STM32F7xx_HAL_Driver/Src/stm32f7xx_hal_eth.c ****   else
 872:Drivers/STM32F7xx_HAL_Driver/Src/stm32f7xx_hal_eth.c ****   {
 873:Drivers/STM32F7xx_HAL_Driver/Src/stm32f7xx_hal_eth.c ****     return HAL_ERROR;
 874:Drivers/STM32F7xx_HAL_Driver/Src/stm32f7xx_hal_eth.c ****   }
 875:Drivers/STM32F7xx_HAL_Driver/Src/stm32f7xx_hal_eth.c **** }
 876:Drivers/STM32F7xx_HAL_Driver/Src/stm32f7xx_hal_eth.c **** 
 877:Drivers/STM32F7xx_HAL_Driver/Src/stm32f7xx_hal_eth.c **** /**
 878:Drivers/STM32F7xx_HAL_Driver/Src/stm32f7xx_hal_eth.c ****   * @brief  Stop Ethernet MAC and DMA reception/transmission in Interrupt mode
 879:Drivers/STM32F7xx_HAL_Driver/Src/stm32f7xx_hal_eth.c ****   * @param  heth: pointer to a ETH_HandleTypeDef structure that contains
 880:Drivers/STM32F7xx_HAL_Driver/Src/stm32f7xx_hal_eth.c ****   *         the configuration information for ETHERNET module
 881:Drivers/STM32F7xx_HAL_Driver/Src/stm32f7xx_hal_eth.c ****   * @retval HAL status
 882:Drivers/STM32F7xx_HAL_Driver/Src/stm32f7xx_hal_eth.c ****   */
 883:Drivers/STM32F7xx_HAL_Driver/Src/stm32f7xx_hal_eth.c **** HAL_StatusTypeDef HAL_ETH_Stop_IT(ETH_HandleTypeDef *heth)
 884:Drivers/STM32F7xx_HAL_Driver/Src/stm32f7xx_hal_eth.c **** {
 885:Drivers/STM32F7xx_HAL_Driver/Src/stm32f7xx_hal_eth.c ****   ETH_DMADescTypeDef *dmarxdesc;
ARM GAS  /tmp/ccQ4qZLu.s 			page 17


 886:Drivers/STM32F7xx_HAL_Driver/Src/stm32f7xx_hal_eth.c ****   uint32_t descindex;
 887:Drivers/STM32F7xx_HAL_Driver/Src/stm32f7xx_hal_eth.c ****   uint32_t tmpreg1;
 888:Drivers/STM32F7xx_HAL_Driver/Src/stm32f7xx_hal_eth.c **** 
 889:Drivers/STM32F7xx_HAL_Driver/Src/stm32f7xx_hal_eth.c ****   if (heth->gState == HAL_ETH_STATE_STARTED)
 890:Drivers/STM32F7xx_HAL_Driver/Src/stm32f7xx_hal_eth.c ****   {
 891:Drivers/STM32F7xx_HAL_Driver/Src/stm32f7xx_hal_eth.c ****     /* Set the ETH peripheral state to BUSY */
 892:Drivers/STM32F7xx_HAL_Driver/Src/stm32f7xx_hal_eth.c ****     heth->gState = HAL_ETH_STATE_BUSY;
 893:Drivers/STM32F7xx_HAL_Driver/Src/stm32f7xx_hal_eth.c **** 
 894:Drivers/STM32F7xx_HAL_Driver/Src/stm32f7xx_hal_eth.c ****     __HAL_ETH_DMA_DISABLE_IT(heth, (ETH_DMAIER_NISE | ETH_DMAIER_RIE | ETH_DMAIER_TIE  |
 895:Drivers/STM32F7xx_HAL_Driver/Src/stm32f7xx_hal_eth.c ****                                     ETH_DMAIER_FBEIE | ETH_DMAIER_AISE | ETH_DMAIER_RBUIE));
 896:Drivers/STM32F7xx_HAL_Driver/Src/stm32f7xx_hal_eth.c **** 
 897:Drivers/STM32F7xx_HAL_Driver/Src/stm32f7xx_hal_eth.c ****     /* Disable the DMA transmission */
 898:Drivers/STM32F7xx_HAL_Driver/Src/stm32f7xx_hal_eth.c ****     CLEAR_BIT(heth->Instance->DMAOMR, ETH_DMAOMR_ST);
 899:Drivers/STM32F7xx_HAL_Driver/Src/stm32f7xx_hal_eth.c **** 
 900:Drivers/STM32F7xx_HAL_Driver/Src/stm32f7xx_hal_eth.c ****     /* Disable the DMA reception */
 901:Drivers/STM32F7xx_HAL_Driver/Src/stm32f7xx_hal_eth.c ****     CLEAR_BIT(heth->Instance->DMAOMR, ETH_DMAOMR_SR);
 902:Drivers/STM32F7xx_HAL_Driver/Src/stm32f7xx_hal_eth.c **** 
 903:Drivers/STM32F7xx_HAL_Driver/Src/stm32f7xx_hal_eth.c ****     /* Disable the MAC reception */
 904:Drivers/STM32F7xx_HAL_Driver/Src/stm32f7xx_hal_eth.c ****     CLEAR_BIT(heth->Instance->MACCR, ETH_MACCR_RE);
 905:Drivers/STM32F7xx_HAL_Driver/Src/stm32f7xx_hal_eth.c **** 
 906:Drivers/STM32F7xx_HAL_Driver/Src/stm32f7xx_hal_eth.c ****     /* Wait until the write operation will be taken into account :
 907:Drivers/STM32F7xx_HAL_Driver/Src/stm32f7xx_hal_eth.c ****     at least four TX_CLK/RX_CLK clock cycles */
 908:Drivers/STM32F7xx_HAL_Driver/Src/stm32f7xx_hal_eth.c ****     tmpreg1 = (heth->Instance)->MACCR;
 909:Drivers/STM32F7xx_HAL_Driver/Src/stm32f7xx_hal_eth.c ****     HAL_Delay(ETH_REG_WRITE_DELAY);
 910:Drivers/STM32F7xx_HAL_Driver/Src/stm32f7xx_hal_eth.c ****     (heth->Instance)->MACCR = tmpreg1;
 911:Drivers/STM32F7xx_HAL_Driver/Src/stm32f7xx_hal_eth.c **** 
 912:Drivers/STM32F7xx_HAL_Driver/Src/stm32f7xx_hal_eth.c ****     /* Flush Transmit FIFO */
 913:Drivers/STM32F7xx_HAL_Driver/Src/stm32f7xx_hal_eth.c ****     ETH_FlushTransmitFIFO(heth);
 914:Drivers/STM32F7xx_HAL_Driver/Src/stm32f7xx_hal_eth.c **** 
 915:Drivers/STM32F7xx_HAL_Driver/Src/stm32f7xx_hal_eth.c ****     /* Disable the MAC transmission */
 916:Drivers/STM32F7xx_HAL_Driver/Src/stm32f7xx_hal_eth.c ****     CLEAR_BIT(heth->Instance->MACCR, ETH_MACCR_TE);
 917:Drivers/STM32F7xx_HAL_Driver/Src/stm32f7xx_hal_eth.c **** 
 918:Drivers/STM32F7xx_HAL_Driver/Src/stm32f7xx_hal_eth.c ****     /* Wait until the write operation will be taken into account :
 919:Drivers/STM32F7xx_HAL_Driver/Src/stm32f7xx_hal_eth.c ****     at least four TX_CLK/RX_CLK clock cycles */
 920:Drivers/STM32F7xx_HAL_Driver/Src/stm32f7xx_hal_eth.c ****     tmpreg1 = (heth->Instance)->MACCR;
 921:Drivers/STM32F7xx_HAL_Driver/Src/stm32f7xx_hal_eth.c ****     HAL_Delay(ETH_REG_WRITE_DELAY);
 922:Drivers/STM32F7xx_HAL_Driver/Src/stm32f7xx_hal_eth.c ****     (heth->Instance)->MACCR = tmpreg1;
 923:Drivers/STM32F7xx_HAL_Driver/Src/stm32f7xx_hal_eth.c **** 
 924:Drivers/STM32F7xx_HAL_Driver/Src/stm32f7xx_hal_eth.c ****     /* Clear IOC bit to all Rx descriptors */
 925:Drivers/STM32F7xx_HAL_Driver/Src/stm32f7xx_hal_eth.c ****     for (descindex = 0; descindex < (uint32_t)ETH_RX_DESC_CNT; descindex++)
 926:Drivers/STM32F7xx_HAL_Driver/Src/stm32f7xx_hal_eth.c ****     {
 927:Drivers/STM32F7xx_HAL_Driver/Src/stm32f7xx_hal_eth.c ****       dmarxdesc = (ETH_DMADescTypeDef *)heth->RxDescList.RxDesc[descindex];
 928:Drivers/STM32F7xx_HAL_Driver/Src/stm32f7xx_hal_eth.c ****       SET_BIT(dmarxdesc->DESC1, ETH_DMARXDESC_DIC);
 929:Drivers/STM32F7xx_HAL_Driver/Src/stm32f7xx_hal_eth.c ****     }
 930:Drivers/STM32F7xx_HAL_Driver/Src/stm32f7xx_hal_eth.c **** 
 931:Drivers/STM32F7xx_HAL_Driver/Src/stm32f7xx_hal_eth.c ****     heth->RxDescList.ItMode = 0U;
 932:Drivers/STM32F7xx_HAL_Driver/Src/stm32f7xx_hal_eth.c **** 
 933:Drivers/STM32F7xx_HAL_Driver/Src/stm32f7xx_hal_eth.c ****     heth->gState = HAL_ETH_STATE_READY;
 934:Drivers/STM32F7xx_HAL_Driver/Src/stm32f7xx_hal_eth.c **** 
 935:Drivers/STM32F7xx_HAL_Driver/Src/stm32f7xx_hal_eth.c ****     /* Return function status */
 936:Drivers/STM32F7xx_HAL_Driver/Src/stm32f7xx_hal_eth.c ****     return HAL_OK;
 937:Drivers/STM32F7xx_HAL_Driver/Src/stm32f7xx_hal_eth.c ****   }
 938:Drivers/STM32F7xx_HAL_Driver/Src/stm32f7xx_hal_eth.c ****   else
 939:Drivers/STM32F7xx_HAL_Driver/Src/stm32f7xx_hal_eth.c ****   {
 940:Drivers/STM32F7xx_HAL_Driver/Src/stm32f7xx_hal_eth.c ****     return HAL_ERROR;
 941:Drivers/STM32F7xx_HAL_Driver/Src/stm32f7xx_hal_eth.c ****   }
 942:Drivers/STM32F7xx_HAL_Driver/Src/stm32f7xx_hal_eth.c **** }
ARM GAS  /tmp/ccQ4qZLu.s 			page 18


 943:Drivers/STM32F7xx_HAL_Driver/Src/stm32f7xx_hal_eth.c **** 
 944:Drivers/STM32F7xx_HAL_Driver/Src/stm32f7xx_hal_eth.c **** /**
 945:Drivers/STM32F7xx_HAL_Driver/Src/stm32f7xx_hal_eth.c ****   * @brief  Sends an Ethernet Packet in polling mode.
 946:Drivers/STM32F7xx_HAL_Driver/Src/stm32f7xx_hal_eth.c ****   * @param  heth: pointer to a ETH_HandleTypeDef structure that contains
 947:Drivers/STM32F7xx_HAL_Driver/Src/stm32f7xx_hal_eth.c ****   *         the configuration information for ETHERNET module
 948:Drivers/STM32F7xx_HAL_Driver/Src/stm32f7xx_hal_eth.c ****   * @param  pTxConfig: Hold the configuration of packet to be transmitted
 949:Drivers/STM32F7xx_HAL_Driver/Src/stm32f7xx_hal_eth.c ****   * @param  Timeout: timeout value
 950:Drivers/STM32F7xx_HAL_Driver/Src/stm32f7xx_hal_eth.c ****   * @retval HAL status
 951:Drivers/STM32F7xx_HAL_Driver/Src/stm32f7xx_hal_eth.c ****   */
 952:Drivers/STM32F7xx_HAL_Driver/Src/stm32f7xx_hal_eth.c **** HAL_StatusTypeDef HAL_ETH_Transmit(ETH_HandleTypeDef *heth, ETH_TxPacketConfig *pTxConfig, uint32_t
 953:Drivers/STM32F7xx_HAL_Driver/Src/stm32f7xx_hal_eth.c **** {
 954:Drivers/STM32F7xx_HAL_Driver/Src/stm32f7xx_hal_eth.c ****   uint32_t tickstart;
 955:Drivers/STM32F7xx_HAL_Driver/Src/stm32f7xx_hal_eth.c ****   ETH_DMADescTypeDef *dmatxdesc;
 956:Drivers/STM32F7xx_HAL_Driver/Src/stm32f7xx_hal_eth.c **** 
 957:Drivers/STM32F7xx_HAL_Driver/Src/stm32f7xx_hal_eth.c ****   if (pTxConfig == NULL)
 958:Drivers/STM32F7xx_HAL_Driver/Src/stm32f7xx_hal_eth.c ****   {
 959:Drivers/STM32F7xx_HAL_Driver/Src/stm32f7xx_hal_eth.c ****     heth->ErrorCode |= HAL_ETH_ERROR_PARAM;
 960:Drivers/STM32F7xx_HAL_Driver/Src/stm32f7xx_hal_eth.c ****     return HAL_ERROR;
 961:Drivers/STM32F7xx_HAL_Driver/Src/stm32f7xx_hal_eth.c ****   }
 962:Drivers/STM32F7xx_HAL_Driver/Src/stm32f7xx_hal_eth.c **** 
 963:Drivers/STM32F7xx_HAL_Driver/Src/stm32f7xx_hal_eth.c ****   if (heth->gState == HAL_ETH_STATE_STARTED)
 964:Drivers/STM32F7xx_HAL_Driver/Src/stm32f7xx_hal_eth.c ****   {
 965:Drivers/STM32F7xx_HAL_Driver/Src/stm32f7xx_hal_eth.c ****     /* Config DMA Tx descriptor by Tx Packet info */
 966:Drivers/STM32F7xx_HAL_Driver/Src/stm32f7xx_hal_eth.c ****     if (ETH_Prepare_Tx_Descriptors(heth, pTxConfig, 0) != HAL_ETH_ERROR_NONE)
 967:Drivers/STM32F7xx_HAL_Driver/Src/stm32f7xx_hal_eth.c ****     {
 968:Drivers/STM32F7xx_HAL_Driver/Src/stm32f7xx_hal_eth.c ****       /* Set the ETH error code */
 969:Drivers/STM32F7xx_HAL_Driver/Src/stm32f7xx_hal_eth.c ****       heth->ErrorCode |= HAL_ETH_ERROR_BUSY;
 970:Drivers/STM32F7xx_HAL_Driver/Src/stm32f7xx_hal_eth.c ****       return HAL_ERROR;
 971:Drivers/STM32F7xx_HAL_Driver/Src/stm32f7xx_hal_eth.c ****     }
 972:Drivers/STM32F7xx_HAL_Driver/Src/stm32f7xx_hal_eth.c **** 
 973:Drivers/STM32F7xx_HAL_Driver/Src/stm32f7xx_hal_eth.c ****     /* Ensure completion of descriptor preparation before transmission start */
 974:Drivers/STM32F7xx_HAL_Driver/Src/stm32f7xx_hal_eth.c ****     __DSB();
 975:Drivers/STM32F7xx_HAL_Driver/Src/stm32f7xx_hal_eth.c **** 
 976:Drivers/STM32F7xx_HAL_Driver/Src/stm32f7xx_hal_eth.c ****     dmatxdesc = (ETH_DMADescTypeDef *)(&heth->TxDescList)->TxDesc[heth->TxDescList.CurTxDesc];
 977:Drivers/STM32F7xx_HAL_Driver/Src/stm32f7xx_hal_eth.c **** 
 978:Drivers/STM32F7xx_HAL_Driver/Src/stm32f7xx_hal_eth.c ****     /* Incr current tx desc index */
 979:Drivers/STM32F7xx_HAL_Driver/Src/stm32f7xx_hal_eth.c ****     INCR_TX_DESC_INDEX(heth->TxDescList.CurTxDesc, 1U);
 980:Drivers/STM32F7xx_HAL_Driver/Src/stm32f7xx_hal_eth.c **** 
 981:Drivers/STM32F7xx_HAL_Driver/Src/stm32f7xx_hal_eth.c ****     /* Start transmission */
 982:Drivers/STM32F7xx_HAL_Driver/Src/stm32f7xx_hal_eth.c ****     /* issue a poll command to Tx DMA by writing address of next immediate free descriptor */
 983:Drivers/STM32F7xx_HAL_Driver/Src/stm32f7xx_hal_eth.c ****     WRITE_REG(heth->Instance->DMATPDR, (uint32_t)(heth->TxDescList.TxDesc[heth->TxDescList.CurTxDes
 984:Drivers/STM32F7xx_HAL_Driver/Src/stm32f7xx_hal_eth.c **** 
 985:Drivers/STM32F7xx_HAL_Driver/Src/stm32f7xx_hal_eth.c ****     tickstart = HAL_GetTick();
 986:Drivers/STM32F7xx_HAL_Driver/Src/stm32f7xx_hal_eth.c **** 
 987:Drivers/STM32F7xx_HAL_Driver/Src/stm32f7xx_hal_eth.c ****     /* Wait for data to be transmitted or timeout occurred */
 988:Drivers/STM32F7xx_HAL_Driver/Src/stm32f7xx_hal_eth.c ****     while ((dmatxdesc->DESC0 & ETH_DMATXDESC_OWN) != (uint32_t)RESET)
 989:Drivers/STM32F7xx_HAL_Driver/Src/stm32f7xx_hal_eth.c ****     {
 990:Drivers/STM32F7xx_HAL_Driver/Src/stm32f7xx_hal_eth.c ****       if ((heth->Instance->DMASR & ETH_DMASR_FBES) != (uint32_t)RESET)
 991:Drivers/STM32F7xx_HAL_Driver/Src/stm32f7xx_hal_eth.c ****       {
 992:Drivers/STM32F7xx_HAL_Driver/Src/stm32f7xx_hal_eth.c ****         heth->ErrorCode |= HAL_ETH_ERROR_DMA;
 993:Drivers/STM32F7xx_HAL_Driver/Src/stm32f7xx_hal_eth.c ****         heth->DMAErrorCode = heth->Instance->DMASR;
 994:Drivers/STM32F7xx_HAL_Driver/Src/stm32f7xx_hal_eth.c ****         /* Return function status */
 995:Drivers/STM32F7xx_HAL_Driver/Src/stm32f7xx_hal_eth.c ****         return HAL_ERROR;
 996:Drivers/STM32F7xx_HAL_Driver/Src/stm32f7xx_hal_eth.c ****       }
 997:Drivers/STM32F7xx_HAL_Driver/Src/stm32f7xx_hal_eth.c **** 
 998:Drivers/STM32F7xx_HAL_Driver/Src/stm32f7xx_hal_eth.c ****       /* Check for the Timeout */
 999:Drivers/STM32F7xx_HAL_Driver/Src/stm32f7xx_hal_eth.c ****       if (Timeout != HAL_MAX_DELAY)
ARM GAS  /tmp/ccQ4qZLu.s 			page 19


1000:Drivers/STM32F7xx_HAL_Driver/Src/stm32f7xx_hal_eth.c ****       {
1001:Drivers/STM32F7xx_HAL_Driver/Src/stm32f7xx_hal_eth.c ****         if (((HAL_GetTick() - tickstart) > Timeout) || (Timeout == 0U))
1002:Drivers/STM32F7xx_HAL_Driver/Src/stm32f7xx_hal_eth.c ****         {
1003:Drivers/STM32F7xx_HAL_Driver/Src/stm32f7xx_hal_eth.c ****           heth->ErrorCode |= HAL_ETH_ERROR_TIMEOUT;
1004:Drivers/STM32F7xx_HAL_Driver/Src/stm32f7xx_hal_eth.c ****           /* Clear TX descriptor so that we can proceed */
1005:Drivers/STM32F7xx_HAL_Driver/Src/stm32f7xx_hal_eth.c ****           dmatxdesc->DESC0 = (ETH_DMATXDESC_FS | ETH_DMATXDESC_LS);
1006:Drivers/STM32F7xx_HAL_Driver/Src/stm32f7xx_hal_eth.c ****           return HAL_ERROR;
1007:Drivers/STM32F7xx_HAL_Driver/Src/stm32f7xx_hal_eth.c ****         }
1008:Drivers/STM32F7xx_HAL_Driver/Src/stm32f7xx_hal_eth.c ****       }
1009:Drivers/STM32F7xx_HAL_Driver/Src/stm32f7xx_hal_eth.c ****     }
1010:Drivers/STM32F7xx_HAL_Driver/Src/stm32f7xx_hal_eth.c **** 
1011:Drivers/STM32F7xx_HAL_Driver/Src/stm32f7xx_hal_eth.c ****     /* Return function status */
1012:Drivers/STM32F7xx_HAL_Driver/Src/stm32f7xx_hal_eth.c ****     return HAL_OK;
1013:Drivers/STM32F7xx_HAL_Driver/Src/stm32f7xx_hal_eth.c ****   }
1014:Drivers/STM32F7xx_HAL_Driver/Src/stm32f7xx_hal_eth.c ****   else
1015:Drivers/STM32F7xx_HAL_Driver/Src/stm32f7xx_hal_eth.c ****   {
1016:Drivers/STM32F7xx_HAL_Driver/Src/stm32f7xx_hal_eth.c ****     return HAL_ERROR;
1017:Drivers/STM32F7xx_HAL_Driver/Src/stm32f7xx_hal_eth.c ****   }
1018:Drivers/STM32F7xx_HAL_Driver/Src/stm32f7xx_hal_eth.c **** }
1019:Drivers/STM32F7xx_HAL_Driver/Src/stm32f7xx_hal_eth.c **** 
1020:Drivers/STM32F7xx_HAL_Driver/Src/stm32f7xx_hal_eth.c **** /**
1021:Drivers/STM32F7xx_HAL_Driver/Src/stm32f7xx_hal_eth.c ****   * @brief  Sends an Ethernet Packet in interrupt mode.
1022:Drivers/STM32F7xx_HAL_Driver/Src/stm32f7xx_hal_eth.c ****   * @param  heth: pointer to a ETH_HandleTypeDef structure that contains
1023:Drivers/STM32F7xx_HAL_Driver/Src/stm32f7xx_hal_eth.c ****   *         the configuration information for ETHERNET module
1024:Drivers/STM32F7xx_HAL_Driver/Src/stm32f7xx_hal_eth.c ****   * @param  pTxConfig: Hold the configuration of packet to be transmitted
1025:Drivers/STM32F7xx_HAL_Driver/Src/stm32f7xx_hal_eth.c ****   * @retval HAL status
1026:Drivers/STM32F7xx_HAL_Driver/Src/stm32f7xx_hal_eth.c ****   */
1027:Drivers/STM32F7xx_HAL_Driver/Src/stm32f7xx_hal_eth.c **** HAL_StatusTypeDef HAL_ETH_Transmit_IT(ETH_HandleTypeDef *heth, ETH_TxPacketConfig *pTxConfig)
1028:Drivers/STM32F7xx_HAL_Driver/Src/stm32f7xx_hal_eth.c **** {
1029:Drivers/STM32F7xx_HAL_Driver/Src/stm32f7xx_hal_eth.c ****   if (pTxConfig == NULL)
1030:Drivers/STM32F7xx_HAL_Driver/Src/stm32f7xx_hal_eth.c ****   {
1031:Drivers/STM32F7xx_HAL_Driver/Src/stm32f7xx_hal_eth.c ****     heth->ErrorCode |= HAL_ETH_ERROR_PARAM;
1032:Drivers/STM32F7xx_HAL_Driver/Src/stm32f7xx_hal_eth.c ****     return HAL_ERROR;
1033:Drivers/STM32F7xx_HAL_Driver/Src/stm32f7xx_hal_eth.c ****   }
1034:Drivers/STM32F7xx_HAL_Driver/Src/stm32f7xx_hal_eth.c **** 
1035:Drivers/STM32F7xx_HAL_Driver/Src/stm32f7xx_hal_eth.c ****   if (heth->gState == HAL_ETH_STATE_STARTED)
1036:Drivers/STM32F7xx_HAL_Driver/Src/stm32f7xx_hal_eth.c ****   {
1037:Drivers/STM32F7xx_HAL_Driver/Src/stm32f7xx_hal_eth.c ****     /* Save the packet pointer to release.  */
1038:Drivers/STM32F7xx_HAL_Driver/Src/stm32f7xx_hal_eth.c ****     heth->TxDescList.CurrentPacketAddress = (uint32_t *)pTxConfig->pData;
1039:Drivers/STM32F7xx_HAL_Driver/Src/stm32f7xx_hal_eth.c **** 
1040:Drivers/STM32F7xx_HAL_Driver/Src/stm32f7xx_hal_eth.c ****     /* Config DMA Tx descriptor by Tx Packet info */
1041:Drivers/STM32F7xx_HAL_Driver/Src/stm32f7xx_hal_eth.c ****     if (ETH_Prepare_Tx_Descriptors(heth, pTxConfig, 1) != HAL_ETH_ERROR_NONE)
1042:Drivers/STM32F7xx_HAL_Driver/Src/stm32f7xx_hal_eth.c ****     {
1043:Drivers/STM32F7xx_HAL_Driver/Src/stm32f7xx_hal_eth.c ****       heth->ErrorCode |= HAL_ETH_ERROR_BUSY;
1044:Drivers/STM32F7xx_HAL_Driver/Src/stm32f7xx_hal_eth.c ****       return HAL_ERROR;
1045:Drivers/STM32F7xx_HAL_Driver/Src/stm32f7xx_hal_eth.c ****     }
1046:Drivers/STM32F7xx_HAL_Driver/Src/stm32f7xx_hal_eth.c **** 
1047:Drivers/STM32F7xx_HAL_Driver/Src/stm32f7xx_hal_eth.c ****     /* Ensure completion of descriptor preparation before transmission start */
1048:Drivers/STM32F7xx_HAL_Driver/Src/stm32f7xx_hal_eth.c ****     __DSB();
1049:Drivers/STM32F7xx_HAL_Driver/Src/stm32f7xx_hal_eth.c **** 
1050:Drivers/STM32F7xx_HAL_Driver/Src/stm32f7xx_hal_eth.c ****     /* Incr current tx desc index */
1051:Drivers/STM32F7xx_HAL_Driver/Src/stm32f7xx_hal_eth.c ****     INCR_TX_DESC_INDEX(heth->TxDescList.CurTxDesc, 1U);
1052:Drivers/STM32F7xx_HAL_Driver/Src/stm32f7xx_hal_eth.c **** 
1053:Drivers/STM32F7xx_HAL_Driver/Src/stm32f7xx_hal_eth.c ****     /* Start transmission */
1054:Drivers/STM32F7xx_HAL_Driver/Src/stm32f7xx_hal_eth.c ****     /* issue a poll command to Tx DMA by writing address of next immediate free descriptor */
1055:Drivers/STM32F7xx_HAL_Driver/Src/stm32f7xx_hal_eth.c ****     if (((heth->Instance)->DMASR & ETH_DMASR_TBUS) != (uint32_t)RESET)
1056:Drivers/STM32F7xx_HAL_Driver/Src/stm32f7xx_hal_eth.c ****     {
ARM GAS  /tmp/ccQ4qZLu.s 			page 20


1057:Drivers/STM32F7xx_HAL_Driver/Src/stm32f7xx_hal_eth.c ****       /* Clear TBUS ETHERNET DMA flag */
1058:Drivers/STM32F7xx_HAL_Driver/Src/stm32f7xx_hal_eth.c ****       (heth->Instance)->DMASR = ETH_DMASR_TBUS;
1059:Drivers/STM32F7xx_HAL_Driver/Src/stm32f7xx_hal_eth.c ****       /* Resume DMA transmission*/
1060:Drivers/STM32F7xx_HAL_Driver/Src/stm32f7xx_hal_eth.c ****       (heth->Instance)->DMATPDR = 0U;
1061:Drivers/STM32F7xx_HAL_Driver/Src/stm32f7xx_hal_eth.c ****     }
1062:Drivers/STM32F7xx_HAL_Driver/Src/stm32f7xx_hal_eth.c **** 
1063:Drivers/STM32F7xx_HAL_Driver/Src/stm32f7xx_hal_eth.c ****     return HAL_OK;
1064:Drivers/STM32F7xx_HAL_Driver/Src/stm32f7xx_hal_eth.c **** 
1065:Drivers/STM32F7xx_HAL_Driver/Src/stm32f7xx_hal_eth.c ****   }
1066:Drivers/STM32F7xx_HAL_Driver/Src/stm32f7xx_hal_eth.c ****   else
1067:Drivers/STM32F7xx_HAL_Driver/Src/stm32f7xx_hal_eth.c ****   {
1068:Drivers/STM32F7xx_HAL_Driver/Src/stm32f7xx_hal_eth.c ****     return HAL_ERROR;
1069:Drivers/STM32F7xx_HAL_Driver/Src/stm32f7xx_hal_eth.c ****   }
1070:Drivers/STM32F7xx_HAL_Driver/Src/stm32f7xx_hal_eth.c **** }
1071:Drivers/STM32F7xx_HAL_Driver/Src/stm32f7xx_hal_eth.c **** 
1072:Drivers/STM32F7xx_HAL_Driver/Src/stm32f7xx_hal_eth.c **** /**
1073:Drivers/STM32F7xx_HAL_Driver/Src/stm32f7xx_hal_eth.c ****   * @brief  Read a received packet.
1074:Drivers/STM32F7xx_HAL_Driver/Src/stm32f7xx_hal_eth.c ****   * @param  heth: pointer to a ETH_HandleTypeDef structure that contains
1075:Drivers/STM32F7xx_HAL_Driver/Src/stm32f7xx_hal_eth.c ****   *         the configuration information for ETHERNET module
1076:Drivers/STM32F7xx_HAL_Driver/Src/stm32f7xx_hal_eth.c ****   * @param  pAppBuff: Pointer to an application buffer to receive the packet.
1077:Drivers/STM32F7xx_HAL_Driver/Src/stm32f7xx_hal_eth.c ****   * @retval HAL status
1078:Drivers/STM32F7xx_HAL_Driver/Src/stm32f7xx_hal_eth.c ****   */
1079:Drivers/STM32F7xx_HAL_Driver/Src/stm32f7xx_hal_eth.c **** HAL_StatusTypeDef HAL_ETH_ReadData(ETH_HandleTypeDef *heth, void **pAppBuff)
1080:Drivers/STM32F7xx_HAL_Driver/Src/stm32f7xx_hal_eth.c **** {
1081:Drivers/STM32F7xx_HAL_Driver/Src/stm32f7xx_hal_eth.c ****   uint32_t descidx;
1082:Drivers/STM32F7xx_HAL_Driver/Src/stm32f7xx_hal_eth.c ****   ETH_DMADescTypeDef *dmarxdesc;
1083:Drivers/STM32F7xx_HAL_Driver/Src/stm32f7xx_hal_eth.c ****   uint32_t desccnt = 0U;
1084:Drivers/STM32F7xx_HAL_Driver/Src/stm32f7xx_hal_eth.c ****   uint32_t desccntmax;
1085:Drivers/STM32F7xx_HAL_Driver/Src/stm32f7xx_hal_eth.c ****   uint32_t bufflength;
1086:Drivers/STM32F7xx_HAL_Driver/Src/stm32f7xx_hal_eth.c ****   uint8_t rxdataready = 0U;
1087:Drivers/STM32F7xx_HAL_Driver/Src/stm32f7xx_hal_eth.c **** 
1088:Drivers/STM32F7xx_HAL_Driver/Src/stm32f7xx_hal_eth.c **** 
1089:Drivers/STM32F7xx_HAL_Driver/Src/stm32f7xx_hal_eth.c ****   if (pAppBuff == NULL)
1090:Drivers/STM32F7xx_HAL_Driver/Src/stm32f7xx_hal_eth.c ****   {
1091:Drivers/STM32F7xx_HAL_Driver/Src/stm32f7xx_hal_eth.c ****     heth->ErrorCode |= HAL_ETH_ERROR_PARAM;
1092:Drivers/STM32F7xx_HAL_Driver/Src/stm32f7xx_hal_eth.c ****     return HAL_ERROR;
1093:Drivers/STM32F7xx_HAL_Driver/Src/stm32f7xx_hal_eth.c ****   }
1094:Drivers/STM32F7xx_HAL_Driver/Src/stm32f7xx_hal_eth.c **** 
1095:Drivers/STM32F7xx_HAL_Driver/Src/stm32f7xx_hal_eth.c ****   if (heth->gState != HAL_ETH_STATE_STARTED)
1096:Drivers/STM32F7xx_HAL_Driver/Src/stm32f7xx_hal_eth.c ****   {
1097:Drivers/STM32F7xx_HAL_Driver/Src/stm32f7xx_hal_eth.c ****     return HAL_ERROR;
1098:Drivers/STM32F7xx_HAL_Driver/Src/stm32f7xx_hal_eth.c ****   }
1099:Drivers/STM32F7xx_HAL_Driver/Src/stm32f7xx_hal_eth.c **** 
1100:Drivers/STM32F7xx_HAL_Driver/Src/stm32f7xx_hal_eth.c ****   descidx = heth->RxDescList.RxDescIdx;
1101:Drivers/STM32F7xx_HAL_Driver/Src/stm32f7xx_hal_eth.c ****   dmarxdesc = (ETH_DMADescTypeDef *)heth->RxDescList.RxDesc[descidx];
1102:Drivers/STM32F7xx_HAL_Driver/Src/stm32f7xx_hal_eth.c ****   desccntmax = ETH_RX_DESC_CNT - heth->RxDescList.RxBuildDescCnt;
1103:Drivers/STM32F7xx_HAL_Driver/Src/stm32f7xx_hal_eth.c **** 
1104:Drivers/STM32F7xx_HAL_Driver/Src/stm32f7xx_hal_eth.c ****   /* Check if descriptor is not owned by DMA */
1105:Drivers/STM32F7xx_HAL_Driver/Src/stm32f7xx_hal_eth.c ****   while ((READ_BIT(dmarxdesc->DESC0, ETH_DMARXDESC_OWN) == (uint32_t)RESET) && (desccnt < desccntma
1106:Drivers/STM32F7xx_HAL_Driver/Src/stm32f7xx_hal_eth.c ****          && (rxdataready == 0U))
1107:Drivers/STM32F7xx_HAL_Driver/Src/stm32f7xx_hal_eth.c ****   {
1108:Drivers/STM32F7xx_HAL_Driver/Src/stm32f7xx_hal_eth.c ****     if (READ_BIT(dmarxdesc->DESC0,  ETH_DMARXDESC_LS)  != (uint32_t)RESET)
1109:Drivers/STM32F7xx_HAL_Driver/Src/stm32f7xx_hal_eth.c ****     {
1110:Drivers/STM32F7xx_HAL_Driver/Src/stm32f7xx_hal_eth.c ****       /* Get timestamp high */
1111:Drivers/STM32F7xx_HAL_Driver/Src/stm32f7xx_hal_eth.c ****       heth->RxDescList.TimeStamp.TimeStampHigh = dmarxdesc->DESC6;
1112:Drivers/STM32F7xx_HAL_Driver/Src/stm32f7xx_hal_eth.c ****       /* Get timestamp low */
1113:Drivers/STM32F7xx_HAL_Driver/Src/stm32f7xx_hal_eth.c ****       heth->RxDescList.TimeStamp.TimeStampLow  = dmarxdesc->DESC7;
ARM GAS  /tmp/ccQ4qZLu.s 			page 21


1114:Drivers/STM32F7xx_HAL_Driver/Src/stm32f7xx_hal_eth.c ****     }
1115:Drivers/STM32F7xx_HAL_Driver/Src/stm32f7xx_hal_eth.c ****     if ((READ_BIT(dmarxdesc->DESC0, ETH_DMARXDESC_FS) != (uint32_t)RESET) || (heth->RxDescList.pRxS
1116:Drivers/STM32F7xx_HAL_Driver/Src/stm32f7xx_hal_eth.c ****     {
1117:Drivers/STM32F7xx_HAL_Driver/Src/stm32f7xx_hal_eth.c ****       /* Check first descriptor */
1118:Drivers/STM32F7xx_HAL_Driver/Src/stm32f7xx_hal_eth.c ****       if (READ_BIT(dmarxdesc->DESC0, ETH_DMARXDESC_FS) != (uint32_t)RESET)
1119:Drivers/STM32F7xx_HAL_Driver/Src/stm32f7xx_hal_eth.c ****       {
1120:Drivers/STM32F7xx_HAL_Driver/Src/stm32f7xx_hal_eth.c ****         heth->RxDescList.RxDescCnt = 0;
1121:Drivers/STM32F7xx_HAL_Driver/Src/stm32f7xx_hal_eth.c ****         heth->RxDescList.RxDataLength = 0;
1122:Drivers/STM32F7xx_HAL_Driver/Src/stm32f7xx_hal_eth.c ****       }
1123:Drivers/STM32F7xx_HAL_Driver/Src/stm32f7xx_hal_eth.c **** 
1124:Drivers/STM32F7xx_HAL_Driver/Src/stm32f7xx_hal_eth.c ****       /* Check if last descriptor */
1125:Drivers/STM32F7xx_HAL_Driver/Src/stm32f7xx_hal_eth.c ****       bufflength = heth->Init.RxBuffLen;
1126:Drivers/STM32F7xx_HAL_Driver/Src/stm32f7xx_hal_eth.c ****       if (READ_BIT(dmarxdesc->DESC0, ETH_DMARXDESC_LS) != (uint32_t)RESET)
1127:Drivers/STM32F7xx_HAL_Driver/Src/stm32f7xx_hal_eth.c ****       {
1128:Drivers/STM32F7xx_HAL_Driver/Src/stm32f7xx_hal_eth.c ****         /* Get the Frame Length of the received packet: substruct 4 bytes of the CRC */
1129:Drivers/STM32F7xx_HAL_Driver/Src/stm32f7xx_hal_eth.c ****         bufflength = ((dmarxdesc->DESC0 & ETH_DMARXDESC_FL) >> ETH_DMARXDESC_FRAMELENGTHSHIFT) - 4U
1130:Drivers/STM32F7xx_HAL_Driver/Src/stm32f7xx_hal_eth.c **** 
1131:Drivers/STM32F7xx_HAL_Driver/Src/stm32f7xx_hal_eth.c ****         /* Save Last descriptor index */
1132:Drivers/STM32F7xx_HAL_Driver/Src/stm32f7xx_hal_eth.c ****         heth->RxDescList.pRxLastRxDesc = dmarxdesc->DESC0;
1133:Drivers/STM32F7xx_HAL_Driver/Src/stm32f7xx_hal_eth.c **** 
1134:Drivers/STM32F7xx_HAL_Driver/Src/stm32f7xx_hal_eth.c ****         /* Packet ready */
1135:Drivers/STM32F7xx_HAL_Driver/Src/stm32f7xx_hal_eth.c ****         rxdataready = 1;
1136:Drivers/STM32F7xx_HAL_Driver/Src/stm32f7xx_hal_eth.c ****       }
1137:Drivers/STM32F7xx_HAL_Driver/Src/stm32f7xx_hal_eth.c **** 
1138:Drivers/STM32F7xx_HAL_Driver/Src/stm32f7xx_hal_eth.c ****       /* Link data */
1139:Drivers/STM32F7xx_HAL_Driver/Src/stm32f7xx_hal_eth.c ****       WRITE_REG(dmarxdesc->BackupAddr0, dmarxdesc->DESC2);
1140:Drivers/STM32F7xx_HAL_Driver/Src/stm32f7xx_hal_eth.c **** #if (USE_HAL_ETH_REGISTER_CALLBACKS == 1)
1141:Drivers/STM32F7xx_HAL_Driver/Src/stm32f7xx_hal_eth.c ****       /*Call registered Link callback*/
1142:Drivers/STM32F7xx_HAL_Driver/Src/stm32f7xx_hal_eth.c ****       heth->rxLinkCallback(&heth->RxDescList.pRxStart, &heth->RxDescList.pRxEnd,
1143:Drivers/STM32F7xx_HAL_Driver/Src/stm32f7xx_hal_eth.c ****                            (uint8_t *)dmarxdesc->BackupAddr0, bufflength);
1144:Drivers/STM32F7xx_HAL_Driver/Src/stm32f7xx_hal_eth.c **** #else
1145:Drivers/STM32F7xx_HAL_Driver/Src/stm32f7xx_hal_eth.c ****       /* Link callback */
1146:Drivers/STM32F7xx_HAL_Driver/Src/stm32f7xx_hal_eth.c ****       HAL_ETH_RxLinkCallback(&heth->RxDescList.pRxStart, &heth->RxDescList.pRxEnd,
1147:Drivers/STM32F7xx_HAL_Driver/Src/stm32f7xx_hal_eth.c ****                              (uint8_t *)dmarxdesc->BackupAddr0, (uint16_t) bufflength);
1148:Drivers/STM32F7xx_HAL_Driver/Src/stm32f7xx_hal_eth.c **** #endif  /* USE_HAL_ETH_REGISTER_CALLBACKS */
1149:Drivers/STM32F7xx_HAL_Driver/Src/stm32f7xx_hal_eth.c ****       heth->RxDescList.RxDescCnt++;
1150:Drivers/STM32F7xx_HAL_Driver/Src/stm32f7xx_hal_eth.c ****       heth->RxDescList.RxDataLength += bufflength;
1151:Drivers/STM32F7xx_HAL_Driver/Src/stm32f7xx_hal_eth.c **** 
1152:Drivers/STM32F7xx_HAL_Driver/Src/stm32f7xx_hal_eth.c ****       /* Clear buffer pointer */
1153:Drivers/STM32F7xx_HAL_Driver/Src/stm32f7xx_hal_eth.c ****       dmarxdesc->BackupAddr0 = 0;
1154:Drivers/STM32F7xx_HAL_Driver/Src/stm32f7xx_hal_eth.c ****     }
1155:Drivers/STM32F7xx_HAL_Driver/Src/stm32f7xx_hal_eth.c **** 
1156:Drivers/STM32F7xx_HAL_Driver/Src/stm32f7xx_hal_eth.c ****     /* Increment current rx descriptor index */
1157:Drivers/STM32F7xx_HAL_Driver/Src/stm32f7xx_hal_eth.c ****     INCR_RX_DESC_INDEX(descidx, 1U);
1158:Drivers/STM32F7xx_HAL_Driver/Src/stm32f7xx_hal_eth.c ****     /* Get current descriptor address */
1159:Drivers/STM32F7xx_HAL_Driver/Src/stm32f7xx_hal_eth.c ****     dmarxdesc = (ETH_DMADescTypeDef *)heth->RxDescList.RxDesc[descidx];
1160:Drivers/STM32F7xx_HAL_Driver/Src/stm32f7xx_hal_eth.c ****     desccnt++;
1161:Drivers/STM32F7xx_HAL_Driver/Src/stm32f7xx_hal_eth.c ****   }
1162:Drivers/STM32F7xx_HAL_Driver/Src/stm32f7xx_hal_eth.c **** 
1163:Drivers/STM32F7xx_HAL_Driver/Src/stm32f7xx_hal_eth.c ****   heth->RxDescList.RxBuildDescCnt += desccnt;
1164:Drivers/STM32F7xx_HAL_Driver/Src/stm32f7xx_hal_eth.c ****   if ((heth->RxDescList.RxBuildDescCnt) != 0U)
1165:Drivers/STM32F7xx_HAL_Driver/Src/stm32f7xx_hal_eth.c ****   {
1166:Drivers/STM32F7xx_HAL_Driver/Src/stm32f7xx_hal_eth.c ****     /* Update Descriptors */
1167:Drivers/STM32F7xx_HAL_Driver/Src/stm32f7xx_hal_eth.c ****     ETH_UpdateDescriptor(heth);
1168:Drivers/STM32F7xx_HAL_Driver/Src/stm32f7xx_hal_eth.c ****   }
1169:Drivers/STM32F7xx_HAL_Driver/Src/stm32f7xx_hal_eth.c **** 
1170:Drivers/STM32F7xx_HAL_Driver/Src/stm32f7xx_hal_eth.c ****   heth->RxDescList.RxDescIdx = descidx;
ARM GAS  /tmp/ccQ4qZLu.s 			page 22


1171:Drivers/STM32F7xx_HAL_Driver/Src/stm32f7xx_hal_eth.c **** 
1172:Drivers/STM32F7xx_HAL_Driver/Src/stm32f7xx_hal_eth.c ****   if (rxdataready == 1U)
1173:Drivers/STM32F7xx_HAL_Driver/Src/stm32f7xx_hal_eth.c ****   {
1174:Drivers/STM32F7xx_HAL_Driver/Src/stm32f7xx_hal_eth.c ****     /* Return received packet */
1175:Drivers/STM32F7xx_HAL_Driver/Src/stm32f7xx_hal_eth.c ****     *pAppBuff = heth->RxDescList.pRxStart;
1176:Drivers/STM32F7xx_HAL_Driver/Src/stm32f7xx_hal_eth.c ****     /* Reset first element */
1177:Drivers/STM32F7xx_HAL_Driver/Src/stm32f7xx_hal_eth.c ****     heth->RxDescList.pRxStart = NULL;
1178:Drivers/STM32F7xx_HAL_Driver/Src/stm32f7xx_hal_eth.c **** 
1179:Drivers/STM32F7xx_HAL_Driver/Src/stm32f7xx_hal_eth.c ****     return HAL_OK;
1180:Drivers/STM32F7xx_HAL_Driver/Src/stm32f7xx_hal_eth.c ****   }
1181:Drivers/STM32F7xx_HAL_Driver/Src/stm32f7xx_hal_eth.c **** 
1182:Drivers/STM32F7xx_HAL_Driver/Src/stm32f7xx_hal_eth.c ****   /* Packet not ready */
1183:Drivers/STM32F7xx_HAL_Driver/Src/stm32f7xx_hal_eth.c ****   return HAL_ERROR;
1184:Drivers/STM32F7xx_HAL_Driver/Src/stm32f7xx_hal_eth.c **** }
1185:Drivers/STM32F7xx_HAL_Driver/Src/stm32f7xx_hal_eth.c **** 
1186:Drivers/STM32F7xx_HAL_Driver/Src/stm32f7xx_hal_eth.c **** /**
1187:Drivers/STM32F7xx_HAL_Driver/Src/stm32f7xx_hal_eth.c ****   * @brief  This function gives back Rx Desc of the last received Packet
1188:Drivers/STM32F7xx_HAL_Driver/Src/stm32f7xx_hal_eth.c ****   *         to the DMA, so ETH DMA will be able to use these descriptors
1189:Drivers/STM32F7xx_HAL_Driver/Src/stm32f7xx_hal_eth.c ****   *         to receive next Packets.
1190:Drivers/STM32F7xx_HAL_Driver/Src/stm32f7xx_hal_eth.c ****   * @param  heth: pointer to a ETH_HandleTypeDef structure that contains
1191:Drivers/STM32F7xx_HAL_Driver/Src/stm32f7xx_hal_eth.c ****   *         the configuration information for ETHERNET module
1192:Drivers/STM32F7xx_HAL_Driver/Src/stm32f7xx_hal_eth.c ****   * @retval HAL status
1193:Drivers/STM32F7xx_HAL_Driver/Src/stm32f7xx_hal_eth.c ****   */
1194:Drivers/STM32F7xx_HAL_Driver/Src/stm32f7xx_hal_eth.c **** static void ETH_UpdateDescriptor(ETH_HandleTypeDef *heth)
1195:Drivers/STM32F7xx_HAL_Driver/Src/stm32f7xx_hal_eth.c **** {
1196:Drivers/STM32F7xx_HAL_Driver/Src/stm32f7xx_hal_eth.c ****   uint32_t descidx;
1197:Drivers/STM32F7xx_HAL_Driver/Src/stm32f7xx_hal_eth.c ****   uint32_t desccount;
1198:Drivers/STM32F7xx_HAL_Driver/Src/stm32f7xx_hal_eth.c ****   ETH_DMADescTypeDef *dmarxdesc;
1199:Drivers/STM32F7xx_HAL_Driver/Src/stm32f7xx_hal_eth.c ****   uint8_t *buff = NULL;
1200:Drivers/STM32F7xx_HAL_Driver/Src/stm32f7xx_hal_eth.c ****   uint8_t allocStatus = 1U;
1201:Drivers/STM32F7xx_HAL_Driver/Src/stm32f7xx_hal_eth.c **** 
1202:Drivers/STM32F7xx_HAL_Driver/Src/stm32f7xx_hal_eth.c ****   descidx = heth->RxDescList.RxBuildDescIdx;
1203:Drivers/STM32F7xx_HAL_Driver/Src/stm32f7xx_hal_eth.c ****   dmarxdesc = (ETH_DMADescTypeDef *)heth->RxDescList.RxDesc[descidx];
1204:Drivers/STM32F7xx_HAL_Driver/Src/stm32f7xx_hal_eth.c ****   desccount = heth->RxDescList.RxBuildDescCnt;
1205:Drivers/STM32F7xx_HAL_Driver/Src/stm32f7xx_hal_eth.c **** 
1206:Drivers/STM32F7xx_HAL_Driver/Src/stm32f7xx_hal_eth.c ****   while ((desccount > 0U) && (allocStatus != 0U))
1207:Drivers/STM32F7xx_HAL_Driver/Src/stm32f7xx_hal_eth.c ****   {
1208:Drivers/STM32F7xx_HAL_Driver/Src/stm32f7xx_hal_eth.c ****     /* Check if a buffer's attached the descriptor */
1209:Drivers/STM32F7xx_HAL_Driver/Src/stm32f7xx_hal_eth.c ****     if (READ_REG(dmarxdesc->BackupAddr0) == 0U)
1210:Drivers/STM32F7xx_HAL_Driver/Src/stm32f7xx_hal_eth.c ****     {
1211:Drivers/STM32F7xx_HAL_Driver/Src/stm32f7xx_hal_eth.c ****       /* Get a new buffer. */
1212:Drivers/STM32F7xx_HAL_Driver/Src/stm32f7xx_hal_eth.c **** #if (USE_HAL_ETH_REGISTER_CALLBACKS == 1)
1213:Drivers/STM32F7xx_HAL_Driver/Src/stm32f7xx_hal_eth.c ****       /*Call registered Allocate callback*/
1214:Drivers/STM32F7xx_HAL_Driver/Src/stm32f7xx_hal_eth.c ****       heth->rxAllocateCallback(&buff);
1215:Drivers/STM32F7xx_HAL_Driver/Src/stm32f7xx_hal_eth.c **** #else
1216:Drivers/STM32F7xx_HAL_Driver/Src/stm32f7xx_hal_eth.c ****       /* Allocate callback */
1217:Drivers/STM32F7xx_HAL_Driver/Src/stm32f7xx_hal_eth.c ****       HAL_ETH_RxAllocateCallback(&buff);
1218:Drivers/STM32F7xx_HAL_Driver/Src/stm32f7xx_hal_eth.c **** #endif  /* USE_HAL_ETH_REGISTER_CALLBACKS */
1219:Drivers/STM32F7xx_HAL_Driver/Src/stm32f7xx_hal_eth.c ****       if (buff == NULL)
1220:Drivers/STM32F7xx_HAL_Driver/Src/stm32f7xx_hal_eth.c ****       {
1221:Drivers/STM32F7xx_HAL_Driver/Src/stm32f7xx_hal_eth.c ****         allocStatus = 0U;
1222:Drivers/STM32F7xx_HAL_Driver/Src/stm32f7xx_hal_eth.c ****       }
1223:Drivers/STM32F7xx_HAL_Driver/Src/stm32f7xx_hal_eth.c ****       else
1224:Drivers/STM32F7xx_HAL_Driver/Src/stm32f7xx_hal_eth.c ****       {
1225:Drivers/STM32F7xx_HAL_Driver/Src/stm32f7xx_hal_eth.c ****         WRITE_REG(dmarxdesc->BackupAddr0, (uint32_t)buff);
1226:Drivers/STM32F7xx_HAL_Driver/Src/stm32f7xx_hal_eth.c ****         WRITE_REG(dmarxdesc->DESC2, (uint32_t)buff);
1227:Drivers/STM32F7xx_HAL_Driver/Src/stm32f7xx_hal_eth.c ****       }
ARM GAS  /tmp/ccQ4qZLu.s 			page 23


1228:Drivers/STM32F7xx_HAL_Driver/Src/stm32f7xx_hal_eth.c ****     }
1229:Drivers/STM32F7xx_HAL_Driver/Src/stm32f7xx_hal_eth.c **** 
1230:Drivers/STM32F7xx_HAL_Driver/Src/stm32f7xx_hal_eth.c ****     if (allocStatus != 0U)
1231:Drivers/STM32F7xx_HAL_Driver/Src/stm32f7xx_hal_eth.c ****     {
1232:Drivers/STM32F7xx_HAL_Driver/Src/stm32f7xx_hal_eth.c ****       if (heth->RxDescList.ItMode == 0U)
1233:Drivers/STM32F7xx_HAL_Driver/Src/stm32f7xx_hal_eth.c ****       {
1234:Drivers/STM32F7xx_HAL_Driver/Src/stm32f7xx_hal_eth.c ****         WRITE_REG(dmarxdesc->DESC1, ETH_DMARXDESC_DIC | ETH_RX_BUF_SIZE | ETH_DMARXDESC_RCH);
1235:Drivers/STM32F7xx_HAL_Driver/Src/stm32f7xx_hal_eth.c ****       }
1236:Drivers/STM32F7xx_HAL_Driver/Src/stm32f7xx_hal_eth.c ****       else
1237:Drivers/STM32F7xx_HAL_Driver/Src/stm32f7xx_hal_eth.c ****       {
1238:Drivers/STM32F7xx_HAL_Driver/Src/stm32f7xx_hal_eth.c ****         WRITE_REG(dmarxdesc->DESC1, ETH_RX_BUF_SIZE | ETH_DMARXDESC_RCH);
1239:Drivers/STM32F7xx_HAL_Driver/Src/stm32f7xx_hal_eth.c ****       }
1240:Drivers/STM32F7xx_HAL_Driver/Src/stm32f7xx_hal_eth.c **** 
1241:Drivers/STM32F7xx_HAL_Driver/Src/stm32f7xx_hal_eth.c ****       /* Before transferring the ownership to DMA, make sure that the RX descriptors bits writing
1242:Drivers/STM32F7xx_HAL_Driver/Src/stm32f7xx_hal_eth.c ****          is fully performed.
1243:Drivers/STM32F7xx_HAL_Driver/Src/stm32f7xx_hal_eth.c ****          The __DMB() instruction is added to avoid any potential compiler optimization that
1244:Drivers/STM32F7xx_HAL_Driver/Src/stm32f7xx_hal_eth.c ****          may lead to abnormal behavior. */
1245:Drivers/STM32F7xx_HAL_Driver/Src/stm32f7xx_hal_eth.c ****       __DMB();
1246:Drivers/STM32F7xx_HAL_Driver/Src/stm32f7xx_hal_eth.c **** 
1247:Drivers/STM32F7xx_HAL_Driver/Src/stm32f7xx_hal_eth.c ****       SET_BIT(dmarxdesc->DESC0, ETH_DMARXDESC_OWN);
1248:Drivers/STM32F7xx_HAL_Driver/Src/stm32f7xx_hal_eth.c **** 
1249:Drivers/STM32F7xx_HAL_Driver/Src/stm32f7xx_hal_eth.c ****       /* Increment current rx descriptor index */
1250:Drivers/STM32F7xx_HAL_Driver/Src/stm32f7xx_hal_eth.c ****       INCR_RX_DESC_INDEX(descidx, 1U);
1251:Drivers/STM32F7xx_HAL_Driver/Src/stm32f7xx_hal_eth.c ****       /* Get current descriptor address */
1252:Drivers/STM32F7xx_HAL_Driver/Src/stm32f7xx_hal_eth.c ****       dmarxdesc = (ETH_DMADescTypeDef *)heth->RxDescList.RxDesc[descidx];
1253:Drivers/STM32F7xx_HAL_Driver/Src/stm32f7xx_hal_eth.c ****       desccount--;
1254:Drivers/STM32F7xx_HAL_Driver/Src/stm32f7xx_hal_eth.c ****     }
1255:Drivers/STM32F7xx_HAL_Driver/Src/stm32f7xx_hal_eth.c ****   }
1256:Drivers/STM32F7xx_HAL_Driver/Src/stm32f7xx_hal_eth.c **** 
1257:Drivers/STM32F7xx_HAL_Driver/Src/stm32f7xx_hal_eth.c ****   if (heth->RxDescList.RxBuildDescCnt != desccount)
1258:Drivers/STM32F7xx_HAL_Driver/Src/stm32f7xx_hal_eth.c ****   {
1259:Drivers/STM32F7xx_HAL_Driver/Src/stm32f7xx_hal_eth.c ****     /* Set the Tail pointer address */
1260:Drivers/STM32F7xx_HAL_Driver/Src/stm32f7xx_hal_eth.c ****     WRITE_REG(heth->Instance->DMARPDR, 0);
1261:Drivers/STM32F7xx_HAL_Driver/Src/stm32f7xx_hal_eth.c **** 
1262:Drivers/STM32F7xx_HAL_Driver/Src/stm32f7xx_hal_eth.c ****     heth->RxDescList.RxBuildDescIdx = descidx;
1263:Drivers/STM32F7xx_HAL_Driver/Src/stm32f7xx_hal_eth.c ****     heth->RxDescList.RxBuildDescCnt = desccount;
1264:Drivers/STM32F7xx_HAL_Driver/Src/stm32f7xx_hal_eth.c ****   }
1265:Drivers/STM32F7xx_HAL_Driver/Src/stm32f7xx_hal_eth.c **** }
1266:Drivers/STM32F7xx_HAL_Driver/Src/stm32f7xx_hal_eth.c **** 
1267:Drivers/STM32F7xx_HAL_Driver/Src/stm32f7xx_hal_eth.c **** /**
1268:Drivers/STM32F7xx_HAL_Driver/Src/stm32f7xx_hal_eth.c ****   * @brief  Register the Rx alloc callback.
1269:Drivers/STM32F7xx_HAL_Driver/Src/stm32f7xx_hal_eth.c ****   * @param  heth: pointer to a ETH_HandleTypeDef structure that contains
1270:Drivers/STM32F7xx_HAL_Driver/Src/stm32f7xx_hal_eth.c ****   *         the configuration information for ETHERNET module
1271:Drivers/STM32F7xx_HAL_Driver/Src/stm32f7xx_hal_eth.c ****   * @param  rxAllocateCallback: pointer to function to alloc buffer
1272:Drivers/STM32F7xx_HAL_Driver/Src/stm32f7xx_hal_eth.c ****   * @retval HAL status
1273:Drivers/STM32F7xx_HAL_Driver/Src/stm32f7xx_hal_eth.c ****   */
1274:Drivers/STM32F7xx_HAL_Driver/Src/stm32f7xx_hal_eth.c **** HAL_StatusTypeDef HAL_ETH_RegisterRxAllocateCallback(ETH_HandleTypeDef *heth,
1275:Drivers/STM32F7xx_HAL_Driver/Src/stm32f7xx_hal_eth.c ****                                                      pETH_rxAllocateCallbackTypeDef rxAllocateCallb
1276:Drivers/STM32F7xx_HAL_Driver/Src/stm32f7xx_hal_eth.c **** {
1277:Drivers/STM32F7xx_HAL_Driver/Src/stm32f7xx_hal_eth.c ****   if (rxAllocateCallback == NULL)
1278:Drivers/STM32F7xx_HAL_Driver/Src/stm32f7xx_hal_eth.c ****   {
1279:Drivers/STM32F7xx_HAL_Driver/Src/stm32f7xx_hal_eth.c ****     /* No buffer to save */
1280:Drivers/STM32F7xx_HAL_Driver/Src/stm32f7xx_hal_eth.c ****     return HAL_ERROR;
1281:Drivers/STM32F7xx_HAL_Driver/Src/stm32f7xx_hal_eth.c ****   }
1282:Drivers/STM32F7xx_HAL_Driver/Src/stm32f7xx_hal_eth.c **** 
1283:Drivers/STM32F7xx_HAL_Driver/Src/stm32f7xx_hal_eth.c ****   /* Set function to allocate buffer */
1284:Drivers/STM32F7xx_HAL_Driver/Src/stm32f7xx_hal_eth.c ****   heth->rxAllocateCallback = rxAllocateCallback;
ARM GAS  /tmp/ccQ4qZLu.s 			page 24


1285:Drivers/STM32F7xx_HAL_Driver/Src/stm32f7xx_hal_eth.c **** 
1286:Drivers/STM32F7xx_HAL_Driver/Src/stm32f7xx_hal_eth.c ****   return HAL_OK;
1287:Drivers/STM32F7xx_HAL_Driver/Src/stm32f7xx_hal_eth.c **** }
1288:Drivers/STM32F7xx_HAL_Driver/Src/stm32f7xx_hal_eth.c **** 
1289:Drivers/STM32F7xx_HAL_Driver/Src/stm32f7xx_hal_eth.c **** /**
1290:Drivers/STM32F7xx_HAL_Driver/Src/stm32f7xx_hal_eth.c ****   * @brief  Unregister the Rx alloc callback.
1291:Drivers/STM32F7xx_HAL_Driver/Src/stm32f7xx_hal_eth.c ****   * @param  heth: pointer to a ETH_HandleTypeDef structure that contains
1292:Drivers/STM32F7xx_HAL_Driver/Src/stm32f7xx_hal_eth.c ****   *         the configuration information for ETHERNET module
1293:Drivers/STM32F7xx_HAL_Driver/Src/stm32f7xx_hal_eth.c ****   * @retval HAL status
1294:Drivers/STM32F7xx_HAL_Driver/Src/stm32f7xx_hal_eth.c ****   */
1295:Drivers/STM32F7xx_HAL_Driver/Src/stm32f7xx_hal_eth.c **** HAL_StatusTypeDef HAL_ETH_UnRegisterRxAllocateCallback(ETH_HandleTypeDef *heth)
1296:Drivers/STM32F7xx_HAL_Driver/Src/stm32f7xx_hal_eth.c **** {
1297:Drivers/STM32F7xx_HAL_Driver/Src/stm32f7xx_hal_eth.c ****   /* Set function to allocate buffer */
1298:Drivers/STM32F7xx_HAL_Driver/Src/stm32f7xx_hal_eth.c ****   heth->rxAllocateCallback = HAL_ETH_RxAllocateCallback;
1299:Drivers/STM32F7xx_HAL_Driver/Src/stm32f7xx_hal_eth.c **** 
1300:Drivers/STM32F7xx_HAL_Driver/Src/stm32f7xx_hal_eth.c ****   return HAL_OK;
1301:Drivers/STM32F7xx_HAL_Driver/Src/stm32f7xx_hal_eth.c **** }
1302:Drivers/STM32F7xx_HAL_Driver/Src/stm32f7xx_hal_eth.c **** 
1303:Drivers/STM32F7xx_HAL_Driver/Src/stm32f7xx_hal_eth.c **** /**
1304:Drivers/STM32F7xx_HAL_Driver/Src/stm32f7xx_hal_eth.c ****   * @brief  Rx Allocate callback.
1305:Drivers/STM32F7xx_HAL_Driver/Src/stm32f7xx_hal_eth.c ****   * @param  buff: pointer to allocated buffer
1306:Drivers/STM32F7xx_HAL_Driver/Src/stm32f7xx_hal_eth.c ****   * @retval None
1307:Drivers/STM32F7xx_HAL_Driver/Src/stm32f7xx_hal_eth.c ****   */
1308:Drivers/STM32F7xx_HAL_Driver/Src/stm32f7xx_hal_eth.c **** __weak void HAL_ETH_RxAllocateCallback(uint8_t **buff)
1309:Drivers/STM32F7xx_HAL_Driver/Src/stm32f7xx_hal_eth.c **** {
  29              		.loc 1 1309 1 view -0
  30              		.cfi_startproc
  31              		@ args = 0, pretend = 0, frame = 0
  32              		@ frame_needed = 0, uses_anonymous_args = 0
  33              		@ link register save eliminated.
1310:Drivers/STM32F7xx_HAL_Driver/Src/stm32f7xx_hal_eth.c ****   /* Prevent unused argument(s) compilation warning */
1311:Drivers/STM32F7xx_HAL_Driver/Src/stm32f7xx_hal_eth.c ****   UNUSED(buff);
  34              		.loc 1 1311 3 view .LVU1
1312:Drivers/STM32F7xx_HAL_Driver/Src/stm32f7xx_hal_eth.c ****   /* NOTE : This function Should not be modified, when the callback is needed,
1313:Drivers/STM32F7xx_HAL_Driver/Src/stm32f7xx_hal_eth.c ****   the HAL_ETH_RxAllocateCallback could be implemented in the user file
1314:Drivers/STM32F7xx_HAL_Driver/Src/stm32f7xx_hal_eth.c ****   */
1315:Drivers/STM32F7xx_HAL_Driver/Src/stm32f7xx_hal_eth.c **** }
  35              		.loc 1 1315 1 is_stmt 0 view .LVU2
  36 0000 7047     		bx	lr
  37              		.cfi_endproc
  38              	.LFE155:
  40              		.section	.text.ETH_UpdateDescriptor,"ax",%progbits
  41              		.align	1
  42              		.syntax unified
  43              		.thumb
  44              		.thumb_func
  46              	ETH_UpdateDescriptor:
  47              	.LVL1:
  48              	.LFB152:
1195:Drivers/STM32F7xx_HAL_Driver/Src/stm32f7xx_hal_eth.c ****   uint32_t descidx;
  49              		.loc 1 1195 1 is_stmt 1 view -0
  50              		.cfi_startproc
  51              		@ args = 0, pretend = 0, frame = 8
  52              		@ frame_needed = 0, uses_anonymous_args = 0
1195:Drivers/STM32F7xx_HAL_Driver/Src/stm32f7xx_hal_eth.c ****   uint32_t descidx;
  53              		.loc 1 1195 1 is_stmt 0 view .LVU4
  54 0000 2DE9F041 		push	{r4, r5, r6, r7, r8, lr}
ARM GAS  /tmp/ccQ4qZLu.s 			page 25


  55              	.LCFI0:
  56              		.cfi_def_cfa_offset 24
  57              		.cfi_offset 4, -24
  58              		.cfi_offset 5, -20
  59              		.cfi_offset 6, -16
  60              		.cfi_offset 7, -12
  61              		.cfi_offset 8, -8
  62              		.cfi_offset 14, -4
  63 0004 82B0     		sub	sp, sp, #8
  64              	.LCFI1:
  65              		.cfi_def_cfa_offset 32
  66 0006 0746     		mov	r7, r0
1196:Drivers/STM32F7xx_HAL_Driver/Src/stm32f7xx_hal_eth.c ****   uint32_t desccount;
  67              		.loc 1 1196 3 is_stmt 1 view .LVU5
1197:Drivers/STM32F7xx_HAL_Driver/Src/stm32f7xx_hal_eth.c ****   ETH_DMADescTypeDef *dmarxdesc;
  68              		.loc 1 1197 3 view .LVU6
1198:Drivers/STM32F7xx_HAL_Driver/Src/stm32f7xx_hal_eth.c ****   uint8_t *buff = NULL;
  69              		.loc 1 1198 3 view .LVU7
1199:Drivers/STM32F7xx_HAL_Driver/Src/stm32f7xx_hal_eth.c ****   uint8_t allocStatus = 1U;
  70              		.loc 1 1199 3 view .LVU8
1199:Drivers/STM32F7xx_HAL_Driver/Src/stm32f7xx_hal_eth.c ****   uint8_t allocStatus = 1U;
  71              		.loc 1 1199 12 is_stmt 0 view .LVU9
  72 0008 0023     		movs	r3, #0
  73 000a 0193     		str	r3, [sp, #4]
1200:Drivers/STM32F7xx_HAL_Driver/Src/stm32f7xx_hal_eth.c **** 
  74              		.loc 1 1200 3 is_stmt 1 view .LVU10
  75              	.LVL2:
1202:Drivers/STM32F7xx_HAL_Driver/Src/stm32f7xx_hal_eth.c ****   dmarxdesc = (ETH_DMADescTypeDef *)heth->RxDescList.RxDesc[descidx];
  76              		.loc 1 1202 3 view .LVU11
1202:Drivers/STM32F7xx_HAL_Driver/Src/stm32f7xx_hal_eth.c ****   dmarxdesc = (ETH_DMADescTypeDef *)heth->RxDescList.RxDesc[descidx];
  77              		.loc 1 1202 11 is_stmt 0 view .LVU12
  78 000c D0F86880 		ldr	r8, [r0, #104]
  79              	.LVL3:
1203:Drivers/STM32F7xx_HAL_Driver/Src/stm32f7xx_hal_eth.c ****   desccount = heth->RxDescList.RxBuildDescCnt;
  80              		.loc 1 1203 3 is_stmt 1 view .LVU13
1203:Drivers/STM32F7xx_HAL_Driver/Src/stm32f7xx_hal_eth.c ****   desccount = heth->RxDescList.RxBuildDescCnt;
  81              		.loc 1 1203 60 is_stmt 0 view .LVU14
  82 0010 08F11203 		add	r3, r8, #18
  83 0014 50F82340 		ldr	r4, [r0, r3, lsl #2]
  84              	.LVL4:
1204:Drivers/STM32F7xx_HAL_Driver/Src/stm32f7xx_hal_eth.c **** 
  85              		.loc 1 1204 3 is_stmt 1 view .LVU15
1204:Drivers/STM32F7xx_HAL_Driver/Src/stm32f7xx_hal_eth.c **** 
  86              		.loc 1 1204 13 is_stmt 0 view .LVU16
  87 0018 C56E     		ldr	r5, [r0, #108]
  88              	.LVL5:
1206:Drivers/STM32F7xx_HAL_Driver/Src/stm32f7xx_hal_eth.c ****   {
  89              		.loc 1 1206 3 is_stmt 1 view .LVU17
1200:Drivers/STM32F7xx_HAL_Driver/Src/stm32f7xx_hal_eth.c **** 
  90              		.loc 1 1200 11 is_stmt 0 view .LVU18
  91 001a 0126     		movs	r6, #1
1206:Drivers/STM32F7xx_HAL_Driver/Src/stm32f7xx_hal_eth.c ****   {
  92              		.loc 1 1206 9 view .LVU19
  93 001c 13E0     		b	.L3
  94              	.LVL6:
  95              	.L15:
1217:Drivers/STM32F7xx_HAL_Driver/Src/stm32f7xx_hal_eth.c **** #endif  /* USE_HAL_ETH_REGISTER_CALLBACKS */
ARM GAS  /tmp/ccQ4qZLu.s 			page 26


  96              		.loc 1 1217 7 is_stmt 1 view .LVU20
  97 001e 01A8     		add	r0, sp, #4
  98 0020 FFF7FEFF 		bl	HAL_ETH_RxAllocateCallback
  99              	.LVL7:
1219:Drivers/STM32F7xx_HAL_Driver/Src/stm32f7xx_hal_eth.c ****       {
 100              		.loc 1 1219 7 view .LVU21
1219:Drivers/STM32F7xx_HAL_Driver/Src/stm32f7xx_hal_eth.c ****       {
 101              		.loc 1 1219 16 is_stmt 0 view .LVU22
 102 0024 019B     		ldr	r3, [sp, #4]
1219:Drivers/STM32F7xx_HAL_Driver/Src/stm32f7xx_hal_eth.c ****       {
 103              		.loc 1 1219 10 view .LVU23
 104 0026 13B1     		cbz	r3, .L12
1225:Drivers/STM32F7xx_HAL_Driver/Src/stm32f7xx_hal_eth.c ****         WRITE_REG(dmarxdesc->DESC2, (uint32_t)buff);
 105              		.loc 1 1225 9 is_stmt 1 view .LVU24
 106 0028 2362     		str	r3, [r4, #32]
1226:Drivers/STM32F7xx_HAL_Driver/Src/stm32f7xx_hal_eth.c ****       }
 107              		.loc 1 1226 9 view .LVU25
 108 002a A360     		str	r3, [r4, #8]
 109 002c 10E0     		b	.L4
 110              	.L12:
1221:Drivers/STM32F7xx_HAL_Driver/Src/stm32f7xx_hal_eth.c ****       }
 111              		.loc 1 1221 21 is_stmt 0 view .LVU26
 112 002e 0026     		movs	r6, #0
 113              	.LVL8:
1221:Drivers/STM32F7xx_HAL_Driver/Src/stm32f7xx_hal_eth.c ****       }
 114              		.loc 1 1221 21 view .LVU27
 115 0030 0EE0     		b	.L4
 116              	.LVL9:
 117              	.L6:
1238:Drivers/STM32F7xx_HAL_Driver/Src/stm32f7xx_hal_eth.c ****       }
 118              		.loc 1 1238 9 is_stmt 1 view .LVU28
 119 0032 4FF48C43 		mov	r3, #17920
 120 0036 6360     		str	r3, [r4, #4]
 121 0038 11E0     		b	.L7
 122              	.LVL10:
 123              	.L8:
1250:Drivers/STM32F7xx_HAL_Driver/Src/stm32f7xx_hal_eth.c ****       /* Get current descriptor address */
 124              		.loc 1 1250 7 discriminator 3 view .LVU29
1252:Drivers/STM32F7xx_HAL_Driver/Src/stm32f7xx_hal_eth.c ****       desccount--;
 125              		.loc 1 1252 7 discriminator 3 view .LVU30
1252:Drivers/STM32F7xx_HAL_Driver/Src/stm32f7xx_hal_eth.c ****       desccount--;
 126              		.loc 1 1252 64 is_stmt 0 discriminator 3 view .LVU31
 127 003a 03F11202 		add	r2, r3, #18
 128 003e 57F82240 		ldr	r4, [r7, r2, lsl #2]
 129              	.LVL11:
1253:Drivers/STM32F7xx_HAL_Driver/Src/stm32f7xx_hal_eth.c ****     }
 130              		.loc 1 1253 7 is_stmt 1 discriminator 3 view .LVU32
1253:Drivers/STM32F7xx_HAL_Driver/Src/stm32f7xx_hal_eth.c ****     }
 131              		.loc 1 1253 16 is_stmt 0 discriminator 3 view .LVU33
 132 0042 013D     		subs	r5, r5, #1
 133              	.LVL12:
1253:Drivers/STM32F7xx_HAL_Driver/Src/stm32f7xx_hal_eth.c ****     }
 134              		.loc 1 1253 16 discriminator 3 view .LVU34
 135 0044 9846     		mov	r8, r3
 136              	.LVL13:
 137              	.L3:
1206:Drivers/STM32F7xx_HAL_Driver/Src/stm32f7xx_hal_eth.c ****   {
ARM GAS  /tmp/ccQ4qZLu.s 			page 27


 138              		.loc 1 1206 27 is_stmt 1 view .LVU35
 139 0046 BDB1     		cbz	r5, .L13
1206:Drivers/STM32F7xx_HAL_Driver/Src/stm32f7xx_hal_eth.c ****   {
 140              		.loc 1 1206 27 is_stmt 0 view .LVU36
 141 0048 B6B1     		cbz	r6, .L13
1209:Drivers/STM32F7xx_HAL_Driver/Src/stm32f7xx_hal_eth.c ****     {
 142              		.loc 1 1209 5 is_stmt 1 view .LVU37
1209:Drivers/STM32F7xx_HAL_Driver/Src/stm32f7xx_hal_eth.c ****     {
 143              		.loc 1 1209 9 is_stmt 0 view .LVU38
 144 004a 236A     		ldr	r3, [r4, #32]
1209:Drivers/STM32F7xx_HAL_Driver/Src/stm32f7xx_hal_eth.c ****     {
 145              		.loc 1 1209 8 view .LVU39
 146 004c 002B     		cmp	r3, #0
 147 004e E6D0     		beq	.L15
 148              	.LVL14:
 149              	.L4:
1230:Drivers/STM32F7xx_HAL_Driver/Src/stm32f7xx_hal_eth.c ****     {
 150              		.loc 1 1230 5 is_stmt 1 view .LVU40
1230:Drivers/STM32F7xx_HAL_Driver/Src/stm32f7xx_hal_eth.c ****     {
 151              		.loc 1 1230 8 is_stmt 0 view .LVU41
 152 0050 002E     		cmp	r6, #0
 153 0052 F8D0     		beq	.L3
1232:Drivers/STM32F7xx_HAL_Driver/Src/stm32f7xx_hal_eth.c ****       {
 154              		.loc 1 1232 7 is_stmt 1 view .LVU42
1232:Drivers/STM32F7xx_HAL_Driver/Src/stm32f7xx_hal_eth.c ****       {
 155              		.loc 1 1232 27 is_stmt 0 view .LVU43
 156 0054 BB6D     		ldr	r3, [r7, #88]
1232:Drivers/STM32F7xx_HAL_Driver/Src/stm32f7xx_hal_eth.c ****       {
 157              		.loc 1 1232 10 view .LVU44
 158 0056 002B     		cmp	r3, #0
 159 0058 EBD1     		bne	.L6
1234:Drivers/STM32F7xx_HAL_Driver/Src/stm32f7xx_hal_eth.c ****       }
 160              		.loc 1 1234 9 is_stmt 1 view .LVU45
 161 005a 0E4B     		ldr	r3, .L16
 162 005c 6360     		str	r3, [r4, #4]
 163              	.L7:
1245:Drivers/STM32F7xx_HAL_Driver/Src/stm32f7xx_hal_eth.c **** 
 164              		.loc 1 1245 7 view .LVU46
 165              	.LBB18:
 166              	.LBI18:
 167              		.file 2 "Drivers/CMSIS/Include/cmsis_gcc.h"
   1:Drivers/CMSIS/Include/cmsis_gcc.h **** /**************************************************************************//**
   2:Drivers/CMSIS/Include/cmsis_gcc.h ****  * @file     cmsis_gcc.h
   3:Drivers/CMSIS/Include/cmsis_gcc.h ****  * @brief    CMSIS compiler GCC header file
   4:Drivers/CMSIS/Include/cmsis_gcc.h ****  * @version  V5.0.4
   5:Drivers/CMSIS/Include/cmsis_gcc.h ****  * @date     09. April 2018
   6:Drivers/CMSIS/Include/cmsis_gcc.h ****  ******************************************************************************/
   7:Drivers/CMSIS/Include/cmsis_gcc.h **** /*
   8:Drivers/CMSIS/Include/cmsis_gcc.h ****  * Copyright (c) 2009-2018 Arm Limited. All rights reserved.
   9:Drivers/CMSIS/Include/cmsis_gcc.h ****  *
  10:Drivers/CMSIS/Include/cmsis_gcc.h ****  * SPDX-License-Identifier: Apache-2.0
  11:Drivers/CMSIS/Include/cmsis_gcc.h ****  *
  12:Drivers/CMSIS/Include/cmsis_gcc.h ****  * Licensed under the Apache License, Version 2.0 (the License); you may
  13:Drivers/CMSIS/Include/cmsis_gcc.h ****  * not use this file except in compliance with the License.
  14:Drivers/CMSIS/Include/cmsis_gcc.h ****  * You may obtain a copy of the License at
  15:Drivers/CMSIS/Include/cmsis_gcc.h ****  *
  16:Drivers/CMSIS/Include/cmsis_gcc.h ****  * www.apache.org/licenses/LICENSE-2.0
ARM GAS  /tmp/ccQ4qZLu.s 			page 28


  17:Drivers/CMSIS/Include/cmsis_gcc.h ****  *
  18:Drivers/CMSIS/Include/cmsis_gcc.h ****  * Unless required by applicable law or agreed to in writing, software
  19:Drivers/CMSIS/Include/cmsis_gcc.h ****  * distributed under the License is distributed on an AS IS BASIS, WITHOUT
  20:Drivers/CMSIS/Include/cmsis_gcc.h ****  * WARRANTIES OR CONDITIONS OF ANY KIND, either express or implied.
  21:Drivers/CMSIS/Include/cmsis_gcc.h ****  * See the License for the specific language governing permissions and
  22:Drivers/CMSIS/Include/cmsis_gcc.h ****  * limitations under the License.
  23:Drivers/CMSIS/Include/cmsis_gcc.h ****  */
  24:Drivers/CMSIS/Include/cmsis_gcc.h **** 
  25:Drivers/CMSIS/Include/cmsis_gcc.h **** #ifndef __CMSIS_GCC_H
  26:Drivers/CMSIS/Include/cmsis_gcc.h **** #define __CMSIS_GCC_H
  27:Drivers/CMSIS/Include/cmsis_gcc.h **** 
  28:Drivers/CMSIS/Include/cmsis_gcc.h **** /* ignore some GCC warnings */
  29:Drivers/CMSIS/Include/cmsis_gcc.h **** #pragma GCC diagnostic push
  30:Drivers/CMSIS/Include/cmsis_gcc.h **** #pragma GCC diagnostic ignored "-Wsign-conversion"
  31:Drivers/CMSIS/Include/cmsis_gcc.h **** #pragma GCC diagnostic ignored "-Wconversion"
  32:Drivers/CMSIS/Include/cmsis_gcc.h **** #pragma GCC diagnostic ignored "-Wunused-parameter"
  33:Drivers/CMSIS/Include/cmsis_gcc.h **** 
  34:Drivers/CMSIS/Include/cmsis_gcc.h **** /* Fallback for __has_builtin */
  35:Drivers/CMSIS/Include/cmsis_gcc.h **** #ifndef __has_builtin
  36:Drivers/CMSIS/Include/cmsis_gcc.h ****   #define __has_builtin(x) (0)
  37:Drivers/CMSIS/Include/cmsis_gcc.h **** #endif
  38:Drivers/CMSIS/Include/cmsis_gcc.h **** 
  39:Drivers/CMSIS/Include/cmsis_gcc.h **** /* CMSIS compiler specific defines */
  40:Drivers/CMSIS/Include/cmsis_gcc.h **** #ifndef   __ASM
  41:Drivers/CMSIS/Include/cmsis_gcc.h ****   #define __ASM                                  __asm
  42:Drivers/CMSIS/Include/cmsis_gcc.h **** #endif
  43:Drivers/CMSIS/Include/cmsis_gcc.h **** #ifndef   __INLINE
  44:Drivers/CMSIS/Include/cmsis_gcc.h ****   #define __INLINE                               inline
  45:Drivers/CMSIS/Include/cmsis_gcc.h **** #endif
  46:Drivers/CMSIS/Include/cmsis_gcc.h **** #ifndef   __STATIC_INLINE
  47:Drivers/CMSIS/Include/cmsis_gcc.h ****   #define __STATIC_INLINE                        static inline
  48:Drivers/CMSIS/Include/cmsis_gcc.h **** #endif
  49:Drivers/CMSIS/Include/cmsis_gcc.h **** #ifndef   __STATIC_FORCEINLINE                 
  50:Drivers/CMSIS/Include/cmsis_gcc.h ****   #define __STATIC_FORCEINLINE                   __attribute__((always_inline)) static inline
  51:Drivers/CMSIS/Include/cmsis_gcc.h **** #endif                                           
  52:Drivers/CMSIS/Include/cmsis_gcc.h **** #ifndef   __NO_RETURN
  53:Drivers/CMSIS/Include/cmsis_gcc.h ****   #define __NO_RETURN                            __attribute__((__noreturn__))
  54:Drivers/CMSIS/Include/cmsis_gcc.h **** #endif
  55:Drivers/CMSIS/Include/cmsis_gcc.h **** #ifndef   __USED
  56:Drivers/CMSIS/Include/cmsis_gcc.h ****   #define __USED                                 __attribute__((used))
  57:Drivers/CMSIS/Include/cmsis_gcc.h **** #endif
  58:Drivers/CMSIS/Include/cmsis_gcc.h **** #ifndef   __WEAK
  59:Drivers/CMSIS/Include/cmsis_gcc.h ****   #define __WEAK                                 __attribute__((weak))
  60:Drivers/CMSIS/Include/cmsis_gcc.h **** #endif
  61:Drivers/CMSIS/Include/cmsis_gcc.h **** #ifndef   __PACKED
  62:Drivers/CMSIS/Include/cmsis_gcc.h ****   #define __PACKED                               __attribute__((packed, aligned(1)))
  63:Drivers/CMSIS/Include/cmsis_gcc.h **** #endif
  64:Drivers/CMSIS/Include/cmsis_gcc.h **** #ifndef   __PACKED_STRUCT
  65:Drivers/CMSIS/Include/cmsis_gcc.h ****   #define __PACKED_STRUCT                        struct __attribute__((packed, aligned(1)))
  66:Drivers/CMSIS/Include/cmsis_gcc.h **** #endif
  67:Drivers/CMSIS/Include/cmsis_gcc.h **** #ifndef   __PACKED_UNION
  68:Drivers/CMSIS/Include/cmsis_gcc.h ****   #define __PACKED_UNION                         union __attribute__((packed, aligned(1)))
  69:Drivers/CMSIS/Include/cmsis_gcc.h **** #endif
  70:Drivers/CMSIS/Include/cmsis_gcc.h **** #ifndef   __UNALIGNED_UINT32        /* deprecated */
  71:Drivers/CMSIS/Include/cmsis_gcc.h ****   #pragma GCC diagnostic push
  72:Drivers/CMSIS/Include/cmsis_gcc.h ****   #pragma GCC diagnostic ignored "-Wpacked"
  73:Drivers/CMSIS/Include/cmsis_gcc.h ****   #pragma GCC diagnostic ignored "-Wattributes"
ARM GAS  /tmp/ccQ4qZLu.s 			page 29


  74:Drivers/CMSIS/Include/cmsis_gcc.h ****   struct __attribute__((packed)) T_UINT32 { uint32_t v; };
  75:Drivers/CMSIS/Include/cmsis_gcc.h ****   #pragma GCC diagnostic pop
  76:Drivers/CMSIS/Include/cmsis_gcc.h ****   #define __UNALIGNED_UINT32(x)                  (((struct T_UINT32 *)(x))->v)
  77:Drivers/CMSIS/Include/cmsis_gcc.h **** #endif
  78:Drivers/CMSIS/Include/cmsis_gcc.h **** #ifndef   __UNALIGNED_UINT16_WRITE
  79:Drivers/CMSIS/Include/cmsis_gcc.h ****   #pragma GCC diagnostic push
  80:Drivers/CMSIS/Include/cmsis_gcc.h ****   #pragma GCC diagnostic ignored "-Wpacked"
  81:Drivers/CMSIS/Include/cmsis_gcc.h ****   #pragma GCC diagnostic ignored "-Wattributes"
  82:Drivers/CMSIS/Include/cmsis_gcc.h ****   __PACKED_STRUCT T_UINT16_WRITE { uint16_t v; };
  83:Drivers/CMSIS/Include/cmsis_gcc.h ****   #pragma GCC diagnostic pop
  84:Drivers/CMSIS/Include/cmsis_gcc.h ****   #define __UNALIGNED_UINT16_WRITE(addr, val)    (void)((((struct T_UINT16_WRITE *)(void *)(addr))-
  85:Drivers/CMSIS/Include/cmsis_gcc.h **** #endif
  86:Drivers/CMSIS/Include/cmsis_gcc.h **** #ifndef   __UNALIGNED_UINT16_READ
  87:Drivers/CMSIS/Include/cmsis_gcc.h ****   #pragma GCC diagnostic push
  88:Drivers/CMSIS/Include/cmsis_gcc.h ****   #pragma GCC diagnostic ignored "-Wpacked"
  89:Drivers/CMSIS/Include/cmsis_gcc.h ****   #pragma GCC diagnostic ignored "-Wattributes"
  90:Drivers/CMSIS/Include/cmsis_gcc.h ****   __PACKED_STRUCT T_UINT16_READ { uint16_t v; };
  91:Drivers/CMSIS/Include/cmsis_gcc.h ****   #pragma GCC diagnostic pop
  92:Drivers/CMSIS/Include/cmsis_gcc.h ****   #define __UNALIGNED_UINT16_READ(addr)          (((const struct T_UINT16_READ *)(const void *)(add
  93:Drivers/CMSIS/Include/cmsis_gcc.h **** #endif
  94:Drivers/CMSIS/Include/cmsis_gcc.h **** #ifndef   __UNALIGNED_UINT32_WRITE
  95:Drivers/CMSIS/Include/cmsis_gcc.h ****   #pragma GCC diagnostic push
  96:Drivers/CMSIS/Include/cmsis_gcc.h ****   #pragma GCC diagnostic ignored "-Wpacked"
  97:Drivers/CMSIS/Include/cmsis_gcc.h ****   #pragma GCC diagnostic ignored "-Wattributes"
  98:Drivers/CMSIS/Include/cmsis_gcc.h ****   __PACKED_STRUCT T_UINT32_WRITE { uint32_t v; };
  99:Drivers/CMSIS/Include/cmsis_gcc.h ****   #pragma GCC diagnostic pop
 100:Drivers/CMSIS/Include/cmsis_gcc.h ****   #define __UNALIGNED_UINT32_WRITE(addr, val)    (void)((((struct T_UINT32_WRITE *)(void *)(addr))-
 101:Drivers/CMSIS/Include/cmsis_gcc.h **** #endif
 102:Drivers/CMSIS/Include/cmsis_gcc.h **** #ifndef   __UNALIGNED_UINT32_READ
 103:Drivers/CMSIS/Include/cmsis_gcc.h ****   #pragma GCC diagnostic push
 104:Drivers/CMSIS/Include/cmsis_gcc.h ****   #pragma GCC diagnostic ignored "-Wpacked"
 105:Drivers/CMSIS/Include/cmsis_gcc.h ****   #pragma GCC diagnostic ignored "-Wattributes"
 106:Drivers/CMSIS/Include/cmsis_gcc.h ****   __PACKED_STRUCT T_UINT32_READ { uint32_t v; };
 107:Drivers/CMSIS/Include/cmsis_gcc.h ****   #pragma GCC diagnostic pop
 108:Drivers/CMSIS/Include/cmsis_gcc.h ****   #define __UNALIGNED_UINT32_READ(addr)          (((const struct T_UINT32_READ *)(const void *)(add
 109:Drivers/CMSIS/Include/cmsis_gcc.h **** #endif
 110:Drivers/CMSIS/Include/cmsis_gcc.h **** #ifndef   __ALIGNED
 111:Drivers/CMSIS/Include/cmsis_gcc.h ****   #define __ALIGNED(x)                           __attribute__((aligned(x)))
 112:Drivers/CMSIS/Include/cmsis_gcc.h **** #endif
 113:Drivers/CMSIS/Include/cmsis_gcc.h **** #ifndef   __RESTRICT
 114:Drivers/CMSIS/Include/cmsis_gcc.h ****   #define __RESTRICT                             __restrict
 115:Drivers/CMSIS/Include/cmsis_gcc.h **** #endif
 116:Drivers/CMSIS/Include/cmsis_gcc.h **** 
 117:Drivers/CMSIS/Include/cmsis_gcc.h **** 
 118:Drivers/CMSIS/Include/cmsis_gcc.h **** /* ###########################  Core Function Access  ########################### */
 119:Drivers/CMSIS/Include/cmsis_gcc.h **** /** \ingroup  CMSIS_Core_FunctionInterface
 120:Drivers/CMSIS/Include/cmsis_gcc.h ****     \defgroup CMSIS_Core_RegAccFunctions CMSIS Core Register Access Functions
 121:Drivers/CMSIS/Include/cmsis_gcc.h ****   @{
 122:Drivers/CMSIS/Include/cmsis_gcc.h ****  */
 123:Drivers/CMSIS/Include/cmsis_gcc.h **** 
 124:Drivers/CMSIS/Include/cmsis_gcc.h **** /**
 125:Drivers/CMSIS/Include/cmsis_gcc.h ****   \brief   Enable IRQ Interrupts
 126:Drivers/CMSIS/Include/cmsis_gcc.h ****   \details Enables IRQ interrupts by clearing the I-bit in the CPSR.
 127:Drivers/CMSIS/Include/cmsis_gcc.h ****            Can only be executed in Privileged modes.
 128:Drivers/CMSIS/Include/cmsis_gcc.h ****  */
 129:Drivers/CMSIS/Include/cmsis_gcc.h **** __STATIC_FORCEINLINE void __enable_irq(void)
 130:Drivers/CMSIS/Include/cmsis_gcc.h **** {
ARM GAS  /tmp/ccQ4qZLu.s 			page 30


 131:Drivers/CMSIS/Include/cmsis_gcc.h ****   __ASM volatile ("cpsie i" : : : "memory");
 132:Drivers/CMSIS/Include/cmsis_gcc.h **** }
 133:Drivers/CMSIS/Include/cmsis_gcc.h **** 
 134:Drivers/CMSIS/Include/cmsis_gcc.h **** 
 135:Drivers/CMSIS/Include/cmsis_gcc.h **** /**
 136:Drivers/CMSIS/Include/cmsis_gcc.h ****   \brief   Disable IRQ Interrupts
 137:Drivers/CMSIS/Include/cmsis_gcc.h ****   \details Disables IRQ interrupts by setting the I-bit in the CPSR.
 138:Drivers/CMSIS/Include/cmsis_gcc.h ****            Can only be executed in Privileged modes.
 139:Drivers/CMSIS/Include/cmsis_gcc.h ****  */
 140:Drivers/CMSIS/Include/cmsis_gcc.h **** __STATIC_FORCEINLINE void __disable_irq(void)
 141:Drivers/CMSIS/Include/cmsis_gcc.h **** {
 142:Drivers/CMSIS/Include/cmsis_gcc.h ****   __ASM volatile ("cpsid i" : : : "memory");
 143:Drivers/CMSIS/Include/cmsis_gcc.h **** }
 144:Drivers/CMSIS/Include/cmsis_gcc.h **** 
 145:Drivers/CMSIS/Include/cmsis_gcc.h **** 
 146:Drivers/CMSIS/Include/cmsis_gcc.h **** /**
 147:Drivers/CMSIS/Include/cmsis_gcc.h ****   \brief   Get Control Register
 148:Drivers/CMSIS/Include/cmsis_gcc.h ****   \details Returns the content of the Control Register.
 149:Drivers/CMSIS/Include/cmsis_gcc.h ****   \return               Control Register value
 150:Drivers/CMSIS/Include/cmsis_gcc.h ****  */
 151:Drivers/CMSIS/Include/cmsis_gcc.h **** __STATIC_FORCEINLINE uint32_t __get_CONTROL(void)
 152:Drivers/CMSIS/Include/cmsis_gcc.h **** {
 153:Drivers/CMSIS/Include/cmsis_gcc.h ****   uint32_t result;
 154:Drivers/CMSIS/Include/cmsis_gcc.h **** 
 155:Drivers/CMSIS/Include/cmsis_gcc.h ****   __ASM volatile ("MRS %0, control" : "=r" (result) );
 156:Drivers/CMSIS/Include/cmsis_gcc.h ****   return(result);
 157:Drivers/CMSIS/Include/cmsis_gcc.h **** }
 158:Drivers/CMSIS/Include/cmsis_gcc.h **** 
 159:Drivers/CMSIS/Include/cmsis_gcc.h **** 
 160:Drivers/CMSIS/Include/cmsis_gcc.h **** #if (defined (__ARM_FEATURE_CMSE ) && (__ARM_FEATURE_CMSE == 3))
 161:Drivers/CMSIS/Include/cmsis_gcc.h **** /**
 162:Drivers/CMSIS/Include/cmsis_gcc.h ****   \brief   Get Control Register (non-secure)
 163:Drivers/CMSIS/Include/cmsis_gcc.h ****   \details Returns the content of the non-secure Control Register when in secure mode.
 164:Drivers/CMSIS/Include/cmsis_gcc.h ****   \return               non-secure Control Register value
 165:Drivers/CMSIS/Include/cmsis_gcc.h ****  */
 166:Drivers/CMSIS/Include/cmsis_gcc.h **** __STATIC_FORCEINLINE uint32_t __TZ_get_CONTROL_NS(void)
 167:Drivers/CMSIS/Include/cmsis_gcc.h **** {
 168:Drivers/CMSIS/Include/cmsis_gcc.h ****   uint32_t result;
 169:Drivers/CMSIS/Include/cmsis_gcc.h **** 
 170:Drivers/CMSIS/Include/cmsis_gcc.h ****   __ASM volatile ("MRS %0, control_ns" : "=r" (result) );
 171:Drivers/CMSIS/Include/cmsis_gcc.h ****   return(result);
 172:Drivers/CMSIS/Include/cmsis_gcc.h **** }
 173:Drivers/CMSIS/Include/cmsis_gcc.h **** #endif
 174:Drivers/CMSIS/Include/cmsis_gcc.h **** 
 175:Drivers/CMSIS/Include/cmsis_gcc.h **** 
 176:Drivers/CMSIS/Include/cmsis_gcc.h **** /**
 177:Drivers/CMSIS/Include/cmsis_gcc.h ****   \brief   Set Control Register
 178:Drivers/CMSIS/Include/cmsis_gcc.h ****   \details Writes the given value to the Control Register.
 179:Drivers/CMSIS/Include/cmsis_gcc.h ****   \param [in]    control  Control Register value to set
 180:Drivers/CMSIS/Include/cmsis_gcc.h ****  */
 181:Drivers/CMSIS/Include/cmsis_gcc.h **** __STATIC_FORCEINLINE void __set_CONTROL(uint32_t control)
 182:Drivers/CMSIS/Include/cmsis_gcc.h **** {
 183:Drivers/CMSIS/Include/cmsis_gcc.h ****   __ASM volatile ("MSR control, %0" : : "r" (control) : "memory");
 184:Drivers/CMSIS/Include/cmsis_gcc.h **** }
 185:Drivers/CMSIS/Include/cmsis_gcc.h **** 
 186:Drivers/CMSIS/Include/cmsis_gcc.h **** 
 187:Drivers/CMSIS/Include/cmsis_gcc.h **** #if (defined (__ARM_FEATURE_CMSE ) && (__ARM_FEATURE_CMSE == 3))
ARM GAS  /tmp/ccQ4qZLu.s 			page 31


 188:Drivers/CMSIS/Include/cmsis_gcc.h **** /**
 189:Drivers/CMSIS/Include/cmsis_gcc.h ****   \brief   Set Control Register (non-secure)
 190:Drivers/CMSIS/Include/cmsis_gcc.h ****   \details Writes the given value to the non-secure Control Register when in secure state.
 191:Drivers/CMSIS/Include/cmsis_gcc.h ****   \param [in]    control  Control Register value to set
 192:Drivers/CMSIS/Include/cmsis_gcc.h ****  */
 193:Drivers/CMSIS/Include/cmsis_gcc.h **** __STATIC_FORCEINLINE void __TZ_set_CONTROL_NS(uint32_t control)
 194:Drivers/CMSIS/Include/cmsis_gcc.h **** {
 195:Drivers/CMSIS/Include/cmsis_gcc.h ****   __ASM volatile ("MSR control_ns, %0" : : "r" (control) : "memory");
 196:Drivers/CMSIS/Include/cmsis_gcc.h **** }
 197:Drivers/CMSIS/Include/cmsis_gcc.h **** #endif
 198:Drivers/CMSIS/Include/cmsis_gcc.h **** 
 199:Drivers/CMSIS/Include/cmsis_gcc.h **** 
 200:Drivers/CMSIS/Include/cmsis_gcc.h **** /**
 201:Drivers/CMSIS/Include/cmsis_gcc.h ****   \brief   Get IPSR Register
 202:Drivers/CMSIS/Include/cmsis_gcc.h ****   \details Returns the content of the IPSR Register.
 203:Drivers/CMSIS/Include/cmsis_gcc.h ****   \return               IPSR Register value
 204:Drivers/CMSIS/Include/cmsis_gcc.h ****  */
 205:Drivers/CMSIS/Include/cmsis_gcc.h **** __STATIC_FORCEINLINE uint32_t __get_IPSR(void)
 206:Drivers/CMSIS/Include/cmsis_gcc.h **** {
 207:Drivers/CMSIS/Include/cmsis_gcc.h ****   uint32_t result;
 208:Drivers/CMSIS/Include/cmsis_gcc.h **** 
 209:Drivers/CMSIS/Include/cmsis_gcc.h ****   __ASM volatile ("MRS %0, ipsr" : "=r" (result) );
 210:Drivers/CMSIS/Include/cmsis_gcc.h ****   return(result);
 211:Drivers/CMSIS/Include/cmsis_gcc.h **** }
 212:Drivers/CMSIS/Include/cmsis_gcc.h **** 
 213:Drivers/CMSIS/Include/cmsis_gcc.h **** 
 214:Drivers/CMSIS/Include/cmsis_gcc.h **** /**
 215:Drivers/CMSIS/Include/cmsis_gcc.h ****   \brief   Get APSR Register
 216:Drivers/CMSIS/Include/cmsis_gcc.h ****   \details Returns the content of the APSR Register.
 217:Drivers/CMSIS/Include/cmsis_gcc.h ****   \return               APSR Register value
 218:Drivers/CMSIS/Include/cmsis_gcc.h ****  */
 219:Drivers/CMSIS/Include/cmsis_gcc.h **** __STATIC_FORCEINLINE uint32_t __get_APSR(void)
 220:Drivers/CMSIS/Include/cmsis_gcc.h **** {
 221:Drivers/CMSIS/Include/cmsis_gcc.h ****   uint32_t result;
 222:Drivers/CMSIS/Include/cmsis_gcc.h **** 
 223:Drivers/CMSIS/Include/cmsis_gcc.h ****   __ASM volatile ("MRS %0, apsr" : "=r" (result) );
 224:Drivers/CMSIS/Include/cmsis_gcc.h ****   return(result);
 225:Drivers/CMSIS/Include/cmsis_gcc.h **** }
 226:Drivers/CMSIS/Include/cmsis_gcc.h **** 
 227:Drivers/CMSIS/Include/cmsis_gcc.h **** 
 228:Drivers/CMSIS/Include/cmsis_gcc.h **** /**
 229:Drivers/CMSIS/Include/cmsis_gcc.h ****   \brief   Get xPSR Register
 230:Drivers/CMSIS/Include/cmsis_gcc.h ****   \details Returns the content of the xPSR Register.
 231:Drivers/CMSIS/Include/cmsis_gcc.h ****   \return               xPSR Register value
 232:Drivers/CMSIS/Include/cmsis_gcc.h ****  */
 233:Drivers/CMSIS/Include/cmsis_gcc.h **** __STATIC_FORCEINLINE uint32_t __get_xPSR(void)
 234:Drivers/CMSIS/Include/cmsis_gcc.h **** {
 235:Drivers/CMSIS/Include/cmsis_gcc.h ****   uint32_t result;
 236:Drivers/CMSIS/Include/cmsis_gcc.h **** 
 237:Drivers/CMSIS/Include/cmsis_gcc.h ****   __ASM volatile ("MRS %0, xpsr" : "=r" (result) );
 238:Drivers/CMSIS/Include/cmsis_gcc.h ****   return(result);
 239:Drivers/CMSIS/Include/cmsis_gcc.h **** }
 240:Drivers/CMSIS/Include/cmsis_gcc.h **** 
 241:Drivers/CMSIS/Include/cmsis_gcc.h **** 
 242:Drivers/CMSIS/Include/cmsis_gcc.h **** /**
 243:Drivers/CMSIS/Include/cmsis_gcc.h ****   \brief   Get Process Stack Pointer
 244:Drivers/CMSIS/Include/cmsis_gcc.h ****   \details Returns the current value of the Process Stack Pointer (PSP).
ARM GAS  /tmp/ccQ4qZLu.s 			page 32


 245:Drivers/CMSIS/Include/cmsis_gcc.h ****   \return               PSP Register value
 246:Drivers/CMSIS/Include/cmsis_gcc.h ****  */
 247:Drivers/CMSIS/Include/cmsis_gcc.h **** __STATIC_FORCEINLINE uint32_t __get_PSP(void)
 248:Drivers/CMSIS/Include/cmsis_gcc.h **** {
 249:Drivers/CMSIS/Include/cmsis_gcc.h ****   uint32_t result;
 250:Drivers/CMSIS/Include/cmsis_gcc.h **** 
 251:Drivers/CMSIS/Include/cmsis_gcc.h ****   __ASM volatile ("MRS %0, psp"  : "=r" (result) );
 252:Drivers/CMSIS/Include/cmsis_gcc.h ****   return(result);
 253:Drivers/CMSIS/Include/cmsis_gcc.h **** }
 254:Drivers/CMSIS/Include/cmsis_gcc.h **** 
 255:Drivers/CMSIS/Include/cmsis_gcc.h **** 
 256:Drivers/CMSIS/Include/cmsis_gcc.h **** #if (defined (__ARM_FEATURE_CMSE ) && (__ARM_FEATURE_CMSE == 3))
 257:Drivers/CMSIS/Include/cmsis_gcc.h **** /**
 258:Drivers/CMSIS/Include/cmsis_gcc.h ****   \brief   Get Process Stack Pointer (non-secure)
 259:Drivers/CMSIS/Include/cmsis_gcc.h ****   \details Returns the current value of the non-secure Process Stack Pointer (PSP) when in secure s
 260:Drivers/CMSIS/Include/cmsis_gcc.h ****   \return               PSP Register value
 261:Drivers/CMSIS/Include/cmsis_gcc.h ****  */
 262:Drivers/CMSIS/Include/cmsis_gcc.h **** __STATIC_FORCEINLINE uint32_t __TZ_get_PSP_NS(void)
 263:Drivers/CMSIS/Include/cmsis_gcc.h **** {
 264:Drivers/CMSIS/Include/cmsis_gcc.h ****   uint32_t result;
 265:Drivers/CMSIS/Include/cmsis_gcc.h **** 
 266:Drivers/CMSIS/Include/cmsis_gcc.h ****   __ASM volatile ("MRS %0, psp_ns"  : "=r" (result) );
 267:Drivers/CMSIS/Include/cmsis_gcc.h ****   return(result);
 268:Drivers/CMSIS/Include/cmsis_gcc.h **** }
 269:Drivers/CMSIS/Include/cmsis_gcc.h **** #endif
 270:Drivers/CMSIS/Include/cmsis_gcc.h **** 
 271:Drivers/CMSIS/Include/cmsis_gcc.h **** 
 272:Drivers/CMSIS/Include/cmsis_gcc.h **** /**
 273:Drivers/CMSIS/Include/cmsis_gcc.h ****   \brief   Set Process Stack Pointer
 274:Drivers/CMSIS/Include/cmsis_gcc.h ****   \details Assigns the given value to the Process Stack Pointer (PSP).
 275:Drivers/CMSIS/Include/cmsis_gcc.h ****   \param [in]    topOfProcStack  Process Stack Pointer value to set
 276:Drivers/CMSIS/Include/cmsis_gcc.h ****  */
 277:Drivers/CMSIS/Include/cmsis_gcc.h **** __STATIC_FORCEINLINE void __set_PSP(uint32_t topOfProcStack)
 278:Drivers/CMSIS/Include/cmsis_gcc.h **** {
 279:Drivers/CMSIS/Include/cmsis_gcc.h ****   __ASM volatile ("MSR psp, %0" : : "r" (topOfProcStack) : );
 280:Drivers/CMSIS/Include/cmsis_gcc.h **** }
 281:Drivers/CMSIS/Include/cmsis_gcc.h **** 
 282:Drivers/CMSIS/Include/cmsis_gcc.h **** 
 283:Drivers/CMSIS/Include/cmsis_gcc.h **** #if (defined (__ARM_FEATURE_CMSE ) && (__ARM_FEATURE_CMSE == 3))
 284:Drivers/CMSIS/Include/cmsis_gcc.h **** /**
 285:Drivers/CMSIS/Include/cmsis_gcc.h ****   \brief   Set Process Stack Pointer (non-secure)
 286:Drivers/CMSIS/Include/cmsis_gcc.h ****   \details Assigns the given value to the non-secure Process Stack Pointer (PSP) when in secure sta
 287:Drivers/CMSIS/Include/cmsis_gcc.h ****   \param [in]    topOfProcStack  Process Stack Pointer value to set
 288:Drivers/CMSIS/Include/cmsis_gcc.h ****  */
 289:Drivers/CMSIS/Include/cmsis_gcc.h **** __STATIC_FORCEINLINE void __TZ_set_PSP_NS(uint32_t topOfProcStack)
 290:Drivers/CMSIS/Include/cmsis_gcc.h **** {
 291:Drivers/CMSIS/Include/cmsis_gcc.h ****   __ASM volatile ("MSR psp_ns, %0" : : "r" (topOfProcStack) : );
 292:Drivers/CMSIS/Include/cmsis_gcc.h **** }
 293:Drivers/CMSIS/Include/cmsis_gcc.h **** #endif
 294:Drivers/CMSIS/Include/cmsis_gcc.h **** 
 295:Drivers/CMSIS/Include/cmsis_gcc.h **** 
 296:Drivers/CMSIS/Include/cmsis_gcc.h **** /**
 297:Drivers/CMSIS/Include/cmsis_gcc.h ****   \brief   Get Main Stack Pointer
 298:Drivers/CMSIS/Include/cmsis_gcc.h ****   \details Returns the current value of the Main Stack Pointer (MSP).
 299:Drivers/CMSIS/Include/cmsis_gcc.h ****   \return               MSP Register value
 300:Drivers/CMSIS/Include/cmsis_gcc.h ****  */
 301:Drivers/CMSIS/Include/cmsis_gcc.h **** __STATIC_FORCEINLINE uint32_t __get_MSP(void)
ARM GAS  /tmp/ccQ4qZLu.s 			page 33


 302:Drivers/CMSIS/Include/cmsis_gcc.h **** {
 303:Drivers/CMSIS/Include/cmsis_gcc.h ****   uint32_t result;
 304:Drivers/CMSIS/Include/cmsis_gcc.h **** 
 305:Drivers/CMSIS/Include/cmsis_gcc.h ****   __ASM volatile ("MRS %0, msp" : "=r" (result) );
 306:Drivers/CMSIS/Include/cmsis_gcc.h ****   return(result);
 307:Drivers/CMSIS/Include/cmsis_gcc.h **** }
 308:Drivers/CMSIS/Include/cmsis_gcc.h **** 
 309:Drivers/CMSIS/Include/cmsis_gcc.h **** 
 310:Drivers/CMSIS/Include/cmsis_gcc.h **** #if (defined (__ARM_FEATURE_CMSE ) && (__ARM_FEATURE_CMSE == 3))
 311:Drivers/CMSIS/Include/cmsis_gcc.h **** /**
 312:Drivers/CMSIS/Include/cmsis_gcc.h ****   \brief   Get Main Stack Pointer (non-secure)
 313:Drivers/CMSIS/Include/cmsis_gcc.h ****   \details Returns the current value of the non-secure Main Stack Pointer (MSP) when in secure stat
 314:Drivers/CMSIS/Include/cmsis_gcc.h ****   \return               MSP Register value
 315:Drivers/CMSIS/Include/cmsis_gcc.h ****  */
 316:Drivers/CMSIS/Include/cmsis_gcc.h **** __STATIC_FORCEINLINE uint32_t __TZ_get_MSP_NS(void)
 317:Drivers/CMSIS/Include/cmsis_gcc.h **** {
 318:Drivers/CMSIS/Include/cmsis_gcc.h ****   uint32_t result;
 319:Drivers/CMSIS/Include/cmsis_gcc.h **** 
 320:Drivers/CMSIS/Include/cmsis_gcc.h ****   __ASM volatile ("MRS %0, msp_ns" : "=r" (result) );
 321:Drivers/CMSIS/Include/cmsis_gcc.h ****   return(result);
 322:Drivers/CMSIS/Include/cmsis_gcc.h **** }
 323:Drivers/CMSIS/Include/cmsis_gcc.h **** #endif
 324:Drivers/CMSIS/Include/cmsis_gcc.h **** 
 325:Drivers/CMSIS/Include/cmsis_gcc.h **** 
 326:Drivers/CMSIS/Include/cmsis_gcc.h **** /**
 327:Drivers/CMSIS/Include/cmsis_gcc.h ****   \brief   Set Main Stack Pointer
 328:Drivers/CMSIS/Include/cmsis_gcc.h ****   \details Assigns the given value to the Main Stack Pointer (MSP).
 329:Drivers/CMSIS/Include/cmsis_gcc.h ****   \param [in]    topOfMainStack  Main Stack Pointer value to set
 330:Drivers/CMSIS/Include/cmsis_gcc.h ****  */
 331:Drivers/CMSIS/Include/cmsis_gcc.h **** __STATIC_FORCEINLINE void __set_MSP(uint32_t topOfMainStack)
 332:Drivers/CMSIS/Include/cmsis_gcc.h **** {
 333:Drivers/CMSIS/Include/cmsis_gcc.h ****   __ASM volatile ("MSR msp, %0" : : "r" (topOfMainStack) : );
 334:Drivers/CMSIS/Include/cmsis_gcc.h **** }
 335:Drivers/CMSIS/Include/cmsis_gcc.h **** 
 336:Drivers/CMSIS/Include/cmsis_gcc.h **** 
 337:Drivers/CMSIS/Include/cmsis_gcc.h **** #if (defined (__ARM_FEATURE_CMSE ) && (__ARM_FEATURE_CMSE == 3))
 338:Drivers/CMSIS/Include/cmsis_gcc.h **** /**
 339:Drivers/CMSIS/Include/cmsis_gcc.h ****   \brief   Set Main Stack Pointer (non-secure)
 340:Drivers/CMSIS/Include/cmsis_gcc.h ****   \details Assigns the given value to the non-secure Main Stack Pointer (MSP) when in secure state.
 341:Drivers/CMSIS/Include/cmsis_gcc.h ****   \param [in]    topOfMainStack  Main Stack Pointer value to set
 342:Drivers/CMSIS/Include/cmsis_gcc.h ****  */
 343:Drivers/CMSIS/Include/cmsis_gcc.h **** __STATIC_FORCEINLINE void __TZ_set_MSP_NS(uint32_t topOfMainStack)
 344:Drivers/CMSIS/Include/cmsis_gcc.h **** {
 345:Drivers/CMSIS/Include/cmsis_gcc.h ****   __ASM volatile ("MSR msp_ns, %0" : : "r" (topOfMainStack) : );
 346:Drivers/CMSIS/Include/cmsis_gcc.h **** }
 347:Drivers/CMSIS/Include/cmsis_gcc.h **** #endif
 348:Drivers/CMSIS/Include/cmsis_gcc.h **** 
 349:Drivers/CMSIS/Include/cmsis_gcc.h **** 
 350:Drivers/CMSIS/Include/cmsis_gcc.h **** #if (defined (__ARM_FEATURE_CMSE ) && (__ARM_FEATURE_CMSE == 3))
 351:Drivers/CMSIS/Include/cmsis_gcc.h **** /**
 352:Drivers/CMSIS/Include/cmsis_gcc.h ****   \brief   Get Stack Pointer (non-secure)
 353:Drivers/CMSIS/Include/cmsis_gcc.h ****   \details Returns the current value of the non-secure Stack Pointer (SP) when in secure state.
 354:Drivers/CMSIS/Include/cmsis_gcc.h ****   \return               SP Register value
 355:Drivers/CMSIS/Include/cmsis_gcc.h ****  */
 356:Drivers/CMSIS/Include/cmsis_gcc.h **** __STATIC_FORCEINLINE uint32_t __TZ_get_SP_NS(void)
 357:Drivers/CMSIS/Include/cmsis_gcc.h **** {
 358:Drivers/CMSIS/Include/cmsis_gcc.h ****   uint32_t result;
ARM GAS  /tmp/ccQ4qZLu.s 			page 34


 359:Drivers/CMSIS/Include/cmsis_gcc.h **** 
 360:Drivers/CMSIS/Include/cmsis_gcc.h ****   __ASM volatile ("MRS %0, sp_ns" : "=r" (result) );
 361:Drivers/CMSIS/Include/cmsis_gcc.h ****   return(result);
 362:Drivers/CMSIS/Include/cmsis_gcc.h **** }
 363:Drivers/CMSIS/Include/cmsis_gcc.h **** 
 364:Drivers/CMSIS/Include/cmsis_gcc.h **** 
 365:Drivers/CMSIS/Include/cmsis_gcc.h **** /**
 366:Drivers/CMSIS/Include/cmsis_gcc.h ****   \brief   Set Stack Pointer (non-secure)
 367:Drivers/CMSIS/Include/cmsis_gcc.h ****   \details Assigns the given value to the non-secure Stack Pointer (SP) when in secure state.
 368:Drivers/CMSIS/Include/cmsis_gcc.h ****   \param [in]    topOfStack  Stack Pointer value to set
 369:Drivers/CMSIS/Include/cmsis_gcc.h ****  */
 370:Drivers/CMSIS/Include/cmsis_gcc.h **** __STATIC_FORCEINLINE void __TZ_set_SP_NS(uint32_t topOfStack)
 371:Drivers/CMSIS/Include/cmsis_gcc.h **** {
 372:Drivers/CMSIS/Include/cmsis_gcc.h ****   __ASM volatile ("MSR sp_ns, %0" : : "r" (topOfStack) : );
 373:Drivers/CMSIS/Include/cmsis_gcc.h **** }
 374:Drivers/CMSIS/Include/cmsis_gcc.h **** #endif
 375:Drivers/CMSIS/Include/cmsis_gcc.h **** 
 376:Drivers/CMSIS/Include/cmsis_gcc.h **** 
 377:Drivers/CMSIS/Include/cmsis_gcc.h **** /**
 378:Drivers/CMSIS/Include/cmsis_gcc.h ****   \brief   Get Priority Mask
 379:Drivers/CMSIS/Include/cmsis_gcc.h ****   \details Returns the current state of the priority mask bit from the Priority Mask Register.
 380:Drivers/CMSIS/Include/cmsis_gcc.h ****   \return               Priority Mask value
 381:Drivers/CMSIS/Include/cmsis_gcc.h ****  */
 382:Drivers/CMSIS/Include/cmsis_gcc.h **** __STATIC_FORCEINLINE uint32_t __get_PRIMASK(void)
 383:Drivers/CMSIS/Include/cmsis_gcc.h **** {
 384:Drivers/CMSIS/Include/cmsis_gcc.h ****   uint32_t result;
 385:Drivers/CMSIS/Include/cmsis_gcc.h **** 
 386:Drivers/CMSIS/Include/cmsis_gcc.h ****   __ASM volatile ("MRS %0, primask" : "=r" (result) :: "memory");
 387:Drivers/CMSIS/Include/cmsis_gcc.h ****   return(result);
 388:Drivers/CMSIS/Include/cmsis_gcc.h **** }
 389:Drivers/CMSIS/Include/cmsis_gcc.h **** 
 390:Drivers/CMSIS/Include/cmsis_gcc.h **** 
 391:Drivers/CMSIS/Include/cmsis_gcc.h **** #if (defined (__ARM_FEATURE_CMSE ) && (__ARM_FEATURE_CMSE == 3))
 392:Drivers/CMSIS/Include/cmsis_gcc.h **** /**
 393:Drivers/CMSIS/Include/cmsis_gcc.h ****   \brief   Get Priority Mask (non-secure)
 394:Drivers/CMSIS/Include/cmsis_gcc.h ****   \details Returns the current state of the non-secure priority mask bit from the Priority Mask Reg
 395:Drivers/CMSIS/Include/cmsis_gcc.h ****   \return               Priority Mask value
 396:Drivers/CMSIS/Include/cmsis_gcc.h ****  */
 397:Drivers/CMSIS/Include/cmsis_gcc.h **** __STATIC_FORCEINLINE uint32_t __TZ_get_PRIMASK_NS(void)
 398:Drivers/CMSIS/Include/cmsis_gcc.h **** {
 399:Drivers/CMSIS/Include/cmsis_gcc.h ****   uint32_t result;
 400:Drivers/CMSIS/Include/cmsis_gcc.h **** 
 401:Drivers/CMSIS/Include/cmsis_gcc.h ****   __ASM volatile ("MRS %0, primask_ns" : "=r" (result) :: "memory");
 402:Drivers/CMSIS/Include/cmsis_gcc.h ****   return(result);
 403:Drivers/CMSIS/Include/cmsis_gcc.h **** }
 404:Drivers/CMSIS/Include/cmsis_gcc.h **** #endif
 405:Drivers/CMSIS/Include/cmsis_gcc.h **** 
 406:Drivers/CMSIS/Include/cmsis_gcc.h **** 
 407:Drivers/CMSIS/Include/cmsis_gcc.h **** /**
 408:Drivers/CMSIS/Include/cmsis_gcc.h ****   \brief   Set Priority Mask
 409:Drivers/CMSIS/Include/cmsis_gcc.h ****   \details Assigns the given value to the Priority Mask Register.
 410:Drivers/CMSIS/Include/cmsis_gcc.h ****   \param [in]    priMask  Priority Mask
 411:Drivers/CMSIS/Include/cmsis_gcc.h ****  */
 412:Drivers/CMSIS/Include/cmsis_gcc.h **** __STATIC_FORCEINLINE void __set_PRIMASK(uint32_t priMask)
 413:Drivers/CMSIS/Include/cmsis_gcc.h **** {
 414:Drivers/CMSIS/Include/cmsis_gcc.h ****   __ASM volatile ("MSR primask, %0" : : "r" (priMask) : "memory");
 415:Drivers/CMSIS/Include/cmsis_gcc.h **** }
ARM GAS  /tmp/ccQ4qZLu.s 			page 35


 416:Drivers/CMSIS/Include/cmsis_gcc.h **** 
 417:Drivers/CMSIS/Include/cmsis_gcc.h **** 
 418:Drivers/CMSIS/Include/cmsis_gcc.h **** #if (defined (__ARM_FEATURE_CMSE ) && (__ARM_FEATURE_CMSE == 3))
 419:Drivers/CMSIS/Include/cmsis_gcc.h **** /**
 420:Drivers/CMSIS/Include/cmsis_gcc.h ****   \brief   Set Priority Mask (non-secure)
 421:Drivers/CMSIS/Include/cmsis_gcc.h ****   \details Assigns the given value to the non-secure Priority Mask Register when in secure state.
 422:Drivers/CMSIS/Include/cmsis_gcc.h ****   \param [in]    priMask  Priority Mask
 423:Drivers/CMSIS/Include/cmsis_gcc.h ****  */
 424:Drivers/CMSIS/Include/cmsis_gcc.h **** __STATIC_FORCEINLINE void __TZ_set_PRIMASK_NS(uint32_t priMask)
 425:Drivers/CMSIS/Include/cmsis_gcc.h **** {
 426:Drivers/CMSIS/Include/cmsis_gcc.h ****   __ASM volatile ("MSR primask_ns, %0" : : "r" (priMask) : "memory");
 427:Drivers/CMSIS/Include/cmsis_gcc.h **** }
 428:Drivers/CMSIS/Include/cmsis_gcc.h **** #endif
 429:Drivers/CMSIS/Include/cmsis_gcc.h **** 
 430:Drivers/CMSIS/Include/cmsis_gcc.h **** 
 431:Drivers/CMSIS/Include/cmsis_gcc.h **** #if ((defined (__ARM_ARCH_7M__      ) && (__ARM_ARCH_7M__      == 1)) || \
 432:Drivers/CMSIS/Include/cmsis_gcc.h ****      (defined (__ARM_ARCH_7EM__     ) && (__ARM_ARCH_7EM__     == 1)) || \
 433:Drivers/CMSIS/Include/cmsis_gcc.h ****      (defined (__ARM_ARCH_8M_MAIN__ ) && (__ARM_ARCH_8M_MAIN__ == 1))    )
 434:Drivers/CMSIS/Include/cmsis_gcc.h **** /**
 435:Drivers/CMSIS/Include/cmsis_gcc.h ****   \brief   Enable FIQ
 436:Drivers/CMSIS/Include/cmsis_gcc.h ****   \details Enables FIQ interrupts by clearing the F-bit in the CPSR.
 437:Drivers/CMSIS/Include/cmsis_gcc.h ****            Can only be executed in Privileged modes.
 438:Drivers/CMSIS/Include/cmsis_gcc.h ****  */
 439:Drivers/CMSIS/Include/cmsis_gcc.h **** __STATIC_FORCEINLINE void __enable_fault_irq(void)
 440:Drivers/CMSIS/Include/cmsis_gcc.h **** {
 441:Drivers/CMSIS/Include/cmsis_gcc.h ****   __ASM volatile ("cpsie f" : : : "memory");
 442:Drivers/CMSIS/Include/cmsis_gcc.h **** }
 443:Drivers/CMSIS/Include/cmsis_gcc.h **** 
 444:Drivers/CMSIS/Include/cmsis_gcc.h **** 
 445:Drivers/CMSIS/Include/cmsis_gcc.h **** /**
 446:Drivers/CMSIS/Include/cmsis_gcc.h ****   \brief   Disable FIQ
 447:Drivers/CMSIS/Include/cmsis_gcc.h ****   \details Disables FIQ interrupts by setting the F-bit in the CPSR.
 448:Drivers/CMSIS/Include/cmsis_gcc.h ****            Can only be executed in Privileged modes.
 449:Drivers/CMSIS/Include/cmsis_gcc.h ****  */
 450:Drivers/CMSIS/Include/cmsis_gcc.h **** __STATIC_FORCEINLINE void __disable_fault_irq(void)
 451:Drivers/CMSIS/Include/cmsis_gcc.h **** {
 452:Drivers/CMSIS/Include/cmsis_gcc.h ****   __ASM volatile ("cpsid f" : : : "memory");
 453:Drivers/CMSIS/Include/cmsis_gcc.h **** }
 454:Drivers/CMSIS/Include/cmsis_gcc.h **** 
 455:Drivers/CMSIS/Include/cmsis_gcc.h **** 
 456:Drivers/CMSIS/Include/cmsis_gcc.h **** /**
 457:Drivers/CMSIS/Include/cmsis_gcc.h ****   \brief   Get Base Priority
 458:Drivers/CMSIS/Include/cmsis_gcc.h ****   \details Returns the current value of the Base Priority register.
 459:Drivers/CMSIS/Include/cmsis_gcc.h ****   \return               Base Priority register value
 460:Drivers/CMSIS/Include/cmsis_gcc.h ****  */
 461:Drivers/CMSIS/Include/cmsis_gcc.h **** __STATIC_FORCEINLINE uint32_t __get_BASEPRI(void)
 462:Drivers/CMSIS/Include/cmsis_gcc.h **** {
 463:Drivers/CMSIS/Include/cmsis_gcc.h ****   uint32_t result;
 464:Drivers/CMSIS/Include/cmsis_gcc.h **** 
 465:Drivers/CMSIS/Include/cmsis_gcc.h ****   __ASM volatile ("MRS %0, basepri" : "=r" (result) );
 466:Drivers/CMSIS/Include/cmsis_gcc.h ****   return(result);
 467:Drivers/CMSIS/Include/cmsis_gcc.h **** }
 468:Drivers/CMSIS/Include/cmsis_gcc.h **** 
 469:Drivers/CMSIS/Include/cmsis_gcc.h **** 
 470:Drivers/CMSIS/Include/cmsis_gcc.h **** #if (defined (__ARM_FEATURE_CMSE ) && (__ARM_FEATURE_CMSE == 3))
 471:Drivers/CMSIS/Include/cmsis_gcc.h **** /**
 472:Drivers/CMSIS/Include/cmsis_gcc.h ****   \brief   Get Base Priority (non-secure)
ARM GAS  /tmp/ccQ4qZLu.s 			page 36


 473:Drivers/CMSIS/Include/cmsis_gcc.h ****   \details Returns the current value of the non-secure Base Priority register when in secure state.
 474:Drivers/CMSIS/Include/cmsis_gcc.h ****   \return               Base Priority register value
 475:Drivers/CMSIS/Include/cmsis_gcc.h ****  */
 476:Drivers/CMSIS/Include/cmsis_gcc.h **** __STATIC_FORCEINLINE uint32_t __TZ_get_BASEPRI_NS(void)
 477:Drivers/CMSIS/Include/cmsis_gcc.h **** {
 478:Drivers/CMSIS/Include/cmsis_gcc.h ****   uint32_t result;
 479:Drivers/CMSIS/Include/cmsis_gcc.h **** 
 480:Drivers/CMSIS/Include/cmsis_gcc.h ****   __ASM volatile ("MRS %0, basepri_ns" : "=r" (result) );
 481:Drivers/CMSIS/Include/cmsis_gcc.h ****   return(result);
 482:Drivers/CMSIS/Include/cmsis_gcc.h **** }
 483:Drivers/CMSIS/Include/cmsis_gcc.h **** #endif
 484:Drivers/CMSIS/Include/cmsis_gcc.h **** 
 485:Drivers/CMSIS/Include/cmsis_gcc.h **** 
 486:Drivers/CMSIS/Include/cmsis_gcc.h **** /**
 487:Drivers/CMSIS/Include/cmsis_gcc.h ****   \brief   Set Base Priority
 488:Drivers/CMSIS/Include/cmsis_gcc.h ****   \details Assigns the given value to the Base Priority register.
 489:Drivers/CMSIS/Include/cmsis_gcc.h ****   \param [in]    basePri  Base Priority value to set
 490:Drivers/CMSIS/Include/cmsis_gcc.h ****  */
 491:Drivers/CMSIS/Include/cmsis_gcc.h **** __STATIC_FORCEINLINE void __set_BASEPRI(uint32_t basePri)
 492:Drivers/CMSIS/Include/cmsis_gcc.h **** {
 493:Drivers/CMSIS/Include/cmsis_gcc.h ****   __ASM volatile ("MSR basepri, %0" : : "r" (basePri) : "memory");
 494:Drivers/CMSIS/Include/cmsis_gcc.h **** }
 495:Drivers/CMSIS/Include/cmsis_gcc.h **** 
 496:Drivers/CMSIS/Include/cmsis_gcc.h **** 
 497:Drivers/CMSIS/Include/cmsis_gcc.h **** #if (defined (__ARM_FEATURE_CMSE ) && (__ARM_FEATURE_CMSE == 3))
 498:Drivers/CMSIS/Include/cmsis_gcc.h **** /**
 499:Drivers/CMSIS/Include/cmsis_gcc.h ****   \brief   Set Base Priority (non-secure)
 500:Drivers/CMSIS/Include/cmsis_gcc.h ****   \details Assigns the given value to the non-secure Base Priority register when in secure state.
 501:Drivers/CMSIS/Include/cmsis_gcc.h ****   \param [in]    basePri  Base Priority value to set
 502:Drivers/CMSIS/Include/cmsis_gcc.h ****  */
 503:Drivers/CMSIS/Include/cmsis_gcc.h **** __STATIC_FORCEINLINE void __TZ_set_BASEPRI_NS(uint32_t basePri)
 504:Drivers/CMSIS/Include/cmsis_gcc.h **** {
 505:Drivers/CMSIS/Include/cmsis_gcc.h ****   __ASM volatile ("MSR basepri_ns, %0" : : "r" (basePri) : "memory");
 506:Drivers/CMSIS/Include/cmsis_gcc.h **** }
 507:Drivers/CMSIS/Include/cmsis_gcc.h **** #endif
 508:Drivers/CMSIS/Include/cmsis_gcc.h **** 
 509:Drivers/CMSIS/Include/cmsis_gcc.h **** 
 510:Drivers/CMSIS/Include/cmsis_gcc.h **** /**
 511:Drivers/CMSIS/Include/cmsis_gcc.h ****   \brief   Set Base Priority with condition
 512:Drivers/CMSIS/Include/cmsis_gcc.h ****   \details Assigns the given value to the Base Priority register only if BASEPRI masking is disable
 513:Drivers/CMSIS/Include/cmsis_gcc.h ****            or the new value increases the BASEPRI priority level.
 514:Drivers/CMSIS/Include/cmsis_gcc.h ****   \param [in]    basePri  Base Priority value to set
 515:Drivers/CMSIS/Include/cmsis_gcc.h ****  */
 516:Drivers/CMSIS/Include/cmsis_gcc.h **** __STATIC_FORCEINLINE void __set_BASEPRI_MAX(uint32_t basePri)
 517:Drivers/CMSIS/Include/cmsis_gcc.h **** {
 518:Drivers/CMSIS/Include/cmsis_gcc.h ****   __ASM volatile ("MSR basepri_max, %0" : : "r" (basePri) : "memory");
 519:Drivers/CMSIS/Include/cmsis_gcc.h **** }
 520:Drivers/CMSIS/Include/cmsis_gcc.h **** 
 521:Drivers/CMSIS/Include/cmsis_gcc.h **** 
 522:Drivers/CMSIS/Include/cmsis_gcc.h **** /**
 523:Drivers/CMSIS/Include/cmsis_gcc.h ****   \brief   Get Fault Mask
 524:Drivers/CMSIS/Include/cmsis_gcc.h ****   \details Returns the current value of the Fault Mask register.
 525:Drivers/CMSIS/Include/cmsis_gcc.h ****   \return               Fault Mask register value
 526:Drivers/CMSIS/Include/cmsis_gcc.h ****  */
 527:Drivers/CMSIS/Include/cmsis_gcc.h **** __STATIC_FORCEINLINE uint32_t __get_FAULTMASK(void)
 528:Drivers/CMSIS/Include/cmsis_gcc.h **** {
 529:Drivers/CMSIS/Include/cmsis_gcc.h ****   uint32_t result;
ARM GAS  /tmp/ccQ4qZLu.s 			page 37


 530:Drivers/CMSIS/Include/cmsis_gcc.h **** 
 531:Drivers/CMSIS/Include/cmsis_gcc.h ****   __ASM volatile ("MRS %0, faultmask" : "=r" (result) );
 532:Drivers/CMSIS/Include/cmsis_gcc.h ****   return(result);
 533:Drivers/CMSIS/Include/cmsis_gcc.h **** }
 534:Drivers/CMSIS/Include/cmsis_gcc.h **** 
 535:Drivers/CMSIS/Include/cmsis_gcc.h **** 
 536:Drivers/CMSIS/Include/cmsis_gcc.h **** #if (defined (__ARM_FEATURE_CMSE ) && (__ARM_FEATURE_CMSE == 3))
 537:Drivers/CMSIS/Include/cmsis_gcc.h **** /**
 538:Drivers/CMSIS/Include/cmsis_gcc.h ****   \brief   Get Fault Mask (non-secure)
 539:Drivers/CMSIS/Include/cmsis_gcc.h ****   \details Returns the current value of the non-secure Fault Mask register when in secure state.
 540:Drivers/CMSIS/Include/cmsis_gcc.h ****   \return               Fault Mask register value
 541:Drivers/CMSIS/Include/cmsis_gcc.h ****  */
 542:Drivers/CMSIS/Include/cmsis_gcc.h **** __STATIC_FORCEINLINE uint32_t __TZ_get_FAULTMASK_NS(void)
 543:Drivers/CMSIS/Include/cmsis_gcc.h **** {
 544:Drivers/CMSIS/Include/cmsis_gcc.h ****   uint32_t result;
 545:Drivers/CMSIS/Include/cmsis_gcc.h **** 
 546:Drivers/CMSIS/Include/cmsis_gcc.h ****   __ASM volatile ("MRS %0, faultmask_ns" : "=r" (result) );
 547:Drivers/CMSIS/Include/cmsis_gcc.h ****   return(result);
 548:Drivers/CMSIS/Include/cmsis_gcc.h **** }
 549:Drivers/CMSIS/Include/cmsis_gcc.h **** #endif
 550:Drivers/CMSIS/Include/cmsis_gcc.h **** 
 551:Drivers/CMSIS/Include/cmsis_gcc.h **** 
 552:Drivers/CMSIS/Include/cmsis_gcc.h **** /**
 553:Drivers/CMSIS/Include/cmsis_gcc.h ****   \brief   Set Fault Mask
 554:Drivers/CMSIS/Include/cmsis_gcc.h ****   \details Assigns the given value to the Fault Mask register.
 555:Drivers/CMSIS/Include/cmsis_gcc.h ****   \param [in]    faultMask  Fault Mask value to set
 556:Drivers/CMSIS/Include/cmsis_gcc.h ****  */
 557:Drivers/CMSIS/Include/cmsis_gcc.h **** __STATIC_FORCEINLINE void __set_FAULTMASK(uint32_t faultMask)
 558:Drivers/CMSIS/Include/cmsis_gcc.h **** {
 559:Drivers/CMSIS/Include/cmsis_gcc.h ****   __ASM volatile ("MSR faultmask, %0" : : "r" (faultMask) : "memory");
 560:Drivers/CMSIS/Include/cmsis_gcc.h **** }
 561:Drivers/CMSIS/Include/cmsis_gcc.h **** 
 562:Drivers/CMSIS/Include/cmsis_gcc.h **** 
 563:Drivers/CMSIS/Include/cmsis_gcc.h **** #if (defined (__ARM_FEATURE_CMSE ) && (__ARM_FEATURE_CMSE == 3))
 564:Drivers/CMSIS/Include/cmsis_gcc.h **** /**
 565:Drivers/CMSIS/Include/cmsis_gcc.h ****   \brief   Set Fault Mask (non-secure)
 566:Drivers/CMSIS/Include/cmsis_gcc.h ****   \details Assigns the given value to the non-secure Fault Mask register when in secure state.
 567:Drivers/CMSIS/Include/cmsis_gcc.h ****   \param [in]    faultMask  Fault Mask value to set
 568:Drivers/CMSIS/Include/cmsis_gcc.h ****  */
 569:Drivers/CMSIS/Include/cmsis_gcc.h **** __STATIC_FORCEINLINE void __TZ_set_FAULTMASK_NS(uint32_t faultMask)
 570:Drivers/CMSIS/Include/cmsis_gcc.h **** {
 571:Drivers/CMSIS/Include/cmsis_gcc.h ****   __ASM volatile ("MSR faultmask_ns, %0" : : "r" (faultMask) : "memory");
 572:Drivers/CMSIS/Include/cmsis_gcc.h **** }
 573:Drivers/CMSIS/Include/cmsis_gcc.h **** #endif
 574:Drivers/CMSIS/Include/cmsis_gcc.h **** 
 575:Drivers/CMSIS/Include/cmsis_gcc.h **** #endif /* ((defined (__ARM_ARCH_7M__      ) && (__ARM_ARCH_7M__      == 1)) || \
 576:Drivers/CMSIS/Include/cmsis_gcc.h ****            (defined (__ARM_ARCH_7EM__     ) && (__ARM_ARCH_7EM__     == 1)) || \
 577:Drivers/CMSIS/Include/cmsis_gcc.h ****            (defined (__ARM_ARCH_8M_MAIN__ ) && (__ARM_ARCH_8M_MAIN__ == 1))    ) */
 578:Drivers/CMSIS/Include/cmsis_gcc.h **** 
 579:Drivers/CMSIS/Include/cmsis_gcc.h **** 
 580:Drivers/CMSIS/Include/cmsis_gcc.h **** #if ((defined (__ARM_ARCH_8M_MAIN__ ) && (__ARM_ARCH_8M_MAIN__ == 1)) || \
 581:Drivers/CMSIS/Include/cmsis_gcc.h ****      (defined (__ARM_ARCH_8M_BASE__ ) && (__ARM_ARCH_8M_BASE__ == 1))    )
 582:Drivers/CMSIS/Include/cmsis_gcc.h **** 
 583:Drivers/CMSIS/Include/cmsis_gcc.h **** /**
 584:Drivers/CMSIS/Include/cmsis_gcc.h ****   \brief   Get Process Stack Pointer Limit
 585:Drivers/CMSIS/Include/cmsis_gcc.h ****   Devices without ARMv8-M Main Extensions (i.e. Cortex-M23) lack the non-secure
 586:Drivers/CMSIS/Include/cmsis_gcc.h ****   Stack Pointer Limit register hence zero is returned always in non-secure
ARM GAS  /tmp/ccQ4qZLu.s 			page 38


 587:Drivers/CMSIS/Include/cmsis_gcc.h ****   mode.
 588:Drivers/CMSIS/Include/cmsis_gcc.h ****   
 589:Drivers/CMSIS/Include/cmsis_gcc.h ****   \details Returns the current value of the Process Stack Pointer Limit (PSPLIM).
 590:Drivers/CMSIS/Include/cmsis_gcc.h ****   \return               PSPLIM Register value
 591:Drivers/CMSIS/Include/cmsis_gcc.h ****  */
 592:Drivers/CMSIS/Include/cmsis_gcc.h **** __STATIC_FORCEINLINE uint32_t __get_PSPLIM(void)
 593:Drivers/CMSIS/Include/cmsis_gcc.h **** {
 594:Drivers/CMSIS/Include/cmsis_gcc.h **** #if (!(defined (__ARM_ARCH_8M_MAIN__ ) && (__ARM_ARCH_8M_MAIN__ == 1)) && \
 595:Drivers/CMSIS/Include/cmsis_gcc.h ****     (!defined (__ARM_FEATURE_CMSE) || (__ARM_FEATURE_CMSE < 3)))
 596:Drivers/CMSIS/Include/cmsis_gcc.h ****     // without main extensions, the non-secure PSPLIM is RAZ/WI
 597:Drivers/CMSIS/Include/cmsis_gcc.h ****   return 0U;
 598:Drivers/CMSIS/Include/cmsis_gcc.h **** #else
 599:Drivers/CMSIS/Include/cmsis_gcc.h ****   uint32_t result;
 600:Drivers/CMSIS/Include/cmsis_gcc.h ****   __ASM volatile ("MRS %0, psplim"  : "=r" (result) );
 601:Drivers/CMSIS/Include/cmsis_gcc.h ****   return result;
 602:Drivers/CMSIS/Include/cmsis_gcc.h **** #endif
 603:Drivers/CMSIS/Include/cmsis_gcc.h **** }
 604:Drivers/CMSIS/Include/cmsis_gcc.h **** 
 605:Drivers/CMSIS/Include/cmsis_gcc.h **** #if (defined (__ARM_FEATURE_CMSE) && (__ARM_FEATURE_CMSE == 3))
 606:Drivers/CMSIS/Include/cmsis_gcc.h **** /**
 607:Drivers/CMSIS/Include/cmsis_gcc.h ****   \brief   Get Process Stack Pointer Limit (non-secure)
 608:Drivers/CMSIS/Include/cmsis_gcc.h ****   Devices without ARMv8-M Main Extensions (i.e. Cortex-M23) lack the non-secure
 609:Drivers/CMSIS/Include/cmsis_gcc.h ****   Stack Pointer Limit register hence zero is returned always.
 610:Drivers/CMSIS/Include/cmsis_gcc.h **** 
 611:Drivers/CMSIS/Include/cmsis_gcc.h ****   \details Returns the current value of the non-secure Process Stack Pointer Limit (PSPLIM) when in
 612:Drivers/CMSIS/Include/cmsis_gcc.h ****   \return               PSPLIM Register value
 613:Drivers/CMSIS/Include/cmsis_gcc.h ****  */
 614:Drivers/CMSIS/Include/cmsis_gcc.h **** __STATIC_FORCEINLINE uint32_t __TZ_get_PSPLIM_NS(void)
 615:Drivers/CMSIS/Include/cmsis_gcc.h **** {
 616:Drivers/CMSIS/Include/cmsis_gcc.h **** #if (!(defined (__ARM_ARCH_8M_MAIN__ ) && (__ARM_ARCH_8M_MAIN__ == 1)))
 617:Drivers/CMSIS/Include/cmsis_gcc.h ****   // without main extensions, the non-secure PSPLIM is RAZ/WI
 618:Drivers/CMSIS/Include/cmsis_gcc.h ****   return 0U;
 619:Drivers/CMSIS/Include/cmsis_gcc.h **** #else
 620:Drivers/CMSIS/Include/cmsis_gcc.h ****   uint32_t result;
 621:Drivers/CMSIS/Include/cmsis_gcc.h ****   __ASM volatile ("MRS %0, psplim_ns"  : "=r" (result) );
 622:Drivers/CMSIS/Include/cmsis_gcc.h ****   return result;
 623:Drivers/CMSIS/Include/cmsis_gcc.h **** #endif
 624:Drivers/CMSIS/Include/cmsis_gcc.h **** }
 625:Drivers/CMSIS/Include/cmsis_gcc.h **** #endif
 626:Drivers/CMSIS/Include/cmsis_gcc.h **** 
 627:Drivers/CMSIS/Include/cmsis_gcc.h **** 
 628:Drivers/CMSIS/Include/cmsis_gcc.h **** /**
 629:Drivers/CMSIS/Include/cmsis_gcc.h ****   \brief   Set Process Stack Pointer Limit
 630:Drivers/CMSIS/Include/cmsis_gcc.h ****   Devices without ARMv8-M Main Extensions (i.e. Cortex-M23) lack the non-secure
 631:Drivers/CMSIS/Include/cmsis_gcc.h ****   Stack Pointer Limit register hence the write is silently ignored in non-secure
 632:Drivers/CMSIS/Include/cmsis_gcc.h ****   mode.
 633:Drivers/CMSIS/Include/cmsis_gcc.h ****   
 634:Drivers/CMSIS/Include/cmsis_gcc.h ****   \details Assigns the given value to the Process Stack Pointer Limit (PSPLIM).
 635:Drivers/CMSIS/Include/cmsis_gcc.h ****   \param [in]    ProcStackPtrLimit  Process Stack Pointer Limit value to set
 636:Drivers/CMSIS/Include/cmsis_gcc.h ****  */
 637:Drivers/CMSIS/Include/cmsis_gcc.h **** __STATIC_FORCEINLINE void __set_PSPLIM(uint32_t ProcStackPtrLimit)
 638:Drivers/CMSIS/Include/cmsis_gcc.h **** {
 639:Drivers/CMSIS/Include/cmsis_gcc.h **** #if (!(defined (__ARM_ARCH_8M_MAIN__ ) && (__ARM_ARCH_8M_MAIN__ == 1)) && \
 640:Drivers/CMSIS/Include/cmsis_gcc.h ****     (!defined (__ARM_FEATURE_CMSE) || (__ARM_FEATURE_CMSE < 3)))
 641:Drivers/CMSIS/Include/cmsis_gcc.h ****   // without main extensions, the non-secure PSPLIM is RAZ/WI
 642:Drivers/CMSIS/Include/cmsis_gcc.h ****   (void)ProcStackPtrLimit;
 643:Drivers/CMSIS/Include/cmsis_gcc.h **** #else
ARM GAS  /tmp/ccQ4qZLu.s 			page 39


 644:Drivers/CMSIS/Include/cmsis_gcc.h ****   __ASM volatile ("MSR psplim, %0" : : "r" (ProcStackPtrLimit));
 645:Drivers/CMSIS/Include/cmsis_gcc.h **** #endif
 646:Drivers/CMSIS/Include/cmsis_gcc.h **** }
 647:Drivers/CMSIS/Include/cmsis_gcc.h **** 
 648:Drivers/CMSIS/Include/cmsis_gcc.h **** 
 649:Drivers/CMSIS/Include/cmsis_gcc.h **** #if (defined (__ARM_FEATURE_CMSE  ) && (__ARM_FEATURE_CMSE   == 3))
 650:Drivers/CMSIS/Include/cmsis_gcc.h **** /**
 651:Drivers/CMSIS/Include/cmsis_gcc.h ****   \brief   Set Process Stack Pointer (non-secure)
 652:Drivers/CMSIS/Include/cmsis_gcc.h ****   Devices without ARMv8-M Main Extensions (i.e. Cortex-M23) lack the non-secure
 653:Drivers/CMSIS/Include/cmsis_gcc.h ****   Stack Pointer Limit register hence the write is silently ignored.
 654:Drivers/CMSIS/Include/cmsis_gcc.h **** 
 655:Drivers/CMSIS/Include/cmsis_gcc.h ****   \details Assigns the given value to the non-secure Process Stack Pointer Limit (PSPLIM) when in s
 656:Drivers/CMSIS/Include/cmsis_gcc.h ****   \param [in]    ProcStackPtrLimit  Process Stack Pointer Limit value to set
 657:Drivers/CMSIS/Include/cmsis_gcc.h ****  */
 658:Drivers/CMSIS/Include/cmsis_gcc.h **** __STATIC_FORCEINLINE void __TZ_set_PSPLIM_NS(uint32_t ProcStackPtrLimit)
 659:Drivers/CMSIS/Include/cmsis_gcc.h **** {
 660:Drivers/CMSIS/Include/cmsis_gcc.h **** #if (!(defined (__ARM_ARCH_8M_MAIN__ ) && (__ARM_ARCH_8M_MAIN__ == 1)))
 661:Drivers/CMSIS/Include/cmsis_gcc.h ****   // without main extensions, the non-secure PSPLIM is RAZ/WI
 662:Drivers/CMSIS/Include/cmsis_gcc.h ****   (void)ProcStackPtrLimit;
 663:Drivers/CMSIS/Include/cmsis_gcc.h **** #else
 664:Drivers/CMSIS/Include/cmsis_gcc.h ****   __ASM volatile ("MSR psplim_ns, %0\n" : : "r" (ProcStackPtrLimit));
 665:Drivers/CMSIS/Include/cmsis_gcc.h **** #endif
 666:Drivers/CMSIS/Include/cmsis_gcc.h **** }
 667:Drivers/CMSIS/Include/cmsis_gcc.h **** #endif
 668:Drivers/CMSIS/Include/cmsis_gcc.h **** 
 669:Drivers/CMSIS/Include/cmsis_gcc.h **** 
 670:Drivers/CMSIS/Include/cmsis_gcc.h **** /**
 671:Drivers/CMSIS/Include/cmsis_gcc.h ****   \brief   Get Main Stack Pointer Limit
 672:Drivers/CMSIS/Include/cmsis_gcc.h ****   Devices without ARMv8-M Main Extensions (i.e. Cortex-M23) lack the non-secure
 673:Drivers/CMSIS/Include/cmsis_gcc.h ****   Stack Pointer Limit register hence zero is returned always in non-secure
 674:Drivers/CMSIS/Include/cmsis_gcc.h ****   mode.
 675:Drivers/CMSIS/Include/cmsis_gcc.h **** 
 676:Drivers/CMSIS/Include/cmsis_gcc.h ****   \details Returns the current value of the Main Stack Pointer Limit (MSPLIM).
 677:Drivers/CMSIS/Include/cmsis_gcc.h ****   \return               MSPLIM Register value
 678:Drivers/CMSIS/Include/cmsis_gcc.h ****  */
 679:Drivers/CMSIS/Include/cmsis_gcc.h **** __STATIC_FORCEINLINE uint32_t __get_MSPLIM(void)
 680:Drivers/CMSIS/Include/cmsis_gcc.h **** {
 681:Drivers/CMSIS/Include/cmsis_gcc.h **** #if (!(defined (__ARM_ARCH_8M_MAIN__ ) && (__ARM_ARCH_8M_MAIN__ == 1)) && \
 682:Drivers/CMSIS/Include/cmsis_gcc.h ****     (!defined (__ARM_FEATURE_CMSE) || (__ARM_FEATURE_CMSE < 3)))
 683:Drivers/CMSIS/Include/cmsis_gcc.h ****   // without main extensions, the non-secure MSPLIM is RAZ/WI
 684:Drivers/CMSIS/Include/cmsis_gcc.h ****   return 0U;
 685:Drivers/CMSIS/Include/cmsis_gcc.h **** #else
 686:Drivers/CMSIS/Include/cmsis_gcc.h ****   uint32_t result;
 687:Drivers/CMSIS/Include/cmsis_gcc.h ****   __ASM volatile ("MRS %0, msplim" : "=r" (result) );
 688:Drivers/CMSIS/Include/cmsis_gcc.h ****   return result;
 689:Drivers/CMSIS/Include/cmsis_gcc.h **** #endif
 690:Drivers/CMSIS/Include/cmsis_gcc.h **** }
 691:Drivers/CMSIS/Include/cmsis_gcc.h **** 
 692:Drivers/CMSIS/Include/cmsis_gcc.h **** 
 693:Drivers/CMSIS/Include/cmsis_gcc.h **** #if (defined (__ARM_FEATURE_CMSE  ) && (__ARM_FEATURE_CMSE   == 3))
 694:Drivers/CMSIS/Include/cmsis_gcc.h **** /**
 695:Drivers/CMSIS/Include/cmsis_gcc.h ****   \brief   Get Main Stack Pointer Limit (non-secure)
 696:Drivers/CMSIS/Include/cmsis_gcc.h ****   Devices without ARMv8-M Main Extensions (i.e. Cortex-M23) lack the non-secure
 697:Drivers/CMSIS/Include/cmsis_gcc.h ****   Stack Pointer Limit register hence zero is returned always.
 698:Drivers/CMSIS/Include/cmsis_gcc.h **** 
 699:Drivers/CMSIS/Include/cmsis_gcc.h ****   \details Returns the current value of the non-secure Main Stack Pointer Limit(MSPLIM) when in sec
 700:Drivers/CMSIS/Include/cmsis_gcc.h ****   \return               MSPLIM Register value
ARM GAS  /tmp/ccQ4qZLu.s 			page 40


 701:Drivers/CMSIS/Include/cmsis_gcc.h ****  */
 702:Drivers/CMSIS/Include/cmsis_gcc.h **** __STATIC_FORCEINLINE uint32_t __TZ_get_MSPLIM_NS(void)
 703:Drivers/CMSIS/Include/cmsis_gcc.h **** {
 704:Drivers/CMSIS/Include/cmsis_gcc.h **** #if (!(defined (__ARM_ARCH_8M_MAIN__ ) && (__ARM_ARCH_8M_MAIN__ == 1)))
 705:Drivers/CMSIS/Include/cmsis_gcc.h ****   // without main extensions, the non-secure MSPLIM is RAZ/WI
 706:Drivers/CMSIS/Include/cmsis_gcc.h ****   return 0U;
 707:Drivers/CMSIS/Include/cmsis_gcc.h **** #else
 708:Drivers/CMSIS/Include/cmsis_gcc.h ****   uint32_t result;
 709:Drivers/CMSIS/Include/cmsis_gcc.h ****   __ASM volatile ("MRS %0, msplim_ns" : "=r" (result) );
 710:Drivers/CMSIS/Include/cmsis_gcc.h ****   return result;
 711:Drivers/CMSIS/Include/cmsis_gcc.h **** #endif
 712:Drivers/CMSIS/Include/cmsis_gcc.h **** }
 713:Drivers/CMSIS/Include/cmsis_gcc.h **** #endif
 714:Drivers/CMSIS/Include/cmsis_gcc.h **** 
 715:Drivers/CMSIS/Include/cmsis_gcc.h **** 
 716:Drivers/CMSIS/Include/cmsis_gcc.h **** /**
 717:Drivers/CMSIS/Include/cmsis_gcc.h ****   \brief   Set Main Stack Pointer Limit
 718:Drivers/CMSIS/Include/cmsis_gcc.h ****   Devices without ARMv8-M Main Extensions (i.e. Cortex-M23) lack the non-secure
 719:Drivers/CMSIS/Include/cmsis_gcc.h ****   Stack Pointer Limit register hence the write is silently ignored in non-secure
 720:Drivers/CMSIS/Include/cmsis_gcc.h ****   mode.
 721:Drivers/CMSIS/Include/cmsis_gcc.h **** 
 722:Drivers/CMSIS/Include/cmsis_gcc.h ****   \details Assigns the given value to the Main Stack Pointer Limit (MSPLIM).
 723:Drivers/CMSIS/Include/cmsis_gcc.h ****   \param [in]    MainStackPtrLimit  Main Stack Pointer Limit value to set
 724:Drivers/CMSIS/Include/cmsis_gcc.h ****  */
 725:Drivers/CMSIS/Include/cmsis_gcc.h **** __STATIC_FORCEINLINE void __set_MSPLIM(uint32_t MainStackPtrLimit)
 726:Drivers/CMSIS/Include/cmsis_gcc.h **** {
 727:Drivers/CMSIS/Include/cmsis_gcc.h **** #if (!(defined (__ARM_ARCH_8M_MAIN__ ) && (__ARM_ARCH_8M_MAIN__ == 1)) && \
 728:Drivers/CMSIS/Include/cmsis_gcc.h ****     (!defined (__ARM_FEATURE_CMSE) || (__ARM_FEATURE_CMSE < 3)))
 729:Drivers/CMSIS/Include/cmsis_gcc.h ****   // without main extensions, the non-secure MSPLIM is RAZ/WI
 730:Drivers/CMSIS/Include/cmsis_gcc.h ****   (void)MainStackPtrLimit;
 731:Drivers/CMSIS/Include/cmsis_gcc.h **** #else
 732:Drivers/CMSIS/Include/cmsis_gcc.h ****   __ASM volatile ("MSR msplim, %0" : : "r" (MainStackPtrLimit));
 733:Drivers/CMSIS/Include/cmsis_gcc.h **** #endif
 734:Drivers/CMSIS/Include/cmsis_gcc.h **** }
 735:Drivers/CMSIS/Include/cmsis_gcc.h **** 
 736:Drivers/CMSIS/Include/cmsis_gcc.h **** 
 737:Drivers/CMSIS/Include/cmsis_gcc.h **** #if (defined (__ARM_FEATURE_CMSE  ) && (__ARM_FEATURE_CMSE   == 3))
 738:Drivers/CMSIS/Include/cmsis_gcc.h **** /**
 739:Drivers/CMSIS/Include/cmsis_gcc.h ****   \brief   Set Main Stack Pointer Limit (non-secure)
 740:Drivers/CMSIS/Include/cmsis_gcc.h ****   Devices without ARMv8-M Main Extensions (i.e. Cortex-M23) lack the non-secure
 741:Drivers/CMSIS/Include/cmsis_gcc.h ****   Stack Pointer Limit register hence the write is silently ignored.
 742:Drivers/CMSIS/Include/cmsis_gcc.h **** 
 743:Drivers/CMSIS/Include/cmsis_gcc.h ****   \details Assigns the given value to the non-secure Main Stack Pointer Limit (MSPLIM) when in secu
 744:Drivers/CMSIS/Include/cmsis_gcc.h ****   \param [in]    MainStackPtrLimit  Main Stack Pointer value to set
 745:Drivers/CMSIS/Include/cmsis_gcc.h ****  */
 746:Drivers/CMSIS/Include/cmsis_gcc.h **** __STATIC_FORCEINLINE void __TZ_set_MSPLIM_NS(uint32_t MainStackPtrLimit)
 747:Drivers/CMSIS/Include/cmsis_gcc.h **** {
 748:Drivers/CMSIS/Include/cmsis_gcc.h **** #if (!(defined (__ARM_ARCH_8M_MAIN__ ) && (__ARM_ARCH_8M_MAIN__ == 1)))
 749:Drivers/CMSIS/Include/cmsis_gcc.h ****   // without main extensions, the non-secure MSPLIM is RAZ/WI
 750:Drivers/CMSIS/Include/cmsis_gcc.h ****   (void)MainStackPtrLimit;
 751:Drivers/CMSIS/Include/cmsis_gcc.h **** #else
 752:Drivers/CMSIS/Include/cmsis_gcc.h ****   __ASM volatile ("MSR msplim_ns, %0" : : "r" (MainStackPtrLimit));
 753:Drivers/CMSIS/Include/cmsis_gcc.h **** #endif
 754:Drivers/CMSIS/Include/cmsis_gcc.h **** }
 755:Drivers/CMSIS/Include/cmsis_gcc.h **** #endif
 756:Drivers/CMSIS/Include/cmsis_gcc.h **** 
 757:Drivers/CMSIS/Include/cmsis_gcc.h **** #endif /* ((defined (__ARM_ARCH_8M_MAIN__ ) && (__ARM_ARCH_8M_MAIN__ == 1)) || \
ARM GAS  /tmp/ccQ4qZLu.s 			page 41


 758:Drivers/CMSIS/Include/cmsis_gcc.h ****            (defined (__ARM_ARCH_8M_BASE__ ) && (__ARM_ARCH_8M_BASE__ == 1))    ) */
 759:Drivers/CMSIS/Include/cmsis_gcc.h **** 
 760:Drivers/CMSIS/Include/cmsis_gcc.h **** 
 761:Drivers/CMSIS/Include/cmsis_gcc.h **** /**
 762:Drivers/CMSIS/Include/cmsis_gcc.h ****   \brief   Get FPSCR
 763:Drivers/CMSIS/Include/cmsis_gcc.h ****   \details Returns the current value of the Floating Point Status/Control register.
 764:Drivers/CMSIS/Include/cmsis_gcc.h ****   \return               Floating Point Status/Control register value
 765:Drivers/CMSIS/Include/cmsis_gcc.h ****  */
 766:Drivers/CMSIS/Include/cmsis_gcc.h **** __STATIC_FORCEINLINE uint32_t __get_FPSCR(void)
 767:Drivers/CMSIS/Include/cmsis_gcc.h **** {
 768:Drivers/CMSIS/Include/cmsis_gcc.h **** #if ((defined (__FPU_PRESENT) && (__FPU_PRESENT == 1U)) && \
 769:Drivers/CMSIS/Include/cmsis_gcc.h ****      (defined (__FPU_USED   ) && (__FPU_USED    == 1U))     )
 770:Drivers/CMSIS/Include/cmsis_gcc.h **** #if __has_builtin(__builtin_arm_get_fpscr) 
 771:Drivers/CMSIS/Include/cmsis_gcc.h **** // Re-enable using built-in when GCC has been fixed
 772:Drivers/CMSIS/Include/cmsis_gcc.h **** // || (__GNUC__ > 7) || (__GNUC__ == 7 && __GNUC_MINOR__ >= 2)
 773:Drivers/CMSIS/Include/cmsis_gcc.h ****   /* see https://gcc.gnu.org/ml/gcc-patches/2017-04/msg00443.html */
 774:Drivers/CMSIS/Include/cmsis_gcc.h ****   return __builtin_arm_get_fpscr();
 775:Drivers/CMSIS/Include/cmsis_gcc.h **** #else
 776:Drivers/CMSIS/Include/cmsis_gcc.h ****   uint32_t result;
 777:Drivers/CMSIS/Include/cmsis_gcc.h **** 
 778:Drivers/CMSIS/Include/cmsis_gcc.h ****   __ASM volatile ("VMRS %0, fpscr" : "=r" (result) );
 779:Drivers/CMSIS/Include/cmsis_gcc.h ****   return(result);
 780:Drivers/CMSIS/Include/cmsis_gcc.h **** #endif
 781:Drivers/CMSIS/Include/cmsis_gcc.h **** #else
 782:Drivers/CMSIS/Include/cmsis_gcc.h ****   return(0U);
 783:Drivers/CMSIS/Include/cmsis_gcc.h **** #endif
 784:Drivers/CMSIS/Include/cmsis_gcc.h **** }
 785:Drivers/CMSIS/Include/cmsis_gcc.h **** 
 786:Drivers/CMSIS/Include/cmsis_gcc.h **** 
 787:Drivers/CMSIS/Include/cmsis_gcc.h **** /**
 788:Drivers/CMSIS/Include/cmsis_gcc.h ****   \brief   Set FPSCR
 789:Drivers/CMSIS/Include/cmsis_gcc.h ****   \details Assigns the given value to the Floating Point Status/Control register.
 790:Drivers/CMSIS/Include/cmsis_gcc.h ****   \param [in]    fpscr  Floating Point Status/Control value to set
 791:Drivers/CMSIS/Include/cmsis_gcc.h ****  */
 792:Drivers/CMSIS/Include/cmsis_gcc.h **** __STATIC_FORCEINLINE void __set_FPSCR(uint32_t fpscr)
 793:Drivers/CMSIS/Include/cmsis_gcc.h **** {
 794:Drivers/CMSIS/Include/cmsis_gcc.h **** #if ((defined (__FPU_PRESENT) && (__FPU_PRESENT == 1U)) && \
 795:Drivers/CMSIS/Include/cmsis_gcc.h ****      (defined (__FPU_USED   ) && (__FPU_USED    == 1U))     )
 796:Drivers/CMSIS/Include/cmsis_gcc.h **** #if __has_builtin(__builtin_arm_set_fpscr)
 797:Drivers/CMSIS/Include/cmsis_gcc.h **** // Re-enable using built-in when GCC has been fixed
 798:Drivers/CMSIS/Include/cmsis_gcc.h **** // || (__GNUC__ > 7) || (__GNUC__ == 7 && __GNUC_MINOR__ >= 2)
 799:Drivers/CMSIS/Include/cmsis_gcc.h ****   /* see https://gcc.gnu.org/ml/gcc-patches/2017-04/msg00443.html */
 800:Drivers/CMSIS/Include/cmsis_gcc.h ****   __builtin_arm_set_fpscr(fpscr);
 801:Drivers/CMSIS/Include/cmsis_gcc.h **** #else
 802:Drivers/CMSIS/Include/cmsis_gcc.h ****   __ASM volatile ("VMSR fpscr, %0" : : "r" (fpscr) : "vfpcc", "memory");
 803:Drivers/CMSIS/Include/cmsis_gcc.h **** #endif
 804:Drivers/CMSIS/Include/cmsis_gcc.h **** #else
 805:Drivers/CMSIS/Include/cmsis_gcc.h ****   (void)fpscr;
 806:Drivers/CMSIS/Include/cmsis_gcc.h **** #endif
 807:Drivers/CMSIS/Include/cmsis_gcc.h **** }
 808:Drivers/CMSIS/Include/cmsis_gcc.h **** 
 809:Drivers/CMSIS/Include/cmsis_gcc.h **** 
 810:Drivers/CMSIS/Include/cmsis_gcc.h **** /*@} end of CMSIS_Core_RegAccFunctions */
 811:Drivers/CMSIS/Include/cmsis_gcc.h **** 
 812:Drivers/CMSIS/Include/cmsis_gcc.h **** 
 813:Drivers/CMSIS/Include/cmsis_gcc.h **** /* ##########################  Core Instruction Access  ######################### */
 814:Drivers/CMSIS/Include/cmsis_gcc.h **** /** \defgroup CMSIS_Core_InstructionInterface CMSIS Core Instruction Interface
ARM GAS  /tmp/ccQ4qZLu.s 			page 42


 815:Drivers/CMSIS/Include/cmsis_gcc.h ****   Access to dedicated instructions
 816:Drivers/CMSIS/Include/cmsis_gcc.h ****   @{
 817:Drivers/CMSIS/Include/cmsis_gcc.h **** */
 818:Drivers/CMSIS/Include/cmsis_gcc.h **** 
 819:Drivers/CMSIS/Include/cmsis_gcc.h **** /* Define macros for porting to both thumb1 and thumb2.
 820:Drivers/CMSIS/Include/cmsis_gcc.h ****  * For thumb1, use low register (r0-r7), specified by constraint "l"
 821:Drivers/CMSIS/Include/cmsis_gcc.h ****  * Otherwise, use general registers, specified by constraint "r" */
 822:Drivers/CMSIS/Include/cmsis_gcc.h **** #if defined (__thumb__) && !defined (__thumb2__)
 823:Drivers/CMSIS/Include/cmsis_gcc.h **** #define __CMSIS_GCC_OUT_REG(r) "=l" (r)
 824:Drivers/CMSIS/Include/cmsis_gcc.h **** #define __CMSIS_GCC_RW_REG(r) "+l" (r)
 825:Drivers/CMSIS/Include/cmsis_gcc.h **** #define __CMSIS_GCC_USE_REG(r) "l" (r)
 826:Drivers/CMSIS/Include/cmsis_gcc.h **** #else
 827:Drivers/CMSIS/Include/cmsis_gcc.h **** #define __CMSIS_GCC_OUT_REG(r) "=r" (r)
 828:Drivers/CMSIS/Include/cmsis_gcc.h **** #define __CMSIS_GCC_RW_REG(r) "+r" (r)
 829:Drivers/CMSIS/Include/cmsis_gcc.h **** #define __CMSIS_GCC_USE_REG(r) "r" (r)
 830:Drivers/CMSIS/Include/cmsis_gcc.h **** #endif
 831:Drivers/CMSIS/Include/cmsis_gcc.h **** 
 832:Drivers/CMSIS/Include/cmsis_gcc.h **** /**
 833:Drivers/CMSIS/Include/cmsis_gcc.h ****   \brief   No Operation
 834:Drivers/CMSIS/Include/cmsis_gcc.h ****   \details No Operation does nothing. This instruction can be used for code alignment purposes.
 835:Drivers/CMSIS/Include/cmsis_gcc.h ****  */
 836:Drivers/CMSIS/Include/cmsis_gcc.h **** #define __NOP()                             __ASM volatile ("nop")
 837:Drivers/CMSIS/Include/cmsis_gcc.h **** 
 838:Drivers/CMSIS/Include/cmsis_gcc.h **** /**
 839:Drivers/CMSIS/Include/cmsis_gcc.h ****   \brief   Wait For Interrupt
 840:Drivers/CMSIS/Include/cmsis_gcc.h ****   \details Wait For Interrupt is a hint instruction that suspends execution until one of a number o
 841:Drivers/CMSIS/Include/cmsis_gcc.h ****  */
 842:Drivers/CMSIS/Include/cmsis_gcc.h **** #define __WFI()                             __ASM volatile ("wfi")
 843:Drivers/CMSIS/Include/cmsis_gcc.h **** 
 844:Drivers/CMSIS/Include/cmsis_gcc.h **** 
 845:Drivers/CMSIS/Include/cmsis_gcc.h **** /**
 846:Drivers/CMSIS/Include/cmsis_gcc.h ****   \brief   Wait For Event
 847:Drivers/CMSIS/Include/cmsis_gcc.h ****   \details Wait For Event is a hint instruction that permits the processor to enter
 848:Drivers/CMSIS/Include/cmsis_gcc.h ****            a low-power state until one of a number of events occurs.
 849:Drivers/CMSIS/Include/cmsis_gcc.h ****  */
 850:Drivers/CMSIS/Include/cmsis_gcc.h **** #define __WFE()                             __ASM volatile ("wfe")
 851:Drivers/CMSIS/Include/cmsis_gcc.h **** 
 852:Drivers/CMSIS/Include/cmsis_gcc.h **** 
 853:Drivers/CMSIS/Include/cmsis_gcc.h **** /**
 854:Drivers/CMSIS/Include/cmsis_gcc.h ****   \brief   Send Event
 855:Drivers/CMSIS/Include/cmsis_gcc.h ****   \details Send Event is a hint instruction. It causes an event to be signaled to the CPU.
 856:Drivers/CMSIS/Include/cmsis_gcc.h ****  */
 857:Drivers/CMSIS/Include/cmsis_gcc.h **** #define __SEV()                             __ASM volatile ("sev")
 858:Drivers/CMSIS/Include/cmsis_gcc.h **** 
 859:Drivers/CMSIS/Include/cmsis_gcc.h **** 
 860:Drivers/CMSIS/Include/cmsis_gcc.h **** /**
 861:Drivers/CMSIS/Include/cmsis_gcc.h ****   \brief   Instruction Synchronization Barrier
 862:Drivers/CMSIS/Include/cmsis_gcc.h ****   \details Instruction Synchronization Barrier flushes the pipeline in the processor,
 863:Drivers/CMSIS/Include/cmsis_gcc.h ****            so that all instructions following the ISB are fetched from cache or memory,
 864:Drivers/CMSIS/Include/cmsis_gcc.h ****            after the instruction has been completed.
 865:Drivers/CMSIS/Include/cmsis_gcc.h ****  */
 866:Drivers/CMSIS/Include/cmsis_gcc.h **** __STATIC_FORCEINLINE void __ISB(void)
 867:Drivers/CMSIS/Include/cmsis_gcc.h **** {
 868:Drivers/CMSIS/Include/cmsis_gcc.h ****   __ASM volatile ("isb 0xF":::"memory");
 869:Drivers/CMSIS/Include/cmsis_gcc.h **** }
 870:Drivers/CMSIS/Include/cmsis_gcc.h **** 
 871:Drivers/CMSIS/Include/cmsis_gcc.h **** 
ARM GAS  /tmp/ccQ4qZLu.s 			page 43


 872:Drivers/CMSIS/Include/cmsis_gcc.h **** /**
 873:Drivers/CMSIS/Include/cmsis_gcc.h ****   \brief   Data Synchronization Barrier
 874:Drivers/CMSIS/Include/cmsis_gcc.h ****   \details Acts as a special kind of Data Memory Barrier.
 875:Drivers/CMSIS/Include/cmsis_gcc.h ****            It completes when all explicit memory accesses before this instruction complete.
 876:Drivers/CMSIS/Include/cmsis_gcc.h ****  */
 877:Drivers/CMSIS/Include/cmsis_gcc.h **** __STATIC_FORCEINLINE void __DSB(void)
 878:Drivers/CMSIS/Include/cmsis_gcc.h **** {
 879:Drivers/CMSIS/Include/cmsis_gcc.h ****   __ASM volatile ("dsb 0xF":::"memory");
 880:Drivers/CMSIS/Include/cmsis_gcc.h **** }
 881:Drivers/CMSIS/Include/cmsis_gcc.h **** 
 882:Drivers/CMSIS/Include/cmsis_gcc.h **** 
 883:Drivers/CMSIS/Include/cmsis_gcc.h **** /**
 884:Drivers/CMSIS/Include/cmsis_gcc.h ****   \brief   Data Memory Barrier
 885:Drivers/CMSIS/Include/cmsis_gcc.h ****   \details Ensures the apparent order of the explicit memory operations before
 886:Drivers/CMSIS/Include/cmsis_gcc.h ****            and after the instruction, without ensuring their completion.
 887:Drivers/CMSIS/Include/cmsis_gcc.h ****  */
 888:Drivers/CMSIS/Include/cmsis_gcc.h **** __STATIC_FORCEINLINE void __DMB(void)
 168              		.loc 2 888 27 view .LVU47
 169              	.LBB19:
 889:Drivers/CMSIS/Include/cmsis_gcc.h **** {
 890:Drivers/CMSIS/Include/cmsis_gcc.h ****   __ASM volatile ("dmb 0xF":::"memory");
 170              		.loc 2 890 3 view .LVU48
 171              		.syntax unified
 172              	@ 890 "Drivers/CMSIS/Include/cmsis_gcc.h" 1
 173 005e BFF35F8F 		dmb 0xF
 174              	@ 0 "" 2
 175              		.thumb
 176              		.syntax unified
 177              	.LBE19:
 178              	.LBE18:
1247:Drivers/STM32F7xx_HAL_Driver/Src/stm32f7xx_hal_eth.c **** 
 179              		.loc 1 1247 7 view .LVU49
 180 0062 2368     		ldr	r3, [r4]
 181 0064 43F00043 		orr	r3, r3, #-2147483648
 182 0068 2360     		str	r3, [r4]
1250:Drivers/STM32F7xx_HAL_Driver/Src/stm32f7xx_hal_eth.c ****       /* Get current descriptor address */
 183              		.loc 1 1250 7 view .LVU50
1250:Drivers/STM32F7xx_HAL_Driver/Src/stm32f7xx_hal_eth.c ****       /* Get current descriptor address */
 184              		.loc 1 1250 7 view .LVU51
 185 006a 08F10103 		add	r3, r8, #1
 186              	.LVL15:
1250:Drivers/STM32F7xx_HAL_Driver/Src/stm32f7xx_hal_eth.c ****       /* Get current descriptor address */
 187              		.loc 1 1250 7 view .LVU52
 188 006e 032B     		cmp	r3, #3
 189 0070 E3D9     		bls	.L8
1250:Drivers/STM32F7xx_HAL_Driver/Src/stm32f7xx_hal_eth.c ****       /* Get current descriptor address */
 190              		.loc 1 1250 7 discriminator 1 view .LVU53
 191 0072 A8F10303 		sub	r3, r8, #3
 192              	.LVL16:
1250:Drivers/STM32F7xx_HAL_Driver/Src/stm32f7xx_hal_eth.c ****       /* Get current descriptor address */
 193              		.loc 1 1250 7 is_stmt 0 discriminator 1 view .LVU54
 194 0076 E0E7     		b	.L8
 195              	.LVL17:
 196              	.L13:
1257:Drivers/STM32F7xx_HAL_Driver/Src/stm32f7xx_hal_eth.c ****   {
 197              		.loc 1 1257 3 is_stmt 1 view .LVU55
1257:Drivers/STM32F7xx_HAL_Driver/Src/stm32f7xx_hal_eth.c ****   {
ARM GAS  /tmp/ccQ4qZLu.s 			page 44


 198              		.loc 1 1257 23 is_stmt 0 view .LVU56
 199 0078 FB6E     		ldr	r3, [r7, #108]
1257:Drivers/STM32F7xx_HAL_Driver/Src/stm32f7xx_hal_eth.c ****   {
 200              		.loc 1 1257 6 view .LVU57
 201 007a AB42     		cmp	r3, r5
 202 007c 07D0     		beq	.L2
1260:Drivers/STM32F7xx_HAL_Driver/Src/stm32f7xx_hal_eth.c **** 
 203              		.loc 1 1260 5 is_stmt 1 view .LVU58
 204 007e 3B68     		ldr	r3, [r7]
 205 0080 03F58053 		add	r3, r3, #4096
 206 0084 0022     		movs	r2, #0
 207 0086 9A60     		str	r2, [r3, #8]
1262:Drivers/STM32F7xx_HAL_Driver/Src/stm32f7xx_hal_eth.c ****     heth->RxDescList.RxBuildDescCnt = desccount;
 208              		.loc 1 1262 5 view .LVU59
1262:Drivers/STM32F7xx_HAL_Driver/Src/stm32f7xx_hal_eth.c ****     heth->RxDescList.RxBuildDescCnt = desccount;
 209              		.loc 1 1262 37 is_stmt 0 view .LVU60
 210 0088 C7F86880 		str	r8, [r7, #104]
1263:Drivers/STM32F7xx_HAL_Driver/Src/stm32f7xx_hal_eth.c ****   }
 211              		.loc 1 1263 5 is_stmt 1 view .LVU61
1263:Drivers/STM32F7xx_HAL_Driver/Src/stm32f7xx_hal_eth.c ****   }
 212              		.loc 1 1263 37 is_stmt 0 view .LVU62
 213 008c FD66     		str	r5, [r7, #108]
 214              	.L2:
1265:Drivers/STM32F7xx_HAL_Driver/Src/stm32f7xx_hal_eth.c **** 
 215              		.loc 1 1265 1 view .LVU63
 216 008e 02B0     		add	sp, sp, #8
 217              	.LCFI2:
 218              		.cfi_def_cfa_offset 24
 219              		@ sp needed
 220 0090 BDE8F081 		pop	{r4, r5, r6, r7, r8, pc}
 221              	.LVL18:
 222              	.L17:
1265:Drivers/STM32F7xx_HAL_Driver/Src/stm32f7xx_hal_eth.c **** 
 223              		.loc 1 1265 1 view .LVU64
 224              		.align	2
 225              	.L16:
 226 0094 00460080 		.word	-2147465728
 227              		.cfi_endproc
 228              	.LFE152:
 230              		.section	.text.HAL_ETH_RxLinkCallback,"ax",%progbits
 231              		.align	1
 232              		.weak	HAL_ETH_RxLinkCallback
 233              		.syntax unified
 234              		.thumb
 235              		.thumb_func
 237              	HAL_ETH_RxLinkCallback:
 238              	.LVL19:
 239              	.LFB156:
1316:Drivers/STM32F7xx_HAL_Driver/Src/stm32f7xx_hal_eth.c **** 
1317:Drivers/STM32F7xx_HAL_Driver/Src/stm32f7xx_hal_eth.c **** /**
1318:Drivers/STM32F7xx_HAL_Driver/Src/stm32f7xx_hal_eth.c ****   * @brief  Rx Link callback.
1319:Drivers/STM32F7xx_HAL_Driver/Src/stm32f7xx_hal_eth.c ****   * @param  pStart: pointer to packet start
1320:Drivers/STM32F7xx_HAL_Driver/Src/stm32f7xx_hal_eth.c ****   * @param  pStart: pointer to packet end
1321:Drivers/STM32F7xx_HAL_Driver/Src/stm32f7xx_hal_eth.c ****   * @param  buff: pointer to received data
1322:Drivers/STM32F7xx_HAL_Driver/Src/stm32f7xx_hal_eth.c ****   * @param  Length: received data length
1323:Drivers/STM32F7xx_HAL_Driver/Src/stm32f7xx_hal_eth.c ****   * @retval None
1324:Drivers/STM32F7xx_HAL_Driver/Src/stm32f7xx_hal_eth.c ****   */
ARM GAS  /tmp/ccQ4qZLu.s 			page 45


1325:Drivers/STM32F7xx_HAL_Driver/Src/stm32f7xx_hal_eth.c **** __weak void HAL_ETH_RxLinkCallback(void **pStart, void **pEnd, uint8_t *buff, uint16_t Length)
1326:Drivers/STM32F7xx_HAL_Driver/Src/stm32f7xx_hal_eth.c **** {
 240              		.loc 1 1326 1 is_stmt 1 view -0
 241              		.cfi_startproc
 242              		@ args = 0, pretend = 0, frame = 0
 243              		@ frame_needed = 0, uses_anonymous_args = 0
 244              		@ link register save eliminated.
1327:Drivers/STM32F7xx_HAL_Driver/Src/stm32f7xx_hal_eth.c ****   /* Prevent unused argument(s) compilation warning */
1328:Drivers/STM32F7xx_HAL_Driver/Src/stm32f7xx_hal_eth.c ****   UNUSED(pStart);
 245              		.loc 1 1328 3 view .LVU66
1329:Drivers/STM32F7xx_HAL_Driver/Src/stm32f7xx_hal_eth.c ****   UNUSED(pEnd);
 246              		.loc 1 1329 3 view .LVU67
1330:Drivers/STM32F7xx_HAL_Driver/Src/stm32f7xx_hal_eth.c ****   UNUSED(buff);
 247              		.loc 1 1330 3 view .LVU68
1331:Drivers/STM32F7xx_HAL_Driver/Src/stm32f7xx_hal_eth.c ****   UNUSED(Length);
 248              		.loc 1 1331 3 view .LVU69
1332:Drivers/STM32F7xx_HAL_Driver/Src/stm32f7xx_hal_eth.c ****   /* NOTE : This function Should not be modified, when the callback is needed,
1333:Drivers/STM32F7xx_HAL_Driver/Src/stm32f7xx_hal_eth.c ****   the HAL_ETH_RxLinkCallback could be implemented in the user file
1334:Drivers/STM32F7xx_HAL_Driver/Src/stm32f7xx_hal_eth.c ****   */
1335:Drivers/STM32F7xx_HAL_Driver/Src/stm32f7xx_hal_eth.c **** }
 249              		.loc 1 1335 1 is_stmt 0 view .LVU70
 250 0000 7047     		bx	lr
 251              		.cfi_endproc
 252              	.LFE156:
 254              		.section	.text.HAL_ETH_TxFreeCallback,"ax",%progbits
 255              		.align	1
 256              		.weak	HAL_ETH_TxFreeCallback
 257              		.syntax unified
 258              		.thumb
 259              		.thumb_func
 261              	HAL_ETH_TxFreeCallback:
 262              	.LVL20:
 263              	.LFB162:
1336:Drivers/STM32F7xx_HAL_Driver/Src/stm32f7xx_hal_eth.c **** 
1337:Drivers/STM32F7xx_HAL_Driver/Src/stm32f7xx_hal_eth.c **** /**
1338:Drivers/STM32F7xx_HAL_Driver/Src/stm32f7xx_hal_eth.c ****   * @brief  Set the Rx link data function.
1339:Drivers/STM32F7xx_HAL_Driver/Src/stm32f7xx_hal_eth.c ****   * @param  heth: pointer to a ETH_HandleTypeDef structure that contains
1340:Drivers/STM32F7xx_HAL_Driver/Src/stm32f7xx_hal_eth.c ****   *         the configuration information for ETHERNET module
1341:Drivers/STM32F7xx_HAL_Driver/Src/stm32f7xx_hal_eth.c ****   * @param  rxLinkCallback: pointer to function to link data
1342:Drivers/STM32F7xx_HAL_Driver/Src/stm32f7xx_hal_eth.c ****   * @retval HAL status
1343:Drivers/STM32F7xx_HAL_Driver/Src/stm32f7xx_hal_eth.c ****   */
1344:Drivers/STM32F7xx_HAL_Driver/Src/stm32f7xx_hal_eth.c **** HAL_StatusTypeDef HAL_ETH_RegisterRxLinkCallback(ETH_HandleTypeDef *heth, pETH_rxLinkCallbackTypeDe
1345:Drivers/STM32F7xx_HAL_Driver/Src/stm32f7xx_hal_eth.c **** {
1346:Drivers/STM32F7xx_HAL_Driver/Src/stm32f7xx_hal_eth.c ****   if (rxLinkCallback == NULL)
1347:Drivers/STM32F7xx_HAL_Driver/Src/stm32f7xx_hal_eth.c ****   {
1348:Drivers/STM32F7xx_HAL_Driver/Src/stm32f7xx_hal_eth.c ****     /* No buffer to save */
1349:Drivers/STM32F7xx_HAL_Driver/Src/stm32f7xx_hal_eth.c ****     return HAL_ERROR;
1350:Drivers/STM32F7xx_HAL_Driver/Src/stm32f7xx_hal_eth.c ****   }
1351:Drivers/STM32F7xx_HAL_Driver/Src/stm32f7xx_hal_eth.c **** 
1352:Drivers/STM32F7xx_HAL_Driver/Src/stm32f7xx_hal_eth.c ****   /* Set function to link data */
1353:Drivers/STM32F7xx_HAL_Driver/Src/stm32f7xx_hal_eth.c ****   heth->rxLinkCallback = rxLinkCallback;
1354:Drivers/STM32F7xx_HAL_Driver/Src/stm32f7xx_hal_eth.c **** 
1355:Drivers/STM32F7xx_HAL_Driver/Src/stm32f7xx_hal_eth.c ****   return HAL_OK;
1356:Drivers/STM32F7xx_HAL_Driver/Src/stm32f7xx_hal_eth.c **** }
1357:Drivers/STM32F7xx_HAL_Driver/Src/stm32f7xx_hal_eth.c **** 
1358:Drivers/STM32F7xx_HAL_Driver/Src/stm32f7xx_hal_eth.c **** /**
1359:Drivers/STM32F7xx_HAL_Driver/Src/stm32f7xx_hal_eth.c ****   * @brief  Unregister the Rx link callback.
ARM GAS  /tmp/ccQ4qZLu.s 			page 46


1360:Drivers/STM32F7xx_HAL_Driver/Src/stm32f7xx_hal_eth.c ****   * @param  heth: pointer to a ETH_HandleTypeDef structure that contains
1361:Drivers/STM32F7xx_HAL_Driver/Src/stm32f7xx_hal_eth.c ****   *         the configuration information for ETHERNET module
1362:Drivers/STM32F7xx_HAL_Driver/Src/stm32f7xx_hal_eth.c ****   * @retval HAL status
1363:Drivers/STM32F7xx_HAL_Driver/Src/stm32f7xx_hal_eth.c ****   */
1364:Drivers/STM32F7xx_HAL_Driver/Src/stm32f7xx_hal_eth.c **** HAL_StatusTypeDef HAL_ETH_UnRegisterRxLinkCallback(ETH_HandleTypeDef *heth)
1365:Drivers/STM32F7xx_HAL_Driver/Src/stm32f7xx_hal_eth.c **** {
1366:Drivers/STM32F7xx_HAL_Driver/Src/stm32f7xx_hal_eth.c ****   /* Set function to allocate buffer */
1367:Drivers/STM32F7xx_HAL_Driver/Src/stm32f7xx_hal_eth.c ****   heth->rxLinkCallback = HAL_ETH_RxLinkCallback;
1368:Drivers/STM32F7xx_HAL_Driver/Src/stm32f7xx_hal_eth.c **** 
1369:Drivers/STM32F7xx_HAL_Driver/Src/stm32f7xx_hal_eth.c ****   return HAL_OK;
1370:Drivers/STM32F7xx_HAL_Driver/Src/stm32f7xx_hal_eth.c **** }
1371:Drivers/STM32F7xx_HAL_Driver/Src/stm32f7xx_hal_eth.c **** 
1372:Drivers/STM32F7xx_HAL_Driver/Src/stm32f7xx_hal_eth.c **** /**
1373:Drivers/STM32F7xx_HAL_Driver/Src/stm32f7xx_hal_eth.c ****   * @brief  Get the error state of the last received packet.
1374:Drivers/STM32F7xx_HAL_Driver/Src/stm32f7xx_hal_eth.c ****   * @param  heth: pointer to a ETH_HandleTypeDef structure that contains
1375:Drivers/STM32F7xx_HAL_Driver/Src/stm32f7xx_hal_eth.c ****   *         the configuration information for ETHERNET module
1376:Drivers/STM32F7xx_HAL_Driver/Src/stm32f7xx_hal_eth.c ****   * @param  pErrorCode: pointer to uint32_t to hold the error code
1377:Drivers/STM32F7xx_HAL_Driver/Src/stm32f7xx_hal_eth.c ****   * @retval HAL status
1378:Drivers/STM32F7xx_HAL_Driver/Src/stm32f7xx_hal_eth.c ****   */
1379:Drivers/STM32F7xx_HAL_Driver/Src/stm32f7xx_hal_eth.c **** HAL_StatusTypeDef HAL_ETH_GetRxDataErrorCode(ETH_HandleTypeDef *heth, uint32_t *pErrorCode)
1380:Drivers/STM32F7xx_HAL_Driver/Src/stm32f7xx_hal_eth.c **** {
1381:Drivers/STM32F7xx_HAL_Driver/Src/stm32f7xx_hal_eth.c ****   /* Get error bits. */
1382:Drivers/STM32F7xx_HAL_Driver/Src/stm32f7xx_hal_eth.c ****   *pErrorCode = READ_BIT(heth->RxDescList.pRxLastRxDesc, ETH_DMARXDESC_ERRORS_MASK);
1383:Drivers/STM32F7xx_HAL_Driver/Src/stm32f7xx_hal_eth.c **** 
1384:Drivers/STM32F7xx_HAL_Driver/Src/stm32f7xx_hal_eth.c ****   return HAL_OK;
1385:Drivers/STM32F7xx_HAL_Driver/Src/stm32f7xx_hal_eth.c **** }
1386:Drivers/STM32F7xx_HAL_Driver/Src/stm32f7xx_hal_eth.c **** 
1387:Drivers/STM32F7xx_HAL_Driver/Src/stm32f7xx_hal_eth.c **** /**
1388:Drivers/STM32F7xx_HAL_Driver/Src/stm32f7xx_hal_eth.c ****   * @brief  Set the Tx free function.
1389:Drivers/STM32F7xx_HAL_Driver/Src/stm32f7xx_hal_eth.c ****   * @param  heth: pointer to a ETH_HandleTypeDef structure that contains
1390:Drivers/STM32F7xx_HAL_Driver/Src/stm32f7xx_hal_eth.c ****   *         the configuration information for ETHERNET module
1391:Drivers/STM32F7xx_HAL_Driver/Src/stm32f7xx_hal_eth.c ****   * @param  txFreeCallback: pointer to function to release the packet
1392:Drivers/STM32F7xx_HAL_Driver/Src/stm32f7xx_hal_eth.c ****   * @retval HAL status
1393:Drivers/STM32F7xx_HAL_Driver/Src/stm32f7xx_hal_eth.c ****   */
1394:Drivers/STM32F7xx_HAL_Driver/Src/stm32f7xx_hal_eth.c **** HAL_StatusTypeDef HAL_ETH_RegisterTxFreeCallback(ETH_HandleTypeDef *heth, pETH_txFreeCallbackTypeDe
1395:Drivers/STM32F7xx_HAL_Driver/Src/stm32f7xx_hal_eth.c **** {
1396:Drivers/STM32F7xx_HAL_Driver/Src/stm32f7xx_hal_eth.c ****   if (txFreeCallback == NULL)
1397:Drivers/STM32F7xx_HAL_Driver/Src/stm32f7xx_hal_eth.c ****   {
1398:Drivers/STM32F7xx_HAL_Driver/Src/stm32f7xx_hal_eth.c ****     /* No buffer to save */
1399:Drivers/STM32F7xx_HAL_Driver/Src/stm32f7xx_hal_eth.c ****     return HAL_ERROR;
1400:Drivers/STM32F7xx_HAL_Driver/Src/stm32f7xx_hal_eth.c ****   }
1401:Drivers/STM32F7xx_HAL_Driver/Src/stm32f7xx_hal_eth.c **** 
1402:Drivers/STM32F7xx_HAL_Driver/Src/stm32f7xx_hal_eth.c ****   /* Set function to free transmmitted packet */
1403:Drivers/STM32F7xx_HAL_Driver/Src/stm32f7xx_hal_eth.c ****   heth->txFreeCallback = txFreeCallback;
1404:Drivers/STM32F7xx_HAL_Driver/Src/stm32f7xx_hal_eth.c **** 
1405:Drivers/STM32F7xx_HAL_Driver/Src/stm32f7xx_hal_eth.c ****   return HAL_OK;
1406:Drivers/STM32F7xx_HAL_Driver/Src/stm32f7xx_hal_eth.c **** }
1407:Drivers/STM32F7xx_HAL_Driver/Src/stm32f7xx_hal_eth.c **** 
1408:Drivers/STM32F7xx_HAL_Driver/Src/stm32f7xx_hal_eth.c **** /**
1409:Drivers/STM32F7xx_HAL_Driver/Src/stm32f7xx_hal_eth.c ****   * @brief  Unregister the Tx free callback.
1410:Drivers/STM32F7xx_HAL_Driver/Src/stm32f7xx_hal_eth.c ****   * @param  heth: pointer to a ETH_HandleTypeDef structure that contains
1411:Drivers/STM32F7xx_HAL_Driver/Src/stm32f7xx_hal_eth.c ****   *         the configuration information for ETHERNET module
1412:Drivers/STM32F7xx_HAL_Driver/Src/stm32f7xx_hal_eth.c ****   * @retval HAL status
1413:Drivers/STM32F7xx_HAL_Driver/Src/stm32f7xx_hal_eth.c ****   */
1414:Drivers/STM32F7xx_HAL_Driver/Src/stm32f7xx_hal_eth.c **** HAL_StatusTypeDef HAL_ETH_UnRegisterTxFreeCallback(ETH_HandleTypeDef *heth)
1415:Drivers/STM32F7xx_HAL_Driver/Src/stm32f7xx_hal_eth.c **** {
1416:Drivers/STM32F7xx_HAL_Driver/Src/stm32f7xx_hal_eth.c ****   /* Set function to allocate buffer */
ARM GAS  /tmp/ccQ4qZLu.s 			page 47


1417:Drivers/STM32F7xx_HAL_Driver/Src/stm32f7xx_hal_eth.c ****   heth->txFreeCallback = HAL_ETH_TxFreeCallback;
1418:Drivers/STM32F7xx_HAL_Driver/Src/stm32f7xx_hal_eth.c **** 
1419:Drivers/STM32F7xx_HAL_Driver/Src/stm32f7xx_hal_eth.c ****   return HAL_OK;
1420:Drivers/STM32F7xx_HAL_Driver/Src/stm32f7xx_hal_eth.c **** }
1421:Drivers/STM32F7xx_HAL_Driver/Src/stm32f7xx_hal_eth.c **** 
1422:Drivers/STM32F7xx_HAL_Driver/Src/stm32f7xx_hal_eth.c **** /**
1423:Drivers/STM32F7xx_HAL_Driver/Src/stm32f7xx_hal_eth.c ****   * @brief  Tx Free callback.
1424:Drivers/STM32F7xx_HAL_Driver/Src/stm32f7xx_hal_eth.c ****   * @param  buff: pointer to buffer to free
1425:Drivers/STM32F7xx_HAL_Driver/Src/stm32f7xx_hal_eth.c ****   * @retval None
1426:Drivers/STM32F7xx_HAL_Driver/Src/stm32f7xx_hal_eth.c ****   */
1427:Drivers/STM32F7xx_HAL_Driver/Src/stm32f7xx_hal_eth.c **** __weak void HAL_ETH_TxFreeCallback(uint32_t *buff)
1428:Drivers/STM32F7xx_HAL_Driver/Src/stm32f7xx_hal_eth.c **** {
 264              		.loc 1 1428 1 is_stmt 1 view -0
 265              		.cfi_startproc
 266              		@ args = 0, pretend = 0, frame = 0
 267              		@ frame_needed = 0, uses_anonymous_args = 0
 268              		@ link register save eliminated.
1429:Drivers/STM32F7xx_HAL_Driver/Src/stm32f7xx_hal_eth.c ****   /* Prevent unused argument(s) compilation warning */
1430:Drivers/STM32F7xx_HAL_Driver/Src/stm32f7xx_hal_eth.c ****   UNUSED(buff);
 269              		.loc 1 1430 3 view .LVU72
1431:Drivers/STM32F7xx_HAL_Driver/Src/stm32f7xx_hal_eth.c ****   /* NOTE : This function Should not be modified, when the callback is needed,
1432:Drivers/STM32F7xx_HAL_Driver/Src/stm32f7xx_hal_eth.c ****   the HAL_ETH_TxFreeCallback could be implemented in the user file
1433:Drivers/STM32F7xx_HAL_Driver/Src/stm32f7xx_hal_eth.c ****   */
1434:Drivers/STM32F7xx_HAL_Driver/Src/stm32f7xx_hal_eth.c **** }
 270              		.loc 1 1434 1 is_stmt 0 view .LVU73
 271 0000 7047     		bx	lr
 272              		.cfi_endproc
 273              	.LFE162:
 275              		.section	.text.ETH_MACAddressConfig,"ax",%progbits
 276              		.align	1
 277              		.syntax unified
 278              		.thumb
 279              		.thumb_func
 281              	ETH_MACAddressConfig:
 282              	.LVL21:
 283              	.LFB194:
1435:Drivers/STM32F7xx_HAL_Driver/Src/stm32f7xx_hal_eth.c **** 
1436:Drivers/STM32F7xx_HAL_Driver/Src/stm32f7xx_hal_eth.c **** /**
1437:Drivers/STM32F7xx_HAL_Driver/Src/stm32f7xx_hal_eth.c ****   * @brief  Release transmitted Tx packets.
1438:Drivers/STM32F7xx_HAL_Driver/Src/stm32f7xx_hal_eth.c ****   * @param  heth: pointer to a ETH_HandleTypeDef structure that contains
1439:Drivers/STM32F7xx_HAL_Driver/Src/stm32f7xx_hal_eth.c ****   *         the configuration information for ETHERNET module
1440:Drivers/STM32F7xx_HAL_Driver/Src/stm32f7xx_hal_eth.c ****   * @retval HAL status
1441:Drivers/STM32F7xx_HAL_Driver/Src/stm32f7xx_hal_eth.c ****   */
1442:Drivers/STM32F7xx_HAL_Driver/Src/stm32f7xx_hal_eth.c **** HAL_StatusTypeDef HAL_ETH_ReleaseTxPacket(ETH_HandleTypeDef *heth)
1443:Drivers/STM32F7xx_HAL_Driver/Src/stm32f7xx_hal_eth.c **** {
1444:Drivers/STM32F7xx_HAL_Driver/Src/stm32f7xx_hal_eth.c ****   ETH_TxDescListTypeDef *dmatxdesclist = &heth->TxDescList;
1445:Drivers/STM32F7xx_HAL_Driver/Src/stm32f7xx_hal_eth.c ****   uint32_t numOfBuf =  dmatxdesclist->BuffersInUse;
1446:Drivers/STM32F7xx_HAL_Driver/Src/stm32f7xx_hal_eth.c ****   uint32_t idx =       dmatxdesclist->releaseIndex;
1447:Drivers/STM32F7xx_HAL_Driver/Src/stm32f7xx_hal_eth.c ****   uint8_t pktTxStatus = 1U;
1448:Drivers/STM32F7xx_HAL_Driver/Src/stm32f7xx_hal_eth.c ****   uint8_t pktInUse;
1449:Drivers/STM32F7xx_HAL_Driver/Src/stm32f7xx_hal_eth.c **** #ifdef HAL_ETH_USE_PTP
1450:Drivers/STM32F7xx_HAL_Driver/Src/stm32f7xx_hal_eth.c ****   ETH_TimeStampTypeDef *timestamp = &heth->TxTimestamp;
1451:Drivers/STM32F7xx_HAL_Driver/Src/stm32f7xx_hal_eth.c **** #endif /* HAL_ETH_USE_PTP */
1452:Drivers/STM32F7xx_HAL_Driver/Src/stm32f7xx_hal_eth.c **** 
1453:Drivers/STM32F7xx_HAL_Driver/Src/stm32f7xx_hal_eth.c ****   /* Loop through buffers in use.  */
1454:Drivers/STM32F7xx_HAL_Driver/Src/stm32f7xx_hal_eth.c ****   while ((numOfBuf != 0U) && (pktTxStatus != 0U))
1455:Drivers/STM32F7xx_HAL_Driver/Src/stm32f7xx_hal_eth.c ****   {
ARM GAS  /tmp/ccQ4qZLu.s 			page 48


1456:Drivers/STM32F7xx_HAL_Driver/Src/stm32f7xx_hal_eth.c ****     pktInUse = 1U;
1457:Drivers/STM32F7xx_HAL_Driver/Src/stm32f7xx_hal_eth.c ****     numOfBuf--;
1458:Drivers/STM32F7xx_HAL_Driver/Src/stm32f7xx_hal_eth.c ****     /* If no packet, just examine the next packet.  */
1459:Drivers/STM32F7xx_HAL_Driver/Src/stm32f7xx_hal_eth.c ****     if (dmatxdesclist->PacketAddress[idx] == NULL)
1460:Drivers/STM32F7xx_HAL_Driver/Src/stm32f7xx_hal_eth.c ****     {
1461:Drivers/STM32F7xx_HAL_Driver/Src/stm32f7xx_hal_eth.c ****       /* No packet in use, skip to next.  */
1462:Drivers/STM32F7xx_HAL_Driver/Src/stm32f7xx_hal_eth.c ****       idx = (idx + 1U) & (ETH_TX_DESC_CNT - 1U);
1463:Drivers/STM32F7xx_HAL_Driver/Src/stm32f7xx_hal_eth.c ****       pktInUse = 0U;
1464:Drivers/STM32F7xx_HAL_Driver/Src/stm32f7xx_hal_eth.c ****     }
1465:Drivers/STM32F7xx_HAL_Driver/Src/stm32f7xx_hal_eth.c **** 
1466:Drivers/STM32F7xx_HAL_Driver/Src/stm32f7xx_hal_eth.c ****     if (pktInUse != 0U)
1467:Drivers/STM32F7xx_HAL_Driver/Src/stm32f7xx_hal_eth.c ****     {
1468:Drivers/STM32F7xx_HAL_Driver/Src/stm32f7xx_hal_eth.c ****       /* Determine if the packet has been transmitted.  */
1469:Drivers/STM32F7xx_HAL_Driver/Src/stm32f7xx_hal_eth.c ****       if ((heth->Init.TxDesc[idx].DESC0 & ETH_DMATXDESC_OWN) == 0U)
1470:Drivers/STM32F7xx_HAL_Driver/Src/stm32f7xx_hal_eth.c ****       {
1471:Drivers/STM32F7xx_HAL_Driver/Src/stm32f7xx_hal_eth.c **** #ifdef HAL_ETH_USE_PTP
1472:Drivers/STM32F7xx_HAL_Driver/Src/stm32f7xx_hal_eth.c ****         /* Get timestamp low */
1473:Drivers/STM32F7xx_HAL_Driver/Src/stm32f7xx_hal_eth.c ****         timestamp->TimeStampLow = heth->Init.TxDesc[idx].DESC6;
1474:Drivers/STM32F7xx_HAL_Driver/Src/stm32f7xx_hal_eth.c ****         /* Get timestamp high */
1475:Drivers/STM32F7xx_HAL_Driver/Src/stm32f7xx_hal_eth.c ****         timestamp->TimeStampHigh = heth->Init.TxDesc[idx].DESC7;
1476:Drivers/STM32F7xx_HAL_Driver/Src/stm32f7xx_hal_eth.c **** #endif /* HAL_ETH_USE_PTP */
1477:Drivers/STM32F7xx_HAL_Driver/Src/stm32f7xx_hal_eth.c **** 
1478:Drivers/STM32F7xx_HAL_Driver/Src/stm32f7xx_hal_eth.c **** #if (USE_HAL_ETH_REGISTER_CALLBACKS == 1)
1479:Drivers/STM32F7xx_HAL_Driver/Src/stm32f7xx_hal_eth.c ****         /*Call registered callbacks*/
1480:Drivers/STM32F7xx_HAL_Driver/Src/stm32f7xx_hal_eth.c **** #ifdef HAL_ETH_USE_PTP
1481:Drivers/STM32F7xx_HAL_Driver/Src/stm32f7xx_hal_eth.c ****         /* Handle Ptp  */
1482:Drivers/STM32F7xx_HAL_Driver/Src/stm32f7xx_hal_eth.c ****         heth->txPtpCallback(dmatxdesclist->PacketAddress[idx], timestamp);
1483:Drivers/STM32F7xx_HAL_Driver/Src/stm32f7xx_hal_eth.c **** #endif  /* HAL_ETH_USE_PTP */
1484:Drivers/STM32F7xx_HAL_Driver/Src/stm32f7xx_hal_eth.c ****         /* Release the packet.  */
1485:Drivers/STM32F7xx_HAL_Driver/Src/stm32f7xx_hal_eth.c ****         heth->txFreeCallback(dmatxdesclist->PacketAddress[idx]);
1486:Drivers/STM32F7xx_HAL_Driver/Src/stm32f7xx_hal_eth.c **** #else
1487:Drivers/STM32F7xx_HAL_Driver/Src/stm32f7xx_hal_eth.c ****         /* Call callbacks */
1488:Drivers/STM32F7xx_HAL_Driver/Src/stm32f7xx_hal_eth.c **** #ifdef HAL_ETH_USE_PTP
1489:Drivers/STM32F7xx_HAL_Driver/Src/stm32f7xx_hal_eth.c ****         /* Handle Ptp  */
1490:Drivers/STM32F7xx_HAL_Driver/Src/stm32f7xx_hal_eth.c ****         HAL_ETH_TxPtpCallback(dmatxdesclist->PacketAddress[idx], timestamp);
1491:Drivers/STM32F7xx_HAL_Driver/Src/stm32f7xx_hal_eth.c **** #endif  /* HAL_ETH_USE_PTP */
1492:Drivers/STM32F7xx_HAL_Driver/Src/stm32f7xx_hal_eth.c ****         /* Release the packet.  */
1493:Drivers/STM32F7xx_HAL_Driver/Src/stm32f7xx_hal_eth.c ****         HAL_ETH_TxFreeCallback(dmatxdesclist->PacketAddress[idx]);
1494:Drivers/STM32F7xx_HAL_Driver/Src/stm32f7xx_hal_eth.c **** #endif  /* USE_HAL_ETH_REGISTER_CALLBACKS */
1495:Drivers/STM32F7xx_HAL_Driver/Src/stm32f7xx_hal_eth.c **** 
1496:Drivers/STM32F7xx_HAL_Driver/Src/stm32f7xx_hal_eth.c ****         /* Clear the entry in the in-use array.  */
1497:Drivers/STM32F7xx_HAL_Driver/Src/stm32f7xx_hal_eth.c ****         dmatxdesclist->PacketAddress[idx] = NULL;
1498:Drivers/STM32F7xx_HAL_Driver/Src/stm32f7xx_hal_eth.c **** 
1499:Drivers/STM32F7xx_HAL_Driver/Src/stm32f7xx_hal_eth.c ****         /* Update the transmit relesae index and number of buffers in use.  */
1500:Drivers/STM32F7xx_HAL_Driver/Src/stm32f7xx_hal_eth.c ****         idx = (idx + 1U) & (ETH_TX_DESC_CNT - 1U);
1501:Drivers/STM32F7xx_HAL_Driver/Src/stm32f7xx_hal_eth.c ****         dmatxdesclist->BuffersInUse = numOfBuf;
1502:Drivers/STM32F7xx_HAL_Driver/Src/stm32f7xx_hal_eth.c ****         dmatxdesclist->releaseIndex = idx;
1503:Drivers/STM32F7xx_HAL_Driver/Src/stm32f7xx_hal_eth.c ****       }
1504:Drivers/STM32F7xx_HAL_Driver/Src/stm32f7xx_hal_eth.c ****       else
1505:Drivers/STM32F7xx_HAL_Driver/Src/stm32f7xx_hal_eth.c ****       {
1506:Drivers/STM32F7xx_HAL_Driver/Src/stm32f7xx_hal_eth.c ****         /* Get out of the loop!  */
1507:Drivers/STM32F7xx_HAL_Driver/Src/stm32f7xx_hal_eth.c ****         pktTxStatus = 0U;
1508:Drivers/STM32F7xx_HAL_Driver/Src/stm32f7xx_hal_eth.c ****       }
1509:Drivers/STM32F7xx_HAL_Driver/Src/stm32f7xx_hal_eth.c ****     }
1510:Drivers/STM32F7xx_HAL_Driver/Src/stm32f7xx_hal_eth.c ****   }
1511:Drivers/STM32F7xx_HAL_Driver/Src/stm32f7xx_hal_eth.c ****   return HAL_OK;
1512:Drivers/STM32F7xx_HAL_Driver/Src/stm32f7xx_hal_eth.c **** }
ARM GAS  /tmp/ccQ4qZLu.s 			page 49


1513:Drivers/STM32F7xx_HAL_Driver/Src/stm32f7xx_hal_eth.c **** 
1514:Drivers/STM32F7xx_HAL_Driver/Src/stm32f7xx_hal_eth.c **** #ifdef HAL_ETH_USE_PTP
1515:Drivers/STM32F7xx_HAL_Driver/Src/stm32f7xx_hal_eth.c **** /**
1516:Drivers/STM32F7xx_HAL_Driver/Src/stm32f7xx_hal_eth.c ****   * @brief  Set the Ethernet PTP configuration.
1517:Drivers/STM32F7xx_HAL_Driver/Src/stm32f7xx_hal_eth.c ****   * @param  heth: pointer to a ETH_HandleTypeDef structure that contains
1518:Drivers/STM32F7xx_HAL_Driver/Src/stm32f7xx_hal_eth.c ****   *         the configuration information for ETHERNET module
1519:Drivers/STM32F7xx_HAL_Driver/Src/stm32f7xx_hal_eth.c ****   * @param  ptpconfig: pointer to a ETH_PTP_ConfigTypeDef structure that contains
1520:Drivers/STM32F7xx_HAL_Driver/Src/stm32f7xx_hal_eth.c ****   *         the configuration information for PTP
1521:Drivers/STM32F7xx_HAL_Driver/Src/stm32f7xx_hal_eth.c ****   * @retval HAL status
1522:Drivers/STM32F7xx_HAL_Driver/Src/stm32f7xx_hal_eth.c ****   */
1523:Drivers/STM32F7xx_HAL_Driver/Src/stm32f7xx_hal_eth.c **** HAL_StatusTypeDef HAL_ETH_PTP_SetConfig(ETH_HandleTypeDef *heth, ETH_PTP_ConfigTypeDef *ptpconfig)
1524:Drivers/STM32F7xx_HAL_Driver/Src/stm32f7xx_hal_eth.c **** {
1525:Drivers/STM32F7xx_HAL_Driver/Src/stm32f7xx_hal_eth.c ****   uint32_t tmpTSCR;
1526:Drivers/STM32F7xx_HAL_Driver/Src/stm32f7xx_hal_eth.c ****   ETH_TimeTypeDef time;
1527:Drivers/STM32F7xx_HAL_Driver/Src/stm32f7xx_hal_eth.c **** 
1528:Drivers/STM32F7xx_HAL_Driver/Src/stm32f7xx_hal_eth.c ****   if (ptpconfig == NULL)
1529:Drivers/STM32F7xx_HAL_Driver/Src/stm32f7xx_hal_eth.c ****   {
1530:Drivers/STM32F7xx_HAL_Driver/Src/stm32f7xx_hal_eth.c ****     return HAL_ERROR;
1531:Drivers/STM32F7xx_HAL_Driver/Src/stm32f7xx_hal_eth.c ****   }
1532:Drivers/STM32F7xx_HAL_Driver/Src/stm32f7xx_hal_eth.c **** 
1533:Drivers/STM32F7xx_HAL_Driver/Src/stm32f7xx_hal_eth.c ****   tmpTSCR = ptpconfig->Timestamp |
1534:Drivers/STM32F7xx_HAL_Driver/Src/stm32f7xx_hal_eth.c ****             ((uint32_t)ptpconfig->TimestampUpdate << ETH_PTPTSCR_TSFCU_Pos) |
1535:Drivers/STM32F7xx_HAL_Driver/Src/stm32f7xx_hal_eth.c ****             ((uint32_t)ptpconfig->TimestampAll << ETH_PTPTSCR_TSSARFE_Pos) |
1536:Drivers/STM32F7xx_HAL_Driver/Src/stm32f7xx_hal_eth.c ****             ((uint32_t)ptpconfig->TimestampRolloverMode << ETH_PTPTSCR_TSSSR_Pos) |
1537:Drivers/STM32F7xx_HAL_Driver/Src/stm32f7xx_hal_eth.c ****             ((uint32_t)ptpconfig->TimestampV2 << ETH_PTPTSCR_TSPTPPSV2E_Pos) |
1538:Drivers/STM32F7xx_HAL_Driver/Src/stm32f7xx_hal_eth.c ****             ((uint32_t)ptpconfig->TimestampEthernet << ETH_PTPTSCR_TSSPTPOEFE_Pos) |
1539:Drivers/STM32F7xx_HAL_Driver/Src/stm32f7xx_hal_eth.c ****             ((uint32_t)ptpconfig->TimestampIPv6 << ETH_PTPTSCR_TSSIPV6FE_Pos) |
1540:Drivers/STM32F7xx_HAL_Driver/Src/stm32f7xx_hal_eth.c ****             ((uint32_t)ptpconfig->TimestampIPv4 << ETH_PTPTSCR_TSSIPV4FE_Pos) |
1541:Drivers/STM32F7xx_HAL_Driver/Src/stm32f7xx_hal_eth.c ****             ((uint32_t)ptpconfig->TimestampEvent << ETH_PTPTSCR_TSSEME_Pos) |
1542:Drivers/STM32F7xx_HAL_Driver/Src/stm32f7xx_hal_eth.c ****             ((uint32_t)ptpconfig->TimestampMaster << ETH_PTPTSCR_TSSMRME_Pos) |
1543:Drivers/STM32F7xx_HAL_Driver/Src/stm32f7xx_hal_eth.c ****             ((uint32_t)ptpconfig->TimestampFilter << ETH_PTPTSCR_TSPFFMAE_Pos) |
1544:Drivers/STM32F7xx_HAL_Driver/Src/stm32f7xx_hal_eth.c ****             ((uint32_t)ptpconfig->TimestampClockType << ETH_PTPTSCR_TSCNT_Pos);
1545:Drivers/STM32F7xx_HAL_Driver/Src/stm32f7xx_hal_eth.c **** 
1546:Drivers/STM32F7xx_HAL_Driver/Src/stm32f7xx_hal_eth.c ****   /* Write to MACTSCR */
1547:Drivers/STM32F7xx_HAL_Driver/Src/stm32f7xx_hal_eth.c ****   MODIFY_REG(heth->Instance->PTPTSCR, ETH_MACTSCR_MASK, tmpTSCR);
1548:Drivers/STM32F7xx_HAL_Driver/Src/stm32f7xx_hal_eth.c **** 
1549:Drivers/STM32F7xx_HAL_Driver/Src/stm32f7xx_hal_eth.c ****   /* Enable Timestamp */
1550:Drivers/STM32F7xx_HAL_Driver/Src/stm32f7xx_hal_eth.c ****   SET_BIT(heth->Instance->PTPTSCR, ETH_PTPTSCR_TSE);
1551:Drivers/STM32F7xx_HAL_Driver/Src/stm32f7xx_hal_eth.c ****   WRITE_REG(heth->Instance->PTPSSIR, ptpconfig->TimestampSubsecondInc);
1552:Drivers/STM32F7xx_HAL_Driver/Src/stm32f7xx_hal_eth.c ****   WRITE_REG(heth->Instance->PTPTSAR, ptpconfig->TimestampAddend);
1553:Drivers/STM32F7xx_HAL_Driver/Src/stm32f7xx_hal_eth.c **** 
1554:Drivers/STM32F7xx_HAL_Driver/Src/stm32f7xx_hal_eth.c ****   /* Enable Timestamp */
1555:Drivers/STM32F7xx_HAL_Driver/Src/stm32f7xx_hal_eth.c ****   if (ptpconfig->TimestampAddendUpdate == ENABLE)
1556:Drivers/STM32F7xx_HAL_Driver/Src/stm32f7xx_hal_eth.c ****   {
1557:Drivers/STM32F7xx_HAL_Driver/Src/stm32f7xx_hal_eth.c ****     SET_BIT(heth->Instance->PTPTSCR, ETH_PTPTSCR_TSARU);
1558:Drivers/STM32F7xx_HAL_Driver/Src/stm32f7xx_hal_eth.c ****     while ((heth->Instance->PTPTSCR & ETH_PTPTSCR_TSARU) != 0) {}
1559:Drivers/STM32F7xx_HAL_Driver/Src/stm32f7xx_hal_eth.c ****   }
1560:Drivers/STM32F7xx_HAL_Driver/Src/stm32f7xx_hal_eth.c **** 
1561:Drivers/STM32F7xx_HAL_Driver/Src/stm32f7xx_hal_eth.c ****   /* Enable Update mode */
1562:Drivers/STM32F7xx_HAL_Driver/Src/stm32f7xx_hal_eth.c ****   if (ptpconfig->TimestampUpdateMode == ENABLE)
1563:Drivers/STM32F7xx_HAL_Driver/Src/stm32f7xx_hal_eth.c ****   {
1564:Drivers/STM32F7xx_HAL_Driver/Src/stm32f7xx_hal_eth.c ****     SET_BIT(heth->Instance->PTPTSCR, ETH_PTPTSCR_TSFCU);
1565:Drivers/STM32F7xx_HAL_Driver/Src/stm32f7xx_hal_eth.c ****   }
1566:Drivers/STM32F7xx_HAL_Driver/Src/stm32f7xx_hal_eth.c **** 
1567:Drivers/STM32F7xx_HAL_Driver/Src/stm32f7xx_hal_eth.c ****   /* Initialize Time */
1568:Drivers/STM32F7xx_HAL_Driver/Src/stm32f7xx_hal_eth.c ****   time.Seconds = 0;
1569:Drivers/STM32F7xx_HAL_Driver/Src/stm32f7xx_hal_eth.c ****   time.NanoSeconds = 0;
ARM GAS  /tmp/ccQ4qZLu.s 			page 50


1570:Drivers/STM32F7xx_HAL_Driver/Src/stm32f7xx_hal_eth.c ****   HAL_ETH_PTP_SetTime(heth, &time);
1571:Drivers/STM32F7xx_HAL_Driver/Src/stm32f7xx_hal_eth.c **** 
1572:Drivers/STM32F7xx_HAL_Driver/Src/stm32f7xx_hal_eth.c ****   /* Ptp Init */
1573:Drivers/STM32F7xx_HAL_Driver/Src/stm32f7xx_hal_eth.c ****   SET_BIT(heth->Instance->PTPTSCR, ETH_PTPTSCR_TSSTI);
1574:Drivers/STM32F7xx_HAL_Driver/Src/stm32f7xx_hal_eth.c **** 
1575:Drivers/STM32F7xx_HAL_Driver/Src/stm32f7xx_hal_eth.c ****   /* Set PTP Configuration done */
1576:Drivers/STM32F7xx_HAL_Driver/Src/stm32f7xx_hal_eth.c ****   heth->IsPtpConfigured = HAL_ETH_PTP_CONFIGURATED;
1577:Drivers/STM32F7xx_HAL_Driver/Src/stm32f7xx_hal_eth.c **** 
1578:Drivers/STM32F7xx_HAL_Driver/Src/stm32f7xx_hal_eth.c ****   /* Return function status */
1579:Drivers/STM32F7xx_HAL_Driver/Src/stm32f7xx_hal_eth.c ****   return HAL_OK;
1580:Drivers/STM32F7xx_HAL_Driver/Src/stm32f7xx_hal_eth.c **** }
1581:Drivers/STM32F7xx_HAL_Driver/Src/stm32f7xx_hal_eth.c **** 
1582:Drivers/STM32F7xx_HAL_Driver/Src/stm32f7xx_hal_eth.c **** /**
1583:Drivers/STM32F7xx_HAL_Driver/Src/stm32f7xx_hal_eth.c ****   * @brief  Get the Ethernet PTP configuration.
1584:Drivers/STM32F7xx_HAL_Driver/Src/stm32f7xx_hal_eth.c ****   * @param  heth: pointer to a ETH_HandleTypeDef structure that contains
1585:Drivers/STM32F7xx_HAL_Driver/Src/stm32f7xx_hal_eth.c ****   *         the configuration information for ETHERNET module
1586:Drivers/STM32F7xx_HAL_Driver/Src/stm32f7xx_hal_eth.c ****   * @param  ptpconfig: pointer to a ETH_PTP_ConfigTypeDef structure that contains
1587:Drivers/STM32F7xx_HAL_Driver/Src/stm32f7xx_hal_eth.c ****   *         the configuration information for PTP
1588:Drivers/STM32F7xx_HAL_Driver/Src/stm32f7xx_hal_eth.c ****   * @retval HAL status
1589:Drivers/STM32F7xx_HAL_Driver/Src/stm32f7xx_hal_eth.c ****   */
1590:Drivers/STM32F7xx_HAL_Driver/Src/stm32f7xx_hal_eth.c **** HAL_StatusTypeDef HAL_ETH_PTP_GetConfig(ETH_HandleTypeDef *heth, ETH_PTP_ConfigTypeDef *ptpconfig)
1591:Drivers/STM32F7xx_HAL_Driver/Src/stm32f7xx_hal_eth.c **** {
1592:Drivers/STM32F7xx_HAL_Driver/Src/stm32f7xx_hal_eth.c ****   if (ptpconfig == NULL)
1593:Drivers/STM32F7xx_HAL_Driver/Src/stm32f7xx_hal_eth.c ****   {
1594:Drivers/STM32F7xx_HAL_Driver/Src/stm32f7xx_hal_eth.c ****     return HAL_ERROR;
1595:Drivers/STM32F7xx_HAL_Driver/Src/stm32f7xx_hal_eth.c ****   }
1596:Drivers/STM32F7xx_HAL_Driver/Src/stm32f7xx_hal_eth.c ****   ptpconfig->Timestamp = READ_BIT(heth->Instance->PTPTSCR, ETH_PTPTSCR_TSE);
1597:Drivers/STM32F7xx_HAL_Driver/Src/stm32f7xx_hal_eth.c ****   ptpconfig->TimestampUpdate = ((READ_BIT(heth->Instance->PTPTSCR,
1598:Drivers/STM32F7xx_HAL_Driver/Src/stm32f7xx_hal_eth.c ****                                           ETH_PTPTSCR_TSFCU) >> ETH_PTPTSCR_TSFCU_Pos) > 0U) ? ENAB
1599:Drivers/STM32F7xx_HAL_Driver/Src/stm32f7xx_hal_eth.c ****   ptpconfig->TimestampAll = ((READ_BIT(heth->Instance->PTPTSCR,
1600:Drivers/STM32F7xx_HAL_Driver/Src/stm32f7xx_hal_eth.c ****                                        ETH_PTPTSCR_TSSARFE) >> ETH_PTPTSCR_TSSARFE_Pos) > 0U) ? ENA
1601:Drivers/STM32F7xx_HAL_Driver/Src/stm32f7xx_hal_eth.c ****   ptpconfig->TimestampRolloverMode = ((READ_BIT(heth->Instance->PTPTSCR,
1602:Drivers/STM32F7xx_HAL_Driver/Src/stm32f7xx_hal_eth.c ****                                                 ETH_PTPTSCR_TSSSR) >> ETH_PTPTSCR_TSSSR_Pos) > 0U)
1603:Drivers/STM32F7xx_HAL_Driver/Src/stm32f7xx_hal_eth.c ****                                      ? ENABLE : DISABLE;
1604:Drivers/STM32F7xx_HAL_Driver/Src/stm32f7xx_hal_eth.c ****   ptpconfig->TimestampV2 = ((READ_BIT(heth->Instance->PTPTSCR,
1605:Drivers/STM32F7xx_HAL_Driver/Src/stm32f7xx_hal_eth.c ****                                       ETH_PTPTSCR_TSPTPPSV2E) >> ETH_PTPTSCR_TSPTPPSV2E_Pos) > 0U) 
1606:Drivers/STM32F7xx_HAL_Driver/Src/stm32f7xx_hal_eth.c ****   ptpconfig->TimestampEthernet = ((READ_BIT(heth->Instance->PTPTSCR,
1607:Drivers/STM32F7xx_HAL_Driver/Src/stm32f7xx_hal_eth.c ****                                             ETH_PTPTSCR_TSSPTPOEFE) >> ETH_PTPTSCR_TSSPTPOEFE_Pos) 
1608:Drivers/STM32F7xx_HAL_Driver/Src/stm32f7xx_hal_eth.c ****                                  ? ENABLE : DISABLE;
1609:Drivers/STM32F7xx_HAL_Driver/Src/stm32f7xx_hal_eth.c ****   ptpconfig->TimestampIPv6 = ((READ_BIT(heth->Instance->PTPTSCR,
1610:Drivers/STM32F7xx_HAL_Driver/Src/stm32f7xx_hal_eth.c ****                                         ETH_PTPTSCR_TSSIPV6FE) >> ETH_PTPTSCR_TSSIPV6FE_Pos) > 0U) 
1611:Drivers/STM32F7xx_HAL_Driver/Src/stm32f7xx_hal_eth.c ****   ptpconfig->TimestampIPv4 = ((READ_BIT(heth->Instance->PTPTSCR,
1612:Drivers/STM32F7xx_HAL_Driver/Src/stm32f7xx_hal_eth.c ****                                         ETH_PTPTSCR_TSSIPV4FE) >> ETH_PTPTSCR_TSSIPV4FE_Pos) > 0U) 
1613:Drivers/STM32F7xx_HAL_Driver/Src/stm32f7xx_hal_eth.c ****   ptpconfig->TimestampEvent = ((READ_BIT(heth->Instance->PTPTSCR,
1614:Drivers/STM32F7xx_HAL_Driver/Src/stm32f7xx_hal_eth.c ****                                          ETH_PTPTSCR_TSSEME) >> ETH_PTPTSCR_TSSEME_Pos) > 0U) ? ENA
1615:Drivers/STM32F7xx_HAL_Driver/Src/stm32f7xx_hal_eth.c ****   ptpconfig->TimestampMaster = ((READ_BIT(heth->Instance->PTPTSCR,
1616:Drivers/STM32F7xx_HAL_Driver/Src/stm32f7xx_hal_eth.c ****                                           ETH_PTPTSCR_TSSMRME) >> ETH_PTPTSCR_TSSMRME_Pos) > 0U) ? 
1617:Drivers/STM32F7xx_HAL_Driver/Src/stm32f7xx_hal_eth.c ****   ptpconfig->TimestampFilter = ((READ_BIT(heth->Instance->PTPTSCR,
1618:Drivers/STM32F7xx_HAL_Driver/Src/stm32f7xx_hal_eth.c ****                                           ETH_PTPTSCR_TSPFFMAE) >> ETH_PTPTSCR_TSPFFMAE_Pos) > 0U) 
1619:Drivers/STM32F7xx_HAL_Driver/Src/stm32f7xx_hal_eth.c ****   ptpconfig->TimestampClockType = ((READ_BIT(heth->Instance->PTPTSCR,
1620:Drivers/STM32F7xx_HAL_Driver/Src/stm32f7xx_hal_eth.c ****                                              ETH_PTPTSCR_TSCNT) >> ETH_PTPTSCR_TSCNT_Pos) > 0U) ? E
1621:Drivers/STM32F7xx_HAL_Driver/Src/stm32f7xx_hal_eth.c **** 
1622:Drivers/STM32F7xx_HAL_Driver/Src/stm32f7xx_hal_eth.c ****   /* Return function status */
1623:Drivers/STM32F7xx_HAL_Driver/Src/stm32f7xx_hal_eth.c ****   return HAL_OK;
1624:Drivers/STM32F7xx_HAL_Driver/Src/stm32f7xx_hal_eth.c **** }
1625:Drivers/STM32F7xx_HAL_Driver/Src/stm32f7xx_hal_eth.c **** 
1626:Drivers/STM32F7xx_HAL_Driver/Src/stm32f7xx_hal_eth.c **** /**
ARM GAS  /tmp/ccQ4qZLu.s 			page 51


1627:Drivers/STM32F7xx_HAL_Driver/Src/stm32f7xx_hal_eth.c ****   * @brief  Set Seconds and Nanoseconds for the Ethernet PTP registers.
1628:Drivers/STM32F7xx_HAL_Driver/Src/stm32f7xx_hal_eth.c ****   * @param  heth: pointer to a ETH_HandleTypeDef structure that contains
1629:Drivers/STM32F7xx_HAL_Driver/Src/stm32f7xx_hal_eth.c ****   *         the configuration information for ETHERNET module
1630:Drivers/STM32F7xx_HAL_Driver/Src/stm32f7xx_hal_eth.c ****   * @param  heth: pointer to a ETH_TimeTypeDef structure that contains
1631:Drivers/STM32F7xx_HAL_Driver/Src/stm32f7xx_hal_eth.c ****   *         time to set
1632:Drivers/STM32F7xx_HAL_Driver/Src/stm32f7xx_hal_eth.c ****   * @retval HAL status
1633:Drivers/STM32F7xx_HAL_Driver/Src/stm32f7xx_hal_eth.c ****   */
1634:Drivers/STM32F7xx_HAL_Driver/Src/stm32f7xx_hal_eth.c **** HAL_StatusTypeDef HAL_ETH_PTP_SetTime(ETH_HandleTypeDef *heth, ETH_TimeTypeDef *time)
1635:Drivers/STM32F7xx_HAL_Driver/Src/stm32f7xx_hal_eth.c **** {
1636:Drivers/STM32F7xx_HAL_Driver/Src/stm32f7xx_hal_eth.c ****   if (heth->IsPtpConfigured == HAL_ETH_PTP_CONFIGURATED)
1637:Drivers/STM32F7xx_HAL_Driver/Src/stm32f7xx_hal_eth.c ****   {
1638:Drivers/STM32F7xx_HAL_Driver/Src/stm32f7xx_hal_eth.c ****     /* Set Seconds */
1639:Drivers/STM32F7xx_HAL_Driver/Src/stm32f7xx_hal_eth.c ****     heth->Instance->PTPTSHUR = time->Seconds;
1640:Drivers/STM32F7xx_HAL_Driver/Src/stm32f7xx_hal_eth.c **** 
1641:Drivers/STM32F7xx_HAL_Driver/Src/stm32f7xx_hal_eth.c ****     /* Set NanoSeconds */
1642:Drivers/STM32F7xx_HAL_Driver/Src/stm32f7xx_hal_eth.c ****     heth->Instance->PTPTSLUR = time->NanoSeconds;
1643:Drivers/STM32F7xx_HAL_Driver/Src/stm32f7xx_hal_eth.c **** 
1644:Drivers/STM32F7xx_HAL_Driver/Src/stm32f7xx_hal_eth.c ****     /* Return function status */
1645:Drivers/STM32F7xx_HAL_Driver/Src/stm32f7xx_hal_eth.c ****     return HAL_OK;
1646:Drivers/STM32F7xx_HAL_Driver/Src/stm32f7xx_hal_eth.c ****   }
1647:Drivers/STM32F7xx_HAL_Driver/Src/stm32f7xx_hal_eth.c ****   else
1648:Drivers/STM32F7xx_HAL_Driver/Src/stm32f7xx_hal_eth.c ****   {
1649:Drivers/STM32F7xx_HAL_Driver/Src/stm32f7xx_hal_eth.c ****     /* Return function status */
1650:Drivers/STM32F7xx_HAL_Driver/Src/stm32f7xx_hal_eth.c ****     return HAL_ERROR;
1651:Drivers/STM32F7xx_HAL_Driver/Src/stm32f7xx_hal_eth.c ****   }
1652:Drivers/STM32F7xx_HAL_Driver/Src/stm32f7xx_hal_eth.c **** }
1653:Drivers/STM32F7xx_HAL_Driver/Src/stm32f7xx_hal_eth.c **** 
1654:Drivers/STM32F7xx_HAL_Driver/Src/stm32f7xx_hal_eth.c **** /**
1655:Drivers/STM32F7xx_HAL_Driver/Src/stm32f7xx_hal_eth.c ****   * @brief  Get Seconds and Nanoseconds for the Ethernet PTP registers.
1656:Drivers/STM32F7xx_HAL_Driver/Src/stm32f7xx_hal_eth.c ****   * @param  heth: pointer to a ETH_HandleTypeDef structure that contains
1657:Drivers/STM32F7xx_HAL_Driver/Src/stm32f7xx_hal_eth.c ****   *         the configuration information for ETHERNET module
1658:Drivers/STM32F7xx_HAL_Driver/Src/stm32f7xx_hal_eth.c ****   * @param  heth: pointer to a ETH_TimeTypeDef structure that contains
1659:Drivers/STM32F7xx_HAL_Driver/Src/stm32f7xx_hal_eth.c ****   *         time to get
1660:Drivers/STM32F7xx_HAL_Driver/Src/stm32f7xx_hal_eth.c ****   * @retval HAL status
1661:Drivers/STM32F7xx_HAL_Driver/Src/stm32f7xx_hal_eth.c ****   */
1662:Drivers/STM32F7xx_HAL_Driver/Src/stm32f7xx_hal_eth.c **** HAL_StatusTypeDef HAL_ETH_PTP_GetTime(ETH_HandleTypeDef *heth, ETH_TimeTypeDef *time)
1663:Drivers/STM32F7xx_HAL_Driver/Src/stm32f7xx_hal_eth.c **** {
1664:Drivers/STM32F7xx_HAL_Driver/Src/stm32f7xx_hal_eth.c ****   if (heth->IsPtpConfigured == HAL_ETH_PTP_CONFIGURATED)
1665:Drivers/STM32F7xx_HAL_Driver/Src/stm32f7xx_hal_eth.c ****   {
1666:Drivers/STM32F7xx_HAL_Driver/Src/stm32f7xx_hal_eth.c ****     /* Get Seconds */
1667:Drivers/STM32F7xx_HAL_Driver/Src/stm32f7xx_hal_eth.c ****     time->Seconds = heth->Instance->PTPTSHR;
1668:Drivers/STM32F7xx_HAL_Driver/Src/stm32f7xx_hal_eth.c **** 
1669:Drivers/STM32F7xx_HAL_Driver/Src/stm32f7xx_hal_eth.c ****     /* Get NanoSeconds */
1670:Drivers/STM32F7xx_HAL_Driver/Src/stm32f7xx_hal_eth.c ****     time->NanoSeconds = heth->Instance->PTPTSLR;
1671:Drivers/STM32F7xx_HAL_Driver/Src/stm32f7xx_hal_eth.c **** 
1672:Drivers/STM32F7xx_HAL_Driver/Src/stm32f7xx_hal_eth.c ****     /* Return function status */
1673:Drivers/STM32F7xx_HAL_Driver/Src/stm32f7xx_hal_eth.c ****     return HAL_OK;
1674:Drivers/STM32F7xx_HAL_Driver/Src/stm32f7xx_hal_eth.c ****   }
1675:Drivers/STM32F7xx_HAL_Driver/Src/stm32f7xx_hal_eth.c ****   else
1676:Drivers/STM32F7xx_HAL_Driver/Src/stm32f7xx_hal_eth.c ****   {
1677:Drivers/STM32F7xx_HAL_Driver/Src/stm32f7xx_hal_eth.c ****     /* Return function status */
1678:Drivers/STM32F7xx_HAL_Driver/Src/stm32f7xx_hal_eth.c ****     return HAL_ERROR;
1679:Drivers/STM32F7xx_HAL_Driver/Src/stm32f7xx_hal_eth.c ****   }
1680:Drivers/STM32F7xx_HAL_Driver/Src/stm32f7xx_hal_eth.c **** }
1681:Drivers/STM32F7xx_HAL_Driver/Src/stm32f7xx_hal_eth.c **** 
1682:Drivers/STM32F7xx_HAL_Driver/Src/stm32f7xx_hal_eth.c **** /**
1683:Drivers/STM32F7xx_HAL_Driver/Src/stm32f7xx_hal_eth.c ****   * @brief  Update time for the Ethernet PTP registers.
ARM GAS  /tmp/ccQ4qZLu.s 			page 52


1684:Drivers/STM32F7xx_HAL_Driver/Src/stm32f7xx_hal_eth.c ****   * @param  heth: pointer to a ETH_HandleTypeDef structure that contains
1685:Drivers/STM32F7xx_HAL_Driver/Src/stm32f7xx_hal_eth.c ****   *         the configuration information for ETHERNET module
1686:Drivers/STM32F7xx_HAL_Driver/Src/stm32f7xx_hal_eth.c ****   * @param  timeupdate: pointer to a ETH_TIMEUPDATETypeDef structure that contains
1687:Drivers/STM32F7xx_HAL_Driver/Src/stm32f7xx_hal_eth.c ****   *         the time update information
1688:Drivers/STM32F7xx_HAL_Driver/Src/stm32f7xx_hal_eth.c ****   * @retval HAL status
1689:Drivers/STM32F7xx_HAL_Driver/Src/stm32f7xx_hal_eth.c ****   */
1690:Drivers/STM32F7xx_HAL_Driver/Src/stm32f7xx_hal_eth.c **** HAL_StatusTypeDef HAL_ETH_PTP_AddTimeOffset(ETH_HandleTypeDef *heth, ETH_PtpUpdateTypeDef ptpoffset
1691:Drivers/STM32F7xx_HAL_Driver/Src/stm32f7xx_hal_eth.c ****                                             ETH_TimeTypeDef *timeoffset)
1692:Drivers/STM32F7xx_HAL_Driver/Src/stm32f7xx_hal_eth.c **** {
1693:Drivers/STM32F7xx_HAL_Driver/Src/stm32f7xx_hal_eth.c ****   if (heth->IsPtpConfigured == HAL_ETH_PTP_CONFIGURATED)
1694:Drivers/STM32F7xx_HAL_Driver/Src/stm32f7xx_hal_eth.c ****   {
1695:Drivers/STM32F7xx_HAL_Driver/Src/stm32f7xx_hal_eth.c ****     if (ptpoffsettype ==  HAL_ETH_PTP_NEGATIVE_UPDATE)
1696:Drivers/STM32F7xx_HAL_Driver/Src/stm32f7xx_hal_eth.c ****     {
1697:Drivers/STM32F7xx_HAL_Driver/Src/stm32f7xx_hal_eth.c ****       /* Set Seconds update */
1698:Drivers/STM32F7xx_HAL_Driver/Src/stm32f7xx_hal_eth.c ****       heth->Instance->PTPTSHUR = ETH_PTPTSHR_VALUE - timeoffset->Seconds + 1U;
1699:Drivers/STM32F7xx_HAL_Driver/Src/stm32f7xx_hal_eth.c **** 
1700:Drivers/STM32F7xx_HAL_Driver/Src/stm32f7xx_hal_eth.c ****       if (READ_BIT(heth->Instance->PTPTSCR, ETH_PTPTSCR_TSSSR) == ETH_PTPTSCR_TSSSR)
1701:Drivers/STM32F7xx_HAL_Driver/Src/stm32f7xx_hal_eth.c ****       {
1702:Drivers/STM32F7xx_HAL_Driver/Src/stm32f7xx_hal_eth.c ****         /* Set nanoSeconds update */
1703:Drivers/STM32F7xx_HAL_Driver/Src/stm32f7xx_hal_eth.c ****         heth->Instance->PTPTSLUR = ETH_PTPTSLR_VALUE - timeoffset->NanoSeconds;
1704:Drivers/STM32F7xx_HAL_Driver/Src/stm32f7xx_hal_eth.c ****       }
1705:Drivers/STM32F7xx_HAL_Driver/Src/stm32f7xx_hal_eth.c ****       else
1706:Drivers/STM32F7xx_HAL_Driver/Src/stm32f7xx_hal_eth.c ****       {
1707:Drivers/STM32F7xx_HAL_Driver/Src/stm32f7xx_hal_eth.c ****         heth->Instance->PTPTSLUR = ETH_PTPTSHR_VALUE - timeoffset->NanoSeconds + 1U;
1708:Drivers/STM32F7xx_HAL_Driver/Src/stm32f7xx_hal_eth.c ****       }
1709:Drivers/STM32F7xx_HAL_Driver/Src/stm32f7xx_hal_eth.c ****     }
1710:Drivers/STM32F7xx_HAL_Driver/Src/stm32f7xx_hal_eth.c ****     else
1711:Drivers/STM32F7xx_HAL_Driver/Src/stm32f7xx_hal_eth.c ****     {
1712:Drivers/STM32F7xx_HAL_Driver/Src/stm32f7xx_hal_eth.c ****       /* Set Seconds update */
1713:Drivers/STM32F7xx_HAL_Driver/Src/stm32f7xx_hal_eth.c ****       heth->Instance->PTPTSHUR = timeoffset->Seconds;
1714:Drivers/STM32F7xx_HAL_Driver/Src/stm32f7xx_hal_eth.c ****       /* Set nanoSeconds update */
1715:Drivers/STM32F7xx_HAL_Driver/Src/stm32f7xx_hal_eth.c ****       heth->Instance->PTPTSLUR = timeoffset->NanoSeconds;
1716:Drivers/STM32F7xx_HAL_Driver/Src/stm32f7xx_hal_eth.c ****     }
1717:Drivers/STM32F7xx_HAL_Driver/Src/stm32f7xx_hal_eth.c **** 
1718:Drivers/STM32F7xx_HAL_Driver/Src/stm32f7xx_hal_eth.c ****     /* Return function status */
1719:Drivers/STM32F7xx_HAL_Driver/Src/stm32f7xx_hal_eth.c ****     return HAL_OK;
1720:Drivers/STM32F7xx_HAL_Driver/Src/stm32f7xx_hal_eth.c ****   }
1721:Drivers/STM32F7xx_HAL_Driver/Src/stm32f7xx_hal_eth.c ****   else
1722:Drivers/STM32F7xx_HAL_Driver/Src/stm32f7xx_hal_eth.c ****   {
1723:Drivers/STM32F7xx_HAL_Driver/Src/stm32f7xx_hal_eth.c ****     /* Return function status */
1724:Drivers/STM32F7xx_HAL_Driver/Src/stm32f7xx_hal_eth.c ****     return HAL_ERROR;
1725:Drivers/STM32F7xx_HAL_Driver/Src/stm32f7xx_hal_eth.c ****   }
1726:Drivers/STM32F7xx_HAL_Driver/Src/stm32f7xx_hal_eth.c **** }
1727:Drivers/STM32F7xx_HAL_Driver/Src/stm32f7xx_hal_eth.c **** 
1728:Drivers/STM32F7xx_HAL_Driver/Src/stm32f7xx_hal_eth.c **** /**
1729:Drivers/STM32F7xx_HAL_Driver/Src/stm32f7xx_hal_eth.c ****   * @brief  Insert Timestamp in transmission.
1730:Drivers/STM32F7xx_HAL_Driver/Src/stm32f7xx_hal_eth.c ****   * @param  heth: pointer to a ETH_HandleTypeDef structure that contains
1731:Drivers/STM32F7xx_HAL_Driver/Src/stm32f7xx_hal_eth.c ****   *         the configuration information for ETHERNET module
1732:Drivers/STM32F7xx_HAL_Driver/Src/stm32f7xx_hal_eth.c ****   * @param  txtimestampconf: Enable or Disable timestamp in transmission
1733:Drivers/STM32F7xx_HAL_Driver/Src/stm32f7xx_hal_eth.c ****   * @retval HAL status
1734:Drivers/STM32F7xx_HAL_Driver/Src/stm32f7xx_hal_eth.c ****   */
1735:Drivers/STM32F7xx_HAL_Driver/Src/stm32f7xx_hal_eth.c **** HAL_StatusTypeDef HAL_ETH_PTP_InsertTxTimestamp(ETH_HandleTypeDef *heth)
1736:Drivers/STM32F7xx_HAL_Driver/Src/stm32f7xx_hal_eth.c **** {
1737:Drivers/STM32F7xx_HAL_Driver/Src/stm32f7xx_hal_eth.c ****   ETH_TxDescListTypeDef *dmatxdesclist = &heth->TxDescList;
1738:Drivers/STM32F7xx_HAL_Driver/Src/stm32f7xx_hal_eth.c ****   uint32_t descidx = dmatxdesclist->CurTxDesc;
1739:Drivers/STM32F7xx_HAL_Driver/Src/stm32f7xx_hal_eth.c ****   ETH_DMADescTypeDef *dmatxdesc = (ETH_DMADescTypeDef *)dmatxdesclist->TxDesc[descidx];
1740:Drivers/STM32F7xx_HAL_Driver/Src/stm32f7xx_hal_eth.c **** 
ARM GAS  /tmp/ccQ4qZLu.s 			page 53


1741:Drivers/STM32F7xx_HAL_Driver/Src/stm32f7xx_hal_eth.c ****   if (heth->IsPtpConfigured == HAL_ETH_PTP_CONFIGURATED)
1742:Drivers/STM32F7xx_HAL_Driver/Src/stm32f7xx_hal_eth.c ****   {
1743:Drivers/STM32F7xx_HAL_Driver/Src/stm32f7xx_hal_eth.c ****     /* Enable Time Stamp transmission */
1744:Drivers/STM32F7xx_HAL_Driver/Src/stm32f7xx_hal_eth.c ****     SET_BIT(dmatxdesc->DESC0, ETH_DMATXDESC_TTSE);
1745:Drivers/STM32F7xx_HAL_Driver/Src/stm32f7xx_hal_eth.c **** 
1746:Drivers/STM32F7xx_HAL_Driver/Src/stm32f7xx_hal_eth.c ****     /* Return function status */
1747:Drivers/STM32F7xx_HAL_Driver/Src/stm32f7xx_hal_eth.c ****     return HAL_OK;
1748:Drivers/STM32F7xx_HAL_Driver/Src/stm32f7xx_hal_eth.c ****   }
1749:Drivers/STM32F7xx_HAL_Driver/Src/stm32f7xx_hal_eth.c ****   else
1750:Drivers/STM32F7xx_HAL_Driver/Src/stm32f7xx_hal_eth.c ****   {
1751:Drivers/STM32F7xx_HAL_Driver/Src/stm32f7xx_hal_eth.c ****     /* Return function status */
1752:Drivers/STM32F7xx_HAL_Driver/Src/stm32f7xx_hal_eth.c ****     return HAL_ERROR;
1753:Drivers/STM32F7xx_HAL_Driver/Src/stm32f7xx_hal_eth.c ****   }
1754:Drivers/STM32F7xx_HAL_Driver/Src/stm32f7xx_hal_eth.c **** }
1755:Drivers/STM32F7xx_HAL_Driver/Src/stm32f7xx_hal_eth.c **** 
1756:Drivers/STM32F7xx_HAL_Driver/Src/stm32f7xx_hal_eth.c **** /**
1757:Drivers/STM32F7xx_HAL_Driver/Src/stm32f7xx_hal_eth.c ****   * @brief  Get transmission timestamp.
1758:Drivers/STM32F7xx_HAL_Driver/Src/stm32f7xx_hal_eth.c ****   * @param  heth: pointer to a ETH_HandleTypeDef structure that contains
1759:Drivers/STM32F7xx_HAL_Driver/Src/stm32f7xx_hal_eth.c ****   *         the configuration information for ETHERNET module
1760:Drivers/STM32F7xx_HAL_Driver/Src/stm32f7xx_hal_eth.c ****   * @param  timestamp: pointer to ETH_TIMESTAMPTypeDef structure that contains
1761:Drivers/STM32F7xx_HAL_Driver/Src/stm32f7xx_hal_eth.c ****   *         transmission timestamp
1762:Drivers/STM32F7xx_HAL_Driver/Src/stm32f7xx_hal_eth.c ****   * @retval HAL status
1763:Drivers/STM32F7xx_HAL_Driver/Src/stm32f7xx_hal_eth.c ****   */
1764:Drivers/STM32F7xx_HAL_Driver/Src/stm32f7xx_hal_eth.c **** HAL_StatusTypeDef HAL_ETH_PTP_GetTxTimestamp(ETH_HandleTypeDef *heth, ETH_TimeStampTypeDef *timesta
1765:Drivers/STM32F7xx_HAL_Driver/Src/stm32f7xx_hal_eth.c **** {
1766:Drivers/STM32F7xx_HAL_Driver/Src/stm32f7xx_hal_eth.c ****   ETH_TxDescListTypeDef *dmatxdesclist = &heth->TxDescList;
1767:Drivers/STM32F7xx_HAL_Driver/Src/stm32f7xx_hal_eth.c ****   uint32_t idx =       dmatxdesclist->releaseIndex;
1768:Drivers/STM32F7xx_HAL_Driver/Src/stm32f7xx_hal_eth.c ****   ETH_DMADescTypeDef *dmatxdesc = (ETH_DMADescTypeDef *)dmatxdesclist->TxDesc[idx];
1769:Drivers/STM32F7xx_HAL_Driver/Src/stm32f7xx_hal_eth.c **** 
1770:Drivers/STM32F7xx_HAL_Driver/Src/stm32f7xx_hal_eth.c ****   if (heth->IsPtpConfigured == HAL_ETH_PTP_CONFIGURATED)
1771:Drivers/STM32F7xx_HAL_Driver/Src/stm32f7xx_hal_eth.c ****   {
1772:Drivers/STM32F7xx_HAL_Driver/Src/stm32f7xx_hal_eth.c ****     /* Get timestamp low */
1773:Drivers/STM32F7xx_HAL_Driver/Src/stm32f7xx_hal_eth.c ****     timestamp->TimeStampLow = dmatxdesc->DESC0;
1774:Drivers/STM32F7xx_HAL_Driver/Src/stm32f7xx_hal_eth.c ****     /* Get timestamp high */
1775:Drivers/STM32F7xx_HAL_Driver/Src/stm32f7xx_hal_eth.c ****     timestamp->TimeStampHigh = dmatxdesc->DESC1;
1776:Drivers/STM32F7xx_HAL_Driver/Src/stm32f7xx_hal_eth.c **** 
1777:Drivers/STM32F7xx_HAL_Driver/Src/stm32f7xx_hal_eth.c ****     /* Return function status */
1778:Drivers/STM32F7xx_HAL_Driver/Src/stm32f7xx_hal_eth.c ****     return HAL_OK;
1779:Drivers/STM32F7xx_HAL_Driver/Src/stm32f7xx_hal_eth.c ****   }
1780:Drivers/STM32F7xx_HAL_Driver/Src/stm32f7xx_hal_eth.c ****   else
1781:Drivers/STM32F7xx_HAL_Driver/Src/stm32f7xx_hal_eth.c ****   {
1782:Drivers/STM32F7xx_HAL_Driver/Src/stm32f7xx_hal_eth.c ****     /* Return function status */
1783:Drivers/STM32F7xx_HAL_Driver/Src/stm32f7xx_hal_eth.c ****     return HAL_ERROR;
1784:Drivers/STM32F7xx_HAL_Driver/Src/stm32f7xx_hal_eth.c ****   }
1785:Drivers/STM32F7xx_HAL_Driver/Src/stm32f7xx_hal_eth.c **** }
1786:Drivers/STM32F7xx_HAL_Driver/Src/stm32f7xx_hal_eth.c **** 
1787:Drivers/STM32F7xx_HAL_Driver/Src/stm32f7xx_hal_eth.c **** /**
1788:Drivers/STM32F7xx_HAL_Driver/Src/stm32f7xx_hal_eth.c ****   * @brief  Get receive timestamp.
1789:Drivers/STM32F7xx_HAL_Driver/Src/stm32f7xx_hal_eth.c ****   * @param  heth: pointer to a ETH_HandleTypeDef structure that contains
1790:Drivers/STM32F7xx_HAL_Driver/Src/stm32f7xx_hal_eth.c ****   *         the configuration information for ETHERNET module
1791:Drivers/STM32F7xx_HAL_Driver/Src/stm32f7xx_hal_eth.c ****   * @param  timestamp: pointer to ETH_TIMESTAMPTypeDef structure that contains
1792:Drivers/STM32F7xx_HAL_Driver/Src/stm32f7xx_hal_eth.c ****   *         receive timestamp
1793:Drivers/STM32F7xx_HAL_Driver/Src/stm32f7xx_hal_eth.c ****   * @retval HAL status
1794:Drivers/STM32F7xx_HAL_Driver/Src/stm32f7xx_hal_eth.c ****   */
1795:Drivers/STM32F7xx_HAL_Driver/Src/stm32f7xx_hal_eth.c **** HAL_StatusTypeDef HAL_ETH_PTP_GetRxTimestamp(ETH_HandleTypeDef *heth, ETH_TimeStampTypeDef *timesta
1796:Drivers/STM32F7xx_HAL_Driver/Src/stm32f7xx_hal_eth.c **** {
1797:Drivers/STM32F7xx_HAL_Driver/Src/stm32f7xx_hal_eth.c ****   if (heth->IsPtpConfigured == HAL_ETH_PTP_CONFIGURATED)
ARM GAS  /tmp/ccQ4qZLu.s 			page 54


1798:Drivers/STM32F7xx_HAL_Driver/Src/stm32f7xx_hal_eth.c ****   {
1799:Drivers/STM32F7xx_HAL_Driver/Src/stm32f7xx_hal_eth.c ****     /* Get timestamp low */
1800:Drivers/STM32F7xx_HAL_Driver/Src/stm32f7xx_hal_eth.c ****     timestamp->TimeStampLow = heth->RxDescList.TimeStamp.TimeStampLow;
1801:Drivers/STM32F7xx_HAL_Driver/Src/stm32f7xx_hal_eth.c ****     /* Get timestamp high */
1802:Drivers/STM32F7xx_HAL_Driver/Src/stm32f7xx_hal_eth.c ****     timestamp->TimeStampHigh = heth->RxDescList.TimeStamp.TimeStampHigh;
1803:Drivers/STM32F7xx_HAL_Driver/Src/stm32f7xx_hal_eth.c **** 
1804:Drivers/STM32F7xx_HAL_Driver/Src/stm32f7xx_hal_eth.c ****     /* Return function status */
1805:Drivers/STM32F7xx_HAL_Driver/Src/stm32f7xx_hal_eth.c ****     return HAL_OK;
1806:Drivers/STM32F7xx_HAL_Driver/Src/stm32f7xx_hal_eth.c ****   }
1807:Drivers/STM32F7xx_HAL_Driver/Src/stm32f7xx_hal_eth.c ****   else
1808:Drivers/STM32F7xx_HAL_Driver/Src/stm32f7xx_hal_eth.c ****   {
1809:Drivers/STM32F7xx_HAL_Driver/Src/stm32f7xx_hal_eth.c ****     /* Return function status */
1810:Drivers/STM32F7xx_HAL_Driver/Src/stm32f7xx_hal_eth.c ****     return HAL_ERROR;
1811:Drivers/STM32F7xx_HAL_Driver/Src/stm32f7xx_hal_eth.c ****   }
1812:Drivers/STM32F7xx_HAL_Driver/Src/stm32f7xx_hal_eth.c **** }
1813:Drivers/STM32F7xx_HAL_Driver/Src/stm32f7xx_hal_eth.c **** 
1814:Drivers/STM32F7xx_HAL_Driver/Src/stm32f7xx_hal_eth.c **** /**
1815:Drivers/STM32F7xx_HAL_Driver/Src/stm32f7xx_hal_eth.c ****   * @brief  Register the Tx Ptp callback.
1816:Drivers/STM32F7xx_HAL_Driver/Src/stm32f7xx_hal_eth.c ****   * @param  heth: pointer to a ETH_HandleTypeDef structure that contains
1817:Drivers/STM32F7xx_HAL_Driver/Src/stm32f7xx_hal_eth.c ****   *         the configuration information for ETHERNET module
1818:Drivers/STM32F7xx_HAL_Driver/Src/stm32f7xx_hal_eth.c ****   * @param  txPtpCallback: Function to handle Ptp transmission
1819:Drivers/STM32F7xx_HAL_Driver/Src/stm32f7xx_hal_eth.c ****   * @retval HAL status
1820:Drivers/STM32F7xx_HAL_Driver/Src/stm32f7xx_hal_eth.c ****   */
1821:Drivers/STM32F7xx_HAL_Driver/Src/stm32f7xx_hal_eth.c **** HAL_StatusTypeDef HAL_ETH_RegisterTxPtpCallback(ETH_HandleTypeDef *heth, pETH_txPtpCallbackTypeDef 
1822:Drivers/STM32F7xx_HAL_Driver/Src/stm32f7xx_hal_eth.c **** {
1823:Drivers/STM32F7xx_HAL_Driver/Src/stm32f7xx_hal_eth.c ****   if (txPtpCallback == NULL)
1824:Drivers/STM32F7xx_HAL_Driver/Src/stm32f7xx_hal_eth.c ****   {
1825:Drivers/STM32F7xx_HAL_Driver/Src/stm32f7xx_hal_eth.c ****     /* No buffer to save */
1826:Drivers/STM32F7xx_HAL_Driver/Src/stm32f7xx_hal_eth.c ****     return HAL_ERROR;
1827:Drivers/STM32F7xx_HAL_Driver/Src/stm32f7xx_hal_eth.c ****   }
1828:Drivers/STM32F7xx_HAL_Driver/Src/stm32f7xx_hal_eth.c ****   /* Set Function to handle Tx Ptp */
1829:Drivers/STM32F7xx_HAL_Driver/Src/stm32f7xx_hal_eth.c ****   heth->txPtpCallback = txPtpCallback;
1830:Drivers/STM32F7xx_HAL_Driver/Src/stm32f7xx_hal_eth.c **** 
1831:Drivers/STM32F7xx_HAL_Driver/Src/stm32f7xx_hal_eth.c ****   return HAL_OK;
1832:Drivers/STM32F7xx_HAL_Driver/Src/stm32f7xx_hal_eth.c **** }
1833:Drivers/STM32F7xx_HAL_Driver/Src/stm32f7xx_hal_eth.c **** 
1834:Drivers/STM32F7xx_HAL_Driver/Src/stm32f7xx_hal_eth.c **** /**
1835:Drivers/STM32F7xx_HAL_Driver/Src/stm32f7xx_hal_eth.c ****   * @brief  Unregister the Tx Ptp callback.
1836:Drivers/STM32F7xx_HAL_Driver/Src/stm32f7xx_hal_eth.c ****   * @param  heth: pointer to a ETH_HandleTypeDef structure that contains
1837:Drivers/STM32F7xx_HAL_Driver/Src/stm32f7xx_hal_eth.c ****   *         the configuration information for ETHERNET module
1838:Drivers/STM32F7xx_HAL_Driver/Src/stm32f7xx_hal_eth.c ****   * @retval HAL status
1839:Drivers/STM32F7xx_HAL_Driver/Src/stm32f7xx_hal_eth.c ****   */
1840:Drivers/STM32F7xx_HAL_Driver/Src/stm32f7xx_hal_eth.c **** HAL_StatusTypeDef HAL_ETH_UnRegisterTxPtpCallback(ETH_HandleTypeDef *heth)
1841:Drivers/STM32F7xx_HAL_Driver/Src/stm32f7xx_hal_eth.c **** {
1842:Drivers/STM32F7xx_HAL_Driver/Src/stm32f7xx_hal_eth.c ****   /* Set function to allocate buffer */
1843:Drivers/STM32F7xx_HAL_Driver/Src/stm32f7xx_hal_eth.c ****   heth->txPtpCallback = HAL_ETH_TxPtpCallback;
1844:Drivers/STM32F7xx_HAL_Driver/Src/stm32f7xx_hal_eth.c **** 
1845:Drivers/STM32F7xx_HAL_Driver/Src/stm32f7xx_hal_eth.c ****   return HAL_OK;
1846:Drivers/STM32F7xx_HAL_Driver/Src/stm32f7xx_hal_eth.c **** }
1847:Drivers/STM32F7xx_HAL_Driver/Src/stm32f7xx_hal_eth.c **** 
1848:Drivers/STM32F7xx_HAL_Driver/Src/stm32f7xx_hal_eth.c **** /**
1849:Drivers/STM32F7xx_HAL_Driver/Src/stm32f7xx_hal_eth.c ****   * @brief  Tx Ptp callback.
1850:Drivers/STM32F7xx_HAL_Driver/Src/stm32f7xx_hal_eth.c ****   * @param  buff: pointer to application buffer
1851:Drivers/STM32F7xx_HAL_Driver/Src/stm32f7xx_hal_eth.c ****   * @retval None
1852:Drivers/STM32F7xx_HAL_Driver/Src/stm32f7xx_hal_eth.c ****   */
1853:Drivers/STM32F7xx_HAL_Driver/Src/stm32f7xx_hal_eth.c **** __weak void HAL_ETH_TxPtpCallback(uint32_t *buff, ETH_TimeStampTypeDef *timestamp)
1854:Drivers/STM32F7xx_HAL_Driver/Src/stm32f7xx_hal_eth.c **** {
ARM GAS  /tmp/ccQ4qZLu.s 			page 55


1855:Drivers/STM32F7xx_HAL_Driver/Src/stm32f7xx_hal_eth.c ****   /* Prevent unused argument(s) compilation warning */
1856:Drivers/STM32F7xx_HAL_Driver/Src/stm32f7xx_hal_eth.c ****   UNUSED(buff);
1857:Drivers/STM32F7xx_HAL_Driver/Src/stm32f7xx_hal_eth.c ****   /* NOTE : This function Should not be modified, when the callback is needed,
1858:Drivers/STM32F7xx_HAL_Driver/Src/stm32f7xx_hal_eth.c ****   the HAL_ETH_TxPtpCallback could be implemented in the user file
1859:Drivers/STM32F7xx_HAL_Driver/Src/stm32f7xx_hal_eth.c ****   */
1860:Drivers/STM32F7xx_HAL_Driver/Src/stm32f7xx_hal_eth.c **** }
1861:Drivers/STM32F7xx_HAL_Driver/Src/stm32f7xx_hal_eth.c **** #endif  /* HAL_ETH_USE_PTP */
1862:Drivers/STM32F7xx_HAL_Driver/Src/stm32f7xx_hal_eth.c **** 
1863:Drivers/STM32F7xx_HAL_Driver/Src/stm32f7xx_hal_eth.c **** /**
1864:Drivers/STM32F7xx_HAL_Driver/Src/stm32f7xx_hal_eth.c ****   * @brief  This function handles ETH interrupt request.
1865:Drivers/STM32F7xx_HAL_Driver/Src/stm32f7xx_hal_eth.c ****   * @param  heth: pointer to a ETH_HandleTypeDef structure that contains
1866:Drivers/STM32F7xx_HAL_Driver/Src/stm32f7xx_hal_eth.c ****   *         the configuration information for ETHERNET module
1867:Drivers/STM32F7xx_HAL_Driver/Src/stm32f7xx_hal_eth.c ****   * @retval HAL status
1868:Drivers/STM32F7xx_HAL_Driver/Src/stm32f7xx_hal_eth.c ****   */
1869:Drivers/STM32F7xx_HAL_Driver/Src/stm32f7xx_hal_eth.c **** void HAL_ETH_IRQHandler(ETH_HandleTypeDef *heth)
1870:Drivers/STM32F7xx_HAL_Driver/Src/stm32f7xx_hal_eth.c **** {
1871:Drivers/STM32F7xx_HAL_Driver/Src/stm32f7xx_hal_eth.c ****   /* Packet received */
1872:Drivers/STM32F7xx_HAL_Driver/Src/stm32f7xx_hal_eth.c ****   if (__HAL_ETH_DMA_GET_IT(heth, ETH_DMASR_RS))
1873:Drivers/STM32F7xx_HAL_Driver/Src/stm32f7xx_hal_eth.c ****   {
1874:Drivers/STM32F7xx_HAL_Driver/Src/stm32f7xx_hal_eth.c ****     if (__HAL_ETH_DMA_GET_IT_SOURCE(heth, ETH_DMAIER_RIE))
1875:Drivers/STM32F7xx_HAL_Driver/Src/stm32f7xx_hal_eth.c ****     {
1876:Drivers/STM32F7xx_HAL_Driver/Src/stm32f7xx_hal_eth.c ****       /* Clear the Eth DMA Rx IT pending bits */
1877:Drivers/STM32F7xx_HAL_Driver/Src/stm32f7xx_hal_eth.c ****       __HAL_ETH_DMA_CLEAR_IT(heth, ETH_DMASR_RS | ETH_DMASR_NIS);
1878:Drivers/STM32F7xx_HAL_Driver/Src/stm32f7xx_hal_eth.c **** 
1879:Drivers/STM32F7xx_HAL_Driver/Src/stm32f7xx_hal_eth.c **** #if (USE_HAL_ETH_REGISTER_CALLBACKS == 1)
1880:Drivers/STM32F7xx_HAL_Driver/Src/stm32f7xx_hal_eth.c ****       /*Call registered Receive complete callback*/
1881:Drivers/STM32F7xx_HAL_Driver/Src/stm32f7xx_hal_eth.c ****       heth->RxCpltCallback(heth);
1882:Drivers/STM32F7xx_HAL_Driver/Src/stm32f7xx_hal_eth.c **** #else
1883:Drivers/STM32F7xx_HAL_Driver/Src/stm32f7xx_hal_eth.c ****       /* Receive complete callback */
1884:Drivers/STM32F7xx_HAL_Driver/Src/stm32f7xx_hal_eth.c ****       HAL_ETH_RxCpltCallback(heth);
1885:Drivers/STM32F7xx_HAL_Driver/Src/stm32f7xx_hal_eth.c **** #endif  /* USE_HAL_ETH_REGISTER_CALLBACKS */
1886:Drivers/STM32F7xx_HAL_Driver/Src/stm32f7xx_hal_eth.c ****     }
1887:Drivers/STM32F7xx_HAL_Driver/Src/stm32f7xx_hal_eth.c ****   }
1888:Drivers/STM32F7xx_HAL_Driver/Src/stm32f7xx_hal_eth.c **** 
1889:Drivers/STM32F7xx_HAL_Driver/Src/stm32f7xx_hal_eth.c ****   /* Packet transmitted */
1890:Drivers/STM32F7xx_HAL_Driver/Src/stm32f7xx_hal_eth.c ****   if (__HAL_ETH_DMA_GET_IT(heth, ETH_DMASR_TS))
1891:Drivers/STM32F7xx_HAL_Driver/Src/stm32f7xx_hal_eth.c ****   {
1892:Drivers/STM32F7xx_HAL_Driver/Src/stm32f7xx_hal_eth.c ****     if (__HAL_ETH_DMA_GET_IT_SOURCE(heth, ETH_DMAIER_TIE))
1893:Drivers/STM32F7xx_HAL_Driver/Src/stm32f7xx_hal_eth.c ****     {
1894:Drivers/STM32F7xx_HAL_Driver/Src/stm32f7xx_hal_eth.c ****       /* Clear the Eth DMA Tx IT pending bits */
1895:Drivers/STM32F7xx_HAL_Driver/Src/stm32f7xx_hal_eth.c ****       __HAL_ETH_DMA_CLEAR_IT(heth, ETH_DMASR_TS | ETH_DMASR_NIS);
1896:Drivers/STM32F7xx_HAL_Driver/Src/stm32f7xx_hal_eth.c **** 
1897:Drivers/STM32F7xx_HAL_Driver/Src/stm32f7xx_hal_eth.c **** #if (USE_HAL_ETH_REGISTER_CALLBACKS == 1)
1898:Drivers/STM32F7xx_HAL_Driver/Src/stm32f7xx_hal_eth.c ****       /*Call registered Transmit complete callback*/
1899:Drivers/STM32F7xx_HAL_Driver/Src/stm32f7xx_hal_eth.c ****       heth->TxCpltCallback(heth);
1900:Drivers/STM32F7xx_HAL_Driver/Src/stm32f7xx_hal_eth.c **** #else
1901:Drivers/STM32F7xx_HAL_Driver/Src/stm32f7xx_hal_eth.c ****       /* Transfer complete callback */
1902:Drivers/STM32F7xx_HAL_Driver/Src/stm32f7xx_hal_eth.c ****       HAL_ETH_TxCpltCallback(heth);
1903:Drivers/STM32F7xx_HAL_Driver/Src/stm32f7xx_hal_eth.c **** #endif  /* USE_HAL_ETH_REGISTER_CALLBACKS */
1904:Drivers/STM32F7xx_HAL_Driver/Src/stm32f7xx_hal_eth.c ****     }
1905:Drivers/STM32F7xx_HAL_Driver/Src/stm32f7xx_hal_eth.c ****   }
1906:Drivers/STM32F7xx_HAL_Driver/Src/stm32f7xx_hal_eth.c **** 
1907:Drivers/STM32F7xx_HAL_Driver/Src/stm32f7xx_hal_eth.c **** 
1908:Drivers/STM32F7xx_HAL_Driver/Src/stm32f7xx_hal_eth.c ****   /* ETH DMA Error */
1909:Drivers/STM32F7xx_HAL_Driver/Src/stm32f7xx_hal_eth.c ****   if (__HAL_ETH_DMA_GET_IT(heth, ETH_DMASR_AIS))
1910:Drivers/STM32F7xx_HAL_Driver/Src/stm32f7xx_hal_eth.c ****   {
1911:Drivers/STM32F7xx_HAL_Driver/Src/stm32f7xx_hal_eth.c ****     if (__HAL_ETH_DMA_GET_IT_SOURCE(heth, ETH_DMAIER_AISE))
ARM GAS  /tmp/ccQ4qZLu.s 			page 56


1912:Drivers/STM32F7xx_HAL_Driver/Src/stm32f7xx_hal_eth.c ****     {
1913:Drivers/STM32F7xx_HAL_Driver/Src/stm32f7xx_hal_eth.c ****       heth->ErrorCode |= HAL_ETH_ERROR_DMA;
1914:Drivers/STM32F7xx_HAL_Driver/Src/stm32f7xx_hal_eth.c **** 
1915:Drivers/STM32F7xx_HAL_Driver/Src/stm32f7xx_hal_eth.c ****       /* if fatal bus error occurred */
1916:Drivers/STM32F7xx_HAL_Driver/Src/stm32f7xx_hal_eth.c ****       if (__HAL_ETH_DMA_GET_IT(heth, ETH_DMASR_FBES))
1917:Drivers/STM32F7xx_HAL_Driver/Src/stm32f7xx_hal_eth.c ****       {
1918:Drivers/STM32F7xx_HAL_Driver/Src/stm32f7xx_hal_eth.c ****         /* Get DMA error code  */
1919:Drivers/STM32F7xx_HAL_Driver/Src/stm32f7xx_hal_eth.c ****         heth->DMAErrorCode = READ_BIT(heth->Instance->DMASR, (ETH_DMASR_FBES | ETH_DMASR_TPS | ETH_
1920:Drivers/STM32F7xx_HAL_Driver/Src/stm32f7xx_hal_eth.c **** 
1921:Drivers/STM32F7xx_HAL_Driver/Src/stm32f7xx_hal_eth.c ****         /* Disable all interrupts */
1922:Drivers/STM32F7xx_HAL_Driver/Src/stm32f7xx_hal_eth.c ****         __HAL_ETH_DMA_DISABLE_IT(heth, ETH_DMAIER_NISE | ETH_DMAIER_AISE);
1923:Drivers/STM32F7xx_HAL_Driver/Src/stm32f7xx_hal_eth.c **** 
1924:Drivers/STM32F7xx_HAL_Driver/Src/stm32f7xx_hal_eth.c ****         /* Set HAL state to ERROR */
1925:Drivers/STM32F7xx_HAL_Driver/Src/stm32f7xx_hal_eth.c ****         heth->gState = HAL_ETH_STATE_ERROR;
1926:Drivers/STM32F7xx_HAL_Driver/Src/stm32f7xx_hal_eth.c ****       }
1927:Drivers/STM32F7xx_HAL_Driver/Src/stm32f7xx_hal_eth.c ****       else
1928:Drivers/STM32F7xx_HAL_Driver/Src/stm32f7xx_hal_eth.c ****       {
1929:Drivers/STM32F7xx_HAL_Driver/Src/stm32f7xx_hal_eth.c ****         /* Get DMA error status  */
1930:Drivers/STM32F7xx_HAL_Driver/Src/stm32f7xx_hal_eth.c ****         heth->DMAErrorCode = READ_BIT(heth->Instance->DMASR, (ETH_DMASR_ETS | ETH_DMASR_RWTS |
1931:Drivers/STM32F7xx_HAL_Driver/Src/stm32f7xx_hal_eth.c ****                                                               ETH_DMASR_RBUS | ETH_DMASR_AIS));
1932:Drivers/STM32F7xx_HAL_Driver/Src/stm32f7xx_hal_eth.c **** 
1933:Drivers/STM32F7xx_HAL_Driver/Src/stm32f7xx_hal_eth.c ****         /* Clear the interrupt summary flag */
1934:Drivers/STM32F7xx_HAL_Driver/Src/stm32f7xx_hal_eth.c ****         __HAL_ETH_DMA_CLEAR_IT(heth, (ETH_DMASR_ETS | ETH_DMASR_RWTS |
1935:Drivers/STM32F7xx_HAL_Driver/Src/stm32f7xx_hal_eth.c ****                                       ETH_DMASR_RBUS | ETH_DMASR_AIS));
1936:Drivers/STM32F7xx_HAL_Driver/Src/stm32f7xx_hal_eth.c ****       }
1937:Drivers/STM32F7xx_HAL_Driver/Src/stm32f7xx_hal_eth.c **** #if (USE_HAL_ETH_REGISTER_CALLBACKS == 1)
1938:Drivers/STM32F7xx_HAL_Driver/Src/stm32f7xx_hal_eth.c ****       /* Call registered Error callback*/
1939:Drivers/STM32F7xx_HAL_Driver/Src/stm32f7xx_hal_eth.c ****       heth->ErrorCallback(heth);
1940:Drivers/STM32F7xx_HAL_Driver/Src/stm32f7xx_hal_eth.c **** #else
1941:Drivers/STM32F7xx_HAL_Driver/Src/stm32f7xx_hal_eth.c ****       /* Ethernet DMA Error callback */
1942:Drivers/STM32F7xx_HAL_Driver/Src/stm32f7xx_hal_eth.c ****       HAL_ETH_ErrorCallback(heth);
1943:Drivers/STM32F7xx_HAL_Driver/Src/stm32f7xx_hal_eth.c **** #endif  /* USE_HAL_ETH_REGISTER_CALLBACKS */
1944:Drivers/STM32F7xx_HAL_Driver/Src/stm32f7xx_hal_eth.c **** 
1945:Drivers/STM32F7xx_HAL_Driver/Src/stm32f7xx_hal_eth.c ****     }
1946:Drivers/STM32F7xx_HAL_Driver/Src/stm32f7xx_hal_eth.c ****   }
1947:Drivers/STM32F7xx_HAL_Driver/Src/stm32f7xx_hal_eth.c **** 
1948:Drivers/STM32F7xx_HAL_Driver/Src/stm32f7xx_hal_eth.c **** 
1949:Drivers/STM32F7xx_HAL_Driver/Src/stm32f7xx_hal_eth.c ****   /* ETH PMT IT */
1950:Drivers/STM32F7xx_HAL_Driver/Src/stm32f7xx_hal_eth.c ****   if (__HAL_ETH_MAC_GET_IT(heth, ETH_MAC_PMT_IT))
1951:Drivers/STM32F7xx_HAL_Driver/Src/stm32f7xx_hal_eth.c ****   {
1952:Drivers/STM32F7xx_HAL_Driver/Src/stm32f7xx_hal_eth.c ****     /* Get MAC Wake-up source and clear the status register pending bit */
1953:Drivers/STM32F7xx_HAL_Driver/Src/stm32f7xx_hal_eth.c ****     heth->MACWakeUpEvent = READ_BIT(heth->Instance->MACPMTCSR, (ETH_MACPMTCSR_WFR | ETH_MACPMTCSR_M
1954:Drivers/STM32F7xx_HAL_Driver/Src/stm32f7xx_hal_eth.c **** 
1955:Drivers/STM32F7xx_HAL_Driver/Src/stm32f7xx_hal_eth.c **** #if (USE_HAL_ETH_REGISTER_CALLBACKS == 1)
1956:Drivers/STM32F7xx_HAL_Driver/Src/stm32f7xx_hal_eth.c ****     /* Call registered PMT callback*/
1957:Drivers/STM32F7xx_HAL_Driver/Src/stm32f7xx_hal_eth.c ****     heth->PMTCallback(heth);
1958:Drivers/STM32F7xx_HAL_Driver/Src/stm32f7xx_hal_eth.c **** #else
1959:Drivers/STM32F7xx_HAL_Driver/Src/stm32f7xx_hal_eth.c ****     /* Ethernet PMT callback */
1960:Drivers/STM32F7xx_HAL_Driver/Src/stm32f7xx_hal_eth.c ****     HAL_ETH_PMTCallback(heth);
1961:Drivers/STM32F7xx_HAL_Driver/Src/stm32f7xx_hal_eth.c **** #endif  /* USE_HAL_ETH_REGISTER_CALLBACKS */
1962:Drivers/STM32F7xx_HAL_Driver/Src/stm32f7xx_hal_eth.c **** 
1963:Drivers/STM32F7xx_HAL_Driver/Src/stm32f7xx_hal_eth.c ****     heth->MACWakeUpEvent = (uint32_t)(0x0U);
1964:Drivers/STM32F7xx_HAL_Driver/Src/stm32f7xx_hal_eth.c ****   }
1965:Drivers/STM32F7xx_HAL_Driver/Src/stm32f7xx_hal_eth.c **** 
1966:Drivers/STM32F7xx_HAL_Driver/Src/stm32f7xx_hal_eth.c **** 
1967:Drivers/STM32F7xx_HAL_Driver/Src/stm32f7xx_hal_eth.c ****   /* check ETH WAKEUP exti flag */
1968:Drivers/STM32F7xx_HAL_Driver/Src/stm32f7xx_hal_eth.c ****   if (__HAL_ETH_WAKEUP_EXTI_GET_FLAG(ETH_WAKEUP_EXTI_LINE) != (uint32_t)RESET)
ARM GAS  /tmp/ccQ4qZLu.s 			page 57


1969:Drivers/STM32F7xx_HAL_Driver/Src/stm32f7xx_hal_eth.c ****   {
1970:Drivers/STM32F7xx_HAL_Driver/Src/stm32f7xx_hal_eth.c ****     /* Clear ETH WAKEUP Exti pending bit */
1971:Drivers/STM32F7xx_HAL_Driver/Src/stm32f7xx_hal_eth.c ****     __HAL_ETH_WAKEUP_EXTI_CLEAR_FLAG(ETH_WAKEUP_EXTI_LINE);
1972:Drivers/STM32F7xx_HAL_Driver/Src/stm32f7xx_hal_eth.c **** #if (USE_HAL_ETH_REGISTER_CALLBACKS == 1)
1973:Drivers/STM32F7xx_HAL_Driver/Src/stm32f7xx_hal_eth.c ****     /* Call registered WakeUp callback*/
1974:Drivers/STM32F7xx_HAL_Driver/Src/stm32f7xx_hal_eth.c ****     heth->WakeUpCallback(heth);
1975:Drivers/STM32F7xx_HAL_Driver/Src/stm32f7xx_hal_eth.c **** #else
1976:Drivers/STM32F7xx_HAL_Driver/Src/stm32f7xx_hal_eth.c ****     /* ETH WAKEUP callback */
1977:Drivers/STM32F7xx_HAL_Driver/Src/stm32f7xx_hal_eth.c ****     HAL_ETH_WakeUpCallback(heth);
1978:Drivers/STM32F7xx_HAL_Driver/Src/stm32f7xx_hal_eth.c **** #endif /* USE_HAL_ETH_REGISTER_CALLBACKS */
1979:Drivers/STM32F7xx_HAL_Driver/Src/stm32f7xx_hal_eth.c ****   }
1980:Drivers/STM32F7xx_HAL_Driver/Src/stm32f7xx_hal_eth.c **** }
1981:Drivers/STM32F7xx_HAL_Driver/Src/stm32f7xx_hal_eth.c **** 
1982:Drivers/STM32F7xx_HAL_Driver/Src/stm32f7xx_hal_eth.c **** /**
1983:Drivers/STM32F7xx_HAL_Driver/Src/stm32f7xx_hal_eth.c ****   * @brief  Tx Transfer completed callbacks.
1984:Drivers/STM32F7xx_HAL_Driver/Src/stm32f7xx_hal_eth.c ****   * @param  heth: pointer to a ETH_HandleTypeDef structure that contains
1985:Drivers/STM32F7xx_HAL_Driver/Src/stm32f7xx_hal_eth.c ****   *         the configuration information for ETHERNET module
1986:Drivers/STM32F7xx_HAL_Driver/Src/stm32f7xx_hal_eth.c ****   * @retval None
1987:Drivers/STM32F7xx_HAL_Driver/Src/stm32f7xx_hal_eth.c ****   */
1988:Drivers/STM32F7xx_HAL_Driver/Src/stm32f7xx_hal_eth.c **** __weak void HAL_ETH_TxCpltCallback(ETH_HandleTypeDef *heth)
1989:Drivers/STM32F7xx_HAL_Driver/Src/stm32f7xx_hal_eth.c **** {
1990:Drivers/STM32F7xx_HAL_Driver/Src/stm32f7xx_hal_eth.c ****   /* Prevent unused argument(s) compilation warning */
1991:Drivers/STM32F7xx_HAL_Driver/Src/stm32f7xx_hal_eth.c ****   UNUSED(heth);
1992:Drivers/STM32F7xx_HAL_Driver/Src/stm32f7xx_hal_eth.c ****   /* NOTE : This function Should not be modified, when the callback is needed,
1993:Drivers/STM32F7xx_HAL_Driver/Src/stm32f7xx_hal_eth.c ****   the HAL_ETH_TxCpltCallback could be implemented in the user file
1994:Drivers/STM32F7xx_HAL_Driver/Src/stm32f7xx_hal_eth.c ****   */
1995:Drivers/STM32F7xx_HAL_Driver/Src/stm32f7xx_hal_eth.c **** }
1996:Drivers/STM32F7xx_HAL_Driver/Src/stm32f7xx_hal_eth.c **** 
1997:Drivers/STM32F7xx_HAL_Driver/Src/stm32f7xx_hal_eth.c **** /**
1998:Drivers/STM32F7xx_HAL_Driver/Src/stm32f7xx_hal_eth.c ****   * @brief  Rx Transfer completed callbacks.
1999:Drivers/STM32F7xx_HAL_Driver/Src/stm32f7xx_hal_eth.c ****   * @param  heth: pointer to a ETH_HandleTypeDef structure that contains
2000:Drivers/STM32F7xx_HAL_Driver/Src/stm32f7xx_hal_eth.c ****   *         the configuration information for ETHERNET module
2001:Drivers/STM32F7xx_HAL_Driver/Src/stm32f7xx_hal_eth.c ****   * @retval None
2002:Drivers/STM32F7xx_HAL_Driver/Src/stm32f7xx_hal_eth.c ****   */
2003:Drivers/STM32F7xx_HAL_Driver/Src/stm32f7xx_hal_eth.c **** __weak void HAL_ETH_RxCpltCallback(ETH_HandleTypeDef *heth)
2004:Drivers/STM32F7xx_HAL_Driver/Src/stm32f7xx_hal_eth.c **** {
2005:Drivers/STM32F7xx_HAL_Driver/Src/stm32f7xx_hal_eth.c ****   /* Prevent unused argument(s) compilation warning */
2006:Drivers/STM32F7xx_HAL_Driver/Src/stm32f7xx_hal_eth.c ****   UNUSED(heth);
2007:Drivers/STM32F7xx_HAL_Driver/Src/stm32f7xx_hal_eth.c ****   /* NOTE : This function Should not be modified, when the callback is needed,
2008:Drivers/STM32F7xx_HAL_Driver/Src/stm32f7xx_hal_eth.c ****   the HAL_ETH_RxCpltCallback could be implemented in the user file
2009:Drivers/STM32F7xx_HAL_Driver/Src/stm32f7xx_hal_eth.c ****   */
2010:Drivers/STM32F7xx_HAL_Driver/Src/stm32f7xx_hal_eth.c **** }
2011:Drivers/STM32F7xx_HAL_Driver/Src/stm32f7xx_hal_eth.c **** 
2012:Drivers/STM32F7xx_HAL_Driver/Src/stm32f7xx_hal_eth.c **** /**
2013:Drivers/STM32F7xx_HAL_Driver/Src/stm32f7xx_hal_eth.c ****   * @brief  Ethernet transfer error callbacks
2014:Drivers/STM32F7xx_HAL_Driver/Src/stm32f7xx_hal_eth.c ****   * @param  heth: pointer to a ETH_HandleTypeDef structure that contains
2015:Drivers/STM32F7xx_HAL_Driver/Src/stm32f7xx_hal_eth.c ****   *         the configuration information for ETHERNET module
2016:Drivers/STM32F7xx_HAL_Driver/Src/stm32f7xx_hal_eth.c ****   * @retval None
2017:Drivers/STM32F7xx_HAL_Driver/Src/stm32f7xx_hal_eth.c ****   */
2018:Drivers/STM32F7xx_HAL_Driver/Src/stm32f7xx_hal_eth.c **** __weak void HAL_ETH_ErrorCallback(ETH_HandleTypeDef *heth)
2019:Drivers/STM32F7xx_HAL_Driver/Src/stm32f7xx_hal_eth.c **** {
2020:Drivers/STM32F7xx_HAL_Driver/Src/stm32f7xx_hal_eth.c ****   /* Prevent unused argument(s) compilation warning */
2021:Drivers/STM32F7xx_HAL_Driver/Src/stm32f7xx_hal_eth.c ****   UNUSED(heth);
2022:Drivers/STM32F7xx_HAL_Driver/Src/stm32f7xx_hal_eth.c ****   /* NOTE : This function Should not be modified, when the callback is needed,
2023:Drivers/STM32F7xx_HAL_Driver/Src/stm32f7xx_hal_eth.c ****   the HAL_ETH_ErrorCallback could be implemented in the user file
2024:Drivers/STM32F7xx_HAL_Driver/Src/stm32f7xx_hal_eth.c ****   */
2025:Drivers/STM32F7xx_HAL_Driver/Src/stm32f7xx_hal_eth.c **** }
ARM GAS  /tmp/ccQ4qZLu.s 			page 58


2026:Drivers/STM32F7xx_HAL_Driver/Src/stm32f7xx_hal_eth.c **** 
2027:Drivers/STM32F7xx_HAL_Driver/Src/stm32f7xx_hal_eth.c **** /**
2028:Drivers/STM32F7xx_HAL_Driver/Src/stm32f7xx_hal_eth.c ****   * @brief  Ethernet Power Management module IT callback
2029:Drivers/STM32F7xx_HAL_Driver/Src/stm32f7xx_hal_eth.c ****   * @param  heth: pointer to a ETH_HandleTypeDef structure that contains
2030:Drivers/STM32F7xx_HAL_Driver/Src/stm32f7xx_hal_eth.c ****   *         the configuration information for ETHERNET module
2031:Drivers/STM32F7xx_HAL_Driver/Src/stm32f7xx_hal_eth.c ****   * @retval None
2032:Drivers/STM32F7xx_HAL_Driver/Src/stm32f7xx_hal_eth.c ****   */
2033:Drivers/STM32F7xx_HAL_Driver/Src/stm32f7xx_hal_eth.c **** __weak void HAL_ETH_PMTCallback(ETH_HandleTypeDef *heth)
2034:Drivers/STM32F7xx_HAL_Driver/Src/stm32f7xx_hal_eth.c **** {
2035:Drivers/STM32F7xx_HAL_Driver/Src/stm32f7xx_hal_eth.c ****   /* Prevent unused argument(s) compilation warning */
2036:Drivers/STM32F7xx_HAL_Driver/Src/stm32f7xx_hal_eth.c ****   UNUSED(heth);
2037:Drivers/STM32F7xx_HAL_Driver/Src/stm32f7xx_hal_eth.c ****   /* NOTE : This function Should not be modified, when the callback is needed,
2038:Drivers/STM32F7xx_HAL_Driver/Src/stm32f7xx_hal_eth.c ****   the HAL_ETH_PMTCallback could be implemented in the user file
2039:Drivers/STM32F7xx_HAL_Driver/Src/stm32f7xx_hal_eth.c ****   */
2040:Drivers/STM32F7xx_HAL_Driver/Src/stm32f7xx_hal_eth.c **** }
2041:Drivers/STM32F7xx_HAL_Driver/Src/stm32f7xx_hal_eth.c **** 
2042:Drivers/STM32F7xx_HAL_Driver/Src/stm32f7xx_hal_eth.c **** 
2043:Drivers/STM32F7xx_HAL_Driver/Src/stm32f7xx_hal_eth.c **** /**
2044:Drivers/STM32F7xx_HAL_Driver/Src/stm32f7xx_hal_eth.c ****   * @brief  ETH WAKEUP interrupt callback
2045:Drivers/STM32F7xx_HAL_Driver/Src/stm32f7xx_hal_eth.c ****   * @param  heth: pointer to a ETH_HandleTypeDef structure that contains
2046:Drivers/STM32F7xx_HAL_Driver/Src/stm32f7xx_hal_eth.c ****   *         the configuration information for ETHERNET module
2047:Drivers/STM32F7xx_HAL_Driver/Src/stm32f7xx_hal_eth.c ****   * @retval None
2048:Drivers/STM32F7xx_HAL_Driver/Src/stm32f7xx_hal_eth.c ****   */
2049:Drivers/STM32F7xx_HAL_Driver/Src/stm32f7xx_hal_eth.c **** __weak void HAL_ETH_WakeUpCallback(ETH_HandleTypeDef *heth)
2050:Drivers/STM32F7xx_HAL_Driver/Src/stm32f7xx_hal_eth.c **** {
2051:Drivers/STM32F7xx_HAL_Driver/Src/stm32f7xx_hal_eth.c ****   /* Prevent unused argument(s) compilation warning */
2052:Drivers/STM32F7xx_HAL_Driver/Src/stm32f7xx_hal_eth.c ****   UNUSED(heth);
2053:Drivers/STM32F7xx_HAL_Driver/Src/stm32f7xx_hal_eth.c ****   /* NOTE : This function Should not be modified, when the callback is needed,
2054:Drivers/STM32F7xx_HAL_Driver/Src/stm32f7xx_hal_eth.c ****             the HAL_ETH_WakeUpCallback could be implemented in the user file
2055:Drivers/STM32F7xx_HAL_Driver/Src/stm32f7xx_hal_eth.c ****    */
2056:Drivers/STM32F7xx_HAL_Driver/Src/stm32f7xx_hal_eth.c **** }
2057:Drivers/STM32F7xx_HAL_Driver/Src/stm32f7xx_hal_eth.c **** 
2058:Drivers/STM32F7xx_HAL_Driver/Src/stm32f7xx_hal_eth.c **** /**
2059:Drivers/STM32F7xx_HAL_Driver/Src/stm32f7xx_hal_eth.c ****   * @brief  Read a PHY register
2060:Drivers/STM32F7xx_HAL_Driver/Src/stm32f7xx_hal_eth.c ****   * @param  heth: pointer to a ETH_HandleTypeDef structure that contains
2061:Drivers/STM32F7xx_HAL_Driver/Src/stm32f7xx_hal_eth.c ****   *         the configuration information for ETHERNET module
2062:Drivers/STM32F7xx_HAL_Driver/Src/stm32f7xx_hal_eth.c ****   * @param  PHYAddr: PHY port address, must be a value from 0 to 31
2063:Drivers/STM32F7xx_HAL_Driver/Src/stm32f7xx_hal_eth.c ****   * @param  PHYReg: PHY register address, must be a value from 0 to 31
2064:Drivers/STM32F7xx_HAL_Driver/Src/stm32f7xx_hal_eth.c ****   * @param pRegValue: parameter to hold read value
2065:Drivers/STM32F7xx_HAL_Driver/Src/stm32f7xx_hal_eth.c ****   * @retval HAL status
2066:Drivers/STM32F7xx_HAL_Driver/Src/stm32f7xx_hal_eth.c ****   */
2067:Drivers/STM32F7xx_HAL_Driver/Src/stm32f7xx_hal_eth.c **** HAL_StatusTypeDef HAL_ETH_ReadPHYRegister(ETH_HandleTypeDef *heth, uint32_t PHYAddr, uint32_t PHYRe
2068:Drivers/STM32F7xx_HAL_Driver/Src/stm32f7xx_hal_eth.c ****                                           uint32_t *pRegValue)
2069:Drivers/STM32F7xx_HAL_Driver/Src/stm32f7xx_hal_eth.c **** {
2070:Drivers/STM32F7xx_HAL_Driver/Src/stm32f7xx_hal_eth.c ****   uint32_t tmpreg1;
2071:Drivers/STM32F7xx_HAL_Driver/Src/stm32f7xx_hal_eth.c ****   uint32_t tickstart;
2072:Drivers/STM32F7xx_HAL_Driver/Src/stm32f7xx_hal_eth.c **** 
2073:Drivers/STM32F7xx_HAL_Driver/Src/stm32f7xx_hal_eth.c ****   /* Get the ETHERNET MACMIIAR value */
2074:Drivers/STM32F7xx_HAL_Driver/Src/stm32f7xx_hal_eth.c ****   tmpreg1 = heth->Instance->MACMIIAR;
2075:Drivers/STM32F7xx_HAL_Driver/Src/stm32f7xx_hal_eth.c **** 
2076:Drivers/STM32F7xx_HAL_Driver/Src/stm32f7xx_hal_eth.c ****   /* Keep only the CSR Clock Range CR[2:0] bits value */
2077:Drivers/STM32F7xx_HAL_Driver/Src/stm32f7xx_hal_eth.c ****   tmpreg1 &= ~ETH_MACMIIAR_CR_MASK;
2078:Drivers/STM32F7xx_HAL_Driver/Src/stm32f7xx_hal_eth.c **** 
2079:Drivers/STM32F7xx_HAL_Driver/Src/stm32f7xx_hal_eth.c ****   /* Prepare the MII address register value */
2080:Drivers/STM32F7xx_HAL_Driver/Src/stm32f7xx_hal_eth.c ****   tmpreg1 |= ((PHYAddr << 11U) & ETH_MACMIIAR_PA);                        /* Set the PHY device add
2081:Drivers/STM32F7xx_HAL_Driver/Src/stm32f7xx_hal_eth.c ****   tmpreg1 |= (((uint32_t)PHYReg << 6U) & ETH_MACMIIAR_MR);                /* Set the PHY register a
2082:Drivers/STM32F7xx_HAL_Driver/Src/stm32f7xx_hal_eth.c ****   tmpreg1 &= ~ETH_MACMIIAR_MW;                                            /* Set the read mode     
ARM GAS  /tmp/ccQ4qZLu.s 			page 59


2083:Drivers/STM32F7xx_HAL_Driver/Src/stm32f7xx_hal_eth.c ****   tmpreg1 |= ETH_MACMIIAR_MB;                                             /* Set the MII Busy bit  
2084:Drivers/STM32F7xx_HAL_Driver/Src/stm32f7xx_hal_eth.c **** 
2085:Drivers/STM32F7xx_HAL_Driver/Src/stm32f7xx_hal_eth.c ****   /* Write the result value into the MII Address register */
2086:Drivers/STM32F7xx_HAL_Driver/Src/stm32f7xx_hal_eth.c ****   heth->Instance->MACMIIAR = tmpreg1;
2087:Drivers/STM32F7xx_HAL_Driver/Src/stm32f7xx_hal_eth.c **** 
2088:Drivers/STM32F7xx_HAL_Driver/Src/stm32f7xx_hal_eth.c **** 
2089:Drivers/STM32F7xx_HAL_Driver/Src/stm32f7xx_hal_eth.c ****   tickstart = HAL_GetTick();
2090:Drivers/STM32F7xx_HAL_Driver/Src/stm32f7xx_hal_eth.c **** 
2091:Drivers/STM32F7xx_HAL_Driver/Src/stm32f7xx_hal_eth.c ****   /* Check for the Busy flag */
2092:Drivers/STM32F7xx_HAL_Driver/Src/stm32f7xx_hal_eth.c ****   while ((tmpreg1 & ETH_MACMIIAR_MB) == ETH_MACMIIAR_MB)
2093:Drivers/STM32F7xx_HAL_Driver/Src/stm32f7xx_hal_eth.c ****   {
2094:Drivers/STM32F7xx_HAL_Driver/Src/stm32f7xx_hal_eth.c ****     /* Check for the Timeout */
2095:Drivers/STM32F7xx_HAL_Driver/Src/stm32f7xx_hal_eth.c ****     if ((HAL_GetTick() - tickstart) > PHY_READ_TO)
2096:Drivers/STM32F7xx_HAL_Driver/Src/stm32f7xx_hal_eth.c ****     {
2097:Drivers/STM32F7xx_HAL_Driver/Src/stm32f7xx_hal_eth.c ****       return HAL_ERROR;
2098:Drivers/STM32F7xx_HAL_Driver/Src/stm32f7xx_hal_eth.c ****     }
2099:Drivers/STM32F7xx_HAL_Driver/Src/stm32f7xx_hal_eth.c **** 
2100:Drivers/STM32F7xx_HAL_Driver/Src/stm32f7xx_hal_eth.c ****     tmpreg1 = heth->Instance->MACMIIAR;
2101:Drivers/STM32F7xx_HAL_Driver/Src/stm32f7xx_hal_eth.c ****   }
2102:Drivers/STM32F7xx_HAL_Driver/Src/stm32f7xx_hal_eth.c **** 
2103:Drivers/STM32F7xx_HAL_Driver/Src/stm32f7xx_hal_eth.c ****   /* Get MACMIIDR value */
2104:Drivers/STM32F7xx_HAL_Driver/Src/stm32f7xx_hal_eth.c ****   *pRegValue = (uint16_t)(heth->Instance->MACMIIDR);
2105:Drivers/STM32F7xx_HAL_Driver/Src/stm32f7xx_hal_eth.c **** 
2106:Drivers/STM32F7xx_HAL_Driver/Src/stm32f7xx_hal_eth.c ****   return HAL_OK;
2107:Drivers/STM32F7xx_HAL_Driver/Src/stm32f7xx_hal_eth.c **** }
2108:Drivers/STM32F7xx_HAL_Driver/Src/stm32f7xx_hal_eth.c **** 
2109:Drivers/STM32F7xx_HAL_Driver/Src/stm32f7xx_hal_eth.c **** 
2110:Drivers/STM32F7xx_HAL_Driver/Src/stm32f7xx_hal_eth.c **** /**
2111:Drivers/STM32F7xx_HAL_Driver/Src/stm32f7xx_hal_eth.c ****   * @brief  Writes to a PHY register.
2112:Drivers/STM32F7xx_HAL_Driver/Src/stm32f7xx_hal_eth.c ****   * @param  heth: pointer to a ETH_HandleTypeDef structure that contains
2113:Drivers/STM32F7xx_HAL_Driver/Src/stm32f7xx_hal_eth.c ****   *         the configuration information for ETHERNET module
2114:Drivers/STM32F7xx_HAL_Driver/Src/stm32f7xx_hal_eth.c ****   * @param  PHYAddr: PHY port address, must be a value from 0 to 31
2115:Drivers/STM32F7xx_HAL_Driver/Src/stm32f7xx_hal_eth.c ****   * @param  PHYReg: PHY register address, must be a value from 0 to 31
2116:Drivers/STM32F7xx_HAL_Driver/Src/stm32f7xx_hal_eth.c ****   * @param  RegValue: the value to write
2117:Drivers/STM32F7xx_HAL_Driver/Src/stm32f7xx_hal_eth.c ****   * @retval HAL status
2118:Drivers/STM32F7xx_HAL_Driver/Src/stm32f7xx_hal_eth.c ****   */
2119:Drivers/STM32F7xx_HAL_Driver/Src/stm32f7xx_hal_eth.c **** HAL_StatusTypeDef HAL_ETH_WritePHYRegister(ETH_HandleTypeDef *heth, uint32_t PHYAddr, uint32_t PHYR
2120:Drivers/STM32F7xx_HAL_Driver/Src/stm32f7xx_hal_eth.c ****                                            uint32_t RegValue)
2121:Drivers/STM32F7xx_HAL_Driver/Src/stm32f7xx_hal_eth.c **** {
2122:Drivers/STM32F7xx_HAL_Driver/Src/stm32f7xx_hal_eth.c ****   uint32_t tmpreg1;
2123:Drivers/STM32F7xx_HAL_Driver/Src/stm32f7xx_hal_eth.c ****   uint32_t tickstart;
2124:Drivers/STM32F7xx_HAL_Driver/Src/stm32f7xx_hal_eth.c **** 
2125:Drivers/STM32F7xx_HAL_Driver/Src/stm32f7xx_hal_eth.c ****   /* Get the ETHERNET MACMIIAR value */
2126:Drivers/STM32F7xx_HAL_Driver/Src/stm32f7xx_hal_eth.c ****   tmpreg1 = heth->Instance->MACMIIAR;
2127:Drivers/STM32F7xx_HAL_Driver/Src/stm32f7xx_hal_eth.c **** 
2128:Drivers/STM32F7xx_HAL_Driver/Src/stm32f7xx_hal_eth.c ****   /* Keep only the CSR Clock Range CR[2:0] bits value */
2129:Drivers/STM32F7xx_HAL_Driver/Src/stm32f7xx_hal_eth.c ****   tmpreg1 &= ~ETH_MACMIIAR_CR_MASK;
2130:Drivers/STM32F7xx_HAL_Driver/Src/stm32f7xx_hal_eth.c **** 
2131:Drivers/STM32F7xx_HAL_Driver/Src/stm32f7xx_hal_eth.c ****   /* Prepare the MII register address value */
2132:Drivers/STM32F7xx_HAL_Driver/Src/stm32f7xx_hal_eth.c ****   tmpreg1 |= ((PHYAddr << 11U) & ETH_MACMIIAR_PA);                      /* Set the PHY device addre
2133:Drivers/STM32F7xx_HAL_Driver/Src/stm32f7xx_hal_eth.c ****   tmpreg1 |= (((uint32_t)PHYReg << 6U) & ETH_MACMIIAR_MR);              /* Set the PHY register add
2134:Drivers/STM32F7xx_HAL_Driver/Src/stm32f7xx_hal_eth.c ****   tmpreg1 |= ETH_MACMIIAR_MW;                                           /* Set the write mode */
2135:Drivers/STM32F7xx_HAL_Driver/Src/stm32f7xx_hal_eth.c ****   tmpreg1 |= ETH_MACMIIAR_MB;                                           /* Set the MII Busy bit */
2136:Drivers/STM32F7xx_HAL_Driver/Src/stm32f7xx_hal_eth.c **** 
2137:Drivers/STM32F7xx_HAL_Driver/Src/stm32f7xx_hal_eth.c ****   /* Give the value to the MII data register */
2138:Drivers/STM32F7xx_HAL_Driver/Src/stm32f7xx_hal_eth.c ****   heth->Instance->MACMIIDR = (uint16_t)RegValue;
2139:Drivers/STM32F7xx_HAL_Driver/Src/stm32f7xx_hal_eth.c **** 
ARM GAS  /tmp/ccQ4qZLu.s 			page 60


2140:Drivers/STM32F7xx_HAL_Driver/Src/stm32f7xx_hal_eth.c ****   /* Write the result value into the MII Address register */
2141:Drivers/STM32F7xx_HAL_Driver/Src/stm32f7xx_hal_eth.c ****   heth->Instance->MACMIIAR = tmpreg1;
2142:Drivers/STM32F7xx_HAL_Driver/Src/stm32f7xx_hal_eth.c **** 
2143:Drivers/STM32F7xx_HAL_Driver/Src/stm32f7xx_hal_eth.c ****   /* Get tick */
2144:Drivers/STM32F7xx_HAL_Driver/Src/stm32f7xx_hal_eth.c ****   tickstart = HAL_GetTick();
2145:Drivers/STM32F7xx_HAL_Driver/Src/stm32f7xx_hal_eth.c **** 
2146:Drivers/STM32F7xx_HAL_Driver/Src/stm32f7xx_hal_eth.c ****   /* Check for the Busy flag */
2147:Drivers/STM32F7xx_HAL_Driver/Src/stm32f7xx_hal_eth.c ****   while ((tmpreg1 & ETH_MACMIIAR_MB) == ETH_MACMIIAR_MB)
2148:Drivers/STM32F7xx_HAL_Driver/Src/stm32f7xx_hal_eth.c ****   {
2149:Drivers/STM32F7xx_HAL_Driver/Src/stm32f7xx_hal_eth.c ****     /* Check for the Timeout */
2150:Drivers/STM32F7xx_HAL_Driver/Src/stm32f7xx_hal_eth.c ****     if ((HAL_GetTick() - tickstart) > PHY_WRITE_TO)
2151:Drivers/STM32F7xx_HAL_Driver/Src/stm32f7xx_hal_eth.c ****     {
2152:Drivers/STM32F7xx_HAL_Driver/Src/stm32f7xx_hal_eth.c ****       return HAL_ERROR;
2153:Drivers/STM32F7xx_HAL_Driver/Src/stm32f7xx_hal_eth.c ****     }
2154:Drivers/STM32F7xx_HAL_Driver/Src/stm32f7xx_hal_eth.c **** 
2155:Drivers/STM32F7xx_HAL_Driver/Src/stm32f7xx_hal_eth.c ****     tmpreg1 = heth->Instance->MACMIIAR;
2156:Drivers/STM32F7xx_HAL_Driver/Src/stm32f7xx_hal_eth.c ****   }
2157:Drivers/STM32F7xx_HAL_Driver/Src/stm32f7xx_hal_eth.c **** 
2158:Drivers/STM32F7xx_HAL_Driver/Src/stm32f7xx_hal_eth.c ****   return HAL_OK;
2159:Drivers/STM32F7xx_HAL_Driver/Src/stm32f7xx_hal_eth.c **** }
2160:Drivers/STM32F7xx_HAL_Driver/Src/stm32f7xx_hal_eth.c **** 
2161:Drivers/STM32F7xx_HAL_Driver/Src/stm32f7xx_hal_eth.c **** /**
2162:Drivers/STM32F7xx_HAL_Driver/Src/stm32f7xx_hal_eth.c ****   * @}
2163:Drivers/STM32F7xx_HAL_Driver/Src/stm32f7xx_hal_eth.c ****   */
2164:Drivers/STM32F7xx_HAL_Driver/Src/stm32f7xx_hal_eth.c **** 
2165:Drivers/STM32F7xx_HAL_Driver/Src/stm32f7xx_hal_eth.c **** /** @defgroup ETH_Exported_Functions_Group3 Peripheral Control functions
2166:Drivers/STM32F7xx_HAL_Driver/Src/stm32f7xx_hal_eth.c ****   *  @brief   ETH control functions
2167:Drivers/STM32F7xx_HAL_Driver/Src/stm32f7xx_hal_eth.c ****   *
2168:Drivers/STM32F7xx_HAL_Driver/Src/stm32f7xx_hal_eth.c **** @verbatim
2169:Drivers/STM32F7xx_HAL_Driver/Src/stm32f7xx_hal_eth.c ****   ==============================================================================
2170:Drivers/STM32F7xx_HAL_Driver/Src/stm32f7xx_hal_eth.c ****                       ##### Peripheral Control functions #####
2171:Drivers/STM32F7xx_HAL_Driver/Src/stm32f7xx_hal_eth.c ****   ==============================================================================
2172:Drivers/STM32F7xx_HAL_Driver/Src/stm32f7xx_hal_eth.c ****   [..]
2173:Drivers/STM32F7xx_HAL_Driver/Src/stm32f7xx_hal_eth.c ****     This subsection provides a set of functions allowing to control the ETH
2174:Drivers/STM32F7xx_HAL_Driver/Src/stm32f7xx_hal_eth.c ****     peripheral.
2175:Drivers/STM32F7xx_HAL_Driver/Src/stm32f7xx_hal_eth.c **** 
2176:Drivers/STM32F7xx_HAL_Driver/Src/stm32f7xx_hal_eth.c **** @endverbatim
2177:Drivers/STM32F7xx_HAL_Driver/Src/stm32f7xx_hal_eth.c ****   * @{
2178:Drivers/STM32F7xx_HAL_Driver/Src/stm32f7xx_hal_eth.c ****   */
2179:Drivers/STM32F7xx_HAL_Driver/Src/stm32f7xx_hal_eth.c **** /**
2180:Drivers/STM32F7xx_HAL_Driver/Src/stm32f7xx_hal_eth.c ****   * @brief  Get the configuration of the MAC and MTL subsystems.
2181:Drivers/STM32F7xx_HAL_Driver/Src/stm32f7xx_hal_eth.c ****   * @param  heth: pointer to a ETH_HandleTypeDef structure that contains
2182:Drivers/STM32F7xx_HAL_Driver/Src/stm32f7xx_hal_eth.c ****   *         the configuration information for ETHERNET module
2183:Drivers/STM32F7xx_HAL_Driver/Src/stm32f7xx_hal_eth.c ****   * @param  macconf: pointer to a ETH_MACConfigTypeDef structure that will hold
2184:Drivers/STM32F7xx_HAL_Driver/Src/stm32f7xx_hal_eth.c ****   *         the configuration of the MAC.
2185:Drivers/STM32F7xx_HAL_Driver/Src/stm32f7xx_hal_eth.c ****   * @retval HAL Status
2186:Drivers/STM32F7xx_HAL_Driver/Src/stm32f7xx_hal_eth.c ****   */
2187:Drivers/STM32F7xx_HAL_Driver/Src/stm32f7xx_hal_eth.c **** HAL_StatusTypeDef HAL_ETH_GetMACConfig(ETH_HandleTypeDef *heth, ETH_MACConfigTypeDef *macconf)
2188:Drivers/STM32F7xx_HAL_Driver/Src/stm32f7xx_hal_eth.c **** {
2189:Drivers/STM32F7xx_HAL_Driver/Src/stm32f7xx_hal_eth.c ****   if (macconf == NULL)
2190:Drivers/STM32F7xx_HAL_Driver/Src/stm32f7xx_hal_eth.c ****   {
2191:Drivers/STM32F7xx_HAL_Driver/Src/stm32f7xx_hal_eth.c ****     return HAL_ERROR;
2192:Drivers/STM32F7xx_HAL_Driver/Src/stm32f7xx_hal_eth.c ****   }
2193:Drivers/STM32F7xx_HAL_Driver/Src/stm32f7xx_hal_eth.c **** 
2194:Drivers/STM32F7xx_HAL_Driver/Src/stm32f7xx_hal_eth.c ****   /* Get MAC parameters */
2195:Drivers/STM32F7xx_HAL_Driver/Src/stm32f7xx_hal_eth.c ****   macconf->DeferralCheck = ((READ_BIT(heth->Instance->MACCR, ETH_MACCR_DC) >> 4) > 0U) ? ENABLE : D
2196:Drivers/STM32F7xx_HAL_Driver/Src/stm32f7xx_hal_eth.c ****   macconf->BackOffLimit = READ_BIT(heth->Instance->MACCR, ETH_MACCR_BL);
ARM GAS  /tmp/ccQ4qZLu.s 			page 61


2197:Drivers/STM32F7xx_HAL_Driver/Src/stm32f7xx_hal_eth.c ****   macconf->RetryTransmission = ((READ_BIT(heth->Instance->MACCR, ETH_MACCR_RD) >> 9) == 0U) ? ENABL
2198:Drivers/STM32F7xx_HAL_Driver/Src/stm32f7xx_hal_eth.c ****   macconf->CarrierSenseDuringTransmit = ((READ_BIT(heth->Instance->MACCR, ETH_MACCR_CSD) >> 16) > 0
2199:Drivers/STM32F7xx_HAL_Driver/Src/stm32f7xx_hal_eth.c ****                                         ? ENABLE : DISABLE;
2200:Drivers/STM32F7xx_HAL_Driver/Src/stm32f7xx_hal_eth.c ****   macconf->ReceiveOwn = ((READ_BIT(heth->Instance->MACCR, ETH_MACCR_ROD) >> 13) == 0U) ? ENABLE : D
2201:Drivers/STM32F7xx_HAL_Driver/Src/stm32f7xx_hal_eth.c ****   macconf->LoopbackMode = ((READ_BIT(heth->Instance->MACCR, ETH_MACCR_LM) >> 12) > 0U) ? ENABLE : D
2202:Drivers/STM32F7xx_HAL_Driver/Src/stm32f7xx_hal_eth.c ****   macconf->DuplexMode = READ_BIT(heth->Instance->MACCR, ETH_MACCR_DM);
2203:Drivers/STM32F7xx_HAL_Driver/Src/stm32f7xx_hal_eth.c ****   macconf->Speed = READ_BIT(heth->Instance->MACCR, ETH_MACCR_FES);
2204:Drivers/STM32F7xx_HAL_Driver/Src/stm32f7xx_hal_eth.c ****   macconf->Jabber = ((READ_BIT(heth->Instance->MACCR, ETH_MACCR_JD) >> 22) == 0U) ? ENABLE : DISABL
2205:Drivers/STM32F7xx_HAL_Driver/Src/stm32f7xx_hal_eth.c ****   macconf->Watchdog = ((READ_BIT(heth->Instance->MACCR, ETH_MACCR_WD) >> 23) == 0U) ? ENABLE : DISA
2206:Drivers/STM32F7xx_HAL_Driver/Src/stm32f7xx_hal_eth.c ****   macconf->AutomaticPadCRCStrip = ((READ_BIT(heth->Instance->MACCR, ETH_MACCR_APCS) >> 7) > 0U) ? E
2207:Drivers/STM32F7xx_HAL_Driver/Src/stm32f7xx_hal_eth.c ****   macconf->InterPacketGapVal = READ_BIT(heth->Instance->MACCR, ETH_MACCR_IFG);
2208:Drivers/STM32F7xx_HAL_Driver/Src/stm32f7xx_hal_eth.c ****   macconf->ChecksumOffload = ((READ_BIT(heth->Instance->MACCR, ETH_MACCR_IPCO) >> 10U) > 0U) ? ENAB
2209:Drivers/STM32F7xx_HAL_Driver/Src/stm32f7xx_hal_eth.c **** 
2210:Drivers/STM32F7xx_HAL_Driver/Src/stm32f7xx_hal_eth.c **** 
2211:Drivers/STM32F7xx_HAL_Driver/Src/stm32f7xx_hal_eth.c ****   macconf->TransmitFlowControl = ((READ_BIT(heth->Instance->MACFCR, ETH_MACFCR_TFCE) >> 1) > 0U) ? 
2212:Drivers/STM32F7xx_HAL_Driver/Src/stm32f7xx_hal_eth.c ****   macconf->ZeroQuantaPause = ((READ_BIT(heth->Instance->MACFCR, ETH_MACFCR_ZQPD) >> 7) == 0U) ? ENA
2213:Drivers/STM32F7xx_HAL_Driver/Src/stm32f7xx_hal_eth.c ****   macconf->PauseLowThreshold = READ_BIT(heth->Instance->MACFCR, ETH_MACFCR_PLT);
2214:Drivers/STM32F7xx_HAL_Driver/Src/stm32f7xx_hal_eth.c ****   macconf->PauseTime = (READ_BIT(heth->Instance->MACFCR, ETH_MACFCR_PT) >> 16);
2215:Drivers/STM32F7xx_HAL_Driver/Src/stm32f7xx_hal_eth.c ****   macconf->ReceiveFlowControl = ((READ_BIT(heth->Instance->MACFCR, ETH_MACFCR_RFCE) >> 2U) > 0U) ? 
2216:Drivers/STM32F7xx_HAL_Driver/Src/stm32f7xx_hal_eth.c ****   macconf->UnicastPausePacketDetect = ((READ_BIT(heth->Instance->MACFCR, ETH_MACFCR_UPFD) >> 3U) > 
2217:Drivers/STM32F7xx_HAL_Driver/Src/stm32f7xx_hal_eth.c ****                                       ? ENABLE : DISABLE;
2218:Drivers/STM32F7xx_HAL_Driver/Src/stm32f7xx_hal_eth.c **** 
2219:Drivers/STM32F7xx_HAL_Driver/Src/stm32f7xx_hal_eth.c ****   return HAL_OK;
2220:Drivers/STM32F7xx_HAL_Driver/Src/stm32f7xx_hal_eth.c **** }
2221:Drivers/STM32F7xx_HAL_Driver/Src/stm32f7xx_hal_eth.c **** 
2222:Drivers/STM32F7xx_HAL_Driver/Src/stm32f7xx_hal_eth.c **** /**
2223:Drivers/STM32F7xx_HAL_Driver/Src/stm32f7xx_hal_eth.c ****   * @brief  Get the configuration of the DMA.
2224:Drivers/STM32F7xx_HAL_Driver/Src/stm32f7xx_hal_eth.c ****   * @param  heth: pointer to a ETH_HandleTypeDef structure that contains
2225:Drivers/STM32F7xx_HAL_Driver/Src/stm32f7xx_hal_eth.c ****   *         the configuration information for ETHERNET module
2226:Drivers/STM32F7xx_HAL_Driver/Src/stm32f7xx_hal_eth.c ****   * @param  dmaconf: pointer to a ETH_DMAConfigTypeDef structure that will hold
2227:Drivers/STM32F7xx_HAL_Driver/Src/stm32f7xx_hal_eth.c ****   *         the configuration of the ETH DMA.
2228:Drivers/STM32F7xx_HAL_Driver/Src/stm32f7xx_hal_eth.c ****   * @retval HAL Status
2229:Drivers/STM32F7xx_HAL_Driver/Src/stm32f7xx_hal_eth.c ****   */
2230:Drivers/STM32F7xx_HAL_Driver/Src/stm32f7xx_hal_eth.c **** HAL_StatusTypeDef HAL_ETH_GetDMAConfig(ETH_HandleTypeDef *heth, ETH_DMAConfigTypeDef *dmaconf)
2231:Drivers/STM32F7xx_HAL_Driver/Src/stm32f7xx_hal_eth.c **** {
2232:Drivers/STM32F7xx_HAL_Driver/Src/stm32f7xx_hal_eth.c ****   if (dmaconf == NULL)
2233:Drivers/STM32F7xx_HAL_Driver/Src/stm32f7xx_hal_eth.c ****   {
2234:Drivers/STM32F7xx_HAL_Driver/Src/stm32f7xx_hal_eth.c ****     return HAL_ERROR;
2235:Drivers/STM32F7xx_HAL_Driver/Src/stm32f7xx_hal_eth.c ****   }
2236:Drivers/STM32F7xx_HAL_Driver/Src/stm32f7xx_hal_eth.c **** 
2237:Drivers/STM32F7xx_HAL_Driver/Src/stm32f7xx_hal_eth.c ****   dmaconf->DMAArbitration = READ_BIT(heth->Instance->DMABMR,
2238:Drivers/STM32F7xx_HAL_Driver/Src/stm32f7xx_hal_eth.c ****                                     (ETH_DMAARBITRATION_RXPRIORTX | ETH_DMAARBITRATION_ROUNDROBIN_R
2239:Drivers/STM32F7xx_HAL_Driver/Src/stm32f7xx_hal_eth.c ****   dmaconf->AddressAlignedBeats = ((READ_BIT(heth->Instance->DMABMR, ETH_DMABMR_AAB) >> 25U) > 0U) ?
2240:Drivers/STM32F7xx_HAL_Driver/Src/stm32f7xx_hal_eth.c ****   dmaconf->BurstMode = READ_BIT(heth->Instance->DMABMR, ETH_DMABMR_FB | ETH_DMABMR_MB);
2241:Drivers/STM32F7xx_HAL_Driver/Src/stm32f7xx_hal_eth.c ****   dmaconf->RxDMABurstLength = READ_BIT(heth->Instance->DMABMR, ETH_DMABMR_RDP);
2242:Drivers/STM32F7xx_HAL_Driver/Src/stm32f7xx_hal_eth.c ****   dmaconf->TxDMABurstLength = READ_BIT(heth->Instance->DMABMR, ETH_DMABMR_PBL);
2243:Drivers/STM32F7xx_HAL_Driver/Src/stm32f7xx_hal_eth.c ****   dmaconf->EnhancedDescriptorFormat = ((READ_BIT(heth->Instance->DMABMR, ETH_DMABMR_EDE) >> 7) > 0U
2244:Drivers/STM32F7xx_HAL_Driver/Src/stm32f7xx_hal_eth.c ****   dmaconf->DescriptorSkipLength = READ_BIT(heth->Instance->DMABMR, ETH_DMABMR_DSL) >> 2;
2245:Drivers/STM32F7xx_HAL_Driver/Src/stm32f7xx_hal_eth.c **** 
2246:Drivers/STM32F7xx_HAL_Driver/Src/stm32f7xx_hal_eth.c ****   dmaconf->DropTCPIPChecksumErrorFrame = ((READ_BIT(heth->Instance->DMAOMR,
2247:Drivers/STM32F7xx_HAL_Driver/Src/stm32f7xx_hal_eth.c ****                                                     ETH_DMAOMR_DTCEFD) >> 26) > 0U) ? DISABLE : ENA
2248:Drivers/STM32F7xx_HAL_Driver/Src/stm32f7xx_hal_eth.c ****   dmaconf->ReceiveStoreForward = ((READ_BIT(heth->Instance->DMAOMR, ETH_DMAOMR_RSF) >> 25) > 0U) ? 
2249:Drivers/STM32F7xx_HAL_Driver/Src/stm32f7xx_hal_eth.c ****   dmaconf->FlushRxPacket = ((READ_BIT(heth->Instance->DMAOMR, ETH_DMAOMR_FTF) >> 20) > 0U) ? DISABL
2250:Drivers/STM32F7xx_HAL_Driver/Src/stm32f7xx_hal_eth.c ****   dmaconf->TransmitStoreForward = ((READ_BIT(heth->Instance->DMAOMR, ETH_DMAOMR_TSF) >> 21) > 0U) ?
2251:Drivers/STM32F7xx_HAL_Driver/Src/stm32f7xx_hal_eth.c ****   dmaconf->TransmitThresholdControl = READ_BIT(heth->Instance->DMAOMR, ETH_DMAOMR_TTC);
2252:Drivers/STM32F7xx_HAL_Driver/Src/stm32f7xx_hal_eth.c ****   dmaconf->ForwardErrorFrames = ((READ_BIT(heth->Instance->DMAOMR, ETH_DMAOMR_FEF) >> 7) > 0U) ? EN
2253:Drivers/STM32F7xx_HAL_Driver/Src/stm32f7xx_hal_eth.c ****   dmaconf->ForwardUndersizedGoodFrames = ((READ_BIT(heth->Instance->DMAOMR,
ARM GAS  /tmp/ccQ4qZLu.s 			page 62


2254:Drivers/STM32F7xx_HAL_Driver/Src/stm32f7xx_hal_eth.c ****                                                     ETH_DMAOMR_FUGF) >> 6) > 0U) ? ENABLE : DISABLE
2255:Drivers/STM32F7xx_HAL_Driver/Src/stm32f7xx_hal_eth.c ****   dmaconf->ReceiveThresholdControl = READ_BIT(heth->Instance->DMAOMR, ETH_DMAOMR_RTC);
2256:Drivers/STM32F7xx_HAL_Driver/Src/stm32f7xx_hal_eth.c ****   dmaconf->SecondFrameOperate = ((READ_BIT(heth->Instance->DMAOMR, ETH_DMAOMR_OSF) >> 2) > 0U) ? EN
2257:Drivers/STM32F7xx_HAL_Driver/Src/stm32f7xx_hal_eth.c ****   return HAL_OK;
2258:Drivers/STM32F7xx_HAL_Driver/Src/stm32f7xx_hal_eth.c **** }
2259:Drivers/STM32F7xx_HAL_Driver/Src/stm32f7xx_hal_eth.c **** 
2260:Drivers/STM32F7xx_HAL_Driver/Src/stm32f7xx_hal_eth.c **** /**
2261:Drivers/STM32F7xx_HAL_Driver/Src/stm32f7xx_hal_eth.c ****   * @brief  Set the MAC configuration.
2262:Drivers/STM32F7xx_HAL_Driver/Src/stm32f7xx_hal_eth.c ****   * @param  heth: pointer to a ETH_HandleTypeDef structure that contains
2263:Drivers/STM32F7xx_HAL_Driver/Src/stm32f7xx_hal_eth.c ****   *         the configuration information for ETHERNET module
2264:Drivers/STM32F7xx_HAL_Driver/Src/stm32f7xx_hal_eth.c ****   * @param  macconf: pointer to a ETH_MACConfigTypeDef structure that contains
2265:Drivers/STM32F7xx_HAL_Driver/Src/stm32f7xx_hal_eth.c ****   *         the configuration of the MAC.
2266:Drivers/STM32F7xx_HAL_Driver/Src/stm32f7xx_hal_eth.c ****   * @retval HAL status
2267:Drivers/STM32F7xx_HAL_Driver/Src/stm32f7xx_hal_eth.c ****   */
2268:Drivers/STM32F7xx_HAL_Driver/Src/stm32f7xx_hal_eth.c **** HAL_StatusTypeDef HAL_ETH_SetMACConfig(ETH_HandleTypeDef *heth,  ETH_MACConfigTypeDef *macconf)
2269:Drivers/STM32F7xx_HAL_Driver/Src/stm32f7xx_hal_eth.c **** {
2270:Drivers/STM32F7xx_HAL_Driver/Src/stm32f7xx_hal_eth.c ****   if (macconf == NULL)
2271:Drivers/STM32F7xx_HAL_Driver/Src/stm32f7xx_hal_eth.c ****   {
2272:Drivers/STM32F7xx_HAL_Driver/Src/stm32f7xx_hal_eth.c ****     return HAL_ERROR;
2273:Drivers/STM32F7xx_HAL_Driver/Src/stm32f7xx_hal_eth.c ****   }
2274:Drivers/STM32F7xx_HAL_Driver/Src/stm32f7xx_hal_eth.c **** 
2275:Drivers/STM32F7xx_HAL_Driver/Src/stm32f7xx_hal_eth.c ****   if (heth->gState == HAL_ETH_STATE_READY)
2276:Drivers/STM32F7xx_HAL_Driver/Src/stm32f7xx_hal_eth.c ****   {
2277:Drivers/STM32F7xx_HAL_Driver/Src/stm32f7xx_hal_eth.c ****     ETH_SetMACConfig(heth, macconf);
2278:Drivers/STM32F7xx_HAL_Driver/Src/stm32f7xx_hal_eth.c **** 
2279:Drivers/STM32F7xx_HAL_Driver/Src/stm32f7xx_hal_eth.c ****     return HAL_OK;
2280:Drivers/STM32F7xx_HAL_Driver/Src/stm32f7xx_hal_eth.c ****   }
2281:Drivers/STM32F7xx_HAL_Driver/Src/stm32f7xx_hal_eth.c ****   else
2282:Drivers/STM32F7xx_HAL_Driver/Src/stm32f7xx_hal_eth.c ****   {
2283:Drivers/STM32F7xx_HAL_Driver/Src/stm32f7xx_hal_eth.c ****     return HAL_ERROR;
2284:Drivers/STM32F7xx_HAL_Driver/Src/stm32f7xx_hal_eth.c ****   }
2285:Drivers/STM32F7xx_HAL_Driver/Src/stm32f7xx_hal_eth.c **** }
2286:Drivers/STM32F7xx_HAL_Driver/Src/stm32f7xx_hal_eth.c **** 
2287:Drivers/STM32F7xx_HAL_Driver/Src/stm32f7xx_hal_eth.c **** /**
2288:Drivers/STM32F7xx_HAL_Driver/Src/stm32f7xx_hal_eth.c ****   * @brief  Set the ETH DMA configuration.
2289:Drivers/STM32F7xx_HAL_Driver/Src/stm32f7xx_hal_eth.c ****   * @param  heth: pointer to a ETH_HandleTypeDef structure that contains
2290:Drivers/STM32F7xx_HAL_Driver/Src/stm32f7xx_hal_eth.c ****   *         the configuration information for ETHERNET module
2291:Drivers/STM32F7xx_HAL_Driver/Src/stm32f7xx_hal_eth.c ****   * @param  dmaconf: pointer to a ETH_DMAConfigTypeDef structure that will hold
2292:Drivers/STM32F7xx_HAL_Driver/Src/stm32f7xx_hal_eth.c ****   *         the configuration of the ETH DMA.
2293:Drivers/STM32F7xx_HAL_Driver/Src/stm32f7xx_hal_eth.c ****   * @retval HAL status
2294:Drivers/STM32F7xx_HAL_Driver/Src/stm32f7xx_hal_eth.c ****   */
2295:Drivers/STM32F7xx_HAL_Driver/Src/stm32f7xx_hal_eth.c **** HAL_StatusTypeDef HAL_ETH_SetDMAConfig(ETH_HandleTypeDef *heth,  ETH_DMAConfigTypeDef *dmaconf)
2296:Drivers/STM32F7xx_HAL_Driver/Src/stm32f7xx_hal_eth.c **** {
2297:Drivers/STM32F7xx_HAL_Driver/Src/stm32f7xx_hal_eth.c ****   if (dmaconf == NULL)
2298:Drivers/STM32F7xx_HAL_Driver/Src/stm32f7xx_hal_eth.c ****   {
2299:Drivers/STM32F7xx_HAL_Driver/Src/stm32f7xx_hal_eth.c ****     return HAL_ERROR;
2300:Drivers/STM32F7xx_HAL_Driver/Src/stm32f7xx_hal_eth.c ****   }
2301:Drivers/STM32F7xx_HAL_Driver/Src/stm32f7xx_hal_eth.c **** 
2302:Drivers/STM32F7xx_HAL_Driver/Src/stm32f7xx_hal_eth.c ****   if (heth->gState == HAL_ETH_STATE_READY)
2303:Drivers/STM32F7xx_HAL_Driver/Src/stm32f7xx_hal_eth.c ****   {
2304:Drivers/STM32F7xx_HAL_Driver/Src/stm32f7xx_hal_eth.c ****     ETH_SetDMAConfig(heth, dmaconf);
2305:Drivers/STM32F7xx_HAL_Driver/Src/stm32f7xx_hal_eth.c **** 
2306:Drivers/STM32F7xx_HAL_Driver/Src/stm32f7xx_hal_eth.c ****     return HAL_OK;
2307:Drivers/STM32F7xx_HAL_Driver/Src/stm32f7xx_hal_eth.c ****   }
2308:Drivers/STM32F7xx_HAL_Driver/Src/stm32f7xx_hal_eth.c ****   else
2309:Drivers/STM32F7xx_HAL_Driver/Src/stm32f7xx_hal_eth.c ****   {
2310:Drivers/STM32F7xx_HAL_Driver/Src/stm32f7xx_hal_eth.c ****     return HAL_ERROR;
ARM GAS  /tmp/ccQ4qZLu.s 			page 63


2311:Drivers/STM32F7xx_HAL_Driver/Src/stm32f7xx_hal_eth.c ****   }
2312:Drivers/STM32F7xx_HAL_Driver/Src/stm32f7xx_hal_eth.c **** }
2313:Drivers/STM32F7xx_HAL_Driver/Src/stm32f7xx_hal_eth.c **** 
2314:Drivers/STM32F7xx_HAL_Driver/Src/stm32f7xx_hal_eth.c **** /**
2315:Drivers/STM32F7xx_HAL_Driver/Src/stm32f7xx_hal_eth.c ****   * @brief  Configures the Clock range of ETH MDIO interface.
2316:Drivers/STM32F7xx_HAL_Driver/Src/stm32f7xx_hal_eth.c ****   * @param  heth: pointer to a ETH_HandleTypeDef structure that contains
2317:Drivers/STM32F7xx_HAL_Driver/Src/stm32f7xx_hal_eth.c ****   *         the configuration information for ETHERNET module
2318:Drivers/STM32F7xx_HAL_Driver/Src/stm32f7xx_hal_eth.c ****   * @retval None
2319:Drivers/STM32F7xx_HAL_Driver/Src/stm32f7xx_hal_eth.c ****   */
2320:Drivers/STM32F7xx_HAL_Driver/Src/stm32f7xx_hal_eth.c **** void HAL_ETH_SetMDIOClockRange(ETH_HandleTypeDef *heth)
2321:Drivers/STM32F7xx_HAL_Driver/Src/stm32f7xx_hal_eth.c **** {
2322:Drivers/STM32F7xx_HAL_Driver/Src/stm32f7xx_hal_eth.c ****   uint32_t hclk;
2323:Drivers/STM32F7xx_HAL_Driver/Src/stm32f7xx_hal_eth.c ****   uint32_t tmpreg;
2324:Drivers/STM32F7xx_HAL_Driver/Src/stm32f7xx_hal_eth.c **** 
2325:Drivers/STM32F7xx_HAL_Driver/Src/stm32f7xx_hal_eth.c ****   /* Get the ETHERNET MACMIIAR value */
2326:Drivers/STM32F7xx_HAL_Driver/Src/stm32f7xx_hal_eth.c ****   tmpreg = (heth->Instance)->MACMIIAR;
2327:Drivers/STM32F7xx_HAL_Driver/Src/stm32f7xx_hal_eth.c ****   /* Clear CSR Clock Range CR[2:0] bits */
2328:Drivers/STM32F7xx_HAL_Driver/Src/stm32f7xx_hal_eth.c ****   tmpreg &= ETH_MACMIIAR_CR_MASK;
2329:Drivers/STM32F7xx_HAL_Driver/Src/stm32f7xx_hal_eth.c **** 
2330:Drivers/STM32F7xx_HAL_Driver/Src/stm32f7xx_hal_eth.c ****   /* Get hclk frequency value */
2331:Drivers/STM32F7xx_HAL_Driver/Src/stm32f7xx_hal_eth.c ****   hclk = HAL_RCC_GetHCLKFreq();
2332:Drivers/STM32F7xx_HAL_Driver/Src/stm32f7xx_hal_eth.c **** 
2333:Drivers/STM32F7xx_HAL_Driver/Src/stm32f7xx_hal_eth.c ****   /* Set CR bits depending on hclk value */
2334:Drivers/STM32F7xx_HAL_Driver/Src/stm32f7xx_hal_eth.c ****   if ((hclk >= 20000000U) && (hclk < 35000000U))
2335:Drivers/STM32F7xx_HAL_Driver/Src/stm32f7xx_hal_eth.c ****   {
2336:Drivers/STM32F7xx_HAL_Driver/Src/stm32f7xx_hal_eth.c ****     /* CSR Clock Range between 20-35 MHz */
2337:Drivers/STM32F7xx_HAL_Driver/Src/stm32f7xx_hal_eth.c ****     tmpreg |= (uint32_t)ETH_MACMIIAR_CR_Div16;
2338:Drivers/STM32F7xx_HAL_Driver/Src/stm32f7xx_hal_eth.c ****   }
2339:Drivers/STM32F7xx_HAL_Driver/Src/stm32f7xx_hal_eth.c ****   else if ((hclk >= 35000000U) && (hclk < 60000000U))
2340:Drivers/STM32F7xx_HAL_Driver/Src/stm32f7xx_hal_eth.c ****   {
2341:Drivers/STM32F7xx_HAL_Driver/Src/stm32f7xx_hal_eth.c ****     /* CSR Clock Range between 35-60 MHz */
2342:Drivers/STM32F7xx_HAL_Driver/Src/stm32f7xx_hal_eth.c ****     tmpreg |= (uint32_t)ETH_MACMIIAR_CR_Div26;
2343:Drivers/STM32F7xx_HAL_Driver/Src/stm32f7xx_hal_eth.c ****   }
2344:Drivers/STM32F7xx_HAL_Driver/Src/stm32f7xx_hal_eth.c ****   else if ((hclk >= 60000000U) && (hclk < 100000000U))
2345:Drivers/STM32F7xx_HAL_Driver/Src/stm32f7xx_hal_eth.c ****   {
2346:Drivers/STM32F7xx_HAL_Driver/Src/stm32f7xx_hal_eth.c ****     /* CSR Clock Range between 60-100 MHz */
2347:Drivers/STM32F7xx_HAL_Driver/Src/stm32f7xx_hal_eth.c ****     tmpreg |= (uint32_t)ETH_MACMIIAR_CR_Div42;
2348:Drivers/STM32F7xx_HAL_Driver/Src/stm32f7xx_hal_eth.c ****   }
2349:Drivers/STM32F7xx_HAL_Driver/Src/stm32f7xx_hal_eth.c ****   else if ((hclk >= 100000000U) && (hclk < 150000000U))
2350:Drivers/STM32F7xx_HAL_Driver/Src/stm32f7xx_hal_eth.c ****   {
2351:Drivers/STM32F7xx_HAL_Driver/Src/stm32f7xx_hal_eth.c ****     /* CSR Clock Range between 100-150 MHz */
2352:Drivers/STM32F7xx_HAL_Driver/Src/stm32f7xx_hal_eth.c ****     tmpreg |= (uint32_t)ETH_MACMIIAR_CR_Div62;
2353:Drivers/STM32F7xx_HAL_Driver/Src/stm32f7xx_hal_eth.c ****   }
2354:Drivers/STM32F7xx_HAL_Driver/Src/stm32f7xx_hal_eth.c ****   else /* ((hclk >= 150000000)&&(hclk <= 183000000))*/
2355:Drivers/STM32F7xx_HAL_Driver/Src/stm32f7xx_hal_eth.c ****   {
2356:Drivers/STM32F7xx_HAL_Driver/Src/stm32f7xx_hal_eth.c ****     /* CSR Clock Range between 150-183 MHz */
2357:Drivers/STM32F7xx_HAL_Driver/Src/stm32f7xx_hal_eth.c ****     tmpreg |= (uint32_t)ETH_MACMIIAR_CR_Div102;
2358:Drivers/STM32F7xx_HAL_Driver/Src/stm32f7xx_hal_eth.c ****   }
2359:Drivers/STM32F7xx_HAL_Driver/Src/stm32f7xx_hal_eth.c **** 
2360:Drivers/STM32F7xx_HAL_Driver/Src/stm32f7xx_hal_eth.c ****   /* Write to ETHERNET MAC MIIAR: Configure the ETHERNET CSR Clock Range */
2361:Drivers/STM32F7xx_HAL_Driver/Src/stm32f7xx_hal_eth.c ****   (heth->Instance)->MACMIIAR = (uint32_t)tmpreg;
2362:Drivers/STM32F7xx_HAL_Driver/Src/stm32f7xx_hal_eth.c **** }
2363:Drivers/STM32F7xx_HAL_Driver/Src/stm32f7xx_hal_eth.c **** 
2364:Drivers/STM32F7xx_HAL_Driver/Src/stm32f7xx_hal_eth.c **** /**
2365:Drivers/STM32F7xx_HAL_Driver/Src/stm32f7xx_hal_eth.c ****   * @brief  Set the ETH MAC (L2) Filters configuration.
2366:Drivers/STM32F7xx_HAL_Driver/Src/stm32f7xx_hal_eth.c ****   * @param  heth: pointer to a ETH_HandleTypeDef structure that contains
2367:Drivers/STM32F7xx_HAL_Driver/Src/stm32f7xx_hal_eth.c ****   *         the configuration information for ETHERNET module
ARM GAS  /tmp/ccQ4qZLu.s 			page 64


2368:Drivers/STM32F7xx_HAL_Driver/Src/stm32f7xx_hal_eth.c ****   * @param  pFilterConfig: pointer to a ETH_MACFilterConfigTypeDef structure that contains
2369:Drivers/STM32F7xx_HAL_Driver/Src/stm32f7xx_hal_eth.c ****   *         the configuration of the ETH MAC filters.
2370:Drivers/STM32F7xx_HAL_Driver/Src/stm32f7xx_hal_eth.c ****   * @retval HAL status
2371:Drivers/STM32F7xx_HAL_Driver/Src/stm32f7xx_hal_eth.c ****   */
2372:Drivers/STM32F7xx_HAL_Driver/Src/stm32f7xx_hal_eth.c **** HAL_StatusTypeDef HAL_ETH_SetMACFilterConfig(ETH_HandleTypeDef *heth, ETH_MACFilterConfigTypeDef *p
2373:Drivers/STM32F7xx_HAL_Driver/Src/stm32f7xx_hal_eth.c **** {
2374:Drivers/STM32F7xx_HAL_Driver/Src/stm32f7xx_hal_eth.c ****   uint32_t filterconfig;
2375:Drivers/STM32F7xx_HAL_Driver/Src/stm32f7xx_hal_eth.c ****   uint32_t tmpreg1;
2376:Drivers/STM32F7xx_HAL_Driver/Src/stm32f7xx_hal_eth.c **** 
2377:Drivers/STM32F7xx_HAL_Driver/Src/stm32f7xx_hal_eth.c ****   if (pFilterConfig == NULL)
2378:Drivers/STM32F7xx_HAL_Driver/Src/stm32f7xx_hal_eth.c ****   {
2379:Drivers/STM32F7xx_HAL_Driver/Src/stm32f7xx_hal_eth.c ****     return HAL_ERROR;
2380:Drivers/STM32F7xx_HAL_Driver/Src/stm32f7xx_hal_eth.c ****   }
2381:Drivers/STM32F7xx_HAL_Driver/Src/stm32f7xx_hal_eth.c **** 
2382:Drivers/STM32F7xx_HAL_Driver/Src/stm32f7xx_hal_eth.c ****   filterconfig = ((uint32_t)pFilterConfig->PromiscuousMode |
2383:Drivers/STM32F7xx_HAL_Driver/Src/stm32f7xx_hal_eth.c ****                   ((uint32_t)pFilterConfig->HashUnicast << 1) |
2384:Drivers/STM32F7xx_HAL_Driver/Src/stm32f7xx_hal_eth.c ****                   ((uint32_t)pFilterConfig->HashMulticast << 2)  |
2385:Drivers/STM32F7xx_HAL_Driver/Src/stm32f7xx_hal_eth.c ****                   ((uint32_t)pFilterConfig->DestAddrInverseFiltering << 3) |
2386:Drivers/STM32F7xx_HAL_Driver/Src/stm32f7xx_hal_eth.c ****                   ((uint32_t)pFilterConfig->PassAllMulticast << 4) |
2387:Drivers/STM32F7xx_HAL_Driver/Src/stm32f7xx_hal_eth.c ****                   ((uint32_t)((pFilterConfig->BroadcastFilter == DISABLE) ? 1U : 0U) << 5) |
2388:Drivers/STM32F7xx_HAL_Driver/Src/stm32f7xx_hal_eth.c ****                   ((uint32_t)pFilterConfig->SrcAddrInverseFiltering << 8) |
2389:Drivers/STM32F7xx_HAL_Driver/Src/stm32f7xx_hal_eth.c ****                   ((uint32_t)pFilterConfig->SrcAddrFiltering << 9) |
2390:Drivers/STM32F7xx_HAL_Driver/Src/stm32f7xx_hal_eth.c ****                   ((uint32_t)pFilterConfig->HachOrPerfectFilter << 10) |
2391:Drivers/STM32F7xx_HAL_Driver/Src/stm32f7xx_hal_eth.c ****                   ((uint32_t)pFilterConfig->ReceiveAllMode << 31) |
2392:Drivers/STM32F7xx_HAL_Driver/Src/stm32f7xx_hal_eth.c ****                   pFilterConfig->ControlPacketsFilter);
2393:Drivers/STM32F7xx_HAL_Driver/Src/stm32f7xx_hal_eth.c **** 
2394:Drivers/STM32F7xx_HAL_Driver/Src/stm32f7xx_hal_eth.c ****   MODIFY_REG(heth->Instance->MACFFR, ETH_MACFFR_MASK, filterconfig);
2395:Drivers/STM32F7xx_HAL_Driver/Src/stm32f7xx_hal_eth.c **** 
2396:Drivers/STM32F7xx_HAL_Driver/Src/stm32f7xx_hal_eth.c ****   /* Wait until the write operation will be taken into account :
2397:Drivers/STM32F7xx_HAL_Driver/Src/stm32f7xx_hal_eth.c ****   at least four TX_CLK/RX_CLK clock cycles */
2398:Drivers/STM32F7xx_HAL_Driver/Src/stm32f7xx_hal_eth.c ****   tmpreg1 = (heth->Instance)->MACFFR;
2399:Drivers/STM32F7xx_HAL_Driver/Src/stm32f7xx_hal_eth.c ****   HAL_Delay(ETH_REG_WRITE_DELAY);
2400:Drivers/STM32F7xx_HAL_Driver/Src/stm32f7xx_hal_eth.c ****   (heth->Instance)->MACFFR = tmpreg1;
2401:Drivers/STM32F7xx_HAL_Driver/Src/stm32f7xx_hal_eth.c **** 
2402:Drivers/STM32F7xx_HAL_Driver/Src/stm32f7xx_hal_eth.c ****   return HAL_OK;
2403:Drivers/STM32F7xx_HAL_Driver/Src/stm32f7xx_hal_eth.c **** }
2404:Drivers/STM32F7xx_HAL_Driver/Src/stm32f7xx_hal_eth.c **** 
2405:Drivers/STM32F7xx_HAL_Driver/Src/stm32f7xx_hal_eth.c **** /**
2406:Drivers/STM32F7xx_HAL_Driver/Src/stm32f7xx_hal_eth.c ****   * @brief  Get the ETH MAC (L2) Filters configuration.
2407:Drivers/STM32F7xx_HAL_Driver/Src/stm32f7xx_hal_eth.c ****   * @param  heth: pointer to a ETH_HandleTypeDef structure that contains
2408:Drivers/STM32F7xx_HAL_Driver/Src/stm32f7xx_hal_eth.c ****   *         the configuration information for ETHERNET module
2409:Drivers/STM32F7xx_HAL_Driver/Src/stm32f7xx_hal_eth.c ****   * @param  pFilterConfig: pointer to a ETH_MACFilterConfigTypeDef structure that will hold
2410:Drivers/STM32F7xx_HAL_Driver/Src/stm32f7xx_hal_eth.c ****   *         the configuration of the ETH MAC filters.
2411:Drivers/STM32F7xx_HAL_Driver/Src/stm32f7xx_hal_eth.c ****   * @retval HAL status
2412:Drivers/STM32F7xx_HAL_Driver/Src/stm32f7xx_hal_eth.c ****   */
2413:Drivers/STM32F7xx_HAL_Driver/Src/stm32f7xx_hal_eth.c **** HAL_StatusTypeDef HAL_ETH_GetMACFilterConfig(ETH_HandleTypeDef *heth, ETH_MACFilterConfigTypeDef *p
2414:Drivers/STM32F7xx_HAL_Driver/Src/stm32f7xx_hal_eth.c **** {
2415:Drivers/STM32F7xx_HAL_Driver/Src/stm32f7xx_hal_eth.c ****   if (pFilterConfig == NULL)
2416:Drivers/STM32F7xx_HAL_Driver/Src/stm32f7xx_hal_eth.c ****   {
2417:Drivers/STM32F7xx_HAL_Driver/Src/stm32f7xx_hal_eth.c ****     return HAL_ERROR;
2418:Drivers/STM32F7xx_HAL_Driver/Src/stm32f7xx_hal_eth.c ****   }
2419:Drivers/STM32F7xx_HAL_Driver/Src/stm32f7xx_hal_eth.c **** 
2420:Drivers/STM32F7xx_HAL_Driver/Src/stm32f7xx_hal_eth.c ****   pFilterConfig->PromiscuousMode = ((READ_BIT(heth->Instance->MACFFR, ETH_MACFFR_PM)) > 0U) ? ENABL
2421:Drivers/STM32F7xx_HAL_Driver/Src/stm32f7xx_hal_eth.c ****   pFilterConfig->HashUnicast = ((READ_BIT(heth->Instance->MACFFR, ETH_MACFFR_HU) >> 1) > 0U) ? ENAB
2422:Drivers/STM32F7xx_HAL_Driver/Src/stm32f7xx_hal_eth.c ****   pFilterConfig->HashMulticast = ((READ_BIT(heth->Instance->MACFFR, ETH_MACFFR_HM) >> 2) > 0U) ? EN
2423:Drivers/STM32F7xx_HAL_Driver/Src/stm32f7xx_hal_eth.c ****   pFilterConfig->DestAddrInverseFiltering = ((READ_BIT(heth->Instance->MACFFR,
2424:Drivers/STM32F7xx_HAL_Driver/Src/stm32f7xx_hal_eth.c ****                                                        ETH_MACFFR_DAIF) >> 3) > 0U) ? ENABLE : DISA
ARM GAS  /tmp/ccQ4qZLu.s 			page 65


2425:Drivers/STM32F7xx_HAL_Driver/Src/stm32f7xx_hal_eth.c ****   pFilterConfig->PassAllMulticast = ((READ_BIT(heth->Instance->MACFFR, ETH_MACFFR_PAM) >> 4) > 0U) 
2426:Drivers/STM32F7xx_HAL_Driver/Src/stm32f7xx_hal_eth.c ****   pFilterConfig->BroadcastFilter = ((READ_BIT(heth->Instance->MACFFR, ETH_MACFFR_BFD) >> 5) == 0U) 
2427:Drivers/STM32F7xx_HAL_Driver/Src/stm32f7xx_hal_eth.c ****   pFilterConfig->ControlPacketsFilter = READ_BIT(heth->Instance->MACFFR, ETH_MACFFR_PCF);
2428:Drivers/STM32F7xx_HAL_Driver/Src/stm32f7xx_hal_eth.c ****   pFilterConfig->SrcAddrInverseFiltering = ((READ_BIT(heth->Instance->MACFFR,
2429:Drivers/STM32F7xx_HAL_Driver/Src/stm32f7xx_hal_eth.c ****                                                       ETH_MACFFR_SAIF) >> 8) > 0U) ? ENABLE : DISAB
2430:Drivers/STM32F7xx_HAL_Driver/Src/stm32f7xx_hal_eth.c ****   pFilterConfig->SrcAddrFiltering = ((READ_BIT(heth->Instance->MACFFR, ETH_MACFFR_SAF) >> 9) > 0U) 
2431:Drivers/STM32F7xx_HAL_Driver/Src/stm32f7xx_hal_eth.c ****   pFilterConfig->HachOrPerfectFilter = ((READ_BIT(heth->Instance->MACFFR, ETH_MACFFR_HPF) >> 10) > 
2432:Drivers/STM32F7xx_HAL_Driver/Src/stm32f7xx_hal_eth.c ****                                        ? ENABLE : DISABLE;
2433:Drivers/STM32F7xx_HAL_Driver/Src/stm32f7xx_hal_eth.c ****   pFilterConfig->ReceiveAllMode = ((READ_BIT(heth->Instance->MACFFR, ETH_MACFFR_RA) >> 31) > 0U) ? 
2434:Drivers/STM32F7xx_HAL_Driver/Src/stm32f7xx_hal_eth.c **** 
2435:Drivers/STM32F7xx_HAL_Driver/Src/stm32f7xx_hal_eth.c ****   return HAL_OK;
2436:Drivers/STM32F7xx_HAL_Driver/Src/stm32f7xx_hal_eth.c **** }
2437:Drivers/STM32F7xx_HAL_Driver/Src/stm32f7xx_hal_eth.c **** 
2438:Drivers/STM32F7xx_HAL_Driver/Src/stm32f7xx_hal_eth.c **** /**
2439:Drivers/STM32F7xx_HAL_Driver/Src/stm32f7xx_hal_eth.c ****   * @brief  Set the source MAC Address to be matched.
2440:Drivers/STM32F7xx_HAL_Driver/Src/stm32f7xx_hal_eth.c ****   * @param  heth: pointer to a ETH_HandleTypeDef structure that contains
2441:Drivers/STM32F7xx_HAL_Driver/Src/stm32f7xx_hal_eth.c ****   *         the configuration information for ETHERNET module
2442:Drivers/STM32F7xx_HAL_Driver/Src/stm32f7xx_hal_eth.c ****   * @param  AddrNbr: The MAC address to configure
2443:Drivers/STM32F7xx_HAL_Driver/Src/stm32f7xx_hal_eth.c ****   *          This parameter must be a value of the following:
2444:Drivers/STM32F7xx_HAL_Driver/Src/stm32f7xx_hal_eth.c ****   *            ETH_MAC_ADDRESS1
2445:Drivers/STM32F7xx_HAL_Driver/Src/stm32f7xx_hal_eth.c ****   *            ETH_MAC_ADDRESS2
2446:Drivers/STM32F7xx_HAL_Driver/Src/stm32f7xx_hal_eth.c ****   *            ETH_MAC_ADDRESS3
2447:Drivers/STM32F7xx_HAL_Driver/Src/stm32f7xx_hal_eth.c ****   * @param  pMACAddr: Pointer to MAC address buffer data (6 bytes)
2448:Drivers/STM32F7xx_HAL_Driver/Src/stm32f7xx_hal_eth.c ****   * @retval HAL status
2449:Drivers/STM32F7xx_HAL_Driver/Src/stm32f7xx_hal_eth.c ****   */
2450:Drivers/STM32F7xx_HAL_Driver/Src/stm32f7xx_hal_eth.c **** HAL_StatusTypeDef HAL_ETH_SetSourceMACAddrMatch(ETH_HandleTypeDef *heth, uint32_t AddrNbr, uint8_t 
2451:Drivers/STM32F7xx_HAL_Driver/Src/stm32f7xx_hal_eth.c **** {
2452:Drivers/STM32F7xx_HAL_Driver/Src/stm32f7xx_hal_eth.c ****   uint32_t macaddrlr;
2453:Drivers/STM32F7xx_HAL_Driver/Src/stm32f7xx_hal_eth.c ****   uint32_t macaddrhr;
2454:Drivers/STM32F7xx_HAL_Driver/Src/stm32f7xx_hal_eth.c **** 
2455:Drivers/STM32F7xx_HAL_Driver/Src/stm32f7xx_hal_eth.c ****   if (pMACAddr == NULL)
2456:Drivers/STM32F7xx_HAL_Driver/Src/stm32f7xx_hal_eth.c ****   {
2457:Drivers/STM32F7xx_HAL_Driver/Src/stm32f7xx_hal_eth.c ****     return HAL_ERROR;
2458:Drivers/STM32F7xx_HAL_Driver/Src/stm32f7xx_hal_eth.c ****   }
2459:Drivers/STM32F7xx_HAL_Driver/Src/stm32f7xx_hal_eth.c **** 
2460:Drivers/STM32F7xx_HAL_Driver/Src/stm32f7xx_hal_eth.c ****   /* Get mac addr high reg offset */
2461:Drivers/STM32F7xx_HAL_Driver/Src/stm32f7xx_hal_eth.c ****   macaddrhr = ((uint32_t) &(heth->Instance->MACA0HR) + AddrNbr);
2462:Drivers/STM32F7xx_HAL_Driver/Src/stm32f7xx_hal_eth.c ****   /* Get mac addr low reg offset */
2463:Drivers/STM32F7xx_HAL_Driver/Src/stm32f7xx_hal_eth.c ****   macaddrlr = ((uint32_t) &(heth->Instance->MACA0LR) + AddrNbr);
2464:Drivers/STM32F7xx_HAL_Driver/Src/stm32f7xx_hal_eth.c **** 
2465:Drivers/STM32F7xx_HAL_Driver/Src/stm32f7xx_hal_eth.c ****   /* Set MAC addr bits 32 to 47 */
2466:Drivers/STM32F7xx_HAL_Driver/Src/stm32f7xx_hal_eth.c ****   (*(__IO uint32_t *)macaddrhr) = (((uint32_t)(pMACAddr[5]) << 8) | (uint32_t)pMACAddr[4]);
2467:Drivers/STM32F7xx_HAL_Driver/Src/stm32f7xx_hal_eth.c ****   /* Set MAC addr bits 0 to 31 */
2468:Drivers/STM32F7xx_HAL_Driver/Src/stm32f7xx_hal_eth.c ****   (*(__IO uint32_t *)macaddrlr) = (((uint32_t)(pMACAddr[3]) << 24) | ((uint32_t)(pMACAddr[2]) << 16
2469:Drivers/STM32F7xx_HAL_Driver/Src/stm32f7xx_hal_eth.c ****                                    ((uint32_t)(pMACAddr[1]) << 8) | (uint32_t)pMACAddr[0]);
2470:Drivers/STM32F7xx_HAL_Driver/Src/stm32f7xx_hal_eth.c **** 
2471:Drivers/STM32F7xx_HAL_Driver/Src/stm32f7xx_hal_eth.c ****   /* Enable address and set source address bit */
2472:Drivers/STM32F7xx_HAL_Driver/Src/stm32f7xx_hal_eth.c ****   (*(__IO uint32_t *)macaddrhr) |= (ETH_MACA1HR_AE | ETH_MACA1HR_SA);
2473:Drivers/STM32F7xx_HAL_Driver/Src/stm32f7xx_hal_eth.c **** 
2474:Drivers/STM32F7xx_HAL_Driver/Src/stm32f7xx_hal_eth.c ****   return HAL_OK;
2475:Drivers/STM32F7xx_HAL_Driver/Src/stm32f7xx_hal_eth.c **** }
2476:Drivers/STM32F7xx_HAL_Driver/Src/stm32f7xx_hal_eth.c **** 
2477:Drivers/STM32F7xx_HAL_Driver/Src/stm32f7xx_hal_eth.c **** /**
2478:Drivers/STM32F7xx_HAL_Driver/Src/stm32f7xx_hal_eth.c ****   * @brief  Set the ETH Hash Table Value.
2479:Drivers/STM32F7xx_HAL_Driver/Src/stm32f7xx_hal_eth.c ****   * @param  heth: pointer to a ETH_HandleTypeDef structure that contains
2480:Drivers/STM32F7xx_HAL_Driver/Src/stm32f7xx_hal_eth.c ****   *         the configuration information for ETHERNET module
2481:Drivers/STM32F7xx_HAL_Driver/Src/stm32f7xx_hal_eth.c ****   * @param  pHashTable: pointer to a table of two 32 bit values, that contains
ARM GAS  /tmp/ccQ4qZLu.s 			page 66


2482:Drivers/STM32F7xx_HAL_Driver/Src/stm32f7xx_hal_eth.c ****   *         the 64 bits of the hash table.
2483:Drivers/STM32F7xx_HAL_Driver/Src/stm32f7xx_hal_eth.c ****   * @retval HAL status
2484:Drivers/STM32F7xx_HAL_Driver/Src/stm32f7xx_hal_eth.c ****   */
2485:Drivers/STM32F7xx_HAL_Driver/Src/stm32f7xx_hal_eth.c **** HAL_StatusTypeDef HAL_ETH_SetHashTable(ETH_HandleTypeDef *heth, uint32_t *pHashTable)
2486:Drivers/STM32F7xx_HAL_Driver/Src/stm32f7xx_hal_eth.c **** {
2487:Drivers/STM32F7xx_HAL_Driver/Src/stm32f7xx_hal_eth.c ****   uint32_t tmpreg1;
2488:Drivers/STM32F7xx_HAL_Driver/Src/stm32f7xx_hal_eth.c ****   if (pHashTable == NULL)
2489:Drivers/STM32F7xx_HAL_Driver/Src/stm32f7xx_hal_eth.c ****   {
2490:Drivers/STM32F7xx_HAL_Driver/Src/stm32f7xx_hal_eth.c ****     return HAL_ERROR;
2491:Drivers/STM32F7xx_HAL_Driver/Src/stm32f7xx_hal_eth.c ****   }
2492:Drivers/STM32F7xx_HAL_Driver/Src/stm32f7xx_hal_eth.c **** 
2493:Drivers/STM32F7xx_HAL_Driver/Src/stm32f7xx_hal_eth.c ****   heth->Instance->MACHTHR = pHashTable[0];
2494:Drivers/STM32F7xx_HAL_Driver/Src/stm32f7xx_hal_eth.c **** 
2495:Drivers/STM32F7xx_HAL_Driver/Src/stm32f7xx_hal_eth.c ****   /* Wait until the write operation will be taken into account :
2496:Drivers/STM32F7xx_HAL_Driver/Src/stm32f7xx_hal_eth.c ****   at least four TX_CLK/RX_CLK clock cycles */
2497:Drivers/STM32F7xx_HAL_Driver/Src/stm32f7xx_hal_eth.c ****   tmpreg1 = (heth->Instance)->MACHTHR;
2498:Drivers/STM32F7xx_HAL_Driver/Src/stm32f7xx_hal_eth.c ****   HAL_Delay(ETH_REG_WRITE_DELAY);
2499:Drivers/STM32F7xx_HAL_Driver/Src/stm32f7xx_hal_eth.c ****   (heth->Instance)->MACHTHR = tmpreg1;
2500:Drivers/STM32F7xx_HAL_Driver/Src/stm32f7xx_hal_eth.c **** 
2501:Drivers/STM32F7xx_HAL_Driver/Src/stm32f7xx_hal_eth.c ****   heth->Instance->MACHTLR = pHashTable[1];
2502:Drivers/STM32F7xx_HAL_Driver/Src/stm32f7xx_hal_eth.c **** 
2503:Drivers/STM32F7xx_HAL_Driver/Src/stm32f7xx_hal_eth.c ****   /* Wait until the write operation will be taken into account :
2504:Drivers/STM32F7xx_HAL_Driver/Src/stm32f7xx_hal_eth.c ****   at least four TX_CLK/RX_CLK clock cycles */
2505:Drivers/STM32F7xx_HAL_Driver/Src/stm32f7xx_hal_eth.c ****   tmpreg1 = (heth->Instance)->MACHTLR;
2506:Drivers/STM32F7xx_HAL_Driver/Src/stm32f7xx_hal_eth.c ****   HAL_Delay(ETH_REG_WRITE_DELAY);
2507:Drivers/STM32F7xx_HAL_Driver/Src/stm32f7xx_hal_eth.c ****   (heth->Instance)->MACHTLR = tmpreg1;
2508:Drivers/STM32F7xx_HAL_Driver/Src/stm32f7xx_hal_eth.c **** 
2509:Drivers/STM32F7xx_HAL_Driver/Src/stm32f7xx_hal_eth.c ****   return HAL_OK;
2510:Drivers/STM32F7xx_HAL_Driver/Src/stm32f7xx_hal_eth.c **** }
2511:Drivers/STM32F7xx_HAL_Driver/Src/stm32f7xx_hal_eth.c **** 
2512:Drivers/STM32F7xx_HAL_Driver/Src/stm32f7xx_hal_eth.c **** /**
2513:Drivers/STM32F7xx_HAL_Driver/Src/stm32f7xx_hal_eth.c ****   * @brief  Set the VLAN Identifier for Rx packets
2514:Drivers/STM32F7xx_HAL_Driver/Src/stm32f7xx_hal_eth.c ****   * @param  heth: pointer to a ETH_HandleTypeDef structure that contains
2515:Drivers/STM32F7xx_HAL_Driver/Src/stm32f7xx_hal_eth.c ****   *         the configuration information for ETHERNET module
2516:Drivers/STM32F7xx_HAL_Driver/Src/stm32f7xx_hal_eth.c ****   * @param  ComparisonBits: 12 or 16 bit comparison mode
2517:Drivers/STM32F7xx_HAL_Driver/Src/stm32f7xx_hal_eth.c ****             must be a value of @ref ETH_VLAN_Tag_Comparison
2518:Drivers/STM32F7xx_HAL_Driver/Src/stm32f7xx_hal_eth.c ****   * @param  VLANIdentifier: VLAN Identifier value
2519:Drivers/STM32F7xx_HAL_Driver/Src/stm32f7xx_hal_eth.c ****   * @retval None
2520:Drivers/STM32F7xx_HAL_Driver/Src/stm32f7xx_hal_eth.c ****   */
2521:Drivers/STM32F7xx_HAL_Driver/Src/stm32f7xx_hal_eth.c **** void HAL_ETH_SetRxVLANIdentifier(ETH_HandleTypeDef *heth, uint32_t ComparisonBits, uint32_t VLANIde
2522:Drivers/STM32F7xx_HAL_Driver/Src/stm32f7xx_hal_eth.c **** {
2523:Drivers/STM32F7xx_HAL_Driver/Src/stm32f7xx_hal_eth.c ****   uint32_t tmpreg1;
2524:Drivers/STM32F7xx_HAL_Driver/Src/stm32f7xx_hal_eth.c ****   MODIFY_REG(heth->Instance->MACVLANTR, ETH_MACVLANTR_VLANTI, VLANIdentifier);
2525:Drivers/STM32F7xx_HAL_Driver/Src/stm32f7xx_hal_eth.c ****   if (ComparisonBits == ETH_VLANTAGCOMPARISON_16BIT)
2526:Drivers/STM32F7xx_HAL_Driver/Src/stm32f7xx_hal_eth.c ****   {
2527:Drivers/STM32F7xx_HAL_Driver/Src/stm32f7xx_hal_eth.c ****     CLEAR_BIT(heth->Instance->MACVLANTR, ETH_MACVLANTR_VLANTC);
2528:Drivers/STM32F7xx_HAL_Driver/Src/stm32f7xx_hal_eth.c ****   }
2529:Drivers/STM32F7xx_HAL_Driver/Src/stm32f7xx_hal_eth.c ****   else
2530:Drivers/STM32F7xx_HAL_Driver/Src/stm32f7xx_hal_eth.c ****   {
2531:Drivers/STM32F7xx_HAL_Driver/Src/stm32f7xx_hal_eth.c ****     SET_BIT(heth->Instance->MACVLANTR, ETH_MACVLANTR_VLANTC);
2532:Drivers/STM32F7xx_HAL_Driver/Src/stm32f7xx_hal_eth.c ****   }
2533:Drivers/STM32F7xx_HAL_Driver/Src/stm32f7xx_hal_eth.c **** 
2534:Drivers/STM32F7xx_HAL_Driver/Src/stm32f7xx_hal_eth.c ****   /* Wait until the write operation will be taken into account :
2535:Drivers/STM32F7xx_HAL_Driver/Src/stm32f7xx_hal_eth.c ****   at least four TX_CLK/RX_CLK clock cycles */
2536:Drivers/STM32F7xx_HAL_Driver/Src/stm32f7xx_hal_eth.c ****   tmpreg1 = (heth->Instance)->MACVLANTR;
2537:Drivers/STM32F7xx_HAL_Driver/Src/stm32f7xx_hal_eth.c ****   HAL_Delay(ETH_REG_WRITE_DELAY);
2538:Drivers/STM32F7xx_HAL_Driver/Src/stm32f7xx_hal_eth.c ****   (heth->Instance)->MACVLANTR = tmpreg1;
ARM GAS  /tmp/ccQ4qZLu.s 			page 67


2539:Drivers/STM32F7xx_HAL_Driver/Src/stm32f7xx_hal_eth.c **** }
2540:Drivers/STM32F7xx_HAL_Driver/Src/stm32f7xx_hal_eth.c **** 
2541:Drivers/STM32F7xx_HAL_Driver/Src/stm32f7xx_hal_eth.c **** /**
2542:Drivers/STM32F7xx_HAL_Driver/Src/stm32f7xx_hal_eth.c ****   * @brief  Enters the Power down mode.
2543:Drivers/STM32F7xx_HAL_Driver/Src/stm32f7xx_hal_eth.c ****   * @param  heth: pointer to a ETH_HandleTypeDef structure that contains
2544:Drivers/STM32F7xx_HAL_Driver/Src/stm32f7xx_hal_eth.c ****   *         the configuration information for ETHERNET module
2545:Drivers/STM32F7xx_HAL_Driver/Src/stm32f7xx_hal_eth.c ****   * @param  pPowerDownConfig: a pointer to ETH_PowerDownConfigTypeDef structure
2546:Drivers/STM32F7xx_HAL_Driver/Src/stm32f7xx_hal_eth.c ****   *         that contains the Power Down configuration
2547:Drivers/STM32F7xx_HAL_Driver/Src/stm32f7xx_hal_eth.c ****   * @retval None.
2548:Drivers/STM32F7xx_HAL_Driver/Src/stm32f7xx_hal_eth.c ****   */
2549:Drivers/STM32F7xx_HAL_Driver/Src/stm32f7xx_hal_eth.c **** void HAL_ETH_EnterPowerDownMode(ETH_HandleTypeDef *heth, ETH_PowerDownConfigTypeDef *pPowerDownConf
2550:Drivers/STM32F7xx_HAL_Driver/Src/stm32f7xx_hal_eth.c **** {
2551:Drivers/STM32F7xx_HAL_Driver/Src/stm32f7xx_hal_eth.c ****   uint32_t powerdownconfig;
2552:Drivers/STM32F7xx_HAL_Driver/Src/stm32f7xx_hal_eth.c **** 
2553:Drivers/STM32F7xx_HAL_Driver/Src/stm32f7xx_hal_eth.c ****   powerdownconfig = (((uint32_t)pPowerDownConfig->MagicPacket << ETH_MACPMTCSR_MPE_Pos) |
2554:Drivers/STM32F7xx_HAL_Driver/Src/stm32f7xx_hal_eth.c ****                      ((uint32_t)pPowerDownConfig->WakeUpPacket << ETH_MACPMTCSR_WFE_Pos) |
2555:Drivers/STM32F7xx_HAL_Driver/Src/stm32f7xx_hal_eth.c ****                      ((uint32_t)pPowerDownConfig->GlobalUnicast << ETH_MACPMTCSR_GU_Pos) |
2556:Drivers/STM32F7xx_HAL_Driver/Src/stm32f7xx_hal_eth.c ****                      ETH_MACPMTCSR_PD);
2557:Drivers/STM32F7xx_HAL_Driver/Src/stm32f7xx_hal_eth.c **** 
2558:Drivers/STM32F7xx_HAL_Driver/Src/stm32f7xx_hal_eth.c ****   MODIFY_REG(heth->Instance->MACPMTCSR, ETH_MACPMTCSR_MASK, powerdownconfig);
2559:Drivers/STM32F7xx_HAL_Driver/Src/stm32f7xx_hal_eth.c **** }
2560:Drivers/STM32F7xx_HAL_Driver/Src/stm32f7xx_hal_eth.c **** 
2561:Drivers/STM32F7xx_HAL_Driver/Src/stm32f7xx_hal_eth.c **** /**
2562:Drivers/STM32F7xx_HAL_Driver/Src/stm32f7xx_hal_eth.c ****   * @brief  Exits from the Power down mode.
2563:Drivers/STM32F7xx_HAL_Driver/Src/stm32f7xx_hal_eth.c ****   * @param  heth: pointer to a ETH_HandleTypeDef structure that contains
2564:Drivers/STM32F7xx_HAL_Driver/Src/stm32f7xx_hal_eth.c ****   *         the configuration information for ETHERNET module
2565:Drivers/STM32F7xx_HAL_Driver/Src/stm32f7xx_hal_eth.c ****   * @retval None.
2566:Drivers/STM32F7xx_HAL_Driver/Src/stm32f7xx_hal_eth.c ****   */
2567:Drivers/STM32F7xx_HAL_Driver/Src/stm32f7xx_hal_eth.c **** void HAL_ETH_ExitPowerDownMode(ETH_HandleTypeDef *heth)
2568:Drivers/STM32F7xx_HAL_Driver/Src/stm32f7xx_hal_eth.c **** {
2569:Drivers/STM32F7xx_HAL_Driver/Src/stm32f7xx_hal_eth.c ****   uint32_t tmpreg1;
2570:Drivers/STM32F7xx_HAL_Driver/Src/stm32f7xx_hal_eth.c **** 
2571:Drivers/STM32F7xx_HAL_Driver/Src/stm32f7xx_hal_eth.c ****   /* clear wake up sources */
2572:Drivers/STM32F7xx_HAL_Driver/Src/stm32f7xx_hal_eth.c ****   CLEAR_BIT(heth->Instance->MACPMTCSR, ETH_MACPMTCSR_WFE | ETH_MACPMTCSR_MPE | ETH_MACPMTCSR_GU);
2573:Drivers/STM32F7xx_HAL_Driver/Src/stm32f7xx_hal_eth.c **** 
2574:Drivers/STM32F7xx_HAL_Driver/Src/stm32f7xx_hal_eth.c ****   /* Wait until the write operation will be taken into account :
2575:Drivers/STM32F7xx_HAL_Driver/Src/stm32f7xx_hal_eth.c ****   at least four TX_CLK/RX_CLK clock cycles */
2576:Drivers/STM32F7xx_HAL_Driver/Src/stm32f7xx_hal_eth.c ****   tmpreg1 = (heth->Instance)->MACPMTCSR;
2577:Drivers/STM32F7xx_HAL_Driver/Src/stm32f7xx_hal_eth.c ****   HAL_Delay(ETH_REG_WRITE_DELAY);
2578:Drivers/STM32F7xx_HAL_Driver/Src/stm32f7xx_hal_eth.c ****   (heth->Instance)->MACPMTCSR = tmpreg1;
2579:Drivers/STM32F7xx_HAL_Driver/Src/stm32f7xx_hal_eth.c **** 
2580:Drivers/STM32F7xx_HAL_Driver/Src/stm32f7xx_hal_eth.c ****   if (READ_BIT(heth->Instance->MACPMTCSR, ETH_MACPMTCSR_PD) != 0U)
2581:Drivers/STM32F7xx_HAL_Driver/Src/stm32f7xx_hal_eth.c ****   {
2582:Drivers/STM32F7xx_HAL_Driver/Src/stm32f7xx_hal_eth.c ****     /* Exit power down mode */
2583:Drivers/STM32F7xx_HAL_Driver/Src/stm32f7xx_hal_eth.c ****     CLEAR_BIT(heth->Instance->MACPMTCSR, ETH_MACPMTCSR_PD);
2584:Drivers/STM32F7xx_HAL_Driver/Src/stm32f7xx_hal_eth.c **** 
2585:Drivers/STM32F7xx_HAL_Driver/Src/stm32f7xx_hal_eth.c ****     /* Wait until the write operation will be taken into account :
2586:Drivers/STM32F7xx_HAL_Driver/Src/stm32f7xx_hal_eth.c ****     at least four TX_CLK/RX_CLK clock cycles */
2587:Drivers/STM32F7xx_HAL_Driver/Src/stm32f7xx_hal_eth.c ****     tmpreg1 = (heth->Instance)->MACPMTCSR;
2588:Drivers/STM32F7xx_HAL_Driver/Src/stm32f7xx_hal_eth.c ****     HAL_Delay(ETH_REG_WRITE_DELAY);
2589:Drivers/STM32F7xx_HAL_Driver/Src/stm32f7xx_hal_eth.c ****     (heth->Instance)->MACPMTCSR = tmpreg1;
2590:Drivers/STM32F7xx_HAL_Driver/Src/stm32f7xx_hal_eth.c ****   }
2591:Drivers/STM32F7xx_HAL_Driver/Src/stm32f7xx_hal_eth.c **** 
2592:Drivers/STM32F7xx_HAL_Driver/Src/stm32f7xx_hal_eth.c ****   /* Disable PMT interrupt */
2593:Drivers/STM32F7xx_HAL_Driver/Src/stm32f7xx_hal_eth.c ****   SET_BIT(heth->Instance->MACIMR, ETH_MACIMR_PMTIM);
2594:Drivers/STM32F7xx_HAL_Driver/Src/stm32f7xx_hal_eth.c **** }
2595:Drivers/STM32F7xx_HAL_Driver/Src/stm32f7xx_hal_eth.c **** 
ARM GAS  /tmp/ccQ4qZLu.s 			page 68


2596:Drivers/STM32F7xx_HAL_Driver/Src/stm32f7xx_hal_eth.c **** /**
2597:Drivers/STM32F7xx_HAL_Driver/Src/stm32f7xx_hal_eth.c ****   * @brief  Set the WakeUp filter.
2598:Drivers/STM32F7xx_HAL_Driver/Src/stm32f7xx_hal_eth.c ****   * @param  heth: pointer to a ETH_HandleTypeDef structure that contains
2599:Drivers/STM32F7xx_HAL_Driver/Src/stm32f7xx_hal_eth.c ****   *         the configuration information for ETHERNET module
2600:Drivers/STM32F7xx_HAL_Driver/Src/stm32f7xx_hal_eth.c ****   * @param  pFilter: pointer to filter registers values
2601:Drivers/STM32F7xx_HAL_Driver/Src/stm32f7xx_hal_eth.c ****   * @param  Count: number of filter registers, must be from 1 to 8.
2602:Drivers/STM32F7xx_HAL_Driver/Src/stm32f7xx_hal_eth.c ****   * @retval None.
2603:Drivers/STM32F7xx_HAL_Driver/Src/stm32f7xx_hal_eth.c ****   */
2604:Drivers/STM32F7xx_HAL_Driver/Src/stm32f7xx_hal_eth.c **** HAL_StatusTypeDef HAL_ETH_SetWakeUpFilter(ETH_HandleTypeDef *heth, uint32_t *pFilter, uint32_t Coun
2605:Drivers/STM32F7xx_HAL_Driver/Src/stm32f7xx_hal_eth.c **** {
2606:Drivers/STM32F7xx_HAL_Driver/Src/stm32f7xx_hal_eth.c ****   uint32_t regindex;
2607:Drivers/STM32F7xx_HAL_Driver/Src/stm32f7xx_hal_eth.c **** 
2608:Drivers/STM32F7xx_HAL_Driver/Src/stm32f7xx_hal_eth.c ****   if (pFilter == NULL)
2609:Drivers/STM32F7xx_HAL_Driver/Src/stm32f7xx_hal_eth.c ****   {
2610:Drivers/STM32F7xx_HAL_Driver/Src/stm32f7xx_hal_eth.c ****     return HAL_ERROR;
2611:Drivers/STM32F7xx_HAL_Driver/Src/stm32f7xx_hal_eth.c ****   }
2612:Drivers/STM32F7xx_HAL_Driver/Src/stm32f7xx_hal_eth.c **** 
2613:Drivers/STM32F7xx_HAL_Driver/Src/stm32f7xx_hal_eth.c ****   /* Reset Filter Pointer */
2614:Drivers/STM32F7xx_HAL_Driver/Src/stm32f7xx_hal_eth.c ****   SET_BIT(heth->Instance->MACPMTCSR, ETH_MACPMTCSR_WFFRPR);
2615:Drivers/STM32F7xx_HAL_Driver/Src/stm32f7xx_hal_eth.c **** 
2616:Drivers/STM32F7xx_HAL_Driver/Src/stm32f7xx_hal_eth.c ****   /* Wake up packet filter config */
2617:Drivers/STM32F7xx_HAL_Driver/Src/stm32f7xx_hal_eth.c ****   for (regindex = 0; regindex < Count; regindex++)
2618:Drivers/STM32F7xx_HAL_Driver/Src/stm32f7xx_hal_eth.c ****   {
2619:Drivers/STM32F7xx_HAL_Driver/Src/stm32f7xx_hal_eth.c ****     /* Write filter regs */
2620:Drivers/STM32F7xx_HAL_Driver/Src/stm32f7xx_hal_eth.c ****     WRITE_REG(heth->Instance->MACRWUFFR, pFilter[regindex]);
2621:Drivers/STM32F7xx_HAL_Driver/Src/stm32f7xx_hal_eth.c ****   }
2622:Drivers/STM32F7xx_HAL_Driver/Src/stm32f7xx_hal_eth.c **** 
2623:Drivers/STM32F7xx_HAL_Driver/Src/stm32f7xx_hal_eth.c ****   return HAL_OK;
2624:Drivers/STM32F7xx_HAL_Driver/Src/stm32f7xx_hal_eth.c **** }
2625:Drivers/STM32F7xx_HAL_Driver/Src/stm32f7xx_hal_eth.c **** 
2626:Drivers/STM32F7xx_HAL_Driver/Src/stm32f7xx_hal_eth.c **** /**
2627:Drivers/STM32F7xx_HAL_Driver/Src/stm32f7xx_hal_eth.c ****   * @}
2628:Drivers/STM32F7xx_HAL_Driver/Src/stm32f7xx_hal_eth.c ****   */
2629:Drivers/STM32F7xx_HAL_Driver/Src/stm32f7xx_hal_eth.c **** 
2630:Drivers/STM32F7xx_HAL_Driver/Src/stm32f7xx_hal_eth.c **** /** @defgroup ETH_Exported_Functions_Group4 Peripheral State and Errors functions
2631:Drivers/STM32F7xx_HAL_Driver/Src/stm32f7xx_hal_eth.c ****   *  @brief   ETH State and Errors functions
2632:Drivers/STM32F7xx_HAL_Driver/Src/stm32f7xx_hal_eth.c ****   *
2633:Drivers/STM32F7xx_HAL_Driver/Src/stm32f7xx_hal_eth.c **** @verbatim
2634:Drivers/STM32F7xx_HAL_Driver/Src/stm32f7xx_hal_eth.c ****   ==============================================================================
2635:Drivers/STM32F7xx_HAL_Driver/Src/stm32f7xx_hal_eth.c ****                  ##### Peripheral State and Errors functions #####
2636:Drivers/STM32F7xx_HAL_Driver/Src/stm32f7xx_hal_eth.c ****   ==============================================================================
2637:Drivers/STM32F7xx_HAL_Driver/Src/stm32f7xx_hal_eth.c ****  [..]
2638:Drivers/STM32F7xx_HAL_Driver/Src/stm32f7xx_hal_eth.c ****    This subsection provides a set of functions allowing to return the State of
2639:Drivers/STM32F7xx_HAL_Driver/Src/stm32f7xx_hal_eth.c ****    ETH communication process, return Peripheral Errors occurred during communication
2640:Drivers/STM32F7xx_HAL_Driver/Src/stm32f7xx_hal_eth.c ****    process
2641:Drivers/STM32F7xx_HAL_Driver/Src/stm32f7xx_hal_eth.c **** 
2642:Drivers/STM32F7xx_HAL_Driver/Src/stm32f7xx_hal_eth.c **** 
2643:Drivers/STM32F7xx_HAL_Driver/Src/stm32f7xx_hal_eth.c **** @endverbatim
2644:Drivers/STM32F7xx_HAL_Driver/Src/stm32f7xx_hal_eth.c ****   * @{
2645:Drivers/STM32F7xx_HAL_Driver/Src/stm32f7xx_hal_eth.c ****   */
2646:Drivers/STM32F7xx_HAL_Driver/Src/stm32f7xx_hal_eth.c **** 
2647:Drivers/STM32F7xx_HAL_Driver/Src/stm32f7xx_hal_eth.c **** /**
2648:Drivers/STM32F7xx_HAL_Driver/Src/stm32f7xx_hal_eth.c ****   * @brief  Returns the ETH state.
2649:Drivers/STM32F7xx_HAL_Driver/Src/stm32f7xx_hal_eth.c ****   * @param  heth: pointer to a ETH_HandleTypeDef structure that contains
2650:Drivers/STM32F7xx_HAL_Driver/Src/stm32f7xx_hal_eth.c ****   *         the configuration information for ETHERNET module
2651:Drivers/STM32F7xx_HAL_Driver/Src/stm32f7xx_hal_eth.c ****   * @retval HAL state
2652:Drivers/STM32F7xx_HAL_Driver/Src/stm32f7xx_hal_eth.c ****   */
ARM GAS  /tmp/ccQ4qZLu.s 			page 69


2653:Drivers/STM32F7xx_HAL_Driver/Src/stm32f7xx_hal_eth.c **** HAL_ETH_StateTypeDef HAL_ETH_GetState(ETH_HandleTypeDef *heth)
2654:Drivers/STM32F7xx_HAL_Driver/Src/stm32f7xx_hal_eth.c **** {
2655:Drivers/STM32F7xx_HAL_Driver/Src/stm32f7xx_hal_eth.c ****   return heth->gState;
2656:Drivers/STM32F7xx_HAL_Driver/Src/stm32f7xx_hal_eth.c **** }
2657:Drivers/STM32F7xx_HAL_Driver/Src/stm32f7xx_hal_eth.c **** 
2658:Drivers/STM32F7xx_HAL_Driver/Src/stm32f7xx_hal_eth.c **** /**
2659:Drivers/STM32F7xx_HAL_Driver/Src/stm32f7xx_hal_eth.c ****   * @brief  Returns the ETH error code
2660:Drivers/STM32F7xx_HAL_Driver/Src/stm32f7xx_hal_eth.c ****   * @param  heth: pointer to a ETH_HandleTypeDef structure that contains
2661:Drivers/STM32F7xx_HAL_Driver/Src/stm32f7xx_hal_eth.c ****   *         the configuration information for ETHERNET module
2662:Drivers/STM32F7xx_HAL_Driver/Src/stm32f7xx_hal_eth.c ****   * @retval ETH Error Code
2663:Drivers/STM32F7xx_HAL_Driver/Src/stm32f7xx_hal_eth.c ****   */
2664:Drivers/STM32F7xx_HAL_Driver/Src/stm32f7xx_hal_eth.c **** uint32_t HAL_ETH_GetError(ETH_HandleTypeDef *heth)
2665:Drivers/STM32F7xx_HAL_Driver/Src/stm32f7xx_hal_eth.c **** {
2666:Drivers/STM32F7xx_HAL_Driver/Src/stm32f7xx_hal_eth.c ****   return heth->ErrorCode;
2667:Drivers/STM32F7xx_HAL_Driver/Src/stm32f7xx_hal_eth.c **** }
2668:Drivers/STM32F7xx_HAL_Driver/Src/stm32f7xx_hal_eth.c **** 
2669:Drivers/STM32F7xx_HAL_Driver/Src/stm32f7xx_hal_eth.c **** /**
2670:Drivers/STM32F7xx_HAL_Driver/Src/stm32f7xx_hal_eth.c ****   * @brief  Returns the ETH DMA error code
2671:Drivers/STM32F7xx_HAL_Driver/Src/stm32f7xx_hal_eth.c ****   * @param  heth: pointer to a ETH_HandleTypeDef structure that contains
2672:Drivers/STM32F7xx_HAL_Driver/Src/stm32f7xx_hal_eth.c ****   *         the configuration information for ETHERNET module
2673:Drivers/STM32F7xx_HAL_Driver/Src/stm32f7xx_hal_eth.c ****   * @retval ETH DMA Error Code
2674:Drivers/STM32F7xx_HAL_Driver/Src/stm32f7xx_hal_eth.c ****   */
2675:Drivers/STM32F7xx_HAL_Driver/Src/stm32f7xx_hal_eth.c **** uint32_t HAL_ETH_GetDMAError(ETH_HandleTypeDef *heth)
2676:Drivers/STM32F7xx_HAL_Driver/Src/stm32f7xx_hal_eth.c **** {
2677:Drivers/STM32F7xx_HAL_Driver/Src/stm32f7xx_hal_eth.c ****   return heth->DMAErrorCode;
2678:Drivers/STM32F7xx_HAL_Driver/Src/stm32f7xx_hal_eth.c **** }
2679:Drivers/STM32F7xx_HAL_Driver/Src/stm32f7xx_hal_eth.c **** 
2680:Drivers/STM32F7xx_HAL_Driver/Src/stm32f7xx_hal_eth.c **** /**
2681:Drivers/STM32F7xx_HAL_Driver/Src/stm32f7xx_hal_eth.c ****   * @brief  Returns the ETH MAC error code
2682:Drivers/STM32F7xx_HAL_Driver/Src/stm32f7xx_hal_eth.c ****   * @param  heth: pointer to a ETH_HandleTypeDef structure that contains
2683:Drivers/STM32F7xx_HAL_Driver/Src/stm32f7xx_hal_eth.c ****   *         the configuration information for ETHERNET module
2684:Drivers/STM32F7xx_HAL_Driver/Src/stm32f7xx_hal_eth.c ****   * @retval ETH MAC Error Code
2685:Drivers/STM32F7xx_HAL_Driver/Src/stm32f7xx_hal_eth.c ****   */
2686:Drivers/STM32F7xx_HAL_Driver/Src/stm32f7xx_hal_eth.c **** uint32_t HAL_ETH_GetMACError(ETH_HandleTypeDef *heth)
2687:Drivers/STM32F7xx_HAL_Driver/Src/stm32f7xx_hal_eth.c **** {
2688:Drivers/STM32F7xx_HAL_Driver/Src/stm32f7xx_hal_eth.c ****   return heth->MACErrorCode;
2689:Drivers/STM32F7xx_HAL_Driver/Src/stm32f7xx_hal_eth.c **** }
2690:Drivers/STM32F7xx_HAL_Driver/Src/stm32f7xx_hal_eth.c **** 
2691:Drivers/STM32F7xx_HAL_Driver/Src/stm32f7xx_hal_eth.c **** /**
2692:Drivers/STM32F7xx_HAL_Driver/Src/stm32f7xx_hal_eth.c ****   * @brief  Returns the ETH MAC WakeUp event source
2693:Drivers/STM32F7xx_HAL_Driver/Src/stm32f7xx_hal_eth.c ****   * @param  heth: pointer to a ETH_HandleTypeDef structure that contains
2694:Drivers/STM32F7xx_HAL_Driver/Src/stm32f7xx_hal_eth.c ****   *         the configuration information for ETHERNET module
2695:Drivers/STM32F7xx_HAL_Driver/Src/stm32f7xx_hal_eth.c ****   * @retval ETH MAC WakeUp event source
2696:Drivers/STM32F7xx_HAL_Driver/Src/stm32f7xx_hal_eth.c ****   */
2697:Drivers/STM32F7xx_HAL_Driver/Src/stm32f7xx_hal_eth.c **** uint32_t HAL_ETH_GetMACWakeUpSource(ETH_HandleTypeDef *heth)
2698:Drivers/STM32F7xx_HAL_Driver/Src/stm32f7xx_hal_eth.c **** {
2699:Drivers/STM32F7xx_HAL_Driver/Src/stm32f7xx_hal_eth.c ****   return heth->MACWakeUpEvent;
2700:Drivers/STM32F7xx_HAL_Driver/Src/stm32f7xx_hal_eth.c **** }
2701:Drivers/STM32F7xx_HAL_Driver/Src/stm32f7xx_hal_eth.c **** 
2702:Drivers/STM32F7xx_HAL_Driver/Src/stm32f7xx_hal_eth.c **** /**
2703:Drivers/STM32F7xx_HAL_Driver/Src/stm32f7xx_hal_eth.c ****   * @}
2704:Drivers/STM32F7xx_HAL_Driver/Src/stm32f7xx_hal_eth.c ****   */
2705:Drivers/STM32F7xx_HAL_Driver/Src/stm32f7xx_hal_eth.c **** 
2706:Drivers/STM32F7xx_HAL_Driver/Src/stm32f7xx_hal_eth.c **** /**
2707:Drivers/STM32F7xx_HAL_Driver/Src/stm32f7xx_hal_eth.c ****   * @}
2708:Drivers/STM32F7xx_HAL_Driver/Src/stm32f7xx_hal_eth.c ****   */
2709:Drivers/STM32F7xx_HAL_Driver/Src/stm32f7xx_hal_eth.c **** 
ARM GAS  /tmp/ccQ4qZLu.s 			page 70


2710:Drivers/STM32F7xx_HAL_Driver/Src/stm32f7xx_hal_eth.c **** /** @addtogroup ETH_Private_Functions   ETH Private Functions
2711:Drivers/STM32F7xx_HAL_Driver/Src/stm32f7xx_hal_eth.c ****   * @{
2712:Drivers/STM32F7xx_HAL_Driver/Src/stm32f7xx_hal_eth.c ****   */
2713:Drivers/STM32F7xx_HAL_Driver/Src/stm32f7xx_hal_eth.c **** 
2714:Drivers/STM32F7xx_HAL_Driver/Src/stm32f7xx_hal_eth.c **** /**
2715:Drivers/STM32F7xx_HAL_Driver/Src/stm32f7xx_hal_eth.c ****   * @brief  Clears the ETHERNET transmit FIFO.
2716:Drivers/STM32F7xx_HAL_Driver/Src/stm32f7xx_hal_eth.c ****   * @param  heth pointer to a ETH_HandleTypeDef structure that contains
2717:Drivers/STM32F7xx_HAL_Driver/Src/stm32f7xx_hal_eth.c ****   *         the configuration information for ETHERNET module
2718:Drivers/STM32F7xx_HAL_Driver/Src/stm32f7xx_hal_eth.c ****   * @retval None
2719:Drivers/STM32F7xx_HAL_Driver/Src/stm32f7xx_hal_eth.c ****   */
2720:Drivers/STM32F7xx_HAL_Driver/Src/stm32f7xx_hal_eth.c **** static void ETH_FlushTransmitFIFO(ETH_HandleTypeDef *heth)
2721:Drivers/STM32F7xx_HAL_Driver/Src/stm32f7xx_hal_eth.c **** {
2722:Drivers/STM32F7xx_HAL_Driver/Src/stm32f7xx_hal_eth.c ****   __IO uint32_t tmpreg = 0;
2723:Drivers/STM32F7xx_HAL_Driver/Src/stm32f7xx_hal_eth.c **** 
2724:Drivers/STM32F7xx_HAL_Driver/Src/stm32f7xx_hal_eth.c ****   /* Set the Flush Transmit FIFO bit */
2725:Drivers/STM32F7xx_HAL_Driver/Src/stm32f7xx_hal_eth.c ****   (heth->Instance)->DMAOMR |= ETH_DMAOMR_FTF;
2726:Drivers/STM32F7xx_HAL_Driver/Src/stm32f7xx_hal_eth.c **** 
2727:Drivers/STM32F7xx_HAL_Driver/Src/stm32f7xx_hal_eth.c ****   /* Wait until the write operation will be taken into account:
2728:Drivers/STM32F7xx_HAL_Driver/Src/stm32f7xx_hal_eth.c ****      at least four TX_CLK/RX_CLK clock cycles */
2729:Drivers/STM32F7xx_HAL_Driver/Src/stm32f7xx_hal_eth.c ****   tmpreg = (heth->Instance)->DMAOMR;
2730:Drivers/STM32F7xx_HAL_Driver/Src/stm32f7xx_hal_eth.c ****   HAL_Delay(ETH_REG_WRITE_DELAY);
2731:Drivers/STM32F7xx_HAL_Driver/Src/stm32f7xx_hal_eth.c ****   (heth->Instance)->DMAOMR = tmpreg;
2732:Drivers/STM32F7xx_HAL_Driver/Src/stm32f7xx_hal_eth.c **** }
2733:Drivers/STM32F7xx_HAL_Driver/Src/stm32f7xx_hal_eth.c **** 
2734:Drivers/STM32F7xx_HAL_Driver/Src/stm32f7xx_hal_eth.c **** static void ETH_SetMACConfig(ETH_HandleTypeDef *heth,  ETH_MACConfigTypeDef *macconf)
2735:Drivers/STM32F7xx_HAL_Driver/Src/stm32f7xx_hal_eth.c **** {
2736:Drivers/STM32F7xx_HAL_Driver/Src/stm32f7xx_hal_eth.c ****   uint32_t tmpreg1;
2737:Drivers/STM32F7xx_HAL_Driver/Src/stm32f7xx_hal_eth.c **** 
2738:Drivers/STM32F7xx_HAL_Driver/Src/stm32f7xx_hal_eth.c ****   /*------------------------ ETHERNET MACCR Configuration --------------------*/
2739:Drivers/STM32F7xx_HAL_Driver/Src/stm32f7xx_hal_eth.c ****   /* Get the ETHERNET MACCR value */
2740:Drivers/STM32F7xx_HAL_Driver/Src/stm32f7xx_hal_eth.c ****   tmpreg1 = (heth->Instance)->MACCR;
2741:Drivers/STM32F7xx_HAL_Driver/Src/stm32f7xx_hal_eth.c ****   /* Clear WD, PCE, PS, TE and RE bits */
2742:Drivers/STM32F7xx_HAL_Driver/Src/stm32f7xx_hal_eth.c ****   tmpreg1 &= ETH_MACCR_CLEAR_MASK;
2743:Drivers/STM32F7xx_HAL_Driver/Src/stm32f7xx_hal_eth.c **** 
2744:Drivers/STM32F7xx_HAL_Driver/Src/stm32f7xx_hal_eth.c ****   tmpreg1 |= (uint32_t)(((uint32_t)((macconf->Watchdog == DISABLE) ? 1U : 0U) << 23U) |
2745:Drivers/STM32F7xx_HAL_Driver/Src/stm32f7xx_hal_eth.c ****                         ((uint32_t)((macconf->Jabber == DISABLE) ? 1U : 0U) << 22U) |
2746:Drivers/STM32F7xx_HAL_Driver/Src/stm32f7xx_hal_eth.c ****                         (uint32_t)macconf->InterPacketGapVal |
2747:Drivers/STM32F7xx_HAL_Driver/Src/stm32f7xx_hal_eth.c ****                         ((uint32_t)macconf->CarrierSenseDuringTransmit << 16U) |
2748:Drivers/STM32F7xx_HAL_Driver/Src/stm32f7xx_hal_eth.c ****                         macconf->Speed |
2749:Drivers/STM32F7xx_HAL_Driver/Src/stm32f7xx_hal_eth.c ****                         ((uint32_t)((macconf->ReceiveOwn == DISABLE) ? 1U : 0U) << 13U) |
2750:Drivers/STM32F7xx_HAL_Driver/Src/stm32f7xx_hal_eth.c ****                         ((uint32_t)macconf->LoopbackMode << 12U) |
2751:Drivers/STM32F7xx_HAL_Driver/Src/stm32f7xx_hal_eth.c ****                         macconf->DuplexMode |
2752:Drivers/STM32F7xx_HAL_Driver/Src/stm32f7xx_hal_eth.c ****                         ((uint32_t)macconf->ChecksumOffload << 10U) |
2753:Drivers/STM32F7xx_HAL_Driver/Src/stm32f7xx_hal_eth.c ****                         ((uint32_t)((macconf->RetryTransmission == DISABLE) ? 1U : 0U) << 9U) |
2754:Drivers/STM32F7xx_HAL_Driver/Src/stm32f7xx_hal_eth.c ****                         ((uint32_t)macconf->AutomaticPadCRCStrip << 7U) |
2755:Drivers/STM32F7xx_HAL_Driver/Src/stm32f7xx_hal_eth.c ****                         macconf->BackOffLimit |
2756:Drivers/STM32F7xx_HAL_Driver/Src/stm32f7xx_hal_eth.c ****                         ((uint32_t)macconf->DeferralCheck << 4U));
2757:Drivers/STM32F7xx_HAL_Driver/Src/stm32f7xx_hal_eth.c **** 
2758:Drivers/STM32F7xx_HAL_Driver/Src/stm32f7xx_hal_eth.c ****   /* Write to ETHERNET MACCR */
2759:Drivers/STM32F7xx_HAL_Driver/Src/stm32f7xx_hal_eth.c ****   (heth->Instance)->MACCR = (uint32_t)tmpreg1;
2760:Drivers/STM32F7xx_HAL_Driver/Src/stm32f7xx_hal_eth.c **** 
2761:Drivers/STM32F7xx_HAL_Driver/Src/stm32f7xx_hal_eth.c ****   /* Wait until the write operation will be taken into account :
2762:Drivers/STM32F7xx_HAL_Driver/Src/stm32f7xx_hal_eth.c ****   at least four TX_CLK/RX_CLK clock cycles */
2763:Drivers/STM32F7xx_HAL_Driver/Src/stm32f7xx_hal_eth.c ****   tmpreg1 = (heth->Instance)->MACCR;
2764:Drivers/STM32F7xx_HAL_Driver/Src/stm32f7xx_hal_eth.c ****   HAL_Delay(ETH_REG_WRITE_DELAY);
2765:Drivers/STM32F7xx_HAL_Driver/Src/stm32f7xx_hal_eth.c ****   (heth->Instance)->MACCR = tmpreg1;
2766:Drivers/STM32F7xx_HAL_Driver/Src/stm32f7xx_hal_eth.c **** 
ARM GAS  /tmp/ccQ4qZLu.s 			page 71


2767:Drivers/STM32F7xx_HAL_Driver/Src/stm32f7xx_hal_eth.c ****   /*----------------------- ETHERNET MACFCR Configuration --------------------*/
2768:Drivers/STM32F7xx_HAL_Driver/Src/stm32f7xx_hal_eth.c **** 
2769:Drivers/STM32F7xx_HAL_Driver/Src/stm32f7xx_hal_eth.c ****   /* Get the ETHERNET MACFCR value */
2770:Drivers/STM32F7xx_HAL_Driver/Src/stm32f7xx_hal_eth.c ****   tmpreg1 = (heth->Instance)->MACFCR;
2771:Drivers/STM32F7xx_HAL_Driver/Src/stm32f7xx_hal_eth.c ****   /* Clear xx bits */
2772:Drivers/STM32F7xx_HAL_Driver/Src/stm32f7xx_hal_eth.c ****   tmpreg1 &= ETH_MACFCR_CLEAR_MASK;
2773:Drivers/STM32F7xx_HAL_Driver/Src/stm32f7xx_hal_eth.c **** 
2774:Drivers/STM32F7xx_HAL_Driver/Src/stm32f7xx_hal_eth.c ****   tmpreg1 |= (uint32_t)((macconf->PauseTime << 16U) |
2775:Drivers/STM32F7xx_HAL_Driver/Src/stm32f7xx_hal_eth.c ****                         ((uint32_t)((macconf->ZeroQuantaPause == DISABLE) ? 1U : 0U) << 7U) |
2776:Drivers/STM32F7xx_HAL_Driver/Src/stm32f7xx_hal_eth.c ****                         macconf->PauseLowThreshold |
2777:Drivers/STM32F7xx_HAL_Driver/Src/stm32f7xx_hal_eth.c ****                         ((uint32_t)((macconf->UnicastPausePacketDetect == ENABLE) ? 1U : 0U) << 3U)
2778:Drivers/STM32F7xx_HAL_Driver/Src/stm32f7xx_hal_eth.c ****                         ((uint32_t)((macconf->ReceiveFlowControl == ENABLE) ? 1U : 0U) << 2U) |
2779:Drivers/STM32F7xx_HAL_Driver/Src/stm32f7xx_hal_eth.c ****                         ((uint32_t)((macconf->TransmitFlowControl == ENABLE) ? 1U : 0U) << 1U));
2780:Drivers/STM32F7xx_HAL_Driver/Src/stm32f7xx_hal_eth.c **** 
2781:Drivers/STM32F7xx_HAL_Driver/Src/stm32f7xx_hal_eth.c ****   /* Write to ETHERNET MACFCR */
2782:Drivers/STM32F7xx_HAL_Driver/Src/stm32f7xx_hal_eth.c ****   (heth->Instance)->MACFCR = (uint32_t)tmpreg1;
2783:Drivers/STM32F7xx_HAL_Driver/Src/stm32f7xx_hal_eth.c **** 
2784:Drivers/STM32F7xx_HAL_Driver/Src/stm32f7xx_hal_eth.c ****   /* Wait until the write operation will be taken into account :
2785:Drivers/STM32F7xx_HAL_Driver/Src/stm32f7xx_hal_eth.c ****   at least four TX_CLK/RX_CLK clock cycles */
2786:Drivers/STM32F7xx_HAL_Driver/Src/stm32f7xx_hal_eth.c ****   tmpreg1 = (heth->Instance)->MACFCR;
2787:Drivers/STM32F7xx_HAL_Driver/Src/stm32f7xx_hal_eth.c ****   HAL_Delay(ETH_REG_WRITE_DELAY);
2788:Drivers/STM32F7xx_HAL_Driver/Src/stm32f7xx_hal_eth.c ****   (heth->Instance)->MACFCR = tmpreg1;
2789:Drivers/STM32F7xx_HAL_Driver/Src/stm32f7xx_hal_eth.c **** }
2790:Drivers/STM32F7xx_HAL_Driver/Src/stm32f7xx_hal_eth.c **** 
2791:Drivers/STM32F7xx_HAL_Driver/Src/stm32f7xx_hal_eth.c **** static void ETH_SetDMAConfig(ETH_HandleTypeDef *heth,  ETH_DMAConfigTypeDef *dmaconf)
2792:Drivers/STM32F7xx_HAL_Driver/Src/stm32f7xx_hal_eth.c **** {
2793:Drivers/STM32F7xx_HAL_Driver/Src/stm32f7xx_hal_eth.c ****   uint32_t tmpreg1;
2794:Drivers/STM32F7xx_HAL_Driver/Src/stm32f7xx_hal_eth.c **** 
2795:Drivers/STM32F7xx_HAL_Driver/Src/stm32f7xx_hal_eth.c ****   /*----------------------- ETHERNET DMAOMR Configuration --------------------*/
2796:Drivers/STM32F7xx_HAL_Driver/Src/stm32f7xx_hal_eth.c ****   /* Get the ETHERNET DMAOMR value */
2797:Drivers/STM32F7xx_HAL_Driver/Src/stm32f7xx_hal_eth.c ****   tmpreg1 = (heth->Instance)->DMAOMR;
2798:Drivers/STM32F7xx_HAL_Driver/Src/stm32f7xx_hal_eth.c ****   /* Clear xx bits */
2799:Drivers/STM32F7xx_HAL_Driver/Src/stm32f7xx_hal_eth.c ****   tmpreg1 &= ETH_DMAOMR_CLEAR_MASK;
2800:Drivers/STM32F7xx_HAL_Driver/Src/stm32f7xx_hal_eth.c **** 
2801:Drivers/STM32F7xx_HAL_Driver/Src/stm32f7xx_hal_eth.c ****   tmpreg1 |= (uint32_t)(((uint32_t)((dmaconf->DropTCPIPChecksumErrorFrame == DISABLE) ? 1U : 0U) <<
2802:Drivers/STM32F7xx_HAL_Driver/Src/stm32f7xx_hal_eth.c ****                         ((uint32_t)dmaconf->ReceiveStoreForward << 25U) |
2803:Drivers/STM32F7xx_HAL_Driver/Src/stm32f7xx_hal_eth.c ****                         ((uint32_t)((dmaconf->FlushRxPacket == DISABLE) ? 1U : 0U) << 20U) |
2804:Drivers/STM32F7xx_HAL_Driver/Src/stm32f7xx_hal_eth.c ****                         ((uint32_t)dmaconf->TransmitStoreForward << 21U) |
2805:Drivers/STM32F7xx_HAL_Driver/Src/stm32f7xx_hal_eth.c ****                         dmaconf->TransmitThresholdControl |
2806:Drivers/STM32F7xx_HAL_Driver/Src/stm32f7xx_hal_eth.c ****                         ((uint32_t)dmaconf->ForwardErrorFrames << 7U) |
2807:Drivers/STM32F7xx_HAL_Driver/Src/stm32f7xx_hal_eth.c ****                         ((uint32_t)dmaconf->ForwardUndersizedGoodFrames << 6U) |
2808:Drivers/STM32F7xx_HAL_Driver/Src/stm32f7xx_hal_eth.c ****                         dmaconf->ReceiveThresholdControl |
2809:Drivers/STM32F7xx_HAL_Driver/Src/stm32f7xx_hal_eth.c ****                         ((uint32_t)dmaconf->SecondFrameOperate << 2U));
2810:Drivers/STM32F7xx_HAL_Driver/Src/stm32f7xx_hal_eth.c **** 
2811:Drivers/STM32F7xx_HAL_Driver/Src/stm32f7xx_hal_eth.c ****   /* Write to ETHERNET DMAOMR */
2812:Drivers/STM32F7xx_HAL_Driver/Src/stm32f7xx_hal_eth.c ****   (heth->Instance)->DMAOMR = (uint32_t)tmpreg1;
2813:Drivers/STM32F7xx_HAL_Driver/Src/stm32f7xx_hal_eth.c **** 
2814:Drivers/STM32F7xx_HAL_Driver/Src/stm32f7xx_hal_eth.c ****   /* Wait until the write operation will be taken into account:
2815:Drivers/STM32F7xx_HAL_Driver/Src/stm32f7xx_hal_eth.c ****   at least four TX_CLK/RX_CLK clock cycles */
2816:Drivers/STM32F7xx_HAL_Driver/Src/stm32f7xx_hal_eth.c ****   tmpreg1 = (heth->Instance)->DMAOMR;
2817:Drivers/STM32F7xx_HAL_Driver/Src/stm32f7xx_hal_eth.c ****   HAL_Delay(ETH_REG_WRITE_DELAY);
2818:Drivers/STM32F7xx_HAL_Driver/Src/stm32f7xx_hal_eth.c ****   (heth->Instance)->DMAOMR = tmpreg1;
2819:Drivers/STM32F7xx_HAL_Driver/Src/stm32f7xx_hal_eth.c **** 
2820:Drivers/STM32F7xx_HAL_Driver/Src/stm32f7xx_hal_eth.c ****   /*----------------------- ETHERNET DMABMR Configuration --------------------*/
2821:Drivers/STM32F7xx_HAL_Driver/Src/stm32f7xx_hal_eth.c ****   (heth->Instance)->DMABMR = (uint32_t)(((uint32_t)dmaconf->AddressAlignedBeats << 25U) |
2822:Drivers/STM32F7xx_HAL_Driver/Src/stm32f7xx_hal_eth.c ****                                         dmaconf->BurstMode |
2823:Drivers/STM32F7xx_HAL_Driver/Src/stm32f7xx_hal_eth.c ****                                         dmaconf->RxDMABurstLength | /* !! if 4xPBL is selected for 
ARM GAS  /tmp/ccQ4qZLu.s 			page 72


2824:Drivers/STM32F7xx_HAL_Driver/Src/stm32f7xx_hal_eth.c ****                                                                        Rx it is applied for the oth
2825:Drivers/STM32F7xx_HAL_Driver/Src/stm32f7xx_hal_eth.c ****                                         dmaconf->TxDMABurstLength |
2826:Drivers/STM32F7xx_HAL_Driver/Src/stm32f7xx_hal_eth.c ****                                         ((uint32_t)dmaconf->EnhancedDescriptorFormat << 7U) |
2827:Drivers/STM32F7xx_HAL_Driver/Src/stm32f7xx_hal_eth.c ****                                         (dmaconf->DescriptorSkipLength << 2U) |
2828:Drivers/STM32F7xx_HAL_Driver/Src/stm32f7xx_hal_eth.c ****                                         dmaconf->DMAArbitration |
2829:Drivers/STM32F7xx_HAL_Driver/Src/stm32f7xx_hal_eth.c ****                                         ETH_DMABMR_USP); /* Enable use of separate PBL for Rx and T
2830:Drivers/STM32F7xx_HAL_Driver/Src/stm32f7xx_hal_eth.c **** 
2831:Drivers/STM32F7xx_HAL_Driver/Src/stm32f7xx_hal_eth.c ****   /* Wait until the write operation will be taken into account:
2832:Drivers/STM32F7xx_HAL_Driver/Src/stm32f7xx_hal_eth.c ****      at least four TX_CLK/RX_CLK clock cycles */
2833:Drivers/STM32F7xx_HAL_Driver/Src/stm32f7xx_hal_eth.c ****   tmpreg1 = (heth->Instance)->DMABMR;
2834:Drivers/STM32F7xx_HAL_Driver/Src/stm32f7xx_hal_eth.c ****   HAL_Delay(ETH_REG_WRITE_DELAY);
2835:Drivers/STM32F7xx_HAL_Driver/Src/stm32f7xx_hal_eth.c ****   (heth->Instance)->DMABMR = tmpreg1;
2836:Drivers/STM32F7xx_HAL_Driver/Src/stm32f7xx_hal_eth.c **** }
2837:Drivers/STM32F7xx_HAL_Driver/Src/stm32f7xx_hal_eth.c **** 
2838:Drivers/STM32F7xx_HAL_Driver/Src/stm32f7xx_hal_eth.c **** /**
2839:Drivers/STM32F7xx_HAL_Driver/Src/stm32f7xx_hal_eth.c ****   * @brief  Configures Ethernet MAC and DMA with default parameters.
2840:Drivers/STM32F7xx_HAL_Driver/Src/stm32f7xx_hal_eth.c ****   *         called by HAL_ETH_Init() API.
2841:Drivers/STM32F7xx_HAL_Driver/Src/stm32f7xx_hal_eth.c ****   * @param  heth: pointer to a ETH_HandleTypeDef structure that contains
2842:Drivers/STM32F7xx_HAL_Driver/Src/stm32f7xx_hal_eth.c ****   *         the configuration information for ETHERNET module
2843:Drivers/STM32F7xx_HAL_Driver/Src/stm32f7xx_hal_eth.c ****   * @retval HAL status
2844:Drivers/STM32F7xx_HAL_Driver/Src/stm32f7xx_hal_eth.c ****   */
2845:Drivers/STM32F7xx_HAL_Driver/Src/stm32f7xx_hal_eth.c **** static void ETH_MACDMAConfig(ETH_HandleTypeDef *heth)
2846:Drivers/STM32F7xx_HAL_Driver/Src/stm32f7xx_hal_eth.c **** {
2847:Drivers/STM32F7xx_HAL_Driver/Src/stm32f7xx_hal_eth.c ****   ETH_MACConfigTypeDef macDefaultConf;
2848:Drivers/STM32F7xx_HAL_Driver/Src/stm32f7xx_hal_eth.c ****   ETH_DMAConfigTypeDef dmaDefaultConf;
2849:Drivers/STM32F7xx_HAL_Driver/Src/stm32f7xx_hal_eth.c **** 
2850:Drivers/STM32F7xx_HAL_Driver/Src/stm32f7xx_hal_eth.c ****   /*--------------- ETHERNET MAC registers default Configuration --------------*/
2851:Drivers/STM32F7xx_HAL_Driver/Src/stm32f7xx_hal_eth.c ****   macDefaultConf.Watchdog = ENABLE;
2852:Drivers/STM32F7xx_HAL_Driver/Src/stm32f7xx_hal_eth.c ****   macDefaultConf.Jabber = ENABLE;
2853:Drivers/STM32F7xx_HAL_Driver/Src/stm32f7xx_hal_eth.c ****   macDefaultConf.InterPacketGapVal = ETH_INTERFRAMEGAP_96BIT;
2854:Drivers/STM32F7xx_HAL_Driver/Src/stm32f7xx_hal_eth.c ****   macDefaultConf.CarrierSenseDuringTransmit = DISABLE;
2855:Drivers/STM32F7xx_HAL_Driver/Src/stm32f7xx_hal_eth.c ****   macDefaultConf.ReceiveOwn = ENABLE;
2856:Drivers/STM32F7xx_HAL_Driver/Src/stm32f7xx_hal_eth.c ****   macDefaultConf.LoopbackMode = DISABLE;
2857:Drivers/STM32F7xx_HAL_Driver/Src/stm32f7xx_hal_eth.c ****   macDefaultConf.ChecksumOffload = ENABLE;
2858:Drivers/STM32F7xx_HAL_Driver/Src/stm32f7xx_hal_eth.c ****   macDefaultConf.RetryTransmission = DISABLE;
2859:Drivers/STM32F7xx_HAL_Driver/Src/stm32f7xx_hal_eth.c ****   macDefaultConf.AutomaticPadCRCStrip = DISABLE;
2860:Drivers/STM32F7xx_HAL_Driver/Src/stm32f7xx_hal_eth.c ****   macDefaultConf.BackOffLimit = ETH_BACKOFFLIMIT_10;
2861:Drivers/STM32F7xx_HAL_Driver/Src/stm32f7xx_hal_eth.c ****   macDefaultConf.DeferralCheck = DISABLE;
2862:Drivers/STM32F7xx_HAL_Driver/Src/stm32f7xx_hal_eth.c ****   macDefaultConf.PauseTime = 0x0U;
2863:Drivers/STM32F7xx_HAL_Driver/Src/stm32f7xx_hal_eth.c ****   macDefaultConf.ZeroQuantaPause = DISABLE;
2864:Drivers/STM32F7xx_HAL_Driver/Src/stm32f7xx_hal_eth.c ****   macDefaultConf.PauseLowThreshold = ETH_PAUSELOWTHRESHOLD_MINUS4;
2865:Drivers/STM32F7xx_HAL_Driver/Src/stm32f7xx_hal_eth.c ****   macDefaultConf.ReceiveFlowControl = DISABLE;
2866:Drivers/STM32F7xx_HAL_Driver/Src/stm32f7xx_hal_eth.c ****   macDefaultConf.TransmitFlowControl = DISABLE;
2867:Drivers/STM32F7xx_HAL_Driver/Src/stm32f7xx_hal_eth.c ****   macDefaultConf.Speed = ETH_SPEED_100M;
2868:Drivers/STM32F7xx_HAL_Driver/Src/stm32f7xx_hal_eth.c ****   macDefaultConf.DuplexMode = ETH_FULLDUPLEX_MODE;
2869:Drivers/STM32F7xx_HAL_Driver/Src/stm32f7xx_hal_eth.c ****   macDefaultConf.UnicastPausePacketDetect = DISABLE;
2870:Drivers/STM32F7xx_HAL_Driver/Src/stm32f7xx_hal_eth.c **** 
2871:Drivers/STM32F7xx_HAL_Driver/Src/stm32f7xx_hal_eth.c ****   /* MAC default configuration */
2872:Drivers/STM32F7xx_HAL_Driver/Src/stm32f7xx_hal_eth.c ****   ETH_SetMACConfig(heth, &macDefaultConf);
2873:Drivers/STM32F7xx_HAL_Driver/Src/stm32f7xx_hal_eth.c **** 
2874:Drivers/STM32F7xx_HAL_Driver/Src/stm32f7xx_hal_eth.c ****   /*--------------- ETHERNET DMA registers default Configuration --------------*/
2875:Drivers/STM32F7xx_HAL_Driver/Src/stm32f7xx_hal_eth.c ****   dmaDefaultConf.DropTCPIPChecksumErrorFrame = ENABLE;
2876:Drivers/STM32F7xx_HAL_Driver/Src/stm32f7xx_hal_eth.c ****   dmaDefaultConf.ReceiveStoreForward = ENABLE;
2877:Drivers/STM32F7xx_HAL_Driver/Src/stm32f7xx_hal_eth.c ****   dmaDefaultConf.FlushRxPacket = ENABLE;
2878:Drivers/STM32F7xx_HAL_Driver/Src/stm32f7xx_hal_eth.c ****   dmaDefaultConf.TransmitStoreForward = ENABLE;
2879:Drivers/STM32F7xx_HAL_Driver/Src/stm32f7xx_hal_eth.c ****   dmaDefaultConf.TransmitThresholdControl = ETH_TRANSMITTHRESHOLDCONTROL_64BYTES;
2880:Drivers/STM32F7xx_HAL_Driver/Src/stm32f7xx_hal_eth.c ****   dmaDefaultConf.ForwardErrorFrames = DISABLE;
ARM GAS  /tmp/ccQ4qZLu.s 			page 73


2881:Drivers/STM32F7xx_HAL_Driver/Src/stm32f7xx_hal_eth.c ****   dmaDefaultConf.ForwardUndersizedGoodFrames = DISABLE;
2882:Drivers/STM32F7xx_HAL_Driver/Src/stm32f7xx_hal_eth.c ****   dmaDefaultConf.ReceiveThresholdControl = ETH_RECEIVEDTHRESHOLDCONTROL_64BYTES;
2883:Drivers/STM32F7xx_HAL_Driver/Src/stm32f7xx_hal_eth.c ****   dmaDefaultConf.SecondFrameOperate = ENABLE;
2884:Drivers/STM32F7xx_HAL_Driver/Src/stm32f7xx_hal_eth.c ****   dmaDefaultConf.AddressAlignedBeats = ENABLE;
2885:Drivers/STM32F7xx_HAL_Driver/Src/stm32f7xx_hal_eth.c ****   dmaDefaultConf.BurstMode = ETH_BURSTLENGTH_FIXED;
2886:Drivers/STM32F7xx_HAL_Driver/Src/stm32f7xx_hal_eth.c ****   dmaDefaultConf.RxDMABurstLength = ETH_RXDMABURSTLENGTH_32BEAT;
2887:Drivers/STM32F7xx_HAL_Driver/Src/stm32f7xx_hal_eth.c ****   dmaDefaultConf.TxDMABurstLength = ETH_TXDMABURSTLENGTH_32BEAT;
2888:Drivers/STM32F7xx_HAL_Driver/Src/stm32f7xx_hal_eth.c ****   dmaDefaultConf.EnhancedDescriptorFormat = ENABLE;
2889:Drivers/STM32F7xx_HAL_Driver/Src/stm32f7xx_hal_eth.c ****   dmaDefaultConf.DescriptorSkipLength = 0x0U;
2890:Drivers/STM32F7xx_HAL_Driver/Src/stm32f7xx_hal_eth.c ****   dmaDefaultConf.DMAArbitration = ETH_DMAARBITRATION_ROUNDROBIN_RXTX_1_1;
2891:Drivers/STM32F7xx_HAL_Driver/Src/stm32f7xx_hal_eth.c **** 
2892:Drivers/STM32F7xx_HAL_Driver/Src/stm32f7xx_hal_eth.c ****   /* DMA default configuration */
2893:Drivers/STM32F7xx_HAL_Driver/Src/stm32f7xx_hal_eth.c ****   ETH_SetDMAConfig(heth, &dmaDefaultConf);
2894:Drivers/STM32F7xx_HAL_Driver/Src/stm32f7xx_hal_eth.c **** }
2895:Drivers/STM32F7xx_HAL_Driver/Src/stm32f7xx_hal_eth.c **** 
2896:Drivers/STM32F7xx_HAL_Driver/Src/stm32f7xx_hal_eth.c **** /**
2897:Drivers/STM32F7xx_HAL_Driver/Src/stm32f7xx_hal_eth.c ****   * @brief  Configures the selected MAC address.
2898:Drivers/STM32F7xx_HAL_Driver/Src/stm32f7xx_hal_eth.c ****   * @param  heth pointer to a ETH_HandleTypeDef structure that contains
2899:Drivers/STM32F7xx_HAL_Driver/Src/stm32f7xx_hal_eth.c ****   *         the configuration information for ETHERNET module
2900:Drivers/STM32F7xx_HAL_Driver/Src/stm32f7xx_hal_eth.c ****   * @param  MacAddr The MAC address to configure
2901:Drivers/STM32F7xx_HAL_Driver/Src/stm32f7xx_hal_eth.c ****   *          This parameter can be one of the following values:
2902:Drivers/STM32F7xx_HAL_Driver/Src/stm32f7xx_hal_eth.c ****   *             @arg ETH_MAC_Address0: MAC Address0
2903:Drivers/STM32F7xx_HAL_Driver/Src/stm32f7xx_hal_eth.c ****   *             @arg ETH_MAC_Address1: MAC Address1
2904:Drivers/STM32F7xx_HAL_Driver/Src/stm32f7xx_hal_eth.c ****   *             @arg ETH_MAC_Address2: MAC Address2
2905:Drivers/STM32F7xx_HAL_Driver/Src/stm32f7xx_hal_eth.c ****   *             @arg ETH_MAC_Address3: MAC Address3
2906:Drivers/STM32F7xx_HAL_Driver/Src/stm32f7xx_hal_eth.c ****   * @param  Addr Pointer to MAC address buffer data (6 bytes)
2907:Drivers/STM32F7xx_HAL_Driver/Src/stm32f7xx_hal_eth.c ****   * @retval HAL status
2908:Drivers/STM32F7xx_HAL_Driver/Src/stm32f7xx_hal_eth.c ****   */
2909:Drivers/STM32F7xx_HAL_Driver/Src/stm32f7xx_hal_eth.c **** static void ETH_MACAddressConfig(ETH_HandleTypeDef *heth, uint32_t MacAddr, uint8_t *Addr)
2910:Drivers/STM32F7xx_HAL_Driver/Src/stm32f7xx_hal_eth.c **** {
 284              		.loc 1 2910 1 is_stmt 1 view -0
 285              		.cfi_startproc
 286              		@ args = 0, pretend = 0, frame = 0
 287              		@ frame_needed = 0, uses_anonymous_args = 0
 288              		@ link register save eliminated.
2911:Drivers/STM32F7xx_HAL_Driver/Src/stm32f7xx_hal_eth.c ****   uint32_t tmpreg1;
 289              		.loc 1 2911 3 view .LVU75
2912:Drivers/STM32F7xx_HAL_Driver/Src/stm32f7xx_hal_eth.c **** 
2913:Drivers/STM32F7xx_HAL_Driver/Src/stm32f7xx_hal_eth.c ****   /* Prevent unused argument(s) compilation warning */
2914:Drivers/STM32F7xx_HAL_Driver/Src/stm32f7xx_hal_eth.c ****   UNUSED(heth);
 290              		.loc 1 2914 3 view .LVU76
2915:Drivers/STM32F7xx_HAL_Driver/Src/stm32f7xx_hal_eth.c **** 
2916:Drivers/STM32F7xx_HAL_Driver/Src/stm32f7xx_hal_eth.c ****   /* Calculate the selected MAC address high register */
2917:Drivers/STM32F7xx_HAL_Driver/Src/stm32f7xx_hal_eth.c ****   tmpreg1 = ((uint32_t)Addr[5U] << 8U) | (uint32_t)Addr[4U];
 291              		.loc 1 2917 3 view .LVU77
 292              		.loc 1 2917 28 is_stmt 0 view .LVU78
 293 0000 5079     		ldrb	r0, [r2, #5]	@ zero_extendqisi2
 294              	.LVL22:
 295              		.loc 1 2917 56 view .LVU79
 296 0002 1379     		ldrb	r3, [r2, #4]	@ zero_extendqisi2
 297              		.loc 1 2917 11 view .LVU80
 298 0004 43EA0023 		orr	r3, r3, r0, lsl #8
 299              	.LVL23:
2918:Drivers/STM32F7xx_HAL_Driver/Src/stm32f7xx_hal_eth.c ****   /* Load the selected MAC address high register */
2919:Drivers/STM32F7xx_HAL_Driver/Src/stm32f7xx_hal_eth.c ****   (*(__IO uint32_t *)((uint32_t)(ETH_MAC_ADDR_HBASE + MacAddr))) = tmpreg1;
 300              		.loc 1 2919 3 is_stmt 1 view .LVU81
 301              		.loc 1 2919 23 is_stmt 0 view .LVU82
ARM GAS  /tmp/ccQ4qZLu.s 			page 74


 302 0008 0748     		ldr	r0, .L21
 303              		.loc 1 2919 66 view .LVU83
 304 000a 0B50     		str	r3, [r1, r0]
2920:Drivers/STM32F7xx_HAL_Driver/Src/stm32f7xx_hal_eth.c ****   /* Calculate the selected MAC address low register */
2921:Drivers/STM32F7xx_HAL_Driver/Src/stm32f7xx_hal_eth.c ****   tmpreg1 = ((uint32_t)Addr[3U] << 24U) | ((uint32_t)Addr[2U] << 16U) | ((uint32_t)Addr[1U] << 8U) 
 305              		.loc 1 2921 3 is_stmt 1 view .LVU84
 306              		.loc 1 2921 28 is_stmt 0 view .LVU85
 307 000c D078     		ldrb	r0, [r2, #3]	@ zero_extendqisi2
 308              		.loc 1 2921 58 view .LVU86
 309 000e 9378     		ldrb	r3, [r2, #2]	@ zero_extendqisi2
 310              	.LVL24:
 311              		.loc 1 2921 63 view .LVU87
 312 0010 1B04     		lsls	r3, r3, #16
 313              		.loc 1 2921 41 view .LVU88
 314 0012 43EA0063 		orr	r3, r3, r0, lsl #24
 315              		.loc 1 2921 88 view .LVU89
 316 0016 5078     		ldrb	r0, [r2, #1]	@ zero_extendqisi2
 317              		.loc 1 2921 71 view .LVU90
 318 0018 43EA0023 		orr	r3, r3, r0, lsl #8
 319              		.loc 1 2921 106 view .LVU91
 320 001c 1278     		ldrb	r2, [r2]	@ zero_extendqisi2
 321              	.LVL25:
 322              		.loc 1 2921 11 view .LVU92
 323 001e 1343     		orrs	r3, r3, r2
 324              	.LVL26:
2922:Drivers/STM32F7xx_HAL_Driver/Src/stm32f7xx_hal_eth.c **** 
2923:Drivers/STM32F7xx_HAL_Driver/Src/stm32f7xx_hal_eth.c ****   /* Load the selected MAC address low register */
2924:Drivers/STM32F7xx_HAL_Driver/Src/stm32f7xx_hal_eth.c ****   (*(__IO uint32_t *)((uint32_t)(ETH_MAC_ADDR_LBASE + MacAddr))) = tmpreg1;
 325              		.loc 1 2924 3 is_stmt 1 view .LVU93
 326              		.loc 1 2924 23 is_stmt 0 view .LVU94
 327 0020 024A     		ldr	r2, .L21+4
 328              		.loc 1 2924 66 view .LVU95
 329 0022 8B50     		str	r3, [r1, r2]
2925:Drivers/STM32F7xx_HAL_Driver/Src/stm32f7xx_hal_eth.c **** }
 330              		.loc 1 2925 1 view .LVU96
 331 0024 7047     		bx	lr
 332              	.L22:
 333 0026 00BF     		.align	2
 334              	.L21:
 335 0028 40800240 		.word	1073905728
 336 002c 44800240 		.word	1073905732
 337              		.cfi_endproc
 338              	.LFE194:
 340              		.section	.text.ETH_DMATxDescListInit,"ax",%progbits
 341              		.align	1
 342              		.syntax unified
 343              		.thumb
 344              		.thumb_func
 346              	ETH_DMATxDescListInit:
 347              	.LVL27:
 348              	.LFB195:
2926:Drivers/STM32F7xx_HAL_Driver/Src/stm32f7xx_hal_eth.c **** 
2927:Drivers/STM32F7xx_HAL_Driver/Src/stm32f7xx_hal_eth.c **** /**
2928:Drivers/STM32F7xx_HAL_Driver/Src/stm32f7xx_hal_eth.c ****   * @brief  Initializes the DMA Tx descriptors.
2929:Drivers/STM32F7xx_HAL_Driver/Src/stm32f7xx_hal_eth.c ****   *         called by HAL_ETH_Init() API.
2930:Drivers/STM32F7xx_HAL_Driver/Src/stm32f7xx_hal_eth.c ****   * @param  heth: pointer to a ETH_HandleTypeDef structure that contains
2931:Drivers/STM32F7xx_HAL_Driver/Src/stm32f7xx_hal_eth.c ****   *         the configuration information for ETHERNET module
ARM GAS  /tmp/ccQ4qZLu.s 			page 75


2932:Drivers/STM32F7xx_HAL_Driver/Src/stm32f7xx_hal_eth.c ****   * @retval None
2933:Drivers/STM32F7xx_HAL_Driver/Src/stm32f7xx_hal_eth.c ****   */
2934:Drivers/STM32F7xx_HAL_Driver/Src/stm32f7xx_hal_eth.c **** static void ETH_DMATxDescListInit(ETH_HandleTypeDef *heth)
2935:Drivers/STM32F7xx_HAL_Driver/Src/stm32f7xx_hal_eth.c **** {
 349              		.loc 1 2935 1 is_stmt 1 view -0
 350              		.cfi_startproc
 351              		@ args = 0, pretend = 0, frame = 0
 352              		@ frame_needed = 0, uses_anonymous_args = 0
 353              		@ link register save eliminated.
 354              		.loc 1 2935 1 is_stmt 0 view .LVU98
 355 0000 30B4     		push	{r4, r5}
 356              	.LCFI3:
 357              		.cfi_def_cfa_offset 8
 358              		.cfi_offset 4, -8
 359              		.cfi_offset 5, -4
2936:Drivers/STM32F7xx_HAL_Driver/Src/stm32f7xx_hal_eth.c ****   ETH_DMADescTypeDef *dmatxdesc;
 360              		.loc 1 2936 3 is_stmt 1 view .LVU99
2937:Drivers/STM32F7xx_HAL_Driver/Src/stm32f7xx_hal_eth.c ****   uint32_t i;
 361              		.loc 1 2937 3 view .LVU100
2938:Drivers/STM32F7xx_HAL_Driver/Src/stm32f7xx_hal_eth.c **** 
2939:Drivers/STM32F7xx_HAL_Driver/Src/stm32f7xx_hal_eth.c ****   /* Fill each DMATxDesc descriptor with the right values */
2940:Drivers/STM32F7xx_HAL_Driver/Src/stm32f7xx_hal_eth.c ****   for (i = 0; i < (uint32_t)ETH_TX_DESC_CNT; i++)
 362              		.loc 1 2940 3 view .LVU101
 363              	.LVL28:
 364              		.loc 1 2940 10 is_stmt 0 view .LVU102
 365 0002 0022     		movs	r2, #0
 366              		.loc 1 2940 3 view .LVU103
 367 0004 08E0     		b	.L24
 368              	.LVL29:
 369              	.L25:
2941:Drivers/STM32F7xx_HAL_Driver/Src/stm32f7xx_hal_eth.c ****   {
2942:Drivers/STM32F7xx_HAL_Driver/Src/stm32f7xx_hal_eth.c ****     dmatxdesc = heth->Init.TxDesc + i;
2943:Drivers/STM32F7xx_HAL_Driver/Src/stm32f7xx_hal_eth.c **** 
2944:Drivers/STM32F7xx_HAL_Driver/Src/stm32f7xx_hal_eth.c ****     WRITE_REG(dmatxdesc->DESC0, 0x0);
2945:Drivers/STM32F7xx_HAL_Driver/Src/stm32f7xx_hal_eth.c ****     WRITE_REG(dmatxdesc->DESC1, 0x0);
2946:Drivers/STM32F7xx_HAL_Driver/Src/stm32f7xx_hal_eth.c ****     WRITE_REG(dmatxdesc->DESC2, 0x0);
2947:Drivers/STM32F7xx_HAL_Driver/Src/stm32f7xx_hal_eth.c ****     WRITE_REG(dmatxdesc->DESC3, 0x0);
2948:Drivers/STM32F7xx_HAL_Driver/Src/stm32f7xx_hal_eth.c **** 
2949:Drivers/STM32F7xx_HAL_Driver/Src/stm32f7xx_hal_eth.c ****     WRITE_REG(heth->TxDescList.TxDesc[i], (uint32_t)dmatxdesc);
2950:Drivers/STM32F7xx_HAL_Driver/Src/stm32f7xx_hal_eth.c **** 
2951:Drivers/STM32F7xx_HAL_Driver/Src/stm32f7xx_hal_eth.c ****     /* Set Second Address Chained bit */
2952:Drivers/STM32F7xx_HAL_Driver/Src/stm32f7xx_hal_eth.c ****     SET_BIT(dmatxdesc->DESC0, ETH_DMATXDESC_TCH);
2953:Drivers/STM32F7xx_HAL_Driver/Src/stm32f7xx_hal_eth.c **** 
2954:Drivers/STM32F7xx_HAL_Driver/Src/stm32f7xx_hal_eth.c ****     if (i < ((uint32_t)ETH_TX_DESC_CNT - 1U))
2955:Drivers/STM32F7xx_HAL_Driver/Src/stm32f7xx_hal_eth.c ****     {
2956:Drivers/STM32F7xx_HAL_Driver/Src/stm32f7xx_hal_eth.c ****       WRITE_REG(dmatxdesc->DESC3, (uint32_t)(heth->Init.TxDesc + i + 1U));
2957:Drivers/STM32F7xx_HAL_Driver/Src/stm32f7xx_hal_eth.c ****     }
2958:Drivers/STM32F7xx_HAL_Driver/Src/stm32f7xx_hal_eth.c ****     else
2959:Drivers/STM32F7xx_HAL_Driver/Src/stm32f7xx_hal_eth.c ****     {
2960:Drivers/STM32F7xx_HAL_Driver/Src/stm32f7xx_hal_eth.c ****       WRITE_REG(dmatxdesc->DESC3, (uint32_t)(heth->Init.TxDesc));
 370              		.loc 1 2960 7 is_stmt 1 view .LVU104
 371 0006 C468     		ldr	r4, [r0, #12]
 372 0008 DC60     		str	r4, [r3, #12]
 373              	.L26:
2961:Drivers/STM32F7xx_HAL_Driver/Src/stm32f7xx_hal_eth.c ****     }
2962:Drivers/STM32F7xx_HAL_Driver/Src/stm32f7xx_hal_eth.c **** 
2963:Drivers/STM32F7xx_HAL_Driver/Src/stm32f7xx_hal_eth.c ****     /* Set the DMA Tx descriptors checksum insertion */
ARM GAS  /tmp/ccQ4qZLu.s 			page 76


2964:Drivers/STM32F7xx_HAL_Driver/Src/stm32f7xx_hal_eth.c ****     SET_BIT(dmatxdesc->DESC0, ETH_DMATXDESC_CHECKSUMTCPUDPICMPFULL);
 374              		.loc 1 2964 5 discriminator 2 view .LVU105
 375 000a 51F80C30 		ldr	r3, [r1, ip]
 376              	.LVL30:
 377              		.loc 1 2964 5 is_stmt 0 discriminator 2 view .LVU106
 378 000e 43F44003 		orr	r3, r3, #12582912
 379 0012 41F80C30 		str	r3, [r1, ip]
2940:Drivers/STM32F7xx_HAL_Driver/Src/stm32f7xx_hal_eth.c ****   {
 380              		.loc 1 2940 47 is_stmt 1 discriminator 2 view .LVU107
 381 0016 0132     		adds	r2, r2, #1
 382              	.LVL31:
 383              	.L24:
2940:Drivers/STM32F7xx_HAL_Driver/Src/stm32f7xx_hal_eth.c ****   {
 384              		.loc 1 2940 17 discriminator 1 view .LVU108
 385 0018 032A     		cmp	r2, #3
 386 001a 1FD8     		bhi	.L29
2942:Drivers/STM32F7xx_HAL_Driver/Src/stm32f7xx_hal_eth.c **** 
 387              		.loc 1 2942 5 view .LVU109
2942:Drivers/STM32F7xx_HAL_Driver/Src/stm32f7xx_hal_eth.c **** 
 388              		.loc 1 2942 27 is_stmt 0 view .LVU110
 389 001c C168     		ldr	r1, [r0, #12]
2942:Drivers/STM32F7xx_HAL_Driver/Src/stm32f7xx_hal_eth.c **** 
 390              		.loc 1 2942 35 view .LVU111
 391 001e 02EB8203 		add	r3, r2, r2, lsl #2
 392 0022 4FEAC30C 		lsl	ip, r3, #3
2942:Drivers/STM32F7xx_HAL_Driver/Src/stm32f7xx_hal_eth.c **** 
 393              		.loc 1 2942 15 view .LVU112
 394 0026 01EBC303 		add	r3, r1, r3, lsl #3
 395              	.LVL32:
2944:Drivers/STM32F7xx_HAL_Driver/Src/stm32f7xx_hal_eth.c ****     WRITE_REG(dmatxdesc->DESC1, 0x0);
 396              		.loc 1 2944 5 is_stmt 1 view .LVU113
 397 002a 0024     		movs	r4, #0
 398 002c 41F80C40 		str	r4, [r1, ip]
2945:Drivers/STM32F7xx_HAL_Driver/Src/stm32f7xx_hal_eth.c ****     WRITE_REG(dmatxdesc->DESC2, 0x0);
 399              		.loc 1 2945 5 view .LVU114
 400 0030 5C60     		str	r4, [r3, #4]
2946:Drivers/STM32F7xx_HAL_Driver/Src/stm32f7xx_hal_eth.c ****     WRITE_REG(dmatxdesc->DESC3, 0x0);
 401              		.loc 1 2946 5 view .LVU115
 402 0032 9C60     		str	r4, [r3, #8]
2947:Drivers/STM32F7xx_HAL_Driver/Src/stm32f7xx_hal_eth.c **** 
 403              		.loc 1 2947 5 view .LVU116
 404 0034 DC60     		str	r4, [r3, #12]
2949:Drivers/STM32F7xx_HAL_Driver/Src/stm32f7xx_hal_eth.c **** 
 405              		.loc 1 2949 5 view .LVU117
 406 0036 941D     		adds	r4, r2, #6
 407 0038 40F82430 		str	r3, [r0, r4, lsl #2]
2952:Drivers/STM32F7xx_HAL_Driver/Src/stm32f7xx_hal_eth.c **** 
 408              		.loc 1 2952 5 view .LVU118
 409 003c 51F80C40 		ldr	r4, [r1, ip]
 410 0040 44F48014 		orr	r4, r4, #1048576
 411 0044 41F80C40 		str	r4, [r1, ip]
2954:Drivers/STM32F7xx_HAL_Driver/Src/stm32f7xx_hal_eth.c ****     {
 412              		.loc 1 2954 5 view .LVU119
2954:Drivers/STM32F7xx_HAL_Driver/Src/stm32f7xx_hal_eth.c ****     {
 413              		.loc 1 2954 8 is_stmt 0 view .LVU120
 414 0048 022A     		cmp	r2, #2
 415 004a DCD8     		bhi	.L25
ARM GAS  /tmp/ccQ4qZLu.s 			page 77


2956:Drivers/STM32F7xx_HAL_Driver/Src/stm32f7xx_hal_eth.c ****     }
 416              		.loc 1 2956 7 is_stmt 1 view .LVU121
 417 004c 541C     		adds	r4, r2, #1
 418 004e 04EB8404 		add	r4, r4, r4, lsl #2
 419 0052 C568     		ldr	r5, [r0, #12]
 420 0054 05EBC404 		add	r4, r5, r4, lsl #3
 421 0058 DC60     		str	r4, [r3, #12]
 422 005a D6E7     		b	.L26
 423              	.LVL33:
 424              	.L29:
2965:Drivers/STM32F7xx_HAL_Driver/Src/stm32f7xx_hal_eth.c ****   }
2966:Drivers/STM32F7xx_HAL_Driver/Src/stm32f7xx_hal_eth.c **** 
2967:Drivers/STM32F7xx_HAL_Driver/Src/stm32f7xx_hal_eth.c ****   heth->TxDescList.CurTxDesc = 0;
 425              		.loc 1 2967 3 view .LVU122
 426              		.loc 1 2967 30 is_stmt 0 view .LVU123
 427 005c 0023     		movs	r3, #0
 428 005e 8362     		str	r3, [r0, #40]
2968:Drivers/STM32F7xx_HAL_Driver/Src/stm32f7xx_hal_eth.c **** 
2969:Drivers/STM32F7xx_HAL_Driver/Src/stm32f7xx_hal_eth.c ****   /* Set Transmit Descriptor List Address */
2970:Drivers/STM32F7xx_HAL_Driver/Src/stm32f7xx_hal_eth.c ****   WRITE_REG(heth->Instance->DMATDLAR, (uint32_t) heth->Init.TxDesc);
 429              		.loc 1 2970 3 is_stmt 1 view .LVU124
 430 0060 C268     		ldr	r2, [r0, #12]
 431              	.LVL34:
 432              		.loc 1 2970 3 is_stmt 0 view .LVU125
 433 0062 0368     		ldr	r3, [r0]
 434 0064 03F58053 		add	r3, r3, #4096
 435 0068 1A61     		str	r2, [r3, #16]
2971:Drivers/STM32F7xx_HAL_Driver/Src/stm32f7xx_hal_eth.c **** }
 436              		.loc 1 2971 1 view .LVU126
 437 006a 30BC     		pop	{r4, r5}
 438              	.LCFI4:
 439              		.cfi_restore 5
 440              		.cfi_restore 4
 441              		.cfi_def_cfa_offset 0
 442 006c 7047     		bx	lr
 443              		.cfi_endproc
 444              	.LFE195:
 446              		.section	.text.ETH_DMARxDescListInit,"ax",%progbits
 447              		.align	1
 448              		.syntax unified
 449              		.thumb
 450              		.thumb_func
 452              	ETH_DMARxDescListInit:
 453              	.LVL35:
 454              	.LFB196:
2972:Drivers/STM32F7xx_HAL_Driver/Src/stm32f7xx_hal_eth.c **** 
2973:Drivers/STM32F7xx_HAL_Driver/Src/stm32f7xx_hal_eth.c **** /**
2974:Drivers/STM32F7xx_HAL_Driver/Src/stm32f7xx_hal_eth.c ****   * @brief  Initializes the DMA Rx descriptors in chain mode.
2975:Drivers/STM32F7xx_HAL_Driver/Src/stm32f7xx_hal_eth.c ****   *         called by HAL_ETH_Init() API.
2976:Drivers/STM32F7xx_HAL_Driver/Src/stm32f7xx_hal_eth.c ****   * @param  heth: pointer to a ETH_HandleTypeDef structure that contains
2977:Drivers/STM32F7xx_HAL_Driver/Src/stm32f7xx_hal_eth.c ****   *         the configuration information for ETHERNET module
2978:Drivers/STM32F7xx_HAL_Driver/Src/stm32f7xx_hal_eth.c ****   * @retval None
2979:Drivers/STM32F7xx_HAL_Driver/Src/stm32f7xx_hal_eth.c ****   */
2980:Drivers/STM32F7xx_HAL_Driver/Src/stm32f7xx_hal_eth.c **** static void ETH_DMARxDescListInit(ETH_HandleTypeDef *heth)
2981:Drivers/STM32F7xx_HAL_Driver/Src/stm32f7xx_hal_eth.c **** {
 455              		.loc 1 2981 1 is_stmt 1 view -0
 456              		.cfi_startproc
ARM GAS  /tmp/ccQ4qZLu.s 			page 78


 457              		@ args = 0, pretend = 0, frame = 0
 458              		@ frame_needed = 0, uses_anonymous_args = 0
 459              		.loc 1 2981 1 is_stmt 0 view .LVU128
 460 0000 00B5     		push	{lr}
 461              	.LCFI5:
 462              		.cfi_def_cfa_offset 4
 463              		.cfi_offset 14, -4
2982:Drivers/STM32F7xx_HAL_Driver/Src/stm32f7xx_hal_eth.c ****   ETH_DMADescTypeDef *dmarxdesc;
 464              		.loc 1 2982 3 is_stmt 1 view .LVU129
2983:Drivers/STM32F7xx_HAL_Driver/Src/stm32f7xx_hal_eth.c ****   uint32_t i;
 465              		.loc 1 2983 3 view .LVU130
2984:Drivers/STM32F7xx_HAL_Driver/Src/stm32f7xx_hal_eth.c **** 
2985:Drivers/STM32F7xx_HAL_Driver/Src/stm32f7xx_hal_eth.c ****   for (i = 0; i < (uint32_t)ETH_RX_DESC_CNT; i++)
 466              		.loc 1 2985 3 view .LVU131
 467              	.LVL36:
 468              		.loc 1 2985 10 is_stmt 0 view .LVU132
 469 0002 4FF0000E 		mov	lr, #0
 470              		.loc 1 2985 3 view .LVU133
 471 0006 03E0     		b	.L31
 472              	.LVL37:
 473              	.L32:
2986:Drivers/STM32F7xx_HAL_Driver/Src/stm32f7xx_hal_eth.c ****   {
2987:Drivers/STM32F7xx_HAL_Driver/Src/stm32f7xx_hal_eth.c ****     dmarxdesc =  heth->Init.RxDesc + i;
2988:Drivers/STM32F7xx_HAL_Driver/Src/stm32f7xx_hal_eth.c **** 
2989:Drivers/STM32F7xx_HAL_Driver/Src/stm32f7xx_hal_eth.c ****     WRITE_REG(dmarxdesc->DESC0, 0x0);
2990:Drivers/STM32F7xx_HAL_Driver/Src/stm32f7xx_hal_eth.c ****     WRITE_REG(dmarxdesc->DESC1, 0x0);
2991:Drivers/STM32F7xx_HAL_Driver/Src/stm32f7xx_hal_eth.c ****     WRITE_REG(dmarxdesc->DESC2, 0x0);
2992:Drivers/STM32F7xx_HAL_Driver/Src/stm32f7xx_hal_eth.c ****     WRITE_REG(dmarxdesc->DESC3, 0x0);
2993:Drivers/STM32F7xx_HAL_Driver/Src/stm32f7xx_hal_eth.c ****     WRITE_REG(dmarxdesc->BackupAddr0, 0x0);
2994:Drivers/STM32F7xx_HAL_Driver/Src/stm32f7xx_hal_eth.c ****     WRITE_REG(dmarxdesc->BackupAddr1, 0x0);
2995:Drivers/STM32F7xx_HAL_Driver/Src/stm32f7xx_hal_eth.c **** 
2996:Drivers/STM32F7xx_HAL_Driver/Src/stm32f7xx_hal_eth.c ****     /* Set Own bit of the Rx descriptor Status */
2997:Drivers/STM32F7xx_HAL_Driver/Src/stm32f7xx_hal_eth.c ****     dmarxdesc->DESC0 = ETH_DMARXDESC_OWN;
2998:Drivers/STM32F7xx_HAL_Driver/Src/stm32f7xx_hal_eth.c **** 
2999:Drivers/STM32F7xx_HAL_Driver/Src/stm32f7xx_hal_eth.c ****     /* Set Buffer1 size and Second Address Chained bit */
3000:Drivers/STM32F7xx_HAL_Driver/Src/stm32f7xx_hal_eth.c ****     dmarxdesc->DESC1 = ETH_DMARXDESC_RCH | ETH_RX_BUF_SIZE;
3001:Drivers/STM32F7xx_HAL_Driver/Src/stm32f7xx_hal_eth.c **** 
3002:Drivers/STM32F7xx_HAL_Driver/Src/stm32f7xx_hal_eth.c ****     /* Enable Ethernet DMA Rx Descriptor interrupt */
3003:Drivers/STM32F7xx_HAL_Driver/Src/stm32f7xx_hal_eth.c ****     dmarxdesc->DESC1 &= ~ETH_DMARXDESC_DIC;
3004:Drivers/STM32F7xx_HAL_Driver/Src/stm32f7xx_hal_eth.c **** 
3005:Drivers/STM32F7xx_HAL_Driver/Src/stm32f7xx_hal_eth.c ****     /* Set Rx descritors addresses */
3006:Drivers/STM32F7xx_HAL_Driver/Src/stm32f7xx_hal_eth.c ****     WRITE_REG(heth->RxDescList.RxDesc[i], (uint32_t)dmarxdesc);
3007:Drivers/STM32F7xx_HAL_Driver/Src/stm32f7xx_hal_eth.c **** 
3008:Drivers/STM32F7xx_HAL_Driver/Src/stm32f7xx_hal_eth.c ****     if (i < ((uint32_t)ETH_RX_DESC_CNT - 1U))
3009:Drivers/STM32F7xx_HAL_Driver/Src/stm32f7xx_hal_eth.c ****     {
3010:Drivers/STM32F7xx_HAL_Driver/Src/stm32f7xx_hal_eth.c ****       WRITE_REG(dmarxdesc->DESC3, (uint32_t)(heth->Init.RxDesc + i + 1U));
3011:Drivers/STM32F7xx_HAL_Driver/Src/stm32f7xx_hal_eth.c ****     }
3012:Drivers/STM32F7xx_HAL_Driver/Src/stm32f7xx_hal_eth.c ****     else
3013:Drivers/STM32F7xx_HAL_Driver/Src/stm32f7xx_hal_eth.c ****     {
3014:Drivers/STM32F7xx_HAL_Driver/Src/stm32f7xx_hal_eth.c ****       WRITE_REG(dmarxdesc->DESC3, (uint32_t)(heth->Init.RxDesc));
 474              		.loc 1 3014 7 is_stmt 1 view .LVU134
 475 0008 0269     		ldr	r2, [r0, #16]
 476 000a DA60     		str	r2, [r3, #12]
 477              	.L33:
2985:Drivers/STM32F7xx_HAL_Driver/Src/stm32f7xx_hal_eth.c ****   {
 478              		.loc 1 2985 47 discriminator 2 view .LVU135
 479 000c 0EF1010E 		add	lr, lr, #1
ARM GAS  /tmp/ccQ4qZLu.s 			page 79


 480              	.LVL38:
 481              	.L31:
2985:Drivers/STM32F7xx_HAL_Driver/Src/stm32f7xx_hal_eth.c ****   {
 482              		.loc 1 2985 17 discriminator 1 view .LVU136
 483 0010 BEF1030F 		cmp	lr, #3
 484 0014 29D8     		bhi	.L36
2987:Drivers/STM32F7xx_HAL_Driver/Src/stm32f7xx_hal_eth.c **** 
 485              		.loc 1 2987 5 view .LVU137
2987:Drivers/STM32F7xx_HAL_Driver/Src/stm32f7xx_hal_eth.c **** 
 486              		.loc 1 2987 28 is_stmt 0 view .LVU138
 487 0016 0169     		ldr	r1, [r0, #16]
2987:Drivers/STM32F7xx_HAL_Driver/Src/stm32f7xx_hal_eth.c **** 
 488              		.loc 1 2987 36 view .LVU139
 489 0018 0EEB8E03 		add	r3, lr, lr, lsl #2
 490 001c 4FEAC30C 		lsl	ip, r3, #3
2987:Drivers/STM32F7xx_HAL_Driver/Src/stm32f7xx_hal_eth.c **** 
 491              		.loc 1 2987 15 view .LVU140
 492 0020 01EBC303 		add	r3, r1, r3, lsl #3
 493              	.LVL39:
2989:Drivers/STM32F7xx_HAL_Driver/Src/stm32f7xx_hal_eth.c ****     WRITE_REG(dmarxdesc->DESC1, 0x0);
 494              		.loc 1 2989 5 is_stmt 1 view .LVU141
 495 0024 0022     		movs	r2, #0
 496 0026 41F80C20 		str	r2, [r1, ip]
2990:Drivers/STM32F7xx_HAL_Driver/Src/stm32f7xx_hal_eth.c ****     WRITE_REG(dmarxdesc->DESC2, 0x0);
 497              		.loc 1 2990 5 view .LVU142
 498 002a 5A60     		str	r2, [r3, #4]
2991:Drivers/STM32F7xx_HAL_Driver/Src/stm32f7xx_hal_eth.c ****     WRITE_REG(dmarxdesc->DESC3, 0x0);
 499              		.loc 1 2991 5 view .LVU143
 500 002c 9A60     		str	r2, [r3, #8]
2992:Drivers/STM32F7xx_HAL_Driver/Src/stm32f7xx_hal_eth.c ****     WRITE_REG(dmarxdesc->BackupAddr0, 0x0);
 501              		.loc 1 2992 5 view .LVU144
 502 002e DA60     		str	r2, [r3, #12]
2993:Drivers/STM32F7xx_HAL_Driver/Src/stm32f7xx_hal_eth.c ****     WRITE_REG(dmarxdesc->BackupAddr1, 0x0);
 503              		.loc 1 2993 5 view .LVU145
 504 0030 1A62     		str	r2, [r3, #32]
2994:Drivers/STM32F7xx_HAL_Driver/Src/stm32f7xx_hal_eth.c **** 
 505              		.loc 1 2994 5 view .LVU146
 506 0032 5A62     		str	r2, [r3, #36]
2997:Drivers/STM32F7xx_HAL_Driver/Src/stm32f7xx_hal_eth.c **** 
 507              		.loc 1 2997 5 view .LVU147
2997:Drivers/STM32F7xx_HAL_Driver/Src/stm32f7xx_hal_eth.c **** 
 508              		.loc 1 2997 22 is_stmt 0 view .LVU148
 509 0034 4FF00042 		mov	r2, #-2147483648
 510 0038 41F80C20 		str	r2, [r1, ip]
3000:Drivers/STM32F7xx_HAL_Driver/Src/stm32f7xx_hal_eth.c **** 
 511              		.loc 1 3000 5 is_stmt 1 view .LVU149
3000:Drivers/STM32F7xx_HAL_Driver/Src/stm32f7xx_hal_eth.c **** 
 512              		.loc 1 3000 22 is_stmt 0 view .LVU150
 513 003c 4FF48C42 		mov	r2, #17920
 514 0040 5A60     		str	r2, [r3, #4]
3003:Drivers/STM32F7xx_HAL_Driver/Src/stm32f7xx_hal_eth.c **** 
 515              		.loc 1 3003 5 is_stmt 1 view .LVU151
3003:Drivers/STM32F7xx_HAL_Driver/Src/stm32f7xx_hal_eth.c **** 
 516              		.loc 1 3003 14 is_stmt 0 view .LVU152
 517 0042 5A68     		ldr	r2, [r3, #4]
3003:Drivers/STM32F7xx_HAL_Driver/Src/stm32f7xx_hal_eth.c **** 
 518              		.loc 1 3003 22 view .LVU153
ARM GAS  /tmp/ccQ4qZLu.s 			page 80


 519 0044 22F00042 		bic	r2, r2, #-2147483648
 520 0048 5A60     		str	r2, [r3, #4]
3006:Drivers/STM32F7xx_HAL_Driver/Src/stm32f7xx_hal_eth.c **** 
 521              		.loc 1 3006 5 is_stmt 1 view .LVU154
 522 004a 0EF11202 		add	r2, lr, #18
 523 004e 40F82230 		str	r3, [r0, r2, lsl #2]
3008:Drivers/STM32F7xx_HAL_Driver/Src/stm32f7xx_hal_eth.c ****     {
 524              		.loc 1 3008 5 view .LVU155
3008:Drivers/STM32F7xx_HAL_Driver/Src/stm32f7xx_hal_eth.c ****     {
 525              		.loc 1 3008 8 is_stmt 0 view .LVU156
 526 0052 BEF1020F 		cmp	lr, #2
 527 0056 D7D8     		bhi	.L32
3010:Drivers/STM32F7xx_HAL_Driver/Src/stm32f7xx_hal_eth.c ****     }
 528              		.loc 1 3010 7 is_stmt 1 view .LVU157
 529 0058 0169     		ldr	r1, [r0, #16]
 530 005a 0EF10102 		add	r2, lr, #1
 531 005e 02EB8202 		add	r2, r2, r2, lsl #2
 532 0062 01EBC201 		add	r1, r1, r2, lsl #3
 533 0066 D960     		str	r1, [r3, #12]
 534 0068 D0E7     		b	.L33
 535              	.LVL40:
 536              	.L36:
3015:Drivers/STM32F7xx_HAL_Driver/Src/stm32f7xx_hal_eth.c ****     }
3016:Drivers/STM32F7xx_HAL_Driver/Src/stm32f7xx_hal_eth.c ****   }
3017:Drivers/STM32F7xx_HAL_Driver/Src/stm32f7xx_hal_eth.c **** 
3018:Drivers/STM32F7xx_HAL_Driver/Src/stm32f7xx_hal_eth.c ****   WRITE_REG(heth->RxDescList.RxDescIdx, 0);
 537              		.loc 1 3018 3 view .LVU158
 538 006a 0023     		movs	r3, #0
 539 006c C365     		str	r3, [r0, #92]
3019:Drivers/STM32F7xx_HAL_Driver/Src/stm32f7xx_hal_eth.c ****   WRITE_REG(heth->RxDescList.RxDescCnt, 0);
 540              		.loc 1 3019 3 view .LVU159
 541 006e 0366     		str	r3, [r0, #96]
3020:Drivers/STM32F7xx_HAL_Driver/Src/stm32f7xx_hal_eth.c ****   WRITE_REG(heth->RxDescList.RxBuildDescIdx, 0);
 542              		.loc 1 3020 3 view .LVU160
 543 0070 8366     		str	r3, [r0, #104]
3021:Drivers/STM32F7xx_HAL_Driver/Src/stm32f7xx_hal_eth.c ****   WRITE_REG(heth->RxDescList.RxBuildDescCnt, 0);
 544              		.loc 1 3021 3 view .LVU161
 545 0072 C366     		str	r3, [r0, #108]
3022:Drivers/STM32F7xx_HAL_Driver/Src/stm32f7xx_hal_eth.c ****   WRITE_REG(heth->RxDescList.ItMode, 0);
 546              		.loc 1 3022 3 view .LVU162
 547 0074 8365     		str	r3, [r0, #88]
3023:Drivers/STM32F7xx_HAL_Driver/Src/stm32f7xx_hal_eth.c **** 
3024:Drivers/STM32F7xx_HAL_Driver/Src/stm32f7xx_hal_eth.c ****   /* Set Receive Descriptor List Address */
3025:Drivers/STM32F7xx_HAL_Driver/Src/stm32f7xx_hal_eth.c ****   WRITE_REG(heth->Instance->DMARDLAR, (uint32_t) heth->Init.RxDesc);
 548              		.loc 1 3025 3 view .LVU163
 549 0076 0269     		ldr	r2, [r0, #16]
 550 0078 0368     		ldr	r3, [r0]
 551 007a 03F58053 		add	r3, r3, #4096
 552 007e DA60     		str	r2, [r3, #12]
3026:Drivers/STM32F7xx_HAL_Driver/Src/stm32f7xx_hal_eth.c **** }
 553              		.loc 1 3026 1 is_stmt 0 view .LVU164
 554 0080 5DF804FB 		ldr	pc, [sp], #4
 555              		.cfi_endproc
 556              	.LFE196:
 558              		.section	.text.ETH_Prepare_Tx_Descriptors,"ax",%progbits
 559              		.align	1
 560              		.syntax unified
ARM GAS  /tmp/ccQ4qZLu.s 			page 81


 561              		.thumb
 562              		.thumb_func
 564              	ETH_Prepare_Tx_Descriptors:
 565              	.LVL41:
 566              	.LFB197:
3027:Drivers/STM32F7xx_HAL_Driver/Src/stm32f7xx_hal_eth.c **** 
3028:Drivers/STM32F7xx_HAL_Driver/Src/stm32f7xx_hal_eth.c **** /**
3029:Drivers/STM32F7xx_HAL_Driver/Src/stm32f7xx_hal_eth.c ****   * @brief  Prepare Tx DMA descriptor before transmission.
3030:Drivers/STM32F7xx_HAL_Driver/Src/stm32f7xx_hal_eth.c ****   *         called by HAL_ETH_Transmit_IT and HAL_ETH_Transmit_IT() API.
3031:Drivers/STM32F7xx_HAL_Driver/Src/stm32f7xx_hal_eth.c ****   * @param  heth: pointer to a ETH_HandleTypeDef structure that contains
3032:Drivers/STM32F7xx_HAL_Driver/Src/stm32f7xx_hal_eth.c ****   *         the configuration information for ETHERNET module
3033:Drivers/STM32F7xx_HAL_Driver/Src/stm32f7xx_hal_eth.c ****   * @param  pTxConfig: Tx packet configuration
3034:Drivers/STM32F7xx_HAL_Driver/Src/stm32f7xx_hal_eth.c ****   * @param  ItMode: Enable or disable Tx EOT interrept
3035:Drivers/STM32F7xx_HAL_Driver/Src/stm32f7xx_hal_eth.c ****   * @retval Status
3036:Drivers/STM32F7xx_HAL_Driver/Src/stm32f7xx_hal_eth.c ****   */
3037:Drivers/STM32F7xx_HAL_Driver/Src/stm32f7xx_hal_eth.c **** static uint32_t ETH_Prepare_Tx_Descriptors(ETH_HandleTypeDef *heth, ETH_TxPacketConfig *pTxConfig, 
3038:Drivers/STM32F7xx_HAL_Driver/Src/stm32f7xx_hal_eth.c **** {
 567              		.loc 1 3038 1 is_stmt 1 view -0
 568              		.cfi_startproc
 569              		@ args = 0, pretend = 0, frame = 0
 570              		@ frame_needed = 0, uses_anonymous_args = 0
 571              		.loc 1 3038 1 is_stmt 0 view .LVU166
 572 0000 F0B5     		push	{r4, r5, r6, r7, lr}
 573              	.LCFI6:
 574              		.cfi_def_cfa_offset 20
 575              		.cfi_offset 4, -20
 576              		.cfi_offset 5, -16
 577              		.cfi_offset 6, -12
 578              		.cfi_offset 7, -8
 579              		.cfi_offset 14, -4
3039:Drivers/STM32F7xx_HAL_Driver/Src/stm32f7xx_hal_eth.c ****   ETH_TxDescListTypeDef *dmatxdesclist = &heth->TxDescList;
 580              		.loc 1 3039 3 is_stmt 1 view .LVU167
 581              	.LVL42:
3040:Drivers/STM32F7xx_HAL_Driver/Src/stm32f7xx_hal_eth.c ****   uint32_t descidx = dmatxdesclist->CurTxDesc;
 582              		.loc 1 3040 3 view .LVU168
 583              		.loc 1 3040 12 is_stmt 0 view .LVU169
 584 0002 856A     		ldr	r5, [r0, #40]
 585              	.LVL43:
3041:Drivers/STM32F7xx_HAL_Driver/Src/stm32f7xx_hal_eth.c ****   uint32_t firstdescidx = dmatxdesclist->CurTxDesc;
 586              		.loc 1 3041 3 is_stmt 1 view .LVU170
3042:Drivers/STM32F7xx_HAL_Driver/Src/stm32f7xx_hal_eth.c ****   uint32_t idx;
 587              		.loc 1 3042 3 view .LVU171
3043:Drivers/STM32F7xx_HAL_Driver/Src/stm32f7xx_hal_eth.c ****   uint32_t descnbr = 0;
 588              		.loc 1 3043 3 view .LVU172
3044:Drivers/STM32F7xx_HAL_Driver/Src/stm32f7xx_hal_eth.c ****   ETH_DMADescTypeDef *dmatxdesc = (ETH_DMADescTypeDef *)dmatxdesclist->TxDesc[descidx];
 589              		.loc 1 3044 3 view .LVU173
 590              		.loc 1 3044 78 is_stmt 0 view .LVU174
 591 0004 00EB8503 		add	r3, r0, r5, lsl #2
 592 0008 9B69     		ldr	r3, [r3, #24]
 593              	.LVL44:
3045:Drivers/STM32F7xx_HAL_Driver/Src/stm32f7xx_hal_eth.c **** 
3046:Drivers/STM32F7xx_HAL_Driver/Src/stm32f7xx_hal_eth.c ****   ETH_BufferTypeDef  *txbuffer = pTxConfig->TxBuffer;
 594              		.loc 1 3046 3 is_stmt 1 view .LVU175
 595              		.loc 1 3046 23 is_stmt 0 view .LVU176
 596 000a 8C68     		ldr	r4, [r1, #8]
 597              	.LVL45:
3047:Drivers/STM32F7xx_HAL_Driver/Src/stm32f7xx_hal_eth.c ****   uint32_t           bd_count = 0;
ARM GAS  /tmp/ccQ4qZLu.s 			page 82


 598              		.loc 1 3047 3 is_stmt 1 view .LVU177
3048:Drivers/STM32F7xx_HAL_Driver/Src/stm32f7xx_hal_eth.c **** 
3049:Drivers/STM32F7xx_HAL_Driver/Src/stm32f7xx_hal_eth.c ****   /* Current Tx Descriptor Owned by DMA: cannot be used by the application  */
3050:Drivers/STM32F7xx_HAL_Driver/Src/stm32f7xx_hal_eth.c ****   if ((READ_BIT(dmatxdesc->DESC0, ETH_DMATXDESC_OWN) == ETH_DMATXDESC_OWN)
 599              		.loc 1 3050 3 view .LVU178
 600              		.loc 1 3050 8 is_stmt 0 view .LVU179
 601 000c 1E68     		ldr	r6, [r3]
 602              		.loc 1 3050 6 view .LVU180
 603 000e 002E     		cmp	r6, #0
 604 0010 C0F2AB80 		blt	.L54
3051:Drivers/STM32F7xx_HAL_Driver/Src/stm32f7xx_hal_eth.c ****       || (dmatxdesclist->PacketAddress[descidx] != NULL))
 605              		.loc 1 3051 39 view .LVU181
 606 0014 2E1D     		adds	r6, r5, #4
 607 0016 00EB8606 		add	r6, r0, r6, lsl #2
 608 001a F669     		ldr	r6, [r6, #28]
 609              		.loc 1 3051 7 view .LVU182
 610 001c 002E     		cmp	r6, #0
 611 001e 40F0A680 		bne	.L55
3052:Drivers/STM32F7xx_HAL_Driver/Src/stm32f7xx_hal_eth.c ****   {
3053:Drivers/STM32F7xx_HAL_Driver/Src/stm32f7xx_hal_eth.c ****     return HAL_ETH_ERROR_BUSY;
3054:Drivers/STM32F7xx_HAL_Driver/Src/stm32f7xx_hal_eth.c ****   }
3055:Drivers/STM32F7xx_HAL_Driver/Src/stm32f7xx_hal_eth.c **** 
3056:Drivers/STM32F7xx_HAL_Driver/Src/stm32f7xx_hal_eth.c **** 
3057:Drivers/STM32F7xx_HAL_Driver/Src/stm32f7xx_hal_eth.c ****   descnbr += 1U;
 612              		.loc 1 3057 3 is_stmt 1 view .LVU183
 613              	.LVL46:
3058:Drivers/STM32F7xx_HAL_Driver/Src/stm32f7xx_hal_eth.c **** 
3059:Drivers/STM32F7xx_HAL_Driver/Src/stm32f7xx_hal_eth.c ****   /* Set header or buffer 1 address */
3060:Drivers/STM32F7xx_HAL_Driver/Src/stm32f7xx_hal_eth.c ****   WRITE_REG(dmatxdesc->DESC2, (uint32_t)txbuffer->buffer);
 614              		.loc 1 3060 3 view .LVU184
 615 0022 2668     		ldr	r6, [r4]
 616 0024 9E60     		str	r6, [r3, #8]
3061:Drivers/STM32F7xx_HAL_Driver/Src/stm32f7xx_hal_eth.c **** 
3062:Drivers/STM32F7xx_HAL_Driver/Src/stm32f7xx_hal_eth.c ****   /* Set header or buffer 1 Length */
3063:Drivers/STM32F7xx_HAL_Driver/Src/stm32f7xx_hal_eth.c ****   MODIFY_REG(dmatxdesc->DESC1, ETH_DMATXDESC_TBS1, txbuffer->len);
 617              		.loc 1 3063 3 view .LVU185
 618 0026 5F68     		ldr	r7, [r3, #4]
 619 0028 524E     		ldr	r6, .L59
 620 002a 3E40     		ands	r6, r6, r7
 621 002c 6768     		ldr	r7, [r4, #4]
 622 002e 3E43     		orrs	r6, r6, r7
 623 0030 5E60     		str	r6, [r3, #4]
3064:Drivers/STM32F7xx_HAL_Driver/Src/stm32f7xx_hal_eth.c **** 
3065:Drivers/STM32F7xx_HAL_Driver/Src/stm32f7xx_hal_eth.c ****   if (READ_BIT(pTxConfig->Attributes, ETH_TX_PACKETS_FEATURES_CSUM) != 0U)
 624              		.loc 1 3065 3 view .LVU186
 625              		.loc 1 3065 7 is_stmt 0 view .LVU187
 626 0032 0E68     		ldr	r6, [r1]
 627              		.loc 1 3065 6 view .LVU188
 628 0034 16F0010F 		tst	r6, #1
 629 0038 05D0     		beq	.L39
3066:Drivers/STM32F7xx_HAL_Driver/Src/stm32f7xx_hal_eth.c ****   {
3067:Drivers/STM32F7xx_HAL_Driver/Src/stm32f7xx_hal_eth.c ****     MODIFY_REG(dmatxdesc->DESC0, ETH_DMATXDESC_CIC, pTxConfig->ChecksumCtrl);
 630              		.loc 1 3067 5 is_stmt 1 view .LVU189
 631 003a 1E68     		ldr	r6, [r3]
 632 003c 26F44006 		bic	r6, r6, #12582912
 633 0040 4F69     		ldr	r7, [r1, #20]
 634 0042 3E43     		orrs	r6, r6, r7
ARM GAS  /tmp/ccQ4qZLu.s 			page 83


 635 0044 1E60     		str	r6, [r3]
 636              	.L39:
3068:Drivers/STM32F7xx_HAL_Driver/Src/stm32f7xx_hal_eth.c ****   }
3069:Drivers/STM32F7xx_HAL_Driver/Src/stm32f7xx_hal_eth.c **** 
3070:Drivers/STM32F7xx_HAL_Driver/Src/stm32f7xx_hal_eth.c ****   if (READ_BIT(pTxConfig->Attributes, ETH_TX_PACKETS_FEATURES_CRCPAD) != 0U)
 637              		.loc 1 3070 3 view .LVU190
 638              		.loc 1 3070 7 is_stmt 0 view .LVU191
 639 0046 0E68     		ldr	r6, [r1]
 640              		.loc 1 3070 6 view .LVU192
 641 0048 16F0200F 		tst	r6, #32
 642 004c 05D0     		beq	.L40
3071:Drivers/STM32F7xx_HAL_Driver/Src/stm32f7xx_hal_eth.c ****   {
3072:Drivers/STM32F7xx_HAL_Driver/Src/stm32f7xx_hal_eth.c ****     MODIFY_REG(dmatxdesc->DESC0, ETH_CRC_PAD_DISABLE, pTxConfig->CRCPadCtrl);
 643              		.loc 1 3072 5 is_stmt 1 view .LVU193
 644 004e 1E68     		ldr	r6, [r3]
 645 0050 26F04066 		bic	r6, r6, #201326592
 646 0054 0F69     		ldr	r7, [r1, #16]
 647 0056 3E43     		orrs	r6, r6, r7
 648 0058 1E60     		str	r6, [r3]
 649              	.L40:
3073:Drivers/STM32F7xx_HAL_Driver/Src/stm32f7xx_hal_eth.c ****   }
3074:Drivers/STM32F7xx_HAL_Driver/Src/stm32f7xx_hal_eth.c **** 
3075:Drivers/STM32F7xx_HAL_Driver/Src/stm32f7xx_hal_eth.c **** 
3076:Drivers/STM32F7xx_HAL_Driver/Src/stm32f7xx_hal_eth.c ****   if (READ_BIT(pTxConfig->Attributes, ETH_TX_PACKETS_FEATURES_VLANTAG) != 0U)
 650              		.loc 1 3076 3 view .LVU194
 651              		.loc 1 3076 7 is_stmt 0 view .LVU195
 652 005a 0968     		ldr	r1, [r1]
 653              	.LVL47:
 654              		.loc 1 3076 6 view .LVU196
 655 005c 11F0040F 		tst	r1, #4
 656 0060 03D0     		beq	.L41
3077:Drivers/STM32F7xx_HAL_Driver/Src/stm32f7xx_hal_eth.c ****   {
3078:Drivers/STM32F7xx_HAL_Driver/Src/stm32f7xx_hal_eth.c ****     /* Set Vlan Type */
3079:Drivers/STM32F7xx_HAL_Driver/Src/stm32f7xx_hal_eth.c ****     SET_BIT(dmatxdesc->DESC0, ETH_DMATXDESC_VF);
 657              		.loc 1 3079 5 is_stmt 1 view .LVU197
 658 0062 1968     		ldr	r1, [r3]
 659 0064 41F08001 		orr	r1, r1, #128
 660 0068 1960     		str	r1, [r3]
 661              	.L41:
3080:Drivers/STM32F7xx_HAL_Driver/Src/stm32f7xx_hal_eth.c ****   }
3081:Drivers/STM32F7xx_HAL_Driver/Src/stm32f7xx_hal_eth.c **** 
3082:Drivers/STM32F7xx_HAL_Driver/Src/stm32f7xx_hal_eth.c ****   /* Mark it as First Descriptor */
3083:Drivers/STM32F7xx_HAL_Driver/Src/stm32f7xx_hal_eth.c ****   SET_BIT(dmatxdesc->DESC0, ETH_DMATXDESC_FS);
 662              		.loc 1 3083 3 view .LVU198
 663 006a 1968     		ldr	r1, [r3]
 664 006c 41F08051 		orr	r1, r1, #268435456
 665 0070 1960     		str	r1, [r3]
3084:Drivers/STM32F7xx_HAL_Driver/Src/stm32f7xx_hal_eth.c **** 
3085:Drivers/STM32F7xx_HAL_Driver/Src/stm32f7xx_hal_eth.c ****   /* Ensure rest of descriptor is written to RAM before the OWN bit */
3086:Drivers/STM32F7xx_HAL_Driver/Src/stm32f7xx_hal_eth.c ****   __DMB();
 666              		.loc 1 3086 3 view .LVU199
 667              	.LBB20:
 668              	.LBI20:
 888:Drivers/CMSIS/Include/cmsis_gcc.h **** {
 669              		.loc 2 888 27 view .LVU200
 670              	.LBB21:
 671              		.loc 2 890 3 view .LVU201
ARM GAS  /tmp/ccQ4qZLu.s 			page 84


 672              		.syntax unified
 673              	@ 890 "Drivers/CMSIS/Include/cmsis_gcc.h" 1
 674 0072 BFF35F8F 		dmb 0xF
 675              	@ 0 "" 2
 676              		.thumb
 677              		.syntax unified
 678              	.LBE21:
 679              	.LBE20:
3087:Drivers/STM32F7xx_HAL_Driver/Src/stm32f7xx_hal_eth.c ****   /* set OWN bit of FIRST descriptor */
3088:Drivers/STM32F7xx_HAL_Driver/Src/stm32f7xx_hal_eth.c ****   SET_BIT(dmatxdesc->DESC0, ETH_DMATXDESC_OWN);
 680              		.loc 1 3088 3 view .LVU202
 681 0076 1968     		ldr	r1, [r3]
 682 0078 41F00041 		orr	r1, r1, #-2147483648
 683 007c 1960     		str	r1, [r3]
3089:Drivers/STM32F7xx_HAL_Driver/Src/stm32f7xx_hal_eth.c **** 
3090:Drivers/STM32F7xx_HAL_Driver/Src/stm32f7xx_hal_eth.c ****   /* only if the packet is split into more than one descriptors > 1 */
3091:Drivers/STM32F7xx_HAL_Driver/Src/stm32f7xx_hal_eth.c ****   while (txbuffer->next != NULL)
 684              		.loc 1 3091 3 view .LVU203
3040:Drivers/STM32F7xx_HAL_Driver/Src/stm32f7xx_hal_eth.c ****   uint32_t firstdescidx = dmatxdesclist->CurTxDesc;
 685              		.loc 1 3040 12 is_stmt 0 view .LVU204
 686 007e 2F46     		mov	r7, r5
3047:Drivers/STM32F7xx_HAL_Driver/Src/stm32f7xx_hal_eth.c **** 
 687              		.loc 1 3047 22 view .LVU205
 688 0080 0026     		movs	r6, #0
3057:Drivers/STM32F7xx_HAL_Driver/Src/stm32f7xx_hal_eth.c **** 
 689              		.loc 1 3057 11 view .LVU206
 690 0082 4FF0010E 		mov	lr, #1
 691              		.loc 1 3091 9 view .LVU207
 692 0086 27E0     		b	.L42
 693              	.LVL48:
 694              	.L43:
3092:Drivers/STM32F7xx_HAL_Driver/Src/stm32f7xx_hal_eth.c ****   {
3093:Drivers/STM32F7xx_HAL_Driver/Src/stm32f7xx_hal_eth.c ****     /* Clear the LD bit of previous descriptor */
3094:Drivers/STM32F7xx_HAL_Driver/Src/stm32f7xx_hal_eth.c ****     CLEAR_BIT(dmatxdesc->DESC0, ETH_DMATXDESC_LS);
3095:Drivers/STM32F7xx_HAL_Driver/Src/stm32f7xx_hal_eth.c ****     if (ItMode != ((uint32_t)RESET))
3096:Drivers/STM32F7xx_HAL_Driver/Src/stm32f7xx_hal_eth.c ****     {
3097:Drivers/STM32F7xx_HAL_Driver/Src/stm32f7xx_hal_eth.c ****       /* Set Interrupt on completion bit */
3098:Drivers/STM32F7xx_HAL_Driver/Src/stm32f7xx_hal_eth.c ****       SET_BIT(dmatxdesc->DESC0, ETH_DMATXDESC_IC);
3099:Drivers/STM32F7xx_HAL_Driver/Src/stm32f7xx_hal_eth.c ****     }
3100:Drivers/STM32F7xx_HAL_Driver/Src/stm32f7xx_hal_eth.c ****     else
3101:Drivers/STM32F7xx_HAL_Driver/Src/stm32f7xx_hal_eth.c ****     {
3102:Drivers/STM32F7xx_HAL_Driver/Src/stm32f7xx_hal_eth.c ****       /* Clear Interrupt on completion bit */
3103:Drivers/STM32F7xx_HAL_Driver/Src/stm32f7xx_hal_eth.c ****       CLEAR_BIT(dmatxdesc->DESC0, ETH_DMATXDESC_IC);
 695              		.loc 1 3103 7 is_stmt 1 view .LVU208
 696 0088 1968     		ldr	r1, [r3]
 697 008a 21F08041 		bic	r1, r1, #1073741824
 698 008e 1960     		str	r1, [r3]
 699 0090 2EE0     		b	.L44
 700              	.LVL49:
 701              	.L45:
3104:Drivers/STM32F7xx_HAL_Driver/Src/stm32f7xx_hal_eth.c ****     }
3105:Drivers/STM32F7xx_HAL_Driver/Src/stm32f7xx_hal_eth.c ****     /* Increment current tx descriptor index */
3106:Drivers/STM32F7xx_HAL_Driver/Src/stm32f7xx_hal_eth.c ****     INCR_TX_DESC_INDEX(descidx, 1U);
 702              		.loc 1 3106 5 discriminator 3 view .LVU209
3107:Drivers/STM32F7xx_HAL_Driver/Src/stm32f7xx_hal_eth.c ****     /* Get current descriptor address */
3108:Drivers/STM32F7xx_HAL_Driver/Src/stm32f7xx_hal_eth.c ****     dmatxdesc = (ETH_DMADescTypeDef *)dmatxdesclist->TxDesc[descidx];
 703              		.loc 1 3108 5 discriminator 3 view .LVU210
ARM GAS  /tmp/ccQ4qZLu.s 			page 85


 704              		.loc 1 3108 60 is_stmt 0 discriminator 3 view .LVU211
 705 0092 00EB8C03 		add	r3, r0, ip, lsl #2
 706              	.LVL50:
 707              		.loc 1 3108 60 discriminator 3 view .LVU212
 708 0096 9B69     		ldr	r3, [r3, #24]
 709              	.LVL51:
3109:Drivers/STM32F7xx_HAL_Driver/Src/stm32f7xx_hal_eth.c **** 
3110:Drivers/STM32F7xx_HAL_Driver/Src/stm32f7xx_hal_eth.c ****     /* Clear the FD bit of new Descriptor */
3111:Drivers/STM32F7xx_HAL_Driver/Src/stm32f7xx_hal_eth.c ****     CLEAR_BIT(dmatxdesc->DESC0, ETH_DMATXDESC_FS);
 710              		.loc 1 3111 5 is_stmt 1 discriminator 3 view .LVU213
 711 0098 1968     		ldr	r1, [r3]
 712 009a 21F08051 		bic	r1, r1, #268435456
 713 009e 1960     		str	r1, [r3]
3112:Drivers/STM32F7xx_HAL_Driver/Src/stm32f7xx_hal_eth.c **** 
3113:Drivers/STM32F7xx_HAL_Driver/Src/stm32f7xx_hal_eth.c ****     /* Current Tx Descriptor Owned by DMA: cannot be used by the application  */
3114:Drivers/STM32F7xx_HAL_Driver/Src/stm32f7xx_hal_eth.c ****     if ((READ_BIT(dmatxdesc->DESC0, ETH_DMATXDESC_OWN) == ETH_DMATXDESC_OWN)
 714              		.loc 1 3114 5 discriminator 3 view .LVU214
 715              		.loc 1 3114 10 is_stmt 0 discriminator 3 view .LVU215
 716 00a0 1968     		ldr	r1, [r3]
 717              		.loc 1 3114 8 discriminator 3 view .LVU216
 718 00a2 0029     		cmp	r1, #0
 719 00a4 2CDB     		blt	.L46
3115:Drivers/STM32F7xx_HAL_Driver/Src/stm32f7xx_hal_eth.c ****         || (dmatxdesclist->PacketAddress[descidx] != NULL))
 720              		.loc 1 3115 41 view .LVU217
 721 00a6 0CF10401 		add	r1, ip, #4
 722 00aa 00EB8101 		add	r1, r0, r1, lsl #2
 723 00ae C969     		ldr	r1, [r1, #28]
 724              		.loc 1 3115 9 view .LVU218
 725 00b0 31BB     		cbnz	r1, .L46
3116:Drivers/STM32F7xx_HAL_Driver/Src/stm32f7xx_hal_eth.c ****     {
3117:Drivers/STM32F7xx_HAL_Driver/Src/stm32f7xx_hal_eth.c ****       descidx = firstdescidx;
3118:Drivers/STM32F7xx_HAL_Driver/Src/stm32f7xx_hal_eth.c ****       dmatxdesc = (ETH_DMADescTypeDef *)dmatxdesclist->TxDesc[descidx];
3119:Drivers/STM32F7xx_HAL_Driver/Src/stm32f7xx_hal_eth.c **** 
3120:Drivers/STM32F7xx_HAL_Driver/Src/stm32f7xx_hal_eth.c ****       /* clear previous desc own bit */
3121:Drivers/STM32F7xx_HAL_Driver/Src/stm32f7xx_hal_eth.c ****       for (idx = 0; idx < descnbr; idx ++)
3122:Drivers/STM32F7xx_HAL_Driver/Src/stm32f7xx_hal_eth.c ****       {
3123:Drivers/STM32F7xx_HAL_Driver/Src/stm32f7xx_hal_eth.c ****         /* Ensure rest of descriptor is written to RAM before the OWN bit */
3124:Drivers/STM32F7xx_HAL_Driver/Src/stm32f7xx_hal_eth.c ****         __DMB();
3125:Drivers/STM32F7xx_HAL_Driver/Src/stm32f7xx_hal_eth.c **** 
3126:Drivers/STM32F7xx_HAL_Driver/Src/stm32f7xx_hal_eth.c ****         CLEAR_BIT(dmatxdesc->DESC0, ETH_DMATXDESC_OWN);
3127:Drivers/STM32F7xx_HAL_Driver/Src/stm32f7xx_hal_eth.c **** 
3128:Drivers/STM32F7xx_HAL_Driver/Src/stm32f7xx_hal_eth.c ****         /* Increment current tx descriptor index */
3129:Drivers/STM32F7xx_HAL_Driver/Src/stm32f7xx_hal_eth.c ****         INCR_TX_DESC_INDEX(descidx, 1U);
3130:Drivers/STM32F7xx_HAL_Driver/Src/stm32f7xx_hal_eth.c ****         /* Get current descriptor address */
3131:Drivers/STM32F7xx_HAL_Driver/Src/stm32f7xx_hal_eth.c ****         dmatxdesc = (ETH_DMADescTypeDef *)dmatxdesclist->TxDesc[descidx];
3132:Drivers/STM32F7xx_HAL_Driver/Src/stm32f7xx_hal_eth.c ****       }
3133:Drivers/STM32F7xx_HAL_Driver/Src/stm32f7xx_hal_eth.c **** 
3134:Drivers/STM32F7xx_HAL_Driver/Src/stm32f7xx_hal_eth.c ****       return HAL_ETH_ERROR_BUSY;
3135:Drivers/STM32F7xx_HAL_Driver/Src/stm32f7xx_hal_eth.c ****     }
3136:Drivers/STM32F7xx_HAL_Driver/Src/stm32f7xx_hal_eth.c **** 
3137:Drivers/STM32F7xx_HAL_Driver/Src/stm32f7xx_hal_eth.c ****     descnbr += 1U;
 726              		.loc 1 3137 5 is_stmt 1 view .LVU219
 727              		.loc 1 3137 13 is_stmt 0 view .LVU220
 728 00b2 0EF1010E 		add	lr, lr, #1
 729              	.LVL52:
3138:Drivers/STM32F7xx_HAL_Driver/Src/stm32f7xx_hal_eth.c **** 
3139:Drivers/STM32F7xx_HAL_Driver/Src/stm32f7xx_hal_eth.c ****     /* Get the next Tx buffer in the list */
ARM GAS  /tmp/ccQ4qZLu.s 			page 86


3140:Drivers/STM32F7xx_HAL_Driver/Src/stm32f7xx_hal_eth.c ****     txbuffer = txbuffer->next;
 730              		.loc 1 3140 5 is_stmt 1 view .LVU221
 731              		.loc 1 3140 14 is_stmt 0 view .LVU222
 732 00b6 A468     		ldr	r4, [r4, #8]
 733              	.LVL53:
3141:Drivers/STM32F7xx_HAL_Driver/Src/stm32f7xx_hal_eth.c **** 
3142:Drivers/STM32F7xx_HAL_Driver/Src/stm32f7xx_hal_eth.c ****     /* Set header or buffer 1 address */
3143:Drivers/STM32F7xx_HAL_Driver/Src/stm32f7xx_hal_eth.c ****     WRITE_REG(dmatxdesc->DESC2, (uint32_t)txbuffer->buffer);
 734              		.loc 1 3143 5 is_stmt 1 view .LVU223
 735 00b8 2168     		ldr	r1, [r4]
 736 00ba 9960     		str	r1, [r3, #8]
3144:Drivers/STM32F7xx_HAL_Driver/Src/stm32f7xx_hal_eth.c **** 
3145:Drivers/STM32F7xx_HAL_Driver/Src/stm32f7xx_hal_eth.c ****     /* Set header or buffer 1 Length */
3146:Drivers/STM32F7xx_HAL_Driver/Src/stm32f7xx_hal_eth.c ****     MODIFY_REG(dmatxdesc->DESC1, ETH_DMATXDESC_TBS1, txbuffer->len);
 737              		.loc 1 3146 5 view .LVU224
 738 00bc 5F68     		ldr	r7, [r3, #4]
 739 00be 2D49     		ldr	r1, .L59
 740 00c0 3940     		ands	r1, r1, r7
 741 00c2 6768     		ldr	r7, [r4, #4]
 742 00c4 3943     		orrs	r1, r1, r7
 743 00c6 5960     		str	r1, [r3, #4]
3147:Drivers/STM32F7xx_HAL_Driver/Src/stm32f7xx_hal_eth.c **** 
3148:Drivers/STM32F7xx_HAL_Driver/Src/stm32f7xx_hal_eth.c ****     bd_count += 1U;
 744              		.loc 1 3148 5 view .LVU225
 745              		.loc 1 3148 14 is_stmt 0 view .LVU226
 746 00c8 0136     		adds	r6, r6, #1
 747              	.LVL54:
3149:Drivers/STM32F7xx_HAL_Driver/Src/stm32f7xx_hal_eth.c **** 
3150:Drivers/STM32F7xx_HAL_Driver/Src/stm32f7xx_hal_eth.c ****     /* Ensure rest of descriptor is written to RAM before the OWN bit */
3151:Drivers/STM32F7xx_HAL_Driver/Src/stm32f7xx_hal_eth.c ****     __DMB();
 748              		.loc 1 3151 5 is_stmt 1 view .LVU227
 749              	.LBB22:
 750              	.LBI22:
 888:Drivers/CMSIS/Include/cmsis_gcc.h **** {
 751              		.loc 2 888 27 view .LVU228
 752              	.LBB23:
 753              		.loc 2 890 3 view .LVU229
 754              		.syntax unified
 755              	@ 890 "Drivers/CMSIS/Include/cmsis_gcc.h" 1
 756 00ca BFF35F8F 		dmb 0xF
 757              	@ 0 "" 2
 758              		.thumb
 759              		.syntax unified
 760              	.LBE23:
 761              	.LBE22:
3152:Drivers/STM32F7xx_HAL_Driver/Src/stm32f7xx_hal_eth.c ****     /* Set Own bit */
3153:Drivers/STM32F7xx_HAL_Driver/Src/stm32f7xx_hal_eth.c ****     SET_BIT(dmatxdesc->DESC0, ETH_DMATXDESC_OWN);
 762              		.loc 1 3153 5 view .LVU230
 763 00ce 1968     		ldr	r1, [r3]
 764 00d0 41F00041 		orr	r1, r1, #-2147483648
 765 00d4 1960     		str	r1, [r3]
 766 00d6 6746     		mov	r7, ip
 767              	.LVL55:
 768              	.L42:
3091:Drivers/STM32F7xx_HAL_Driver/Src/stm32f7xx_hal_eth.c ****   {
 769              		.loc 1 3091 25 view .LVU231
3091:Drivers/STM32F7xx_HAL_Driver/Src/stm32f7xx_hal_eth.c ****   {
ARM GAS  /tmp/ccQ4qZLu.s 			page 87


 770              		.loc 1 3091 18 is_stmt 0 view .LVU232
 771 00d8 A168     		ldr	r1, [r4, #8]
3091:Drivers/STM32F7xx_HAL_Driver/Src/stm32f7xx_hal_eth.c ****   {
 772              		.loc 1 3091 25 view .LVU233
 773 00da 51B3     		cbz	r1, .L57
3094:Drivers/STM32F7xx_HAL_Driver/Src/stm32f7xx_hal_eth.c ****     if (ItMode != ((uint32_t)RESET))
 774              		.loc 1 3094 5 is_stmt 1 view .LVU234
 775 00dc 1968     		ldr	r1, [r3]
 776 00de 21F00051 		bic	r1, r1, #536870912
 777 00e2 1960     		str	r1, [r3]
3095:Drivers/STM32F7xx_HAL_Driver/Src/stm32f7xx_hal_eth.c ****     {
 778              		.loc 1 3095 5 view .LVU235
3095:Drivers/STM32F7xx_HAL_Driver/Src/stm32f7xx_hal_eth.c ****     {
 779              		.loc 1 3095 8 is_stmt 0 view .LVU236
 780 00e4 002A     		cmp	r2, #0
 781 00e6 CFD0     		beq	.L43
3098:Drivers/STM32F7xx_HAL_Driver/Src/stm32f7xx_hal_eth.c ****     }
 782              		.loc 1 3098 7 is_stmt 1 view .LVU237
 783 00e8 1968     		ldr	r1, [r3]
 784 00ea 41F08041 		orr	r1, r1, #1073741824
 785 00ee 1960     		str	r1, [r3]
 786              	.L44:
3106:Drivers/STM32F7xx_HAL_Driver/Src/stm32f7xx_hal_eth.c ****     /* Get current descriptor address */
 787              		.loc 1 3106 5 view .LVU238
3106:Drivers/STM32F7xx_HAL_Driver/Src/stm32f7xx_hal_eth.c ****     /* Get current descriptor address */
 788              		.loc 1 3106 5 view .LVU239
 789 00f0 07F1010C 		add	ip, r7, #1
 790              	.LVL56:
3106:Drivers/STM32F7xx_HAL_Driver/Src/stm32f7xx_hal_eth.c ****     /* Get current descriptor address */
 791              		.loc 1 3106 5 view .LVU240
 792 00f4 BCF1030F 		cmp	ip, #3
 793 00f8 CBD9     		bls	.L45
3106:Drivers/STM32F7xx_HAL_Driver/Src/stm32f7xx_hal_eth.c ****     /* Get current descriptor address */
 794              		.loc 1 3106 5 discriminator 1 view .LVU241
 795 00fa A7F1030C 		sub	ip, r7, #3
 796              	.LVL57:
3106:Drivers/STM32F7xx_HAL_Driver/Src/stm32f7xx_hal_eth.c ****     /* Get current descriptor address */
 797              		.loc 1 3106 5 is_stmt 0 discriminator 1 view .LVU242
 798 00fe C8E7     		b	.L45
 799              	.L46:
3117:Drivers/STM32F7xx_HAL_Driver/Src/stm32f7xx_hal_eth.c ****       dmatxdesc = (ETH_DMADescTypeDef *)dmatxdesclist->TxDesc[descidx];
 800              		.loc 1 3117 7 is_stmt 1 view .LVU243
 801              	.LVL58:
3118:Drivers/STM32F7xx_HAL_Driver/Src/stm32f7xx_hal_eth.c **** 
 802              		.loc 1 3118 7 view .LVU244
3118:Drivers/STM32F7xx_HAL_Driver/Src/stm32f7xx_hal_eth.c **** 
 803              		.loc 1 3118 62 is_stmt 0 view .LVU245
 804 0100 00EB8503 		add	r3, r0, r5, lsl #2
 805              	.LVL59:
3118:Drivers/STM32F7xx_HAL_Driver/Src/stm32f7xx_hal_eth.c **** 
 806              		.loc 1 3118 62 view .LVU246
 807 0104 9969     		ldr	r1, [r3, #24]
 808              	.LVL60:
3121:Drivers/STM32F7xx_HAL_Driver/Src/stm32f7xx_hal_eth.c ****       {
 809              		.loc 1 3121 7 is_stmt 1 view .LVU247
3121:Drivers/STM32F7xx_HAL_Driver/Src/stm32f7xx_hal_eth.c ****       {
 810              		.loc 1 3121 16 is_stmt 0 view .LVU248
ARM GAS  /tmp/ccQ4qZLu.s 			page 88


 811 0106 0022     		movs	r2, #0
 812              	.LVL61:
3121:Drivers/STM32F7xx_HAL_Driver/Src/stm32f7xx_hal_eth.c ****       {
 813              		.loc 1 3121 7 view .LVU249
 814 0108 04E0     		b	.L48
 815              	.LVL62:
 816              	.L49:
3129:Drivers/STM32F7xx_HAL_Driver/Src/stm32f7xx_hal_eth.c ****         /* Get current descriptor address */
 817              		.loc 1 3129 9 is_stmt 1 discriminator 3 view .LVU250
3131:Drivers/STM32F7xx_HAL_Driver/Src/stm32f7xx_hal_eth.c ****       }
 818              		.loc 1 3131 9 discriminator 3 view .LVU251
3131:Drivers/STM32F7xx_HAL_Driver/Src/stm32f7xx_hal_eth.c ****       }
 819              		.loc 1 3131 64 is_stmt 0 discriminator 3 view .LVU252
 820 010a 00EB8301 		add	r1, r0, r3, lsl #2
 821              	.LVL63:
3131:Drivers/STM32F7xx_HAL_Driver/Src/stm32f7xx_hal_eth.c ****       }
 822              		.loc 1 3131 64 discriminator 3 view .LVU253
 823 010e 8969     		ldr	r1, [r1, #24]
 824              	.LVL64:
3121:Drivers/STM32F7xx_HAL_Driver/Src/stm32f7xx_hal_eth.c ****       {
 825              		.loc 1 3121 40 is_stmt 1 discriminator 3 view .LVU254
 826 0110 0132     		adds	r2, r2, #1
 827              	.LVL65:
3121:Drivers/STM32F7xx_HAL_Driver/Src/stm32f7xx_hal_eth.c ****       {
 828              		.loc 1 3121 40 is_stmt 0 discriminator 3 view .LVU255
 829 0112 1D46     		mov	r5, r3
 830              	.LVL66:
 831              	.L48:
3121:Drivers/STM32F7xx_HAL_Driver/Src/stm32f7xx_hal_eth.c ****       {
 832              		.loc 1 3121 25 is_stmt 1 discriminator 2 view .LVU256
 833 0114 7245     		cmp	r2, lr
 834 0116 0AD2     		bcs	.L58
3124:Drivers/STM32F7xx_HAL_Driver/Src/stm32f7xx_hal_eth.c **** 
 835              		.loc 1 3124 9 view .LVU257
 836              	.LBB24:
 837              	.LBI24:
 888:Drivers/CMSIS/Include/cmsis_gcc.h **** {
 838              		.loc 2 888 27 view .LVU258
 839              	.LBB25:
 840              		.loc 2 890 3 view .LVU259
 841              		.syntax unified
 842              	@ 890 "Drivers/CMSIS/Include/cmsis_gcc.h" 1
 843 0118 BFF35F8F 		dmb 0xF
 844              	@ 0 "" 2
 845              		.thumb
 846              		.syntax unified
 847              	.LBE25:
 848              	.LBE24:
3126:Drivers/STM32F7xx_HAL_Driver/Src/stm32f7xx_hal_eth.c **** 
 849              		.loc 1 3126 9 view .LVU260
 850 011c 0B68     		ldr	r3, [r1]
 851 011e 23F00043 		bic	r3, r3, #-2147483648
 852 0122 0B60     		str	r3, [r1]
3129:Drivers/STM32F7xx_HAL_Driver/Src/stm32f7xx_hal_eth.c ****         /* Get current descriptor address */
 853              		.loc 1 3129 9 view .LVU261
3129:Drivers/STM32F7xx_HAL_Driver/Src/stm32f7xx_hal_eth.c ****         /* Get current descriptor address */
 854              		.loc 1 3129 9 view .LVU262
ARM GAS  /tmp/ccQ4qZLu.s 			page 89


 855 0124 6B1C     		adds	r3, r5, #1
 856              	.LVL67:
3129:Drivers/STM32F7xx_HAL_Driver/Src/stm32f7xx_hal_eth.c ****         /* Get current descriptor address */
 857              		.loc 1 3129 9 view .LVU263
 858 0126 032B     		cmp	r3, #3
 859 0128 EFD9     		bls	.L49
3129:Drivers/STM32F7xx_HAL_Driver/Src/stm32f7xx_hal_eth.c ****         /* Get current descriptor address */
 860              		.loc 1 3129 9 discriminator 1 view .LVU264
 861 012a EB1E     		subs	r3, r5, #3
 862              	.LVL68:
3129:Drivers/STM32F7xx_HAL_Driver/Src/stm32f7xx_hal_eth.c ****         /* Get current descriptor address */
 863              		.loc 1 3129 9 is_stmt 0 discriminator 1 view .LVU265
 864 012c EDE7     		b	.L49
 865              	.LVL69:
 866              	.L58:
3134:Drivers/STM32F7xx_HAL_Driver/Src/stm32f7xx_hal_eth.c ****     }
 867              		.loc 1 3134 14 view .LVU266
 868 012e 0220     		movs	r0, #2
 869              	.LVL70:
 870              	.L37:
3154:Drivers/STM32F7xx_HAL_Driver/Src/stm32f7xx_hal_eth.c ****   }
3155:Drivers/STM32F7xx_HAL_Driver/Src/stm32f7xx_hal_eth.c **** 
3156:Drivers/STM32F7xx_HAL_Driver/Src/stm32f7xx_hal_eth.c ****   if (ItMode != ((uint32_t)RESET))
3157:Drivers/STM32F7xx_HAL_Driver/Src/stm32f7xx_hal_eth.c ****   {
3158:Drivers/STM32F7xx_HAL_Driver/Src/stm32f7xx_hal_eth.c ****     /* Set Interrupt on completion bit */
3159:Drivers/STM32F7xx_HAL_Driver/Src/stm32f7xx_hal_eth.c ****     SET_BIT(dmatxdesc->DESC0, ETH_DMATXDESC_IC);
3160:Drivers/STM32F7xx_HAL_Driver/Src/stm32f7xx_hal_eth.c ****   }
3161:Drivers/STM32F7xx_HAL_Driver/Src/stm32f7xx_hal_eth.c ****   else
3162:Drivers/STM32F7xx_HAL_Driver/Src/stm32f7xx_hal_eth.c ****   {
3163:Drivers/STM32F7xx_HAL_Driver/Src/stm32f7xx_hal_eth.c ****     /* Clear Interrupt on completion bit */
3164:Drivers/STM32F7xx_HAL_Driver/Src/stm32f7xx_hal_eth.c ****     CLEAR_BIT(dmatxdesc->DESC0, ETH_DMATXDESC_IC);
3165:Drivers/STM32F7xx_HAL_Driver/Src/stm32f7xx_hal_eth.c ****   }
3166:Drivers/STM32F7xx_HAL_Driver/Src/stm32f7xx_hal_eth.c **** 
3167:Drivers/STM32F7xx_HAL_Driver/Src/stm32f7xx_hal_eth.c ****   /* Mark it as LAST descriptor */
3168:Drivers/STM32F7xx_HAL_Driver/Src/stm32f7xx_hal_eth.c ****   SET_BIT(dmatxdesc->DESC0, ETH_DMATXDESC_LS);
3169:Drivers/STM32F7xx_HAL_Driver/Src/stm32f7xx_hal_eth.c ****   /* Save the current packet address to expose it to the application */
3170:Drivers/STM32F7xx_HAL_Driver/Src/stm32f7xx_hal_eth.c ****   dmatxdesclist->PacketAddress[descidx] = dmatxdesclist->CurrentPacketAddress;
3171:Drivers/STM32F7xx_HAL_Driver/Src/stm32f7xx_hal_eth.c **** 
3172:Drivers/STM32F7xx_HAL_Driver/Src/stm32f7xx_hal_eth.c ****   dmatxdesclist->CurTxDesc = descidx;
3173:Drivers/STM32F7xx_HAL_Driver/Src/stm32f7xx_hal_eth.c **** 
3174:Drivers/STM32F7xx_HAL_Driver/Src/stm32f7xx_hal_eth.c ****   /* disable the interrupt */
3175:Drivers/STM32F7xx_HAL_Driver/Src/stm32f7xx_hal_eth.c ****   __disable_irq();
3176:Drivers/STM32F7xx_HAL_Driver/Src/stm32f7xx_hal_eth.c **** 
3177:Drivers/STM32F7xx_HAL_Driver/Src/stm32f7xx_hal_eth.c ****   dmatxdesclist->BuffersInUse += bd_count + 1U;
3178:Drivers/STM32F7xx_HAL_Driver/Src/stm32f7xx_hal_eth.c **** 
3179:Drivers/STM32F7xx_HAL_Driver/Src/stm32f7xx_hal_eth.c ****   /* Enable interrupts back */
3180:Drivers/STM32F7xx_HAL_Driver/Src/stm32f7xx_hal_eth.c ****   __enable_irq();
3181:Drivers/STM32F7xx_HAL_Driver/Src/stm32f7xx_hal_eth.c **** 
3182:Drivers/STM32F7xx_HAL_Driver/Src/stm32f7xx_hal_eth.c **** 
3183:Drivers/STM32F7xx_HAL_Driver/Src/stm32f7xx_hal_eth.c ****   /* Return function status */
3184:Drivers/STM32F7xx_HAL_Driver/Src/stm32f7xx_hal_eth.c ****   return HAL_ETH_ERROR_NONE;
3185:Drivers/STM32F7xx_HAL_Driver/Src/stm32f7xx_hal_eth.c **** }
 871              		.loc 1 3185 1 view .LVU267
 872 0130 F0BD     		pop	{r4, r5, r6, r7, pc}
 873              	.LVL71:
 874              	.L57:
3156:Drivers/STM32F7xx_HAL_Driver/Src/stm32f7xx_hal_eth.c ****   {
ARM GAS  /tmp/ccQ4qZLu.s 			page 90


 875              		.loc 1 3156 3 is_stmt 1 view .LVU268
3156:Drivers/STM32F7xx_HAL_Driver/Src/stm32f7xx_hal_eth.c ****   {
 876              		.loc 1 3156 6 is_stmt 0 view .LVU269
 877 0132 AAB1     		cbz	r2, .L52
3159:Drivers/STM32F7xx_HAL_Driver/Src/stm32f7xx_hal_eth.c ****   }
 878              		.loc 1 3159 5 is_stmt 1 view .LVU270
 879 0134 1A68     		ldr	r2, [r3]
 880              	.LVL72:
3159:Drivers/STM32F7xx_HAL_Driver/Src/stm32f7xx_hal_eth.c ****   }
 881              		.loc 1 3159 5 is_stmt 0 view .LVU271
 882 0136 42F08042 		orr	r2, r2, #1073741824
 883 013a 1A60     		str	r2, [r3]
 884              	.L53:
3168:Drivers/STM32F7xx_HAL_Driver/Src/stm32f7xx_hal_eth.c ****   /* Save the current packet address to expose it to the application */
 885              		.loc 1 3168 3 is_stmt 1 view .LVU272
 886 013c 1A68     		ldr	r2, [r3]
 887 013e 42F00052 		orr	r2, r2, #536870912
 888 0142 1A60     		str	r2, [r3]
3170:Drivers/STM32F7xx_HAL_Driver/Src/stm32f7xx_hal_eth.c **** 
 889              		.loc 1 3170 3 view .LVU273
3170:Drivers/STM32F7xx_HAL_Driver/Src/stm32f7xx_hal_eth.c **** 
 890              		.loc 1 3170 56 is_stmt 0 view .LVU274
 891 0144 C26B     		ldr	r2, [r0, #60]
3170:Drivers/STM32F7xx_HAL_Driver/Src/stm32f7xx_hal_eth.c **** 
 892              		.loc 1 3170 41 view .LVU275
 893 0146 3B1D     		adds	r3, r7, #4
 894              	.LVL73:
3170:Drivers/STM32F7xx_HAL_Driver/Src/stm32f7xx_hal_eth.c **** 
 895              		.loc 1 3170 41 view .LVU276
 896 0148 00EB8303 		add	r3, r0, r3, lsl #2
 897 014c DA61     		str	r2, [r3, #28]
3172:Drivers/STM32F7xx_HAL_Driver/Src/stm32f7xx_hal_eth.c **** 
 898              		.loc 1 3172 3 is_stmt 1 view .LVU277
3172:Drivers/STM32F7xx_HAL_Driver/Src/stm32f7xx_hal_eth.c **** 
 899              		.loc 1 3172 28 is_stmt 0 view .LVU278
 900 014e 8762     		str	r7, [r0, #40]
3175:Drivers/STM32F7xx_HAL_Driver/Src/stm32f7xx_hal_eth.c **** 
 901              		.loc 1 3175 3 is_stmt 1 view .LVU279
 902              	.LBB26:
 903              	.LBI26:
 140:Drivers/CMSIS/Include/cmsis_gcc.h **** {
 904              		.loc 2 140 27 view .LVU280
 905              	.LBB27:
 142:Drivers/CMSIS/Include/cmsis_gcc.h **** }
 906              		.loc 2 142 3 view .LVU281
 907              		.syntax unified
 908              	@ 142 "Drivers/CMSIS/Include/cmsis_gcc.h" 1
 909 0150 72B6     		cpsid i
 910              	@ 0 "" 2
 911              		.thumb
 912              		.syntax unified
 913              	.LBE27:
 914              	.LBE26:
3177:Drivers/STM32F7xx_HAL_Driver/Src/stm32f7xx_hal_eth.c **** 
 915              		.loc 1 3177 3 view .LVU282
3177:Drivers/STM32F7xx_HAL_Driver/Src/stm32f7xx_hal_eth.c **** 
 916              		.loc 1 3177 16 is_stmt 0 view .LVU283
ARM GAS  /tmp/ccQ4qZLu.s 			page 91


 917 0152 036C     		ldr	r3, [r0, #64]
3177:Drivers/STM32F7xx_HAL_Driver/Src/stm32f7xx_hal_eth.c **** 
 918              		.loc 1 3177 31 view .LVU284
 919 0154 3344     		add	r3, r3, r6
 920 0156 0133     		adds	r3, r3, #1
 921 0158 0364     		str	r3, [r0, #64]
3180:Drivers/STM32F7xx_HAL_Driver/Src/stm32f7xx_hal_eth.c **** 
 922              		.loc 1 3180 3 is_stmt 1 view .LVU285
 923              	.LBB28:
 924              	.LBI28:
 129:Drivers/CMSIS/Include/cmsis_gcc.h **** {
 925              		.loc 2 129 27 view .LVU286
 926              	.LBB29:
 131:Drivers/CMSIS/Include/cmsis_gcc.h **** }
 927              		.loc 2 131 3 view .LVU287
 928              		.syntax unified
 929              	@ 131 "Drivers/CMSIS/Include/cmsis_gcc.h" 1
 930 015a 62B6     		cpsie i
 931              	@ 0 "" 2
 932              		.thumb
 933              		.syntax unified
 934              	.LBE29:
 935              	.LBE28:
3184:Drivers/STM32F7xx_HAL_Driver/Src/stm32f7xx_hal_eth.c **** }
 936              		.loc 1 3184 3 view .LVU288
3184:Drivers/STM32F7xx_HAL_Driver/Src/stm32f7xx_hal_eth.c **** }
 937              		.loc 1 3184 10 is_stmt 0 view .LVU289
 938 015c 0020     		movs	r0, #0
 939              	.LVL74:
3184:Drivers/STM32F7xx_HAL_Driver/Src/stm32f7xx_hal_eth.c **** }
 940              		.loc 1 3184 10 view .LVU290
 941 015e E7E7     		b	.L37
 942              	.LVL75:
 943              	.L52:
3164:Drivers/STM32F7xx_HAL_Driver/Src/stm32f7xx_hal_eth.c ****   }
 944              		.loc 1 3164 5 is_stmt 1 view .LVU291
 945 0160 1A68     		ldr	r2, [r3]
 946              	.LVL76:
3164:Drivers/STM32F7xx_HAL_Driver/Src/stm32f7xx_hal_eth.c ****   }
 947              		.loc 1 3164 5 is_stmt 0 view .LVU292
 948 0162 22F08042 		bic	r2, r2, #1073741824
 949 0166 1A60     		str	r2, [r3]
 950 0168 E8E7     		b	.L53
 951              	.LVL77:
 952              	.L54:
3053:Drivers/STM32F7xx_HAL_Driver/Src/stm32f7xx_hal_eth.c ****   }
 953              		.loc 1 3053 12 view .LVU293
 954 016a 0220     		movs	r0, #2
 955              	.LVL78:
3053:Drivers/STM32F7xx_HAL_Driver/Src/stm32f7xx_hal_eth.c ****   }
 956              		.loc 1 3053 12 view .LVU294
 957 016c E0E7     		b	.L37
 958              	.LVL79:
 959              	.L55:
3053:Drivers/STM32F7xx_HAL_Driver/Src/stm32f7xx_hal_eth.c ****   }
 960              		.loc 1 3053 12 view .LVU295
 961 016e 0220     		movs	r0, #2
ARM GAS  /tmp/ccQ4qZLu.s 			page 92


 962              	.LVL80:
3053:Drivers/STM32F7xx_HAL_Driver/Src/stm32f7xx_hal_eth.c ****   }
 963              		.loc 1 3053 12 view .LVU296
 964 0170 DEE7     		b	.L37
 965              	.L60:
 966 0172 00BF     		.align	2
 967              	.L59:
 968 0174 00E0FFFF 		.word	-8192
 969              		.cfi_endproc
 970              	.LFE197:
 972              		.section	.text.ETH_SetMACConfig,"ax",%progbits
 973              		.align	1
 974              		.syntax unified
 975              		.thumb
 976              		.thumb_func
 978              	ETH_SetMACConfig:
 979              	.LVL81:
 980              	.LFB191:
2735:Drivers/STM32F7xx_HAL_Driver/Src/stm32f7xx_hal_eth.c ****   uint32_t tmpreg1;
 981              		.loc 1 2735 1 is_stmt 1 view -0
 982              		.cfi_startproc
 983              		@ args = 0, pretend = 0, frame = 0
 984              		@ frame_needed = 0, uses_anonymous_args = 0
2735:Drivers/STM32F7xx_HAL_Driver/Src/stm32f7xx_hal_eth.c ****   uint32_t tmpreg1;
 985              		.loc 1 2735 1 is_stmt 0 view .LVU298
 986 0000 70B5     		push	{r4, r5, r6, lr}
 987              	.LCFI7:
 988              		.cfi_def_cfa_offset 16
 989              		.cfi_offset 4, -16
 990              		.cfi_offset 5, -12
 991              		.cfi_offset 6, -8
 992              		.cfi_offset 14, -4
 993 0002 0546     		mov	r5, r0
 994 0004 0C46     		mov	r4, r1
2736:Drivers/STM32F7xx_HAL_Driver/Src/stm32f7xx_hal_eth.c **** 
 995              		.loc 1 2736 3 is_stmt 1 view .LVU299
2740:Drivers/STM32F7xx_HAL_Driver/Src/stm32f7xx_hal_eth.c ****   /* Clear WD, PCE, PS, TE and RE bits */
 996              		.loc 1 2740 3 view .LVU300
2740:Drivers/STM32F7xx_HAL_Driver/Src/stm32f7xx_hal_eth.c ****   /* Clear WD, PCE, PS, TE and RE bits */
 997              		.loc 1 2740 18 is_stmt 0 view .LVU301
 998 0006 0268     		ldr	r2, [r0]
2740:Drivers/STM32F7xx_HAL_Driver/Src/stm32f7xx_hal_eth.c ****   /* Clear WD, PCE, PS, TE and RE bits */
 999              		.loc 1 2740 11 view .LVU302
 1000 0008 1368     		ldr	r3, [r2]
 1001              	.LVL82:
2742:Drivers/STM32F7xx_HAL_Driver/Src/stm32f7xx_hal_eth.c **** 
 1002              		.loc 1 2742 3 is_stmt 1 view .LVU303
2742:Drivers/STM32F7xx_HAL_Driver/Src/stm32f7xx_hal_eth.c **** 
 1003              		.loc 1 2742 11 is_stmt 0 view .LVU304
 1004 000a 3B49     		ldr	r1, .L82
 1005              	.LVL83:
2742:Drivers/STM32F7xx_HAL_Driver/Src/stm32f7xx_hal_eth.c **** 
 1006              		.loc 1 2742 11 view .LVU305
 1007 000c 1940     		ands	r1, r1, r3
 1008              	.LVL84:
2744:Drivers/STM32F7xx_HAL_Driver/Src/stm32f7xx_hal_eth.c ****                         ((uint32_t)((macconf->Jabber == DISABLE) ? 1U : 0U) << 22U) |
 1009              		.loc 1 2744 3 is_stmt 1 view .LVU306
ARM GAS  /tmp/ccQ4qZLu.s 			page 93


2744:Drivers/STM32F7xx_HAL_Driver/Src/stm32f7xx_hal_eth.c ****                         ((uint32_t)((macconf->Jabber == DISABLE) ? 1U : 0U) << 22U) |
 1010              		.loc 1 2744 45 is_stmt 0 view .LVU307
 1011 000e 237C     		ldrb	r3, [r4, #16]	@ zero_extendqisi2
2744:Drivers/STM32F7xx_HAL_Driver/Src/stm32f7xx_hal_eth.c ****                         ((uint32_t)((macconf->Jabber == DISABLE) ? 1U : 0U) << 22U) |
 1012              		.loc 1 2744 79 view .LVU308
 1013 0010 002B     		cmp	r3, #0
 1014 0012 60D1     		bne	.L70
 1015 0014 4FF40003 		mov	r3, #8388608
 1016              	.L62:
2745:Drivers/STM32F7xx_HAL_Driver/Src/stm32f7xx_hal_eth.c ****                         (uint32_t)macconf->InterPacketGapVal |
 1017              		.loc 1 2745 45 view .LVU309
 1018 0018 607C     		ldrb	r0, [r4, #17]	@ zero_extendqisi2
 1019              	.LVL85:
2745:Drivers/STM32F7xx_HAL_Driver/Src/stm32f7xx_hal_eth.c ****                         (uint32_t)macconf->InterPacketGapVal |
 1020              		.loc 1 2745 77 view .LVU310
 1021 001a 0028     		cmp	r0, #0
 1022 001c 5DD1     		bne	.L71
 1023 001e 4FF48000 		mov	r0, #4194304
 1024              	.L63:
2744:Drivers/STM32F7xx_HAL_Driver/Src/stm32f7xx_hal_eth.c ****                         ((uint32_t)((macconf->Jabber == DISABLE) ? 1U : 0U) << 22U) |
 1025              		.loc 1 2744 87 view .LVU311
 1026 0022 0343     		orrs	r3, r3, r0
2746:Drivers/STM32F7xx_HAL_Driver/Src/stm32f7xx_hal_eth.c ****                         ((uint32_t)macconf->CarrierSenseDuringTransmit << 16U) |
 1027              		.loc 1 2746 42 view .LVU312
 1028 0024 A068     		ldr	r0, [r4, #8]
2745:Drivers/STM32F7xx_HAL_Driver/Src/stm32f7xx_hal_eth.c ****                         (uint32_t)macconf->InterPacketGapVal |
 1029              		.loc 1 2745 85 view .LVU313
 1030 0026 0343     		orrs	r3, r3, r0
2747:Drivers/STM32F7xx_HAL_Driver/Src/stm32f7xx_hal_eth.c ****                         macconf->Speed |
 1031              		.loc 1 2747 43 view .LVU314
 1032 0028 E07F     		ldrb	r0, [r4, #31]	@ zero_extendqisi2
2746:Drivers/STM32F7xx_HAL_Driver/Src/stm32f7xx_hal_eth.c ****                         ((uint32_t)macconf->CarrierSenseDuringTransmit << 16U) |
 1033              		.loc 1 2746 62 view .LVU315
 1034 002a 43EA0043 		orr	r3, r3, r0, lsl #16
2748:Drivers/STM32F7xx_HAL_Driver/Src/stm32f7xx_hal_eth.c ****                         ((uint32_t)((macconf->ReceiveOwn == DISABLE) ? 1U : 0U) << 13U) |
 1035              		.loc 1 2748 32 view .LVU316
 1036 002e 6069     		ldr	r0, [r4, #20]
2747:Drivers/STM32F7xx_HAL_Driver/Src/stm32f7xx_hal_eth.c ****                         macconf->Speed |
 1037              		.loc 1 2747 80 view .LVU317
 1038 0030 0343     		orrs	r3, r3, r0
2749:Drivers/STM32F7xx_HAL_Driver/Src/stm32f7xx_hal_eth.c ****                         ((uint32_t)macconf->LoopbackMode << 12U) |
 1039              		.loc 1 2749 45 view .LVU318
 1040 0032 A07F     		ldrb	r0, [r4, #30]	@ zero_extendqisi2
2749:Drivers/STM32F7xx_HAL_Driver/Src/stm32f7xx_hal_eth.c ****                         ((uint32_t)macconf->LoopbackMode << 12U) |
 1041              		.loc 1 2749 81 view .LVU319
 1042 0034 0028     		cmp	r0, #0
 1043 0036 52D1     		bne	.L72
 1044 0038 4FF40050 		mov	r0, #8192
 1045              	.L64:
2748:Drivers/STM32F7xx_HAL_Driver/Src/stm32f7xx_hal_eth.c ****                         ((uint32_t)((macconf->ReceiveOwn == DISABLE) ? 1U : 0U) << 13U) |
 1046              		.loc 1 2748 40 view .LVU320
 1047 003c 0343     		orrs	r3, r3, r0
2750:Drivers/STM32F7xx_HAL_Driver/Src/stm32f7xx_hal_eth.c ****                         macconf->DuplexMode |
 1048              		.loc 1 2750 43 view .LVU321
 1049 003e 207F     		ldrb	r0, [r4, #28]	@ zero_extendqisi2
2749:Drivers/STM32F7xx_HAL_Driver/Src/stm32f7xx_hal_eth.c ****                         ((uint32_t)macconf->LoopbackMode << 12U) |
 1050              		.loc 1 2749 89 view .LVU322
ARM GAS  /tmp/ccQ4qZLu.s 			page 94


 1051 0040 43EA0033 		orr	r3, r3, r0, lsl #12
2751:Drivers/STM32F7xx_HAL_Driver/Src/stm32f7xx_hal_eth.c ****                         ((uint32_t)macconf->ChecksumOffload << 10U) |
 1052              		.loc 1 2751 32 view .LVU323
 1053 0044 A069     		ldr	r0, [r4, #24]
2750:Drivers/STM32F7xx_HAL_Driver/Src/stm32f7xx_hal_eth.c ****                         macconf->DuplexMode |
 1054              		.loc 1 2750 66 view .LVU324
 1055 0046 0343     		orrs	r3, r3, r0
2752:Drivers/STM32F7xx_HAL_Driver/Src/stm32f7xx_hal_eth.c ****                         ((uint32_t)((macconf->RetryTransmission == DISABLE) ? 1U : 0U) << 9U) |
 1056              		.loc 1 2752 43 view .LVU325
 1057 0048 2079     		ldrb	r0, [r4, #4]	@ zero_extendqisi2
2751:Drivers/STM32F7xx_HAL_Driver/Src/stm32f7xx_hal_eth.c ****                         ((uint32_t)macconf->ChecksumOffload << 10U) |
 1058              		.loc 1 2751 45 view .LVU326
 1059 004a 43EA8023 		orr	r3, r3, r0, lsl #10
2753:Drivers/STM32F7xx_HAL_Driver/Src/stm32f7xx_hal_eth.c ****                         ((uint32_t)macconf->AutomaticPadCRCStrip << 7U) |
 1060              		.loc 1 2753 45 view .LVU327
 1061 004e 94F82000 		ldrb	r0, [r4, #32]	@ zero_extendqisi2
2753:Drivers/STM32F7xx_HAL_Driver/Src/stm32f7xx_hal_eth.c ****                         ((uint32_t)macconf->AutomaticPadCRCStrip << 7U) |
 1062              		.loc 1 2753 88 view .LVU328
 1063 0052 0028     		cmp	r0, #0
 1064 0054 45D1     		bne	.L73
 1065 0056 4FF40070 		mov	r0, #512
 1066              	.L65:
2752:Drivers/STM32F7xx_HAL_Driver/Src/stm32f7xx_hal_eth.c ****                         ((uint32_t)((macconf->RetryTransmission == DISABLE) ? 1U : 0U) << 9U) |
 1067              		.loc 1 2752 69 view .LVU329
 1068 005a 0343     		orrs	r3, r3, r0
2754:Drivers/STM32F7xx_HAL_Driver/Src/stm32f7xx_hal_eth.c ****                         macconf->BackOffLimit |
 1069              		.loc 1 2754 43 view .LVU330
 1070 005c E07B     		ldrb	r0, [r4, #15]	@ zero_extendqisi2
2753:Drivers/STM32F7xx_HAL_Driver/Src/stm32f7xx_hal_eth.c ****                         ((uint32_t)macconf->AutomaticPadCRCStrip << 7U) |
 1071              		.loc 1 2753 95 view .LVU331
 1072 005e 43EAC013 		orr	r3, r3, r0, lsl #7
2755:Drivers/STM32F7xx_HAL_Driver/Src/stm32f7xx_hal_eth.c ****                         ((uint32_t)macconf->DeferralCheck << 4U));
 1073              		.loc 1 2755 32 view .LVU332
 1074 0062 606A     		ldr	r0, [r4, #36]
2754:Drivers/STM32F7xx_HAL_Driver/Src/stm32f7xx_hal_eth.c ****                         macconf->BackOffLimit |
 1075              		.loc 1 2754 73 view .LVU333
 1076 0064 0343     		orrs	r3, r3, r0
2756:Drivers/STM32F7xx_HAL_Driver/Src/stm32f7xx_hal_eth.c **** 
 1077              		.loc 1 2756 43 view .LVU334
 1078 0066 94F82800 		ldrb	r0, [r4, #40]	@ zero_extendqisi2
2744:Drivers/STM32F7xx_HAL_Driver/Src/stm32f7xx_hal_eth.c ****                         ((uint32_t)((macconf->Jabber == DISABLE) ? 1U : 0U) << 22U) |
 1079              		.loc 1 2744 14 view .LVU335
 1080 006a 43EA0013 		orr	r3, r3, r0, lsl #4
2744:Drivers/STM32F7xx_HAL_Driver/Src/stm32f7xx_hal_eth.c ****                         ((uint32_t)((macconf->Jabber == DISABLE) ? 1U : 0U) << 22U) |
 1081              		.loc 1 2744 11 view .LVU336
 1082 006e 0B43     		orrs	r3, r3, r1
 1083              	.LVL86:
2759:Drivers/STM32F7xx_HAL_Driver/Src/stm32f7xx_hal_eth.c **** 
 1084              		.loc 1 2759 3 is_stmt 1 view .LVU337
2759:Drivers/STM32F7xx_HAL_Driver/Src/stm32f7xx_hal_eth.c **** 
 1085              		.loc 1 2759 27 is_stmt 0 view .LVU338
 1086 0070 1360     		str	r3, [r2]
2763:Drivers/STM32F7xx_HAL_Driver/Src/stm32f7xx_hal_eth.c ****   HAL_Delay(ETH_REG_WRITE_DELAY);
 1087              		.loc 1 2763 3 is_stmt 1 view .LVU339
2763:Drivers/STM32F7xx_HAL_Driver/Src/stm32f7xx_hal_eth.c ****   HAL_Delay(ETH_REG_WRITE_DELAY);
 1088              		.loc 1 2763 18 is_stmt 0 view .LVU340
 1089 0072 2B68     		ldr	r3, [r5]
ARM GAS  /tmp/ccQ4qZLu.s 			page 95


 1090              	.LVL87:
2763:Drivers/STM32F7xx_HAL_Driver/Src/stm32f7xx_hal_eth.c ****   HAL_Delay(ETH_REG_WRITE_DELAY);
 1091              		.loc 1 2763 11 view .LVU341
 1092 0074 1E68     		ldr	r6, [r3]
 1093              	.LVL88:
2764:Drivers/STM32F7xx_HAL_Driver/Src/stm32f7xx_hal_eth.c ****   (heth->Instance)->MACCR = tmpreg1;
 1094              		.loc 1 2764 3 is_stmt 1 view .LVU342
 1095 0076 0120     		movs	r0, #1
 1096 0078 FFF7FEFF 		bl	HAL_Delay
 1097              	.LVL89:
2765:Drivers/STM32F7xx_HAL_Driver/Src/stm32f7xx_hal_eth.c **** 
 1098              		.loc 1 2765 3 view .LVU343
2765:Drivers/STM32F7xx_HAL_Driver/Src/stm32f7xx_hal_eth.c **** 
 1099              		.loc 1 2765 8 is_stmt 0 view .LVU344
 1100 007c 2B68     		ldr	r3, [r5]
2765:Drivers/STM32F7xx_HAL_Driver/Src/stm32f7xx_hal_eth.c **** 
 1101              		.loc 1 2765 27 view .LVU345
 1102 007e 1E60     		str	r6, [r3]
2770:Drivers/STM32F7xx_HAL_Driver/Src/stm32f7xx_hal_eth.c ****   /* Clear xx bits */
 1103              		.loc 1 2770 3 is_stmt 1 view .LVU346
2770:Drivers/STM32F7xx_HAL_Driver/Src/stm32f7xx_hal_eth.c ****   /* Clear xx bits */
 1104              		.loc 1 2770 18 is_stmt 0 view .LVU347
 1105 0080 2968     		ldr	r1, [r5]
2770:Drivers/STM32F7xx_HAL_Driver/Src/stm32f7xx_hal_eth.c ****   /* Clear xx bits */
 1106              		.loc 1 2770 11 view .LVU348
 1107 0082 8A69     		ldr	r2, [r1, #24]
 1108              	.LVL90:
2772:Drivers/STM32F7xx_HAL_Driver/Src/stm32f7xx_hal_eth.c **** 
 1109              		.loc 1 2772 3 is_stmt 1 view .LVU349
2772:Drivers/STM32F7xx_HAL_Driver/Src/stm32f7xx_hal_eth.c **** 
 1110              		.loc 1 2772 11 is_stmt 0 view .LVU350
 1111 0084 22F0BE02 		bic	r2, r2, #190
 1112              	.LVL91:
2772:Drivers/STM32F7xx_HAL_Driver/Src/stm32f7xx_hal_eth.c **** 
 1113              		.loc 1 2772 11 view .LVU351
 1114 0088 1204     		lsls	r2, r2, #16
 1115 008a 120C     		lsrs	r2, r2, #16
 1116              	.LVL92:
2774:Drivers/STM32F7xx_HAL_Driver/Src/stm32f7xx_hal_eth.c ****                         ((uint32_t)((macconf->ZeroQuantaPause == DISABLE) ? 1U : 0U) << 7U) |
 1117              		.loc 1 2774 3 is_stmt 1 view .LVU352
2774:Drivers/STM32F7xx_HAL_Driver/Src/stm32f7xx_hal_eth.c ****                         ((uint32_t)((macconf->ZeroQuantaPause == DISABLE) ? 1U : 0U) << 7U) |
 1118              		.loc 1 2774 33 is_stmt 0 view .LVU353
 1119 008c A36C     		ldr	r3, [r4, #72]
2774:Drivers/STM32F7xx_HAL_Driver/Src/stm32f7xx_hal_eth.c ****                         ((uint32_t)((macconf->ZeroQuantaPause == DISABLE) ? 1U : 0U) << 7U) |
 1120              		.loc 1 2774 45 view .LVU354
 1121 008e 1B04     		lsls	r3, r3, #16
2775:Drivers/STM32F7xx_HAL_Driver/Src/stm32f7xx_hal_eth.c ****                         macconf->PauseLowThreshold |
 1122              		.loc 1 2775 45 view .LVU355
 1123 0090 94F84C00 		ldrb	r0, [r4, #76]	@ zero_extendqisi2
2775:Drivers/STM32F7xx_HAL_Driver/Src/stm32f7xx_hal_eth.c ****                         macconf->PauseLowThreshold |
 1124              		.loc 1 2775 86 view .LVU356
 1125 0094 38BB     		cbnz	r0, .L74
 1126 0096 8020     		movs	r0, #128
 1127              	.L66:
2774:Drivers/STM32F7xx_HAL_Driver/Src/stm32f7xx_hal_eth.c ****                         ((uint32_t)((macconf->ZeroQuantaPause == DISABLE) ? 1U : 0U) << 7U) |
 1128              		.loc 1 2774 53 view .LVU357
 1129 0098 0343     		orrs	r3, r3, r0
ARM GAS  /tmp/ccQ4qZLu.s 			page 96


2776:Drivers/STM32F7xx_HAL_Driver/Src/stm32f7xx_hal_eth.c ****                         ((uint32_t)((macconf->UnicastPausePacketDetect == ENABLE) ? 1U : 0U) << 3U)
 1130              		.loc 1 2776 32 view .LVU358
 1131 009a 206D     		ldr	r0, [r4, #80]
2775:Drivers/STM32F7xx_HAL_Driver/Src/stm32f7xx_hal_eth.c ****                         macconf->PauseLowThreshold |
 1132              		.loc 1 2775 93 view .LVU359
 1133 009c 0343     		orrs	r3, r3, r0
2777:Drivers/STM32F7xx_HAL_Driver/Src/stm32f7xx_hal_eth.c ****                         ((uint32_t)((macconf->ReceiveFlowControl == ENABLE) ? 1U : 0U) << 2U) |
 1134              		.loc 1 2777 45 view .LVU360
 1135 009e 94F85500 		ldrb	r0, [r4, #85]	@ zero_extendqisi2
2777:Drivers/STM32F7xx_HAL_Driver/Src/stm32f7xx_hal_eth.c ****                         ((uint32_t)((macconf->ReceiveFlowControl == ENABLE) ? 1U : 0U) << 2U) |
 1136              		.loc 1 2777 94 view .LVU361
 1137 00a2 0128     		cmp	r0, #1
 1138 00a4 21D0     		beq	.L79
 1139 00a6 0020     		movs	r0, #0
 1140              	.L67:
2776:Drivers/STM32F7xx_HAL_Driver/Src/stm32f7xx_hal_eth.c ****                         ((uint32_t)((macconf->UnicastPausePacketDetect == ENABLE) ? 1U : 0U) << 3U)
 1141              		.loc 1 2776 52 view .LVU362
 1142 00a8 0343     		orrs	r3, r3, r0
2778:Drivers/STM32F7xx_HAL_Driver/Src/stm32f7xx_hal_eth.c ****                         ((uint32_t)((macconf->TransmitFlowControl == ENABLE) ? 1U : 0U) << 1U));
 1143              		.loc 1 2778 45 view .LVU363
 1144 00aa 94F85600 		ldrb	r0, [r4, #86]	@ zero_extendqisi2
2778:Drivers/STM32F7xx_HAL_Driver/Src/stm32f7xx_hal_eth.c ****                         ((uint32_t)((macconf->TransmitFlowControl == ENABLE) ? 1U : 0U) << 1U));
 1145              		.loc 1 2778 88 view .LVU364
 1146 00ae 0128     		cmp	r0, #1
 1147 00b0 1DD0     		beq	.L80
 1148 00b2 0020     		movs	r0, #0
 1149              	.L68:
2777:Drivers/STM32F7xx_HAL_Driver/Src/stm32f7xx_hal_eth.c ****                         ((uint32_t)((macconf->ReceiveFlowControl == ENABLE) ? 1U : 0U) << 2U) |
 1150              		.loc 1 2777 101 view .LVU365
 1151 00b4 0343     		orrs	r3, r3, r0
2779:Drivers/STM32F7xx_HAL_Driver/Src/stm32f7xx_hal_eth.c **** 
 1152              		.loc 1 2779 45 view .LVU366
 1153 00b6 94F85400 		ldrb	r0, [r4, #84]	@ zero_extendqisi2
2779:Drivers/STM32F7xx_HAL_Driver/Src/stm32f7xx_hal_eth.c **** 
 1154              		.loc 1 2779 89 view .LVU367
 1155 00ba 0128     		cmp	r0, #1
 1156 00bc 19D0     		beq	.L81
 1157 00be 0020     		movs	r0, #0
 1158              	.L69:
2774:Drivers/STM32F7xx_HAL_Driver/Src/stm32f7xx_hal_eth.c ****                         ((uint32_t)((macconf->ZeroQuantaPause == DISABLE) ? 1U : 0U) << 7U) |
 1159              		.loc 1 2774 14 view .LVU368
 1160 00c0 0343     		orrs	r3, r3, r0
2774:Drivers/STM32F7xx_HAL_Driver/Src/stm32f7xx_hal_eth.c ****                         ((uint32_t)((macconf->ZeroQuantaPause == DISABLE) ? 1U : 0U) << 7U) |
 1161              		.loc 1 2774 11 view .LVU369
 1162 00c2 1343     		orrs	r3, r3, r2
 1163              	.LVL93:
2782:Drivers/STM32F7xx_HAL_Driver/Src/stm32f7xx_hal_eth.c **** 
 1164              		.loc 1 2782 3 is_stmt 1 view .LVU370
2782:Drivers/STM32F7xx_HAL_Driver/Src/stm32f7xx_hal_eth.c **** 
 1165              		.loc 1 2782 28 is_stmt 0 view .LVU371
 1166 00c4 8B61     		str	r3, [r1, #24]
2786:Drivers/STM32F7xx_HAL_Driver/Src/stm32f7xx_hal_eth.c ****   HAL_Delay(ETH_REG_WRITE_DELAY);
 1167              		.loc 1 2786 3 is_stmt 1 view .LVU372
2786:Drivers/STM32F7xx_HAL_Driver/Src/stm32f7xx_hal_eth.c ****   HAL_Delay(ETH_REG_WRITE_DELAY);
 1168              		.loc 1 2786 18 is_stmt 0 view .LVU373
 1169 00c6 2B68     		ldr	r3, [r5]
 1170              	.LVL94:
ARM GAS  /tmp/ccQ4qZLu.s 			page 97


2786:Drivers/STM32F7xx_HAL_Driver/Src/stm32f7xx_hal_eth.c ****   HAL_Delay(ETH_REG_WRITE_DELAY);
 1171              		.loc 1 2786 11 view .LVU374
 1172 00c8 9C69     		ldr	r4, [r3, #24]
 1173              	.LVL95:
2787:Drivers/STM32F7xx_HAL_Driver/Src/stm32f7xx_hal_eth.c ****   (heth->Instance)->MACFCR = tmpreg1;
 1174              		.loc 1 2787 3 is_stmt 1 view .LVU375
 1175 00ca 0120     		movs	r0, #1
 1176 00cc FFF7FEFF 		bl	HAL_Delay
 1177              	.LVL96:
2788:Drivers/STM32F7xx_HAL_Driver/Src/stm32f7xx_hal_eth.c **** }
 1178              		.loc 1 2788 3 view .LVU376
2788:Drivers/STM32F7xx_HAL_Driver/Src/stm32f7xx_hal_eth.c **** }
 1179              		.loc 1 2788 8 is_stmt 0 view .LVU377
 1180 00d0 2B68     		ldr	r3, [r5]
2788:Drivers/STM32F7xx_HAL_Driver/Src/stm32f7xx_hal_eth.c **** }
 1181              		.loc 1 2788 28 view .LVU378
 1182 00d2 9C61     		str	r4, [r3, #24]
2789:Drivers/STM32F7xx_HAL_Driver/Src/stm32f7xx_hal_eth.c **** 
 1183              		.loc 1 2789 1 view .LVU379
 1184 00d4 70BD     		pop	{r4, r5, r6, pc}
 1185              	.LVL97:
 1186              	.L70:
2744:Drivers/STM32F7xx_HAL_Driver/Src/stm32f7xx_hal_eth.c ****                         ((uint32_t)((macconf->Jabber == DISABLE) ? 1U : 0U) << 22U) |
 1187              		.loc 1 2744 79 view .LVU380
 1188 00d6 0023     		movs	r3, #0
 1189 00d8 9EE7     		b	.L62
 1190              	.LVL98:
 1191              	.L71:
2745:Drivers/STM32F7xx_HAL_Driver/Src/stm32f7xx_hal_eth.c ****                         (uint32_t)macconf->InterPacketGapVal |
 1192              		.loc 1 2745 77 view .LVU381
 1193 00da 0020     		movs	r0, #0
 1194 00dc A1E7     		b	.L63
 1195              	.L72:
2749:Drivers/STM32F7xx_HAL_Driver/Src/stm32f7xx_hal_eth.c ****                         ((uint32_t)macconf->LoopbackMode << 12U) |
 1196              		.loc 1 2749 81 view .LVU382
 1197 00de 0020     		movs	r0, #0
 1198 00e0 ACE7     		b	.L64
 1199              	.L73:
2753:Drivers/STM32F7xx_HAL_Driver/Src/stm32f7xx_hal_eth.c ****                         ((uint32_t)macconf->AutomaticPadCRCStrip << 7U) |
 1200              		.loc 1 2753 88 view .LVU383
 1201 00e2 0020     		movs	r0, #0
 1202 00e4 B9E7     		b	.L65
 1203              	.LVL99:
 1204              	.L74:
2775:Drivers/STM32F7xx_HAL_Driver/Src/stm32f7xx_hal_eth.c ****                         macconf->PauseLowThreshold |
 1205              		.loc 1 2775 86 view .LVU384
 1206 00e6 0020     		movs	r0, #0
 1207 00e8 D6E7     		b	.L66
 1208              	.L79:
2777:Drivers/STM32F7xx_HAL_Driver/Src/stm32f7xx_hal_eth.c ****                         ((uint32_t)((macconf->ReceiveFlowControl == ENABLE) ? 1U : 0U) << 2U) |
 1209              		.loc 1 2777 94 view .LVU385
 1210 00ea 0820     		movs	r0, #8
 1211 00ec DCE7     		b	.L67
 1212              	.L80:
2778:Drivers/STM32F7xx_HAL_Driver/Src/stm32f7xx_hal_eth.c ****                         ((uint32_t)((macconf->TransmitFlowControl == ENABLE) ? 1U : 0U) << 1U));
 1213              		.loc 1 2778 88 view .LVU386
 1214 00ee 0420     		movs	r0, #4
ARM GAS  /tmp/ccQ4qZLu.s 			page 98


 1215 00f0 E0E7     		b	.L68
 1216              	.L81:
2779:Drivers/STM32F7xx_HAL_Driver/Src/stm32f7xx_hal_eth.c **** 
 1217              		.loc 1 2779 89 view .LVU387
 1218 00f2 0220     		movs	r0, #2
 1219 00f4 E4E7     		b	.L69
 1220              	.L83:
 1221 00f6 00BF     		.align	2
 1222              	.L82:
 1223 00f8 0F8120FF 		.word	-14647025
 1224              		.cfi_endproc
 1225              	.LFE191:
 1227              		.section	.text.ETH_SetDMAConfig,"ax",%progbits
 1228              		.align	1
 1229              		.syntax unified
 1230              		.thumb
 1231              		.thumb_func
 1233              	ETH_SetDMAConfig:
 1234              	.LVL100:
 1235              	.LFB192:
2792:Drivers/STM32F7xx_HAL_Driver/Src/stm32f7xx_hal_eth.c ****   uint32_t tmpreg1;
 1236              		.loc 1 2792 1 is_stmt 1 view -0
 1237              		.cfi_startproc
 1238              		@ args = 0, pretend = 0, frame = 0
 1239              		@ frame_needed = 0, uses_anonymous_args = 0
2792:Drivers/STM32F7xx_HAL_Driver/Src/stm32f7xx_hal_eth.c ****   uint32_t tmpreg1;
 1240              		.loc 1 2792 1 is_stmt 0 view .LVU389
 1241 0000 70B5     		push	{r4, r5, r6, lr}
 1242              	.LCFI8:
 1243              		.cfi_def_cfa_offset 16
 1244              		.cfi_offset 4, -16
 1245              		.cfi_offset 5, -12
 1246              		.cfi_offset 6, -8
 1247              		.cfi_offset 14, -4
 1248 0002 0546     		mov	r5, r0
 1249 0004 0C46     		mov	r4, r1
2793:Drivers/STM32F7xx_HAL_Driver/Src/stm32f7xx_hal_eth.c **** 
 1250              		.loc 1 2793 3 is_stmt 1 view .LVU390
2797:Drivers/STM32F7xx_HAL_Driver/Src/stm32f7xx_hal_eth.c ****   /* Clear xx bits */
 1251              		.loc 1 2797 3 view .LVU391
2797:Drivers/STM32F7xx_HAL_Driver/Src/stm32f7xx_hal_eth.c ****   /* Clear xx bits */
 1252              		.loc 1 2797 18 is_stmt 0 view .LVU392
 1253 0006 0268     		ldr	r2, [r0]
2797:Drivers/STM32F7xx_HAL_Driver/Src/stm32f7xx_hal_eth.c ****   /* Clear xx bits */
 1254              		.loc 1 2797 11 view .LVU393
 1255 0008 02F58053 		add	r3, r2, #4096
 1256 000c 9B69     		ldr	r3, [r3, #24]
 1257              	.LVL101:
2799:Drivers/STM32F7xx_HAL_Driver/Src/stm32f7xx_hal_eth.c **** 
 1258              		.loc 1 2799 3 is_stmt 1 view .LVU394
2799:Drivers/STM32F7xx_HAL_Driver/Src/stm32f7xx_hal_eth.c **** 
 1259              		.loc 1 2799 11 is_stmt 0 view .LVU395
 1260 000e 2B49     		ldr	r1, .L90
 1261              	.LVL102:
2799:Drivers/STM32F7xx_HAL_Driver/Src/stm32f7xx_hal_eth.c **** 
 1262              		.loc 1 2799 11 view .LVU396
 1263 0010 1940     		ands	r1, r1, r3
ARM GAS  /tmp/ccQ4qZLu.s 			page 99


 1264              	.LVL103:
2801:Drivers/STM32F7xx_HAL_Driver/Src/stm32f7xx_hal_eth.c ****                         ((uint32_t)dmaconf->ReceiveStoreForward << 25U) |
 1265              		.loc 1 2801 3 is_stmt 1 view .LVU397
2801:Drivers/STM32F7xx_HAL_Driver/Src/stm32f7xx_hal_eth.c ****                         ((uint32_t)dmaconf->ReceiveStoreForward << 25U) |
 1266              		.loc 1 2801 45 is_stmt 0 view .LVU398
 1267 0012 237B     		ldrb	r3, [r4, #12]	@ zero_extendqisi2
2801:Drivers/STM32F7xx_HAL_Driver/Src/stm32f7xx_hal_eth.c ****                         ((uint32_t)dmaconf->ReceiveStoreForward << 25U) |
 1268              		.loc 1 2801 98 view .LVU399
 1269 0014 002B     		cmp	r3, #0
 1270 0016 4DD1     		bne	.L87
 1271 0018 4FF08063 		mov	r3, #67108864
 1272              	.L85:
2802:Drivers/STM32F7xx_HAL_Driver/Src/stm32f7xx_hal_eth.c ****                         ((uint32_t)((dmaconf->FlushRxPacket == DISABLE) ? 1U : 0U) << 20U) |
 1273              		.loc 1 2802 43 view .LVU400
 1274 001c 607B     		ldrb	r0, [r4, #13]	@ zero_extendqisi2
 1275              	.LVL104:
2801:Drivers/STM32F7xx_HAL_Driver/Src/stm32f7xx_hal_eth.c ****                         ((uint32_t)dmaconf->ReceiveStoreForward << 25U) |
 1276              		.loc 1 2801 106 view .LVU401
 1277 001e 43EA4063 		orr	r3, r3, r0, lsl #25
2803:Drivers/STM32F7xx_HAL_Driver/Src/stm32f7xx_hal_eth.c ****                         ((uint32_t)dmaconf->TransmitStoreForward << 21U) |
 1278              		.loc 1 2803 45 view .LVU402
 1279 0022 607F     		ldrb	r0, [r4, #29]	@ zero_extendqisi2
2803:Drivers/STM32F7xx_HAL_Driver/Src/stm32f7xx_hal_eth.c ****                         ((uint32_t)dmaconf->TransmitStoreForward << 21U) |
 1280              		.loc 1 2803 84 view .LVU403
 1281 0024 0028     		cmp	r0, #0
 1282 0026 47D1     		bne	.L88
 1283 0028 4FF48010 		mov	r0, #1048576
 1284              	.L86:
2802:Drivers/STM32F7xx_HAL_Driver/Src/stm32f7xx_hal_eth.c ****                         ((uint32_t)((dmaconf->FlushRxPacket == DISABLE) ? 1U : 0U) << 20U) |
 1285              		.loc 1 2802 73 view .LVU404
 1286 002c 0343     		orrs	r3, r3, r0
2804:Drivers/STM32F7xx_HAL_Driver/Src/stm32f7xx_hal_eth.c ****                         dmaconf->TransmitThresholdControl |
 1287              		.loc 1 2804 43 view .LVU405
 1288 002e A07B     		ldrb	r0, [r4, #14]	@ zero_extendqisi2
2803:Drivers/STM32F7xx_HAL_Driver/Src/stm32f7xx_hal_eth.c ****                         ((uint32_t)dmaconf->TransmitStoreForward << 21U) |
 1289              		.loc 1 2803 92 view .LVU406
 1290 0030 43EA4053 		orr	r3, r3, r0, lsl #21
2805:Drivers/STM32F7xx_HAL_Driver/Src/stm32f7xx_hal_eth.c ****                         ((uint32_t)dmaconf->ForwardErrorFrames << 7U) |
 1291              		.loc 1 2805 32 view .LVU407
 1292 0034 6069     		ldr	r0, [r4, #20]
2804:Drivers/STM32F7xx_HAL_Driver/Src/stm32f7xx_hal_eth.c ****                         dmaconf->TransmitThresholdControl |
 1293              		.loc 1 2804 74 view .LVU408
 1294 0036 0343     		orrs	r3, r3, r0
2806:Drivers/STM32F7xx_HAL_Driver/Src/stm32f7xx_hal_eth.c ****                         ((uint32_t)dmaconf->ForwardUndersizedGoodFrames << 6U) |
 1295              		.loc 1 2806 43 view .LVU409
 1296 0038 207F     		ldrb	r0, [r4, #28]	@ zero_extendqisi2
2805:Drivers/STM32F7xx_HAL_Driver/Src/stm32f7xx_hal_eth.c ****                         ((uint32_t)dmaconf->ForwardErrorFrames << 7U) |
 1297              		.loc 1 2805 59 view .LVU410
 1298 003a 43EAC013 		orr	r3, r3, r0, lsl #7
2807:Drivers/STM32F7xx_HAL_Driver/Src/stm32f7xx_hal_eth.c ****                         dmaconf->ReceiveThresholdControl |
 1299              		.loc 1 2807 43 view .LVU411
 1300 003e A07F     		ldrb	r0, [r4, #30]	@ zero_extendqisi2
2806:Drivers/STM32F7xx_HAL_Driver/Src/stm32f7xx_hal_eth.c ****                         ((uint32_t)dmaconf->ForwardUndersizedGoodFrames << 6U) |
 1301              		.loc 1 2806 71 view .LVU412
 1302 0040 43EA8013 		orr	r3, r3, r0, lsl #6
2808:Drivers/STM32F7xx_HAL_Driver/Src/stm32f7xx_hal_eth.c ****                         ((uint32_t)dmaconf->SecondFrameOperate << 2U));
 1303              		.loc 1 2808 32 view .LVU413
ARM GAS  /tmp/ccQ4qZLu.s 			page 100


 1304 0044 206A     		ldr	r0, [r4, #32]
2807:Drivers/STM32F7xx_HAL_Driver/Src/stm32f7xx_hal_eth.c ****                         dmaconf->ReceiveThresholdControl |
 1305              		.loc 1 2807 80 view .LVU414
 1306 0046 0343     		orrs	r3, r3, r0
2809:Drivers/STM32F7xx_HAL_Driver/Src/stm32f7xx_hal_eth.c **** 
 1307              		.loc 1 2809 43 view .LVU415
 1308 0048 94F82400 		ldrb	r0, [r4, #36]	@ zero_extendqisi2
2801:Drivers/STM32F7xx_HAL_Driver/Src/stm32f7xx_hal_eth.c ****                         ((uint32_t)dmaconf->ReceiveStoreForward << 25U) |
 1309              		.loc 1 2801 14 view .LVU416
 1310 004c 43EA8003 		orr	r3, r3, r0, lsl #2
2801:Drivers/STM32F7xx_HAL_Driver/Src/stm32f7xx_hal_eth.c ****                         ((uint32_t)dmaconf->ReceiveStoreForward << 25U) |
 1311              		.loc 1 2801 11 view .LVU417
 1312 0050 0B43     		orrs	r3, r3, r1
 1313              	.LVL105:
2812:Drivers/STM32F7xx_HAL_Driver/Src/stm32f7xx_hal_eth.c **** 
 1314              		.loc 1 2812 3 is_stmt 1 view .LVU418
2812:Drivers/STM32F7xx_HAL_Driver/Src/stm32f7xx_hal_eth.c **** 
 1315              		.loc 1 2812 28 is_stmt 0 view .LVU419
 1316 0052 02F58052 		add	r2, r2, #4096
 1317 0056 9361     		str	r3, [r2, #24]
2816:Drivers/STM32F7xx_HAL_Driver/Src/stm32f7xx_hal_eth.c ****   HAL_Delay(ETH_REG_WRITE_DELAY);
 1318              		.loc 1 2816 3 is_stmt 1 view .LVU420
2816:Drivers/STM32F7xx_HAL_Driver/Src/stm32f7xx_hal_eth.c ****   HAL_Delay(ETH_REG_WRITE_DELAY);
 1319              		.loc 1 2816 18 is_stmt 0 view .LVU421
 1320 0058 2B68     		ldr	r3, [r5]
 1321              	.LVL106:
2816:Drivers/STM32F7xx_HAL_Driver/Src/stm32f7xx_hal_eth.c ****   HAL_Delay(ETH_REG_WRITE_DELAY);
 1322              		.loc 1 2816 11 view .LVU422
 1323 005a 03F58053 		add	r3, r3, #4096
 1324 005e 9E69     		ldr	r6, [r3, #24]
 1325              	.LVL107:
2817:Drivers/STM32F7xx_HAL_Driver/Src/stm32f7xx_hal_eth.c ****   (heth->Instance)->DMAOMR = tmpreg1;
 1326              		.loc 1 2817 3 is_stmt 1 view .LVU423
 1327 0060 0120     		movs	r0, #1
 1328 0062 FFF7FEFF 		bl	HAL_Delay
 1329              	.LVL108:
2818:Drivers/STM32F7xx_HAL_Driver/Src/stm32f7xx_hal_eth.c **** 
 1330              		.loc 1 2818 3 view .LVU424
2818:Drivers/STM32F7xx_HAL_Driver/Src/stm32f7xx_hal_eth.c **** 
 1331              		.loc 1 2818 8 is_stmt 0 view .LVU425
 1332 0066 2B68     		ldr	r3, [r5]
2818:Drivers/STM32F7xx_HAL_Driver/Src/stm32f7xx_hal_eth.c **** 
 1333              		.loc 1 2818 28 view .LVU426
 1334 0068 03F58053 		add	r3, r3, #4096
 1335 006c 9E61     		str	r6, [r3, #24]
2821:Drivers/STM32F7xx_HAL_Driver/Src/stm32f7xx_hal_eth.c ****                                         dmaconf->BurstMode |
 1336              		.loc 1 2821 3 is_stmt 1 view .LVU427
2821:Drivers/STM32F7xx_HAL_Driver/Src/stm32f7xx_hal_eth.c ****                                         dmaconf->BurstMode |
 1337              		.loc 1 2821 59 is_stmt 0 view .LVU428
 1338 006e 2279     		ldrb	r2, [r4, #4]	@ zero_extendqisi2
2822:Drivers/STM32F7xx_HAL_Driver/Src/stm32f7xx_hal_eth.c ****                                         dmaconf->RxDMABurstLength | /* !! if 4xPBL is selected for 
 1339              		.loc 1 2822 48 view .LVU429
 1340 0070 A368     		ldr	r3, [r4, #8]
2821:Drivers/STM32F7xx_HAL_Driver/Src/stm32f7xx_hal_eth.c ****                                         dmaconf->BurstMode |
 1341              		.loc 1 2821 89 view .LVU430
 1342 0072 43EA4263 		orr	r3, r3, r2, lsl #25
2823:Drivers/STM32F7xx_HAL_Driver/Src/stm32f7xx_hal_eth.c ****                                                                        Rx it is applied for the oth
ARM GAS  /tmp/ccQ4qZLu.s 			page 101


 1343              		.loc 1 2823 48 view .LVU431
 1344 0076 A269     		ldr	r2, [r4, #24]
2822:Drivers/STM32F7xx_HAL_Driver/Src/stm32f7xx_hal_eth.c ****                                         dmaconf->RxDMABurstLength | /* !! if 4xPBL is selected for 
 1345              		.loc 1 2822 60 view .LVU432
 1346 0078 1343     		orrs	r3, r3, r2
2825:Drivers/STM32F7xx_HAL_Driver/Src/stm32f7xx_hal_eth.c ****                                         ((uint32_t)dmaconf->EnhancedDescriptorFormat << 7U) |
 1347              		.loc 1 2825 48 view .LVU433
 1348 007a 2269     		ldr	r2, [r4, #16]
2823:Drivers/STM32F7xx_HAL_Driver/Src/stm32f7xx_hal_eth.c ****                                                                        Rx it is applied for the oth
 1349              		.loc 1 2823 67 view .LVU434
 1350 007c 1343     		orrs	r3, r3, r2
2826:Drivers/STM32F7xx_HAL_Driver/Src/stm32f7xx_hal_eth.c ****                                         (dmaconf->DescriptorSkipLength << 2U) |
 1351              		.loc 1 2826 59 view .LVU435
 1352 007e 94F82520 		ldrb	r2, [r4, #37]	@ zero_extendqisi2
2825:Drivers/STM32F7xx_HAL_Driver/Src/stm32f7xx_hal_eth.c ****                                         ((uint32_t)dmaconf->EnhancedDescriptorFormat << 7U) |
 1353              		.loc 1 2825 67 view .LVU436
 1354 0082 43EAC213 		orr	r3, r3, r2, lsl #7
2827:Drivers/STM32F7xx_HAL_Driver/Src/stm32f7xx_hal_eth.c ****                                         dmaconf->DMAArbitration |
 1355              		.loc 1 2827 49 view .LVU437
 1356 0086 A26A     		ldr	r2, [r4, #40]
2826:Drivers/STM32F7xx_HAL_Driver/Src/stm32f7xx_hal_eth.c ****                                         (dmaconf->DescriptorSkipLength << 2U) |
 1357              		.loc 1 2826 93 view .LVU438
 1358 0088 43EA8203 		orr	r3, r3, r2, lsl #2
2828:Drivers/STM32F7xx_HAL_Driver/Src/stm32f7xx_hal_eth.c ****                                         ETH_DMABMR_USP); /* Enable use of separate PBL for Rx and T
 1359              		.loc 1 2828 48 view .LVU439
 1360 008c 2268     		ldr	r2, [r4]
2827:Drivers/STM32F7xx_HAL_Driver/Src/stm32f7xx_hal_eth.c ****                                         dmaconf->DMAArbitration |
 1361              		.loc 1 2827 79 view .LVU440
 1362 008e 1343     		orrs	r3, r3, r2
2821:Drivers/STM32F7xx_HAL_Driver/Src/stm32f7xx_hal_eth.c ****                                         dmaconf->BurstMode |
 1363              		.loc 1 2821 8 view .LVU441
 1364 0090 2A68     		ldr	r2, [r5]
2821:Drivers/STM32F7xx_HAL_Driver/Src/stm32f7xx_hal_eth.c ****                                         dmaconf->BurstMode |
 1365              		.loc 1 2821 30 view .LVU442
 1366 0092 43F40003 		orr	r3, r3, #8388608
2821:Drivers/STM32F7xx_HAL_Driver/Src/stm32f7xx_hal_eth.c ****                                         dmaconf->BurstMode |
 1367              		.loc 1 2821 28 view .LVU443
 1368 0096 02F58052 		add	r2, r2, #4096
 1369 009a 1360     		str	r3, [r2]
2833:Drivers/STM32F7xx_HAL_Driver/Src/stm32f7xx_hal_eth.c ****   HAL_Delay(ETH_REG_WRITE_DELAY);
 1370              		.loc 1 2833 3 is_stmt 1 view .LVU444
2833:Drivers/STM32F7xx_HAL_Driver/Src/stm32f7xx_hal_eth.c ****   HAL_Delay(ETH_REG_WRITE_DELAY);
 1371              		.loc 1 2833 18 is_stmt 0 view .LVU445
 1372 009c 2B68     		ldr	r3, [r5]
2833:Drivers/STM32F7xx_HAL_Driver/Src/stm32f7xx_hal_eth.c ****   HAL_Delay(ETH_REG_WRITE_DELAY);
 1373              		.loc 1 2833 11 view .LVU446
 1374 009e 03F58053 		add	r3, r3, #4096
 1375 00a2 1C68     		ldr	r4, [r3]
 1376              	.LVL109:
2834:Drivers/STM32F7xx_HAL_Driver/Src/stm32f7xx_hal_eth.c ****   (heth->Instance)->DMABMR = tmpreg1;
 1377              		.loc 1 2834 3 is_stmt 1 view .LVU447
 1378 00a4 0120     		movs	r0, #1
 1379 00a6 FFF7FEFF 		bl	HAL_Delay
 1380              	.LVL110:
2835:Drivers/STM32F7xx_HAL_Driver/Src/stm32f7xx_hal_eth.c **** }
 1381              		.loc 1 2835 3 view .LVU448
2835:Drivers/STM32F7xx_HAL_Driver/Src/stm32f7xx_hal_eth.c **** }
ARM GAS  /tmp/ccQ4qZLu.s 			page 102


 1382              		.loc 1 2835 8 is_stmt 0 view .LVU449
 1383 00aa 2B68     		ldr	r3, [r5]
2835:Drivers/STM32F7xx_HAL_Driver/Src/stm32f7xx_hal_eth.c **** }
 1384              		.loc 1 2835 28 view .LVU450
 1385 00ac 03F58053 		add	r3, r3, #4096
 1386 00b0 1C60     		str	r4, [r3]
2836:Drivers/STM32F7xx_HAL_Driver/Src/stm32f7xx_hal_eth.c **** 
 1387              		.loc 1 2836 1 view .LVU451
 1388 00b2 70BD     		pop	{r4, r5, r6, pc}
 1389              	.LVL111:
 1390              	.L87:
2801:Drivers/STM32F7xx_HAL_Driver/Src/stm32f7xx_hal_eth.c ****                         ((uint32_t)dmaconf->ReceiveStoreForward << 25U) |
 1391              		.loc 1 2801 98 view .LVU452
 1392 00b4 0023     		movs	r3, #0
 1393 00b6 B1E7     		b	.L85
 1394              	.LVL112:
 1395              	.L88:
2803:Drivers/STM32F7xx_HAL_Driver/Src/stm32f7xx_hal_eth.c ****                         ((uint32_t)dmaconf->TransmitStoreForward << 21U) |
 1396              		.loc 1 2803 84 view .LVU453
 1397 00b8 0020     		movs	r0, #0
 1398 00ba B7E7     		b	.L86
 1399              	.L91:
 1400              		.align	2
 1401              	.L90:
 1402 00bc 233FDEF8 		.word	-119652573
 1403              		.cfi_endproc
 1404              	.LFE192:
 1406              		.section	.text.ETH_MACDMAConfig,"ax",%progbits
 1407              		.align	1
 1408              		.syntax unified
 1409              		.thumb
 1410              		.thumb_func
 1412              	ETH_MACDMAConfig:
 1413              	.LVL113:
 1414              	.LFB193:
2846:Drivers/STM32F7xx_HAL_Driver/Src/stm32f7xx_hal_eth.c ****   ETH_MACConfigTypeDef macDefaultConf;
 1415              		.loc 1 2846 1 is_stmt 1 view -0
 1416              		.cfi_startproc
 1417              		@ args = 0, pretend = 0, frame = 144
 1418              		@ frame_needed = 0, uses_anonymous_args = 0
2846:Drivers/STM32F7xx_HAL_Driver/Src/stm32f7xx_hal_eth.c ****   ETH_MACConfigTypeDef macDefaultConf;
 1419              		.loc 1 2846 1 is_stmt 0 view .LVU455
 1420 0000 70B5     		push	{r4, r5, r6, lr}
 1421              	.LCFI9:
 1422              		.cfi_def_cfa_offset 16
 1423              		.cfi_offset 4, -16
 1424              		.cfi_offset 5, -12
 1425              		.cfi_offset 6, -8
 1426              		.cfi_offset 14, -4
 1427 0002 A4B0     		sub	sp, sp, #144
 1428              	.LCFI10:
 1429              		.cfi_def_cfa_offset 160
 1430 0004 0646     		mov	r6, r0
2847:Drivers/STM32F7xx_HAL_Driver/Src/stm32f7xx_hal_eth.c ****   ETH_DMAConfigTypeDef dmaDefaultConf;
 1431              		.loc 1 2847 3 is_stmt 1 view .LVU456
2848:Drivers/STM32F7xx_HAL_Driver/Src/stm32f7xx_hal_eth.c **** 
 1432              		.loc 1 2848 3 view .LVU457
ARM GAS  /tmp/ccQ4qZLu.s 			page 103


2851:Drivers/STM32F7xx_HAL_Driver/Src/stm32f7xx_hal_eth.c ****   macDefaultConf.Jabber = ENABLE;
 1433              		.loc 1 2851 3 view .LVU458
2851:Drivers/STM32F7xx_HAL_Driver/Src/stm32f7xx_hal_eth.c ****   macDefaultConf.Jabber = ENABLE;
 1434              		.loc 1 2851 27 is_stmt 0 view .LVU459
 1435 0006 0125     		movs	r5, #1
 1436 0008 8DF83C50 		strb	r5, [sp, #60]
2852:Drivers/STM32F7xx_HAL_Driver/Src/stm32f7xx_hal_eth.c ****   macDefaultConf.InterPacketGapVal = ETH_INTERFRAMEGAP_96BIT;
 1437              		.loc 1 2852 3 is_stmt 1 view .LVU460
2852:Drivers/STM32F7xx_HAL_Driver/Src/stm32f7xx_hal_eth.c ****   macDefaultConf.InterPacketGapVal = ETH_INTERFRAMEGAP_96BIT;
 1438              		.loc 1 2852 25 is_stmt 0 view .LVU461
 1439 000c 8DF83D50 		strb	r5, [sp, #61]
2853:Drivers/STM32F7xx_HAL_Driver/Src/stm32f7xx_hal_eth.c ****   macDefaultConf.CarrierSenseDuringTransmit = DISABLE;
 1440              		.loc 1 2853 3 is_stmt 1 view .LVU462
2853:Drivers/STM32F7xx_HAL_Driver/Src/stm32f7xx_hal_eth.c ****   macDefaultConf.CarrierSenseDuringTransmit = DISABLE;
 1441              		.loc 1 2853 36 is_stmt 0 view .LVU463
 1442 0010 0024     		movs	r4, #0
 1443 0012 0D94     		str	r4, [sp, #52]
2854:Drivers/STM32F7xx_HAL_Driver/Src/stm32f7xx_hal_eth.c ****   macDefaultConf.ReceiveOwn = ENABLE;
 1444              		.loc 1 2854 3 is_stmt 1 view .LVU464
2854:Drivers/STM32F7xx_HAL_Driver/Src/stm32f7xx_hal_eth.c ****   macDefaultConf.ReceiveOwn = ENABLE;
 1445              		.loc 1 2854 45 is_stmt 0 view .LVU465
 1446 0014 8DF84B40 		strb	r4, [sp, #75]
2855:Drivers/STM32F7xx_HAL_Driver/Src/stm32f7xx_hal_eth.c ****   macDefaultConf.LoopbackMode = DISABLE;
 1447              		.loc 1 2855 3 is_stmt 1 view .LVU466
2855:Drivers/STM32F7xx_HAL_Driver/Src/stm32f7xx_hal_eth.c ****   macDefaultConf.LoopbackMode = DISABLE;
 1448              		.loc 1 2855 29 is_stmt 0 view .LVU467
 1449 0018 8DF84A50 		strb	r5, [sp, #74]
2856:Drivers/STM32F7xx_HAL_Driver/Src/stm32f7xx_hal_eth.c ****   macDefaultConf.ChecksumOffload = ENABLE;
 1450              		.loc 1 2856 3 is_stmt 1 view .LVU468
2856:Drivers/STM32F7xx_HAL_Driver/Src/stm32f7xx_hal_eth.c ****   macDefaultConf.ChecksumOffload = ENABLE;
 1451              		.loc 1 2856 31 is_stmt 0 view .LVU469
 1452 001c 8DF84840 		strb	r4, [sp, #72]
2857:Drivers/STM32F7xx_HAL_Driver/Src/stm32f7xx_hal_eth.c ****   macDefaultConf.RetryTransmission = DISABLE;
 1453              		.loc 1 2857 3 is_stmt 1 view .LVU470
2857:Drivers/STM32F7xx_HAL_Driver/Src/stm32f7xx_hal_eth.c ****   macDefaultConf.RetryTransmission = DISABLE;
 1454              		.loc 1 2857 34 is_stmt 0 view .LVU471
 1455 0020 8DF83050 		strb	r5, [sp, #48]
2858:Drivers/STM32F7xx_HAL_Driver/Src/stm32f7xx_hal_eth.c ****   macDefaultConf.AutomaticPadCRCStrip = DISABLE;
 1456              		.loc 1 2858 3 is_stmt 1 view .LVU472
2858:Drivers/STM32F7xx_HAL_Driver/Src/stm32f7xx_hal_eth.c ****   macDefaultConf.AutomaticPadCRCStrip = DISABLE;
 1457              		.loc 1 2858 36 is_stmt 0 view .LVU473
 1458 0024 8DF84C40 		strb	r4, [sp, #76]
2859:Drivers/STM32F7xx_HAL_Driver/Src/stm32f7xx_hal_eth.c ****   macDefaultConf.BackOffLimit = ETH_BACKOFFLIMIT_10;
 1459              		.loc 1 2859 3 is_stmt 1 view .LVU474
2859:Drivers/STM32F7xx_HAL_Driver/Src/stm32f7xx_hal_eth.c ****   macDefaultConf.BackOffLimit = ETH_BACKOFFLIMIT_10;
 1460              		.loc 1 2859 39 is_stmt 0 view .LVU475
 1461 0028 8DF83B40 		strb	r4, [sp, #59]
2860:Drivers/STM32F7xx_HAL_Driver/Src/stm32f7xx_hal_eth.c ****   macDefaultConf.DeferralCheck = DISABLE;
 1462              		.loc 1 2860 3 is_stmt 1 view .LVU476
2860:Drivers/STM32F7xx_HAL_Driver/Src/stm32f7xx_hal_eth.c ****   macDefaultConf.DeferralCheck = DISABLE;
 1463              		.loc 1 2860 31 is_stmt 0 view .LVU477
 1464 002c 1494     		str	r4, [sp, #80]
2861:Drivers/STM32F7xx_HAL_Driver/Src/stm32f7xx_hal_eth.c ****   macDefaultConf.PauseTime = 0x0U;
 1465              		.loc 1 2861 3 is_stmt 1 view .LVU478
2861:Drivers/STM32F7xx_HAL_Driver/Src/stm32f7xx_hal_eth.c ****   macDefaultConf.PauseTime = 0x0U;
 1466              		.loc 1 2861 32 is_stmt 0 view .LVU479
 1467 002e 8DF85440 		strb	r4, [sp, #84]
ARM GAS  /tmp/ccQ4qZLu.s 			page 104


2862:Drivers/STM32F7xx_HAL_Driver/Src/stm32f7xx_hal_eth.c ****   macDefaultConf.ZeroQuantaPause = DISABLE;
 1468              		.loc 1 2862 3 is_stmt 1 view .LVU480
2862:Drivers/STM32F7xx_HAL_Driver/Src/stm32f7xx_hal_eth.c ****   macDefaultConf.ZeroQuantaPause = DISABLE;
 1469              		.loc 1 2862 28 is_stmt 0 view .LVU481
 1470 0032 1D94     		str	r4, [sp, #116]
2863:Drivers/STM32F7xx_HAL_Driver/Src/stm32f7xx_hal_eth.c ****   macDefaultConf.PauseLowThreshold = ETH_PAUSELOWTHRESHOLD_MINUS4;
 1471              		.loc 1 2863 3 is_stmt 1 view .LVU482
2863:Drivers/STM32F7xx_HAL_Driver/Src/stm32f7xx_hal_eth.c ****   macDefaultConf.PauseLowThreshold = ETH_PAUSELOWTHRESHOLD_MINUS4;
 1472              		.loc 1 2863 34 is_stmt 0 view .LVU483
 1473 0034 8DF87840 		strb	r4, [sp, #120]
2864:Drivers/STM32F7xx_HAL_Driver/Src/stm32f7xx_hal_eth.c ****   macDefaultConf.ReceiveFlowControl = DISABLE;
 1474              		.loc 1 2864 3 is_stmt 1 view .LVU484
2864:Drivers/STM32F7xx_HAL_Driver/Src/stm32f7xx_hal_eth.c ****   macDefaultConf.ReceiveFlowControl = DISABLE;
 1475              		.loc 1 2864 36 is_stmt 0 view .LVU485
 1476 0038 1F94     		str	r4, [sp, #124]
2865:Drivers/STM32F7xx_HAL_Driver/Src/stm32f7xx_hal_eth.c ****   macDefaultConf.TransmitFlowControl = DISABLE;
 1477              		.loc 1 2865 3 is_stmt 1 view .LVU486
2865:Drivers/STM32F7xx_HAL_Driver/Src/stm32f7xx_hal_eth.c ****   macDefaultConf.TransmitFlowControl = DISABLE;
 1478              		.loc 1 2865 37 is_stmt 0 view .LVU487
 1479 003a 8DF88240 		strb	r4, [sp, #130]
2866:Drivers/STM32F7xx_HAL_Driver/Src/stm32f7xx_hal_eth.c ****   macDefaultConf.Speed = ETH_SPEED_100M;
 1480              		.loc 1 2866 3 is_stmt 1 view .LVU488
2866:Drivers/STM32F7xx_HAL_Driver/Src/stm32f7xx_hal_eth.c ****   macDefaultConf.Speed = ETH_SPEED_100M;
 1481              		.loc 1 2866 38 is_stmt 0 view .LVU489
 1482 003e 8DF88040 		strb	r4, [sp, #128]
2867:Drivers/STM32F7xx_HAL_Driver/Src/stm32f7xx_hal_eth.c ****   macDefaultConf.DuplexMode = ETH_FULLDUPLEX_MODE;
 1483              		.loc 1 2867 3 is_stmt 1 view .LVU490
2867:Drivers/STM32F7xx_HAL_Driver/Src/stm32f7xx_hal_eth.c ****   macDefaultConf.DuplexMode = ETH_FULLDUPLEX_MODE;
 1484              		.loc 1 2867 24 is_stmt 0 view .LVU491
 1485 0042 4FF48043 		mov	r3, #16384
 1486 0046 1093     		str	r3, [sp, #64]
2868:Drivers/STM32F7xx_HAL_Driver/Src/stm32f7xx_hal_eth.c ****   macDefaultConf.UnicastPausePacketDetect = DISABLE;
 1487              		.loc 1 2868 3 is_stmt 1 view .LVU492
2868:Drivers/STM32F7xx_HAL_Driver/Src/stm32f7xx_hal_eth.c ****   macDefaultConf.UnicastPausePacketDetect = DISABLE;
 1488              		.loc 1 2868 29 is_stmt 0 view .LVU493
 1489 0048 4FF40063 		mov	r3, #2048
 1490 004c 1193     		str	r3, [sp, #68]
2869:Drivers/STM32F7xx_HAL_Driver/Src/stm32f7xx_hal_eth.c **** 
 1491              		.loc 1 2869 3 is_stmt 1 view .LVU494
2869:Drivers/STM32F7xx_HAL_Driver/Src/stm32f7xx_hal_eth.c **** 
 1492              		.loc 1 2869 43 is_stmt 0 view .LVU495
 1493 004e 8DF88140 		strb	r4, [sp, #129]
2872:Drivers/STM32F7xx_HAL_Driver/Src/stm32f7xx_hal_eth.c **** 
 1494              		.loc 1 2872 3 is_stmt 1 view .LVU496
 1495 0052 0BA9     		add	r1, sp, #44
 1496 0054 FFF7FEFF 		bl	ETH_SetMACConfig
 1497              	.LVL114:
2875:Drivers/STM32F7xx_HAL_Driver/Src/stm32f7xx_hal_eth.c ****   dmaDefaultConf.ReceiveStoreForward = ENABLE;
 1498              		.loc 1 2875 3 view .LVU497
2875:Drivers/STM32F7xx_HAL_Driver/Src/stm32f7xx_hal_eth.c ****   dmaDefaultConf.ReceiveStoreForward = ENABLE;
 1499              		.loc 1 2875 46 is_stmt 0 view .LVU498
 1500 0058 8DF80C50 		strb	r5, [sp, #12]
2876:Drivers/STM32F7xx_HAL_Driver/Src/stm32f7xx_hal_eth.c ****   dmaDefaultConf.FlushRxPacket = ENABLE;
 1501              		.loc 1 2876 3 is_stmt 1 view .LVU499
2876:Drivers/STM32F7xx_HAL_Driver/Src/stm32f7xx_hal_eth.c ****   dmaDefaultConf.FlushRxPacket = ENABLE;
 1502              		.loc 1 2876 38 is_stmt 0 view .LVU500
 1503 005c 8DF80D50 		strb	r5, [sp, #13]
ARM GAS  /tmp/ccQ4qZLu.s 			page 105


2877:Drivers/STM32F7xx_HAL_Driver/Src/stm32f7xx_hal_eth.c ****   dmaDefaultConf.TransmitStoreForward = ENABLE;
 1504              		.loc 1 2877 3 is_stmt 1 view .LVU501
2877:Drivers/STM32F7xx_HAL_Driver/Src/stm32f7xx_hal_eth.c ****   dmaDefaultConf.TransmitStoreForward = ENABLE;
 1505              		.loc 1 2877 32 is_stmt 0 view .LVU502
 1506 0060 8DF81D50 		strb	r5, [sp, #29]
2878:Drivers/STM32F7xx_HAL_Driver/Src/stm32f7xx_hal_eth.c ****   dmaDefaultConf.TransmitThresholdControl = ETH_TRANSMITTHRESHOLDCONTROL_64BYTES;
 1507              		.loc 1 2878 3 is_stmt 1 view .LVU503
2878:Drivers/STM32F7xx_HAL_Driver/Src/stm32f7xx_hal_eth.c ****   dmaDefaultConf.TransmitThresholdControl = ETH_TRANSMITTHRESHOLDCONTROL_64BYTES;
 1508              		.loc 1 2878 39 is_stmt 0 view .LVU504
 1509 0064 8DF80E50 		strb	r5, [sp, #14]
2879:Drivers/STM32F7xx_HAL_Driver/Src/stm32f7xx_hal_eth.c ****   dmaDefaultConf.ForwardErrorFrames = DISABLE;
 1510              		.loc 1 2879 3 is_stmt 1 view .LVU505
2879:Drivers/STM32F7xx_HAL_Driver/Src/stm32f7xx_hal_eth.c ****   dmaDefaultConf.ForwardErrorFrames = DISABLE;
 1511              		.loc 1 2879 43 is_stmt 0 view .LVU506
 1512 0068 0594     		str	r4, [sp, #20]
2880:Drivers/STM32F7xx_HAL_Driver/Src/stm32f7xx_hal_eth.c ****   dmaDefaultConf.ForwardUndersizedGoodFrames = DISABLE;
 1513              		.loc 1 2880 3 is_stmt 1 view .LVU507
2880:Drivers/STM32F7xx_HAL_Driver/Src/stm32f7xx_hal_eth.c ****   dmaDefaultConf.ForwardUndersizedGoodFrames = DISABLE;
 1514              		.loc 1 2880 37 is_stmt 0 view .LVU508
 1515 006a 8DF81C40 		strb	r4, [sp, #28]
2881:Drivers/STM32F7xx_HAL_Driver/Src/stm32f7xx_hal_eth.c ****   dmaDefaultConf.ReceiveThresholdControl = ETH_RECEIVEDTHRESHOLDCONTROL_64BYTES;
 1516              		.loc 1 2881 3 is_stmt 1 view .LVU509
2881:Drivers/STM32F7xx_HAL_Driver/Src/stm32f7xx_hal_eth.c ****   dmaDefaultConf.ReceiveThresholdControl = ETH_RECEIVEDTHRESHOLDCONTROL_64BYTES;
 1517              		.loc 1 2881 46 is_stmt 0 view .LVU510
 1518 006e 8DF81E40 		strb	r4, [sp, #30]
2882:Drivers/STM32F7xx_HAL_Driver/Src/stm32f7xx_hal_eth.c ****   dmaDefaultConf.SecondFrameOperate = ENABLE;
 1519              		.loc 1 2882 3 is_stmt 1 view .LVU511
2882:Drivers/STM32F7xx_HAL_Driver/Src/stm32f7xx_hal_eth.c ****   dmaDefaultConf.SecondFrameOperate = ENABLE;
 1520              		.loc 1 2882 42 is_stmt 0 view .LVU512
 1521 0072 0894     		str	r4, [sp, #32]
2883:Drivers/STM32F7xx_HAL_Driver/Src/stm32f7xx_hal_eth.c ****   dmaDefaultConf.AddressAlignedBeats = ENABLE;
 1522              		.loc 1 2883 3 is_stmt 1 view .LVU513
2883:Drivers/STM32F7xx_HAL_Driver/Src/stm32f7xx_hal_eth.c ****   dmaDefaultConf.AddressAlignedBeats = ENABLE;
 1523              		.loc 1 2883 37 is_stmt 0 view .LVU514
 1524 0074 8DF82450 		strb	r5, [sp, #36]
2884:Drivers/STM32F7xx_HAL_Driver/Src/stm32f7xx_hal_eth.c ****   dmaDefaultConf.BurstMode = ETH_BURSTLENGTH_FIXED;
 1525              		.loc 1 2884 3 is_stmt 1 view .LVU515
2884:Drivers/STM32F7xx_HAL_Driver/Src/stm32f7xx_hal_eth.c ****   dmaDefaultConf.BurstMode = ETH_BURSTLENGTH_FIXED;
 1526              		.loc 1 2884 38 is_stmt 0 view .LVU516
 1527 0078 8DF80450 		strb	r5, [sp, #4]
2885:Drivers/STM32F7xx_HAL_Driver/Src/stm32f7xx_hal_eth.c ****   dmaDefaultConf.RxDMABurstLength = ETH_RXDMABURSTLENGTH_32BEAT;
 1528              		.loc 1 2885 3 is_stmt 1 view .LVU517
2885:Drivers/STM32F7xx_HAL_Driver/Src/stm32f7xx_hal_eth.c ****   dmaDefaultConf.RxDMABurstLength = ETH_RXDMABURSTLENGTH_32BEAT;
 1529              		.loc 1 2885 28 is_stmt 0 view .LVU518
 1530 007c 4FF48033 		mov	r3, #65536
 1531 0080 0293     		str	r3, [sp, #8]
2886:Drivers/STM32F7xx_HAL_Driver/Src/stm32f7xx_hal_eth.c ****   dmaDefaultConf.TxDMABurstLength = ETH_TXDMABURSTLENGTH_32BEAT;
 1532              		.loc 1 2886 3 is_stmt 1 view .LVU519
2886:Drivers/STM32F7xx_HAL_Driver/Src/stm32f7xx_hal_eth.c ****   dmaDefaultConf.TxDMABurstLength = ETH_TXDMABURSTLENGTH_32BEAT;
 1533              		.loc 1 2886 35 is_stmt 0 view .LVU520
 1534 0082 4FF48003 		mov	r3, #4194304
 1535 0086 0693     		str	r3, [sp, #24]
2887:Drivers/STM32F7xx_HAL_Driver/Src/stm32f7xx_hal_eth.c ****   dmaDefaultConf.EnhancedDescriptorFormat = ENABLE;
 1536              		.loc 1 2887 3 is_stmt 1 view .LVU521
2887:Drivers/STM32F7xx_HAL_Driver/Src/stm32f7xx_hal_eth.c ****   dmaDefaultConf.EnhancedDescriptorFormat = ENABLE;
 1537              		.loc 1 2887 35 is_stmt 0 view .LVU522
 1538 0088 4FF40053 		mov	r3, #8192
ARM GAS  /tmp/ccQ4qZLu.s 			page 106


 1539 008c 0493     		str	r3, [sp, #16]
2888:Drivers/STM32F7xx_HAL_Driver/Src/stm32f7xx_hal_eth.c ****   dmaDefaultConf.DescriptorSkipLength = 0x0U;
 1540              		.loc 1 2888 3 is_stmt 1 view .LVU523
2888:Drivers/STM32F7xx_HAL_Driver/Src/stm32f7xx_hal_eth.c ****   dmaDefaultConf.DescriptorSkipLength = 0x0U;
 1541              		.loc 1 2888 43 is_stmt 0 view .LVU524
 1542 008e 8DF82550 		strb	r5, [sp, #37]
2889:Drivers/STM32F7xx_HAL_Driver/Src/stm32f7xx_hal_eth.c ****   dmaDefaultConf.DMAArbitration = ETH_DMAARBITRATION_ROUNDROBIN_RXTX_1_1;
 1543              		.loc 1 2889 3 is_stmt 1 view .LVU525
2889:Drivers/STM32F7xx_HAL_Driver/Src/stm32f7xx_hal_eth.c ****   dmaDefaultConf.DMAArbitration = ETH_DMAARBITRATION_ROUNDROBIN_RXTX_1_1;
 1544              		.loc 1 2889 39 is_stmt 0 view .LVU526
 1545 0092 0A94     		str	r4, [sp, #40]
2890:Drivers/STM32F7xx_HAL_Driver/Src/stm32f7xx_hal_eth.c **** 
 1546              		.loc 1 2890 3 is_stmt 1 view .LVU527
2890:Drivers/STM32F7xx_HAL_Driver/Src/stm32f7xx_hal_eth.c **** 
 1547              		.loc 1 2890 33 is_stmt 0 view .LVU528
 1548 0094 0094     		str	r4, [sp]
2893:Drivers/STM32F7xx_HAL_Driver/Src/stm32f7xx_hal_eth.c **** }
 1549              		.loc 1 2893 3 is_stmt 1 view .LVU529
 1550 0096 6946     		mov	r1, sp
 1551 0098 3046     		mov	r0, r6
 1552 009a FFF7FEFF 		bl	ETH_SetDMAConfig
 1553              	.LVL115:
2894:Drivers/STM32F7xx_HAL_Driver/Src/stm32f7xx_hal_eth.c **** 
 1554              		.loc 1 2894 1 is_stmt 0 view .LVU530
 1555 009e 24B0     		add	sp, sp, #144
 1556              	.LCFI11:
 1557              		.cfi_def_cfa_offset 16
 1558              		@ sp needed
 1559 00a0 70BD     		pop	{r4, r5, r6, pc}
2894:Drivers/STM32F7xx_HAL_Driver/Src/stm32f7xx_hal_eth.c **** 
 1560              		.loc 1 2894 1 view .LVU531
 1561              		.cfi_endproc
 1562              	.LFE193:
 1564              		.section	.text.ETH_FlushTransmitFIFO,"ax",%progbits
 1565              		.align	1
 1566              		.syntax unified
 1567              		.thumb
 1568              		.thumb_func
 1570              	ETH_FlushTransmitFIFO:
 1571              	.LVL116:
 1572              	.LFB190:
2721:Drivers/STM32F7xx_HAL_Driver/Src/stm32f7xx_hal_eth.c ****   __IO uint32_t tmpreg = 0;
 1573              		.loc 1 2721 1 is_stmt 1 view -0
 1574              		.cfi_startproc
 1575              		@ args = 0, pretend = 0, frame = 8
 1576              		@ frame_needed = 0, uses_anonymous_args = 0
2721:Drivers/STM32F7xx_HAL_Driver/Src/stm32f7xx_hal_eth.c ****   __IO uint32_t tmpreg = 0;
 1577              		.loc 1 2721 1 is_stmt 0 view .LVU533
 1578 0000 10B5     		push	{r4, lr}
 1579              	.LCFI12:
 1580              		.cfi_def_cfa_offset 8
 1581              		.cfi_offset 4, -8
 1582              		.cfi_offset 14, -4
 1583 0002 82B0     		sub	sp, sp, #8
 1584              	.LCFI13:
 1585              		.cfi_def_cfa_offset 16
 1586 0004 0446     		mov	r4, r0
ARM GAS  /tmp/ccQ4qZLu.s 			page 107


2722:Drivers/STM32F7xx_HAL_Driver/Src/stm32f7xx_hal_eth.c **** 
 1587              		.loc 1 2722 3 is_stmt 1 view .LVU534
2722:Drivers/STM32F7xx_HAL_Driver/Src/stm32f7xx_hal_eth.c **** 
 1588              		.loc 1 2722 17 is_stmt 0 view .LVU535
 1589 0006 0023     		movs	r3, #0
 1590 0008 0193     		str	r3, [sp, #4]
2725:Drivers/STM32F7xx_HAL_Driver/Src/stm32f7xx_hal_eth.c **** 
 1591              		.loc 1 2725 3 is_stmt 1 view .LVU536
2725:Drivers/STM32F7xx_HAL_Driver/Src/stm32f7xx_hal_eth.c **** 
 1592              		.loc 1 2725 8 is_stmt 0 view .LVU537
 1593 000a 0368     		ldr	r3, [r0]
2725:Drivers/STM32F7xx_HAL_Driver/Src/stm32f7xx_hal_eth.c **** 
 1594              		.loc 1 2725 19 view .LVU538
 1595 000c 03F58053 		add	r3, r3, #4096
 1596 0010 9A69     		ldr	r2, [r3, #24]
2725:Drivers/STM32F7xx_HAL_Driver/Src/stm32f7xx_hal_eth.c **** 
 1597              		.loc 1 2725 28 view .LVU539
 1598 0012 42F48012 		orr	r2, r2, #1048576
 1599 0016 9A61     		str	r2, [r3, #24]
2729:Drivers/STM32F7xx_HAL_Driver/Src/stm32f7xx_hal_eth.c ****   HAL_Delay(ETH_REG_WRITE_DELAY);
 1600              		.loc 1 2729 3 is_stmt 1 view .LVU540
2729:Drivers/STM32F7xx_HAL_Driver/Src/stm32f7xx_hal_eth.c ****   HAL_Delay(ETH_REG_WRITE_DELAY);
 1601              		.loc 1 2729 17 is_stmt 0 view .LVU541
 1602 0018 0368     		ldr	r3, [r0]
2729:Drivers/STM32F7xx_HAL_Driver/Src/stm32f7xx_hal_eth.c ****   HAL_Delay(ETH_REG_WRITE_DELAY);
 1603              		.loc 1 2729 28 view .LVU542
 1604 001a 03F58053 		add	r3, r3, #4096
 1605 001e 9B69     		ldr	r3, [r3, #24]
2729:Drivers/STM32F7xx_HAL_Driver/Src/stm32f7xx_hal_eth.c ****   HAL_Delay(ETH_REG_WRITE_DELAY);
 1606              		.loc 1 2729 10 view .LVU543
 1607 0020 0193     		str	r3, [sp, #4]
2730:Drivers/STM32F7xx_HAL_Driver/Src/stm32f7xx_hal_eth.c ****   (heth->Instance)->DMAOMR = tmpreg;
 1608              		.loc 1 2730 3 is_stmt 1 view .LVU544
 1609 0022 0120     		movs	r0, #1
 1610              	.LVL117:
2730:Drivers/STM32F7xx_HAL_Driver/Src/stm32f7xx_hal_eth.c ****   (heth->Instance)->DMAOMR = tmpreg;
 1611              		.loc 1 2730 3 is_stmt 0 view .LVU545
 1612 0024 FFF7FEFF 		bl	HAL_Delay
 1613              	.LVL118:
2731:Drivers/STM32F7xx_HAL_Driver/Src/stm32f7xx_hal_eth.c **** }
 1614              		.loc 1 2731 3 is_stmt 1 view .LVU546
2731:Drivers/STM32F7xx_HAL_Driver/Src/stm32f7xx_hal_eth.c **** }
 1615              		.loc 1 2731 8 is_stmt 0 view .LVU547
 1616 0028 2368     		ldr	r3, [r4]
2731:Drivers/STM32F7xx_HAL_Driver/Src/stm32f7xx_hal_eth.c **** }
 1617              		.loc 1 2731 28 view .LVU548
 1618 002a 019A     		ldr	r2, [sp, #4]
 1619 002c 03F58053 		add	r3, r3, #4096
 1620 0030 9A61     		str	r2, [r3, #24]
2732:Drivers/STM32F7xx_HAL_Driver/Src/stm32f7xx_hal_eth.c **** 
 1621              		.loc 1 2732 1 view .LVU549
 1622 0032 02B0     		add	sp, sp, #8
 1623              	.LCFI14:
 1624              		.cfi_def_cfa_offset 8
 1625              		@ sp needed
 1626 0034 10BD     		pop	{r4, pc}
2732:Drivers/STM32F7xx_HAL_Driver/Src/stm32f7xx_hal_eth.c **** 
ARM GAS  /tmp/ccQ4qZLu.s 			page 108


 1627              		.loc 1 2732 1 view .LVU550
 1628              		.cfi_endproc
 1629              	.LFE190:
 1631              		.section	.text.HAL_ETH_MspInit,"ax",%progbits
 1632              		.align	1
 1633              		.weak	HAL_ETH_MspInit
 1634              		.syntax unified
 1635              		.thumb
 1636              		.thumb_func
 1638              	HAL_ETH_MspInit:
 1639              	.LVL119:
 1640              	.LFB143:
 455:Drivers/STM32F7xx_HAL_Driver/Src/stm32f7xx_hal_eth.c ****   /* Prevent unused argument(s) compilation warning */
 1641              		.loc 1 455 1 is_stmt 1 view -0
 1642              		.cfi_startproc
 1643              		@ args = 0, pretend = 0, frame = 0
 1644              		@ frame_needed = 0, uses_anonymous_args = 0
 1645              		@ link register save eliminated.
 457:Drivers/STM32F7xx_HAL_Driver/Src/stm32f7xx_hal_eth.c ****   /* NOTE : This function Should not be modified, when the callback is needed,
 1646              		.loc 1 457 3 view .LVU552
 461:Drivers/STM32F7xx_HAL_Driver/Src/stm32f7xx_hal_eth.c **** 
 1647              		.loc 1 461 1 is_stmt 0 view .LVU553
 1648 0000 7047     		bx	lr
 1649              		.cfi_endproc
 1650              	.LFE143:
 1652              		.section	.text.HAL_ETH_Init,"ax",%progbits
 1653              		.align	1
 1654              		.global	HAL_ETH_Init
 1655              		.syntax unified
 1656              		.thumb
 1657              		.thumb_func
 1659              	HAL_ETH_Init:
 1660              	.LVL120:
 1661              	.LFB141:
 336:Drivers/STM32F7xx_HAL_Driver/Src/stm32f7xx_hal_eth.c ****   uint32_t tickstart;
 1662              		.loc 1 336 1 is_stmt 1 view -0
 1663              		.cfi_startproc
 1664              		@ args = 0, pretend = 0, frame = 8
 1665              		@ frame_needed = 0, uses_anonymous_args = 0
 337:Drivers/STM32F7xx_HAL_Driver/Src/stm32f7xx_hal_eth.c **** 
 1666              		.loc 1 337 3 view .LVU555
 339:Drivers/STM32F7xx_HAL_Driver/Src/stm32f7xx_hal_eth.c ****   {
 1667              		.loc 1 339 3 view .LVU556
 339:Drivers/STM32F7xx_HAL_Driver/Src/stm32f7xx_hal_eth.c ****   {
 1668              		.loc 1 339 6 is_stmt 0 view .LVU557
 1669 0000 0028     		cmp	r0, #0
 1670 0002 55D0     		beq	.L102
 336:Drivers/STM32F7xx_HAL_Driver/Src/stm32f7xx_hal_eth.c ****   uint32_t tickstart;
 1671              		.loc 1 336 1 view .LVU558
 1672 0004 30B5     		push	{r4, r5, lr}
 1673              	.LCFI15:
 1674              		.cfi_def_cfa_offset 12
 1675              		.cfi_offset 4, -12
 1676              		.cfi_offset 5, -8
 1677              		.cfi_offset 14, -4
 1678 0006 83B0     		sub	sp, sp, #12
 1679              	.LCFI16:
ARM GAS  /tmp/ccQ4qZLu.s 			page 109


 1680              		.cfi_def_cfa_offset 24
 1681 0008 0446     		mov	r4, r0
 343:Drivers/STM32F7xx_HAL_Driver/Src/stm32f7xx_hal_eth.c ****   {
 1682              		.loc 1 343 3 is_stmt 1 view .LVU559
 343:Drivers/STM32F7xx_HAL_Driver/Src/stm32f7xx_hal_eth.c ****   {
 1683              		.loc 1 343 11 is_stmt 0 view .LVU560
 1684 000a D0F88430 		ldr	r3, [r0, #132]
 343:Drivers/STM32F7xx_HAL_Driver/Src/stm32f7xx_hal_eth.c ****   {
 1685              		.loc 1 343 6 view .LVU561
 1686 000e 002B     		cmp	r3, #0
 1687 0010 32D0     		beq	.L107
 1688              	.LVL121:
 1689              	.L99:
 365:Drivers/STM32F7xx_HAL_Driver/Src/stm32f7xx_hal_eth.c **** 
 1690              		.loc 1 365 3 is_stmt 1 view .LVU562
 1691              	.LBB30:
 365:Drivers/STM32F7xx_HAL_Driver/Src/stm32f7xx_hal_eth.c **** 
 1692              		.loc 1 365 3 view .LVU563
 365:Drivers/STM32F7xx_HAL_Driver/Src/stm32f7xx_hal_eth.c **** 
 1693              		.loc 1 365 3 view .LVU564
 1694 0012 284B     		ldr	r3, .L109
 1695 0014 5A6C     		ldr	r2, [r3, #68]
 1696 0016 42F48042 		orr	r2, r2, #16384
 1697 001a 5A64     		str	r2, [r3, #68]
 365:Drivers/STM32F7xx_HAL_Driver/Src/stm32f7xx_hal_eth.c **** 
 1698              		.loc 1 365 3 view .LVU565
 1699 001c 5B6C     		ldr	r3, [r3, #68]
 1700 001e 03F48043 		and	r3, r3, #16384
 1701 0022 0193     		str	r3, [sp, #4]
 365:Drivers/STM32F7xx_HAL_Driver/Src/stm32f7xx_hal_eth.c **** 
 1702              		.loc 1 365 3 view .LVU566
 1703 0024 019B     		ldr	r3, [sp, #4]
 1704              	.LBE30:
 365:Drivers/STM32F7xx_HAL_Driver/Src/stm32f7xx_hal_eth.c **** 
 1705              		.loc 1 365 3 view .LVU567
 368:Drivers/STM32F7xx_HAL_Driver/Src/stm32f7xx_hal_eth.c ****   SYSCFG->PMC |= (uint32_t)heth->Init.MediaInterface;
 1706              		.loc 1 368 3 view .LVU568
 368:Drivers/STM32F7xx_HAL_Driver/Src/stm32f7xx_hal_eth.c ****   SYSCFG->PMC |= (uint32_t)heth->Init.MediaInterface;
 1707              		.loc 1 368 9 is_stmt 0 view .LVU569
 1708 0026 244B     		ldr	r3, .L109+4
 1709 0028 5A68     		ldr	r2, [r3, #4]
 368:Drivers/STM32F7xx_HAL_Driver/Src/stm32f7xx_hal_eth.c ****   SYSCFG->PMC |= (uint32_t)heth->Init.MediaInterface;
 1710              		.loc 1 368 15 view .LVU570
 1711 002a 22F40002 		bic	r2, r2, #8388608
 1712 002e 5A60     		str	r2, [r3, #4]
 369:Drivers/STM32F7xx_HAL_Driver/Src/stm32f7xx_hal_eth.c ****   /* Dummy read to sync SYSCFG with ETH */
 1713              		.loc 1 369 3 is_stmt 1 view .LVU571
 369:Drivers/STM32F7xx_HAL_Driver/Src/stm32f7xx_hal_eth.c ****   /* Dummy read to sync SYSCFG with ETH */
 1714              		.loc 1 369 9 is_stmt 0 view .LVU572
 1715 0030 5A68     		ldr	r2, [r3, #4]
 369:Drivers/STM32F7xx_HAL_Driver/Src/stm32f7xx_hal_eth.c ****   /* Dummy read to sync SYSCFG with ETH */
 1716              		.loc 1 369 38 view .LVU573
 1717 0032 A168     		ldr	r1, [r4, #8]
 369:Drivers/STM32F7xx_HAL_Driver/Src/stm32f7xx_hal_eth.c ****   /* Dummy read to sync SYSCFG with ETH */
 1718              		.loc 1 369 15 view .LVU574
 1719 0034 0A43     		orrs	r2, r2, r1
 1720 0036 5A60     		str	r2, [r3, #4]
ARM GAS  /tmp/ccQ4qZLu.s 			page 110


 371:Drivers/STM32F7xx_HAL_Driver/Src/stm32f7xx_hal_eth.c **** 
 1721              		.loc 1 371 3 is_stmt 1 view .LVU575
 1722 0038 5B68     		ldr	r3, [r3, #4]
 376:Drivers/STM32F7xx_HAL_Driver/Src/stm32f7xx_hal_eth.c **** 
 1723              		.loc 1 376 3 view .LVU576
 1724 003a 2368     		ldr	r3, [r4]
 1725 003c 03F58053 		add	r3, r3, #4096
 1726 0040 1A68     		ldr	r2, [r3]
 1727 0042 42F00102 		orr	r2, r2, #1
 1728 0046 1A60     		str	r2, [r3]
 379:Drivers/STM32F7xx_HAL_Driver/Src/stm32f7xx_hal_eth.c **** 
 1729              		.loc 1 379 3 view .LVU577
 379:Drivers/STM32F7xx_HAL_Driver/Src/stm32f7xx_hal_eth.c **** 
 1730              		.loc 1 379 15 is_stmt 0 view .LVU578
 1731 0048 FFF7FEFF 		bl	HAL_GetTick
 1732              	.LVL122:
 1733 004c 0546     		mov	r5, r0
 1734              	.LVL123:
 382:Drivers/STM32F7xx_HAL_Driver/Src/stm32f7xx_hal_eth.c ****   {
 1735              		.loc 1 382 3 is_stmt 1 view .LVU579
 1736              	.L100:
 382:Drivers/STM32F7xx_HAL_Driver/Src/stm32f7xx_hal_eth.c ****   {
 1737              		.loc 1 382 58 view .LVU580
 382:Drivers/STM32F7xx_HAL_Driver/Src/stm32f7xx_hal_eth.c ****   {
 1738              		.loc 1 382 10 is_stmt 0 view .LVU581
 1739 004e 2368     		ldr	r3, [r4]
 1740 0050 03F58053 		add	r3, r3, #4096
 1741 0054 1B68     		ldr	r3, [r3]
 382:Drivers/STM32F7xx_HAL_Driver/Src/stm32f7xx_hal_eth.c ****   {
 1742              		.loc 1 382 58 view .LVU582
 1743 0056 13F0010F 		tst	r3, #1
 1744 005a 13D0     		beq	.L108
 384:Drivers/STM32F7xx_HAL_Driver/Src/stm32f7xx_hal_eth.c ****     {
 1745              		.loc 1 384 5 is_stmt 1 view .LVU583
 384:Drivers/STM32F7xx_HAL_Driver/Src/stm32f7xx_hal_eth.c ****     {
 1746              		.loc 1 384 11 is_stmt 0 view .LVU584
 1747 005c FFF7FEFF 		bl	HAL_GetTick
 1748              	.LVL124:
 384:Drivers/STM32F7xx_HAL_Driver/Src/stm32f7xx_hal_eth.c ****     {
 1749              		.loc 1 384 25 view .LVU585
 1750 0060 401B     		subs	r0, r0, r5
 384:Drivers/STM32F7xx_HAL_Driver/Src/stm32f7xx_hal_eth.c ****     {
 1751              		.loc 1 384 8 view .LVU586
 1752 0062 B0F5FA7F 		cmp	r0, #500
 1753 0066 F2D9     		bls	.L100
 387:Drivers/STM32F7xx_HAL_Driver/Src/stm32f7xx_hal_eth.c ****       /* Set State as Error */
 1754              		.loc 1 387 7 is_stmt 1 view .LVU587
 387:Drivers/STM32F7xx_HAL_Driver/Src/stm32f7xx_hal_eth.c ****       /* Set State as Error */
 1755              		.loc 1 387 23 is_stmt 0 view .LVU588
 1756 0068 0423     		movs	r3, #4
 1757 006a C4F88830 		str	r3, [r4, #136]
 389:Drivers/STM32F7xx_HAL_Driver/Src/stm32f7xx_hal_eth.c ****       /* Return Error */
 1758              		.loc 1 389 7 is_stmt 1 view .LVU589
 389:Drivers/STM32F7xx_HAL_Driver/Src/stm32f7xx_hal_eth.c ****       /* Return Error */
 1759              		.loc 1 389 20 is_stmt 0 view .LVU590
 1760 006e E023     		movs	r3, #224
 1761 0070 C4F88430 		str	r3, [r4, #132]
ARM GAS  /tmp/ccQ4qZLu.s 			page 111


 391:Drivers/STM32F7xx_HAL_Driver/Src/stm32f7xx_hal_eth.c ****     }
 1762              		.loc 1 391 7 is_stmt 1 view .LVU591
 391:Drivers/STM32F7xx_HAL_Driver/Src/stm32f7xx_hal_eth.c ****     }
 1763              		.loc 1 391 14 is_stmt 0 view .LVU592
 1764 0074 0120     		movs	r0, #1
 1765 0076 19E0     		b	.L98
 1766              	.LVL125:
 1767              	.L107:
 345:Drivers/STM32F7xx_HAL_Driver/Src/stm32f7xx_hal_eth.c **** 
 1768              		.loc 1 345 5 is_stmt 1 view .LVU593
 345:Drivers/STM32F7xx_HAL_Driver/Src/stm32f7xx_hal_eth.c **** 
 1769              		.loc 1 345 18 is_stmt 0 view .LVU594
 1770 0078 2323     		movs	r3, #35
 1771 007a C0F88430 		str	r3, [r0, #132]
 360:Drivers/STM32F7xx_HAL_Driver/Src/stm32f7xx_hal_eth.c **** 
 1772              		.loc 1 360 5 is_stmt 1 view .LVU595
 1773 007e FFF7FEFF 		bl	HAL_ETH_MspInit
 1774              	.LVL126:
 360:Drivers/STM32F7xx_HAL_Driver/Src/stm32f7xx_hal_eth.c **** 
 1775              		.loc 1 360 5 is_stmt 0 view .LVU596
 1776 0082 C6E7     		b	.L99
 1777              	.LVL127:
 1778              	.L108:
 397:Drivers/STM32F7xx_HAL_Driver/Src/stm32f7xx_hal_eth.c **** 
 1779              		.loc 1 397 3 is_stmt 1 view .LVU597
 1780 0084 2046     		mov	r0, r4
 1781 0086 FFF7FEFF 		bl	ETH_MACDMAConfig
 1782              	.LVL128:
 401:Drivers/STM32F7xx_HAL_Driver/Src/stm32f7xx_hal_eth.c **** 
 1783              		.loc 1 401 3 view .LVU598
 1784 008a 2046     		mov	r0, r4
 1785 008c FFF7FEFF 		bl	ETH_DMATxDescListInit
 1786              	.LVL129:
 404:Drivers/STM32F7xx_HAL_Driver/Src/stm32f7xx_hal_eth.c **** 
 1787              		.loc 1 404 3 view .LVU599
 1788 0090 2046     		mov	r0, r4
 1789 0092 FFF7FEFF 		bl	ETH_DMARxDescListInit
 1790              	.LVL130:
 407:Drivers/STM32F7xx_HAL_Driver/Src/stm32f7xx_hal_eth.c **** 
 1791              		.loc 1 407 3 view .LVU600
 1792 0096 6268     		ldr	r2, [r4, #4]
 1793 0098 0021     		movs	r1, #0
 1794 009a 2046     		mov	r0, r4
 1795 009c FFF7FEFF 		bl	ETH_MACAddressConfig
 1796              	.LVL131:
 409:Drivers/STM32F7xx_HAL_Driver/Src/stm32f7xx_hal_eth.c ****   heth->gState = HAL_ETH_STATE_READY;
 1797              		.loc 1 409 3 view .LVU601
 409:Drivers/STM32F7xx_HAL_Driver/Src/stm32f7xx_hal_eth.c ****   heth->gState = HAL_ETH_STATE_READY;
 1798              		.loc 1 409 19 is_stmt 0 view .LVU602
 1799 00a0 0020     		movs	r0, #0
 1800 00a2 C4F88800 		str	r0, [r4, #136]
 410:Drivers/STM32F7xx_HAL_Driver/Src/stm32f7xx_hal_eth.c **** 
 1801              		.loc 1 410 3 is_stmt 1 view .LVU603
 410:Drivers/STM32F7xx_HAL_Driver/Src/stm32f7xx_hal_eth.c **** 
 1802              		.loc 1 410 16 is_stmt 0 view .LVU604
 1803 00a6 1023     		movs	r3, #16
 1804 00a8 C4F88430 		str	r3, [r4, #132]
ARM GAS  /tmp/ccQ4qZLu.s 			page 112


 412:Drivers/STM32F7xx_HAL_Driver/Src/stm32f7xx_hal_eth.c **** }
 1805              		.loc 1 412 3 is_stmt 1 view .LVU605
 1806              	.L98:
 413:Drivers/STM32F7xx_HAL_Driver/Src/stm32f7xx_hal_eth.c **** 
 1807              		.loc 1 413 1 is_stmt 0 view .LVU606
 1808 00ac 03B0     		add	sp, sp, #12
 1809              	.LCFI17:
 1810              		.cfi_def_cfa_offset 12
 1811              		@ sp needed
 1812 00ae 30BD     		pop	{r4, r5, pc}
 1813              	.LVL132:
 1814              	.L102:
 1815              	.LCFI18:
 1816              		.cfi_def_cfa_offset 0
 1817              		.cfi_restore 4
 1818              		.cfi_restore 5
 1819              		.cfi_restore 14
 341:Drivers/STM32F7xx_HAL_Driver/Src/stm32f7xx_hal_eth.c ****   }
 1820              		.loc 1 341 12 view .LVU607
 1821 00b0 0120     		movs	r0, #1
 1822              	.LVL133:
 413:Drivers/STM32F7xx_HAL_Driver/Src/stm32f7xx_hal_eth.c **** 
 1823              		.loc 1 413 1 view .LVU608
 1824 00b2 7047     		bx	lr
 1825              	.L110:
 1826              		.align	2
 1827              	.L109:
 1828 00b4 00380240 		.word	1073887232
 1829 00b8 00380140 		.word	1073821696
 1830              		.cfi_endproc
 1831              	.LFE141:
 1833              		.section	.text.HAL_ETH_MspDeInit,"ax",%progbits
 1834              		.align	1
 1835              		.weak	HAL_ETH_MspDeInit
 1836              		.syntax unified
 1837              		.thumb
 1838              		.thumb_func
 1840              	HAL_ETH_MspDeInit:
 1841              	.LVL134:
 1842              	.LFB144:
 470:Drivers/STM32F7xx_HAL_Driver/Src/stm32f7xx_hal_eth.c ****   /* Prevent unused argument(s) compilation warning */
 1843              		.loc 1 470 1 is_stmt 1 view -0
 1844              		.cfi_startproc
 1845              		@ args = 0, pretend = 0, frame = 0
 1846              		@ frame_needed = 0, uses_anonymous_args = 0
 1847              		@ link register save eliminated.
 472:Drivers/STM32F7xx_HAL_Driver/Src/stm32f7xx_hal_eth.c ****   /* NOTE : This function Should not be modified, when the callback is needed,
 1848              		.loc 1 472 3 view .LVU610
 476:Drivers/STM32F7xx_HAL_Driver/Src/stm32f7xx_hal_eth.c **** 
 1849              		.loc 1 476 1 is_stmt 0 view .LVU611
 1850 0000 7047     		bx	lr
 1851              		.cfi_endproc
 1852              	.LFE144:
 1854              		.section	.text.HAL_ETH_DeInit,"ax",%progbits
 1855              		.align	1
 1856              		.global	HAL_ETH_DeInit
 1857              		.syntax unified
ARM GAS  /tmp/ccQ4qZLu.s 			page 113


 1858              		.thumb
 1859              		.thumb_func
 1861              	HAL_ETH_DeInit:
 1862              	.LVL135:
 1863              	.LFB142:
 422:Drivers/STM32F7xx_HAL_Driver/Src/stm32f7xx_hal_eth.c ****   /* Set the ETH peripheral state to BUSY */
 1864              		.loc 1 422 1 is_stmt 1 view -0
 1865              		.cfi_startproc
 1866              		@ args = 0, pretend = 0, frame = 0
 1867              		@ frame_needed = 0, uses_anonymous_args = 0
 422:Drivers/STM32F7xx_HAL_Driver/Src/stm32f7xx_hal_eth.c ****   /* Set the ETH peripheral state to BUSY */
 1868              		.loc 1 422 1 is_stmt 0 view .LVU613
 1869 0000 10B5     		push	{r4, lr}
 1870              	.LCFI19:
 1871              		.cfi_def_cfa_offset 8
 1872              		.cfi_offset 4, -8
 1873              		.cfi_offset 14, -4
 1874 0002 0446     		mov	r4, r0
 424:Drivers/STM32F7xx_HAL_Driver/Src/stm32f7xx_hal_eth.c **** 
 1875              		.loc 1 424 3 is_stmt 1 view .LVU614
 424:Drivers/STM32F7xx_HAL_Driver/Src/stm32f7xx_hal_eth.c **** 
 1876              		.loc 1 424 16 is_stmt 0 view .LVU615
 1877 0004 2323     		movs	r3, #35
 1878 0006 C0F88430 		str	r3, [r0, #132]
 437:Drivers/STM32F7xx_HAL_Driver/Src/stm32f7xx_hal_eth.c **** 
 1879              		.loc 1 437 3 is_stmt 1 view .LVU616
 1880 000a FFF7FEFF 		bl	HAL_ETH_MspDeInit
 1881              	.LVL136:
 442:Drivers/STM32F7xx_HAL_Driver/Src/stm32f7xx_hal_eth.c **** 
 1882              		.loc 1 442 3 view .LVU617
 442:Drivers/STM32F7xx_HAL_Driver/Src/stm32f7xx_hal_eth.c **** 
 1883              		.loc 1 442 16 is_stmt 0 view .LVU618
 1884 000e 0020     		movs	r0, #0
 1885 0010 C4F88400 		str	r0, [r4, #132]
 445:Drivers/STM32F7xx_HAL_Driver/Src/stm32f7xx_hal_eth.c **** }
 1886              		.loc 1 445 3 is_stmt 1 view .LVU619
 446:Drivers/STM32F7xx_HAL_Driver/Src/stm32f7xx_hal_eth.c **** 
 1887              		.loc 1 446 1 is_stmt 0 view .LVU620
 1888 0014 10BD     		pop	{r4, pc}
 446:Drivers/STM32F7xx_HAL_Driver/Src/stm32f7xx_hal_eth.c **** 
 1889              		.loc 1 446 1 view .LVU621
 1890              		.cfi_endproc
 1891              	.LFE142:
 1893              		.section	.text.HAL_ETH_Start,"ax",%progbits
 1894              		.align	1
 1895              		.global	HAL_ETH_Start
 1896              		.syntax unified
 1897              		.thumb
 1898              		.thumb_func
 1900              	HAL_ETH_Start:
 1901              	.LVL137:
 1902              	.LFB145:
 698:Drivers/STM32F7xx_HAL_Driver/Src/stm32f7xx_hal_eth.c ****   uint32_t tmpreg1;
 1903              		.loc 1 698 1 is_stmt 1 view -0
 1904              		.cfi_startproc
 1905              		@ args = 0, pretend = 0, frame = 0
 1906              		@ frame_needed = 0, uses_anonymous_args = 0
ARM GAS  /tmp/ccQ4qZLu.s 			page 114


 699:Drivers/STM32F7xx_HAL_Driver/Src/stm32f7xx_hal_eth.c **** 
 1907              		.loc 1 699 3 view .LVU623
 701:Drivers/STM32F7xx_HAL_Driver/Src/stm32f7xx_hal_eth.c ****   {
 1908              		.loc 1 701 3 view .LVU624
 701:Drivers/STM32F7xx_HAL_Driver/Src/stm32f7xx_hal_eth.c ****   {
 1909              		.loc 1 701 11 is_stmt 0 view .LVU625
 1910 0000 D0F88430 		ldr	r3, [r0, #132]
 701:Drivers/STM32F7xx_HAL_Driver/Src/stm32f7xx_hal_eth.c ****   {
 1911              		.loc 1 701 6 view .LVU626
 1912 0004 102B     		cmp	r3, #16
 1913 0006 01D0     		beq	.L121
 744:Drivers/STM32F7xx_HAL_Driver/Src/stm32f7xx_hal_eth.c ****   }
 1914              		.loc 1 744 12 view .LVU627
 1915 0008 0120     		movs	r0, #1
 1916              	.LVL138:
 746:Drivers/STM32F7xx_HAL_Driver/Src/stm32f7xx_hal_eth.c **** 
 1917              		.loc 1 746 1 view .LVU628
 1918 000a 7047     		bx	lr
 1919              	.LVL139:
 1920              	.L121:
 698:Drivers/STM32F7xx_HAL_Driver/Src/stm32f7xx_hal_eth.c ****   uint32_t tmpreg1;
 1921              		.loc 1 698 1 view .LVU629
 1922 000c 70B5     		push	{r4, r5, r6, lr}
 1923              	.LCFI20:
 1924              		.cfi_def_cfa_offset 16
 1925              		.cfi_offset 4, -16
 1926              		.cfi_offset 5, -12
 1927              		.cfi_offset 6, -8
 1928              		.cfi_offset 14, -4
 1929 000e 0446     		mov	r4, r0
 703:Drivers/STM32F7xx_HAL_Driver/Src/stm32f7xx_hal_eth.c **** 
 1930              		.loc 1 703 5 is_stmt 1 view .LVU630
 703:Drivers/STM32F7xx_HAL_Driver/Src/stm32f7xx_hal_eth.c **** 
 1931              		.loc 1 703 18 is_stmt 0 view .LVU631
 1932 0010 2325     		movs	r5, #35
 1933 0012 C0F88450 		str	r5, [r0, #132]
 706:Drivers/STM32F7xx_HAL_Driver/Src/stm32f7xx_hal_eth.c **** 
 1934              		.loc 1 706 5 is_stmt 1 view .LVU632
 706:Drivers/STM32F7xx_HAL_Driver/Src/stm32f7xx_hal_eth.c **** 
 1935              		.loc 1 706 37 is_stmt 0 view .LVU633
 1936 0016 0423     		movs	r3, #4
 1937 0018 C366     		str	r3, [r0, #108]
 709:Drivers/STM32F7xx_HAL_Driver/Src/stm32f7xx_hal_eth.c **** 
 1938              		.loc 1 709 5 is_stmt 1 view .LVU634
 1939 001a FFF7FEFF 		bl	ETH_UpdateDescriptor
 1940              	.LVL140:
 712:Drivers/STM32F7xx_HAL_Driver/Src/stm32f7xx_hal_eth.c **** 
 1941              		.loc 1 712 5 view .LVU635
 1942 001e 2268     		ldr	r2, [r4]
 1943 0020 1368     		ldr	r3, [r2]
 1944 0022 43F00803 		orr	r3, r3, #8
 1945 0026 1360     		str	r3, [r2]
 716:Drivers/STM32F7xx_HAL_Driver/Src/stm32f7xx_hal_eth.c ****     HAL_Delay(ETH_REG_WRITE_DELAY);
 1946              		.loc 1 716 5 view .LVU636
 716:Drivers/STM32F7xx_HAL_Driver/Src/stm32f7xx_hal_eth.c ****     HAL_Delay(ETH_REG_WRITE_DELAY);
 1947              		.loc 1 716 20 is_stmt 0 view .LVU637
 1948 0028 2368     		ldr	r3, [r4]
ARM GAS  /tmp/ccQ4qZLu.s 			page 115


 716:Drivers/STM32F7xx_HAL_Driver/Src/stm32f7xx_hal_eth.c ****     HAL_Delay(ETH_REG_WRITE_DELAY);
 1949              		.loc 1 716 13 view .LVU638
 1950 002a 1E68     		ldr	r6, [r3]
 1951              	.LVL141:
 717:Drivers/STM32F7xx_HAL_Driver/Src/stm32f7xx_hal_eth.c ****     (heth->Instance)->MACCR = tmpreg1;
 1952              		.loc 1 717 5 is_stmt 1 view .LVU639
 1953 002c 0120     		movs	r0, #1
 1954 002e FFF7FEFF 		bl	HAL_Delay
 1955              	.LVL142:
 718:Drivers/STM32F7xx_HAL_Driver/Src/stm32f7xx_hal_eth.c **** 
 1956              		.loc 1 718 5 view .LVU640
 718:Drivers/STM32F7xx_HAL_Driver/Src/stm32f7xx_hal_eth.c **** 
 1957              		.loc 1 718 10 is_stmt 0 view .LVU641
 1958 0032 2368     		ldr	r3, [r4]
 718:Drivers/STM32F7xx_HAL_Driver/Src/stm32f7xx_hal_eth.c **** 
 1959              		.loc 1 718 29 view .LVU642
 1960 0034 1E60     		str	r6, [r3]
 721:Drivers/STM32F7xx_HAL_Driver/Src/stm32f7xx_hal_eth.c **** 
 1961              		.loc 1 721 5 is_stmt 1 view .LVU643
 1962 0036 2268     		ldr	r2, [r4]
 1963 0038 1368     		ldr	r3, [r2]
 1964 003a 43F00403 		orr	r3, r3, #4
 1965 003e 1360     		str	r3, [r2]
 725:Drivers/STM32F7xx_HAL_Driver/Src/stm32f7xx_hal_eth.c ****     HAL_Delay(ETH_REG_WRITE_DELAY);
 1966              		.loc 1 725 5 view .LVU644
 725:Drivers/STM32F7xx_HAL_Driver/Src/stm32f7xx_hal_eth.c ****     HAL_Delay(ETH_REG_WRITE_DELAY);
 1967              		.loc 1 725 20 is_stmt 0 view .LVU645
 1968 0040 2368     		ldr	r3, [r4]
 725:Drivers/STM32F7xx_HAL_Driver/Src/stm32f7xx_hal_eth.c ****     HAL_Delay(ETH_REG_WRITE_DELAY);
 1969              		.loc 1 725 13 view .LVU646
 1970 0042 1E68     		ldr	r6, [r3]
 1971              	.LVL143:
 726:Drivers/STM32F7xx_HAL_Driver/Src/stm32f7xx_hal_eth.c ****     (heth->Instance)->MACCR = tmpreg1;
 1972              		.loc 1 726 5 is_stmt 1 view .LVU647
 1973 0044 0120     		movs	r0, #1
 1974 0046 FFF7FEFF 		bl	HAL_Delay
 1975              	.LVL144:
 727:Drivers/STM32F7xx_HAL_Driver/Src/stm32f7xx_hal_eth.c **** 
 1976              		.loc 1 727 5 view .LVU648
 727:Drivers/STM32F7xx_HAL_Driver/Src/stm32f7xx_hal_eth.c **** 
 1977              		.loc 1 727 10 is_stmt 0 view .LVU649
 1978 004a 2368     		ldr	r3, [r4]
 727:Drivers/STM32F7xx_HAL_Driver/Src/stm32f7xx_hal_eth.c **** 
 1979              		.loc 1 727 29 view .LVU650
 1980 004c 1E60     		str	r6, [r3]
 730:Drivers/STM32F7xx_HAL_Driver/Src/stm32f7xx_hal_eth.c **** 
 1981              		.loc 1 730 5 is_stmt 1 view .LVU651
 1982 004e 2046     		mov	r0, r4
 1983 0050 FFF7FEFF 		bl	ETH_FlushTransmitFIFO
 1984              	.LVL145:
 733:Drivers/STM32F7xx_HAL_Driver/Src/stm32f7xx_hal_eth.c **** 
 1985              		.loc 1 733 5 view .LVU652
 1986 0054 2368     		ldr	r3, [r4]
 1987 0056 03F58053 		add	r3, r3, #4096
 1988 005a 9A69     		ldr	r2, [r3, #24]
 1989 005c 42F40052 		orr	r2, r2, #8192
 1990 0060 9A61     		str	r2, [r3, #24]
ARM GAS  /tmp/ccQ4qZLu.s 			page 116


 736:Drivers/STM32F7xx_HAL_Driver/Src/stm32f7xx_hal_eth.c **** 
 1991              		.loc 1 736 5 view .LVU653
 1992 0062 2368     		ldr	r3, [r4]
 1993 0064 03F58053 		add	r3, r3, #4096
 1994 0068 9A69     		ldr	r2, [r3, #24]
 1995 006a 42F00202 		orr	r2, r2, #2
 1996 006e 9A61     		str	r2, [r3, #24]
 738:Drivers/STM32F7xx_HAL_Driver/Src/stm32f7xx_hal_eth.c **** 
 1997              		.loc 1 738 5 view .LVU654
 738:Drivers/STM32F7xx_HAL_Driver/Src/stm32f7xx_hal_eth.c **** 
 1998              		.loc 1 738 18 is_stmt 0 view .LVU655
 1999 0070 C4F88450 		str	r5, [r4, #132]
 740:Drivers/STM32F7xx_HAL_Driver/Src/stm32f7xx_hal_eth.c ****   }
 2000              		.loc 1 740 5 is_stmt 1 view .LVU656
 740:Drivers/STM32F7xx_HAL_Driver/Src/stm32f7xx_hal_eth.c ****   }
 2001              		.loc 1 740 12 is_stmt 0 view .LVU657
 2002 0074 0020     		movs	r0, #0
 746:Drivers/STM32F7xx_HAL_Driver/Src/stm32f7xx_hal_eth.c **** 
 2003              		.loc 1 746 1 view .LVU658
 2004 0076 70BD     		pop	{r4, r5, r6, pc}
 746:Drivers/STM32F7xx_HAL_Driver/Src/stm32f7xx_hal_eth.c **** 
 2005              		.loc 1 746 1 view .LVU659
 2006              		.cfi_endproc
 2007              	.LFE145:
 2009              		.section	.text.HAL_ETH_Start_IT,"ax",%progbits
 2010              		.align	1
 2011              		.global	HAL_ETH_Start_IT
 2012              		.syntax unified
 2013              		.thumb
 2014              		.thumb_func
 2016              	HAL_ETH_Start_IT:
 2017              	.LVL146:
 2018              	.LFB146:
 755:Drivers/STM32F7xx_HAL_Driver/Src/stm32f7xx_hal_eth.c ****   uint32_t tmpreg1;
 2019              		.loc 1 755 1 is_stmt 1 view -0
 2020              		.cfi_startproc
 2021              		@ args = 0, pretend = 0, frame = 0
 2022              		@ frame_needed = 0, uses_anonymous_args = 0
 755:Drivers/STM32F7xx_HAL_Driver/Src/stm32f7xx_hal_eth.c ****   uint32_t tmpreg1;
 2023              		.loc 1 755 1 is_stmt 0 view .LVU661
 2024 0000 F8B5     		push	{r3, r4, r5, r6, r7, lr}
 2025              	.LCFI21:
 2026              		.cfi_def_cfa_offset 24
 2027              		.cfi_offset 3, -24
 2028              		.cfi_offset 4, -20
 2029              		.cfi_offset 5, -16
 2030              		.cfi_offset 6, -12
 2031              		.cfi_offset 7, -8
 2032              		.cfi_offset 14, -4
 756:Drivers/STM32F7xx_HAL_Driver/Src/stm32f7xx_hal_eth.c **** 
 2033              		.loc 1 756 3 is_stmt 1 view .LVU662
 758:Drivers/STM32F7xx_HAL_Driver/Src/stm32f7xx_hal_eth.c ****   {
 2034              		.loc 1 758 3 view .LVU663
 758:Drivers/STM32F7xx_HAL_Driver/Src/stm32f7xx_hal_eth.c ****   {
 2035              		.loc 1 758 11 is_stmt 0 view .LVU664
 2036 0002 D0F88430 		ldr	r3, [r0, #132]
 758:Drivers/STM32F7xx_HAL_Driver/Src/stm32f7xx_hal_eth.c ****   {
ARM GAS  /tmp/ccQ4qZLu.s 			page 117


 2037              		.loc 1 758 6 view .LVU665
 2038 0006 102B     		cmp	r3, #16
 2039 0008 01D0     		beq	.L126
 821:Drivers/STM32F7xx_HAL_Driver/Src/stm32f7xx_hal_eth.c ****   }
 2040              		.loc 1 821 12 view .LVU666
 2041 000a 0120     		movs	r0, #1
 2042              	.LVL147:
 2043              	.L123:
 823:Drivers/STM32F7xx_HAL_Driver/Src/stm32f7xx_hal_eth.c **** 
 2044              		.loc 1 823 1 view .LVU667
 2045 000c F8BD     		pop	{r3, r4, r5, r6, r7, pc}
 2046              	.LVL148:
 2047              	.L126:
 823:Drivers/STM32F7xx_HAL_Driver/Src/stm32f7xx_hal_eth.c **** 
 2048              		.loc 1 823 1 view .LVU668
 2049 000e 0446     		mov	r4, r0
 760:Drivers/STM32F7xx_HAL_Driver/Src/stm32f7xx_hal_eth.c **** 
 2050              		.loc 1 760 5 is_stmt 1 view .LVU669
 760:Drivers/STM32F7xx_HAL_Driver/Src/stm32f7xx_hal_eth.c **** 
 2051              		.loc 1 760 18 is_stmt 0 view .LVU670
 2052 0010 2325     		movs	r5, #35
 2053 0012 C0F88450 		str	r5, [r0, #132]
 763:Drivers/STM32F7xx_HAL_Driver/Src/stm32f7xx_hal_eth.c ****     /* Disable MMC Interrupts */
 2054              		.loc 1 763 5 is_stmt 1 view .LVU671
 763:Drivers/STM32F7xx_HAL_Driver/Src/stm32f7xx_hal_eth.c ****     /* Disable MMC Interrupts */
 2055              		.loc 1 763 29 is_stmt 0 view .LVU672
 2056 0016 0126     		movs	r6, #1
 2057 0018 8665     		str	r6, [r0, #88]
 765:Drivers/STM32F7xx_HAL_Driver/Src/stm32f7xx_hal_eth.c **** 
 2058              		.loc 1 765 5 is_stmt 1 view .LVU673
 2059 001a 0268     		ldr	r2, [r0]
 2060 001c D36B     		ldr	r3, [r2, #60]
 2061 001e 43F40273 		orr	r3, r3, #520
 2062 0022 D363     		str	r3, [r2, #60]
 768:Drivers/STM32F7xx_HAL_Driver/Src/stm32f7xx_hal_eth.c ****             ETH_MMCRIMR_RFCEM);
 2063              		.loc 1 768 5 view .LVU674
 2064 0024 0268     		ldr	r2, [r0]
 2065 0026 D2F80C11 		ldr	r1, [r2, #268]
 2066 002a 214B     		ldr	r3, .L127
 2067 002c 0B43     		orrs	r3, r3, r1
 2068 002e C2F80C31 		str	r3, [r2, #268]
 772:Drivers/STM32F7xx_HAL_Driver/Src/stm32f7xx_hal_eth.c ****             ETH_MMCTIMR_TGFSCM);
 2069              		.loc 1 772 5 view .LVU675
 2070 0032 0268     		ldr	r2, [r0]
 2071 0034 D2F81031 		ldr	r3, [r2, #272]
 2072 0038 43F40313 		orr	r3, r3, #2146304
 2073 003c C2F81031 		str	r3, [r2, #272]
 776:Drivers/STM32F7xx_HAL_Driver/Src/stm32f7xx_hal_eth.c **** 
 2074              		.loc 1 776 5 view .LVU676
 776:Drivers/STM32F7xx_HAL_Driver/Src/stm32f7xx_hal_eth.c **** 
 2075              		.loc 1 776 37 is_stmt 0 view .LVU677
 2076 0040 0423     		movs	r3, #4
 2077 0042 C366     		str	r3, [r0, #108]
 779:Drivers/STM32F7xx_HAL_Driver/Src/stm32f7xx_hal_eth.c **** 
 2078              		.loc 1 779 5 is_stmt 1 view .LVU678
 2079 0044 FFF7FEFF 		bl	ETH_UpdateDescriptor
 2080              	.LVL149:
ARM GAS  /tmp/ccQ4qZLu.s 			page 118


 782:Drivers/STM32F7xx_HAL_Driver/Src/stm32f7xx_hal_eth.c **** 
 2081              		.loc 1 782 5 view .LVU679
 2082 0048 2268     		ldr	r2, [r4]
 2083 004a 1368     		ldr	r3, [r2]
 2084 004c 43F00803 		orr	r3, r3, #8
 2085 0050 1360     		str	r3, [r2]
 786:Drivers/STM32F7xx_HAL_Driver/Src/stm32f7xx_hal_eth.c ****     HAL_Delay(ETH_REG_WRITE_DELAY);
 2086              		.loc 1 786 5 view .LVU680
 786:Drivers/STM32F7xx_HAL_Driver/Src/stm32f7xx_hal_eth.c ****     HAL_Delay(ETH_REG_WRITE_DELAY);
 2087              		.loc 1 786 20 is_stmt 0 view .LVU681
 2088 0052 2368     		ldr	r3, [r4]
 786:Drivers/STM32F7xx_HAL_Driver/Src/stm32f7xx_hal_eth.c ****     HAL_Delay(ETH_REG_WRITE_DELAY);
 2089              		.loc 1 786 13 view .LVU682
 2090 0054 1F68     		ldr	r7, [r3]
 2091              	.LVL150:
 787:Drivers/STM32F7xx_HAL_Driver/Src/stm32f7xx_hal_eth.c ****     (heth->Instance)->MACCR = tmpreg1;
 2092              		.loc 1 787 5 is_stmt 1 view .LVU683
 2093 0056 3046     		mov	r0, r6
 2094 0058 FFF7FEFF 		bl	HAL_Delay
 2095              	.LVL151:
 788:Drivers/STM32F7xx_HAL_Driver/Src/stm32f7xx_hal_eth.c **** 
 2096              		.loc 1 788 5 view .LVU684
 788:Drivers/STM32F7xx_HAL_Driver/Src/stm32f7xx_hal_eth.c **** 
 2097              		.loc 1 788 10 is_stmt 0 view .LVU685
 2098 005c 2368     		ldr	r3, [r4]
 788:Drivers/STM32F7xx_HAL_Driver/Src/stm32f7xx_hal_eth.c **** 
 2099              		.loc 1 788 29 view .LVU686
 2100 005e 1F60     		str	r7, [r3]
 791:Drivers/STM32F7xx_HAL_Driver/Src/stm32f7xx_hal_eth.c **** 
 2101              		.loc 1 791 5 is_stmt 1 view .LVU687
 2102 0060 2268     		ldr	r2, [r4]
 2103 0062 1368     		ldr	r3, [r2]
 2104 0064 43F00403 		orr	r3, r3, #4
 2105 0068 1360     		str	r3, [r2]
 795:Drivers/STM32F7xx_HAL_Driver/Src/stm32f7xx_hal_eth.c ****     HAL_Delay(ETH_REG_WRITE_DELAY);
 2106              		.loc 1 795 5 view .LVU688
 795:Drivers/STM32F7xx_HAL_Driver/Src/stm32f7xx_hal_eth.c ****     HAL_Delay(ETH_REG_WRITE_DELAY);
 2107              		.loc 1 795 20 is_stmt 0 view .LVU689
 2108 006a 2368     		ldr	r3, [r4]
 795:Drivers/STM32F7xx_HAL_Driver/Src/stm32f7xx_hal_eth.c ****     HAL_Delay(ETH_REG_WRITE_DELAY);
 2109              		.loc 1 795 13 view .LVU690
 2110 006c 1F68     		ldr	r7, [r3]
 2111              	.LVL152:
 796:Drivers/STM32F7xx_HAL_Driver/Src/stm32f7xx_hal_eth.c ****     (heth->Instance)->MACCR = tmpreg1;
 2112              		.loc 1 796 5 is_stmt 1 view .LVU691
 2113 006e 3046     		mov	r0, r6
 2114 0070 FFF7FEFF 		bl	HAL_Delay
 2115              	.LVL153:
 797:Drivers/STM32F7xx_HAL_Driver/Src/stm32f7xx_hal_eth.c **** 
 2116              		.loc 1 797 5 view .LVU692
 797:Drivers/STM32F7xx_HAL_Driver/Src/stm32f7xx_hal_eth.c **** 
 2117              		.loc 1 797 10 is_stmt 0 view .LVU693
 2118 0074 2368     		ldr	r3, [r4]
 797:Drivers/STM32F7xx_HAL_Driver/Src/stm32f7xx_hal_eth.c **** 
 2119              		.loc 1 797 29 view .LVU694
 2120 0076 1F60     		str	r7, [r3]
 800:Drivers/STM32F7xx_HAL_Driver/Src/stm32f7xx_hal_eth.c **** 
ARM GAS  /tmp/ccQ4qZLu.s 			page 119


 2121              		.loc 1 800 5 is_stmt 1 view .LVU695
 2122 0078 2046     		mov	r0, r4
 2123 007a FFF7FEFF 		bl	ETH_FlushTransmitFIFO
 2124              	.LVL154:
 803:Drivers/STM32F7xx_HAL_Driver/Src/stm32f7xx_hal_eth.c **** 
 2125              		.loc 1 803 5 view .LVU696
 2126 007e 2368     		ldr	r3, [r4]
 2127 0080 03F58053 		add	r3, r3, #4096
 2128 0084 9A69     		ldr	r2, [r3, #24]
 2129 0086 42F40052 		orr	r2, r2, #8192
 2130 008a 9A61     		str	r2, [r3, #24]
 806:Drivers/STM32F7xx_HAL_Driver/Src/stm32f7xx_hal_eth.c **** 
 2131              		.loc 1 806 5 view .LVU697
 2132 008c 2368     		ldr	r3, [r4]
 2133 008e 03F58053 		add	r3, r3, #4096
 2134 0092 9A69     		ldr	r2, [r3, #24]
 2135 0094 42F00202 		orr	r2, r2, #2
 2136 0098 9A61     		str	r2, [r3, #24]
 813:Drivers/STM32F7xx_HAL_Driver/Src/stm32f7xx_hal_eth.c ****                                    ETH_DMAIER_FBEIE | ETH_DMAIER_AISE | ETH_DMAIER_RBUIE));
 2137              		.loc 1 813 5 view .LVU698
 2138 009a 2368     		ldr	r3, [r4]
 2139 009c 03F58053 		add	r3, r3, #4096
 2140 00a0 D969     		ldr	r1, [r3, #28]
 2141 00a2 044A     		ldr	r2, .L127+4
 2142 00a4 0A43     		orrs	r2, r2, r1
 2143 00a6 DA61     		str	r2, [r3, #28]
 816:Drivers/STM32F7xx_HAL_Driver/Src/stm32f7xx_hal_eth.c ****     return HAL_OK;
 2144              		.loc 1 816 5 view .LVU699
 816:Drivers/STM32F7xx_HAL_Driver/Src/stm32f7xx_hal_eth.c ****     return HAL_OK;
 2145              		.loc 1 816 18 is_stmt 0 view .LVU700
 2146 00a8 C4F88450 		str	r5, [r4, #132]
 817:Drivers/STM32F7xx_HAL_Driver/Src/stm32f7xx_hal_eth.c ****   }
 2147              		.loc 1 817 5 is_stmt 1 view .LVU701
 817:Drivers/STM32F7xx_HAL_Driver/Src/stm32f7xx_hal_eth.c ****   }
 2148              		.loc 1 817 12 is_stmt 0 view .LVU702
 2149 00ac 0020     		movs	r0, #0
 2150 00ae ADE7     		b	.L123
 2151              	.L128:
 2152              		.align	2
 2153              	.L127:
 2154 00b0 60000200 		.word	131168
 2155 00b4 C1A00100 		.word	106689
 2156              		.cfi_endproc
 2157              	.LFE146:
 2159              		.section	.text.HAL_ETH_Stop,"ax",%progbits
 2160              		.align	1
 2161              		.global	HAL_ETH_Stop
 2162              		.syntax unified
 2163              		.thumb
 2164              		.thumb_func
 2166              	HAL_ETH_Stop:
 2167              	.LVL155:
 2168              	.LFB147:
 832:Drivers/STM32F7xx_HAL_Driver/Src/stm32f7xx_hal_eth.c ****   uint32_t tmpreg1;
 2169              		.loc 1 832 1 is_stmt 1 view -0
 2170              		.cfi_startproc
 2171              		@ args = 0, pretend = 0, frame = 0
ARM GAS  /tmp/ccQ4qZLu.s 			page 120


 2172              		@ frame_needed = 0, uses_anonymous_args = 0
 832:Drivers/STM32F7xx_HAL_Driver/Src/stm32f7xx_hal_eth.c ****   uint32_t tmpreg1;
 2173              		.loc 1 832 1 is_stmt 0 view .LVU704
 2174 0000 38B5     		push	{r3, r4, r5, lr}
 2175              	.LCFI22:
 2176              		.cfi_def_cfa_offset 16
 2177              		.cfi_offset 3, -16
 2178              		.cfi_offset 4, -12
 2179              		.cfi_offset 5, -8
 2180              		.cfi_offset 14, -4
 833:Drivers/STM32F7xx_HAL_Driver/Src/stm32f7xx_hal_eth.c **** 
 2181              		.loc 1 833 3 is_stmt 1 view .LVU705
 835:Drivers/STM32F7xx_HAL_Driver/Src/stm32f7xx_hal_eth.c ****   {
 2182              		.loc 1 835 3 view .LVU706
 835:Drivers/STM32F7xx_HAL_Driver/Src/stm32f7xx_hal_eth.c ****   {
 2183              		.loc 1 835 11 is_stmt 0 view .LVU707
 2184 0002 D0F88430 		ldr	r3, [r0, #132]
 835:Drivers/STM32F7xx_HAL_Driver/Src/stm32f7xx_hal_eth.c ****   {
 2185              		.loc 1 835 6 view .LVU708
 2186 0006 232B     		cmp	r3, #35
 2187 0008 01D0     		beq	.L133
 873:Drivers/STM32F7xx_HAL_Driver/Src/stm32f7xx_hal_eth.c ****   }
 2188              		.loc 1 873 12 view .LVU709
 2189 000a 0120     		movs	r0, #1
 2190              	.LVL156:
 2191              	.L130:
 875:Drivers/STM32F7xx_HAL_Driver/Src/stm32f7xx_hal_eth.c **** 
 2192              		.loc 1 875 1 view .LVU710
 2193 000c 38BD     		pop	{r3, r4, r5, pc}
 2194              	.LVL157:
 2195              	.L133:
 875:Drivers/STM32F7xx_HAL_Driver/Src/stm32f7xx_hal_eth.c **** 
 2196              		.loc 1 875 1 view .LVU711
 2197 000e 0446     		mov	r4, r0
 838:Drivers/STM32F7xx_HAL_Driver/Src/stm32f7xx_hal_eth.c ****     /* Disable the DMA transmission */
 2198              		.loc 1 838 5 is_stmt 1 view .LVU712
 838:Drivers/STM32F7xx_HAL_Driver/Src/stm32f7xx_hal_eth.c ****     /* Disable the DMA transmission */
 2199              		.loc 1 838 18 is_stmt 0 view .LVU713
 2200 0010 C0F88430 		str	r3, [r0, #132]
 840:Drivers/STM32F7xx_HAL_Driver/Src/stm32f7xx_hal_eth.c **** 
 2201              		.loc 1 840 5 is_stmt 1 view .LVU714
 2202 0014 0368     		ldr	r3, [r0]
 2203 0016 03F58053 		add	r3, r3, #4096
 2204 001a 9A69     		ldr	r2, [r3, #24]
 2205 001c 22F40052 		bic	r2, r2, #8192
 2206 0020 9A61     		str	r2, [r3, #24]
 843:Drivers/STM32F7xx_HAL_Driver/Src/stm32f7xx_hal_eth.c **** 
 2207              		.loc 1 843 5 view .LVU715
 2208 0022 0368     		ldr	r3, [r0]
 2209 0024 03F58053 		add	r3, r3, #4096
 2210 0028 9A69     		ldr	r2, [r3, #24]
 2211 002a 22F00202 		bic	r2, r2, #2
 2212 002e 9A61     		str	r2, [r3, #24]
 846:Drivers/STM32F7xx_HAL_Driver/Src/stm32f7xx_hal_eth.c **** 
 2213              		.loc 1 846 5 view .LVU716
 2214 0030 0268     		ldr	r2, [r0]
 2215 0032 1368     		ldr	r3, [r2]
ARM GAS  /tmp/ccQ4qZLu.s 			page 121


 2216 0034 23F00403 		bic	r3, r3, #4
 2217 0038 1360     		str	r3, [r2]
 850:Drivers/STM32F7xx_HAL_Driver/Src/stm32f7xx_hal_eth.c ****     HAL_Delay(ETH_REG_WRITE_DELAY);
 2218              		.loc 1 850 5 view .LVU717
 850:Drivers/STM32F7xx_HAL_Driver/Src/stm32f7xx_hal_eth.c ****     HAL_Delay(ETH_REG_WRITE_DELAY);
 2219              		.loc 1 850 20 is_stmt 0 view .LVU718
 2220 003a 0368     		ldr	r3, [r0]
 850:Drivers/STM32F7xx_HAL_Driver/Src/stm32f7xx_hal_eth.c ****     HAL_Delay(ETH_REG_WRITE_DELAY);
 2221              		.loc 1 850 13 view .LVU719
 2222 003c 1D68     		ldr	r5, [r3]
 2223              	.LVL158:
 851:Drivers/STM32F7xx_HAL_Driver/Src/stm32f7xx_hal_eth.c ****     (heth->Instance)->MACCR = tmpreg1;
 2224              		.loc 1 851 5 is_stmt 1 view .LVU720
 2225 003e 0120     		movs	r0, #1
 2226              	.LVL159:
 851:Drivers/STM32F7xx_HAL_Driver/Src/stm32f7xx_hal_eth.c ****     (heth->Instance)->MACCR = tmpreg1;
 2227              		.loc 1 851 5 is_stmt 0 view .LVU721
 2228 0040 FFF7FEFF 		bl	HAL_Delay
 2229              	.LVL160:
 852:Drivers/STM32F7xx_HAL_Driver/Src/stm32f7xx_hal_eth.c **** 
 2230              		.loc 1 852 5 is_stmt 1 view .LVU722
 852:Drivers/STM32F7xx_HAL_Driver/Src/stm32f7xx_hal_eth.c **** 
 2231              		.loc 1 852 10 is_stmt 0 view .LVU723
 2232 0044 2368     		ldr	r3, [r4]
 852:Drivers/STM32F7xx_HAL_Driver/Src/stm32f7xx_hal_eth.c **** 
 2233              		.loc 1 852 29 view .LVU724
 2234 0046 1D60     		str	r5, [r3]
 855:Drivers/STM32F7xx_HAL_Driver/Src/stm32f7xx_hal_eth.c **** 
 2235              		.loc 1 855 5 is_stmt 1 view .LVU725
 2236 0048 2046     		mov	r0, r4
 2237 004a FFF7FEFF 		bl	ETH_FlushTransmitFIFO
 2238              	.LVL161:
 858:Drivers/STM32F7xx_HAL_Driver/Src/stm32f7xx_hal_eth.c **** 
 2239              		.loc 1 858 5 view .LVU726
 2240 004e 2268     		ldr	r2, [r4]
 2241 0050 1368     		ldr	r3, [r2]
 2242 0052 23F00803 		bic	r3, r3, #8
 2243 0056 1360     		str	r3, [r2]
 862:Drivers/STM32F7xx_HAL_Driver/Src/stm32f7xx_hal_eth.c ****     HAL_Delay(ETH_REG_WRITE_DELAY);
 2244              		.loc 1 862 5 view .LVU727
 862:Drivers/STM32F7xx_HAL_Driver/Src/stm32f7xx_hal_eth.c ****     HAL_Delay(ETH_REG_WRITE_DELAY);
 2245              		.loc 1 862 20 is_stmt 0 view .LVU728
 2246 0058 2368     		ldr	r3, [r4]
 862:Drivers/STM32F7xx_HAL_Driver/Src/stm32f7xx_hal_eth.c ****     HAL_Delay(ETH_REG_WRITE_DELAY);
 2247              		.loc 1 862 13 view .LVU729
 2248 005a 1D68     		ldr	r5, [r3]
 2249              	.LVL162:
 863:Drivers/STM32F7xx_HAL_Driver/Src/stm32f7xx_hal_eth.c ****     (heth->Instance)->MACCR = tmpreg1;
 2250              		.loc 1 863 5 is_stmt 1 view .LVU730
 2251 005c 0120     		movs	r0, #1
 2252 005e FFF7FEFF 		bl	HAL_Delay
 2253              	.LVL163:
 864:Drivers/STM32F7xx_HAL_Driver/Src/stm32f7xx_hal_eth.c **** 
 2254              		.loc 1 864 5 view .LVU731
 864:Drivers/STM32F7xx_HAL_Driver/Src/stm32f7xx_hal_eth.c **** 
 2255              		.loc 1 864 10 is_stmt 0 view .LVU732
 2256 0062 2368     		ldr	r3, [r4]
ARM GAS  /tmp/ccQ4qZLu.s 			page 122


 864:Drivers/STM32F7xx_HAL_Driver/Src/stm32f7xx_hal_eth.c **** 
 2257              		.loc 1 864 29 view .LVU733
 2258 0064 1D60     		str	r5, [r3]
 866:Drivers/STM32F7xx_HAL_Driver/Src/stm32f7xx_hal_eth.c **** 
 2259              		.loc 1 866 5 is_stmt 1 view .LVU734
 866:Drivers/STM32F7xx_HAL_Driver/Src/stm32f7xx_hal_eth.c **** 
 2260              		.loc 1 866 18 is_stmt 0 view .LVU735
 2261 0066 1023     		movs	r3, #16
 2262 0068 C4F88430 		str	r3, [r4, #132]
 869:Drivers/STM32F7xx_HAL_Driver/Src/stm32f7xx_hal_eth.c ****   }
 2263              		.loc 1 869 5 is_stmt 1 view .LVU736
 869:Drivers/STM32F7xx_HAL_Driver/Src/stm32f7xx_hal_eth.c ****   }
 2264              		.loc 1 869 12 is_stmt 0 view .LVU737
 2265 006c 0020     		movs	r0, #0
 2266 006e CDE7     		b	.L130
 2267              		.cfi_endproc
 2268              	.LFE147:
 2270              		.section	.text.HAL_ETH_Stop_IT,"ax",%progbits
 2271              		.align	1
 2272              		.global	HAL_ETH_Stop_IT
 2273              		.syntax unified
 2274              		.thumb
 2275              		.thumb_func
 2277              	HAL_ETH_Stop_IT:
 2278              	.LVL164:
 2279              	.LFB148:
 884:Drivers/STM32F7xx_HAL_Driver/Src/stm32f7xx_hal_eth.c ****   ETH_DMADescTypeDef *dmarxdesc;
 2280              		.loc 1 884 1 is_stmt 1 view -0
 2281              		.cfi_startproc
 2282              		@ args = 0, pretend = 0, frame = 0
 2283              		@ frame_needed = 0, uses_anonymous_args = 0
 884:Drivers/STM32F7xx_HAL_Driver/Src/stm32f7xx_hal_eth.c ****   ETH_DMADescTypeDef *dmarxdesc;
 2284              		.loc 1 884 1 is_stmt 0 view .LVU739
 2285 0000 38B5     		push	{r3, r4, r5, lr}
 2286              	.LCFI23:
 2287              		.cfi_def_cfa_offset 16
 2288              		.cfi_offset 3, -16
 2289              		.cfi_offset 4, -12
 2290              		.cfi_offset 5, -8
 2291              		.cfi_offset 14, -4
 885:Drivers/STM32F7xx_HAL_Driver/Src/stm32f7xx_hal_eth.c ****   uint32_t descindex;
 2292              		.loc 1 885 3 is_stmt 1 view .LVU740
 886:Drivers/STM32F7xx_HAL_Driver/Src/stm32f7xx_hal_eth.c ****   uint32_t tmpreg1;
 2293              		.loc 1 886 3 view .LVU741
 887:Drivers/STM32F7xx_HAL_Driver/Src/stm32f7xx_hal_eth.c **** 
 2294              		.loc 1 887 3 view .LVU742
 889:Drivers/STM32F7xx_HAL_Driver/Src/stm32f7xx_hal_eth.c ****   {
 2295              		.loc 1 889 3 view .LVU743
 889:Drivers/STM32F7xx_HAL_Driver/Src/stm32f7xx_hal_eth.c ****   {
 2296              		.loc 1 889 11 is_stmt 0 view .LVU744
 2297 0002 D0F88430 		ldr	r3, [r0, #132]
 889:Drivers/STM32F7xx_HAL_Driver/Src/stm32f7xx_hal_eth.c ****   {
 2298              		.loc 1 889 6 view .LVU745
 2299 0006 232B     		cmp	r3, #35
 2300 0008 01D0     		beq	.L140
 940:Drivers/STM32F7xx_HAL_Driver/Src/stm32f7xx_hal_eth.c ****   }
 2301              		.loc 1 940 12 view .LVU746
ARM GAS  /tmp/ccQ4qZLu.s 			page 123


 2302 000a 0120     		movs	r0, #1
 2303              	.LVL165:
 2304              	.L135:
 942:Drivers/STM32F7xx_HAL_Driver/Src/stm32f7xx_hal_eth.c **** 
 2305              		.loc 1 942 1 view .LVU747
 2306 000c 38BD     		pop	{r3, r4, r5, pc}
 2307              	.LVL166:
 2308              	.L140:
 942:Drivers/STM32F7xx_HAL_Driver/Src/stm32f7xx_hal_eth.c **** 
 2309              		.loc 1 942 1 view .LVU748
 2310 000e 0446     		mov	r4, r0
 892:Drivers/STM32F7xx_HAL_Driver/Src/stm32f7xx_hal_eth.c **** 
 2311              		.loc 1 892 5 is_stmt 1 view .LVU749
 892:Drivers/STM32F7xx_HAL_Driver/Src/stm32f7xx_hal_eth.c **** 
 2312              		.loc 1 892 18 is_stmt 0 view .LVU750
 2313 0010 C0F88430 		str	r3, [r0, #132]
 894:Drivers/STM32F7xx_HAL_Driver/Src/stm32f7xx_hal_eth.c ****                                     ETH_DMAIER_FBEIE | ETH_DMAIER_AISE | ETH_DMAIER_RBUIE));
 2314              		.loc 1 894 5 is_stmt 1 view .LVU751
 2315 0014 0368     		ldr	r3, [r0]
 2316 0016 03F58053 		add	r3, r3, #4096
 2317 001a D969     		ldr	r1, [r3, #28]
 2318 001c 1F4A     		ldr	r2, .L141
 2319 001e 0A40     		ands	r2, r2, r1
 2320 0020 DA61     		str	r2, [r3, #28]
 898:Drivers/STM32F7xx_HAL_Driver/Src/stm32f7xx_hal_eth.c **** 
 2321              		.loc 1 898 5 view .LVU752
 2322 0022 0368     		ldr	r3, [r0]
 2323 0024 03F58053 		add	r3, r3, #4096
 2324 0028 9A69     		ldr	r2, [r3, #24]
 2325 002a 22F40052 		bic	r2, r2, #8192
 2326 002e 9A61     		str	r2, [r3, #24]
 901:Drivers/STM32F7xx_HAL_Driver/Src/stm32f7xx_hal_eth.c **** 
 2327              		.loc 1 901 5 view .LVU753
 2328 0030 0368     		ldr	r3, [r0]
 2329 0032 03F58053 		add	r3, r3, #4096
 2330 0036 9A69     		ldr	r2, [r3, #24]
 2331 0038 22F00202 		bic	r2, r2, #2
 2332 003c 9A61     		str	r2, [r3, #24]
 904:Drivers/STM32F7xx_HAL_Driver/Src/stm32f7xx_hal_eth.c **** 
 2333              		.loc 1 904 5 view .LVU754
 2334 003e 0268     		ldr	r2, [r0]
 2335 0040 1368     		ldr	r3, [r2]
 2336 0042 23F00403 		bic	r3, r3, #4
 2337 0046 1360     		str	r3, [r2]
 908:Drivers/STM32F7xx_HAL_Driver/Src/stm32f7xx_hal_eth.c ****     HAL_Delay(ETH_REG_WRITE_DELAY);
 2338              		.loc 1 908 5 view .LVU755
 908:Drivers/STM32F7xx_HAL_Driver/Src/stm32f7xx_hal_eth.c ****     HAL_Delay(ETH_REG_WRITE_DELAY);
 2339              		.loc 1 908 20 is_stmt 0 view .LVU756
 2340 0048 0368     		ldr	r3, [r0]
 908:Drivers/STM32F7xx_HAL_Driver/Src/stm32f7xx_hal_eth.c ****     HAL_Delay(ETH_REG_WRITE_DELAY);
 2341              		.loc 1 908 13 view .LVU757
 2342 004a 1D68     		ldr	r5, [r3]
 2343              	.LVL167:
 909:Drivers/STM32F7xx_HAL_Driver/Src/stm32f7xx_hal_eth.c ****     (heth->Instance)->MACCR = tmpreg1;
 2344              		.loc 1 909 5 is_stmt 1 view .LVU758
 2345 004c 0120     		movs	r0, #1
 2346              	.LVL168:
ARM GAS  /tmp/ccQ4qZLu.s 			page 124


 909:Drivers/STM32F7xx_HAL_Driver/Src/stm32f7xx_hal_eth.c ****     (heth->Instance)->MACCR = tmpreg1;
 2347              		.loc 1 909 5 is_stmt 0 view .LVU759
 2348 004e FFF7FEFF 		bl	HAL_Delay
 2349              	.LVL169:
 910:Drivers/STM32F7xx_HAL_Driver/Src/stm32f7xx_hal_eth.c **** 
 2350              		.loc 1 910 5 is_stmt 1 view .LVU760
 910:Drivers/STM32F7xx_HAL_Driver/Src/stm32f7xx_hal_eth.c **** 
 2351              		.loc 1 910 10 is_stmt 0 view .LVU761
 2352 0052 2368     		ldr	r3, [r4]
 910:Drivers/STM32F7xx_HAL_Driver/Src/stm32f7xx_hal_eth.c **** 
 2353              		.loc 1 910 29 view .LVU762
 2354 0054 1D60     		str	r5, [r3]
 913:Drivers/STM32F7xx_HAL_Driver/Src/stm32f7xx_hal_eth.c **** 
 2355              		.loc 1 913 5 is_stmt 1 view .LVU763
 2356 0056 2046     		mov	r0, r4
 2357 0058 FFF7FEFF 		bl	ETH_FlushTransmitFIFO
 2358              	.LVL170:
 916:Drivers/STM32F7xx_HAL_Driver/Src/stm32f7xx_hal_eth.c **** 
 2359              		.loc 1 916 5 view .LVU764
 2360 005c 2268     		ldr	r2, [r4]
 2361 005e 1368     		ldr	r3, [r2]
 2362 0060 23F00803 		bic	r3, r3, #8
 2363 0064 1360     		str	r3, [r2]
 920:Drivers/STM32F7xx_HAL_Driver/Src/stm32f7xx_hal_eth.c ****     HAL_Delay(ETH_REG_WRITE_DELAY);
 2364              		.loc 1 920 5 view .LVU765
 920:Drivers/STM32F7xx_HAL_Driver/Src/stm32f7xx_hal_eth.c ****     HAL_Delay(ETH_REG_WRITE_DELAY);
 2365              		.loc 1 920 20 is_stmt 0 view .LVU766
 2366 0066 2368     		ldr	r3, [r4]
 920:Drivers/STM32F7xx_HAL_Driver/Src/stm32f7xx_hal_eth.c ****     HAL_Delay(ETH_REG_WRITE_DELAY);
 2367              		.loc 1 920 13 view .LVU767
 2368 0068 1D68     		ldr	r5, [r3]
 2369              	.LVL171:
 921:Drivers/STM32F7xx_HAL_Driver/Src/stm32f7xx_hal_eth.c ****     (heth->Instance)->MACCR = tmpreg1;
 2370              		.loc 1 921 5 is_stmt 1 view .LVU768
 2371 006a 0120     		movs	r0, #1
 2372 006c FFF7FEFF 		bl	HAL_Delay
 2373              	.LVL172:
 922:Drivers/STM32F7xx_HAL_Driver/Src/stm32f7xx_hal_eth.c **** 
 2374              		.loc 1 922 5 view .LVU769
 922:Drivers/STM32F7xx_HAL_Driver/Src/stm32f7xx_hal_eth.c **** 
 2375              		.loc 1 922 10 is_stmt 0 view .LVU770
 2376 0070 2368     		ldr	r3, [r4]
 922:Drivers/STM32F7xx_HAL_Driver/Src/stm32f7xx_hal_eth.c **** 
 2377              		.loc 1 922 29 view .LVU771
 2378 0072 1D60     		str	r5, [r3]
 925:Drivers/STM32F7xx_HAL_Driver/Src/stm32f7xx_hal_eth.c ****     {
 2379              		.loc 1 925 5 is_stmt 1 view .LVU772
 2380              	.LVL173:
 925:Drivers/STM32F7xx_HAL_Driver/Src/stm32f7xx_hal_eth.c ****     {
 2381              		.loc 1 925 20 is_stmt 0 view .LVU773
 2382 0074 0023     		movs	r3, #0
 925:Drivers/STM32F7xx_HAL_Driver/Src/stm32f7xx_hal_eth.c ****     {
 2383              		.loc 1 925 5 view .LVU774
 2384 0076 08E0     		b	.L136
 2385              	.LVL174:
 2386              	.L137:
 927:Drivers/STM32F7xx_HAL_Driver/Src/stm32f7xx_hal_eth.c ****       SET_BIT(dmarxdesc->DESC1, ETH_DMARXDESC_DIC);
ARM GAS  /tmp/ccQ4qZLu.s 			page 125


 2387              		.loc 1 927 7 is_stmt 1 discriminator 3 view .LVU775
 927:Drivers/STM32F7xx_HAL_Driver/Src/stm32f7xx_hal_eth.c ****       SET_BIT(dmarxdesc->DESC1, ETH_DMARXDESC_DIC);
 2388              		.loc 1 927 64 is_stmt 0 discriminator 3 view .LVU776
 2389 0078 03F11202 		add	r2, r3, #18
 2390 007c 54F82210 		ldr	r1, [r4, r2, lsl #2]
 2391              	.LVL175:
 928:Drivers/STM32F7xx_HAL_Driver/Src/stm32f7xx_hal_eth.c ****     }
 2392              		.loc 1 928 7 is_stmt 1 discriminator 3 view .LVU777
 2393 0080 4A68     		ldr	r2, [r1, #4]
 2394 0082 42F00042 		orr	r2, r2, #-2147483648
 2395 0086 4A60     		str	r2, [r1, #4]
 925:Drivers/STM32F7xx_HAL_Driver/Src/stm32f7xx_hal_eth.c ****     {
 2396              		.loc 1 925 73 discriminator 3 view .LVU778
 2397 0088 0133     		adds	r3, r3, #1
 2398              	.LVL176:
 2399              	.L136:
 925:Drivers/STM32F7xx_HAL_Driver/Src/stm32f7xx_hal_eth.c ****     {
 2400              		.loc 1 925 35 discriminator 1 view .LVU779
 2401 008a 032B     		cmp	r3, #3
 2402 008c F4D9     		bls	.L137
 931:Drivers/STM32F7xx_HAL_Driver/Src/stm32f7xx_hal_eth.c **** 
 2403              		.loc 1 931 5 view .LVU780
 931:Drivers/STM32F7xx_HAL_Driver/Src/stm32f7xx_hal_eth.c **** 
 2404              		.loc 1 931 29 is_stmt 0 view .LVU781
 2405 008e 0020     		movs	r0, #0
 2406 0090 A065     		str	r0, [r4, #88]
 933:Drivers/STM32F7xx_HAL_Driver/Src/stm32f7xx_hal_eth.c **** 
 2407              		.loc 1 933 5 is_stmt 1 view .LVU782
 933:Drivers/STM32F7xx_HAL_Driver/Src/stm32f7xx_hal_eth.c **** 
 2408              		.loc 1 933 18 is_stmt 0 view .LVU783
 2409 0092 1023     		movs	r3, #16
 2410              	.LVL177:
 933:Drivers/STM32F7xx_HAL_Driver/Src/stm32f7xx_hal_eth.c **** 
 2411              		.loc 1 933 18 view .LVU784
 2412 0094 C4F88430 		str	r3, [r4, #132]
 936:Drivers/STM32F7xx_HAL_Driver/Src/stm32f7xx_hal_eth.c ****   }
 2413              		.loc 1 936 5 is_stmt 1 view .LVU785
 936:Drivers/STM32F7xx_HAL_Driver/Src/stm32f7xx_hal_eth.c ****   }
 2414              		.loc 1 936 12 is_stmt 0 view .LVU786
 2415 0098 B8E7     		b	.L135
 2416              	.L142:
 2417 009a 00BF     		.align	2
 2418              	.L141:
 2419 009c 3E5FFEFF 		.word	-106690
 2420              		.cfi_endproc
 2421              	.LFE148:
 2423              		.section	.text.HAL_ETH_Transmit,"ax",%progbits
 2424              		.align	1
 2425              		.global	HAL_ETH_Transmit
 2426              		.syntax unified
 2427              		.thumb
 2428              		.thumb_func
 2430              	HAL_ETH_Transmit:
 2431              	.LVL178:
 2432              	.LFB149:
 953:Drivers/STM32F7xx_HAL_Driver/Src/stm32f7xx_hal_eth.c ****   uint32_t tickstart;
 2433              		.loc 1 953 1 is_stmt 1 view -0
ARM GAS  /tmp/ccQ4qZLu.s 			page 126


 2434              		.cfi_startproc
 2435              		@ args = 0, pretend = 0, frame = 0
 2436              		@ frame_needed = 0, uses_anonymous_args = 0
 953:Drivers/STM32F7xx_HAL_Driver/Src/stm32f7xx_hal_eth.c ****   uint32_t tickstart;
 2437              		.loc 1 953 1 is_stmt 0 view .LVU788
 2438 0000 F8B5     		push	{r3, r4, r5, r6, r7, lr}
 2439              	.LCFI24:
 2440              		.cfi_def_cfa_offset 24
 2441              		.cfi_offset 3, -24
 2442              		.cfi_offset 4, -20
 2443              		.cfi_offset 5, -16
 2444              		.cfi_offset 6, -12
 2445              		.cfi_offset 7, -8
 2446              		.cfi_offset 14, -4
 2447 0002 0446     		mov	r4, r0
 954:Drivers/STM32F7xx_HAL_Driver/Src/stm32f7xx_hal_eth.c ****   ETH_DMADescTypeDef *dmatxdesc;
 2448              		.loc 1 954 3 is_stmt 1 view .LVU789
 955:Drivers/STM32F7xx_HAL_Driver/Src/stm32f7xx_hal_eth.c **** 
 2449              		.loc 1 955 3 view .LVU790
 957:Drivers/STM32F7xx_HAL_Driver/Src/stm32f7xx_hal_eth.c ****   {
 2450              		.loc 1 957 3 view .LVU791
 957:Drivers/STM32F7xx_HAL_Driver/Src/stm32f7xx_hal_eth.c ****   {
 2451              		.loc 1 957 6 is_stmt 0 view .LVU792
 2452 0004 31B1     		cbz	r1, .L155
 2453 0006 1546     		mov	r5, r2
 963:Drivers/STM32F7xx_HAL_Driver/Src/stm32f7xx_hal_eth.c ****   {
 2454              		.loc 1 963 3 is_stmt 1 view .LVU793
 963:Drivers/STM32F7xx_HAL_Driver/Src/stm32f7xx_hal_eth.c ****   {
 2455              		.loc 1 963 11 is_stmt 0 view .LVU794
 2456 0008 D4F88430 		ldr	r3, [r4, #132]
 963:Drivers/STM32F7xx_HAL_Driver/Src/stm32f7xx_hal_eth.c ****   {
 2457              		.loc 1 963 6 view .LVU795
 2458 000c 232B     		cmp	r3, #35
 2459 000e 09D0     		beq	.L156
1016:Drivers/STM32F7xx_HAL_Driver/Src/stm32f7xx_hal_eth.c ****   }
 2460              		.loc 1 1016 12 view .LVU796
 2461 0010 0120     		movs	r0, #1
 2462              	.LVL179:
 2463              	.L145:
1018:Drivers/STM32F7xx_HAL_Driver/Src/stm32f7xx_hal_eth.c **** 
 2464              		.loc 1 1018 1 view .LVU797
 2465 0012 F8BD     		pop	{r3, r4, r5, r6, r7, pc}
 2466              	.LVL180:
 2467              	.L155:
 959:Drivers/STM32F7xx_HAL_Driver/Src/stm32f7xx_hal_eth.c ****     return HAL_ERROR;
 2468              		.loc 1 959 5 is_stmt 1 view .LVU798
 959:Drivers/STM32F7xx_HAL_Driver/Src/stm32f7xx_hal_eth.c ****     return HAL_ERROR;
 2469              		.loc 1 959 9 is_stmt 0 view .LVU799
 2470 0014 D0F88830 		ldr	r3, [r0, #136]
 959:Drivers/STM32F7xx_HAL_Driver/Src/stm32f7xx_hal_eth.c ****     return HAL_ERROR;
 2471              		.loc 1 959 21 view .LVU800
 2472 0018 43F00103 		orr	r3, r3, #1
 2473 001c C0F88830 		str	r3, [r0, #136]
 960:Drivers/STM32F7xx_HAL_Driver/Src/stm32f7xx_hal_eth.c ****   }
 2474              		.loc 1 960 5 is_stmt 1 view .LVU801
 960:Drivers/STM32F7xx_HAL_Driver/Src/stm32f7xx_hal_eth.c ****   }
 2475              		.loc 1 960 12 is_stmt 0 view .LVU802
ARM GAS  /tmp/ccQ4qZLu.s 			page 127


 2476 0020 0120     		movs	r0, #1
 2477              	.LVL181:
 960:Drivers/STM32F7xx_HAL_Driver/Src/stm32f7xx_hal_eth.c ****   }
 2478              		.loc 1 960 12 view .LVU803
 2479 0022 F6E7     		b	.L145
 2480              	.LVL182:
 2481              	.L156:
 966:Drivers/STM32F7xx_HAL_Driver/Src/stm32f7xx_hal_eth.c ****     {
 2482              		.loc 1 966 5 is_stmt 1 view .LVU804
 966:Drivers/STM32F7xx_HAL_Driver/Src/stm32f7xx_hal_eth.c ****     {
 2483              		.loc 1 966 9 is_stmt 0 view .LVU805
 2484 0024 0022     		movs	r2, #0
 2485              	.LVL183:
 966:Drivers/STM32F7xx_HAL_Driver/Src/stm32f7xx_hal_eth.c ****     {
 2486              		.loc 1 966 9 view .LVU806
 2487 0026 2046     		mov	r0, r4
 2488              	.LVL184:
 966:Drivers/STM32F7xx_HAL_Driver/Src/stm32f7xx_hal_eth.c ****     {
 2489              		.loc 1 966 9 view .LVU807
 2490 0028 FFF7FEFF 		bl	ETH_Prepare_Tx_Descriptors
 2491              	.LVL185:
 966:Drivers/STM32F7xx_HAL_Driver/Src/stm32f7xx_hal_eth.c ****     {
 2492              		.loc 1 966 8 view .LVU808
 2493 002c 0028     		cmp	r0, #0
 2494 002e 35D1     		bne	.L157
 974:Drivers/STM32F7xx_HAL_Driver/Src/stm32f7xx_hal_eth.c **** 
 2495              		.loc 1 974 5 is_stmt 1 view .LVU809
 2496              	.LBB31:
 2497              	.LBI31:
 877:Drivers/CMSIS/Include/cmsis_gcc.h **** {
 2498              		.loc 2 877 27 view .LVU810
 2499              	.LBB32:
 879:Drivers/CMSIS/Include/cmsis_gcc.h **** }
 2500              		.loc 2 879 3 view .LVU811
 2501              		.syntax unified
 2502              	@ 879 "Drivers/CMSIS/Include/cmsis_gcc.h" 1
 2503 0030 BFF34F8F 		dsb 0xF
 2504              	@ 0 "" 2
 2505              		.thumb
 2506              		.syntax unified
 2507              	.LBE32:
 2508              	.LBE31:
 976:Drivers/STM32F7xx_HAL_Driver/Src/stm32f7xx_hal_eth.c **** 
 2509              		.loc 1 976 5 view .LVU812
 976:Drivers/STM32F7xx_HAL_Driver/Src/stm32f7xx_hal_eth.c **** 
 2510              		.loc 1 976 83 is_stmt 0 view .LVU813
 2511 0034 A36A     		ldr	r3, [r4, #40]
 976:Drivers/STM32F7xx_HAL_Driver/Src/stm32f7xx_hal_eth.c **** 
 2512              		.loc 1 976 66 view .LVU814
 2513 0036 9A1D     		adds	r2, r3, #6
 2514 0038 54F82260 		ldr	r6, [r4, r2, lsl #2]
 2515              	.LVL186:
 979:Drivers/STM32F7xx_HAL_Driver/Src/stm32f7xx_hal_eth.c **** 
 2516              		.loc 1 979 5 is_stmt 1 view .LVU815
 979:Drivers/STM32F7xx_HAL_Driver/Src/stm32f7xx_hal_eth.c **** 
 2517              		.loc 1 979 5 view .LVU816
 2518 003c 5A1C     		adds	r2, r3, #1
ARM GAS  /tmp/ccQ4qZLu.s 			page 128


 2519 003e A262     		str	r2, [r4, #40]
 979:Drivers/STM32F7xx_HAL_Driver/Src/stm32f7xx_hal_eth.c **** 
 2520              		.loc 1 979 5 view .LVU817
 2521 0040 032A     		cmp	r2, #3
 2522 0042 01D9     		bls	.L147
 979:Drivers/STM32F7xx_HAL_Driver/Src/stm32f7xx_hal_eth.c **** 
 2523              		.loc 1 979 5 discriminator 1 view .LVU818
 2524 0044 033B     		subs	r3, r3, #3
 2525 0046 A362     		str	r3, [r4, #40]
 2526              	.L147:
 979:Drivers/STM32F7xx_HAL_Driver/Src/stm32f7xx_hal_eth.c **** 
 2527              		.loc 1 979 5 discriminator 3 view .LVU819
 983:Drivers/STM32F7xx_HAL_Driver/Src/stm32f7xx_hal_eth.c **** 
 2528              		.loc 1 983 5 discriminator 3 view .LVU820
 2529 0048 A26A     		ldr	r2, [r4, #40]
 2530 004a 2368     		ldr	r3, [r4]
 2531 004c 0632     		adds	r2, r2, #6
 2532 004e 54F82220 		ldr	r2, [r4, r2, lsl #2]
 2533 0052 03F58053 		add	r3, r3, #4096
 2534 0056 5A60     		str	r2, [r3, #4]
 985:Drivers/STM32F7xx_HAL_Driver/Src/stm32f7xx_hal_eth.c **** 
 2535              		.loc 1 985 5 discriminator 3 view .LVU821
 985:Drivers/STM32F7xx_HAL_Driver/Src/stm32f7xx_hal_eth.c **** 
 2536              		.loc 1 985 17 is_stmt 0 discriminator 3 view .LVU822
 2537 0058 FFF7FEFF 		bl	HAL_GetTick
 2538              	.LVL187:
 2539 005c 0746     		mov	r7, r0
 2540              	.LVL188:
 988:Drivers/STM32F7xx_HAL_Driver/Src/stm32f7xx_hal_eth.c ****     {
 2541              		.loc 1 988 5 is_stmt 1 discriminator 3 view .LVU823
 2542              	.L150:
 988:Drivers/STM32F7xx_HAL_Driver/Src/stm32f7xx_hal_eth.c ****     {
 2543              		.loc 1 988 51 view .LVU824
 988:Drivers/STM32F7xx_HAL_Driver/Src/stm32f7xx_hal_eth.c ****     {
 2544              		.loc 1 988 22 is_stmt 0 view .LVU825
 2545 005e 3368     		ldr	r3, [r6]
 988:Drivers/STM32F7xx_HAL_Driver/Src/stm32f7xx_hal_eth.c ****     {
 2546              		.loc 1 988 51 view .LVU826
 2547 0060 002B     		cmp	r3, #0
 2548 0062 30DA     		bge	.L158
 990:Drivers/STM32F7xx_HAL_Driver/Src/stm32f7xx_hal_eth.c ****       {
 2549              		.loc 1 990 7 is_stmt 1 view .LVU827
 990:Drivers/STM32F7xx_HAL_Driver/Src/stm32f7xx_hal_eth.c ****       {
 2550              		.loc 1 990 16 is_stmt 0 view .LVU828
 2551 0064 2368     		ldr	r3, [r4]
 990:Drivers/STM32F7xx_HAL_Driver/Src/stm32f7xx_hal_eth.c ****       {
 2552              		.loc 1 990 26 view .LVU829
 2553 0066 03F58052 		add	r2, r3, #4096
 2554 006a 5269     		ldr	r2, [r2, #20]
 990:Drivers/STM32F7xx_HAL_Driver/Src/stm32f7xx_hal_eth.c ****       {
 2555              		.loc 1 990 10 view .LVU830
 2556 006c 12F4005F 		tst	r2, #8192
 2557 0070 1CD1     		bne	.L159
 999:Drivers/STM32F7xx_HAL_Driver/Src/stm32f7xx_hal_eth.c ****       {
 2558              		.loc 1 999 7 is_stmt 1 view .LVU831
 999:Drivers/STM32F7xx_HAL_Driver/Src/stm32f7xx_hal_eth.c ****       {
 2559              		.loc 1 999 10 is_stmt 0 view .LVU832
ARM GAS  /tmp/ccQ4qZLu.s 			page 129


 2560 0072 B5F1FF3F 		cmp	r5, #-1
 2561 0076 F2D0     		beq	.L150
1001:Drivers/STM32F7xx_HAL_Driver/Src/stm32f7xx_hal_eth.c ****         {
 2562              		.loc 1 1001 9 is_stmt 1 view .LVU833
1001:Drivers/STM32F7xx_HAL_Driver/Src/stm32f7xx_hal_eth.c ****         {
 2563              		.loc 1 1001 15 is_stmt 0 view .LVU834
 2564 0078 FFF7FEFF 		bl	HAL_GetTick
 2565              	.LVL189:
1001:Drivers/STM32F7xx_HAL_Driver/Src/stm32f7xx_hal_eth.c ****         {
 2566              		.loc 1 1001 29 view .LVU835
 2567 007c C01B     		subs	r0, r0, r7
1001:Drivers/STM32F7xx_HAL_Driver/Src/stm32f7xx_hal_eth.c ****         {
 2568              		.loc 1 1001 12 view .LVU836
 2569 007e A842     		cmp	r0, r5
 2570 0080 01D8     		bhi	.L151
1001:Drivers/STM32F7xx_HAL_Driver/Src/stm32f7xx_hal_eth.c ****         {
 2571              		.loc 1 1001 53 discriminator 1 view .LVU837
 2572 0082 002D     		cmp	r5, #0
 2573 0084 EBD1     		bne	.L150
 2574              	.L151:
1003:Drivers/STM32F7xx_HAL_Driver/Src/stm32f7xx_hal_eth.c ****           /* Clear TX descriptor so that we can proceed */
 2575              		.loc 1 1003 11 is_stmt 1 view .LVU838
1003:Drivers/STM32F7xx_HAL_Driver/Src/stm32f7xx_hal_eth.c ****           /* Clear TX descriptor so that we can proceed */
 2576              		.loc 1 1003 15 is_stmt 0 view .LVU839
 2577 0086 D4F88830 		ldr	r3, [r4, #136]
1003:Drivers/STM32F7xx_HAL_Driver/Src/stm32f7xx_hal_eth.c ****           /* Clear TX descriptor so that we can proceed */
 2578              		.loc 1 1003 27 view .LVU840
 2579 008a 43F00403 		orr	r3, r3, #4
 2580 008e C4F88830 		str	r3, [r4, #136]
1005:Drivers/STM32F7xx_HAL_Driver/Src/stm32f7xx_hal_eth.c ****           return HAL_ERROR;
 2581              		.loc 1 1005 11 is_stmt 1 view .LVU841
1005:Drivers/STM32F7xx_HAL_Driver/Src/stm32f7xx_hal_eth.c ****           return HAL_ERROR;
 2582              		.loc 1 1005 28 is_stmt 0 view .LVU842
 2583 0092 4FF04053 		mov	r3, #805306368
 2584 0096 3360     		str	r3, [r6]
1006:Drivers/STM32F7xx_HAL_Driver/Src/stm32f7xx_hal_eth.c ****         }
 2585              		.loc 1 1006 11 is_stmt 1 view .LVU843
1006:Drivers/STM32F7xx_HAL_Driver/Src/stm32f7xx_hal_eth.c ****         }
 2586              		.loc 1 1006 18 is_stmt 0 view .LVU844
 2587 0098 0120     		movs	r0, #1
 2588 009a BAE7     		b	.L145
 2589              	.LVL190:
 2590              	.L157:
 969:Drivers/STM32F7xx_HAL_Driver/Src/stm32f7xx_hal_eth.c ****       return HAL_ERROR;
 2591              		.loc 1 969 7 is_stmt 1 view .LVU845
 969:Drivers/STM32F7xx_HAL_Driver/Src/stm32f7xx_hal_eth.c ****       return HAL_ERROR;
 2592              		.loc 1 969 11 is_stmt 0 view .LVU846
 2593 009c D4F88830 		ldr	r3, [r4, #136]
 969:Drivers/STM32F7xx_HAL_Driver/Src/stm32f7xx_hal_eth.c ****       return HAL_ERROR;
 2594              		.loc 1 969 23 view .LVU847
 2595 00a0 43F00203 		orr	r3, r3, #2
 2596 00a4 C4F88830 		str	r3, [r4, #136]
 970:Drivers/STM32F7xx_HAL_Driver/Src/stm32f7xx_hal_eth.c ****     }
 2597              		.loc 1 970 7 is_stmt 1 view .LVU848
 970:Drivers/STM32F7xx_HAL_Driver/Src/stm32f7xx_hal_eth.c ****     }
 2598              		.loc 1 970 14 is_stmt 0 view .LVU849
 2599 00a8 0120     		movs	r0, #1
ARM GAS  /tmp/ccQ4qZLu.s 			page 130


 2600 00aa B2E7     		b	.L145
 2601              	.LVL191:
 2602              	.L159:
 992:Drivers/STM32F7xx_HAL_Driver/Src/stm32f7xx_hal_eth.c ****         heth->DMAErrorCode = heth->Instance->DMASR;
 2603              		.loc 1 992 9 is_stmt 1 view .LVU850
 992:Drivers/STM32F7xx_HAL_Driver/Src/stm32f7xx_hal_eth.c ****         heth->DMAErrorCode = heth->Instance->DMASR;
 2604              		.loc 1 992 13 is_stmt 0 view .LVU851
 2605 00ac D4F88820 		ldr	r2, [r4, #136]
 992:Drivers/STM32F7xx_HAL_Driver/Src/stm32f7xx_hal_eth.c ****         heth->DMAErrorCode = heth->Instance->DMASR;
 2606              		.loc 1 992 25 view .LVU852
 2607 00b0 42F00802 		orr	r2, r2, #8
 2608 00b4 C4F88820 		str	r2, [r4, #136]
 993:Drivers/STM32F7xx_HAL_Driver/Src/stm32f7xx_hal_eth.c ****         /* Return function status */
 2609              		.loc 1 993 9 is_stmt 1 view .LVU853
 993:Drivers/STM32F7xx_HAL_Driver/Src/stm32f7xx_hal_eth.c ****         /* Return function status */
 2610              		.loc 1 993 44 is_stmt 0 view .LVU854
 2611 00b8 03F58053 		add	r3, r3, #4096
 2612 00bc 5B69     		ldr	r3, [r3, #20]
 993:Drivers/STM32F7xx_HAL_Driver/Src/stm32f7xx_hal_eth.c ****         /* Return function status */
 2613              		.loc 1 993 28 view .LVU855
 2614 00be C4F88C30 		str	r3, [r4, #140]
 995:Drivers/STM32F7xx_HAL_Driver/Src/stm32f7xx_hal_eth.c ****       }
 2615              		.loc 1 995 9 is_stmt 1 view .LVU856
 995:Drivers/STM32F7xx_HAL_Driver/Src/stm32f7xx_hal_eth.c ****       }
 2616              		.loc 1 995 16 is_stmt 0 view .LVU857
 2617 00c2 0120     		movs	r0, #1
 2618 00c4 A5E7     		b	.L145
 2619              	.L158:
1012:Drivers/STM32F7xx_HAL_Driver/Src/stm32f7xx_hal_eth.c ****   }
 2620              		.loc 1 1012 12 view .LVU858
 2621 00c6 0020     		movs	r0, #0
 2622 00c8 A3E7     		b	.L145
 2623              		.cfi_endproc
 2624              	.LFE149:
 2626              		.section	.text.HAL_ETH_Transmit_IT,"ax",%progbits
 2627              		.align	1
 2628              		.global	HAL_ETH_Transmit_IT
 2629              		.syntax unified
 2630              		.thumb
 2631              		.thumb_func
 2633              	HAL_ETH_Transmit_IT:
 2634              	.LVL192:
 2635              	.LFB150:
1028:Drivers/STM32F7xx_HAL_Driver/Src/stm32f7xx_hal_eth.c ****   if (pTxConfig == NULL)
 2636              		.loc 1 1028 1 is_stmt 1 view -0
 2637              		.cfi_startproc
 2638              		@ args = 0, pretend = 0, frame = 0
 2639              		@ frame_needed = 0, uses_anonymous_args = 0
1028:Drivers/STM32F7xx_HAL_Driver/Src/stm32f7xx_hal_eth.c ****   if (pTxConfig == NULL)
 2640              		.loc 1 1028 1 is_stmt 0 view .LVU860
 2641 0000 10B5     		push	{r4, lr}
 2642              	.LCFI25:
 2643              		.cfi_def_cfa_offset 8
 2644              		.cfi_offset 4, -8
 2645              		.cfi_offset 14, -4
 2646 0002 0446     		mov	r4, r0
1029:Drivers/STM32F7xx_HAL_Driver/Src/stm32f7xx_hal_eth.c ****   {
ARM GAS  /tmp/ccQ4qZLu.s 			page 131


 2647              		.loc 1 1029 3 is_stmt 1 view .LVU861
1029:Drivers/STM32F7xx_HAL_Driver/Src/stm32f7xx_hal_eth.c ****   {
 2648              		.loc 1 1029 6 is_stmt 0 view .LVU862
 2649 0004 29B1     		cbz	r1, .L168
1035:Drivers/STM32F7xx_HAL_Driver/Src/stm32f7xx_hal_eth.c ****   {
 2650              		.loc 1 1035 3 is_stmt 1 view .LVU863
1035:Drivers/STM32F7xx_HAL_Driver/Src/stm32f7xx_hal_eth.c ****   {
 2651              		.loc 1 1035 11 is_stmt 0 view .LVU864
 2652 0006 D4F88430 		ldr	r3, [r4, #132]
1035:Drivers/STM32F7xx_HAL_Driver/Src/stm32f7xx_hal_eth.c ****   {
 2653              		.loc 1 1035 6 view .LVU865
 2654 000a 232B     		cmp	r3, #35
 2655 000c 09D0     		beq	.L169
1068:Drivers/STM32F7xx_HAL_Driver/Src/stm32f7xx_hal_eth.c ****   }
 2656              		.loc 1 1068 12 view .LVU866
 2657 000e 0120     		movs	r0, #1
 2658              	.LVL193:
 2659              	.L162:
1070:Drivers/STM32F7xx_HAL_Driver/Src/stm32f7xx_hal_eth.c **** 
 2660              		.loc 1 1070 1 view .LVU867
 2661 0010 10BD     		pop	{r4, pc}
 2662              	.LVL194:
 2663              	.L168:
1031:Drivers/STM32F7xx_HAL_Driver/Src/stm32f7xx_hal_eth.c ****     return HAL_ERROR;
 2664              		.loc 1 1031 5 is_stmt 1 view .LVU868
1031:Drivers/STM32F7xx_HAL_Driver/Src/stm32f7xx_hal_eth.c ****     return HAL_ERROR;
 2665              		.loc 1 1031 9 is_stmt 0 view .LVU869
 2666 0012 D0F88830 		ldr	r3, [r0, #136]
1031:Drivers/STM32F7xx_HAL_Driver/Src/stm32f7xx_hal_eth.c ****     return HAL_ERROR;
 2667              		.loc 1 1031 21 view .LVU870
 2668 0016 43F00103 		orr	r3, r3, #1
 2669 001a C0F88830 		str	r3, [r0, #136]
1032:Drivers/STM32F7xx_HAL_Driver/Src/stm32f7xx_hal_eth.c ****   }
 2670              		.loc 1 1032 5 is_stmt 1 view .LVU871
1032:Drivers/STM32F7xx_HAL_Driver/Src/stm32f7xx_hal_eth.c ****   }
 2671              		.loc 1 1032 12 is_stmt 0 view .LVU872
 2672 001e 0120     		movs	r0, #1
 2673              	.LVL195:
1032:Drivers/STM32F7xx_HAL_Driver/Src/stm32f7xx_hal_eth.c ****   }
 2674              		.loc 1 1032 12 view .LVU873
 2675 0020 F6E7     		b	.L162
 2676              	.LVL196:
 2677              	.L169:
1038:Drivers/STM32F7xx_HAL_Driver/Src/stm32f7xx_hal_eth.c **** 
 2678              		.loc 1 1038 5 is_stmt 1 view .LVU874
1038:Drivers/STM32F7xx_HAL_Driver/Src/stm32f7xx_hal_eth.c **** 
 2679              		.loc 1 1038 66 is_stmt 0 view .LVU875
 2680 0022 4B6B     		ldr	r3, [r1, #52]
1038:Drivers/STM32F7xx_HAL_Driver/Src/stm32f7xx_hal_eth.c **** 
 2681              		.loc 1 1038 43 view .LVU876
 2682 0024 E363     		str	r3, [r4, #60]
1041:Drivers/STM32F7xx_HAL_Driver/Src/stm32f7xx_hal_eth.c ****     {
 2683              		.loc 1 1041 5 is_stmt 1 view .LVU877
1041:Drivers/STM32F7xx_HAL_Driver/Src/stm32f7xx_hal_eth.c ****     {
 2684              		.loc 1 1041 9 is_stmt 0 view .LVU878
 2685 0026 0122     		movs	r2, #1
 2686 0028 2046     		mov	r0, r4
ARM GAS  /tmp/ccQ4qZLu.s 			page 132


 2687              	.LVL197:
1041:Drivers/STM32F7xx_HAL_Driver/Src/stm32f7xx_hal_eth.c ****     {
 2688              		.loc 1 1041 9 view .LVU879
 2689 002a FFF7FEFF 		bl	ETH_Prepare_Tx_Descriptors
 2690              	.LVL198:
1041:Drivers/STM32F7xx_HAL_Driver/Src/stm32f7xx_hal_eth.c ****     {
 2691              		.loc 1 1041 8 view .LVU880
 2692 002e 38B1     		cbz	r0, .L163
1043:Drivers/STM32F7xx_HAL_Driver/Src/stm32f7xx_hal_eth.c ****       return HAL_ERROR;
 2693              		.loc 1 1043 7 is_stmt 1 view .LVU881
1043:Drivers/STM32F7xx_HAL_Driver/Src/stm32f7xx_hal_eth.c ****       return HAL_ERROR;
 2694              		.loc 1 1043 11 is_stmt 0 view .LVU882
 2695 0030 D4F88830 		ldr	r3, [r4, #136]
1043:Drivers/STM32F7xx_HAL_Driver/Src/stm32f7xx_hal_eth.c ****       return HAL_ERROR;
 2696              		.loc 1 1043 23 view .LVU883
 2697 0034 43F00203 		orr	r3, r3, #2
 2698 0038 C4F88830 		str	r3, [r4, #136]
1044:Drivers/STM32F7xx_HAL_Driver/Src/stm32f7xx_hal_eth.c ****     }
 2699              		.loc 1 1044 7 is_stmt 1 view .LVU884
1044:Drivers/STM32F7xx_HAL_Driver/Src/stm32f7xx_hal_eth.c ****     }
 2700              		.loc 1 1044 14 is_stmt 0 view .LVU885
 2701 003c 0120     		movs	r0, #1
 2702 003e E7E7     		b	.L162
 2703              	.L163:
1048:Drivers/STM32F7xx_HAL_Driver/Src/stm32f7xx_hal_eth.c **** 
 2704              		.loc 1 1048 5 is_stmt 1 view .LVU886
 2705              	.LBB33:
 2706              	.LBI33:
 877:Drivers/CMSIS/Include/cmsis_gcc.h **** {
 2707              		.loc 2 877 27 view .LVU887
 2708              	.LBB34:
 879:Drivers/CMSIS/Include/cmsis_gcc.h **** }
 2709              		.loc 2 879 3 view .LVU888
 2710              		.syntax unified
 2711              	@ 879 "Drivers/CMSIS/Include/cmsis_gcc.h" 1
 2712 0040 BFF34F8F 		dsb 0xF
 2713              	@ 0 "" 2
 2714              		.thumb
 2715              		.syntax unified
 2716              	.LBE34:
 2717              	.LBE33:
1051:Drivers/STM32F7xx_HAL_Driver/Src/stm32f7xx_hal_eth.c **** 
 2718              		.loc 1 1051 5 view .LVU889
1051:Drivers/STM32F7xx_HAL_Driver/Src/stm32f7xx_hal_eth.c **** 
 2719              		.loc 1 1051 5 view .LVU890
 2720 0044 A36A     		ldr	r3, [r4, #40]
 2721 0046 5A1C     		adds	r2, r3, #1
 2722 0048 A262     		str	r2, [r4, #40]
1051:Drivers/STM32F7xx_HAL_Driver/Src/stm32f7xx_hal_eth.c **** 
 2723              		.loc 1 1051 5 view .LVU891
 2724 004a 032A     		cmp	r2, #3
 2725 004c 01D9     		bls	.L164
1051:Drivers/STM32F7xx_HAL_Driver/Src/stm32f7xx_hal_eth.c **** 
 2726              		.loc 1 1051 5 discriminator 1 view .LVU892
 2727 004e 033B     		subs	r3, r3, #3
 2728 0050 A362     		str	r3, [r4, #40]
 2729              	.L164:
ARM GAS  /tmp/ccQ4qZLu.s 			page 133


1051:Drivers/STM32F7xx_HAL_Driver/Src/stm32f7xx_hal_eth.c **** 
 2730              		.loc 1 1051 5 discriminator 3 view .LVU893
1055:Drivers/STM32F7xx_HAL_Driver/Src/stm32f7xx_hal_eth.c ****     {
 2731              		.loc 1 1055 5 discriminator 3 view .LVU894
1055:Drivers/STM32F7xx_HAL_Driver/Src/stm32f7xx_hal_eth.c ****     {
 2732              		.loc 1 1055 15 is_stmt 0 discriminator 3 view .LVU895
 2733 0052 2368     		ldr	r3, [r4]
1055:Drivers/STM32F7xx_HAL_Driver/Src/stm32f7xx_hal_eth.c ****     {
 2734              		.loc 1 1055 26 discriminator 3 view .LVU896
 2735 0054 03F58052 		add	r2, r3, #4096
 2736 0058 5269     		ldr	r2, [r2, #20]
1055:Drivers/STM32F7xx_HAL_Driver/Src/stm32f7xx_hal_eth.c ****     {
 2737              		.loc 1 1055 8 discriminator 3 view .LVU897
 2738 005a 12F0040F 		tst	r2, #4
 2739 005e 08D0     		beq	.L165
1058:Drivers/STM32F7xx_HAL_Driver/Src/stm32f7xx_hal_eth.c ****       /* Resume DMA transmission*/
 2740              		.loc 1 1058 7 is_stmt 1 view .LVU898
1058:Drivers/STM32F7xx_HAL_Driver/Src/stm32f7xx_hal_eth.c ****       /* Resume DMA transmission*/
 2741              		.loc 1 1058 31 is_stmt 0 view .LVU899
 2742 0060 03F58053 		add	r3, r3, #4096
 2743 0064 0422     		movs	r2, #4
 2744 0066 5A61     		str	r2, [r3, #20]
1060:Drivers/STM32F7xx_HAL_Driver/Src/stm32f7xx_hal_eth.c ****     }
 2745              		.loc 1 1060 7 is_stmt 1 view .LVU900
1060:Drivers/STM32F7xx_HAL_Driver/Src/stm32f7xx_hal_eth.c ****     }
 2746              		.loc 1 1060 12 is_stmt 0 view .LVU901
 2747 0068 2368     		ldr	r3, [r4]
1060:Drivers/STM32F7xx_HAL_Driver/Src/stm32f7xx_hal_eth.c ****     }
 2748              		.loc 1 1060 33 view .LVU902
 2749 006a 03F58053 		add	r3, r3, #4096
 2750 006e 0022     		movs	r2, #0
 2751 0070 5A60     		str	r2, [r3, #4]
 2752              	.L165:
1063:Drivers/STM32F7xx_HAL_Driver/Src/stm32f7xx_hal_eth.c **** 
 2753              		.loc 1 1063 5 is_stmt 1 view .LVU903
1063:Drivers/STM32F7xx_HAL_Driver/Src/stm32f7xx_hal_eth.c **** 
 2754              		.loc 1 1063 12 is_stmt 0 view .LVU904
 2755 0072 0020     		movs	r0, #0
 2756 0074 CCE7     		b	.L162
 2757              		.cfi_endproc
 2758              	.LFE150:
 2760              		.section	.text.HAL_ETH_ReadData,"ax",%progbits
 2761              		.align	1
 2762              		.global	HAL_ETH_ReadData
 2763              		.syntax unified
 2764              		.thumb
 2765              		.thumb_func
 2767              	HAL_ETH_ReadData:
 2768              	.LVL199:
 2769              	.LFB151:
1080:Drivers/STM32F7xx_HAL_Driver/Src/stm32f7xx_hal_eth.c ****   uint32_t descidx;
 2770              		.loc 1 1080 1 is_stmt 1 view -0
 2771              		.cfi_startproc
 2772              		@ args = 0, pretend = 0, frame = 0
 2773              		@ frame_needed = 0, uses_anonymous_args = 0
1080:Drivers/STM32F7xx_HAL_Driver/Src/stm32f7xx_hal_eth.c ****   uint32_t descidx;
 2774              		.loc 1 1080 1 is_stmt 0 view .LVU906
ARM GAS  /tmp/ccQ4qZLu.s 			page 134


 2775 0000 2DE9F84F 		push	{r3, r4, r5, r6, r7, r8, r9, r10, fp, lr}
 2776              	.LCFI26:
 2777              		.cfi_def_cfa_offset 40
 2778              		.cfi_offset 3, -40
 2779              		.cfi_offset 4, -36
 2780              		.cfi_offset 5, -32
 2781              		.cfi_offset 6, -28
 2782              		.cfi_offset 7, -24
 2783              		.cfi_offset 8, -20
 2784              		.cfi_offset 9, -16
 2785              		.cfi_offset 10, -12
 2786              		.cfi_offset 11, -8
 2787              		.cfi_offset 14, -4
 2788 0004 0446     		mov	r4, r0
1081:Drivers/STM32F7xx_HAL_Driver/Src/stm32f7xx_hal_eth.c ****   ETH_DMADescTypeDef *dmarxdesc;
 2789              		.loc 1 1081 3 is_stmt 1 view .LVU907
1082:Drivers/STM32F7xx_HAL_Driver/Src/stm32f7xx_hal_eth.c ****   uint32_t desccnt = 0U;
 2790              		.loc 1 1082 3 view .LVU908
1083:Drivers/STM32F7xx_HAL_Driver/Src/stm32f7xx_hal_eth.c ****   uint32_t desccntmax;
 2791              		.loc 1 1083 3 view .LVU909
 2792              	.LVL200:
1084:Drivers/STM32F7xx_HAL_Driver/Src/stm32f7xx_hal_eth.c ****   uint32_t bufflength;
 2793              		.loc 1 1084 3 view .LVU910
1085:Drivers/STM32F7xx_HAL_Driver/Src/stm32f7xx_hal_eth.c ****   uint8_t rxdataready = 0U;
 2794              		.loc 1 1085 3 view .LVU911
1086:Drivers/STM32F7xx_HAL_Driver/Src/stm32f7xx_hal_eth.c **** 
 2795              		.loc 1 1086 3 view .LVU912
1089:Drivers/STM32F7xx_HAL_Driver/Src/stm32f7xx_hal_eth.c ****   {
 2796              		.loc 1 1089 3 view .LVU913
1089:Drivers/STM32F7xx_HAL_Driver/Src/stm32f7xx_hal_eth.c ****   {
 2797              		.loc 1 1089 6 is_stmt 0 view .LVU914
 2798 0006 89B1     		cbz	r1, .L187
 2799 0008 8B46     		mov	fp, r1
1095:Drivers/STM32F7xx_HAL_Driver/Src/stm32f7xx_hal_eth.c ****   {
 2800              		.loc 1 1095 3 is_stmt 1 view .LVU915
1095:Drivers/STM32F7xx_HAL_Driver/Src/stm32f7xx_hal_eth.c ****   {
 2801              		.loc 1 1095 11 is_stmt 0 view .LVU916
 2802 000a D0F88430 		ldr	r3, [r0, #132]
1095:Drivers/STM32F7xx_HAL_Driver/Src/stm32f7xx_hal_eth.c ****   {
 2803              		.loc 1 1095 6 view .LVU917
 2804 000e 232B     		cmp	r3, #35
 2805 0010 72D1     		bne	.L184
1100:Drivers/STM32F7xx_HAL_Driver/Src/stm32f7xx_hal_eth.c ****   dmarxdesc = (ETH_DMADescTypeDef *)heth->RxDescList.RxDesc[descidx];
 2806              		.loc 1 1100 3 is_stmt 1 view .LVU918
1100:Drivers/STM32F7xx_HAL_Driver/Src/stm32f7xx_hal_eth.c ****   dmarxdesc = (ETH_DMADescTypeDef *)heth->RxDescList.RxDesc[descidx];
 2807              		.loc 1 1100 11 is_stmt 0 view .LVU919
 2808 0012 D0F85C80 		ldr	r8, [r0, #92]
 2809              	.LVL201:
1101:Drivers/STM32F7xx_HAL_Driver/Src/stm32f7xx_hal_eth.c ****   desccntmax = ETH_RX_DESC_CNT - heth->RxDescList.RxBuildDescCnt;
 2810              		.loc 1 1101 3 is_stmt 1 view .LVU920
1101:Drivers/STM32F7xx_HAL_Driver/Src/stm32f7xx_hal_eth.c ****   desccntmax = ETH_RX_DESC_CNT - heth->RxDescList.RxBuildDescCnt;
 2811              		.loc 1 1101 60 is_stmt 0 view .LVU921
 2812 0016 08F11203 		add	r3, r8, #18
 2813 001a 50F82350 		ldr	r5, [r0, r3, lsl #2]
 2814              	.LVL202:
1102:Drivers/STM32F7xx_HAL_Driver/Src/stm32f7xx_hal_eth.c **** 
 2815              		.loc 1 1102 3 is_stmt 1 view .LVU922
ARM GAS  /tmp/ccQ4qZLu.s 			page 135


1102:Drivers/STM32F7xx_HAL_Driver/Src/stm32f7xx_hal_eth.c **** 
 2816              		.loc 1 1102 50 is_stmt 0 view .LVU923
 2817 001e C36E     		ldr	r3, [r0, #108]
1102:Drivers/STM32F7xx_HAL_Driver/Src/stm32f7xx_hal_eth.c **** 
 2818              		.loc 1 1102 14 view .LVU924
 2819 0020 C3F1040A 		rsb	r10, r3, #4
 2820              	.LVL203:
1105:Drivers/STM32F7xx_HAL_Driver/Src/stm32f7xx_hal_eth.c ****          && (rxdataready == 0U))
 2821              		.loc 1 1105 3 is_stmt 1 view .LVU925
1086:Drivers/STM32F7xx_HAL_Driver/Src/stm32f7xx_hal_eth.c **** 
 2822              		.loc 1 1086 11 is_stmt 0 view .LVU926
 2823 0024 4FF00009 		mov	r9, #0
1083:Drivers/STM32F7xx_HAL_Driver/Src/stm32f7xx_hal_eth.c ****   uint32_t desccntmax;
 2824              		.loc 1 1083 12 view .LVU927
 2825 0028 4F46     		mov	r7, r9
1105:Drivers/STM32F7xx_HAL_Driver/Src/stm32f7xx_hal_eth.c ****          && (rxdataready == 0U))
 2826              		.loc 1 1105 9 view .LVU928
 2827 002a 38E0     		b	.L173
 2828              	.LVL204:
 2829              	.L187:
1091:Drivers/STM32F7xx_HAL_Driver/Src/stm32f7xx_hal_eth.c ****     return HAL_ERROR;
 2830              		.loc 1 1091 5 is_stmt 1 view .LVU929
1091:Drivers/STM32F7xx_HAL_Driver/Src/stm32f7xx_hal_eth.c ****     return HAL_ERROR;
 2831              		.loc 1 1091 9 is_stmt 0 view .LVU930
 2832 002c D0F88830 		ldr	r3, [r0, #136]
1091:Drivers/STM32F7xx_HAL_Driver/Src/stm32f7xx_hal_eth.c ****     return HAL_ERROR;
 2833              		.loc 1 1091 21 view .LVU931
 2834 0030 43F00103 		orr	r3, r3, #1
 2835 0034 C0F88830 		str	r3, [r0, #136]
1092:Drivers/STM32F7xx_HAL_Driver/Src/stm32f7xx_hal_eth.c ****   }
 2836              		.loc 1 1092 5 is_stmt 1 view .LVU932
1092:Drivers/STM32F7xx_HAL_Driver/Src/stm32f7xx_hal_eth.c ****   }
 2837              		.loc 1 1092 12 is_stmt 0 view .LVU933
 2838 0038 0120     		movs	r0, #1
 2839              	.LVL205:
1092:Drivers/STM32F7xx_HAL_Driver/Src/stm32f7xx_hal_eth.c ****   }
 2840              		.loc 1 1092 12 view .LVU934
 2841 003a 5EE0     		b	.L172
 2842              	.LVL206:
 2843              	.L175:
1118:Drivers/STM32F7xx_HAL_Driver/Src/stm32f7xx_hal_eth.c ****       {
 2844              		.loc 1 1118 7 is_stmt 1 view .LVU935
1118:Drivers/STM32F7xx_HAL_Driver/Src/stm32f7xx_hal_eth.c ****       {
 2845              		.loc 1 1118 11 is_stmt 0 view .LVU936
 2846 003c 2B68     		ldr	r3, [r5]
1118:Drivers/STM32F7xx_HAL_Driver/Src/stm32f7xx_hal_eth.c ****       {
 2847              		.loc 1 1118 10 view .LVU937
 2848 003e 13F4007F 		tst	r3, #512
 2849 0042 02D0     		beq	.L177
1120:Drivers/STM32F7xx_HAL_Driver/Src/stm32f7xx_hal_eth.c ****         heth->RxDescList.RxDataLength = 0;
 2850              		.loc 1 1120 9 is_stmt 1 view .LVU938
1120:Drivers/STM32F7xx_HAL_Driver/Src/stm32f7xx_hal_eth.c ****         heth->RxDescList.RxDataLength = 0;
 2851              		.loc 1 1120 36 is_stmt 0 view .LVU939
 2852 0044 0023     		movs	r3, #0
 2853 0046 2366     		str	r3, [r4, #96]
1121:Drivers/STM32F7xx_HAL_Driver/Src/stm32f7xx_hal_eth.c ****       }
 2854              		.loc 1 1121 9 is_stmt 1 view .LVU940
ARM GAS  /tmp/ccQ4qZLu.s 			page 136


1121:Drivers/STM32F7xx_HAL_Driver/Src/stm32f7xx_hal_eth.c ****       }
 2855              		.loc 1 1121 39 is_stmt 0 view .LVU941
 2856 0048 6366     		str	r3, [r4, #100]
 2857              	.L177:
1125:Drivers/STM32F7xx_HAL_Driver/Src/stm32f7xx_hal_eth.c ****       if (READ_BIT(dmarxdesc->DESC0, ETH_DMARXDESC_LS) != (uint32_t)RESET)
 2858              		.loc 1 1125 7 is_stmt 1 view .LVU942
1125:Drivers/STM32F7xx_HAL_Driver/Src/stm32f7xx_hal_eth.c ****       if (READ_BIT(dmarxdesc->DESC0, ETH_DMARXDESC_LS) != (uint32_t)RESET)
 2859              		.loc 1 1125 18 is_stmt 0 view .LVU943
 2860 004a 6669     		ldr	r6, [r4, #20]
 2861              	.LVL207:
1126:Drivers/STM32F7xx_HAL_Driver/Src/stm32f7xx_hal_eth.c ****       {
 2862              		.loc 1 1126 7 is_stmt 1 view .LVU944
1126:Drivers/STM32F7xx_HAL_Driver/Src/stm32f7xx_hal_eth.c ****       {
 2863              		.loc 1 1126 11 is_stmt 0 view .LVU945
 2864 004c 2B68     		ldr	r3, [r5]
1126:Drivers/STM32F7xx_HAL_Driver/Src/stm32f7xx_hal_eth.c ****       {
 2865              		.loc 1 1126 10 view .LVU946
 2866 004e 13F4807F 		tst	r3, #256
 2867 0052 07D0     		beq	.L178
1129:Drivers/STM32F7xx_HAL_Driver/Src/stm32f7xx_hal_eth.c **** 
 2868              		.loc 1 1129 9 is_stmt 1 view .LVU947
1129:Drivers/STM32F7xx_HAL_Driver/Src/stm32f7xx_hal_eth.c **** 
 2869              		.loc 1 1129 33 is_stmt 0 view .LVU948
 2870 0054 2E68     		ldr	r6, [r5]
 2871              	.LVL208:
1129:Drivers/STM32F7xx_HAL_Driver/Src/stm32f7xx_hal_eth.c **** 
 2872              		.loc 1 1129 61 view .LVU949
 2873 0056 C6F30D46 		ubfx	r6, r6, #16, #14
1129:Drivers/STM32F7xx_HAL_Driver/Src/stm32f7xx_hal_eth.c **** 
 2874              		.loc 1 1129 20 view .LVU950
 2875 005a 043E     		subs	r6, r6, #4
 2876              	.LVL209:
1132:Drivers/STM32F7xx_HAL_Driver/Src/stm32f7xx_hal_eth.c **** 
 2877              		.loc 1 1132 9 is_stmt 1 view .LVU951
1132:Drivers/STM32F7xx_HAL_Driver/Src/stm32f7xx_hal_eth.c **** 
 2878              		.loc 1 1132 51 is_stmt 0 view .LVU952
 2879 005c 2B68     		ldr	r3, [r5]
1132:Drivers/STM32F7xx_HAL_Driver/Src/stm32f7xx_hal_eth.c **** 
 2880              		.loc 1 1132 40 view .LVU953
 2881 005e 2367     		str	r3, [r4, #112]
1135:Drivers/STM32F7xx_HAL_Driver/Src/stm32f7xx_hal_eth.c ****       }
 2882              		.loc 1 1135 9 is_stmt 1 view .LVU954
 2883              	.LVL210:
1135:Drivers/STM32F7xx_HAL_Driver/Src/stm32f7xx_hal_eth.c ****       }
 2884              		.loc 1 1135 21 is_stmt 0 view .LVU955
 2885 0060 4FF00109 		mov	r9, #1
 2886              	.LVL211:
 2887              	.L178:
1139:Drivers/STM32F7xx_HAL_Driver/Src/stm32f7xx_hal_eth.c **** #if (USE_HAL_ETH_REGISTER_CALLBACKS == 1)
 2888              		.loc 1 1139 7 is_stmt 1 view .LVU956
 2889 0064 AA68     		ldr	r2, [r5, #8]
 2890 0066 2A62     		str	r2, [r5, #32]
1146:Drivers/STM32F7xx_HAL_Driver/Src/stm32f7xx_hal_eth.c ****                              (uint8_t *)dmarxdesc->BackupAddr0, (uint16_t) bufflength);
 2891              		.loc 1 1146 7 view .LVU957
 2892 0068 B3B2     		uxth	r3, r6
 2893 006a 04F18001 		add	r1, r4, #128
 2894 006e 04F17C00 		add	r0, r4, #124
ARM GAS  /tmp/ccQ4qZLu.s 			page 137


 2895 0072 FFF7FEFF 		bl	HAL_ETH_RxLinkCallback
 2896              	.LVL212:
1149:Drivers/STM32F7xx_HAL_Driver/Src/stm32f7xx_hal_eth.c ****       heth->RxDescList.RxDataLength += bufflength;
 2897              		.loc 1 1149 7 view .LVU958
1149:Drivers/STM32F7xx_HAL_Driver/Src/stm32f7xx_hal_eth.c ****       heth->RxDescList.RxDataLength += bufflength;
 2898              		.loc 1 1149 23 is_stmt 0 view .LVU959
 2899 0076 236E     		ldr	r3, [r4, #96]
1149:Drivers/STM32F7xx_HAL_Driver/Src/stm32f7xx_hal_eth.c ****       heth->RxDescList.RxDataLength += bufflength;
 2900              		.loc 1 1149 33 view .LVU960
 2901 0078 0133     		adds	r3, r3, #1
 2902 007a 2366     		str	r3, [r4, #96]
1150:Drivers/STM32F7xx_HAL_Driver/Src/stm32f7xx_hal_eth.c **** 
 2903              		.loc 1 1150 7 is_stmt 1 view .LVU961
1150:Drivers/STM32F7xx_HAL_Driver/Src/stm32f7xx_hal_eth.c **** 
 2904              		.loc 1 1150 23 is_stmt 0 view .LVU962
 2905 007c 636E     		ldr	r3, [r4, #100]
1150:Drivers/STM32F7xx_HAL_Driver/Src/stm32f7xx_hal_eth.c **** 
 2906              		.loc 1 1150 37 view .LVU963
 2907 007e 3344     		add	r3, r3, r6
 2908 0080 6366     		str	r3, [r4, #100]
1153:Drivers/STM32F7xx_HAL_Driver/Src/stm32f7xx_hal_eth.c ****     }
 2909              		.loc 1 1153 7 is_stmt 1 view .LVU964
1153:Drivers/STM32F7xx_HAL_Driver/Src/stm32f7xx_hal_eth.c ****     }
 2910              		.loc 1 1153 30 is_stmt 0 view .LVU965
 2911 0082 0023     		movs	r3, #0
 2912 0084 2B62     		str	r3, [r5, #32]
 2913              	.LVL213:
 2914              	.L176:
1157:Drivers/STM32F7xx_HAL_Driver/Src/stm32f7xx_hal_eth.c ****     /* Get current descriptor address */
 2915              		.loc 1 1157 5 is_stmt 1 view .LVU966
1157:Drivers/STM32F7xx_HAL_Driver/Src/stm32f7xx_hal_eth.c ****     /* Get current descriptor address */
 2916              		.loc 1 1157 5 view .LVU967
 2917 0086 08F10103 		add	r3, r8, #1
 2918              	.LVL214:
1157:Drivers/STM32F7xx_HAL_Driver/Src/stm32f7xx_hal_eth.c ****     /* Get current descriptor address */
 2919              		.loc 1 1157 5 view .LVU968
 2920 008a 032B     		cmp	r3, #3
 2921 008c 01D9     		bls	.L179
1157:Drivers/STM32F7xx_HAL_Driver/Src/stm32f7xx_hal_eth.c ****     /* Get current descriptor address */
 2922              		.loc 1 1157 5 discriminator 1 view .LVU969
 2923 008e A8F10303 		sub	r3, r8, #3
 2924              	.LVL215:
 2925              	.L179:
1157:Drivers/STM32F7xx_HAL_Driver/Src/stm32f7xx_hal_eth.c ****     /* Get current descriptor address */
 2926              		.loc 1 1157 5 discriminator 3 view .LVU970
1159:Drivers/STM32F7xx_HAL_Driver/Src/stm32f7xx_hal_eth.c ****     desccnt++;
 2927              		.loc 1 1159 5 discriminator 3 view .LVU971
1159:Drivers/STM32F7xx_HAL_Driver/Src/stm32f7xx_hal_eth.c ****     desccnt++;
 2928              		.loc 1 1159 62 is_stmt 0 discriminator 3 view .LVU972
 2929 0092 03F11202 		add	r2, r3, #18
 2930 0096 54F82250 		ldr	r5, [r4, r2, lsl #2]
 2931              	.LVL216:
1160:Drivers/STM32F7xx_HAL_Driver/Src/stm32f7xx_hal_eth.c ****   }
 2932              		.loc 1 1160 5 is_stmt 1 discriminator 3 view .LVU973
1160:Drivers/STM32F7xx_HAL_Driver/Src/stm32f7xx_hal_eth.c ****   }
 2933              		.loc 1 1160 12 is_stmt 0 discriminator 3 view .LVU974
 2934 009a 0137     		adds	r7, r7, #1
ARM GAS  /tmp/ccQ4qZLu.s 			page 138


 2935              	.LVL217:
1160:Drivers/STM32F7xx_HAL_Driver/Src/stm32f7xx_hal_eth.c ****   }
 2936              		.loc 1 1160 12 discriminator 3 view .LVU975
 2937 009c 9846     		mov	r8, r3
 2938              	.LVL218:
 2939              	.L173:
1106:Drivers/STM32F7xx_HAL_Driver/Src/stm32f7xx_hal_eth.c ****   {
 2940              		.loc 1 1106 10 is_stmt 1 view .LVU976
1105:Drivers/STM32F7xx_HAL_Driver/Src/stm32f7xx_hal_eth.c ****          && (rxdataready == 0U))
 2941              		.loc 1 1105 11 is_stmt 0 view .LVU977
 2942 009e 2B68     		ldr	r3, [r5]
1106:Drivers/STM32F7xx_HAL_Driver/Src/stm32f7xx_hal_eth.c ****   {
 2943              		.loc 1 1106 10 view .LVU978
 2944 00a0 002B     		cmp	r3, #0
 2945 00a2 14DB     		blt	.L180
1106:Drivers/STM32F7xx_HAL_Driver/Src/stm32f7xx_hal_eth.c ****   {
 2946              		.loc 1 1106 26 discriminator 1 view .LVU979
 2947 00a4 89F00103 		eor	r3, r9, #1
1106:Drivers/STM32F7xx_HAL_Driver/Src/stm32f7xx_hal_eth.c ****   {
 2948              		.loc 1 1106 10 discriminator 1 view .LVU980
 2949 00a8 5745     		cmp	r7, r10
 2950 00aa 10D2     		bcs	.L180
 2951 00ac 7BB1     		cbz	r3, .L180
1108:Drivers/STM32F7xx_HAL_Driver/Src/stm32f7xx_hal_eth.c ****     {
 2952              		.loc 1 1108 5 is_stmt 1 view .LVU981
1108:Drivers/STM32F7xx_HAL_Driver/Src/stm32f7xx_hal_eth.c ****     {
 2953              		.loc 1 1108 9 is_stmt 0 view .LVU982
 2954 00ae 2B68     		ldr	r3, [r5]
1108:Drivers/STM32F7xx_HAL_Driver/Src/stm32f7xx_hal_eth.c ****     {
 2955              		.loc 1 1108 8 view .LVU983
 2956 00b0 13F4807F 		tst	r3, #256
 2957 00b4 03D0     		beq	.L174
1111:Drivers/STM32F7xx_HAL_Driver/Src/stm32f7xx_hal_eth.c ****       /* Get timestamp low */
 2958              		.loc 1 1111 7 is_stmt 1 view .LVU984
1111:Drivers/STM32F7xx_HAL_Driver/Src/stm32f7xx_hal_eth.c ****       /* Get timestamp low */
 2959              		.loc 1 1111 59 is_stmt 0 view .LVU985
 2960 00b6 AB69     		ldr	r3, [r5, #24]
1111:Drivers/STM32F7xx_HAL_Driver/Src/stm32f7xx_hal_eth.c ****       /* Get timestamp low */
 2961              		.loc 1 1111 48 view .LVU986
 2962 00b8 A367     		str	r3, [r4, #120]
1113:Drivers/STM32F7xx_HAL_Driver/Src/stm32f7xx_hal_eth.c ****     }
 2963              		.loc 1 1113 7 is_stmt 1 view .LVU987
1113:Drivers/STM32F7xx_HAL_Driver/Src/stm32f7xx_hal_eth.c ****     }
 2964              		.loc 1 1113 59 is_stmt 0 view .LVU988
 2965 00ba EB69     		ldr	r3, [r5, #28]
1113:Drivers/STM32F7xx_HAL_Driver/Src/stm32f7xx_hal_eth.c ****     }
 2966              		.loc 1 1113 48 view .LVU989
 2967 00bc 6367     		str	r3, [r4, #116]
 2968              	.L174:
1115:Drivers/STM32F7xx_HAL_Driver/Src/stm32f7xx_hal_eth.c ****     {
 2969              		.loc 1 1115 5 is_stmt 1 view .LVU990
1115:Drivers/STM32F7xx_HAL_Driver/Src/stm32f7xx_hal_eth.c ****     {
 2970              		.loc 1 1115 10 is_stmt 0 view .LVU991
 2971 00be 2B68     		ldr	r3, [r5]
1115:Drivers/STM32F7xx_HAL_Driver/Src/stm32f7xx_hal_eth.c ****     {
 2972              		.loc 1 1115 8 view .LVU992
 2973 00c0 13F4007F 		tst	r3, #512
ARM GAS  /tmp/ccQ4qZLu.s 			page 139


 2974 00c4 BAD1     		bne	.L175
1115:Drivers/STM32F7xx_HAL_Driver/Src/stm32f7xx_hal_eth.c ****     {
 2975              		.loc 1 1115 95 discriminator 1 view .LVU993
 2976 00c6 E36F     		ldr	r3, [r4, #124]
1115:Drivers/STM32F7xx_HAL_Driver/Src/stm32f7xx_hal_eth.c ****     {
 2977              		.loc 1 1115 75 discriminator 1 view .LVU994
 2978 00c8 002B     		cmp	r3, #0
 2979 00ca B7D1     		bne	.L175
 2980 00cc DBE7     		b	.L176
 2981              	.L180:
1163:Drivers/STM32F7xx_HAL_Driver/Src/stm32f7xx_hal_eth.c ****   if ((heth->RxDescList.RxBuildDescCnt) != 0U)
 2982              		.loc 1 1163 3 is_stmt 1 view .LVU995
1163:Drivers/STM32F7xx_HAL_Driver/Src/stm32f7xx_hal_eth.c ****   if ((heth->RxDescList.RxBuildDescCnt) != 0U)
 2983              		.loc 1 1163 19 is_stmt 0 view .LVU996
 2984 00ce E36E     		ldr	r3, [r4, #108]
1163:Drivers/STM32F7xx_HAL_Driver/Src/stm32f7xx_hal_eth.c ****   if ((heth->RxDescList.RxBuildDescCnt) != 0U)
 2985              		.loc 1 1163 35 view .LVU997
 2986 00d0 3B44     		add	r3, r3, r7
 2987 00d2 E366     		str	r3, [r4, #108]
1164:Drivers/STM32F7xx_HAL_Driver/Src/stm32f7xx_hal_eth.c ****   {
 2988              		.loc 1 1164 3 is_stmt 1 view .LVU998
1164:Drivers/STM32F7xx_HAL_Driver/Src/stm32f7xx_hal_eth.c ****   {
 2989              		.loc 1 1164 6 is_stmt 0 view .LVU999
 2990 00d4 33B9     		cbnz	r3, .L188
 2991              	.L183:
1170:Drivers/STM32F7xx_HAL_Driver/Src/stm32f7xx_hal_eth.c **** 
 2992              		.loc 1 1170 3 is_stmt 1 view .LVU1000
1170:Drivers/STM32F7xx_HAL_Driver/Src/stm32f7xx_hal_eth.c **** 
 2993              		.loc 1 1170 30 is_stmt 0 view .LVU1001
 2994 00d6 C4F85C80 		str	r8, [r4, #92]
1172:Drivers/STM32F7xx_HAL_Driver/Src/stm32f7xx_hal_eth.c ****   {
 2995              		.loc 1 1172 3 is_stmt 1 view .LVU1002
1172:Drivers/STM32F7xx_HAL_Driver/Src/stm32f7xx_hal_eth.c ****   {
 2996              		.loc 1 1172 6 is_stmt 0 view .LVU1003
 2997 00da B9F1000F 		cmp	r9, #0
 2998 00de 05D1     		bne	.L189
1183:Drivers/STM32F7xx_HAL_Driver/Src/stm32f7xx_hal_eth.c **** }
 2999              		.loc 1 1183 10 view .LVU1004
 3000 00e0 0120     		movs	r0, #1
 3001 00e2 0AE0     		b	.L172
 3002              	.L188:
1167:Drivers/STM32F7xx_HAL_Driver/Src/stm32f7xx_hal_eth.c ****   }
 3003              		.loc 1 1167 5 is_stmt 1 view .LVU1005
 3004 00e4 2046     		mov	r0, r4
 3005 00e6 FFF7FEFF 		bl	ETH_UpdateDescriptor
 3006              	.LVL219:
 3007 00ea F4E7     		b	.L183
 3008              	.L189:
1175:Drivers/STM32F7xx_HAL_Driver/Src/stm32f7xx_hal_eth.c ****     /* Reset first element */
 3009              		.loc 1 1175 5 view .LVU1006
1175:Drivers/STM32F7xx_HAL_Driver/Src/stm32f7xx_hal_eth.c ****     /* Reset first element */
 3010              		.loc 1 1175 33 is_stmt 0 view .LVU1007
 3011 00ec E36F     		ldr	r3, [r4, #124]
1175:Drivers/STM32F7xx_HAL_Driver/Src/stm32f7xx_hal_eth.c ****     /* Reset first element */
 3012              		.loc 1 1175 15 view .LVU1008
 3013 00ee CBF80030 		str	r3, [fp]
1177:Drivers/STM32F7xx_HAL_Driver/Src/stm32f7xx_hal_eth.c **** 
ARM GAS  /tmp/ccQ4qZLu.s 			page 140


 3014              		.loc 1 1177 5 is_stmt 1 view .LVU1009
1177:Drivers/STM32F7xx_HAL_Driver/Src/stm32f7xx_hal_eth.c **** 
 3015              		.loc 1 1177 31 is_stmt 0 view .LVU1010
 3016 00f2 0020     		movs	r0, #0
 3017 00f4 E067     		str	r0, [r4, #124]
1179:Drivers/STM32F7xx_HAL_Driver/Src/stm32f7xx_hal_eth.c ****   }
 3018              		.loc 1 1179 5 is_stmt 1 view .LVU1011
1179:Drivers/STM32F7xx_HAL_Driver/Src/stm32f7xx_hal_eth.c ****   }
 3019              		.loc 1 1179 12 is_stmt 0 view .LVU1012
 3020 00f6 00E0     		b	.L172
 3021              	.LVL220:
 3022              	.L184:
1097:Drivers/STM32F7xx_HAL_Driver/Src/stm32f7xx_hal_eth.c ****   }
 3023              		.loc 1 1097 12 view .LVU1013
 3024 00f8 0120     		movs	r0, #1
 3025              	.LVL221:
 3026              	.L172:
1184:Drivers/STM32F7xx_HAL_Driver/Src/stm32f7xx_hal_eth.c **** 
 3027              		.loc 1 1184 1 view .LVU1014
 3028 00fa BDE8F88F 		pop	{r3, r4, r5, r6, r7, r8, r9, r10, fp, pc}
1184:Drivers/STM32F7xx_HAL_Driver/Src/stm32f7xx_hal_eth.c **** 
 3029              		.loc 1 1184 1 view .LVU1015
 3030              		.cfi_endproc
 3031              	.LFE151:
 3033              		.section	.text.HAL_ETH_RegisterRxAllocateCallback,"ax",%progbits
 3034              		.align	1
 3035              		.global	HAL_ETH_RegisterRxAllocateCallback
 3036              		.syntax unified
 3037              		.thumb
 3038              		.thumb_func
 3040              	HAL_ETH_RegisterRxAllocateCallback:
 3041              	.LVL222:
 3042              	.LFB153:
1276:Drivers/STM32F7xx_HAL_Driver/Src/stm32f7xx_hal_eth.c ****   if (rxAllocateCallback == NULL)
 3043              		.loc 1 1276 1 is_stmt 1 view -0
 3044              		.cfi_startproc
 3045              		@ args = 0, pretend = 0, frame = 0
 3046              		@ frame_needed = 0, uses_anonymous_args = 0
 3047              		@ link register save eliminated.
1277:Drivers/STM32F7xx_HAL_Driver/Src/stm32f7xx_hal_eth.c ****   {
 3048              		.loc 1 1277 3 view .LVU1017
1277:Drivers/STM32F7xx_HAL_Driver/Src/stm32f7xx_hal_eth.c ****   {
 3049              		.loc 1 1277 6 is_stmt 0 view .LVU1018
 3050 0000 19B1     		cbz	r1, .L192
1284:Drivers/STM32F7xx_HAL_Driver/Src/stm32f7xx_hal_eth.c **** 
 3051              		.loc 1 1284 3 is_stmt 1 view .LVU1019
1284:Drivers/STM32F7xx_HAL_Driver/Src/stm32f7xx_hal_eth.c **** 
 3052              		.loc 1 1284 28 is_stmt 0 view .LVU1020
 3053 0002 C0F8A010 		str	r1, [r0, #160]
1286:Drivers/STM32F7xx_HAL_Driver/Src/stm32f7xx_hal_eth.c **** }
 3054              		.loc 1 1286 3 is_stmt 1 view .LVU1021
1286:Drivers/STM32F7xx_HAL_Driver/Src/stm32f7xx_hal_eth.c **** }
 3055              		.loc 1 1286 10 is_stmt 0 view .LVU1022
 3056 0006 0020     		movs	r0, #0
 3057              	.LVL223:
1286:Drivers/STM32F7xx_HAL_Driver/Src/stm32f7xx_hal_eth.c **** }
 3058              		.loc 1 1286 10 view .LVU1023
ARM GAS  /tmp/ccQ4qZLu.s 			page 141


 3059 0008 7047     		bx	lr
 3060              	.LVL224:
 3061              	.L192:
1280:Drivers/STM32F7xx_HAL_Driver/Src/stm32f7xx_hal_eth.c ****   }
 3062              		.loc 1 1280 12 view .LVU1024
 3063 000a 0120     		movs	r0, #1
 3064              	.LVL225:
1287:Drivers/STM32F7xx_HAL_Driver/Src/stm32f7xx_hal_eth.c **** 
 3065              		.loc 1 1287 1 view .LVU1025
 3066 000c 7047     		bx	lr
 3067              		.cfi_endproc
 3068              	.LFE153:
 3070              		.section	.text.HAL_ETH_UnRegisterRxAllocateCallback,"ax",%progbits
 3071              		.align	1
 3072              		.global	HAL_ETH_UnRegisterRxAllocateCallback
 3073              		.syntax unified
 3074              		.thumb
 3075              		.thumb_func
 3077              	HAL_ETH_UnRegisterRxAllocateCallback:
 3078              	.LVL226:
 3079              	.LFB154:
1296:Drivers/STM32F7xx_HAL_Driver/Src/stm32f7xx_hal_eth.c ****   /* Set function to allocate buffer */
 3080              		.loc 1 1296 1 is_stmt 1 view -0
 3081              		.cfi_startproc
 3082              		@ args = 0, pretend = 0, frame = 0
 3083              		@ frame_needed = 0, uses_anonymous_args = 0
 3084              		@ link register save eliminated.
1298:Drivers/STM32F7xx_HAL_Driver/Src/stm32f7xx_hal_eth.c **** 
 3085              		.loc 1 1298 3 view .LVU1027
1298:Drivers/STM32F7xx_HAL_Driver/Src/stm32f7xx_hal_eth.c **** 
 3086              		.loc 1 1298 28 is_stmt 0 view .LVU1028
 3087 0000 024B     		ldr	r3, .L194
 3088 0002 C0F8A030 		str	r3, [r0, #160]
1300:Drivers/STM32F7xx_HAL_Driver/Src/stm32f7xx_hal_eth.c **** }
 3089              		.loc 1 1300 3 is_stmt 1 view .LVU1029
1301:Drivers/STM32F7xx_HAL_Driver/Src/stm32f7xx_hal_eth.c **** 
 3090              		.loc 1 1301 1 is_stmt 0 view .LVU1030
 3091 0006 0020     		movs	r0, #0
 3092              	.LVL227:
1301:Drivers/STM32F7xx_HAL_Driver/Src/stm32f7xx_hal_eth.c **** 
 3093              		.loc 1 1301 1 view .LVU1031
 3094 0008 7047     		bx	lr
 3095              	.L195:
 3096 000a 00BF     		.align	2
 3097              	.L194:
 3098 000c 00000000 		.word	HAL_ETH_RxAllocateCallback
 3099              		.cfi_endproc
 3100              	.LFE154:
 3102              		.section	.text.HAL_ETH_RegisterRxLinkCallback,"ax",%progbits
 3103              		.align	1
 3104              		.global	HAL_ETH_RegisterRxLinkCallback
 3105              		.syntax unified
 3106              		.thumb
 3107              		.thumb_func
 3109              	HAL_ETH_RegisterRxLinkCallback:
 3110              	.LVL228:
 3111              	.LFB157:
ARM GAS  /tmp/ccQ4qZLu.s 			page 142


1345:Drivers/STM32F7xx_HAL_Driver/Src/stm32f7xx_hal_eth.c ****   if (rxLinkCallback == NULL)
 3112              		.loc 1 1345 1 is_stmt 1 view -0
 3113              		.cfi_startproc
 3114              		@ args = 0, pretend = 0, frame = 0
 3115              		@ frame_needed = 0, uses_anonymous_args = 0
 3116              		@ link register save eliminated.
1346:Drivers/STM32F7xx_HAL_Driver/Src/stm32f7xx_hal_eth.c ****   {
 3117              		.loc 1 1346 3 view .LVU1033
1346:Drivers/STM32F7xx_HAL_Driver/Src/stm32f7xx_hal_eth.c ****   {
 3118              		.loc 1 1346 6 is_stmt 0 view .LVU1034
 3119 0000 19B1     		cbz	r1, .L198
1353:Drivers/STM32F7xx_HAL_Driver/Src/stm32f7xx_hal_eth.c **** 
 3120              		.loc 1 1353 3 is_stmt 1 view .LVU1035
1353:Drivers/STM32F7xx_HAL_Driver/Src/stm32f7xx_hal_eth.c **** 
 3121              		.loc 1 1353 24 is_stmt 0 view .LVU1036
 3122 0002 C0F8A410 		str	r1, [r0, #164]
1355:Drivers/STM32F7xx_HAL_Driver/Src/stm32f7xx_hal_eth.c **** }
 3123              		.loc 1 1355 3 is_stmt 1 view .LVU1037
1355:Drivers/STM32F7xx_HAL_Driver/Src/stm32f7xx_hal_eth.c **** }
 3124              		.loc 1 1355 10 is_stmt 0 view .LVU1038
 3125 0006 0020     		movs	r0, #0
 3126              	.LVL229:
1355:Drivers/STM32F7xx_HAL_Driver/Src/stm32f7xx_hal_eth.c **** }
 3127              		.loc 1 1355 10 view .LVU1039
 3128 0008 7047     		bx	lr
 3129              	.LVL230:
 3130              	.L198:
1349:Drivers/STM32F7xx_HAL_Driver/Src/stm32f7xx_hal_eth.c ****   }
 3131              		.loc 1 1349 12 view .LVU1040
 3132 000a 0120     		movs	r0, #1
 3133              	.LVL231:
1356:Drivers/STM32F7xx_HAL_Driver/Src/stm32f7xx_hal_eth.c **** 
 3134              		.loc 1 1356 1 view .LVU1041
 3135 000c 7047     		bx	lr
 3136              		.cfi_endproc
 3137              	.LFE157:
 3139              		.section	.text.HAL_ETH_UnRegisterRxLinkCallback,"ax",%progbits
 3140              		.align	1
 3141              		.global	HAL_ETH_UnRegisterRxLinkCallback
 3142              		.syntax unified
 3143              		.thumb
 3144              		.thumb_func
 3146              	HAL_ETH_UnRegisterRxLinkCallback:
 3147              	.LVL232:
 3148              	.LFB158:
1365:Drivers/STM32F7xx_HAL_Driver/Src/stm32f7xx_hal_eth.c ****   /* Set function to allocate buffer */
 3149              		.loc 1 1365 1 is_stmt 1 view -0
 3150              		.cfi_startproc
 3151              		@ args = 0, pretend = 0, frame = 0
 3152              		@ frame_needed = 0, uses_anonymous_args = 0
 3153              		@ link register save eliminated.
1367:Drivers/STM32F7xx_HAL_Driver/Src/stm32f7xx_hal_eth.c **** 
 3154              		.loc 1 1367 3 view .LVU1043
1367:Drivers/STM32F7xx_HAL_Driver/Src/stm32f7xx_hal_eth.c **** 
 3155              		.loc 1 1367 24 is_stmt 0 view .LVU1044
 3156 0000 024B     		ldr	r3, .L200
 3157 0002 C0F8A430 		str	r3, [r0, #164]
ARM GAS  /tmp/ccQ4qZLu.s 			page 143


1369:Drivers/STM32F7xx_HAL_Driver/Src/stm32f7xx_hal_eth.c **** }
 3158              		.loc 1 1369 3 is_stmt 1 view .LVU1045
1370:Drivers/STM32F7xx_HAL_Driver/Src/stm32f7xx_hal_eth.c **** 
 3159              		.loc 1 1370 1 is_stmt 0 view .LVU1046
 3160 0006 0020     		movs	r0, #0
 3161              	.LVL233:
1370:Drivers/STM32F7xx_HAL_Driver/Src/stm32f7xx_hal_eth.c **** 
 3162              		.loc 1 1370 1 view .LVU1047
 3163 0008 7047     		bx	lr
 3164              	.L201:
 3165 000a 00BF     		.align	2
 3166              	.L200:
 3167 000c 00000000 		.word	HAL_ETH_RxLinkCallback
 3168              		.cfi_endproc
 3169              	.LFE158:
 3171              		.section	.text.HAL_ETH_GetRxDataErrorCode,"ax",%progbits
 3172              		.align	1
 3173              		.global	HAL_ETH_GetRxDataErrorCode
 3174              		.syntax unified
 3175              		.thumb
 3176              		.thumb_func
 3178              	HAL_ETH_GetRxDataErrorCode:
 3179              	.LVL234:
 3180              	.LFB159:
1380:Drivers/STM32F7xx_HAL_Driver/Src/stm32f7xx_hal_eth.c ****   /* Get error bits. */
 3181              		.loc 1 1380 1 is_stmt 1 view -0
 3182              		.cfi_startproc
 3183              		@ args = 0, pretend = 0, frame = 0
 3184              		@ frame_needed = 0, uses_anonymous_args = 0
 3185              		@ link register save eliminated.
1382:Drivers/STM32F7xx_HAL_Driver/Src/stm32f7xx_hal_eth.c **** 
 3186              		.loc 1 1382 3 view .LVU1049
1382:Drivers/STM32F7xx_HAL_Driver/Src/stm32f7xx_hal_eth.c **** 
 3187              		.loc 1 1382 17 is_stmt 0 view .LVU1050
 3188 0000 036F     		ldr	r3, [r0, #112]
 3189 0002 23F45C53 		bic	r3, r3, #14080
 3190 0006 23F02103 		bic	r3, r3, #33
 3191 000a 5B04     		lsls	r3, r3, #17
 3192 000c 5B0C     		lsrs	r3, r3, #17
1382:Drivers/STM32F7xx_HAL_Driver/Src/stm32f7xx_hal_eth.c **** 
 3193              		.loc 1 1382 15 view .LVU1051
 3194 000e 0B60     		str	r3, [r1]
1384:Drivers/STM32F7xx_HAL_Driver/Src/stm32f7xx_hal_eth.c **** }
 3195              		.loc 1 1384 3 is_stmt 1 view .LVU1052
1385:Drivers/STM32F7xx_HAL_Driver/Src/stm32f7xx_hal_eth.c **** 
 3196              		.loc 1 1385 1 is_stmt 0 view .LVU1053
 3197 0010 0020     		movs	r0, #0
 3198              	.LVL235:
1385:Drivers/STM32F7xx_HAL_Driver/Src/stm32f7xx_hal_eth.c **** 
 3199              		.loc 1 1385 1 view .LVU1054
 3200 0012 7047     		bx	lr
 3201              		.cfi_endproc
 3202              	.LFE159:
 3204              		.section	.text.HAL_ETH_RegisterTxFreeCallback,"ax",%progbits
 3205              		.align	1
 3206              		.global	HAL_ETH_RegisterTxFreeCallback
 3207              		.syntax unified
ARM GAS  /tmp/ccQ4qZLu.s 			page 144


 3208              		.thumb
 3209              		.thumb_func
 3211              	HAL_ETH_RegisterTxFreeCallback:
 3212              	.LVL236:
 3213              	.LFB160:
1395:Drivers/STM32F7xx_HAL_Driver/Src/stm32f7xx_hal_eth.c ****   if (txFreeCallback == NULL)
 3214              		.loc 1 1395 1 is_stmt 1 view -0
 3215              		.cfi_startproc
 3216              		@ args = 0, pretend = 0, frame = 0
 3217              		@ frame_needed = 0, uses_anonymous_args = 0
 3218              		@ link register save eliminated.
1396:Drivers/STM32F7xx_HAL_Driver/Src/stm32f7xx_hal_eth.c ****   {
 3219              		.loc 1 1396 3 view .LVU1056
1396:Drivers/STM32F7xx_HAL_Driver/Src/stm32f7xx_hal_eth.c ****   {
 3220              		.loc 1 1396 6 is_stmt 0 view .LVU1057
 3221 0000 19B1     		cbz	r1, .L205
1403:Drivers/STM32F7xx_HAL_Driver/Src/stm32f7xx_hal_eth.c **** 
 3222              		.loc 1 1403 3 is_stmt 1 view .LVU1058
1403:Drivers/STM32F7xx_HAL_Driver/Src/stm32f7xx_hal_eth.c **** 
 3223              		.loc 1 1403 24 is_stmt 0 view .LVU1059
 3224 0002 C0F8A810 		str	r1, [r0, #168]
1405:Drivers/STM32F7xx_HAL_Driver/Src/stm32f7xx_hal_eth.c **** }
 3225              		.loc 1 1405 3 is_stmt 1 view .LVU1060
1405:Drivers/STM32F7xx_HAL_Driver/Src/stm32f7xx_hal_eth.c **** }
 3226              		.loc 1 1405 10 is_stmt 0 view .LVU1061
 3227 0006 0020     		movs	r0, #0
 3228              	.LVL237:
1405:Drivers/STM32F7xx_HAL_Driver/Src/stm32f7xx_hal_eth.c **** }
 3229              		.loc 1 1405 10 view .LVU1062
 3230 0008 7047     		bx	lr
 3231              	.LVL238:
 3232              	.L205:
1399:Drivers/STM32F7xx_HAL_Driver/Src/stm32f7xx_hal_eth.c ****   }
 3233              		.loc 1 1399 12 view .LVU1063
 3234 000a 0120     		movs	r0, #1
 3235              	.LVL239:
1406:Drivers/STM32F7xx_HAL_Driver/Src/stm32f7xx_hal_eth.c **** 
 3236              		.loc 1 1406 1 view .LVU1064
 3237 000c 7047     		bx	lr
 3238              		.cfi_endproc
 3239              	.LFE160:
 3241              		.section	.text.HAL_ETH_UnRegisterTxFreeCallback,"ax",%progbits
 3242              		.align	1
 3243              		.global	HAL_ETH_UnRegisterTxFreeCallback
 3244              		.syntax unified
 3245              		.thumb
 3246              		.thumb_func
 3248              	HAL_ETH_UnRegisterTxFreeCallback:
 3249              	.LVL240:
 3250              	.LFB161:
1415:Drivers/STM32F7xx_HAL_Driver/Src/stm32f7xx_hal_eth.c ****   /* Set function to allocate buffer */
 3251              		.loc 1 1415 1 is_stmt 1 view -0
 3252              		.cfi_startproc
 3253              		@ args = 0, pretend = 0, frame = 0
 3254              		@ frame_needed = 0, uses_anonymous_args = 0
 3255              		@ link register save eliminated.
1417:Drivers/STM32F7xx_HAL_Driver/Src/stm32f7xx_hal_eth.c **** 
ARM GAS  /tmp/ccQ4qZLu.s 			page 145


 3256              		.loc 1 1417 3 view .LVU1066
1417:Drivers/STM32F7xx_HAL_Driver/Src/stm32f7xx_hal_eth.c **** 
 3257              		.loc 1 1417 24 is_stmt 0 view .LVU1067
 3258 0000 024B     		ldr	r3, .L207
 3259 0002 C0F8A830 		str	r3, [r0, #168]
1419:Drivers/STM32F7xx_HAL_Driver/Src/stm32f7xx_hal_eth.c **** }
 3260              		.loc 1 1419 3 is_stmt 1 view .LVU1068
1420:Drivers/STM32F7xx_HAL_Driver/Src/stm32f7xx_hal_eth.c **** 
 3261              		.loc 1 1420 1 is_stmt 0 view .LVU1069
 3262 0006 0020     		movs	r0, #0
 3263              	.LVL241:
1420:Drivers/STM32F7xx_HAL_Driver/Src/stm32f7xx_hal_eth.c **** 
 3264              		.loc 1 1420 1 view .LVU1070
 3265 0008 7047     		bx	lr
 3266              	.L208:
 3267 000a 00BF     		.align	2
 3268              	.L207:
 3269 000c 00000000 		.word	HAL_ETH_TxFreeCallback
 3270              		.cfi_endproc
 3271              	.LFE161:
 3273              		.section	.text.HAL_ETH_ReleaseTxPacket,"ax",%progbits
 3274              		.align	1
 3275              		.global	HAL_ETH_ReleaseTxPacket
 3276              		.syntax unified
 3277              		.thumb
 3278              		.thumb_func
 3280              	HAL_ETH_ReleaseTxPacket:
 3281              	.LVL242:
 3282              	.LFB163:
1443:Drivers/STM32F7xx_HAL_Driver/Src/stm32f7xx_hal_eth.c ****   ETH_TxDescListTypeDef *dmatxdesclist = &heth->TxDescList;
 3283              		.loc 1 1443 1 is_stmt 1 view -0
 3284              		.cfi_startproc
 3285              		@ args = 0, pretend = 0, frame = 0
 3286              		@ frame_needed = 0, uses_anonymous_args = 0
1443:Drivers/STM32F7xx_HAL_Driver/Src/stm32f7xx_hal_eth.c ****   ETH_TxDescListTypeDef *dmatxdesclist = &heth->TxDescList;
 3287              		.loc 1 1443 1 is_stmt 0 view .LVU1072
 3288 0000 F8B5     		push	{r3, r4, r5, r6, r7, lr}
 3289              	.LCFI27:
 3290              		.cfi_def_cfa_offset 24
 3291              		.cfi_offset 3, -24
 3292              		.cfi_offset 4, -20
 3293              		.cfi_offset 5, -16
 3294              		.cfi_offset 6, -12
 3295              		.cfi_offset 7, -8
 3296              		.cfi_offset 14, -4
 3297 0002 0646     		mov	r6, r0
1444:Drivers/STM32F7xx_HAL_Driver/Src/stm32f7xx_hal_eth.c ****   uint32_t numOfBuf =  dmatxdesclist->BuffersInUse;
 3298              		.loc 1 1444 3 is_stmt 1 view .LVU1073
 3299              	.LVL243:
1445:Drivers/STM32F7xx_HAL_Driver/Src/stm32f7xx_hal_eth.c ****   uint32_t idx =       dmatxdesclist->releaseIndex;
 3300              		.loc 1 1445 3 view .LVU1074
1445:Drivers/STM32F7xx_HAL_Driver/Src/stm32f7xx_hal_eth.c ****   uint32_t idx =       dmatxdesclist->releaseIndex;
 3301              		.loc 1 1445 12 is_stmt 0 view .LVU1075
 3302 0004 056C     		ldr	r5, [r0, #64]
 3303              	.LVL244:
1446:Drivers/STM32F7xx_HAL_Driver/Src/stm32f7xx_hal_eth.c ****   uint8_t pktTxStatus = 1U;
 3304              		.loc 1 1446 3 is_stmt 1 view .LVU1076
ARM GAS  /tmp/ccQ4qZLu.s 			page 146


1446:Drivers/STM32F7xx_HAL_Driver/Src/stm32f7xx_hal_eth.c ****   uint8_t pktTxStatus = 1U;
 3305              		.loc 1 1446 12 is_stmt 0 view .LVU1077
 3306 0006 446C     		ldr	r4, [r0, #68]
 3307              	.LVL245:
1447:Drivers/STM32F7xx_HAL_Driver/Src/stm32f7xx_hal_eth.c ****   uint8_t pktInUse;
 3308              		.loc 1 1447 3 is_stmt 1 view .LVU1078
1448:Drivers/STM32F7xx_HAL_Driver/Src/stm32f7xx_hal_eth.c **** #ifdef HAL_ETH_USE_PTP
 3309              		.loc 1 1448 3 view .LVU1079
1454:Drivers/STM32F7xx_HAL_Driver/Src/stm32f7xx_hal_eth.c ****   {
 3310              		.loc 1 1454 3 view .LVU1080
1447:Drivers/STM32F7xx_HAL_Driver/Src/stm32f7xx_hal_eth.c ****   uint8_t pktInUse;
 3311              		.loc 1 1447 11 is_stmt 0 view .LVU1081
 3312 0008 0127     		movs	r7, #1
1454:Drivers/STM32F7xx_HAL_Driver/Src/stm32f7xx_hal_eth.c ****   {
 3313              		.loc 1 1454 9 view .LVU1082
 3314 000a 02E0     		b	.L210
 3315              	.LVL246:
 3316              	.L218:
1462:Drivers/STM32F7xx_HAL_Driver/Src/stm32f7xx_hal_eth.c ****       pktInUse = 0U;
 3317              		.loc 1 1462 7 is_stmt 1 view .LVU1083
1462:Drivers/STM32F7xx_HAL_Driver/Src/stm32f7xx_hal_eth.c ****       pktInUse = 0U;
 3318              		.loc 1 1462 18 is_stmt 0 view .LVU1084
 3319 000c 0134     		adds	r4, r4, #1
 3320              	.LVL247:
1462:Drivers/STM32F7xx_HAL_Driver/Src/stm32f7xx_hal_eth.c ****       pktInUse = 0U;
 3321              		.loc 1 1462 11 view .LVU1085
 3322 000e 04F00304 		and	r4, r4, #3
 3323              	.LVL248:
1463:Drivers/STM32F7xx_HAL_Driver/Src/stm32f7xx_hal_eth.c ****     }
 3324              		.loc 1 1463 7 is_stmt 1 view .LVU1086
1466:Drivers/STM32F7xx_HAL_Driver/Src/stm32f7xx_hal_eth.c ****     {
 3325              		.loc 1 1466 5 view .LVU1087
 3326              	.L210:
1454:Drivers/STM32F7xx_HAL_Driver/Src/stm32f7xx_hal_eth.c ****   {
 3327              		.loc 1 1454 27 view .LVU1088
 3328 0012 EDB1     		cbz	r5, .L216
1454:Drivers/STM32F7xx_HAL_Driver/Src/stm32f7xx_hal_eth.c ****   {
 3329              		.loc 1 1454 27 is_stmt 0 view .LVU1089
 3330 0014 E7B1     		cbz	r7, .L216
1456:Drivers/STM32F7xx_HAL_Driver/Src/stm32f7xx_hal_eth.c ****     numOfBuf--;
 3331              		.loc 1 1456 5 is_stmt 1 view .LVU1090
 3332              	.LVL249:
1457:Drivers/STM32F7xx_HAL_Driver/Src/stm32f7xx_hal_eth.c ****     /* If no packet, just examine the next packet.  */
 3333              		.loc 1 1457 5 view .LVU1091
1457:Drivers/STM32F7xx_HAL_Driver/Src/stm32f7xx_hal_eth.c ****     /* If no packet, just examine the next packet.  */
 3334              		.loc 1 1457 13 is_stmt 0 view .LVU1092
 3335 0016 013D     		subs	r5, r5, #1
 3336              	.LVL250:
1459:Drivers/STM32F7xx_HAL_Driver/Src/stm32f7xx_hal_eth.c ****     {
 3337              		.loc 1 1459 5 is_stmt 1 view .LVU1093
1459:Drivers/STM32F7xx_HAL_Driver/Src/stm32f7xx_hal_eth.c ****     {
 3338              		.loc 1 1459 37 is_stmt 0 view .LVU1094
 3339 0018 231D     		adds	r3, r4, #4
 3340 001a 06EB8303 		add	r3, r6, r3, lsl #2
 3341 001e D869     		ldr	r0, [r3, #28]
1459:Drivers/STM32F7xx_HAL_Driver/Src/stm32f7xx_hal_eth.c ****     {
 3342              		.loc 1 1459 8 view .LVU1095
ARM GAS  /tmp/ccQ4qZLu.s 			page 147


 3343 0020 0028     		cmp	r0, #0
 3344 0022 F3D0     		beq	.L218
1466:Drivers/STM32F7xx_HAL_Driver/Src/stm32f7xx_hal_eth.c ****     {
 3345              		.loc 1 1466 5 is_stmt 1 view .LVU1096
1469:Drivers/STM32F7xx_HAL_Driver/Src/stm32f7xx_hal_eth.c ****       {
 3346              		.loc 1 1469 7 view .LVU1097
1469:Drivers/STM32F7xx_HAL_Driver/Src/stm32f7xx_hal_eth.c ****       {
 3347              		.loc 1 1469 22 is_stmt 0 view .LVU1098
 3348 0024 F268     		ldr	r2, [r6, #12]
1469:Drivers/STM32F7xx_HAL_Driver/Src/stm32f7xx_hal_eth.c ****       {
 3349              		.loc 1 1469 29 view .LVU1099
 3350 0026 04EB8403 		add	r3, r4, r4, lsl #2
 3351 002a DB00     		lsls	r3, r3, #3
1469:Drivers/STM32F7xx_HAL_Driver/Src/stm32f7xx_hal_eth.c ****       {
 3352              		.loc 1 1469 34 view .LVU1100
 3353 002c D358     		ldr	r3, [r2, r3]
1469:Drivers/STM32F7xx_HAL_Driver/Src/stm32f7xx_hal_eth.c ****       {
 3354              		.loc 1 1469 10 view .LVU1101
 3355 002e 002B     		cmp	r3, #0
 3356 0030 01DA     		bge	.L219
1507:Drivers/STM32F7xx_HAL_Driver/Src/stm32f7xx_hal_eth.c ****       }
 3357              		.loc 1 1507 21 view .LVU1102
 3358 0032 0027     		movs	r7, #0
 3359              	.LVL251:
1507:Drivers/STM32F7xx_HAL_Driver/Src/stm32f7xx_hal_eth.c ****       }
 3360              		.loc 1 1507 21 view .LVU1103
 3361 0034 EDE7     		b	.L210
 3362              	.LVL252:
 3363              	.L219:
1493:Drivers/STM32F7xx_HAL_Driver/Src/stm32f7xx_hal_eth.c **** #endif  /* USE_HAL_ETH_REGISTER_CALLBACKS */
 3364              		.loc 1 1493 9 is_stmt 1 view .LVU1104
 3365 0036 FFF7FEFF 		bl	HAL_ETH_TxFreeCallback
 3366              	.LVL253:
1497:Drivers/STM32F7xx_HAL_Driver/Src/stm32f7xx_hal_eth.c **** 
 3367              		.loc 1 1497 9 view .LVU1105
1497:Drivers/STM32F7xx_HAL_Driver/Src/stm32f7xx_hal_eth.c **** 
 3368              		.loc 1 1497 43 is_stmt 0 view .LVU1106
 3369 003a 231D     		adds	r3, r4, #4
 3370 003c 06EB8303 		add	r3, r6, r3, lsl #2
 3371 0040 0022     		movs	r2, #0
 3372 0042 DA61     		str	r2, [r3, #28]
1500:Drivers/STM32F7xx_HAL_Driver/Src/stm32f7xx_hal_eth.c ****         dmatxdesclist->BuffersInUse = numOfBuf;
 3373              		.loc 1 1500 9 is_stmt 1 view .LVU1107
1500:Drivers/STM32F7xx_HAL_Driver/Src/stm32f7xx_hal_eth.c ****         dmatxdesclist->BuffersInUse = numOfBuf;
 3374              		.loc 1 1500 20 is_stmt 0 view .LVU1108
 3375 0044 0134     		adds	r4, r4, #1
 3376              	.LVL254:
1500:Drivers/STM32F7xx_HAL_Driver/Src/stm32f7xx_hal_eth.c ****         dmatxdesclist->BuffersInUse = numOfBuf;
 3377              		.loc 1 1500 13 view .LVU1109
 3378 0046 04F00304 		and	r4, r4, #3
 3379              	.LVL255:
1501:Drivers/STM32F7xx_HAL_Driver/Src/stm32f7xx_hal_eth.c ****         dmatxdesclist->releaseIndex = idx;
 3380              		.loc 1 1501 9 is_stmt 1 view .LVU1110
1501:Drivers/STM32F7xx_HAL_Driver/Src/stm32f7xx_hal_eth.c ****         dmatxdesclist->releaseIndex = idx;
 3381              		.loc 1 1501 37 is_stmt 0 view .LVU1111
 3382 004a 3564     		str	r5, [r6, #64]
1502:Drivers/STM32F7xx_HAL_Driver/Src/stm32f7xx_hal_eth.c ****       }
ARM GAS  /tmp/ccQ4qZLu.s 			page 148


 3383              		.loc 1 1502 9 is_stmt 1 view .LVU1112
1502:Drivers/STM32F7xx_HAL_Driver/Src/stm32f7xx_hal_eth.c ****       }
 3384              		.loc 1 1502 37 is_stmt 0 view .LVU1113
 3385 004c 7464     		str	r4, [r6, #68]
 3386 004e E0E7     		b	.L210
 3387              	.LVL256:
 3388              	.L216:
1511:Drivers/STM32F7xx_HAL_Driver/Src/stm32f7xx_hal_eth.c **** }
 3389              		.loc 1 1511 3 is_stmt 1 view .LVU1114
1512:Drivers/STM32F7xx_HAL_Driver/Src/stm32f7xx_hal_eth.c **** 
 3390              		.loc 1 1512 1 is_stmt 0 view .LVU1115
 3391 0050 0020     		movs	r0, #0
 3392 0052 F8BD     		pop	{r3, r4, r5, r6, r7, pc}
1512:Drivers/STM32F7xx_HAL_Driver/Src/stm32f7xx_hal_eth.c **** 
 3393              		.loc 1 1512 1 view .LVU1116
 3394              		.cfi_endproc
 3395              	.LFE163:
 3397              		.section	.text.HAL_ETH_TxCpltCallback,"ax",%progbits
 3398              		.align	1
 3399              		.weak	HAL_ETH_TxCpltCallback
 3400              		.syntax unified
 3401              		.thumb
 3402              		.thumb_func
 3404              	HAL_ETH_TxCpltCallback:
 3405              	.LVL257:
 3406              	.LFB165:
1989:Drivers/STM32F7xx_HAL_Driver/Src/stm32f7xx_hal_eth.c ****   /* Prevent unused argument(s) compilation warning */
 3407              		.loc 1 1989 1 is_stmt 1 view -0
 3408              		.cfi_startproc
 3409              		@ args = 0, pretend = 0, frame = 0
 3410              		@ frame_needed = 0, uses_anonymous_args = 0
 3411              		@ link register save eliminated.
1991:Drivers/STM32F7xx_HAL_Driver/Src/stm32f7xx_hal_eth.c ****   /* NOTE : This function Should not be modified, when the callback is needed,
 3412              		.loc 1 1991 3 view .LVU1118
1995:Drivers/STM32F7xx_HAL_Driver/Src/stm32f7xx_hal_eth.c **** 
 3413              		.loc 1 1995 1 is_stmt 0 view .LVU1119
 3414 0000 7047     		bx	lr
 3415              		.cfi_endproc
 3416              	.LFE165:
 3418              		.section	.text.HAL_ETH_RxCpltCallback,"ax",%progbits
 3419              		.align	1
 3420              		.weak	HAL_ETH_RxCpltCallback
 3421              		.syntax unified
 3422              		.thumb
 3423              		.thumb_func
 3425              	HAL_ETH_RxCpltCallback:
 3426              	.LVL258:
 3427              	.LFB166:
2004:Drivers/STM32F7xx_HAL_Driver/Src/stm32f7xx_hal_eth.c ****   /* Prevent unused argument(s) compilation warning */
 3428              		.loc 1 2004 1 is_stmt 1 view -0
 3429              		.cfi_startproc
 3430              		@ args = 0, pretend = 0, frame = 0
 3431              		@ frame_needed = 0, uses_anonymous_args = 0
 3432              		@ link register save eliminated.
2006:Drivers/STM32F7xx_HAL_Driver/Src/stm32f7xx_hal_eth.c ****   /* NOTE : This function Should not be modified, when the callback is needed,
 3433              		.loc 1 2006 3 view .LVU1121
2010:Drivers/STM32F7xx_HAL_Driver/Src/stm32f7xx_hal_eth.c **** 
ARM GAS  /tmp/ccQ4qZLu.s 			page 149


 3434              		.loc 1 2010 1 is_stmt 0 view .LVU1122
 3435 0000 7047     		bx	lr
 3436              		.cfi_endproc
 3437              	.LFE166:
 3439              		.section	.text.HAL_ETH_ErrorCallback,"ax",%progbits
 3440              		.align	1
 3441              		.weak	HAL_ETH_ErrorCallback
 3442              		.syntax unified
 3443              		.thumb
 3444              		.thumb_func
 3446              	HAL_ETH_ErrorCallback:
 3447              	.LVL259:
 3448              	.LFB167:
2019:Drivers/STM32F7xx_HAL_Driver/Src/stm32f7xx_hal_eth.c ****   /* Prevent unused argument(s) compilation warning */
 3449              		.loc 1 2019 1 is_stmt 1 view -0
 3450              		.cfi_startproc
 3451              		@ args = 0, pretend = 0, frame = 0
 3452              		@ frame_needed = 0, uses_anonymous_args = 0
 3453              		@ link register save eliminated.
2021:Drivers/STM32F7xx_HAL_Driver/Src/stm32f7xx_hal_eth.c ****   /* NOTE : This function Should not be modified, when the callback is needed,
 3454              		.loc 1 2021 3 view .LVU1124
2025:Drivers/STM32F7xx_HAL_Driver/Src/stm32f7xx_hal_eth.c **** 
 3455              		.loc 1 2025 1 is_stmt 0 view .LVU1125
 3456 0000 7047     		bx	lr
 3457              		.cfi_endproc
 3458              	.LFE167:
 3460              		.section	.text.HAL_ETH_PMTCallback,"ax",%progbits
 3461              		.align	1
 3462              		.weak	HAL_ETH_PMTCallback
 3463              		.syntax unified
 3464              		.thumb
 3465              		.thumb_func
 3467              	HAL_ETH_PMTCallback:
 3468              	.LVL260:
 3469              	.LFB168:
2034:Drivers/STM32F7xx_HAL_Driver/Src/stm32f7xx_hal_eth.c ****   /* Prevent unused argument(s) compilation warning */
 3470              		.loc 1 2034 1 is_stmt 1 view -0
 3471              		.cfi_startproc
 3472              		@ args = 0, pretend = 0, frame = 0
 3473              		@ frame_needed = 0, uses_anonymous_args = 0
 3474              		@ link register save eliminated.
2036:Drivers/STM32F7xx_HAL_Driver/Src/stm32f7xx_hal_eth.c ****   /* NOTE : This function Should not be modified, when the callback is needed,
 3475              		.loc 1 2036 3 view .LVU1127
2040:Drivers/STM32F7xx_HAL_Driver/Src/stm32f7xx_hal_eth.c **** 
 3476              		.loc 1 2040 1 is_stmt 0 view .LVU1128
 3477 0000 7047     		bx	lr
 3478              		.cfi_endproc
 3479              	.LFE168:
 3481              		.section	.text.HAL_ETH_WakeUpCallback,"ax",%progbits
 3482              		.align	1
 3483              		.weak	HAL_ETH_WakeUpCallback
 3484              		.syntax unified
 3485              		.thumb
 3486              		.thumb_func
 3488              	HAL_ETH_WakeUpCallback:
 3489              	.LVL261:
 3490              	.LFB169:
ARM GAS  /tmp/ccQ4qZLu.s 			page 150


2050:Drivers/STM32F7xx_HAL_Driver/Src/stm32f7xx_hal_eth.c ****   /* Prevent unused argument(s) compilation warning */
 3491              		.loc 1 2050 1 is_stmt 1 view -0
 3492              		.cfi_startproc
 3493              		@ args = 0, pretend = 0, frame = 0
 3494              		@ frame_needed = 0, uses_anonymous_args = 0
 3495              		@ link register save eliminated.
2052:Drivers/STM32F7xx_HAL_Driver/Src/stm32f7xx_hal_eth.c ****   /* NOTE : This function Should not be modified, when the callback is needed,
 3496              		.loc 1 2052 3 view .LVU1130
2056:Drivers/STM32F7xx_HAL_Driver/Src/stm32f7xx_hal_eth.c **** 
 3497              		.loc 1 2056 1 is_stmt 0 view .LVU1131
 3498 0000 7047     		bx	lr
 3499              		.cfi_endproc
 3500              	.LFE169:
 3502              		.section	.text.HAL_ETH_IRQHandler,"ax",%progbits
 3503              		.align	1
 3504              		.global	HAL_ETH_IRQHandler
 3505              		.syntax unified
 3506              		.thumb
 3507              		.thumb_func
 3509              	HAL_ETH_IRQHandler:
 3510              	.LVL262:
 3511              	.LFB164:
1870:Drivers/STM32F7xx_HAL_Driver/Src/stm32f7xx_hal_eth.c ****   /* Packet received */
 3512              		.loc 1 1870 1 is_stmt 1 view -0
 3513              		.cfi_startproc
 3514              		@ args = 0, pretend = 0, frame = 0
 3515              		@ frame_needed = 0, uses_anonymous_args = 0
1870:Drivers/STM32F7xx_HAL_Driver/Src/stm32f7xx_hal_eth.c ****   /* Packet received */
 3516              		.loc 1 1870 1 is_stmt 0 view .LVU1133
 3517 0000 10B5     		push	{r4, lr}
 3518              	.LCFI28:
 3519              		.cfi_def_cfa_offset 8
 3520              		.cfi_offset 4, -8
 3521              		.cfi_offset 14, -4
 3522 0002 0446     		mov	r4, r0
1872:Drivers/STM32F7xx_HAL_Driver/Src/stm32f7xx_hal_eth.c ****   {
 3523              		.loc 1 1872 3 is_stmt 1 view .LVU1134
1872:Drivers/STM32F7xx_HAL_Driver/Src/stm32f7xx_hal_eth.c ****   {
 3524              		.loc 1 1872 7 is_stmt 0 view .LVU1135
 3525 0004 0368     		ldr	r3, [r0]
 3526 0006 03F58052 		add	r2, r3, #4096
 3527 000a 5269     		ldr	r2, [r2, #20]
1872:Drivers/STM32F7xx_HAL_Driver/Src/stm32f7xx_hal_eth.c ****   {
 3528              		.loc 1 1872 6 view .LVU1136
 3529 000c 12F0400F 		tst	r2, #64
 3530 0010 05D0     		beq	.L226
1874:Drivers/STM32F7xx_HAL_Driver/Src/stm32f7xx_hal_eth.c ****     {
 3531              		.loc 1 1874 5 is_stmt 1 view .LVU1137
1874:Drivers/STM32F7xx_HAL_Driver/Src/stm32f7xx_hal_eth.c ****     {
 3532              		.loc 1 1874 9 is_stmt 0 view .LVU1138
 3533 0012 03F58052 		add	r2, r3, #4096
 3534 0016 D269     		ldr	r2, [r2, #28]
1874:Drivers/STM32F7xx_HAL_Driver/Src/stm32f7xx_hal_eth.c ****     {
 3535              		.loc 1 1874 8 view .LVU1139
 3536 0018 12F0400F 		tst	r2, #64
 3537 001c 47D1     		bne	.L234
 3538              	.LVL263:
ARM GAS  /tmp/ccQ4qZLu.s 			page 151


 3539              	.L226:
1890:Drivers/STM32F7xx_HAL_Driver/Src/stm32f7xx_hal_eth.c ****   {
 3540              		.loc 1 1890 3 is_stmt 1 view .LVU1140
1890:Drivers/STM32F7xx_HAL_Driver/Src/stm32f7xx_hal_eth.c ****   {
 3541              		.loc 1 1890 7 is_stmt 0 view .LVU1141
 3542 001e 2368     		ldr	r3, [r4]
 3543 0020 03F58052 		add	r2, r3, #4096
 3544 0024 5269     		ldr	r2, [r2, #20]
1890:Drivers/STM32F7xx_HAL_Driver/Src/stm32f7xx_hal_eth.c ****   {
 3545              		.loc 1 1890 6 view .LVU1142
 3546 0026 12F0010F 		tst	r2, #1
 3547 002a 05D0     		beq	.L227
1892:Drivers/STM32F7xx_HAL_Driver/Src/stm32f7xx_hal_eth.c ****     {
 3548              		.loc 1 1892 5 is_stmt 1 view .LVU1143
1892:Drivers/STM32F7xx_HAL_Driver/Src/stm32f7xx_hal_eth.c ****     {
 3549              		.loc 1 1892 9 is_stmt 0 view .LVU1144
 3550 002c 03F58052 		add	r2, r3, #4096
 3551 0030 D269     		ldr	r2, [r2, #28]
1892:Drivers/STM32F7xx_HAL_Driver/Src/stm32f7xx_hal_eth.c ****     {
 3552              		.loc 1 1892 8 view .LVU1145
 3553 0032 12F0010F 		tst	r2, #1
 3554 0036 41D1     		bne	.L235
 3555              	.L227:
1909:Drivers/STM32F7xx_HAL_Driver/Src/stm32f7xx_hal_eth.c ****   {
 3556              		.loc 1 1909 3 is_stmt 1 view .LVU1146
1909:Drivers/STM32F7xx_HAL_Driver/Src/stm32f7xx_hal_eth.c ****   {
 3557              		.loc 1 1909 7 is_stmt 0 view .LVU1147
 3558 0038 2368     		ldr	r3, [r4]
 3559 003a 03F58052 		add	r2, r3, #4096
 3560 003e 5269     		ldr	r2, [r2, #20]
1909:Drivers/STM32F7xx_HAL_Driver/Src/stm32f7xx_hal_eth.c ****   {
 3561              		.loc 1 1909 6 view .LVU1148
 3562 0040 12F4004F 		tst	r2, #32768
 3563 0044 28D0     		beq	.L228
1911:Drivers/STM32F7xx_HAL_Driver/Src/stm32f7xx_hal_eth.c ****     {
 3564              		.loc 1 1911 5 is_stmt 1 view .LVU1149
1911:Drivers/STM32F7xx_HAL_Driver/Src/stm32f7xx_hal_eth.c ****     {
 3565              		.loc 1 1911 9 is_stmt 0 view .LVU1150
 3566 0046 03F58052 		add	r2, r3, #4096
 3567 004a D269     		ldr	r2, [r2, #28]
1911:Drivers/STM32F7xx_HAL_Driver/Src/stm32f7xx_hal_eth.c ****     {
 3568              		.loc 1 1911 8 view .LVU1151
 3569 004c 12F4004F 		tst	r2, #32768
 3570 0050 22D0     		beq	.L228
1913:Drivers/STM32F7xx_HAL_Driver/Src/stm32f7xx_hal_eth.c **** 
 3571              		.loc 1 1913 7 is_stmt 1 view .LVU1152
1913:Drivers/STM32F7xx_HAL_Driver/Src/stm32f7xx_hal_eth.c **** 
 3572              		.loc 1 1913 11 is_stmt 0 view .LVU1153
 3573 0052 D4F88820 		ldr	r2, [r4, #136]
1913:Drivers/STM32F7xx_HAL_Driver/Src/stm32f7xx_hal_eth.c **** 
 3574              		.loc 1 1913 23 view .LVU1154
 3575 0056 42F00802 		orr	r2, r2, #8
 3576 005a C4F88820 		str	r2, [r4, #136]
1916:Drivers/STM32F7xx_HAL_Driver/Src/stm32f7xx_hal_eth.c ****       {
 3577              		.loc 1 1916 7 is_stmt 1 view .LVU1155
1916:Drivers/STM32F7xx_HAL_Driver/Src/stm32f7xx_hal_eth.c ****       {
 3578              		.loc 1 1916 11 is_stmt 0 view .LVU1156
ARM GAS  /tmp/ccQ4qZLu.s 			page 152


 3579 005e 03F58052 		add	r2, r3, #4096
 3580 0062 5269     		ldr	r2, [r2, #20]
1916:Drivers/STM32F7xx_HAL_Driver/Src/stm32f7xx_hal_eth.c ****       {
 3581              		.loc 1 1916 10 view .LVU1157
 3582 0064 12F4005F 		tst	r2, #8192
 3583 0068 31D0     		beq	.L229
1919:Drivers/STM32F7xx_HAL_Driver/Src/stm32f7xx_hal_eth.c **** 
 3584              		.loc 1 1919 9 is_stmt 1 view .LVU1158
1919:Drivers/STM32F7xx_HAL_Driver/Src/stm32f7xx_hal_eth.c **** 
 3585              		.loc 1 1919 30 is_stmt 0 view .LVU1159
 3586 006a 03F58053 		add	r3, r3, #4096
 3587 006e 5A69     		ldr	r2, [r3, #20]
 3588 0070 22F07F42 		bic	r2, r2, #-16777216
 3589 0074 22F40102 		bic	r2, r2, #8454144
 3590 0078 22F45F42 		bic	r2, r2, #57088
 3591 007c 22F0FF02 		bic	r2, r2, #255
1919:Drivers/STM32F7xx_HAL_Driver/Src/stm32f7xx_hal_eth.c **** 
 3592              		.loc 1 1919 28 view .LVU1160
 3593 0080 C4F88C20 		str	r2, [r4, #140]
1922:Drivers/STM32F7xx_HAL_Driver/Src/stm32f7xx_hal_eth.c **** 
 3594              		.loc 1 1922 9 is_stmt 1 view .LVU1161
 3595 0084 DA69     		ldr	r2, [r3, #28]
 3596 0086 22F4C032 		bic	r2, r2, #98304
 3597 008a DA61     		str	r2, [r3, #28]
1925:Drivers/STM32F7xx_HAL_Driver/Src/stm32f7xx_hal_eth.c ****       }
 3598              		.loc 1 1925 9 view .LVU1162
1925:Drivers/STM32F7xx_HAL_Driver/Src/stm32f7xx_hal_eth.c ****       }
 3599              		.loc 1 1925 22 is_stmt 0 view .LVU1163
 3600 008c E023     		movs	r3, #224
 3601 008e C4F88430 		str	r3, [r4, #132]
 3602              	.L230:
1942:Drivers/STM32F7xx_HAL_Driver/Src/stm32f7xx_hal_eth.c **** #endif  /* USE_HAL_ETH_REGISTER_CALLBACKS */
 3603              		.loc 1 1942 7 is_stmt 1 view .LVU1164
 3604 0092 2046     		mov	r0, r4
 3605 0094 FFF7FEFF 		bl	HAL_ETH_ErrorCallback
 3606              	.LVL264:
 3607              	.L228:
1950:Drivers/STM32F7xx_HAL_Driver/Src/stm32f7xx_hal_eth.c ****   {
 3608              		.loc 1 1950 3 view .LVU1165
1950:Drivers/STM32F7xx_HAL_Driver/Src/stm32f7xx_hal_eth.c ****   {
 3609              		.loc 1 1950 7 is_stmt 0 view .LVU1166
 3610 0098 2368     		ldr	r3, [r4]
 3611 009a 9A6B     		ldr	r2, [r3, #56]
1950:Drivers/STM32F7xx_HAL_Driver/Src/stm32f7xx_hal_eth.c ****   {
 3612              		.loc 1 1950 6 view .LVU1167
 3613 009c 12F0080F 		tst	r2, #8
 3614 00a0 1FD1     		bne	.L236
 3615              	.L231:
1968:Drivers/STM32F7xx_HAL_Driver/Src/stm32f7xx_hal_eth.c ****   {
 3616              		.loc 1 1968 3 is_stmt 1 view .LVU1168
1968:Drivers/STM32F7xx_HAL_Driver/Src/stm32f7xx_hal_eth.c ****   {
 3617              		.loc 1 1968 7 is_stmt 0 view .LVU1169
 3618 00a2 1A4B     		ldr	r3, .L238
 3619 00a4 5B69     		ldr	r3, [r3, #20]
1968:Drivers/STM32F7xx_HAL_Driver/Src/stm32f7xx_hal_eth.c ****   {
 3620              		.loc 1 1968 6 view .LVU1170
 3621 00a6 13F4002F 		tst	r3, #524288
ARM GAS  /tmp/ccQ4qZLu.s 			page 153


 3622 00aa 26D1     		bne	.L237
 3623              	.L225:
1980:Drivers/STM32F7xx_HAL_Driver/Src/stm32f7xx_hal_eth.c **** 
 3624              		.loc 1 1980 1 view .LVU1171
 3625 00ac 10BD     		pop	{r4, pc}
 3626              	.LVL265:
 3627              	.L234:
1877:Drivers/STM32F7xx_HAL_Driver/Src/stm32f7xx_hal_eth.c **** 
 3628              		.loc 1 1877 7 is_stmt 1 view .LVU1172
 3629 00ae 03F58053 		add	r3, r3, #4096
 3630 00b2 174A     		ldr	r2, .L238+4
 3631 00b4 5A61     		str	r2, [r3, #20]
1884:Drivers/STM32F7xx_HAL_Driver/Src/stm32f7xx_hal_eth.c **** #endif  /* USE_HAL_ETH_REGISTER_CALLBACKS */
 3632              		.loc 1 1884 7 view .LVU1173
 3633 00b6 FFF7FEFF 		bl	HAL_ETH_RxCpltCallback
 3634              	.LVL266:
1884:Drivers/STM32F7xx_HAL_Driver/Src/stm32f7xx_hal_eth.c **** #endif  /* USE_HAL_ETH_REGISTER_CALLBACKS */
 3635              		.loc 1 1884 7 is_stmt 0 view .LVU1174
 3636 00ba B0E7     		b	.L226
 3637              	.L235:
1895:Drivers/STM32F7xx_HAL_Driver/Src/stm32f7xx_hal_eth.c **** 
 3638              		.loc 1 1895 7 is_stmt 1 view .LVU1175
 3639 00bc 03F58053 		add	r3, r3, #4096
 3640 00c0 4FF00112 		mov	r2, #65537
 3641 00c4 5A61     		str	r2, [r3, #20]
1902:Drivers/STM32F7xx_HAL_Driver/Src/stm32f7xx_hal_eth.c **** #endif  /* USE_HAL_ETH_REGISTER_CALLBACKS */
 3642              		.loc 1 1902 7 view .LVU1176
 3643 00c6 2046     		mov	r0, r4
 3644 00c8 FFF7FEFF 		bl	HAL_ETH_TxCpltCallback
 3645              	.LVL267:
 3646 00cc B4E7     		b	.L227
 3647              	.L229:
1930:Drivers/STM32F7xx_HAL_Driver/Src/stm32f7xx_hal_eth.c ****                                                               ETH_DMASR_RBUS | ETH_DMASR_AIS));
 3648              		.loc 1 1930 9 view .LVU1177
1930:Drivers/STM32F7xx_HAL_Driver/Src/stm32f7xx_hal_eth.c ****                                                               ETH_DMASR_RBUS | ETH_DMASR_AIS));
 3649              		.loc 1 1930 30 is_stmt 0 view .LVU1178
 3650 00ce 03F58053 		add	r3, r3, #4096
 3651 00d2 5A69     		ldr	r2, [r3, #20]
 3652 00d4 48F28061 		movw	r1, #34432
 3653 00d8 0A40     		ands	r2, r2, r1
1930:Drivers/STM32F7xx_HAL_Driver/Src/stm32f7xx_hal_eth.c ****                                                               ETH_DMASR_RBUS | ETH_DMASR_AIS));
 3654              		.loc 1 1930 28 view .LVU1179
 3655 00da C4F88C20 		str	r2, [r4, #140]
1934:Drivers/STM32F7xx_HAL_Driver/Src/stm32f7xx_hal_eth.c ****                                       ETH_DMASR_RBUS | ETH_DMASR_AIS));
 3656              		.loc 1 1934 9 is_stmt 1 view .LVU1180
 3657 00de 5961     		str	r1, [r3, #20]
 3658 00e0 D7E7     		b	.L230
 3659              	.L236:
1953:Drivers/STM32F7xx_HAL_Driver/Src/stm32f7xx_hal_eth.c **** 
 3660              		.loc 1 1953 5 view .LVU1181
1953:Drivers/STM32F7xx_HAL_Driver/Src/stm32f7xx_hal_eth.c **** 
 3661              		.loc 1 1953 28 is_stmt 0 view .LVU1182
 3662 00e2 DB6A     		ldr	r3, [r3, #44]
 3663 00e4 03F06003 		and	r3, r3, #96
1953:Drivers/STM32F7xx_HAL_Driver/Src/stm32f7xx_hal_eth.c **** 
 3664              		.loc 1 1953 26 view .LVU1183
 3665 00e8 C4F89430 		str	r3, [r4, #148]
ARM GAS  /tmp/ccQ4qZLu.s 			page 154


1960:Drivers/STM32F7xx_HAL_Driver/Src/stm32f7xx_hal_eth.c **** #endif  /* USE_HAL_ETH_REGISTER_CALLBACKS */
 3666              		.loc 1 1960 5 is_stmt 1 view .LVU1184
 3667 00ec 2046     		mov	r0, r4
 3668 00ee FFF7FEFF 		bl	HAL_ETH_PMTCallback
 3669              	.LVL268:
1963:Drivers/STM32F7xx_HAL_Driver/Src/stm32f7xx_hal_eth.c ****   }
 3670              		.loc 1 1963 5 view .LVU1185
1963:Drivers/STM32F7xx_HAL_Driver/Src/stm32f7xx_hal_eth.c ****   }
 3671              		.loc 1 1963 26 is_stmt 0 view .LVU1186
 3672 00f2 0023     		movs	r3, #0
 3673 00f4 C4F89430 		str	r3, [r4, #148]
 3674 00f8 D3E7     		b	.L231
 3675              	.L237:
1971:Drivers/STM32F7xx_HAL_Driver/Src/stm32f7xx_hal_eth.c **** #if (USE_HAL_ETH_REGISTER_CALLBACKS == 1)
 3676              		.loc 1 1971 5 is_stmt 1 view .LVU1187
 3677 00fa 044B     		ldr	r3, .L238
 3678 00fc 4FF40022 		mov	r2, #524288
 3679 0100 5A61     		str	r2, [r3, #20]
1977:Drivers/STM32F7xx_HAL_Driver/Src/stm32f7xx_hal_eth.c **** #endif /* USE_HAL_ETH_REGISTER_CALLBACKS */
 3680              		.loc 1 1977 5 view .LVU1188
 3681 0102 2046     		mov	r0, r4
 3682 0104 FFF7FEFF 		bl	HAL_ETH_WakeUpCallback
 3683              	.LVL269:
1980:Drivers/STM32F7xx_HAL_Driver/Src/stm32f7xx_hal_eth.c **** 
 3684              		.loc 1 1980 1 is_stmt 0 view .LVU1189
 3685 0108 D0E7     		b	.L225
 3686              	.L239:
 3687 010a 00BF     		.align	2
 3688              	.L238:
 3689 010c 003C0140 		.word	1073822720
 3690 0110 40000100 		.word	65600
 3691              		.cfi_endproc
 3692              	.LFE164:
 3694              		.section	.text.HAL_ETH_ReadPHYRegister,"ax",%progbits
 3695              		.align	1
 3696              		.global	HAL_ETH_ReadPHYRegister
 3697              		.syntax unified
 3698              		.thumb
 3699              		.thumb_func
 3701              	HAL_ETH_ReadPHYRegister:
 3702              	.LVL270:
 3703              	.LFB170:
2069:Drivers/STM32F7xx_HAL_Driver/Src/stm32f7xx_hal_eth.c ****   uint32_t tmpreg1;
 3704              		.loc 1 2069 1 is_stmt 1 view -0
 3705              		.cfi_startproc
 3706              		@ args = 0, pretend = 0, frame = 0
 3707              		@ frame_needed = 0, uses_anonymous_args = 0
2069:Drivers/STM32F7xx_HAL_Driver/Src/stm32f7xx_hal_eth.c ****   uint32_t tmpreg1;
 3708              		.loc 1 2069 1 is_stmt 0 view .LVU1191
 3709 0000 F8B5     		push	{r3, r4, r5, r6, r7, lr}
 3710              	.LCFI29:
 3711              		.cfi_def_cfa_offset 24
 3712              		.cfi_offset 3, -24
 3713              		.cfi_offset 4, -20
 3714              		.cfi_offset 5, -16
 3715              		.cfi_offset 6, -12
 3716              		.cfi_offset 7, -8
ARM GAS  /tmp/ccQ4qZLu.s 			page 155


 3717              		.cfi_offset 14, -4
 3718 0002 0546     		mov	r5, r0
 3719 0004 1E46     		mov	r6, r3
2070:Drivers/STM32F7xx_HAL_Driver/Src/stm32f7xx_hal_eth.c ****   uint32_t tickstart;
 3720              		.loc 1 2070 3 is_stmt 1 view .LVU1192
2071:Drivers/STM32F7xx_HAL_Driver/Src/stm32f7xx_hal_eth.c **** 
 3721              		.loc 1 2071 3 view .LVU1193
2074:Drivers/STM32F7xx_HAL_Driver/Src/stm32f7xx_hal_eth.c **** 
 3722              		.loc 1 2074 3 view .LVU1194
2074:Drivers/STM32F7xx_HAL_Driver/Src/stm32f7xx_hal_eth.c **** 
 3723              		.loc 1 2074 17 is_stmt 0 view .LVU1195
 3724 0006 0068     		ldr	r0, [r0]
 3725              	.LVL271:
2074:Drivers/STM32F7xx_HAL_Driver/Src/stm32f7xx_hal_eth.c **** 
 3726              		.loc 1 2074 11 view .LVU1196
 3727 0008 0369     		ldr	r3, [r0, #16]
 3728              	.LVL272:
2077:Drivers/STM32F7xx_HAL_Driver/Src/stm32f7xx_hal_eth.c **** 
 3729              		.loc 1 2077 3 is_stmt 1 view .LVU1197
2077:Drivers/STM32F7xx_HAL_Driver/Src/stm32f7xx_hal_eth.c **** 
 3730              		.loc 1 2077 11 is_stmt 0 view .LVU1198
 3731 000a 03F01C03 		and	r3, r3, #28
 3732              	.LVL273:
2080:Drivers/STM32F7xx_HAL_Driver/Src/stm32f7xx_hal_eth.c ****   tmpreg1 |= (((uint32_t)PHYReg << 6U) & ETH_MACMIIAR_MR);                /* Set the PHY register a
 3733              		.loc 1 2080 3 is_stmt 1 view .LVU1199
2080:Drivers/STM32F7xx_HAL_Driver/Src/stm32f7xx_hal_eth.c ****   tmpreg1 |= (((uint32_t)PHYReg << 6U) & ETH_MACMIIAR_MR);                /* Set the PHY register a
 3734              		.loc 1 2080 24 is_stmt 0 view .LVU1200
 3735 000e C902     		lsls	r1, r1, #11
 3736              	.LVL274:
2080:Drivers/STM32F7xx_HAL_Driver/Src/stm32f7xx_hal_eth.c ****   tmpreg1 |= (((uint32_t)PHYReg << 6U) & ETH_MACMIIAR_MR);                /* Set the PHY register a
 3737              		.loc 1 2080 32 view .LVU1201
 3738 0010 89B2     		uxth	r1, r1
2080:Drivers/STM32F7xx_HAL_Driver/Src/stm32f7xx_hal_eth.c ****   tmpreg1 |= (((uint32_t)PHYReg << 6U) & ETH_MACMIIAR_MR);                /* Set the PHY register a
 3739              		.loc 1 2080 11 view .LVU1202
 3740 0012 1943     		orrs	r1, r1, r3
 3741              	.LVL275:
2081:Drivers/STM32F7xx_HAL_Driver/Src/stm32f7xx_hal_eth.c ****   tmpreg1 &= ~ETH_MACMIIAR_MW;                                            /* Set the read mode     
 3742              		.loc 1 2081 3 is_stmt 1 view .LVU1203
2081:Drivers/STM32F7xx_HAL_Driver/Src/stm32f7xx_hal_eth.c ****   tmpreg1 &= ~ETH_MACMIIAR_MW;                                            /* Set the read mode     
 3743              		.loc 1 2081 33 is_stmt 0 view .LVU1204
 3744 0014 9401     		lsls	r4, r2, #6
2081:Drivers/STM32F7xx_HAL_Driver/Src/stm32f7xx_hal_eth.c ****   tmpreg1 &= ~ETH_MACMIIAR_MW;                                            /* Set the read mode     
 3745              		.loc 1 2081 40 view .LVU1205
 3746 0016 04F4F864 		and	r4, r4, #1984
 3747              	.LVL276:
2082:Drivers/STM32F7xx_HAL_Driver/Src/stm32f7xx_hal_eth.c ****   tmpreg1 |= ETH_MACMIIAR_MB;                                             /* Set the MII Busy bit  
 3748              		.loc 1 2082 3 is_stmt 1 view .LVU1206
2082:Drivers/STM32F7xx_HAL_Driver/Src/stm32f7xx_hal_eth.c ****   tmpreg1 |= ETH_MACMIIAR_MB;                                             /* Set the MII Busy bit  
 3749              		.loc 1 2082 11 is_stmt 0 view .LVU1207
 3750 001a 0C43     		orrs	r4, r4, r1
 3751              	.LVL277:
2083:Drivers/STM32F7xx_HAL_Driver/Src/stm32f7xx_hal_eth.c **** 
 3752              		.loc 1 2083 3 is_stmt 1 view .LVU1208
2083:Drivers/STM32F7xx_HAL_Driver/Src/stm32f7xx_hal_eth.c **** 
 3753              		.loc 1 2083 11 is_stmt 0 view .LVU1209
 3754 001c 44F00104 		orr	r4, r4, #1
 3755              	.LVL278:
ARM GAS  /tmp/ccQ4qZLu.s 			page 156


2086:Drivers/STM32F7xx_HAL_Driver/Src/stm32f7xx_hal_eth.c **** 
 3756              		.loc 1 2086 3 is_stmt 1 view .LVU1210
2086:Drivers/STM32F7xx_HAL_Driver/Src/stm32f7xx_hal_eth.c **** 
 3757              		.loc 1 2086 28 is_stmt 0 view .LVU1211
 3758 0020 0461     		str	r4, [r0, #16]
2089:Drivers/STM32F7xx_HAL_Driver/Src/stm32f7xx_hal_eth.c **** 
 3759              		.loc 1 2089 3 is_stmt 1 view .LVU1212
2089:Drivers/STM32F7xx_HAL_Driver/Src/stm32f7xx_hal_eth.c **** 
 3760              		.loc 1 2089 15 is_stmt 0 view .LVU1213
 3761 0022 FFF7FEFF 		bl	HAL_GetTick
 3762              	.LVL279:
2089:Drivers/STM32F7xx_HAL_Driver/Src/stm32f7xx_hal_eth.c **** 
 3763              		.loc 1 2089 15 view .LVU1214
 3764 0026 0746     		mov	r7, r0
 3765              	.LVL280:
2092:Drivers/STM32F7xx_HAL_Driver/Src/stm32f7xx_hal_eth.c ****   {
 3766              		.loc 1 2092 3 is_stmt 1 view .LVU1215
2092:Drivers/STM32F7xx_HAL_Driver/Src/stm32f7xx_hal_eth.c ****   {
 3767              		.loc 1 2092 9 is_stmt 0 view .LVU1216
 3768 0028 01E0     		b	.L241
 3769              	.LVL281:
 3770              	.L247:
2100:Drivers/STM32F7xx_HAL_Driver/Src/stm32f7xx_hal_eth.c ****   }
 3771              		.loc 1 2100 5 is_stmt 1 view .LVU1217
2100:Drivers/STM32F7xx_HAL_Driver/Src/stm32f7xx_hal_eth.c ****   }
 3772              		.loc 1 2100 19 is_stmt 0 view .LVU1218
 3773 002a 2B68     		ldr	r3, [r5]
2100:Drivers/STM32F7xx_HAL_Driver/Src/stm32f7xx_hal_eth.c ****   }
 3774              		.loc 1 2100 13 view .LVU1219
 3775 002c 1C69     		ldr	r4, [r3, #16]
 3776              	.LVL282:
 3777              	.L241:
2092:Drivers/STM32F7xx_HAL_Driver/Src/stm32f7xx_hal_eth.c ****   {
 3778              		.loc 1 2092 38 is_stmt 1 view .LVU1220
 3779 002e 14F0010F 		tst	r4, #1
 3780 0032 07D0     		beq	.L246
2095:Drivers/STM32F7xx_HAL_Driver/Src/stm32f7xx_hal_eth.c ****     {
 3781              		.loc 1 2095 5 view .LVU1221
2095:Drivers/STM32F7xx_HAL_Driver/Src/stm32f7xx_hal_eth.c ****     {
 3782              		.loc 1 2095 10 is_stmt 0 view .LVU1222
 3783 0034 FFF7FEFF 		bl	HAL_GetTick
 3784              	.LVL283:
2095:Drivers/STM32F7xx_HAL_Driver/Src/stm32f7xx_hal_eth.c ****     {
 3785              		.loc 1 2095 24 view .LVU1223
 3786 0038 C01B     		subs	r0, r0, r7
2095:Drivers/STM32F7xx_HAL_Driver/Src/stm32f7xx_hal_eth.c ****     {
 3787              		.loc 1 2095 8 view .LVU1224
 3788 003a B0F5803F 		cmp	r0, #65536
 3789 003e F4D3     		bcc	.L247
2097:Drivers/STM32F7xx_HAL_Driver/Src/stm32f7xx_hal_eth.c ****     }
 3790              		.loc 1 2097 14 view .LVU1225
 3791 0040 0120     		movs	r0, #1
 3792 0042 04E0     		b	.L242
 3793              	.L246:
2104:Drivers/STM32F7xx_HAL_Driver/Src/stm32f7xx_hal_eth.c **** 
 3794              		.loc 1 2104 3 is_stmt 1 view .LVU1226
2104:Drivers/STM32F7xx_HAL_Driver/Src/stm32f7xx_hal_eth.c **** 
ARM GAS  /tmp/ccQ4qZLu.s 			page 157


 3795              		.loc 1 2104 31 is_stmt 0 view .LVU1227
 3796 0044 2B68     		ldr	r3, [r5]
2104:Drivers/STM32F7xx_HAL_Driver/Src/stm32f7xx_hal_eth.c **** 
 3797              		.loc 1 2104 41 view .LVU1228
 3798 0046 5B69     		ldr	r3, [r3, #20]
2104:Drivers/STM32F7xx_HAL_Driver/Src/stm32f7xx_hal_eth.c **** 
 3799              		.loc 1 2104 14 view .LVU1229
 3800 0048 9BB2     		uxth	r3, r3
 3801 004a 3360     		str	r3, [r6]
2106:Drivers/STM32F7xx_HAL_Driver/Src/stm32f7xx_hal_eth.c **** }
 3802              		.loc 1 2106 3 is_stmt 1 view .LVU1230
2106:Drivers/STM32F7xx_HAL_Driver/Src/stm32f7xx_hal_eth.c **** }
 3803              		.loc 1 2106 10 is_stmt 0 view .LVU1231
 3804 004c 0020     		movs	r0, #0
 3805              	.L242:
2107:Drivers/STM32F7xx_HAL_Driver/Src/stm32f7xx_hal_eth.c **** 
 3806              		.loc 1 2107 1 view .LVU1232
 3807 004e F8BD     		pop	{r3, r4, r5, r6, r7, pc}
2107:Drivers/STM32F7xx_HAL_Driver/Src/stm32f7xx_hal_eth.c **** 
 3808              		.loc 1 2107 1 view .LVU1233
 3809              		.cfi_endproc
 3810              	.LFE170:
 3812              		.section	.text.HAL_ETH_WritePHYRegister,"ax",%progbits
 3813              		.align	1
 3814              		.global	HAL_ETH_WritePHYRegister
 3815              		.syntax unified
 3816              		.thumb
 3817              		.thumb_func
 3819              	HAL_ETH_WritePHYRegister:
 3820              	.LVL284:
 3821              	.LFB171:
2121:Drivers/STM32F7xx_HAL_Driver/Src/stm32f7xx_hal_eth.c ****   uint32_t tmpreg1;
 3822              		.loc 1 2121 1 is_stmt 1 view -0
 3823              		.cfi_startproc
 3824              		@ args = 0, pretend = 0, frame = 0
 3825              		@ frame_needed = 0, uses_anonymous_args = 0
2121:Drivers/STM32F7xx_HAL_Driver/Src/stm32f7xx_hal_eth.c ****   uint32_t tmpreg1;
 3826              		.loc 1 2121 1 is_stmt 0 view .LVU1235
 3827 0000 70B5     		push	{r4, r5, r6, lr}
 3828              	.LCFI30:
 3829              		.cfi_def_cfa_offset 16
 3830              		.cfi_offset 4, -16
 3831              		.cfi_offset 5, -12
 3832              		.cfi_offset 6, -8
 3833              		.cfi_offset 14, -4
 3834 0002 0546     		mov	r5, r0
2122:Drivers/STM32F7xx_HAL_Driver/Src/stm32f7xx_hal_eth.c ****   uint32_t tickstart;
 3835              		.loc 1 2122 3 is_stmt 1 view .LVU1236
2123:Drivers/STM32F7xx_HAL_Driver/Src/stm32f7xx_hal_eth.c **** 
 3836              		.loc 1 2123 3 view .LVU1237
2126:Drivers/STM32F7xx_HAL_Driver/Src/stm32f7xx_hal_eth.c **** 
 3837              		.loc 1 2126 3 view .LVU1238
2126:Drivers/STM32F7xx_HAL_Driver/Src/stm32f7xx_hal_eth.c **** 
 3838              		.loc 1 2126 17 is_stmt 0 view .LVU1239
 3839 0004 0668     		ldr	r6, [r0]
2126:Drivers/STM32F7xx_HAL_Driver/Src/stm32f7xx_hal_eth.c **** 
 3840              		.loc 1 2126 11 view .LVU1240
ARM GAS  /tmp/ccQ4qZLu.s 			page 158


 3841 0006 3069     		ldr	r0, [r6, #16]
 3842              	.LVL285:
2129:Drivers/STM32F7xx_HAL_Driver/Src/stm32f7xx_hal_eth.c **** 
 3843              		.loc 1 2129 3 is_stmt 1 view .LVU1241
2129:Drivers/STM32F7xx_HAL_Driver/Src/stm32f7xx_hal_eth.c **** 
 3844              		.loc 1 2129 11 is_stmt 0 view .LVU1242
 3845 0008 00F01C00 		and	r0, r0, #28
 3846              	.LVL286:
2132:Drivers/STM32F7xx_HAL_Driver/Src/stm32f7xx_hal_eth.c ****   tmpreg1 |= (((uint32_t)PHYReg << 6U) & ETH_MACMIIAR_MR);              /* Set the PHY register add
 3847              		.loc 1 2132 3 is_stmt 1 view .LVU1243
2132:Drivers/STM32F7xx_HAL_Driver/Src/stm32f7xx_hal_eth.c ****   tmpreg1 |= (((uint32_t)PHYReg << 6U) & ETH_MACMIIAR_MR);              /* Set the PHY register add
 3848              		.loc 1 2132 24 is_stmt 0 view .LVU1244
 3849 000c C902     		lsls	r1, r1, #11
 3850              	.LVL287:
2132:Drivers/STM32F7xx_HAL_Driver/Src/stm32f7xx_hal_eth.c ****   tmpreg1 |= (((uint32_t)PHYReg << 6U) & ETH_MACMIIAR_MR);              /* Set the PHY register add
 3851              		.loc 1 2132 32 view .LVU1245
 3852 000e 89B2     		uxth	r1, r1
2132:Drivers/STM32F7xx_HAL_Driver/Src/stm32f7xx_hal_eth.c ****   tmpreg1 |= (((uint32_t)PHYReg << 6U) & ETH_MACMIIAR_MR);              /* Set the PHY register add
 3853              		.loc 1 2132 11 view .LVU1246
 3854 0010 0143     		orrs	r1, r1, r0
 3855              	.LVL288:
2133:Drivers/STM32F7xx_HAL_Driver/Src/stm32f7xx_hal_eth.c ****   tmpreg1 |= ETH_MACMIIAR_MW;                                           /* Set the write mode */
 3856              		.loc 1 2133 3 is_stmt 1 view .LVU1247
2133:Drivers/STM32F7xx_HAL_Driver/Src/stm32f7xx_hal_eth.c ****   tmpreg1 |= ETH_MACMIIAR_MW;                                           /* Set the write mode */
 3857              		.loc 1 2133 33 is_stmt 0 view .LVU1248
 3858 0012 9401     		lsls	r4, r2, #6
2133:Drivers/STM32F7xx_HAL_Driver/Src/stm32f7xx_hal_eth.c ****   tmpreg1 |= ETH_MACMIIAR_MW;                                           /* Set the write mode */
 3859              		.loc 1 2133 40 view .LVU1249
 3860 0014 04F4F864 		and	r4, r4, #1984
2133:Drivers/STM32F7xx_HAL_Driver/Src/stm32f7xx_hal_eth.c ****   tmpreg1 |= ETH_MACMIIAR_MW;                                           /* Set the write mode */
 3861              		.loc 1 2133 11 view .LVU1250
 3862 0018 0C43     		orrs	r4, r4, r1
 3863              	.LVL289:
2134:Drivers/STM32F7xx_HAL_Driver/Src/stm32f7xx_hal_eth.c ****   tmpreg1 |= ETH_MACMIIAR_MB;                                           /* Set the MII Busy bit */
 3864              		.loc 1 2134 3 is_stmt 1 view .LVU1251
2135:Drivers/STM32F7xx_HAL_Driver/Src/stm32f7xx_hal_eth.c **** 
 3865              		.loc 1 2135 3 view .LVU1252
2135:Drivers/STM32F7xx_HAL_Driver/Src/stm32f7xx_hal_eth.c **** 
 3866              		.loc 1 2135 11 is_stmt 0 view .LVU1253
 3867 001a 44F00304 		orr	r4, r4, #3
 3868              	.LVL290:
2138:Drivers/STM32F7xx_HAL_Driver/Src/stm32f7xx_hal_eth.c **** 
 3869              		.loc 1 2138 3 is_stmt 1 view .LVU1254
 3870 001e 9BB2     		uxth	r3, r3
 3871              	.LVL291:
2138:Drivers/STM32F7xx_HAL_Driver/Src/stm32f7xx_hal_eth.c **** 
 3872              		.loc 1 2138 28 is_stmt 0 view .LVU1255
 3873 0020 7361     		str	r3, [r6, #20]
2141:Drivers/STM32F7xx_HAL_Driver/Src/stm32f7xx_hal_eth.c **** 
 3874              		.loc 1 2141 3 is_stmt 1 view .LVU1256
2141:Drivers/STM32F7xx_HAL_Driver/Src/stm32f7xx_hal_eth.c **** 
 3875              		.loc 1 2141 7 is_stmt 0 view .LVU1257
 3876 0022 2B68     		ldr	r3, [r5]
2141:Drivers/STM32F7xx_HAL_Driver/Src/stm32f7xx_hal_eth.c **** 
 3877              		.loc 1 2141 28 view .LVU1258
 3878 0024 1C61     		str	r4, [r3, #16]
2144:Drivers/STM32F7xx_HAL_Driver/Src/stm32f7xx_hal_eth.c **** 
ARM GAS  /tmp/ccQ4qZLu.s 			page 159


 3879              		.loc 1 2144 3 is_stmt 1 view .LVU1259
2144:Drivers/STM32F7xx_HAL_Driver/Src/stm32f7xx_hal_eth.c **** 
 3880              		.loc 1 2144 15 is_stmt 0 view .LVU1260
 3881 0026 FFF7FEFF 		bl	HAL_GetTick
 3882              	.LVL292:
2144:Drivers/STM32F7xx_HAL_Driver/Src/stm32f7xx_hal_eth.c **** 
 3883              		.loc 1 2144 15 view .LVU1261
 3884 002a 0646     		mov	r6, r0
 3885              	.LVL293:
2147:Drivers/STM32F7xx_HAL_Driver/Src/stm32f7xx_hal_eth.c ****   {
 3886              		.loc 1 2147 3 is_stmt 1 view .LVU1262
2147:Drivers/STM32F7xx_HAL_Driver/Src/stm32f7xx_hal_eth.c ****   {
 3887              		.loc 1 2147 9 is_stmt 0 view .LVU1263
 3888 002c 01E0     		b	.L249
 3889              	.LVL294:
 3890              	.L255:
2155:Drivers/STM32F7xx_HAL_Driver/Src/stm32f7xx_hal_eth.c ****   }
 3891              		.loc 1 2155 5 is_stmt 1 view .LVU1264
2155:Drivers/STM32F7xx_HAL_Driver/Src/stm32f7xx_hal_eth.c ****   }
 3892              		.loc 1 2155 19 is_stmt 0 view .LVU1265
 3893 002e 2B68     		ldr	r3, [r5]
2155:Drivers/STM32F7xx_HAL_Driver/Src/stm32f7xx_hal_eth.c ****   }
 3894              		.loc 1 2155 13 view .LVU1266
 3895 0030 1C69     		ldr	r4, [r3, #16]
 3896              	.LVL295:
 3897              	.L249:
2147:Drivers/STM32F7xx_HAL_Driver/Src/stm32f7xx_hal_eth.c ****   {
 3898              		.loc 1 2147 38 is_stmt 1 view .LVU1267
 3899 0032 14F0010F 		tst	r4, #1
 3900 0036 07D0     		beq	.L254
2150:Drivers/STM32F7xx_HAL_Driver/Src/stm32f7xx_hal_eth.c ****     {
 3901              		.loc 1 2150 5 view .LVU1268
2150:Drivers/STM32F7xx_HAL_Driver/Src/stm32f7xx_hal_eth.c ****     {
 3902              		.loc 1 2150 10 is_stmt 0 view .LVU1269
 3903 0038 FFF7FEFF 		bl	HAL_GetTick
 3904              	.LVL296:
2150:Drivers/STM32F7xx_HAL_Driver/Src/stm32f7xx_hal_eth.c ****     {
 3905              		.loc 1 2150 24 view .LVU1270
 3906 003c 801B     		subs	r0, r0, r6
2150:Drivers/STM32F7xx_HAL_Driver/Src/stm32f7xx_hal_eth.c ****     {
 3907              		.loc 1 2150 8 view .LVU1271
 3908 003e B0F5803F 		cmp	r0, #65536
 3909 0042 F4D3     		bcc	.L255
2152:Drivers/STM32F7xx_HAL_Driver/Src/stm32f7xx_hal_eth.c ****     }
 3910              		.loc 1 2152 14 view .LVU1272
 3911 0044 0120     		movs	r0, #1
 3912 0046 00E0     		b	.L250
 3913              	.L254:
2158:Drivers/STM32F7xx_HAL_Driver/Src/stm32f7xx_hal_eth.c **** }
 3914              		.loc 1 2158 10 view .LVU1273
 3915 0048 0020     		movs	r0, #0
 3916              	.L250:
2159:Drivers/STM32F7xx_HAL_Driver/Src/stm32f7xx_hal_eth.c **** 
 3917              		.loc 1 2159 1 view .LVU1274
 3918 004a 70BD     		pop	{r4, r5, r6, pc}
2159:Drivers/STM32F7xx_HAL_Driver/Src/stm32f7xx_hal_eth.c **** 
 3919              		.loc 1 2159 1 view .LVU1275
ARM GAS  /tmp/ccQ4qZLu.s 			page 160


 3920              		.cfi_endproc
 3921              	.LFE171:
 3923              		.section	.text.HAL_ETH_GetMACConfig,"ax",%progbits
 3924              		.align	1
 3925              		.global	HAL_ETH_GetMACConfig
 3926              		.syntax unified
 3927              		.thumb
 3928              		.thumb_func
 3930              	HAL_ETH_GetMACConfig:
 3931              	.LVL297:
 3932              	.LFB172:
2188:Drivers/STM32F7xx_HAL_Driver/Src/stm32f7xx_hal_eth.c ****   if (macconf == NULL)
 3933              		.loc 1 2188 1 is_stmt 1 view -0
 3934              		.cfi_startproc
 3935              		@ args = 0, pretend = 0, frame = 0
 3936              		@ frame_needed = 0, uses_anonymous_args = 0
 3937              		@ link register save eliminated.
2189:Drivers/STM32F7xx_HAL_Driver/Src/stm32f7xx_hal_eth.c ****   {
 3938              		.loc 1 2189 3 view .LVU1277
2189:Drivers/STM32F7xx_HAL_Driver/Src/stm32f7xx_hal_eth.c ****   {
 3939              		.loc 1 2189 6 is_stmt 0 view .LVU1278
 3940 0000 0029     		cmp	r1, #0
 3941 0002 74D0     		beq	.L258
2195:Drivers/STM32F7xx_HAL_Driver/Src/stm32f7xx_hal_eth.c ****   macconf->BackOffLimit = READ_BIT(heth->Instance->MACCR, ETH_MACCR_BL);
 3942              		.loc 1 2195 3 is_stmt 1 view .LVU1279
2195:Drivers/STM32F7xx_HAL_Driver/Src/stm32f7xx_hal_eth.c ****   macconf->BackOffLimit = READ_BIT(heth->Instance->MACCR, ETH_MACCR_BL);
 3943              		.loc 1 2195 30 is_stmt 0 view .LVU1280
 3944 0004 0268     		ldr	r2, [r0]
 3945 0006 1268     		ldr	r2, [r2]
2195:Drivers/STM32F7xx_HAL_Driver/Src/stm32f7xx_hal_eth.c ****   macconf->BackOffLimit = READ_BIT(heth->Instance->MACCR, ETH_MACCR_BL);
 3946              		.loc 1 2195 97 view .LVU1281
 3947 0008 C2F30012 		ubfx	r2, r2, #4, #1
2195:Drivers/STM32F7xx_HAL_Driver/Src/stm32f7xx_hal_eth.c ****   macconf->BackOffLimit = READ_BIT(heth->Instance->MACCR, ETH_MACCR_BL);
 3948              		.loc 1 2195 26 view .LVU1282
 3949 000c 81F82820 		strb	r2, [r1, #40]
2196:Drivers/STM32F7xx_HAL_Driver/Src/stm32f7xx_hal_eth.c ****   macconf->RetryTransmission = ((READ_BIT(heth->Instance->MACCR, ETH_MACCR_RD) >> 9) == 0U) ? ENABL
 3950              		.loc 1 2196 3 is_stmt 1 view .LVU1283
2196:Drivers/STM32F7xx_HAL_Driver/Src/stm32f7xx_hal_eth.c ****   macconf->RetryTransmission = ((READ_BIT(heth->Instance->MACCR, ETH_MACCR_RD) >> 9) == 0U) ? ENABL
 3951              		.loc 1 2196 27 is_stmt 0 view .LVU1284
 3952 0010 0268     		ldr	r2, [r0]
 3953 0012 1268     		ldr	r2, [r2]
 3954 0014 02F06002 		and	r2, r2, #96
2196:Drivers/STM32F7xx_HAL_Driver/Src/stm32f7xx_hal_eth.c ****   macconf->RetryTransmission = ((READ_BIT(heth->Instance->MACCR, ETH_MACCR_RD) >> 9) == 0U) ? ENABL
 3955              		.loc 1 2196 25 view .LVU1285
 3956 0018 4A62     		str	r2, [r1, #36]
2197:Drivers/STM32F7xx_HAL_Driver/Src/stm32f7xx_hal_eth.c ****   macconf->CarrierSenseDuringTransmit = ((READ_BIT(heth->Instance->MACCR, ETH_MACCR_CSD) >> 16) > 0
 3957              		.loc 1 2197 3 is_stmt 1 view .LVU1286
2197:Drivers/STM32F7xx_HAL_Driver/Src/stm32f7xx_hal_eth.c ****   macconf->CarrierSenseDuringTransmit = ((READ_BIT(heth->Instance->MACCR, ETH_MACCR_CSD) >> 16) > 0
 3958              		.loc 1 2197 34 is_stmt 0 view .LVU1287
 3959 001a 0268     		ldr	r2, [r0]
 3960 001c 1268     		ldr	r2, [r2]
2197:Drivers/STM32F7xx_HAL_Driver/Src/stm32f7xx_hal_eth.c ****   macconf->CarrierSenseDuringTransmit = ((READ_BIT(heth->Instance->MACCR, ETH_MACCR_CSD) >> 16) > 0
 3961              		.loc 1 2197 102 view .LVU1288
 3962 001e 12F4007F 		tst	r2, #512
 3963 0022 0CBF     		ite	eq
 3964 0024 0122     		moveq	r2, #1
 3965 0026 0022     		movne	r2, #0
ARM GAS  /tmp/ccQ4qZLu.s 			page 161


2197:Drivers/STM32F7xx_HAL_Driver/Src/stm32f7xx_hal_eth.c ****   macconf->CarrierSenseDuringTransmit = ((READ_BIT(heth->Instance->MACCR, ETH_MACCR_CSD) >> 16) > 0
 3966              		.loc 1 2197 30 view .LVU1289
 3967 0028 81F82020 		strb	r2, [r1, #32]
2198:Drivers/STM32F7xx_HAL_Driver/Src/stm32f7xx_hal_eth.c ****                                         ? ENABLE : DISABLE;
 3968              		.loc 1 2198 3 is_stmt 1 view .LVU1290
2198:Drivers/STM32F7xx_HAL_Driver/Src/stm32f7xx_hal_eth.c ****                                         ? ENABLE : DISABLE;
 3969              		.loc 1 2198 43 is_stmt 0 view .LVU1291
 3970 002c 0268     		ldr	r2, [r0]
 3971 002e 1268     		ldr	r2, [r2]
2199:Drivers/STM32F7xx_HAL_Driver/Src/stm32f7xx_hal_eth.c ****   macconf->ReceiveOwn = ((READ_BIT(heth->Instance->MACCR, ETH_MACCR_ROD) >> 13) == 0U) ? ENABLE : D
 3972              		.loc 1 2199 50 view .LVU1292
 3973 0030 C2F30042 		ubfx	r2, r2, #16, #1
2198:Drivers/STM32F7xx_HAL_Driver/Src/stm32f7xx_hal_eth.c ****                                         ? ENABLE : DISABLE;
 3974              		.loc 1 2198 39 view .LVU1293
 3975 0034 CA77     		strb	r2, [r1, #31]
2200:Drivers/STM32F7xx_HAL_Driver/Src/stm32f7xx_hal_eth.c ****   macconf->LoopbackMode = ((READ_BIT(heth->Instance->MACCR, ETH_MACCR_LM) >> 12) > 0U) ? ENABLE : D
 3976              		.loc 1 2200 3 is_stmt 1 view .LVU1294
2200:Drivers/STM32F7xx_HAL_Driver/Src/stm32f7xx_hal_eth.c ****   macconf->LoopbackMode = ((READ_BIT(heth->Instance->MACCR, ETH_MACCR_LM) >> 12) > 0U) ? ENABLE : D
 3977              		.loc 1 2200 27 is_stmt 0 view .LVU1295
 3978 0036 0268     		ldr	r2, [r0]
 3979 0038 1268     		ldr	r2, [r2]
2200:Drivers/STM32F7xx_HAL_Driver/Src/stm32f7xx_hal_eth.c ****   macconf->LoopbackMode = ((READ_BIT(heth->Instance->MACCR, ETH_MACCR_LM) >> 12) > 0U) ? ENABLE : D
 3980              		.loc 1 2200 97 view .LVU1296
 3981 003a 12F4005F 		tst	r2, #8192
 3982 003e 0CBF     		ite	eq
 3983 0040 0122     		moveq	r2, #1
 3984 0042 0022     		movne	r2, #0
2200:Drivers/STM32F7xx_HAL_Driver/Src/stm32f7xx_hal_eth.c ****   macconf->LoopbackMode = ((READ_BIT(heth->Instance->MACCR, ETH_MACCR_LM) >> 12) > 0U) ? ENABLE : D
 3985              		.loc 1 2200 23 view .LVU1297
 3986 0044 8A77     		strb	r2, [r1, #30]
2201:Drivers/STM32F7xx_HAL_Driver/Src/stm32f7xx_hal_eth.c ****   macconf->DuplexMode = READ_BIT(heth->Instance->MACCR, ETH_MACCR_DM);
 3987              		.loc 1 2201 3 is_stmt 1 view .LVU1298
2201:Drivers/STM32F7xx_HAL_Driver/Src/stm32f7xx_hal_eth.c ****   macconf->DuplexMode = READ_BIT(heth->Instance->MACCR, ETH_MACCR_DM);
 3988              		.loc 1 2201 29 is_stmt 0 view .LVU1299
 3989 0046 0268     		ldr	r2, [r0]
 3990 0048 1268     		ldr	r2, [r2]
2201:Drivers/STM32F7xx_HAL_Driver/Src/stm32f7xx_hal_eth.c ****   macconf->DuplexMode = READ_BIT(heth->Instance->MACCR, ETH_MACCR_DM);
 3991              		.loc 1 2201 97 view .LVU1300
 3992 004a C2F30032 		ubfx	r2, r2, #12, #1
2201:Drivers/STM32F7xx_HAL_Driver/Src/stm32f7xx_hal_eth.c ****   macconf->DuplexMode = READ_BIT(heth->Instance->MACCR, ETH_MACCR_DM);
 3993              		.loc 1 2201 25 view .LVU1301
 3994 004e 0A77     		strb	r2, [r1, #28]
2202:Drivers/STM32F7xx_HAL_Driver/Src/stm32f7xx_hal_eth.c ****   macconf->Speed = READ_BIT(heth->Instance->MACCR, ETH_MACCR_FES);
 3995              		.loc 1 2202 3 is_stmt 1 view .LVU1302
2202:Drivers/STM32F7xx_HAL_Driver/Src/stm32f7xx_hal_eth.c ****   macconf->Speed = READ_BIT(heth->Instance->MACCR, ETH_MACCR_FES);
 3996              		.loc 1 2202 25 is_stmt 0 view .LVU1303
 3997 0050 0268     		ldr	r2, [r0]
 3998 0052 1268     		ldr	r2, [r2]
 3999 0054 02F40062 		and	r2, r2, #2048
2202:Drivers/STM32F7xx_HAL_Driver/Src/stm32f7xx_hal_eth.c ****   macconf->Speed = READ_BIT(heth->Instance->MACCR, ETH_MACCR_FES);
 4000              		.loc 1 2202 23 view .LVU1304
 4001 0058 8A61     		str	r2, [r1, #24]
2203:Drivers/STM32F7xx_HAL_Driver/Src/stm32f7xx_hal_eth.c ****   macconf->Jabber = ((READ_BIT(heth->Instance->MACCR, ETH_MACCR_JD) >> 22) == 0U) ? ENABLE : DISABL
 4002              		.loc 1 2203 3 is_stmt 1 view .LVU1305
2203:Drivers/STM32F7xx_HAL_Driver/Src/stm32f7xx_hal_eth.c ****   macconf->Jabber = ((READ_BIT(heth->Instance->MACCR, ETH_MACCR_JD) >> 22) == 0U) ? ENABLE : DISABL
 4003              		.loc 1 2203 20 is_stmt 0 view .LVU1306
 4004 005a 0268     		ldr	r2, [r0]
ARM GAS  /tmp/ccQ4qZLu.s 			page 162


 4005 005c 1268     		ldr	r2, [r2]
 4006 005e 02F48042 		and	r2, r2, #16384
2203:Drivers/STM32F7xx_HAL_Driver/Src/stm32f7xx_hal_eth.c ****   macconf->Jabber = ((READ_BIT(heth->Instance->MACCR, ETH_MACCR_JD) >> 22) == 0U) ? ENABLE : DISABL
 4007              		.loc 1 2203 18 view .LVU1307
 4008 0062 4A61     		str	r2, [r1, #20]
2204:Drivers/STM32F7xx_HAL_Driver/Src/stm32f7xx_hal_eth.c ****   macconf->Watchdog = ((READ_BIT(heth->Instance->MACCR, ETH_MACCR_WD) >> 23) == 0U) ? ENABLE : DISA
 4009              		.loc 1 2204 3 is_stmt 1 view .LVU1308
2204:Drivers/STM32F7xx_HAL_Driver/Src/stm32f7xx_hal_eth.c ****   macconf->Watchdog = ((READ_BIT(heth->Instance->MACCR, ETH_MACCR_WD) >> 23) == 0U) ? ENABLE : DISA
 4010              		.loc 1 2204 23 is_stmt 0 view .LVU1309
 4011 0064 0268     		ldr	r2, [r0]
 4012 0066 1268     		ldr	r2, [r2]
2204:Drivers/STM32F7xx_HAL_Driver/Src/stm32f7xx_hal_eth.c ****   macconf->Watchdog = ((READ_BIT(heth->Instance->MACCR, ETH_MACCR_WD) >> 23) == 0U) ? ENABLE : DISA
 4013              		.loc 1 2204 92 view .LVU1310
 4014 0068 12F4800F 		tst	r2, #4194304
 4015 006c 0CBF     		ite	eq
 4016 006e 0122     		moveq	r2, #1
 4017 0070 0022     		movne	r2, #0
2204:Drivers/STM32F7xx_HAL_Driver/Src/stm32f7xx_hal_eth.c ****   macconf->Watchdog = ((READ_BIT(heth->Instance->MACCR, ETH_MACCR_WD) >> 23) == 0U) ? ENABLE : DISA
 4018              		.loc 1 2204 19 view .LVU1311
 4019 0072 4A74     		strb	r2, [r1, #17]
2205:Drivers/STM32F7xx_HAL_Driver/Src/stm32f7xx_hal_eth.c ****   macconf->AutomaticPadCRCStrip = ((READ_BIT(heth->Instance->MACCR, ETH_MACCR_APCS) >> 7) > 0U) ? E
 4020              		.loc 1 2205 3 is_stmt 1 view .LVU1312
2205:Drivers/STM32F7xx_HAL_Driver/Src/stm32f7xx_hal_eth.c ****   macconf->AutomaticPadCRCStrip = ((READ_BIT(heth->Instance->MACCR, ETH_MACCR_APCS) >> 7) > 0U) ? E
 4021              		.loc 1 2205 25 is_stmt 0 view .LVU1313
 4022 0074 0268     		ldr	r2, [r0]
 4023 0076 1268     		ldr	r2, [r2]
2205:Drivers/STM32F7xx_HAL_Driver/Src/stm32f7xx_hal_eth.c ****   macconf->AutomaticPadCRCStrip = ((READ_BIT(heth->Instance->MACCR, ETH_MACCR_APCS) >> 7) > 0U) ? E
 4024              		.loc 1 2205 94 view .LVU1314
 4025 0078 12F4000F 		tst	r2, #8388608
 4026 007c 0CBF     		ite	eq
 4027 007e 0122     		moveq	r2, #1
 4028 0080 0022     		movne	r2, #0
2205:Drivers/STM32F7xx_HAL_Driver/Src/stm32f7xx_hal_eth.c ****   macconf->AutomaticPadCRCStrip = ((READ_BIT(heth->Instance->MACCR, ETH_MACCR_APCS) >> 7) > 0U) ? E
 4029              		.loc 1 2205 21 view .LVU1315
 4030 0082 0A74     		strb	r2, [r1, #16]
2206:Drivers/STM32F7xx_HAL_Driver/Src/stm32f7xx_hal_eth.c ****   macconf->InterPacketGapVal = READ_BIT(heth->Instance->MACCR, ETH_MACCR_IFG);
 4031              		.loc 1 2206 3 is_stmt 1 view .LVU1316
2206:Drivers/STM32F7xx_HAL_Driver/Src/stm32f7xx_hal_eth.c ****   macconf->InterPacketGapVal = READ_BIT(heth->Instance->MACCR, ETH_MACCR_IFG);
 4032              		.loc 1 2206 37 is_stmt 0 view .LVU1317
 4033 0084 0268     		ldr	r2, [r0]
 4034 0086 1268     		ldr	r2, [r2]
2206:Drivers/STM32F7xx_HAL_Driver/Src/stm32f7xx_hal_eth.c ****   macconf->InterPacketGapVal = READ_BIT(heth->Instance->MACCR, ETH_MACCR_IFG);
 4035              		.loc 1 2206 106 view .LVU1318
 4036 0088 C2F3C012 		ubfx	r2, r2, #7, #1
2206:Drivers/STM32F7xx_HAL_Driver/Src/stm32f7xx_hal_eth.c ****   macconf->InterPacketGapVal = READ_BIT(heth->Instance->MACCR, ETH_MACCR_IFG);
 4037              		.loc 1 2206 33 view .LVU1319
 4038 008c CA73     		strb	r2, [r1, #15]
2207:Drivers/STM32F7xx_HAL_Driver/Src/stm32f7xx_hal_eth.c ****   macconf->ChecksumOffload = ((READ_BIT(heth->Instance->MACCR, ETH_MACCR_IPCO) >> 10U) > 0U) ? ENAB
 4039              		.loc 1 2207 3 is_stmt 1 view .LVU1320
2207:Drivers/STM32F7xx_HAL_Driver/Src/stm32f7xx_hal_eth.c ****   macconf->ChecksumOffload = ((READ_BIT(heth->Instance->MACCR, ETH_MACCR_IPCO) >> 10U) > 0U) ? ENAB
 4040              		.loc 1 2207 32 is_stmt 0 view .LVU1321
 4041 008e 0268     		ldr	r2, [r0]
 4042 0090 1268     		ldr	r2, [r2]
 4043 0092 02F46022 		and	r2, r2, #917504
2207:Drivers/STM32F7xx_HAL_Driver/Src/stm32f7xx_hal_eth.c ****   macconf->ChecksumOffload = ((READ_BIT(heth->Instance->MACCR, ETH_MACCR_IPCO) >> 10U) > 0U) ? ENAB
 4044              		.loc 1 2207 30 view .LVU1322
 4045 0096 8A60     		str	r2, [r1, #8]
ARM GAS  /tmp/ccQ4qZLu.s 			page 163


2208:Drivers/STM32F7xx_HAL_Driver/Src/stm32f7xx_hal_eth.c **** 
 4046              		.loc 1 2208 3 is_stmt 1 view .LVU1323
2208:Drivers/STM32F7xx_HAL_Driver/Src/stm32f7xx_hal_eth.c **** 
 4047              		.loc 1 2208 32 is_stmt 0 view .LVU1324
 4048 0098 0268     		ldr	r2, [r0]
 4049 009a 1268     		ldr	r2, [r2]
2208:Drivers/STM32F7xx_HAL_Driver/Src/stm32f7xx_hal_eth.c **** 
 4050              		.loc 1 2208 103 view .LVU1325
 4051 009c C2F38022 		ubfx	r2, r2, #10, #1
2208:Drivers/STM32F7xx_HAL_Driver/Src/stm32f7xx_hal_eth.c **** 
 4052              		.loc 1 2208 28 view .LVU1326
 4053 00a0 0A71     		strb	r2, [r1, #4]
2211:Drivers/STM32F7xx_HAL_Driver/Src/stm32f7xx_hal_eth.c ****   macconf->ZeroQuantaPause = ((READ_BIT(heth->Instance->MACFCR, ETH_MACFCR_ZQPD) >> 7) == 0U) ? ENA
 4054              		.loc 1 2211 3 is_stmt 1 view .LVU1327
2211:Drivers/STM32F7xx_HAL_Driver/Src/stm32f7xx_hal_eth.c ****   macconf->ZeroQuantaPause = ((READ_BIT(heth->Instance->MACFCR, ETH_MACFCR_ZQPD) >> 7) == 0U) ? ENA
 4055              		.loc 1 2211 36 is_stmt 0 view .LVU1328
 4056 00a2 0268     		ldr	r2, [r0]
 4057 00a4 9269     		ldr	r2, [r2, #24]
2211:Drivers/STM32F7xx_HAL_Driver/Src/stm32f7xx_hal_eth.c ****   macconf->ZeroQuantaPause = ((READ_BIT(heth->Instance->MACFCR, ETH_MACFCR_ZQPD) >> 7) == 0U) ? ENA
 4058              		.loc 1 2211 107 view .LVU1329
 4059 00a6 C2F34002 		ubfx	r2, r2, #1, #1
2211:Drivers/STM32F7xx_HAL_Driver/Src/stm32f7xx_hal_eth.c ****   macconf->ZeroQuantaPause = ((READ_BIT(heth->Instance->MACFCR, ETH_MACFCR_ZQPD) >> 7) == 0U) ? ENA
 4060              		.loc 1 2211 32 view .LVU1330
 4061 00aa 81F85420 		strb	r2, [r1, #84]
2212:Drivers/STM32F7xx_HAL_Driver/Src/stm32f7xx_hal_eth.c ****   macconf->PauseLowThreshold = READ_BIT(heth->Instance->MACFCR, ETH_MACFCR_PLT);
 4062              		.loc 1 2212 3 is_stmt 1 view .LVU1331
2212:Drivers/STM32F7xx_HAL_Driver/Src/stm32f7xx_hal_eth.c ****   macconf->PauseLowThreshold = READ_BIT(heth->Instance->MACFCR, ETH_MACFCR_PLT);
 4063              		.loc 1 2212 32 is_stmt 0 view .LVU1332
 4064 00ae 0268     		ldr	r2, [r0]
 4065 00b0 9269     		ldr	r2, [r2, #24]
2212:Drivers/STM32F7xx_HAL_Driver/Src/stm32f7xx_hal_eth.c ****   macconf->PauseLowThreshold = READ_BIT(heth->Instance->MACFCR, ETH_MACFCR_PLT);
 4066              		.loc 1 2212 104 view .LVU1333
 4067 00b2 12F0800F 		tst	r2, #128
 4068 00b6 0CBF     		ite	eq
 4069 00b8 0122     		moveq	r2, #1
 4070 00ba 0022     		movne	r2, #0
2212:Drivers/STM32F7xx_HAL_Driver/Src/stm32f7xx_hal_eth.c ****   macconf->PauseLowThreshold = READ_BIT(heth->Instance->MACFCR, ETH_MACFCR_PLT);
 4071              		.loc 1 2212 28 view .LVU1334
 4072 00bc 81F84C20 		strb	r2, [r1, #76]
2213:Drivers/STM32F7xx_HAL_Driver/Src/stm32f7xx_hal_eth.c ****   macconf->PauseTime = (READ_BIT(heth->Instance->MACFCR, ETH_MACFCR_PT) >> 16);
 4073              		.loc 1 2213 3 is_stmt 1 view .LVU1335
2213:Drivers/STM32F7xx_HAL_Driver/Src/stm32f7xx_hal_eth.c ****   macconf->PauseTime = (READ_BIT(heth->Instance->MACFCR, ETH_MACFCR_PT) >> 16);
 4074              		.loc 1 2213 32 is_stmt 0 view .LVU1336
 4075 00c0 0268     		ldr	r2, [r0]
 4076 00c2 9269     		ldr	r2, [r2, #24]
 4077 00c4 02F03002 		and	r2, r2, #48
2213:Drivers/STM32F7xx_HAL_Driver/Src/stm32f7xx_hal_eth.c ****   macconf->PauseTime = (READ_BIT(heth->Instance->MACFCR, ETH_MACFCR_PT) >> 16);
 4078              		.loc 1 2213 30 view .LVU1337
 4079 00c8 0A65     		str	r2, [r1, #80]
2214:Drivers/STM32F7xx_HAL_Driver/Src/stm32f7xx_hal_eth.c ****   macconf->ReceiveFlowControl = ((READ_BIT(heth->Instance->MACFCR, ETH_MACFCR_RFCE) >> 2U) > 0U) ? 
 4080              		.loc 1 2214 3 is_stmt 1 view .LVU1338
2214:Drivers/STM32F7xx_HAL_Driver/Src/stm32f7xx_hal_eth.c ****   macconf->ReceiveFlowControl = ((READ_BIT(heth->Instance->MACFCR, ETH_MACFCR_RFCE) >> 2U) > 0U) ? 
 4081              		.loc 1 2214 25 is_stmt 0 view .LVU1339
 4082 00ca 0268     		ldr	r2, [r0]
 4083 00cc 9269     		ldr	r2, [r2, #24]
2214:Drivers/STM32F7xx_HAL_Driver/Src/stm32f7xx_hal_eth.c ****   macconf->ReceiveFlowControl = ((READ_BIT(heth->Instance->MACFCR, ETH_MACFCR_RFCE) >> 2U) > 0U) ? 
 4084              		.loc 1 2214 73 view .LVU1340
ARM GAS  /tmp/ccQ4qZLu.s 			page 164


 4085 00ce 120C     		lsrs	r2, r2, #16
2214:Drivers/STM32F7xx_HAL_Driver/Src/stm32f7xx_hal_eth.c ****   macconf->ReceiveFlowControl = ((READ_BIT(heth->Instance->MACFCR, ETH_MACFCR_RFCE) >> 2U) > 0U) ? 
 4086              		.loc 1 2214 22 view .LVU1341
 4087 00d0 8A64     		str	r2, [r1, #72]
2215:Drivers/STM32F7xx_HAL_Driver/Src/stm32f7xx_hal_eth.c ****   macconf->UnicastPausePacketDetect = ((READ_BIT(heth->Instance->MACFCR, ETH_MACFCR_UPFD) >> 3U) > 
 4088              		.loc 1 2215 3 is_stmt 1 view .LVU1342
2215:Drivers/STM32F7xx_HAL_Driver/Src/stm32f7xx_hal_eth.c ****   macconf->UnicastPausePacketDetect = ((READ_BIT(heth->Instance->MACFCR, ETH_MACFCR_UPFD) >> 3U) > 
 4089              		.loc 1 2215 35 is_stmt 0 view .LVU1343
 4090 00d2 0268     		ldr	r2, [r0]
 4091 00d4 9269     		ldr	r2, [r2, #24]
2215:Drivers/STM32F7xx_HAL_Driver/Src/stm32f7xx_hal_eth.c ****   macconf->UnicastPausePacketDetect = ((READ_BIT(heth->Instance->MACFCR, ETH_MACFCR_UPFD) >> 3U) > 
 4092              		.loc 1 2215 107 view .LVU1344
 4093 00d6 C2F38002 		ubfx	r2, r2, #2, #1
2215:Drivers/STM32F7xx_HAL_Driver/Src/stm32f7xx_hal_eth.c ****   macconf->UnicastPausePacketDetect = ((READ_BIT(heth->Instance->MACFCR, ETH_MACFCR_UPFD) >> 3U) > 
 4094              		.loc 1 2215 31 view .LVU1345
 4095 00da 81F85620 		strb	r2, [r1, #86]
2216:Drivers/STM32F7xx_HAL_Driver/Src/stm32f7xx_hal_eth.c ****                                       ? ENABLE : DISABLE;
 4096              		.loc 1 2216 3 is_stmt 1 view .LVU1346
2216:Drivers/STM32F7xx_HAL_Driver/Src/stm32f7xx_hal_eth.c ****                                       ? ENABLE : DISABLE;
 4097              		.loc 1 2216 41 is_stmt 0 view .LVU1347
 4098 00de 0268     		ldr	r2, [r0]
 4099 00e0 9269     		ldr	r2, [r2, #24]
2217:Drivers/STM32F7xx_HAL_Driver/Src/stm32f7xx_hal_eth.c **** 
 4100              		.loc 1 2217 48 view .LVU1348
 4101 00e2 C2F3C002 		ubfx	r2, r2, #3, #1
2216:Drivers/STM32F7xx_HAL_Driver/Src/stm32f7xx_hal_eth.c ****                                       ? ENABLE : DISABLE;
 4102              		.loc 1 2216 37 view .LVU1349
 4103 00e6 81F85520 		strb	r2, [r1, #85]
2219:Drivers/STM32F7xx_HAL_Driver/Src/stm32f7xx_hal_eth.c **** }
 4104              		.loc 1 2219 3 is_stmt 1 view .LVU1350
2219:Drivers/STM32F7xx_HAL_Driver/Src/stm32f7xx_hal_eth.c **** }
 4105              		.loc 1 2219 10 is_stmt 0 view .LVU1351
 4106 00ea 0020     		movs	r0, #0
 4107              	.LVL298:
2219:Drivers/STM32F7xx_HAL_Driver/Src/stm32f7xx_hal_eth.c **** }
 4108              		.loc 1 2219 10 view .LVU1352
 4109 00ec 7047     		bx	lr
 4110              	.LVL299:
 4111              	.L258:
2191:Drivers/STM32F7xx_HAL_Driver/Src/stm32f7xx_hal_eth.c ****   }
 4112              		.loc 1 2191 12 view .LVU1353
 4113 00ee 0120     		movs	r0, #1
 4114              	.LVL300:
2220:Drivers/STM32F7xx_HAL_Driver/Src/stm32f7xx_hal_eth.c **** 
 4115              		.loc 1 2220 1 view .LVU1354
 4116 00f0 7047     		bx	lr
 4117              		.cfi_endproc
 4118              	.LFE172:
 4120              		.section	.text.HAL_ETH_GetDMAConfig,"ax",%progbits
 4121              		.align	1
 4122              		.global	HAL_ETH_GetDMAConfig
 4123              		.syntax unified
 4124              		.thumb
 4125              		.thumb_func
 4127              	HAL_ETH_GetDMAConfig:
 4128              	.LVL301:
 4129              	.LFB173:
ARM GAS  /tmp/ccQ4qZLu.s 			page 165


2231:Drivers/STM32F7xx_HAL_Driver/Src/stm32f7xx_hal_eth.c ****   if (dmaconf == NULL)
 4130              		.loc 1 2231 1 is_stmt 1 view -0
 4131              		.cfi_startproc
 4132              		@ args = 0, pretend = 0, frame = 0
 4133              		@ frame_needed = 0, uses_anonymous_args = 0
 4134              		@ link register save eliminated.
2232:Drivers/STM32F7xx_HAL_Driver/Src/stm32f7xx_hal_eth.c ****   {
 4135              		.loc 1 2232 3 view .LVU1356
2232:Drivers/STM32F7xx_HAL_Driver/Src/stm32f7xx_hal_eth.c ****   {
 4136              		.loc 1 2232 6 is_stmt 0 view .LVU1357
 4137 0000 0029     		cmp	r1, #0
 4138 0002 00F08280 		beq	.L261
2237:Drivers/STM32F7xx_HAL_Driver/Src/stm32f7xx_hal_eth.c ****                                     (ETH_DMAARBITRATION_RXPRIORTX | ETH_DMAARBITRATION_ROUNDROBIN_R
 4139              		.loc 1 2237 3 is_stmt 1 view .LVU1358
2237:Drivers/STM32F7xx_HAL_Driver/Src/stm32f7xx_hal_eth.c ****                                     (ETH_DMAARBITRATION_RXPRIORTX | ETH_DMAARBITRATION_ROUNDROBIN_R
 4140              		.loc 1 2237 29 is_stmt 0 view .LVU1359
 4141 0006 0268     		ldr	r2, [r0]
 4142 0008 02F58052 		add	r2, r2, #4096
 4143 000c 1268     		ldr	r2, [r2]
 4144 000e 22F47F52 		bic	r2, r2, #16320
 4145 0012 22F03D02 		bic	r2, r2, #61
 4146 0016 1204     		lsls	r2, r2, #16
 4147 0018 120C     		lsrs	r2, r2, #16
2237:Drivers/STM32F7xx_HAL_Driver/Src/stm32f7xx_hal_eth.c ****                                     (ETH_DMAARBITRATION_RXPRIORTX | ETH_DMAARBITRATION_ROUNDROBIN_R
 4148              		.loc 1 2237 27 view .LVU1360
 4149 001a 0A60     		str	r2, [r1]
2239:Drivers/STM32F7xx_HAL_Driver/Src/stm32f7xx_hal_eth.c ****   dmaconf->BurstMode = READ_BIT(heth->Instance->DMABMR, ETH_DMABMR_FB | ETH_DMABMR_MB);
 4150              		.loc 1 2239 3 is_stmt 1 view .LVU1361
2239:Drivers/STM32F7xx_HAL_Driver/Src/stm32f7xx_hal_eth.c ****   dmaconf->BurstMode = READ_BIT(heth->Instance->DMABMR, ETH_DMABMR_FB | ETH_DMABMR_MB);
 4151              		.loc 1 2239 36 is_stmt 0 view .LVU1362
 4152 001c 0268     		ldr	r2, [r0]
 4153 001e 02F58052 		add	r2, r2, #4096
 4154 0022 1268     		ldr	r2, [r2]
2239:Drivers/STM32F7xx_HAL_Driver/Src/stm32f7xx_hal_eth.c ****   dmaconf->BurstMode = READ_BIT(heth->Instance->DMABMR, ETH_DMABMR_FB | ETH_DMABMR_MB);
 4155              		.loc 1 2239 108 view .LVU1363
 4156 0024 C2F34062 		ubfx	r2, r2, #25, #1
2239:Drivers/STM32F7xx_HAL_Driver/Src/stm32f7xx_hal_eth.c ****   dmaconf->BurstMode = READ_BIT(heth->Instance->DMABMR, ETH_DMABMR_FB | ETH_DMABMR_MB);
 4157              		.loc 1 2239 32 view .LVU1364
 4158 0028 0A71     		strb	r2, [r1, #4]
2240:Drivers/STM32F7xx_HAL_Driver/Src/stm32f7xx_hal_eth.c ****   dmaconf->RxDMABurstLength = READ_BIT(heth->Instance->DMABMR, ETH_DMABMR_RDP);
 4159              		.loc 1 2240 3 is_stmt 1 view .LVU1365
2240:Drivers/STM32F7xx_HAL_Driver/Src/stm32f7xx_hal_eth.c ****   dmaconf->RxDMABurstLength = READ_BIT(heth->Instance->DMABMR, ETH_DMABMR_RDP);
 4160              		.loc 1 2240 24 is_stmt 0 view .LVU1366
 4161 002a 0268     		ldr	r2, [r0]
 4162 002c 02F58052 		add	r2, r2, #4096
 4163 0030 1268     		ldr	r2, [r2]
 4164 0032 22F07B42 		bic	r2, r2, #-83886080
 4165 0036 22F47E02 		bic	r2, r2, #16646144
 4166 003a 120C     		lsrs	r2, r2, #16
 4167 003c 1204     		lsls	r2, r2, #16
2240:Drivers/STM32F7xx_HAL_Driver/Src/stm32f7xx_hal_eth.c ****   dmaconf->RxDMABurstLength = READ_BIT(heth->Instance->DMABMR, ETH_DMABMR_RDP);
 4168              		.loc 1 2240 22 view .LVU1367
 4169 003e 8A60     		str	r2, [r1, #8]
2241:Drivers/STM32F7xx_HAL_Driver/Src/stm32f7xx_hal_eth.c ****   dmaconf->TxDMABurstLength = READ_BIT(heth->Instance->DMABMR, ETH_DMABMR_PBL);
 4170              		.loc 1 2241 3 is_stmt 1 view .LVU1368
2241:Drivers/STM32F7xx_HAL_Driver/Src/stm32f7xx_hal_eth.c ****   dmaconf->TxDMABurstLength = READ_BIT(heth->Instance->DMABMR, ETH_DMABMR_PBL);
 4171              		.loc 1 2241 31 is_stmt 0 view .LVU1369
ARM GAS  /tmp/ccQ4qZLu.s 			page 166


 4172 0040 0268     		ldr	r2, [r0]
 4173 0042 02F58052 		add	r2, r2, #4096
 4174 0046 1268     		ldr	r2, [r2]
 4175 0048 02F4FC02 		and	r2, r2, #8257536
2241:Drivers/STM32F7xx_HAL_Driver/Src/stm32f7xx_hal_eth.c ****   dmaconf->TxDMABurstLength = READ_BIT(heth->Instance->DMABMR, ETH_DMABMR_PBL);
 4176              		.loc 1 2241 29 view .LVU1370
 4177 004c 8A61     		str	r2, [r1, #24]
2242:Drivers/STM32F7xx_HAL_Driver/Src/stm32f7xx_hal_eth.c ****   dmaconf->EnhancedDescriptorFormat = ((READ_BIT(heth->Instance->DMABMR, ETH_DMABMR_EDE) >> 7) > 0U
 4178              		.loc 1 2242 3 is_stmt 1 view .LVU1371
2242:Drivers/STM32F7xx_HAL_Driver/Src/stm32f7xx_hal_eth.c ****   dmaconf->EnhancedDescriptorFormat = ((READ_BIT(heth->Instance->DMABMR, ETH_DMABMR_EDE) >> 7) > 0U
 4179              		.loc 1 2242 31 is_stmt 0 view .LVU1372
 4180 004e 0268     		ldr	r2, [r0]
 4181 0050 02F58052 		add	r2, r2, #4096
 4182 0054 1268     		ldr	r2, [r2]
 4183 0056 02F47C52 		and	r2, r2, #16128
2242:Drivers/STM32F7xx_HAL_Driver/Src/stm32f7xx_hal_eth.c ****   dmaconf->EnhancedDescriptorFormat = ((READ_BIT(heth->Instance->DMABMR, ETH_DMABMR_EDE) >> 7) > 0U
 4184              		.loc 1 2242 29 view .LVU1373
 4185 005a 0A61     		str	r2, [r1, #16]
2243:Drivers/STM32F7xx_HAL_Driver/Src/stm32f7xx_hal_eth.c ****   dmaconf->DescriptorSkipLength = READ_BIT(heth->Instance->DMABMR, ETH_DMABMR_DSL) >> 2;
 4186              		.loc 1 2243 3 is_stmt 1 view .LVU1374
2243:Drivers/STM32F7xx_HAL_Driver/Src/stm32f7xx_hal_eth.c ****   dmaconf->DescriptorSkipLength = READ_BIT(heth->Instance->DMABMR, ETH_DMABMR_DSL) >> 2;
 4187              		.loc 1 2243 41 is_stmt 0 view .LVU1375
 4188 005c 0268     		ldr	r2, [r0]
 4189 005e 02F58052 		add	r2, r2, #4096
 4190 0062 1268     		ldr	r2, [r2]
2243:Drivers/STM32F7xx_HAL_Driver/Src/stm32f7xx_hal_eth.c ****   dmaconf->DescriptorSkipLength = READ_BIT(heth->Instance->DMABMR, ETH_DMABMR_DSL) >> 2;
 4191              		.loc 1 2243 111 view .LVU1376
 4192 0064 C2F3C012 		ubfx	r2, r2, #7, #1
2243:Drivers/STM32F7xx_HAL_Driver/Src/stm32f7xx_hal_eth.c ****   dmaconf->DescriptorSkipLength = READ_BIT(heth->Instance->DMABMR, ETH_DMABMR_DSL) >> 2;
 4193              		.loc 1 2243 37 view .LVU1377
 4194 0068 81F82520 		strb	r2, [r1, #37]
2244:Drivers/STM32F7xx_HAL_Driver/Src/stm32f7xx_hal_eth.c **** 
 4195              		.loc 1 2244 3 is_stmt 1 view .LVU1378
2244:Drivers/STM32F7xx_HAL_Driver/Src/stm32f7xx_hal_eth.c **** 
 4196              		.loc 1 2244 35 is_stmt 0 view .LVU1379
 4197 006c 0268     		ldr	r2, [r0]
 4198 006e 02F58052 		add	r2, r2, #4096
 4199 0072 1268     		ldr	r2, [r2]
2244:Drivers/STM32F7xx_HAL_Driver/Src/stm32f7xx_hal_eth.c **** 
 4200              		.loc 1 2244 84 view .LVU1380
 4201 0074 C2F38402 		ubfx	r2, r2, #2, #5
2244:Drivers/STM32F7xx_HAL_Driver/Src/stm32f7xx_hal_eth.c **** 
 4202              		.loc 1 2244 33 view .LVU1381
 4203 0078 8A62     		str	r2, [r1, #40]
2246:Drivers/STM32F7xx_HAL_Driver/Src/stm32f7xx_hal_eth.c ****                                                     ETH_DMAOMR_DTCEFD) >> 26) > 0U) ? DISABLE : ENA
 4204              		.loc 1 2246 3 is_stmt 1 view .LVU1382
2246:Drivers/STM32F7xx_HAL_Driver/Src/stm32f7xx_hal_eth.c ****                                                     ETH_DMAOMR_DTCEFD) >> 26) > 0U) ? DISABLE : ENA
 4205              		.loc 1 2246 44 is_stmt 0 view .LVU1383
 4206 007a 0268     		ldr	r2, [r0]
 4207 007c 02F58052 		add	r2, r2, #4096
 4208 0080 9269     		ldr	r2, [r2, #24]
2247:Drivers/STM32F7xx_HAL_Driver/Src/stm32f7xx_hal_eth.c ****   dmaconf->ReceiveStoreForward = ((READ_BIT(heth->Instance->DMAOMR, ETH_DMAOMR_RSF) >> 25) > 0U) ? 
 4209              		.loc 1 2247 95 view .LVU1384
 4210 0082 12F0806F 		tst	r2, #67108864
 4211 0086 0CBF     		ite	eq
 4212 0088 0122     		moveq	r2, #1
 4213 008a 0022     		movne	r2, #0
ARM GAS  /tmp/ccQ4qZLu.s 			page 167


2246:Drivers/STM32F7xx_HAL_Driver/Src/stm32f7xx_hal_eth.c ****                                                     ETH_DMAOMR_DTCEFD) >> 26) > 0U) ? DISABLE : ENA
 4214              		.loc 1 2246 40 view .LVU1385
 4215 008c 0A73     		strb	r2, [r1, #12]
2248:Drivers/STM32F7xx_HAL_Driver/Src/stm32f7xx_hal_eth.c ****   dmaconf->FlushRxPacket = ((READ_BIT(heth->Instance->DMAOMR, ETH_DMAOMR_FTF) >> 20) > 0U) ? DISABL
 4216              		.loc 1 2248 3 is_stmt 1 view .LVU1386
2248:Drivers/STM32F7xx_HAL_Driver/Src/stm32f7xx_hal_eth.c ****   dmaconf->FlushRxPacket = ((READ_BIT(heth->Instance->DMAOMR, ETH_DMAOMR_FTF) >> 20) > 0U) ? DISABL
 4217              		.loc 1 2248 36 is_stmt 0 view .LVU1387
 4218 008e 0268     		ldr	r2, [r0]
 4219 0090 02F58052 		add	r2, r2, #4096
 4220 0094 9269     		ldr	r2, [r2, #24]
2248:Drivers/STM32F7xx_HAL_Driver/Src/stm32f7xx_hal_eth.c ****   dmaconf->FlushRxPacket = ((READ_BIT(heth->Instance->DMAOMR, ETH_DMAOMR_FTF) >> 20) > 0U) ? DISABL
 4221              		.loc 1 2248 107 view .LVU1388
 4222 0096 C2F34062 		ubfx	r2, r2, #25, #1
2248:Drivers/STM32F7xx_HAL_Driver/Src/stm32f7xx_hal_eth.c ****   dmaconf->FlushRxPacket = ((READ_BIT(heth->Instance->DMAOMR, ETH_DMAOMR_FTF) >> 20) > 0U) ? DISABL
 4223              		.loc 1 2248 32 view .LVU1389
 4224 009a 4A73     		strb	r2, [r1, #13]
2249:Drivers/STM32F7xx_HAL_Driver/Src/stm32f7xx_hal_eth.c ****   dmaconf->TransmitStoreForward = ((READ_BIT(heth->Instance->DMAOMR, ETH_DMAOMR_TSF) >> 21) > 0U) ?
 4225              		.loc 1 2249 3 is_stmt 1 view .LVU1390
2249:Drivers/STM32F7xx_HAL_Driver/Src/stm32f7xx_hal_eth.c ****   dmaconf->TransmitStoreForward = ((READ_BIT(heth->Instance->DMAOMR, ETH_DMAOMR_TSF) >> 21) > 0U) ?
 4226              		.loc 1 2249 30 is_stmt 0 view .LVU1391
 4227 009c 0268     		ldr	r2, [r0]
 4228 009e 02F58052 		add	r2, r2, #4096
 4229 00a2 9269     		ldr	r2, [r2, #24]
2249:Drivers/STM32F7xx_HAL_Driver/Src/stm32f7xx_hal_eth.c ****   dmaconf->TransmitStoreForward = ((READ_BIT(heth->Instance->DMAOMR, ETH_DMAOMR_TSF) >> 21) > 0U) ?
 4230              		.loc 1 2249 102 view .LVU1392
 4231 00a4 12F4801F 		tst	r2, #1048576
 4232 00a8 0CBF     		ite	eq
 4233 00aa 0122     		moveq	r2, #1
 4234 00ac 0022     		movne	r2, #0
2249:Drivers/STM32F7xx_HAL_Driver/Src/stm32f7xx_hal_eth.c ****   dmaconf->TransmitStoreForward = ((READ_BIT(heth->Instance->DMAOMR, ETH_DMAOMR_TSF) >> 21) > 0U) ?
 4235              		.loc 1 2249 26 view .LVU1393
 4236 00ae 4A77     		strb	r2, [r1, #29]
2250:Drivers/STM32F7xx_HAL_Driver/Src/stm32f7xx_hal_eth.c ****   dmaconf->TransmitThresholdControl = READ_BIT(heth->Instance->DMAOMR, ETH_DMAOMR_TTC);
 4237              		.loc 1 2250 3 is_stmt 1 view .LVU1394
2250:Drivers/STM32F7xx_HAL_Driver/Src/stm32f7xx_hal_eth.c ****   dmaconf->TransmitThresholdControl = READ_BIT(heth->Instance->DMAOMR, ETH_DMAOMR_TTC);
 4238              		.loc 1 2250 37 is_stmt 0 view .LVU1395
 4239 00b0 0268     		ldr	r2, [r0]
 4240 00b2 02F58052 		add	r2, r2, #4096
 4241 00b6 9269     		ldr	r2, [r2, #24]
2250:Drivers/STM32F7xx_HAL_Driver/Src/stm32f7xx_hal_eth.c ****   dmaconf->TransmitThresholdControl = READ_BIT(heth->Instance->DMAOMR, ETH_DMAOMR_TTC);
 4242              		.loc 1 2250 108 view .LVU1396
 4243 00b8 C2F34052 		ubfx	r2, r2, #21, #1
2250:Drivers/STM32F7xx_HAL_Driver/Src/stm32f7xx_hal_eth.c ****   dmaconf->TransmitThresholdControl = READ_BIT(heth->Instance->DMAOMR, ETH_DMAOMR_TTC);
 4244              		.loc 1 2250 33 view .LVU1397
 4245 00bc 8A73     		strb	r2, [r1, #14]
2251:Drivers/STM32F7xx_HAL_Driver/Src/stm32f7xx_hal_eth.c ****   dmaconf->ForwardErrorFrames = ((READ_BIT(heth->Instance->DMAOMR, ETH_DMAOMR_FEF) >> 7) > 0U) ? EN
 4246              		.loc 1 2251 3 is_stmt 1 view .LVU1398
2251:Drivers/STM32F7xx_HAL_Driver/Src/stm32f7xx_hal_eth.c ****   dmaconf->ForwardErrorFrames = ((READ_BIT(heth->Instance->DMAOMR, ETH_DMAOMR_FEF) >> 7) > 0U) ? EN
 4247              		.loc 1 2251 39 is_stmt 0 view .LVU1399
 4248 00be 0268     		ldr	r2, [r0]
 4249 00c0 02F58052 		add	r2, r2, #4096
 4250 00c4 9269     		ldr	r2, [r2, #24]
 4251 00c6 02F4E032 		and	r2, r2, #114688
2251:Drivers/STM32F7xx_HAL_Driver/Src/stm32f7xx_hal_eth.c ****   dmaconf->ForwardErrorFrames = ((READ_BIT(heth->Instance->DMAOMR, ETH_DMAOMR_FEF) >> 7) > 0U) ? EN
 4252              		.loc 1 2251 37 view .LVU1400
 4253 00ca 4A61     		str	r2, [r1, #20]
2252:Drivers/STM32F7xx_HAL_Driver/Src/stm32f7xx_hal_eth.c ****   dmaconf->ForwardUndersizedGoodFrames = ((READ_BIT(heth->Instance->DMAOMR,
ARM GAS  /tmp/ccQ4qZLu.s 			page 168


 4254              		.loc 1 2252 3 is_stmt 1 view .LVU1401
2252:Drivers/STM32F7xx_HAL_Driver/Src/stm32f7xx_hal_eth.c ****   dmaconf->ForwardUndersizedGoodFrames = ((READ_BIT(heth->Instance->DMAOMR,
 4255              		.loc 1 2252 35 is_stmt 0 view .LVU1402
 4256 00cc 0268     		ldr	r2, [r0]
 4257 00ce 02F58052 		add	r2, r2, #4096
 4258 00d2 9269     		ldr	r2, [r2, #24]
2252:Drivers/STM32F7xx_HAL_Driver/Src/stm32f7xx_hal_eth.c ****   dmaconf->ForwardUndersizedGoodFrames = ((READ_BIT(heth->Instance->DMAOMR,
 4259              		.loc 1 2252 105 view .LVU1403
 4260 00d4 C2F3C012 		ubfx	r2, r2, #7, #1
2252:Drivers/STM32F7xx_HAL_Driver/Src/stm32f7xx_hal_eth.c ****   dmaconf->ForwardUndersizedGoodFrames = ((READ_BIT(heth->Instance->DMAOMR,
 4261              		.loc 1 2252 31 view .LVU1404
 4262 00d8 0A77     		strb	r2, [r1, #28]
2253:Drivers/STM32F7xx_HAL_Driver/Src/stm32f7xx_hal_eth.c ****                                                     ETH_DMAOMR_FUGF) >> 6) > 0U) ? ENABLE : DISABLE
 4263              		.loc 1 2253 3 is_stmt 1 view .LVU1405
2253:Drivers/STM32F7xx_HAL_Driver/Src/stm32f7xx_hal_eth.c ****                                                     ETH_DMAOMR_FUGF) >> 6) > 0U) ? ENABLE : DISABLE
 4264              		.loc 1 2253 44 is_stmt 0 view .LVU1406
 4265 00da 0268     		ldr	r2, [r0]
 4266 00dc 02F58052 		add	r2, r2, #4096
 4267 00e0 9269     		ldr	r2, [r2, #24]
2254:Drivers/STM32F7xx_HAL_Driver/Src/stm32f7xx_hal_eth.c ****   dmaconf->ReceiveThresholdControl = READ_BIT(heth->Instance->DMAOMR, ETH_DMAOMR_RTC);
 4268              		.loc 1 2254 91 view .LVU1407
 4269 00e2 C2F38012 		ubfx	r2, r2, #6, #1
2253:Drivers/STM32F7xx_HAL_Driver/Src/stm32f7xx_hal_eth.c ****                                                     ETH_DMAOMR_FUGF) >> 6) > 0U) ? ENABLE : DISABLE
 4270              		.loc 1 2253 40 view .LVU1408
 4271 00e6 8A77     		strb	r2, [r1, #30]
2255:Drivers/STM32F7xx_HAL_Driver/Src/stm32f7xx_hal_eth.c ****   dmaconf->SecondFrameOperate = ((READ_BIT(heth->Instance->DMAOMR, ETH_DMAOMR_OSF) >> 2) > 0U) ? EN
 4272              		.loc 1 2255 3 is_stmt 1 view .LVU1409
2255:Drivers/STM32F7xx_HAL_Driver/Src/stm32f7xx_hal_eth.c ****   dmaconf->SecondFrameOperate = ((READ_BIT(heth->Instance->DMAOMR, ETH_DMAOMR_OSF) >> 2) > 0U) ? EN
 4273              		.loc 1 2255 38 is_stmt 0 view .LVU1410
 4274 00e8 0268     		ldr	r2, [r0]
 4275 00ea 02F58052 		add	r2, r2, #4096
 4276 00ee 9269     		ldr	r2, [r2, #24]
 4277 00f0 02F01802 		and	r2, r2, #24
2255:Drivers/STM32F7xx_HAL_Driver/Src/stm32f7xx_hal_eth.c ****   dmaconf->SecondFrameOperate = ((READ_BIT(heth->Instance->DMAOMR, ETH_DMAOMR_OSF) >> 2) > 0U) ? EN
 4278              		.loc 1 2255 36 view .LVU1411
 4279 00f4 0A62     		str	r2, [r1, #32]
2256:Drivers/STM32F7xx_HAL_Driver/Src/stm32f7xx_hal_eth.c ****   return HAL_OK;
 4280              		.loc 1 2256 3 is_stmt 1 view .LVU1412
2256:Drivers/STM32F7xx_HAL_Driver/Src/stm32f7xx_hal_eth.c ****   return HAL_OK;
 4281              		.loc 1 2256 35 is_stmt 0 view .LVU1413
 4282 00f6 0268     		ldr	r2, [r0]
 4283 00f8 02F58052 		add	r2, r2, #4096
 4284 00fc 9269     		ldr	r2, [r2, #24]
2256:Drivers/STM32F7xx_HAL_Driver/Src/stm32f7xx_hal_eth.c ****   return HAL_OK;
 4285              		.loc 1 2256 105 view .LVU1414
 4286 00fe C2F38002 		ubfx	r2, r2, #2, #1
2256:Drivers/STM32F7xx_HAL_Driver/Src/stm32f7xx_hal_eth.c ****   return HAL_OK;
 4287              		.loc 1 2256 31 view .LVU1415
 4288 0102 81F82420 		strb	r2, [r1, #36]
2257:Drivers/STM32F7xx_HAL_Driver/Src/stm32f7xx_hal_eth.c **** }
 4289              		.loc 1 2257 3 is_stmt 1 view .LVU1416
2257:Drivers/STM32F7xx_HAL_Driver/Src/stm32f7xx_hal_eth.c **** }
 4290              		.loc 1 2257 10 is_stmt 0 view .LVU1417
 4291 0106 0020     		movs	r0, #0
 4292              	.LVL302:
2257:Drivers/STM32F7xx_HAL_Driver/Src/stm32f7xx_hal_eth.c **** }
 4293              		.loc 1 2257 10 view .LVU1418
ARM GAS  /tmp/ccQ4qZLu.s 			page 169


 4294 0108 7047     		bx	lr
 4295              	.LVL303:
 4296              	.L261:
2234:Drivers/STM32F7xx_HAL_Driver/Src/stm32f7xx_hal_eth.c ****   }
 4297              		.loc 1 2234 12 view .LVU1419
 4298 010a 0120     		movs	r0, #1
 4299              	.LVL304:
2258:Drivers/STM32F7xx_HAL_Driver/Src/stm32f7xx_hal_eth.c **** 
 4300              		.loc 1 2258 1 view .LVU1420
 4301 010c 7047     		bx	lr
 4302              		.cfi_endproc
 4303              	.LFE173:
 4305              		.section	.text.HAL_ETH_SetMACConfig,"ax",%progbits
 4306              		.align	1
 4307              		.global	HAL_ETH_SetMACConfig
 4308              		.syntax unified
 4309              		.thumb
 4310              		.thumb_func
 4312              	HAL_ETH_SetMACConfig:
 4313              	.LVL305:
 4314              	.LFB174:
2269:Drivers/STM32F7xx_HAL_Driver/Src/stm32f7xx_hal_eth.c ****   if (macconf == NULL)
 4315              		.loc 1 2269 1 is_stmt 1 view -0
 4316              		.cfi_startproc
 4317              		@ args = 0, pretend = 0, frame = 0
 4318              		@ frame_needed = 0, uses_anonymous_args = 0
2270:Drivers/STM32F7xx_HAL_Driver/Src/stm32f7xx_hal_eth.c ****   {
 4319              		.loc 1 2270 3 view .LVU1422
2270:Drivers/STM32F7xx_HAL_Driver/Src/stm32f7xx_hal_eth.c ****   {
 4320              		.loc 1 2270 6 is_stmt 0 view .LVU1423
 4321 0000 51B1     		cbz	r1, .L264
2269:Drivers/STM32F7xx_HAL_Driver/Src/stm32f7xx_hal_eth.c ****   if (macconf == NULL)
 4322              		.loc 1 2269 1 view .LVU1424
 4323 0002 08B5     		push	{r3, lr}
 4324              	.LCFI31:
 4325              		.cfi_def_cfa_offset 8
 4326              		.cfi_offset 3, -8
 4327              		.cfi_offset 14, -4
2275:Drivers/STM32F7xx_HAL_Driver/Src/stm32f7xx_hal_eth.c ****   {
 4328              		.loc 1 2275 3 is_stmt 1 view .LVU1425
2275:Drivers/STM32F7xx_HAL_Driver/Src/stm32f7xx_hal_eth.c ****   {
 4329              		.loc 1 2275 11 is_stmt 0 view .LVU1426
 4330 0004 D0F88430 		ldr	r3, [r0, #132]
2275:Drivers/STM32F7xx_HAL_Driver/Src/stm32f7xx_hal_eth.c ****   {
 4331              		.loc 1 2275 6 view .LVU1427
 4332 0008 102B     		cmp	r3, #16
 4333 000a 01D0     		beq	.L270
2283:Drivers/STM32F7xx_HAL_Driver/Src/stm32f7xx_hal_eth.c ****   }
 4334              		.loc 1 2283 12 view .LVU1428
 4335 000c 0120     		movs	r0, #1
 4336              	.LVL306:
 4337              	.L263:
2285:Drivers/STM32F7xx_HAL_Driver/Src/stm32f7xx_hal_eth.c **** 
 4338              		.loc 1 2285 1 view .LVU1429
 4339 000e 08BD     		pop	{r3, pc}
 4340              	.LVL307:
 4341              	.L270:
ARM GAS  /tmp/ccQ4qZLu.s 			page 170


2277:Drivers/STM32F7xx_HAL_Driver/Src/stm32f7xx_hal_eth.c **** 
 4342              		.loc 1 2277 5 is_stmt 1 view .LVU1430
 4343 0010 FFF7FEFF 		bl	ETH_SetMACConfig
 4344              	.LVL308:
2279:Drivers/STM32F7xx_HAL_Driver/Src/stm32f7xx_hal_eth.c ****   }
 4345              		.loc 1 2279 5 view .LVU1431
2279:Drivers/STM32F7xx_HAL_Driver/Src/stm32f7xx_hal_eth.c ****   }
 4346              		.loc 1 2279 12 is_stmt 0 view .LVU1432
 4347 0014 0020     		movs	r0, #0
 4348 0016 FAE7     		b	.L263
 4349              	.LVL309:
 4350              	.L264:
 4351              	.LCFI32:
 4352              		.cfi_def_cfa_offset 0
 4353              		.cfi_restore 3
 4354              		.cfi_restore 14
2272:Drivers/STM32F7xx_HAL_Driver/Src/stm32f7xx_hal_eth.c ****   }
 4355              		.loc 1 2272 12 view .LVU1433
 4356 0018 0120     		movs	r0, #1
 4357              	.LVL310:
2285:Drivers/STM32F7xx_HAL_Driver/Src/stm32f7xx_hal_eth.c **** 
 4358              		.loc 1 2285 1 view .LVU1434
 4359 001a 7047     		bx	lr
 4360              		.cfi_endproc
 4361              	.LFE174:
 4363              		.section	.text.HAL_ETH_SetDMAConfig,"ax",%progbits
 4364              		.align	1
 4365              		.global	HAL_ETH_SetDMAConfig
 4366              		.syntax unified
 4367              		.thumb
 4368              		.thumb_func
 4370              	HAL_ETH_SetDMAConfig:
 4371              	.LVL311:
 4372              	.LFB175:
2296:Drivers/STM32F7xx_HAL_Driver/Src/stm32f7xx_hal_eth.c ****   if (dmaconf == NULL)
 4373              		.loc 1 2296 1 is_stmt 1 view -0
 4374              		.cfi_startproc
 4375              		@ args = 0, pretend = 0, frame = 0
 4376              		@ frame_needed = 0, uses_anonymous_args = 0
2297:Drivers/STM32F7xx_HAL_Driver/Src/stm32f7xx_hal_eth.c ****   {
 4377              		.loc 1 2297 3 view .LVU1436
2297:Drivers/STM32F7xx_HAL_Driver/Src/stm32f7xx_hal_eth.c ****   {
 4378              		.loc 1 2297 6 is_stmt 0 view .LVU1437
 4379 0000 51B1     		cbz	r1, .L273
2296:Drivers/STM32F7xx_HAL_Driver/Src/stm32f7xx_hal_eth.c ****   if (dmaconf == NULL)
 4380              		.loc 1 2296 1 view .LVU1438
 4381 0002 08B5     		push	{r3, lr}
 4382              	.LCFI33:
 4383              		.cfi_def_cfa_offset 8
 4384              		.cfi_offset 3, -8
 4385              		.cfi_offset 14, -4
2302:Drivers/STM32F7xx_HAL_Driver/Src/stm32f7xx_hal_eth.c ****   {
 4386              		.loc 1 2302 3 is_stmt 1 view .LVU1439
2302:Drivers/STM32F7xx_HAL_Driver/Src/stm32f7xx_hal_eth.c ****   {
 4387              		.loc 1 2302 11 is_stmt 0 view .LVU1440
 4388 0004 D0F88430 		ldr	r3, [r0, #132]
2302:Drivers/STM32F7xx_HAL_Driver/Src/stm32f7xx_hal_eth.c ****   {
ARM GAS  /tmp/ccQ4qZLu.s 			page 171


 4389              		.loc 1 2302 6 view .LVU1441
 4390 0008 102B     		cmp	r3, #16
 4391 000a 01D0     		beq	.L279
2310:Drivers/STM32F7xx_HAL_Driver/Src/stm32f7xx_hal_eth.c ****   }
 4392              		.loc 1 2310 12 view .LVU1442
 4393 000c 0120     		movs	r0, #1
 4394              	.LVL312:
 4395              	.L272:
2312:Drivers/STM32F7xx_HAL_Driver/Src/stm32f7xx_hal_eth.c **** 
 4396              		.loc 1 2312 1 view .LVU1443
 4397 000e 08BD     		pop	{r3, pc}
 4398              	.LVL313:
 4399              	.L279:
2304:Drivers/STM32F7xx_HAL_Driver/Src/stm32f7xx_hal_eth.c **** 
 4400              		.loc 1 2304 5 is_stmt 1 view .LVU1444
 4401 0010 FFF7FEFF 		bl	ETH_SetDMAConfig
 4402              	.LVL314:
2306:Drivers/STM32F7xx_HAL_Driver/Src/stm32f7xx_hal_eth.c ****   }
 4403              		.loc 1 2306 5 view .LVU1445
2306:Drivers/STM32F7xx_HAL_Driver/Src/stm32f7xx_hal_eth.c ****   }
 4404              		.loc 1 2306 12 is_stmt 0 view .LVU1446
 4405 0014 0020     		movs	r0, #0
 4406 0016 FAE7     		b	.L272
 4407              	.LVL315:
 4408              	.L273:
 4409              	.LCFI34:
 4410              		.cfi_def_cfa_offset 0
 4411              		.cfi_restore 3
 4412              		.cfi_restore 14
2299:Drivers/STM32F7xx_HAL_Driver/Src/stm32f7xx_hal_eth.c ****   }
 4413              		.loc 1 2299 12 view .LVU1447
 4414 0018 0120     		movs	r0, #1
 4415              	.LVL316:
2312:Drivers/STM32F7xx_HAL_Driver/Src/stm32f7xx_hal_eth.c **** 
 4416              		.loc 1 2312 1 view .LVU1448
 4417 001a 7047     		bx	lr
 4418              		.cfi_endproc
 4419              	.LFE175:
 4421              		.section	.text.HAL_ETH_SetMDIOClockRange,"ax",%progbits
 4422              		.align	1
 4423              		.global	HAL_ETH_SetMDIOClockRange
 4424              		.syntax unified
 4425              		.thumb
 4426              		.thumb_func
 4428              	HAL_ETH_SetMDIOClockRange:
 4429              	.LVL317:
 4430              	.LFB176:
2321:Drivers/STM32F7xx_HAL_Driver/Src/stm32f7xx_hal_eth.c ****   uint32_t hclk;
 4431              		.loc 1 2321 1 is_stmt 1 view -0
 4432              		.cfi_startproc
 4433              		@ args = 0, pretend = 0, frame = 0
 4434              		@ frame_needed = 0, uses_anonymous_args = 0
2321:Drivers/STM32F7xx_HAL_Driver/Src/stm32f7xx_hal_eth.c ****   uint32_t hclk;
 4435              		.loc 1 2321 1 is_stmt 0 view .LVU1450
 4436 0000 38B5     		push	{r3, r4, r5, lr}
 4437              	.LCFI35:
 4438              		.cfi_def_cfa_offset 16
ARM GAS  /tmp/ccQ4qZLu.s 			page 172


 4439              		.cfi_offset 3, -16
 4440              		.cfi_offset 4, -12
 4441              		.cfi_offset 5, -8
 4442              		.cfi_offset 14, -4
 4443 0002 0546     		mov	r5, r0
2322:Drivers/STM32F7xx_HAL_Driver/Src/stm32f7xx_hal_eth.c ****   uint32_t tmpreg;
 4444              		.loc 1 2322 3 is_stmt 1 view .LVU1451
2323:Drivers/STM32F7xx_HAL_Driver/Src/stm32f7xx_hal_eth.c **** 
 4445              		.loc 1 2323 3 view .LVU1452
2326:Drivers/STM32F7xx_HAL_Driver/Src/stm32f7xx_hal_eth.c ****   /* Clear CSR Clock Range CR[2:0] bits */
 4446              		.loc 1 2326 3 view .LVU1453
2326:Drivers/STM32F7xx_HAL_Driver/Src/stm32f7xx_hal_eth.c ****   /* Clear CSR Clock Range CR[2:0] bits */
 4447              		.loc 1 2326 17 is_stmt 0 view .LVU1454
 4448 0004 0368     		ldr	r3, [r0]
2326:Drivers/STM32F7xx_HAL_Driver/Src/stm32f7xx_hal_eth.c ****   /* Clear CSR Clock Range CR[2:0] bits */
 4449              		.loc 1 2326 10 view .LVU1455
 4450 0006 1C69     		ldr	r4, [r3, #16]
 4451              	.LVL318:
2328:Drivers/STM32F7xx_HAL_Driver/Src/stm32f7xx_hal_eth.c **** 
 4452              		.loc 1 2328 3 is_stmt 1 view .LVU1456
2328:Drivers/STM32F7xx_HAL_Driver/Src/stm32f7xx_hal_eth.c **** 
 4453              		.loc 1 2328 10 is_stmt 0 view .LVU1457
 4454 0008 24F01C04 		bic	r4, r4, #28
 4455              	.LVL319:
2331:Drivers/STM32F7xx_HAL_Driver/Src/stm32f7xx_hal_eth.c **** 
 4456              		.loc 1 2331 3 is_stmt 1 view .LVU1458
2331:Drivers/STM32F7xx_HAL_Driver/Src/stm32f7xx_hal_eth.c **** 
 4457              		.loc 1 2331 10 is_stmt 0 view .LVU1459
 4458 000c FFF7FEFF 		bl	HAL_RCC_GetHCLKFreq
 4459              	.LVL320:
2334:Drivers/STM32F7xx_HAL_Driver/Src/stm32f7xx_hal_eth.c ****   {
 4460              		.loc 1 2334 3 is_stmt 1 view .LVU1460
2334:Drivers/STM32F7xx_HAL_Driver/Src/stm32f7xx_hal_eth.c ****   {
 4461              		.loc 1 2334 27 is_stmt 0 view .LVU1461
 4462 0010 104B     		ldr	r3, .L286
 4463 0012 0344     		add	r3, r3, r0
2334:Drivers/STM32F7xx_HAL_Driver/Src/stm32f7xx_hal_eth.c ****   {
 4464              		.loc 1 2334 6 view .LVU1462
 4465 0014 104A     		ldr	r2, .L286+4
 4466 0016 9342     		cmp	r3, r2
 4467 0018 04D2     		bcs	.L281
2337:Drivers/STM32F7xx_HAL_Driver/Src/stm32f7xx_hal_eth.c ****   }
 4468              		.loc 1 2337 5 is_stmt 1 view .LVU1463
2337:Drivers/STM32F7xx_HAL_Driver/Src/stm32f7xx_hal_eth.c ****   }
 4469              		.loc 1 2337 12 is_stmt 0 view .LVU1464
 4470 001a 44F00804 		orr	r4, r4, #8
 4471              	.LVL321:
 4472              	.L282:
2361:Drivers/STM32F7xx_HAL_Driver/Src/stm32f7xx_hal_eth.c **** }
 4473              		.loc 1 2361 3 is_stmt 1 view .LVU1465
2361:Drivers/STM32F7xx_HAL_Driver/Src/stm32f7xx_hal_eth.c **** }
 4474              		.loc 1 2361 8 is_stmt 0 view .LVU1466
 4475 001e 2B68     		ldr	r3, [r5]
2361:Drivers/STM32F7xx_HAL_Driver/Src/stm32f7xx_hal_eth.c **** }
 4476              		.loc 1 2361 30 view .LVU1467
 4477 0020 1C61     		str	r4, [r3, #16]
2362:Drivers/STM32F7xx_HAL_Driver/Src/stm32f7xx_hal_eth.c **** 
ARM GAS  /tmp/ccQ4qZLu.s 			page 173


 4478              		.loc 1 2362 1 view .LVU1468
 4479 0022 38BD     		pop	{r3, r4, r5, pc}
 4480              	.LVL322:
 4481              	.L281:
2339:Drivers/STM32F7xx_HAL_Driver/Src/stm32f7xx_hal_eth.c ****   {
 4482              		.loc 1 2339 8 is_stmt 1 view .LVU1469
2339:Drivers/STM32F7xx_HAL_Driver/Src/stm32f7xx_hal_eth.c ****   {
 4483              		.loc 1 2339 32 is_stmt 0 view .LVU1470
 4484 0024 0D4B     		ldr	r3, .L286+8
 4485 0026 0344     		add	r3, r3, r0
2339:Drivers/STM32F7xx_HAL_Driver/Src/stm32f7xx_hal_eth.c ****   {
 4486              		.loc 1 2339 11 view .LVU1471
 4487 0028 0D4A     		ldr	r2, .L286+12
 4488 002a 9342     		cmp	r3, r2
 4489 002c 02D8     		bhi	.L283
2342:Drivers/STM32F7xx_HAL_Driver/Src/stm32f7xx_hal_eth.c ****   }
 4490              		.loc 1 2342 5 is_stmt 1 view .LVU1472
2342:Drivers/STM32F7xx_HAL_Driver/Src/stm32f7xx_hal_eth.c ****   }
 4491              		.loc 1 2342 12 is_stmt 0 view .LVU1473
 4492 002e 44F00C04 		orr	r4, r4, #12
 4493              	.LVL323:
2342:Drivers/STM32F7xx_HAL_Driver/Src/stm32f7xx_hal_eth.c ****   }
 4494              		.loc 1 2342 12 view .LVU1474
 4495 0032 F4E7     		b	.L282
 4496              	.L283:
2344:Drivers/STM32F7xx_HAL_Driver/Src/stm32f7xx_hal_eth.c ****   {
 4497              		.loc 1 2344 8 is_stmt 1 view .LVU1475
2344:Drivers/STM32F7xx_HAL_Driver/Src/stm32f7xx_hal_eth.c ****   {
 4498              		.loc 1 2344 32 is_stmt 0 view .LVU1476
 4499 0034 0B4B     		ldr	r3, .L286+16
 4500 0036 0344     		add	r3, r3, r0
2344:Drivers/STM32F7xx_HAL_Driver/Src/stm32f7xx_hal_eth.c ****   {
 4501              		.loc 1 2344 11 view .LVU1477
 4502 0038 0B4A     		ldr	r2, .L286+20
 4503 003a 9342     		cmp	r3, r2
 4504 003c EFD3     		bcc	.L282
2349:Drivers/STM32F7xx_HAL_Driver/Src/stm32f7xx_hal_eth.c ****   {
 4505              		.loc 1 2349 8 is_stmt 1 view .LVU1478
2349:Drivers/STM32F7xx_HAL_Driver/Src/stm32f7xx_hal_eth.c ****   {
 4506              		.loc 1 2349 33 is_stmt 0 view .LVU1479
 4507 003e 0B4B     		ldr	r3, .L286+24
 4508 0040 0344     		add	r3, r3, r0
2349:Drivers/STM32F7xx_HAL_Driver/Src/stm32f7xx_hal_eth.c ****   {
 4509              		.loc 1 2349 11 view .LVU1480
 4510 0042 0B4A     		ldr	r2, .L286+28
 4511 0044 9342     		cmp	r3, r2
 4512 0046 02D8     		bhi	.L284
2352:Drivers/STM32F7xx_HAL_Driver/Src/stm32f7xx_hal_eth.c ****   }
 4513              		.loc 1 2352 5 is_stmt 1 view .LVU1481
2352:Drivers/STM32F7xx_HAL_Driver/Src/stm32f7xx_hal_eth.c ****   }
 4514              		.loc 1 2352 12 is_stmt 0 view .LVU1482
 4515 0048 44F00404 		orr	r4, r4, #4
 4516              	.LVL324:
2352:Drivers/STM32F7xx_HAL_Driver/Src/stm32f7xx_hal_eth.c ****   }
 4517              		.loc 1 2352 12 view .LVU1483
 4518 004c E7E7     		b	.L282
 4519              	.L284:
ARM GAS  /tmp/ccQ4qZLu.s 			page 174


2357:Drivers/STM32F7xx_HAL_Driver/Src/stm32f7xx_hal_eth.c ****   }
 4520              		.loc 1 2357 5 is_stmt 1 view .LVU1484
2357:Drivers/STM32F7xx_HAL_Driver/Src/stm32f7xx_hal_eth.c ****   }
 4521              		.loc 1 2357 12 is_stmt 0 view .LVU1485
 4522 004e 44F01004 		orr	r4, r4, #16
 4523              	.LVL325:
2357:Drivers/STM32F7xx_HAL_Driver/Src/stm32f7xx_hal_eth.c ****   }
 4524              		.loc 1 2357 12 view .LVU1486
 4525 0052 E4E7     		b	.L282
 4526              	.L287:
 4527              		.align	2
 4528              	.L286:
 4529 0054 00D3CEFE 		.word	-20000000
 4530 0058 C0E1E400 		.word	15000000
 4531 005c 40F1E9FD 		.word	-35000000
 4532 0060 3F787D01 		.word	24999999
 4533 0064 00796CFC 		.word	-60000000
 4534 0068 005A6202 		.word	40000000
 4535 006c 001F0AFA 		.word	-100000000
 4536 0070 7FF0FA02 		.word	49999999
 4537              		.cfi_endproc
 4538              	.LFE176:
 4540              		.section	.text.HAL_ETH_SetMACFilterConfig,"ax",%progbits
 4541              		.align	1
 4542              		.global	HAL_ETH_SetMACFilterConfig
 4543              		.syntax unified
 4544              		.thumb
 4545              		.thumb_func
 4547              	HAL_ETH_SetMACFilterConfig:
 4548              	.LVL326:
 4549              	.LFB177:
2373:Drivers/STM32F7xx_HAL_Driver/Src/stm32f7xx_hal_eth.c ****   uint32_t filterconfig;
 4550              		.loc 1 2373 1 is_stmt 1 view -0
 4551              		.cfi_startproc
 4552              		@ args = 0, pretend = 0, frame = 0
 4553              		@ frame_needed = 0, uses_anonymous_args = 0
2374:Drivers/STM32F7xx_HAL_Driver/Src/stm32f7xx_hal_eth.c ****   uint32_t tmpreg1;
 4554              		.loc 1 2374 3 view .LVU1488
2375:Drivers/STM32F7xx_HAL_Driver/Src/stm32f7xx_hal_eth.c **** 
 4555              		.loc 1 2375 3 view .LVU1489
2377:Drivers/STM32F7xx_HAL_Driver/Src/stm32f7xx_hal_eth.c ****   {
 4556              		.loc 1 2377 3 view .LVU1490
2377:Drivers/STM32F7xx_HAL_Driver/Src/stm32f7xx_hal_eth.c ****   {
 4557              		.loc 1 2377 6 is_stmt 0 view .LVU1491
 4558 0000 0029     		cmp	r1, #0
 4559 0002 32D0     		beq	.L291
2373:Drivers/STM32F7xx_HAL_Driver/Src/stm32f7xx_hal_eth.c ****   uint32_t filterconfig;
 4560              		.loc 1 2373 1 view .LVU1492
 4561 0004 38B5     		push	{r3, r4, r5, lr}
 4562              	.LCFI36:
 4563              		.cfi_def_cfa_offset 16
 4564              		.cfi_offset 3, -16
 4565              		.cfi_offset 4, -12
 4566              		.cfi_offset 5, -8
 4567              		.cfi_offset 14, -4
 4568 0006 0446     		mov	r4, r0
 4569 0008 0A46     		mov	r2, r1
ARM GAS  /tmp/ccQ4qZLu.s 			page 175


2382:Drivers/STM32F7xx_HAL_Driver/Src/stm32f7xx_hal_eth.c ****                   ((uint32_t)pFilterConfig->HashUnicast << 1) |
 4570              		.loc 1 2382 3 is_stmt 1 view .LVU1493
2382:Drivers/STM32F7xx_HAL_Driver/Src/stm32f7xx_hal_eth.c ****                   ((uint32_t)pFilterConfig->HashUnicast << 1) |
 4571              		.loc 1 2382 42 is_stmt 0 view .LVU1494
 4572 000a 0B78     		ldrb	r3, [r1]	@ zero_extendqisi2
2383:Drivers/STM32F7xx_HAL_Driver/Src/stm32f7xx_hal_eth.c ****                   ((uint32_t)pFilterConfig->HashMulticast << 2)  |
 4573              		.loc 1 2383 43 view .LVU1495
 4574 000c C978     		ldrb	r1, [r1, #3]	@ zero_extendqisi2
 4575              	.LVL327:
2382:Drivers/STM32F7xx_HAL_Driver/Src/stm32f7xx_hal_eth.c ****                   ((uint32_t)pFilterConfig->HashUnicast << 1) |
 4576              		.loc 1 2382 60 view .LVU1496
 4577 000e 43EA4103 		orr	r3, r3, r1, lsl #1
2384:Drivers/STM32F7xx_HAL_Driver/Src/stm32f7xx_hal_eth.c ****                   ((uint32_t)pFilterConfig->DestAddrInverseFiltering << 3) |
 4578              		.loc 1 2384 43 view .LVU1497
 4579 0012 1179     		ldrb	r1, [r2, #4]	@ zero_extendqisi2
2383:Drivers/STM32F7xx_HAL_Driver/Src/stm32f7xx_hal_eth.c ****                   ((uint32_t)pFilterConfig->HashMulticast << 2)  |
 4580              		.loc 1 2383 63 view .LVU1498
 4581 0014 43EA8103 		orr	r3, r3, r1, lsl #2
2385:Drivers/STM32F7xx_HAL_Driver/Src/stm32f7xx_hal_eth.c ****                   ((uint32_t)pFilterConfig->PassAllMulticast << 4) |
 4582              		.loc 1 2385 43 view .LVU1499
 4583 0018 117A     		ldrb	r1, [r2, #8]	@ zero_extendqisi2
2384:Drivers/STM32F7xx_HAL_Driver/Src/stm32f7xx_hal_eth.c ****                   ((uint32_t)pFilterConfig->DestAddrInverseFiltering << 3) |
 4584              		.loc 1 2384 66 view .LVU1500
 4585 001a 43EAC103 		orr	r3, r3, r1, lsl #3
2386:Drivers/STM32F7xx_HAL_Driver/Src/stm32f7xx_hal_eth.c ****                   ((uint32_t)((pFilterConfig->BroadcastFilter == DISABLE) ? 1U : 0U) << 5) |
 4586              		.loc 1 2386 43 view .LVU1501
 4587 001e 5179     		ldrb	r1, [r2, #5]	@ zero_extendqisi2
2385:Drivers/STM32F7xx_HAL_Driver/Src/stm32f7xx_hal_eth.c ****                   ((uint32_t)pFilterConfig->PassAllMulticast << 4) |
 4588              		.loc 1 2385 76 view .LVU1502
 4589 0020 43EA0113 		orr	r3, r3, r1, lsl #4
2387:Drivers/STM32F7xx_HAL_Driver/Src/stm32f7xx_hal_eth.c ****                   ((uint32_t)pFilterConfig->SrcAddrInverseFiltering << 8) |
 4590              		.loc 1 2387 45 view .LVU1503
 4591 0024 517A     		ldrb	r1, [r2, #9]	@ zero_extendqisi2
2387:Drivers/STM32F7xx_HAL_Driver/Src/stm32f7xx_hal_eth.c ****                   ((uint32_t)pFilterConfig->SrcAddrInverseFiltering << 8) |
 4592              		.loc 1 2387 86 view .LVU1504
 4593 0026 F1B9     		cbnz	r1, .L292
 4594 0028 2021     		movs	r1, #32
 4595              	.L290:
2386:Drivers/STM32F7xx_HAL_Driver/Src/stm32f7xx_hal_eth.c ****                   ((uint32_t)((pFilterConfig->BroadcastFilter == DISABLE) ? 1U : 0U) << 5) |
 4596              		.loc 1 2386 68 view .LVU1505
 4597 002a 0B43     		orrs	r3, r3, r1
2388:Drivers/STM32F7xx_HAL_Driver/Src/stm32f7xx_hal_eth.c ****                   ((uint32_t)pFilterConfig->SrcAddrFiltering << 9) |
 4598              		.loc 1 2388 43 view .LVU1506
 4599 002c D179     		ldrb	r1, [r2, #7]	@ zero_extendqisi2
2387:Drivers/STM32F7xx_HAL_Driver/Src/stm32f7xx_hal_eth.c ****                   ((uint32_t)pFilterConfig->SrcAddrInverseFiltering << 8) |
 4600              		.loc 1 2387 92 view .LVU1507
 4601 002e 43EA0123 		orr	r3, r3, r1, lsl #8
2389:Drivers/STM32F7xx_HAL_Driver/Src/stm32f7xx_hal_eth.c ****                   ((uint32_t)pFilterConfig->HachOrPerfectFilter << 10) |
 4602              		.loc 1 2389 43 view .LVU1508
 4603 0032 9179     		ldrb	r1, [r2, #6]	@ zero_extendqisi2
2388:Drivers/STM32F7xx_HAL_Driver/Src/stm32f7xx_hal_eth.c ****                   ((uint32_t)pFilterConfig->SrcAddrFiltering << 9) |
 4604              		.loc 1 2388 75 view .LVU1509
 4605 0034 43EA4123 		orr	r3, r3, r1, lsl #9
2390:Drivers/STM32F7xx_HAL_Driver/Src/stm32f7xx_hal_eth.c ****                   ((uint32_t)pFilterConfig->ReceiveAllMode << 31) |
 4606              		.loc 1 2390 43 view .LVU1510
 4607 0038 9178     		ldrb	r1, [r2, #2]	@ zero_extendqisi2
2389:Drivers/STM32F7xx_HAL_Driver/Src/stm32f7xx_hal_eth.c ****                   ((uint32_t)pFilterConfig->HachOrPerfectFilter << 10) |
ARM GAS  /tmp/ccQ4qZLu.s 			page 176


 4608              		.loc 1 2389 68 view .LVU1511
 4609 003a 43EA8123 		orr	r3, r3, r1, lsl #10
2391:Drivers/STM32F7xx_HAL_Driver/Src/stm32f7xx_hal_eth.c ****                   pFilterConfig->ControlPacketsFilter);
 4610              		.loc 1 2391 43 view .LVU1512
 4611 003e 5178     		ldrb	r1, [r2, #1]	@ zero_extendqisi2
2390:Drivers/STM32F7xx_HAL_Driver/Src/stm32f7xx_hal_eth.c ****                   ((uint32_t)pFilterConfig->ReceiveAllMode << 31) |
 4612              		.loc 1 2390 72 view .LVU1513
 4613 0040 43EAC173 		orr	r3, r3, r1, lsl #31
2392:Drivers/STM32F7xx_HAL_Driver/Src/stm32f7xx_hal_eth.c **** 
 4614              		.loc 1 2392 32 view .LVU1514
 4615 0044 D268     		ldr	r2, [r2, #12]
 4616              	.LVL328:
2382:Drivers/STM32F7xx_HAL_Driver/Src/stm32f7xx_hal_eth.c ****                   ((uint32_t)pFilterConfig->HashUnicast << 1) |
 4617              		.loc 1 2382 16 view .LVU1515
 4618 0046 1343     		orrs	r3, r3, r2
 4619              	.LVL329:
2394:Drivers/STM32F7xx_HAL_Driver/Src/stm32f7xx_hal_eth.c **** 
 4620              		.loc 1 2394 3 is_stmt 1 view .LVU1516
 4621 0048 2168     		ldr	r1, [r4]
 4622 004a 4868     		ldr	r0, [r1, #4]
 4623              	.LVL330:
2394:Drivers/STM32F7xx_HAL_Driver/Src/stm32f7xx_hal_eth.c **** 
 4624              		.loc 1 2394 3 is_stmt 0 view .LVU1517
 4625 004c 084A     		ldr	r2, .L297
 4626 004e 0240     		ands	r2, r2, r0
 4627 0050 1A43     		orrs	r2, r2, r3
 4628 0052 4A60     		str	r2, [r1, #4]
2398:Drivers/STM32F7xx_HAL_Driver/Src/stm32f7xx_hal_eth.c ****   HAL_Delay(ETH_REG_WRITE_DELAY);
 4629              		.loc 1 2398 3 is_stmt 1 view .LVU1518
2398:Drivers/STM32F7xx_HAL_Driver/Src/stm32f7xx_hal_eth.c ****   HAL_Delay(ETH_REG_WRITE_DELAY);
 4630              		.loc 1 2398 18 is_stmt 0 view .LVU1519
 4631 0054 2368     		ldr	r3, [r4]
 4632              	.LVL331:
2398:Drivers/STM32F7xx_HAL_Driver/Src/stm32f7xx_hal_eth.c ****   HAL_Delay(ETH_REG_WRITE_DELAY);
 4633              		.loc 1 2398 11 view .LVU1520
 4634 0056 5D68     		ldr	r5, [r3, #4]
 4635              	.LVL332:
2399:Drivers/STM32F7xx_HAL_Driver/Src/stm32f7xx_hal_eth.c ****   (heth->Instance)->MACFFR = tmpreg1;
 4636              		.loc 1 2399 3 is_stmt 1 view .LVU1521
 4637 0058 0120     		movs	r0, #1
 4638 005a FFF7FEFF 		bl	HAL_Delay
 4639              	.LVL333:
2400:Drivers/STM32F7xx_HAL_Driver/Src/stm32f7xx_hal_eth.c **** 
 4640              		.loc 1 2400 3 view .LVU1522
2400:Drivers/STM32F7xx_HAL_Driver/Src/stm32f7xx_hal_eth.c **** 
 4641              		.loc 1 2400 8 is_stmt 0 view .LVU1523
 4642 005e 2368     		ldr	r3, [r4]
2400:Drivers/STM32F7xx_HAL_Driver/Src/stm32f7xx_hal_eth.c **** 
 4643              		.loc 1 2400 28 view .LVU1524
 4644 0060 5D60     		str	r5, [r3, #4]
2402:Drivers/STM32F7xx_HAL_Driver/Src/stm32f7xx_hal_eth.c **** }
 4645              		.loc 1 2402 3 is_stmt 1 view .LVU1525
2402:Drivers/STM32F7xx_HAL_Driver/Src/stm32f7xx_hal_eth.c **** }
 4646              		.loc 1 2402 10 is_stmt 0 view .LVU1526
 4647 0062 0020     		movs	r0, #0
2403:Drivers/STM32F7xx_HAL_Driver/Src/stm32f7xx_hal_eth.c **** 
 4648              		.loc 1 2403 1 view .LVU1527
ARM GAS  /tmp/ccQ4qZLu.s 			page 177


 4649 0064 38BD     		pop	{r3, r4, r5, pc}
 4650              	.LVL334:
 4651              	.L292:
2387:Drivers/STM32F7xx_HAL_Driver/Src/stm32f7xx_hal_eth.c ****                   ((uint32_t)pFilterConfig->SrcAddrInverseFiltering << 8) |
 4652              		.loc 1 2387 86 view .LVU1528
 4653 0066 0021     		movs	r1, #0
 4654 0068 DFE7     		b	.L290
 4655              	.LVL335:
 4656              	.L291:
 4657              	.LCFI37:
 4658              		.cfi_def_cfa_offset 0
 4659              		.cfi_restore 3
 4660              		.cfi_restore 4
 4661              		.cfi_restore 5
 4662              		.cfi_restore 14
2379:Drivers/STM32F7xx_HAL_Driver/Src/stm32f7xx_hal_eth.c ****   }
 4663              		.loc 1 2379 12 view .LVU1529
 4664 006a 0120     		movs	r0, #1
 4665              	.LVL336:
2403:Drivers/STM32F7xx_HAL_Driver/Src/stm32f7xx_hal_eth.c **** 
 4666              		.loc 1 2403 1 view .LVU1530
 4667 006c 7047     		bx	lr
 4668              	.L298:
 4669 006e 00BF     		.align	2
 4670              	.L297:
 4671 0070 00F8FF7F 		.word	2147481600
 4672              		.cfi_endproc
 4673              	.LFE177:
 4675              		.section	.text.HAL_ETH_GetMACFilterConfig,"ax",%progbits
 4676              		.align	1
 4677              		.global	HAL_ETH_GetMACFilterConfig
 4678              		.syntax unified
 4679              		.thumb
 4680              		.thumb_func
 4682              	HAL_ETH_GetMACFilterConfig:
 4683              	.LVL337:
 4684              	.LFB178:
2414:Drivers/STM32F7xx_HAL_Driver/Src/stm32f7xx_hal_eth.c ****   if (pFilterConfig == NULL)
 4685              		.loc 1 2414 1 is_stmt 1 view -0
 4686              		.cfi_startproc
 4687              		@ args = 0, pretend = 0, frame = 0
 4688              		@ frame_needed = 0, uses_anonymous_args = 0
 4689              		@ link register save eliminated.
2415:Drivers/STM32F7xx_HAL_Driver/Src/stm32f7xx_hal_eth.c ****   {
 4690              		.loc 1 2415 3 view .LVU1532
2415:Drivers/STM32F7xx_HAL_Driver/Src/stm32f7xx_hal_eth.c ****   {
 4691              		.loc 1 2415 6 is_stmt 0 view .LVU1533
 4692 0000 0029     		cmp	r1, #0
 4693 0002 3AD0     		beq	.L301
2420:Drivers/STM32F7xx_HAL_Driver/Src/stm32f7xx_hal_eth.c ****   pFilterConfig->HashUnicast = ((READ_BIT(heth->Instance->MACFFR, ETH_MACFFR_HU) >> 1) > 0U) ? ENAB
 4694              		.loc 1 2420 3 is_stmt 1 view .LVU1534
2420:Drivers/STM32F7xx_HAL_Driver/Src/stm32f7xx_hal_eth.c ****   pFilterConfig->HashUnicast = ((READ_BIT(heth->Instance->MACFFR, ETH_MACFFR_HU) >> 1) > 0U) ? ENAB
 4695              		.loc 1 2420 38 is_stmt 0 view .LVU1535
 4696 0004 0268     		ldr	r2, [r0]
 4697 0006 5268     		ldr	r2, [r2, #4]
2420:Drivers/STM32F7xx_HAL_Driver/Src/stm32f7xx_hal_eth.c ****   pFilterConfig->HashUnicast = ((READ_BIT(heth->Instance->MACFFR, ETH_MACFFR_HU) >> 1) > 0U) ? ENAB
 4698              		.loc 1 2420 102 view .LVU1536
ARM GAS  /tmp/ccQ4qZLu.s 			page 178


 4699 0008 02F00102 		and	r2, r2, #1
2420:Drivers/STM32F7xx_HAL_Driver/Src/stm32f7xx_hal_eth.c ****   pFilterConfig->HashUnicast = ((READ_BIT(heth->Instance->MACFFR, ETH_MACFFR_HU) >> 1) > 0U) ? ENAB
 4700              		.loc 1 2420 34 view .LVU1537
 4701 000c 0A70     		strb	r2, [r1]
2421:Drivers/STM32F7xx_HAL_Driver/Src/stm32f7xx_hal_eth.c ****   pFilterConfig->HashMulticast = ((READ_BIT(heth->Instance->MACFFR, ETH_MACFFR_HM) >> 2) > 0U) ? EN
 4702              		.loc 1 2421 3 is_stmt 1 view .LVU1538
2421:Drivers/STM32F7xx_HAL_Driver/Src/stm32f7xx_hal_eth.c ****   pFilterConfig->HashMulticast = ((READ_BIT(heth->Instance->MACFFR, ETH_MACFFR_HM) >> 2) > 0U) ? EN
 4703              		.loc 1 2421 34 is_stmt 0 view .LVU1539
 4704 000e 0268     		ldr	r2, [r0]
 4705 0010 5268     		ldr	r2, [r2, #4]
2421:Drivers/STM32F7xx_HAL_Driver/Src/stm32f7xx_hal_eth.c ****   pFilterConfig->HashMulticast = ((READ_BIT(heth->Instance->MACFFR, ETH_MACFFR_HM) >> 2) > 0U) ? EN
 4706              		.loc 1 2421 103 view .LVU1540
 4707 0012 C2F34002 		ubfx	r2, r2, #1, #1
2421:Drivers/STM32F7xx_HAL_Driver/Src/stm32f7xx_hal_eth.c ****   pFilterConfig->HashMulticast = ((READ_BIT(heth->Instance->MACFFR, ETH_MACFFR_HM) >> 2) > 0U) ? EN
 4708              		.loc 1 2421 30 view .LVU1541
 4709 0016 CA70     		strb	r2, [r1, #3]
2422:Drivers/STM32F7xx_HAL_Driver/Src/stm32f7xx_hal_eth.c ****   pFilterConfig->DestAddrInverseFiltering = ((READ_BIT(heth->Instance->MACFFR,
 4710              		.loc 1 2422 3 is_stmt 1 view .LVU1542
2422:Drivers/STM32F7xx_HAL_Driver/Src/stm32f7xx_hal_eth.c ****   pFilterConfig->DestAddrInverseFiltering = ((READ_BIT(heth->Instance->MACFFR,
 4711              		.loc 1 2422 36 is_stmt 0 view .LVU1543
 4712 0018 0268     		ldr	r2, [r0]
 4713 001a 5268     		ldr	r2, [r2, #4]
2422:Drivers/STM32F7xx_HAL_Driver/Src/stm32f7xx_hal_eth.c ****   pFilterConfig->DestAddrInverseFiltering = ((READ_BIT(heth->Instance->MACFFR,
 4714              		.loc 1 2422 105 view .LVU1544
 4715 001c C2F38002 		ubfx	r2, r2, #2, #1
2422:Drivers/STM32F7xx_HAL_Driver/Src/stm32f7xx_hal_eth.c ****   pFilterConfig->DestAddrInverseFiltering = ((READ_BIT(heth->Instance->MACFFR,
 4716              		.loc 1 2422 32 view .LVU1545
 4717 0020 0A71     		strb	r2, [r1, #4]
2423:Drivers/STM32F7xx_HAL_Driver/Src/stm32f7xx_hal_eth.c ****                                                        ETH_MACFFR_DAIF) >> 3) > 0U) ? ENABLE : DISA
 4718              		.loc 1 2423 3 is_stmt 1 view .LVU1546
2423:Drivers/STM32F7xx_HAL_Driver/Src/stm32f7xx_hal_eth.c ****                                                        ETH_MACFFR_DAIF) >> 3) > 0U) ? ENABLE : DISA
 4719              		.loc 1 2423 47 is_stmt 0 view .LVU1547
 4720 0022 0268     		ldr	r2, [r0]
 4721 0024 5268     		ldr	r2, [r2, #4]
2424:Drivers/STM32F7xx_HAL_Driver/Src/stm32f7xx_hal_eth.c ****   pFilterConfig->PassAllMulticast = ((READ_BIT(heth->Instance->MACFFR, ETH_MACFFR_PAM) >> 4) > 0U) 
 4722              		.loc 1 2424 94 view .LVU1548
 4723 0026 C2F3C002 		ubfx	r2, r2, #3, #1
2423:Drivers/STM32F7xx_HAL_Driver/Src/stm32f7xx_hal_eth.c ****                                                        ETH_MACFFR_DAIF) >> 3) > 0U) ? ENABLE : DISA
 4724              		.loc 1 2423 43 view .LVU1549
 4725 002a 0A72     		strb	r2, [r1, #8]
2425:Drivers/STM32F7xx_HAL_Driver/Src/stm32f7xx_hal_eth.c ****   pFilterConfig->BroadcastFilter = ((READ_BIT(heth->Instance->MACFFR, ETH_MACFFR_BFD) >> 5) == 0U) 
 4726              		.loc 1 2425 3 is_stmt 1 view .LVU1550
2425:Drivers/STM32F7xx_HAL_Driver/Src/stm32f7xx_hal_eth.c ****   pFilterConfig->BroadcastFilter = ((READ_BIT(heth->Instance->MACFFR, ETH_MACFFR_BFD) >> 5) == 0U) 
 4727              		.loc 1 2425 39 is_stmt 0 view .LVU1551
 4728 002c 0268     		ldr	r2, [r0]
 4729 002e 5268     		ldr	r2, [r2, #4]
2425:Drivers/STM32F7xx_HAL_Driver/Src/stm32f7xx_hal_eth.c ****   pFilterConfig->BroadcastFilter = ((READ_BIT(heth->Instance->MACFFR, ETH_MACFFR_BFD) >> 5) == 0U) 
 4730              		.loc 1 2425 109 view .LVU1552
 4731 0030 C2F30012 		ubfx	r2, r2, #4, #1
2425:Drivers/STM32F7xx_HAL_Driver/Src/stm32f7xx_hal_eth.c ****   pFilterConfig->BroadcastFilter = ((READ_BIT(heth->Instance->MACFFR, ETH_MACFFR_BFD) >> 5) == 0U) 
 4732              		.loc 1 2425 35 view .LVU1553
 4733 0034 4A71     		strb	r2, [r1, #5]
2426:Drivers/STM32F7xx_HAL_Driver/Src/stm32f7xx_hal_eth.c ****   pFilterConfig->ControlPacketsFilter = READ_BIT(heth->Instance->MACFFR, ETH_MACFFR_PCF);
 4734              		.loc 1 2426 3 is_stmt 1 view .LVU1554
2426:Drivers/STM32F7xx_HAL_Driver/Src/stm32f7xx_hal_eth.c ****   pFilterConfig->ControlPacketsFilter = READ_BIT(heth->Instance->MACFFR, ETH_MACFFR_PCF);
 4735              		.loc 1 2426 38 is_stmt 0 view .LVU1555
 4736 0036 0268     		ldr	r2, [r0]
ARM GAS  /tmp/ccQ4qZLu.s 			page 179


 4737 0038 5268     		ldr	r2, [r2, #4]
2426:Drivers/STM32F7xx_HAL_Driver/Src/stm32f7xx_hal_eth.c ****   pFilterConfig->ControlPacketsFilter = READ_BIT(heth->Instance->MACFFR, ETH_MACFFR_PCF);
 4738              		.loc 1 2426 109 view .LVU1556
 4739 003a 12F0200F 		tst	r2, #32
 4740 003e 0CBF     		ite	eq
 4741 0040 0122     		moveq	r2, #1
 4742 0042 0022     		movne	r2, #0
2426:Drivers/STM32F7xx_HAL_Driver/Src/stm32f7xx_hal_eth.c ****   pFilterConfig->ControlPacketsFilter = READ_BIT(heth->Instance->MACFFR, ETH_MACFFR_PCF);
 4743              		.loc 1 2426 34 view .LVU1557
 4744 0044 4A72     		strb	r2, [r1, #9]
2427:Drivers/STM32F7xx_HAL_Driver/Src/stm32f7xx_hal_eth.c ****   pFilterConfig->SrcAddrInverseFiltering = ((READ_BIT(heth->Instance->MACFFR,
 4745              		.loc 1 2427 3 is_stmt 1 view .LVU1558
2427:Drivers/STM32F7xx_HAL_Driver/Src/stm32f7xx_hal_eth.c ****   pFilterConfig->SrcAddrInverseFiltering = ((READ_BIT(heth->Instance->MACFFR,
 4746              		.loc 1 2427 41 is_stmt 0 view .LVU1559
 4747 0046 0268     		ldr	r2, [r0]
 4748 0048 5268     		ldr	r2, [r2, #4]
 4749 004a 02F0C002 		and	r2, r2, #192
2427:Drivers/STM32F7xx_HAL_Driver/Src/stm32f7xx_hal_eth.c ****   pFilterConfig->SrcAddrInverseFiltering = ((READ_BIT(heth->Instance->MACFFR,
 4750              		.loc 1 2427 39 view .LVU1560
 4751 004e CA60     		str	r2, [r1, #12]
2428:Drivers/STM32F7xx_HAL_Driver/Src/stm32f7xx_hal_eth.c ****                                                       ETH_MACFFR_SAIF) >> 8) > 0U) ? ENABLE : DISAB
 4752              		.loc 1 2428 3 is_stmt 1 view .LVU1561
2428:Drivers/STM32F7xx_HAL_Driver/Src/stm32f7xx_hal_eth.c ****                                                       ETH_MACFFR_SAIF) >> 8) > 0U) ? ENABLE : DISAB
 4753              		.loc 1 2428 46 is_stmt 0 view .LVU1562
 4754 0050 0268     		ldr	r2, [r0]
 4755 0052 5268     		ldr	r2, [r2, #4]
2429:Drivers/STM32F7xx_HAL_Driver/Src/stm32f7xx_hal_eth.c ****   pFilterConfig->SrcAddrFiltering = ((READ_BIT(heth->Instance->MACFFR, ETH_MACFFR_SAF) >> 9) > 0U) 
 4756              		.loc 1 2429 93 view .LVU1563
 4757 0054 C2F30022 		ubfx	r2, r2, #8, #1
2428:Drivers/STM32F7xx_HAL_Driver/Src/stm32f7xx_hal_eth.c ****                                                       ETH_MACFFR_SAIF) >> 8) > 0U) ? ENABLE : DISAB
 4758              		.loc 1 2428 42 view .LVU1564
 4759 0058 CA71     		strb	r2, [r1, #7]
2430:Drivers/STM32F7xx_HAL_Driver/Src/stm32f7xx_hal_eth.c ****   pFilterConfig->HachOrPerfectFilter = ((READ_BIT(heth->Instance->MACFFR, ETH_MACFFR_HPF) >> 10) > 
 4760              		.loc 1 2430 3 is_stmt 1 view .LVU1565
2430:Drivers/STM32F7xx_HAL_Driver/Src/stm32f7xx_hal_eth.c ****   pFilterConfig->HachOrPerfectFilter = ((READ_BIT(heth->Instance->MACFFR, ETH_MACFFR_HPF) >> 10) > 
 4761              		.loc 1 2430 39 is_stmt 0 view .LVU1566
 4762 005a 0268     		ldr	r2, [r0]
 4763 005c 5268     		ldr	r2, [r2, #4]
2430:Drivers/STM32F7xx_HAL_Driver/Src/stm32f7xx_hal_eth.c ****   pFilterConfig->HachOrPerfectFilter = ((READ_BIT(heth->Instance->MACFFR, ETH_MACFFR_HPF) >> 10) > 
 4764              		.loc 1 2430 109 view .LVU1567
 4765 005e C2F34022 		ubfx	r2, r2, #9, #1
2430:Drivers/STM32F7xx_HAL_Driver/Src/stm32f7xx_hal_eth.c ****   pFilterConfig->HachOrPerfectFilter = ((READ_BIT(heth->Instance->MACFFR, ETH_MACFFR_HPF) >> 10) > 
 4766              		.loc 1 2430 35 view .LVU1568
 4767 0062 8A71     		strb	r2, [r1, #6]
2431:Drivers/STM32F7xx_HAL_Driver/Src/stm32f7xx_hal_eth.c ****                                        ? ENABLE : DISABLE;
 4768              		.loc 1 2431 3 is_stmt 1 view .LVU1569
2431:Drivers/STM32F7xx_HAL_Driver/Src/stm32f7xx_hal_eth.c ****                                        ? ENABLE : DISABLE;
 4769              		.loc 1 2431 42 is_stmt 0 view .LVU1570
 4770 0064 0268     		ldr	r2, [r0]
 4771 0066 5268     		ldr	r2, [r2, #4]
2432:Drivers/STM32F7xx_HAL_Driver/Src/stm32f7xx_hal_eth.c ****   pFilterConfig->ReceiveAllMode = ((READ_BIT(heth->Instance->MACFFR, ETH_MACFFR_RA) >> 31) > 0U) ? 
 4772              		.loc 1 2432 49 view .LVU1571
 4773 0068 C2F38022 		ubfx	r2, r2, #10, #1
2431:Drivers/STM32F7xx_HAL_Driver/Src/stm32f7xx_hal_eth.c ****                                        ? ENABLE : DISABLE;
 4774              		.loc 1 2431 38 view .LVU1572
 4775 006c 8A70     		strb	r2, [r1, #2]
2433:Drivers/STM32F7xx_HAL_Driver/Src/stm32f7xx_hal_eth.c **** 
ARM GAS  /tmp/ccQ4qZLu.s 			page 180


 4776              		.loc 1 2433 3 is_stmt 1 view .LVU1573
2433:Drivers/STM32F7xx_HAL_Driver/Src/stm32f7xx_hal_eth.c **** 
 4777              		.loc 1 2433 37 is_stmt 0 view .LVU1574
 4778 006e 0268     		ldr	r2, [r0]
 4779 0070 5268     		ldr	r2, [r2, #4]
2433:Drivers/STM32F7xx_HAL_Driver/Src/stm32f7xx_hal_eth.c **** 
 4780              		.loc 1 2433 107 view .LVU1575
 4781 0072 D20F     		lsrs	r2, r2, #31
2433:Drivers/STM32F7xx_HAL_Driver/Src/stm32f7xx_hal_eth.c **** 
 4782              		.loc 1 2433 33 view .LVU1576
 4783 0074 4A70     		strb	r2, [r1, #1]
2435:Drivers/STM32F7xx_HAL_Driver/Src/stm32f7xx_hal_eth.c **** }
 4784              		.loc 1 2435 3 is_stmt 1 view .LVU1577
2435:Drivers/STM32F7xx_HAL_Driver/Src/stm32f7xx_hal_eth.c **** }
 4785              		.loc 1 2435 10 is_stmt 0 view .LVU1578
 4786 0076 0020     		movs	r0, #0
 4787              	.LVL338:
2435:Drivers/STM32F7xx_HAL_Driver/Src/stm32f7xx_hal_eth.c **** }
 4788              		.loc 1 2435 10 view .LVU1579
 4789 0078 7047     		bx	lr
 4790              	.LVL339:
 4791              	.L301:
2417:Drivers/STM32F7xx_HAL_Driver/Src/stm32f7xx_hal_eth.c ****   }
 4792              		.loc 1 2417 12 view .LVU1580
 4793 007a 0120     		movs	r0, #1
 4794              	.LVL340:
2436:Drivers/STM32F7xx_HAL_Driver/Src/stm32f7xx_hal_eth.c **** 
 4795              		.loc 1 2436 1 view .LVU1581
 4796 007c 7047     		bx	lr
 4797              		.cfi_endproc
 4798              	.LFE178:
 4800              		.section	.text.HAL_ETH_SetSourceMACAddrMatch,"ax",%progbits
 4801              		.align	1
 4802              		.global	HAL_ETH_SetSourceMACAddrMatch
 4803              		.syntax unified
 4804              		.thumb
 4805              		.thumb_func
 4807              	HAL_ETH_SetSourceMACAddrMatch:
 4808              	.LVL341:
 4809              	.LFB179:
2451:Drivers/STM32F7xx_HAL_Driver/Src/stm32f7xx_hal_eth.c ****   uint32_t macaddrlr;
 4810              		.loc 1 2451 1 is_stmt 1 view -0
 4811              		.cfi_startproc
 4812              		@ args = 0, pretend = 0, frame = 0
 4813              		@ frame_needed = 0, uses_anonymous_args = 0
2452:Drivers/STM32F7xx_HAL_Driver/Src/stm32f7xx_hal_eth.c ****   uint32_t macaddrhr;
 4814              		.loc 1 2452 3 view .LVU1583
2453:Drivers/STM32F7xx_HAL_Driver/Src/stm32f7xx_hal_eth.c **** 
 4815              		.loc 1 2453 3 view .LVU1584
2455:Drivers/STM32F7xx_HAL_Driver/Src/stm32f7xx_hal_eth.c ****   {
 4816              		.loc 1 2455 3 view .LVU1585
2455:Drivers/STM32F7xx_HAL_Driver/Src/stm32f7xx_hal_eth.c ****   {
 4817              		.loc 1 2455 6 is_stmt 0 view .LVU1586
 4818 0000 1AB3     		cbz	r2, .L304
2451:Drivers/STM32F7xx_HAL_Driver/Src/stm32f7xx_hal_eth.c ****   uint32_t macaddrlr;
 4819              		.loc 1 2451 1 view .LVU1587
 4820 0002 00B5     		push	{lr}
ARM GAS  /tmp/ccQ4qZLu.s 			page 181


 4821              	.LCFI38:
 4822              		.cfi_def_cfa_offset 4
 4823              		.cfi_offset 14, -4
 4824 0004 9446     		mov	ip, r2
2461:Drivers/STM32F7xx_HAL_Driver/Src/stm32f7xx_hal_eth.c ****   /* Get mac addr low reg offset */
 4825              		.loc 1 2461 3 is_stmt 1 view .LVU1588
2461:Drivers/STM32F7xx_HAL_Driver/Src/stm32f7xx_hal_eth.c ****   /* Get mac addr low reg offset */
 4826              		.loc 1 2461 33 is_stmt 0 view .LVU1589
 4827 0006 0268     		ldr	r2, [r0]
 4828              	.LVL342:
2461:Drivers/STM32F7xx_HAL_Driver/Src/stm32f7xx_hal_eth.c ****   /* Get mac addr low reg offset */
 4829              		.loc 1 2461 27 view .LVU1590
 4830 0008 02F14000 		add	r0, r2, #64
 4831              	.LVL343:
2463:Drivers/STM32F7xx_HAL_Driver/Src/stm32f7xx_hal_eth.c **** 
 4832              		.loc 1 2463 3 is_stmt 1 view .LVU1591
2463:Drivers/STM32F7xx_HAL_Driver/Src/stm32f7xx_hal_eth.c **** 
 4833              		.loc 1 2463 27 is_stmt 0 view .LVU1592
 4834 000c 4432     		adds	r2, r2, #68
 4835              	.LVL344:
2466:Drivers/STM32F7xx_HAL_Driver/Src/stm32f7xx_hal_eth.c ****   /* Set MAC addr bits 0 to 31 */
 4836              		.loc 1 2466 3 is_stmt 1 view .LVU1593
2466:Drivers/STM32F7xx_HAL_Driver/Src/stm32f7xx_hal_eth.c ****   /* Set MAC addr bits 0 to 31 */
 4837              		.loc 1 2466 56 is_stmt 0 view .LVU1594
 4838 000e 9CF805E0 		ldrb	lr, [ip, #5]	@ zero_extendqisi2
2466:Drivers/STM32F7xx_HAL_Driver/Src/stm32f7xx_hal_eth.c ****   /* Set MAC addr bits 0 to 31 */
 4839              		.loc 1 2466 87 view .LVU1595
 4840 0012 9CF80430 		ldrb	r3, [ip, #4]	@ zero_extendqisi2
2466:Drivers/STM32F7xx_HAL_Driver/Src/stm32f7xx_hal_eth.c ****   /* Set MAC addr bits 0 to 31 */
 4841              		.loc 1 2466 67 view .LVU1596
 4842 0016 43EA0E23 		orr	r3, r3, lr, lsl #8
2466:Drivers/STM32F7xx_HAL_Driver/Src/stm32f7xx_hal_eth.c ****   /* Set MAC addr bits 0 to 31 */
 4843              		.loc 1 2466 33 view .LVU1597
 4844 001a 4350     		str	r3, [r0, r1]
2468:Drivers/STM32F7xx_HAL_Driver/Src/stm32f7xx_hal_eth.c ****                                    ((uint32_t)(pMACAddr[1]) << 8) | (uint32_t)pMACAddr[0]);
 4845              		.loc 1 2468 3 is_stmt 1 view .LVU1598
2468:Drivers/STM32F7xx_HAL_Driver/Src/stm32f7xx_hal_eth.c ****                                    ((uint32_t)(pMACAddr[1]) << 8) | (uint32_t)pMACAddr[0]);
 4846              		.loc 1 2468 56 is_stmt 0 view .LVU1599
 4847 001c 9CF803E0 		ldrb	lr, [ip, #3]	@ zero_extendqisi2
2468:Drivers/STM32F7xx_HAL_Driver/Src/stm32f7xx_hal_eth.c ****                                    ((uint32_t)(pMACAddr[1]) << 8) | (uint32_t)pMACAddr[0]);
 4848              		.loc 1 2468 90 view .LVU1600
 4849 0020 9CF80230 		ldrb	r3, [ip, #2]	@ zero_extendqisi2
2468:Drivers/STM32F7xx_HAL_Driver/Src/stm32f7xx_hal_eth.c ****                                    ((uint32_t)(pMACAddr[1]) << 8) | (uint32_t)pMACAddr[0]);
 4850              		.loc 1 2468 95 view .LVU1601
 4851 0024 1B04     		lsls	r3, r3, #16
2468:Drivers/STM32F7xx_HAL_Driver/Src/stm32f7xx_hal_eth.c ****                                    ((uint32_t)(pMACAddr[1]) << 8) | (uint32_t)pMACAddr[0]);
 4852              		.loc 1 2468 68 view .LVU1602
 4853 0026 43EA0E63 		orr	r3, r3, lr, lsl #24
2469:Drivers/STM32F7xx_HAL_Driver/Src/stm32f7xx_hal_eth.c **** 
 4854              		.loc 1 2469 56 view .LVU1603
 4855 002a 9CF801E0 		ldrb	lr, [ip, #1]	@ zero_extendqisi2
2468:Drivers/STM32F7xx_HAL_Driver/Src/stm32f7xx_hal_eth.c ****                                    ((uint32_t)(pMACAddr[1]) << 8) | (uint32_t)pMACAddr[0]);
 4856              		.loc 1 2468 102 view .LVU1604
 4857 002e 43EA0E23 		orr	r3, r3, lr, lsl #8
2469:Drivers/STM32F7xx_HAL_Driver/Src/stm32f7xx_hal_eth.c **** 
 4858              		.loc 1 2469 87 view .LVU1605
 4859 0032 9CF800C0 		ldrb	ip, [ip]	@ zero_extendqisi2
ARM GAS  /tmp/ccQ4qZLu.s 			page 182


 4860              	.LVL345:
2469:Drivers/STM32F7xx_HAL_Driver/Src/stm32f7xx_hal_eth.c **** 
 4861              		.loc 1 2469 67 view .LVU1606
 4862 0036 43EA0C03 		orr	r3, r3, ip
2468:Drivers/STM32F7xx_HAL_Driver/Src/stm32f7xx_hal_eth.c ****                                    ((uint32_t)(pMACAddr[1]) << 8) | (uint32_t)pMACAddr[0]);
 4863              		.loc 1 2468 33 view .LVU1607
 4864 003a 5350     		str	r3, [r2, r1]
2472:Drivers/STM32F7xx_HAL_Driver/Src/stm32f7xx_hal_eth.c **** 
 4865              		.loc 1 2472 3 is_stmt 1 view .LVU1608
2472:Drivers/STM32F7xx_HAL_Driver/Src/stm32f7xx_hal_eth.c **** 
 4866              		.loc 1 2472 4 is_stmt 0 view .LVU1609
 4867 003c 4358     		ldr	r3, [r0, r1]
2472:Drivers/STM32F7xx_HAL_Driver/Src/stm32f7xx_hal_eth.c **** 
 4868              		.loc 1 2472 33 view .LVU1610
 4869 003e 43F04043 		orr	r3, r3, #-1073741824
 4870 0042 4350     		str	r3, [r0, r1]
2474:Drivers/STM32F7xx_HAL_Driver/Src/stm32f7xx_hal_eth.c **** }
 4871              		.loc 1 2474 3 is_stmt 1 view .LVU1611
2474:Drivers/STM32F7xx_HAL_Driver/Src/stm32f7xx_hal_eth.c **** }
 4872              		.loc 1 2474 10 is_stmt 0 view .LVU1612
 4873 0044 0020     		movs	r0, #0
 4874              	.LVL346:
2475:Drivers/STM32F7xx_HAL_Driver/Src/stm32f7xx_hal_eth.c **** 
 4875              		.loc 1 2475 1 view .LVU1613
 4876 0046 5DF804FB 		ldr	pc, [sp], #4
 4877              	.LVL347:
 4878              	.L304:
 4879              	.LCFI39:
 4880              		.cfi_def_cfa_offset 0
 4881              		.cfi_restore 14
2457:Drivers/STM32F7xx_HAL_Driver/Src/stm32f7xx_hal_eth.c ****   }
 4882              		.loc 1 2457 12 view .LVU1614
 4883 004a 0120     		movs	r0, #1
 4884              	.LVL348:
2475:Drivers/STM32F7xx_HAL_Driver/Src/stm32f7xx_hal_eth.c **** 
 4885              		.loc 1 2475 1 view .LVU1615
 4886 004c 7047     		bx	lr
 4887              		.cfi_endproc
 4888              	.LFE179:
 4890              		.section	.text.HAL_ETH_SetHashTable,"ax",%progbits
 4891              		.align	1
 4892              		.global	HAL_ETH_SetHashTable
 4893              		.syntax unified
 4894              		.thumb
 4895              		.thumb_func
 4897              	HAL_ETH_SetHashTable:
 4898              	.LVL349:
 4899              	.LFB180:
2486:Drivers/STM32F7xx_HAL_Driver/Src/stm32f7xx_hal_eth.c ****   uint32_t tmpreg1;
 4900              		.loc 1 2486 1 is_stmt 1 view -0
 4901              		.cfi_startproc
 4902              		@ args = 0, pretend = 0, frame = 0
 4903              		@ frame_needed = 0, uses_anonymous_args = 0
2487:Drivers/STM32F7xx_HAL_Driver/Src/stm32f7xx_hal_eth.c ****   if (pHashTable == NULL)
 4904              		.loc 1 2487 3 view .LVU1617
2488:Drivers/STM32F7xx_HAL_Driver/Src/stm32f7xx_hal_eth.c ****   {
 4905              		.loc 1 2488 3 view .LVU1618
ARM GAS  /tmp/ccQ4qZLu.s 			page 183


2488:Drivers/STM32F7xx_HAL_Driver/Src/stm32f7xx_hal_eth.c ****   {
 4906              		.loc 1 2488 6 is_stmt 0 view .LVU1619
 4907 0000 C1B1     		cbz	r1, .L311
2486:Drivers/STM32F7xx_HAL_Driver/Src/stm32f7xx_hal_eth.c ****   uint32_t tmpreg1;
 4908              		.loc 1 2486 1 view .LVU1620
 4909 0002 70B5     		push	{r4, r5, r6, lr}
 4910              	.LCFI40:
 4911              		.cfi_def_cfa_offset 16
 4912              		.cfi_offset 4, -16
 4913              		.cfi_offset 5, -12
 4914              		.cfi_offset 6, -8
 4915              		.cfi_offset 14, -4
 4916 0004 0446     		mov	r4, r0
 4917 0006 0D46     		mov	r5, r1
2493:Drivers/STM32F7xx_HAL_Driver/Src/stm32f7xx_hal_eth.c **** 
 4918              		.loc 1 2493 3 is_stmt 1 view .LVU1621
2493:Drivers/STM32F7xx_HAL_Driver/Src/stm32f7xx_hal_eth.c **** 
 4919              		.loc 1 2493 7 is_stmt 0 view .LVU1622
 4920 0008 0368     		ldr	r3, [r0]
2493:Drivers/STM32F7xx_HAL_Driver/Src/stm32f7xx_hal_eth.c **** 
 4921              		.loc 1 2493 39 view .LVU1623
 4922 000a 0A68     		ldr	r2, [r1]
2493:Drivers/STM32F7xx_HAL_Driver/Src/stm32f7xx_hal_eth.c **** 
 4923              		.loc 1 2493 27 view .LVU1624
 4924 000c 9A60     		str	r2, [r3, #8]
2497:Drivers/STM32F7xx_HAL_Driver/Src/stm32f7xx_hal_eth.c ****   HAL_Delay(ETH_REG_WRITE_DELAY);
 4925              		.loc 1 2497 3 is_stmt 1 view .LVU1625
2497:Drivers/STM32F7xx_HAL_Driver/Src/stm32f7xx_hal_eth.c ****   HAL_Delay(ETH_REG_WRITE_DELAY);
 4926              		.loc 1 2497 18 is_stmt 0 view .LVU1626
 4927 000e 0368     		ldr	r3, [r0]
2497:Drivers/STM32F7xx_HAL_Driver/Src/stm32f7xx_hal_eth.c ****   HAL_Delay(ETH_REG_WRITE_DELAY);
 4928              		.loc 1 2497 11 view .LVU1627
 4929 0010 9E68     		ldr	r6, [r3, #8]
 4930              	.LVL350:
2498:Drivers/STM32F7xx_HAL_Driver/Src/stm32f7xx_hal_eth.c ****   (heth->Instance)->MACHTHR = tmpreg1;
 4931              		.loc 1 2498 3 is_stmt 1 view .LVU1628
 4932 0012 0120     		movs	r0, #1
 4933              	.LVL351:
2498:Drivers/STM32F7xx_HAL_Driver/Src/stm32f7xx_hal_eth.c ****   (heth->Instance)->MACHTHR = tmpreg1;
 4934              		.loc 1 2498 3 is_stmt 0 view .LVU1629
 4935 0014 FFF7FEFF 		bl	HAL_Delay
 4936              	.LVL352:
2499:Drivers/STM32F7xx_HAL_Driver/Src/stm32f7xx_hal_eth.c **** 
 4937              		.loc 1 2499 3 is_stmt 1 view .LVU1630
2499:Drivers/STM32F7xx_HAL_Driver/Src/stm32f7xx_hal_eth.c **** 
 4938              		.loc 1 2499 8 is_stmt 0 view .LVU1631
 4939 0018 2368     		ldr	r3, [r4]
2499:Drivers/STM32F7xx_HAL_Driver/Src/stm32f7xx_hal_eth.c **** 
 4940              		.loc 1 2499 29 view .LVU1632
 4941 001a 9E60     		str	r6, [r3, #8]
2501:Drivers/STM32F7xx_HAL_Driver/Src/stm32f7xx_hal_eth.c **** 
 4942              		.loc 1 2501 3 is_stmt 1 view .LVU1633
2501:Drivers/STM32F7xx_HAL_Driver/Src/stm32f7xx_hal_eth.c **** 
 4943              		.loc 1 2501 7 is_stmt 0 view .LVU1634
 4944 001c 2368     		ldr	r3, [r4]
2501:Drivers/STM32F7xx_HAL_Driver/Src/stm32f7xx_hal_eth.c **** 
 4945              		.loc 1 2501 27 view .LVU1635
ARM GAS  /tmp/ccQ4qZLu.s 			page 184


 4946 001e 6A68     		ldr	r2, [r5, #4]
 4947 0020 DA60     		str	r2, [r3, #12]
2505:Drivers/STM32F7xx_HAL_Driver/Src/stm32f7xx_hal_eth.c ****   HAL_Delay(ETH_REG_WRITE_DELAY);
 4948              		.loc 1 2505 3 is_stmt 1 view .LVU1636
2505:Drivers/STM32F7xx_HAL_Driver/Src/stm32f7xx_hal_eth.c ****   HAL_Delay(ETH_REG_WRITE_DELAY);
 4949              		.loc 1 2505 18 is_stmt 0 view .LVU1637
 4950 0022 2368     		ldr	r3, [r4]
2505:Drivers/STM32F7xx_HAL_Driver/Src/stm32f7xx_hal_eth.c ****   HAL_Delay(ETH_REG_WRITE_DELAY);
 4951              		.loc 1 2505 11 view .LVU1638
 4952 0024 DD68     		ldr	r5, [r3, #12]
 4953              	.LVL353:
2506:Drivers/STM32F7xx_HAL_Driver/Src/stm32f7xx_hal_eth.c ****   (heth->Instance)->MACHTLR = tmpreg1;
 4954              		.loc 1 2506 3 is_stmt 1 view .LVU1639
 4955 0026 0120     		movs	r0, #1
 4956 0028 FFF7FEFF 		bl	HAL_Delay
 4957              	.LVL354:
2507:Drivers/STM32F7xx_HAL_Driver/Src/stm32f7xx_hal_eth.c **** 
 4958              		.loc 1 2507 3 view .LVU1640
2507:Drivers/STM32F7xx_HAL_Driver/Src/stm32f7xx_hal_eth.c **** 
 4959              		.loc 1 2507 8 is_stmt 0 view .LVU1641
 4960 002c 2368     		ldr	r3, [r4]
2507:Drivers/STM32F7xx_HAL_Driver/Src/stm32f7xx_hal_eth.c **** 
 4961              		.loc 1 2507 29 view .LVU1642
 4962 002e DD60     		str	r5, [r3, #12]
2509:Drivers/STM32F7xx_HAL_Driver/Src/stm32f7xx_hal_eth.c **** }
 4963              		.loc 1 2509 3 is_stmt 1 view .LVU1643
2509:Drivers/STM32F7xx_HAL_Driver/Src/stm32f7xx_hal_eth.c **** }
 4964              		.loc 1 2509 10 is_stmt 0 view .LVU1644
 4965 0030 0020     		movs	r0, #0
2510:Drivers/STM32F7xx_HAL_Driver/Src/stm32f7xx_hal_eth.c **** 
 4966              		.loc 1 2510 1 view .LVU1645
 4967 0032 70BD     		pop	{r4, r5, r6, pc}
 4968              	.LVL355:
 4969              	.L311:
 4970              	.LCFI41:
 4971              		.cfi_def_cfa_offset 0
 4972              		.cfi_restore 4
 4973              		.cfi_restore 5
 4974              		.cfi_restore 6
 4975              		.cfi_restore 14
2490:Drivers/STM32F7xx_HAL_Driver/Src/stm32f7xx_hal_eth.c ****   }
 4976              		.loc 1 2490 12 view .LVU1646
 4977 0034 0120     		movs	r0, #1
 4978              	.LVL356:
2510:Drivers/STM32F7xx_HAL_Driver/Src/stm32f7xx_hal_eth.c **** 
 4979              		.loc 1 2510 1 view .LVU1647
 4980 0036 7047     		bx	lr
 4981              		.cfi_endproc
 4982              	.LFE180:
 4984              		.section	.text.HAL_ETH_SetRxVLANIdentifier,"ax",%progbits
 4985              		.align	1
 4986              		.global	HAL_ETH_SetRxVLANIdentifier
 4987              		.syntax unified
 4988              		.thumb
 4989              		.thumb_func
 4991              	HAL_ETH_SetRxVLANIdentifier:
 4992              	.LVL357:
ARM GAS  /tmp/ccQ4qZLu.s 			page 185


 4993              	.LFB181:
2522:Drivers/STM32F7xx_HAL_Driver/Src/stm32f7xx_hal_eth.c ****   uint32_t tmpreg1;
 4994              		.loc 1 2522 1 is_stmt 1 view -0
 4995              		.cfi_startproc
 4996              		@ args = 0, pretend = 0, frame = 0
 4997              		@ frame_needed = 0, uses_anonymous_args = 0
2522:Drivers/STM32F7xx_HAL_Driver/Src/stm32f7xx_hal_eth.c ****   uint32_t tmpreg1;
 4998              		.loc 1 2522 1 is_stmt 0 view .LVU1649
 4999 0000 38B5     		push	{r3, r4, r5, lr}
 5000              	.LCFI42:
 5001              		.cfi_def_cfa_offset 16
 5002              		.cfi_offset 3, -16
 5003              		.cfi_offset 4, -12
 5004              		.cfi_offset 5, -8
 5005              		.cfi_offset 14, -4
 5006 0002 0446     		mov	r4, r0
2523:Drivers/STM32F7xx_HAL_Driver/Src/stm32f7xx_hal_eth.c ****   MODIFY_REG(heth->Instance->MACVLANTR, ETH_MACVLANTR_VLANTI, VLANIdentifier);
 5007              		.loc 1 2523 3 is_stmt 1 view .LVU1650
2524:Drivers/STM32F7xx_HAL_Driver/Src/stm32f7xx_hal_eth.c ****   if (ComparisonBits == ETH_VLANTAGCOMPARISON_16BIT)
 5008              		.loc 1 2524 3 view .LVU1651
 5009 0004 0068     		ldr	r0, [r0]
 5010              	.LVL358:
2524:Drivers/STM32F7xx_HAL_Driver/Src/stm32f7xx_hal_eth.c ****   if (ComparisonBits == ETH_VLANTAGCOMPARISON_16BIT)
 5011              		.loc 1 2524 3 is_stmt 0 view .LVU1652
 5012 0006 C569     		ldr	r5, [r0, #28]
 5013 0008 0B4B     		ldr	r3, .L320
 5014 000a 2B40     		ands	r3, r3, r5
 5015 000c 1343     		orrs	r3, r3, r2
 5016 000e C361     		str	r3, [r0, #28]
2525:Drivers/STM32F7xx_HAL_Driver/Src/stm32f7xx_hal_eth.c ****   {
 5017              		.loc 1 2525 3 is_stmt 1 view .LVU1653
2525:Drivers/STM32F7xx_HAL_Driver/Src/stm32f7xx_hal_eth.c ****   {
 5018              		.loc 1 2525 6 is_stmt 0 view .LVU1654
 5019 0010 61B9     		cbnz	r1, .L317
2527:Drivers/STM32F7xx_HAL_Driver/Src/stm32f7xx_hal_eth.c ****   }
 5020              		.loc 1 2527 5 is_stmt 1 view .LVU1655
 5021 0012 2268     		ldr	r2, [r4]
 5022              	.LVL359:
2527:Drivers/STM32F7xx_HAL_Driver/Src/stm32f7xx_hal_eth.c ****   }
 5023              		.loc 1 2527 5 is_stmt 0 view .LVU1656
 5024 0014 D369     		ldr	r3, [r2, #28]
 5025 0016 23F48033 		bic	r3, r3, #65536
 5026 001a D361     		str	r3, [r2, #28]
 5027              	.L318:
2536:Drivers/STM32F7xx_HAL_Driver/Src/stm32f7xx_hal_eth.c ****   HAL_Delay(ETH_REG_WRITE_DELAY);
 5028              		.loc 1 2536 3 is_stmt 1 view .LVU1657
2536:Drivers/STM32F7xx_HAL_Driver/Src/stm32f7xx_hal_eth.c ****   HAL_Delay(ETH_REG_WRITE_DELAY);
 5029              		.loc 1 2536 18 is_stmt 0 view .LVU1658
 5030 001c 2368     		ldr	r3, [r4]
2536:Drivers/STM32F7xx_HAL_Driver/Src/stm32f7xx_hal_eth.c ****   HAL_Delay(ETH_REG_WRITE_DELAY);
 5031              		.loc 1 2536 11 view .LVU1659
 5032 001e DD69     		ldr	r5, [r3, #28]
 5033              	.LVL360:
2537:Drivers/STM32F7xx_HAL_Driver/Src/stm32f7xx_hal_eth.c ****   (heth->Instance)->MACVLANTR = tmpreg1;
 5034              		.loc 1 2537 3 is_stmt 1 view .LVU1660
 5035 0020 0120     		movs	r0, #1
 5036 0022 FFF7FEFF 		bl	HAL_Delay
ARM GAS  /tmp/ccQ4qZLu.s 			page 186


 5037              	.LVL361:
2538:Drivers/STM32F7xx_HAL_Driver/Src/stm32f7xx_hal_eth.c **** }
 5038              		.loc 1 2538 3 view .LVU1661
2538:Drivers/STM32F7xx_HAL_Driver/Src/stm32f7xx_hal_eth.c **** }
 5039              		.loc 1 2538 8 is_stmt 0 view .LVU1662
 5040 0026 2368     		ldr	r3, [r4]
2538:Drivers/STM32F7xx_HAL_Driver/Src/stm32f7xx_hal_eth.c **** }
 5041              		.loc 1 2538 31 view .LVU1663
 5042 0028 DD61     		str	r5, [r3, #28]
2539:Drivers/STM32F7xx_HAL_Driver/Src/stm32f7xx_hal_eth.c **** 
 5043              		.loc 1 2539 1 view .LVU1664
 5044 002a 38BD     		pop	{r3, r4, r5, pc}
 5045              	.LVL362:
 5046              	.L317:
2531:Drivers/STM32F7xx_HAL_Driver/Src/stm32f7xx_hal_eth.c ****   }
 5047              		.loc 1 2531 5 is_stmt 1 view .LVU1665
 5048 002c 2268     		ldr	r2, [r4]
 5049              	.LVL363:
2531:Drivers/STM32F7xx_HAL_Driver/Src/stm32f7xx_hal_eth.c ****   }
 5050              		.loc 1 2531 5 is_stmt 0 view .LVU1666
 5051 002e D369     		ldr	r3, [r2, #28]
 5052 0030 43F48033 		orr	r3, r3, #65536
 5053 0034 D361     		str	r3, [r2, #28]
 5054 0036 F1E7     		b	.L318
 5055              	.L321:
 5056              		.align	2
 5057              	.L320:
 5058 0038 0000FFFF 		.word	-65536
 5059              		.cfi_endproc
 5060              	.LFE181:
 5062              		.section	.text.HAL_ETH_EnterPowerDownMode,"ax",%progbits
 5063              		.align	1
 5064              		.global	HAL_ETH_EnterPowerDownMode
 5065              		.syntax unified
 5066              		.thumb
 5067              		.thumb_func
 5069              	HAL_ETH_EnterPowerDownMode:
 5070              	.LVL364:
 5071              	.LFB182:
2550:Drivers/STM32F7xx_HAL_Driver/Src/stm32f7xx_hal_eth.c ****   uint32_t powerdownconfig;
 5072              		.loc 1 2550 1 is_stmt 1 view -0
 5073              		.cfi_startproc
 5074              		@ args = 0, pretend = 0, frame = 0
 5075              		@ frame_needed = 0, uses_anonymous_args = 0
 5076              		@ link register save eliminated.
2551:Drivers/STM32F7xx_HAL_Driver/Src/stm32f7xx_hal_eth.c **** 
 5077              		.loc 1 2551 3 view .LVU1668
2553:Drivers/STM32F7xx_HAL_Driver/Src/stm32f7xx_hal_eth.c ****                      ((uint32_t)pPowerDownConfig->WakeUpPacket << ETH_MACPMTCSR_WFE_Pos) |
 5078              		.loc 1 2553 3 view .LVU1669
2553:Drivers/STM32F7xx_HAL_Driver/Src/stm32f7xx_hal_eth.c ****                      ((uint32_t)pPowerDownConfig->WakeUpPacket << ETH_MACPMTCSR_WFE_Pos) |
 5079              		.loc 1 2553 49 is_stmt 0 view .LVU1670
 5080 0000 4A78     		ldrb	r2, [r1, #1]	@ zero_extendqisi2
2554:Drivers/STM32F7xx_HAL_Driver/Src/stm32f7xx_hal_eth.c ****                      ((uint32_t)pPowerDownConfig->GlobalUnicast << ETH_MACPMTCSR_GU_Pos) |
 5081              		.loc 1 2554 49 view .LVU1671
 5082 0002 0B78     		ldrb	r3, [r1]	@ zero_extendqisi2
2554:Drivers/STM32F7xx_HAL_Driver/Src/stm32f7xx_hal_eth.c ****                      ((uint32_t)pPowerDownConfig->GlobalUnicast << ETH_MACPMTCSR_GU_Pos) |
 5083              		.loc 1 2554 64 view .LVU1672
ARM GAS  /tmp/ccQ4qZLu.s 			page 187


 5084 0004 9B00     		lsls	r3, r3, #2
2553:Drivers/STM32F7xx_HAL_Driver/Src/stm32f7xx_hal_eth.c ****                      ((uint32_t)pPowerDownConfig->WakeUpPacket << ETH_MACPMTCSR_WFE_Pos) |
 5085              		.loc 1 2553 89 view .LVU1673
 5086 0006 43EA4203 		orr	r3, r3, r2, lsl #1
2555:Drivers/STM32F7xx_HAL_Driver/Src/stm32f7xx_hal_eth.c ****                      ETH_MACPMTCSR_PD);
 5087              		.loc 1 2555 49 view .LVU1674
 5088 000a 8A78     		ldrb	r2, [r1, #2]	@ zero_extendqisi2
2554:Drivers/STM32F7xx_HAL_Driver/Src/stm32f7xx_hal_eth.c ****                      ((uint32_t)pPowerDownConfig->GlobalUnicast << ETH_MACPMTCSR_GU_Pos) |
 5089              		.loc 1 2554 90 view .LVU1675
 5090 000c 43EA4223 		orr	r3, r3, r2, lsl #9
2553:Drivers/STM32F7xx_HAL_Driver/Src/stm32f7xx_hal_eth.c ****                      ((uint32_t)pPowerDownConfig->WakeUpPacket << ETH_MACPMTCSR_WFE_Pos) |
 5091              		.loc 1 2553 19 view .LVU1676
 5092 0010 43F00103 		orr	r3, r3, #1
 5093              	.LVL365:
2558:Drivers/STM32F7xx_HAL_Driver/Src/stm32f7xx_hal_eth.c **** }
 5094              		.loc 1 2558 3 is_stmt 1 view .LVU1677
 5095 0014 0168     		ldr	r1, [r0]
 5096              	.LVL366:
2558:Drivers/STM32F7xx_HAL_Driver/Src/stm32f7xx_hal_eth.c **** }
 5097              		.loc 1 2558 3 is_stmt 0 view .LVU1678
 5098 0016 C86A     		ldr	r0, [r1, #44]
 5099              	.LVL367:
2558:Drivers/STM32F7xx_HAL_Driver/Src/stm32f7xx_hal_eth.c **** }
 5100              		.loc 1 2558 3 view .LVU1679
 5101 0018 024A     		ldr	r2, .L323
 5102 001a 0240     		ands	r2, r2, r0
 5103 001c 1A43     		orrs	r2, r2, r3
 5104 001e CA62     		str	r2, [r1, #44]
2559:Drivers/STM32F7xx_HAL_Driver/Src/stm32f7xx_hal_eth.c **** 
 5105              		.loc 1 2559 1 view .LVU1680
 5106 0020 7047     		bx	lr
 5107              	.L324:
 5108 0022 00BF     		.align	2
 5109              	.L323:
 5110 0024 F8FDFFFF 		.word	-520
 5111              		.cfi_endproc
 5112              	.LFE182:
 5114              		.section	.text.HAL_ETH_ExitPowerDownMode,"ax",%progbits
 5115              		.align	1
 5116              		.global	HAL_ETH_ExitPowerDownMode
 5117              		.syntax unified
 5118              		.thumb
 5119              		.thumb_func
 5121              	HAL_ETH_ExitPowerDownMode:
 5122              	.LVL368:
 5123              	.LFB183:
2568:Drivers/STM32F7xx_HAL_Driver/Src/stm32f7xx_hal_eth.c ****   uint32_t tmpreg1;
 5124              		.loc 1 2568 1 is_stmt 1 view -0
 5125              		.cfi_startproc
 5126              		@ args = 0, pretend = 0, frame = 0
 5127              		@ frame_needed = 0, uses_anonymous_args = 0
2568:Drivers/STM32F7xx_HAL_Driver/Src/stm32f7xx_hal_eth.c ****   uint32_t tmpreg1;
 5128              		.loc 1 2568 1 is_stmt 0 view .LVU1682
 5129 0000 38B5     		push	{r3, r4, r5, lr}
 5130              	.LCFI43:
 5131              		.cfi_def_cfa_offset 16
 5132              		.cfi_offset 3, -16
ARM GAS  /tmp/ccQ4qZLu.s 			page 188


 5133              		.cfi_offset 4, -12
 5134              		.cfi_offset 5, -8
 5135              		.cfi_offset 14, -4
 5136 0002 0446     		mov	r4, r0
2569:Drivers/STM32F7xx_HAL_Driver/Src/stm32f7xx_hal_eth.c **** 
 5137              		.loc 1 2569 3 is_stmt 1 view .LVU1683
2572:Drivers/STM32F7xx_HAL_Driver/Src/stm32f7xx_hal_eth.c **** 
 5138              		.loc 1 2572 3 view .LVU1684
 5139 0004 0268     		ldr	r2, [r0]
 5140 0006 D16A     		ldr	r1, [r2, #44]
 5141 0008 104B     		ldr	r3, .L329
 5142 000a 0B40     		ands	r3, r3, r1
 5143 000c D362     		str	r3, [r2, #44]
2576:Drivers/STM32F7xx_HAL_Driver/Src/stm32f7xx_hal_eth.c ****   HAL_Delay(ETH_REG_WRITE_DELAY);
 5144              		.loc 1 2576 3 view .LVU1685
2576:Drivers/STM32F7xx_HAL_Driver/Src/stm32f7xx_hal_eth.c ****   HAL_Delay(ETH_REG_WRITE_DELAY);
 5145              		.loc 1 2576 18 is_stmt 0 view .LVU1686
 5146 000e 0368     		ldr	r3, [r0]
2576:Drivers/STM32F7xx_HAL_Driver/Src/stm32f7xx_hal_eth.c ****   HAL_Delay(ETH_REG_WRITE_DELAY);
 5147              		.loc 1 2576 11 view .LVU1687
 5148 0010 DD6A     		ldr	r5, [r3, #44]
 5149              	.LVL369:
2577:Drivers/STM32F7xx_HAL_Driver/Src/stm32f7xx_hal_eth.c ****   (heth->Instance)->MACPMTCSR = tmpreg1;
 5150              		.loc 1 2577 3 is_stmt 1 view .LVU1688
 5151 0012 0120     		movs	r0, #1
 5152              	.LVL370:
2577:Drivers/STM32F7xx_HAL_Driver/Src/stm32f7xx_hal_eth.c ****   (heth->Instance)->MACPMTCSR = tmpreg1;
 5153              		.loc 1 2577 3 is_stmt 0 view .LVU1689
 5154 0014 FFF7FEFF 		bl	HAL_Delay
 5155              	.LVL371:
2578:Drivers/STM32F7xx_HAL_Driver/Src/stm32f7xx_hal_eth.c **** 
 5156              		.loc 1 2578 3 is_stmt 1 view .LVU1690
2578:Drivers/STM32F7xx_HAL_Driver/Src/stm32f7xx_hal_eth.c **** 
 5157              		.loc 1 2578 8 is_stmt 0 view .LVU1691
 5158 0018 2368     		ldr	r3, [r4]
2578:Drivers/STM32F7xx_HAL_Driver/Src/stm32f7xx_hal_eth.c **** 
 5159              		.loc 1 2578 31 view .LVU1692
 5160 001a DD62     		str	r5, [r3, #44]
2580:Drivers/STM32F7xx_HAL_Driver/Src/stm32f7xx_hal_eth.c ****   {
 5161              		.loc 1 2580 3 is_stmt 1 view .LVU1693
2580:Drivers/STM32F7xx_HAL_Driver/Src/stm32f7xx_hal_eth.c ****   {
 5162              		.loc 1 2580 7 is_stmt 0 view .LVU1694
 5163 001c 2368     		ldr	r3, [r4]
 5164 001e DA6A     		ldr	r2, [r3, #44]
2580:Drivers/STM32F7xx_HAL_Driver/Src/stm32f7xx_hal_eth.c ****   {
 5165              		.loc 1 2580 6 view .LVU1695
 5166 0020 12F0010F 		tst	r2, #1
 5167 0024 05D1     		bne	.L328
 5168              	.L326:
2593:Drivers/STM32F7xx_HAL_Driver/Src/stm32f7xx_hal_eth.c **** }
 5169              		.loc 1 2593 3 is_stmt 1 view .LVU1696
 5170 0026 2268     		ldr	r2, [r4]
 5171 0028 D36B     		ldr	r3, [r2, #60]
 5172 002a 43F00803 		orr	r3, r3, #8
 5173 002e D363     		str	r3, [r2, #60]
2594:Drivers/STM32F7xx_HAL_Driver/Src/stm32f7xx_hal_eth.c **** 
 5174              		.loc 1 2594 1 is_stmt 0 view .LVU1697
ARM GAS  /tmp/ccQ4qZLu.s 			page 189


 5175 0030 38BD     		pop	{r3, r4, r5, pc}
 5176              	.LVL372:
 5177              	.L328:
2583:Drivers/STM32F7xx_HAL_Driver/Src/stm32f7xx_hal_eth.c **** 
 5178              		.loc 1 2583 5 is_stmt 1 view .LVU1698
 5179 0032 DA6A     		ldr	r2, [r3, #44]
 5180 0034 22F00102 		bic	r2, r2, #1
 5181 0038 DA62     		str	r2, [r3, #44]
2587:Drivers/STM32F7xx_HAL_Driver/Src/stm32f7xx_hal_eth.c ****     HAL_Delay(ETH_REG_WRITE_DELAY);
 5182              		.loc 1 2587 5 view .LVU1699
2587:Drivers/STM32F7xx_HAL_Driver/Src/stm32f7xx_hal_eth.c ****     HAL_Delay(ETH_REG_WRITE_DELAY);
 5183              		.loc 1 2587 20 is_stmt 0 view .LVU1700
 5184 003a 2368     		ldr	r3, [r4]
2587:Drivers/STM32F7xx_HAL_Driver/Src/stm32f7xx_hal_eth.c ****     HAL_Delay(ETH_REG_WRITE_DELAY);
 5185              		.loc 1 2587 13 view .LVU1701
 5186 003c DD6A     		ldr	r5, [r3, #44]
 5187              	.LVL373:
2588:Drivers/STM32F7xx_HAL_Driver/Src/stm32f7xx_hal_eth.c ****     (heth->Instance)->MACPMTCSR = tmpreg1;
 5188              		.loc 1 2588 5 is_stmt 1 view .LVU1702
 5189 003e 0120     		movs	r0, #1
 5190 0040 FFF7FEFF 		bl	HAL_Delay
 5191              	.LVL374:
2589:Drivers/STM32F7xx_HAL_Driver/Src/stm32f7xx_hal_eth.c ****   }
 5192              		.loc 1 2589 5 view .LVU1703
2589:Drivers/STM32F7xx_HAL_Driver/Src/stm32f7xx_hal_eth.c ****   }
 5193              		.loc 1 2589 10 is_stmt 0 view .LVU1704
 5194 0044 2368     		ldr	r3, [r4]
2589:Drivers/STM32F7xx_HAL_Driver/Src/stm32f7xx_hal_eth.c ****   }
 5195              		.loc 1 2589 33 view .LVU1705
 5196 0046 DD62     		str	r5, [r3, #44]
 5197 0048 EDE7     		b	.L326
 5198              	.L330:
 5199 004a 00BF     		.align	2
 5200              	.L329:
 5201 004c F9FDFFFF 		.word	-519
 5202              		.cfi_endproc
 5203              	.LFE183:
 5205              		.section	.text.HAL_ETH_SetWakeUpFilter,"ax",%progbits
 5206              		.align	1
 5207              		.global	HAL_ETH_SetWakeUpFilter
 5208              		.syntax unified
 5209              		.thumb
 5210              		.thumb_func
 5212              	HAL_ETH_SetWakeUpFilter:
 5213              	.LVL375:
 5214              	.LFB184:
2605:Drivers/STM32F7xx_HAL_Driver/Src/stm32f7xx_hal_eth.c ****   uint32_t regindex;
 5215              		.loc 1 2605 1 is_stmt 1 view -0
 5216              		.cfi_startproc
 5217              		@ args = 0, pretend = 0, frame = 0
 5218              		@ frame_needed = 0, uses_anonymous_args = 0
 5219              		@ link register save eliminated.
2606:Drivers/STM32F7xx_HAL_Driver/Src/stm32f7xx_hal_eth.c **** 
 5220              		.loc 1 2606 3 view .LVU1707
2608:Drivers/STM32F7xx_HAL_Driver/Src/stm32f7xx_hal_eth.c ****   {
 5221              		.loc 1 2608 3 view .LVU1708
2608:Drivers/STM32F7xx_HAL_Driver/Src/stm32f7xx_hal_eth.c ****   {
ARM GAS  /tmp/ccQ4qZLu.s 			page 190


 5222              		.loc 1 2608 6 is_stmt 0 view .LVU1709
 5223 0000 A1B1     		cbz	r1, .L335
 5224 0002 8C46     		mov	ip, r1
2614:Drivers/STM32F7xx_HAL_Driver/Src/stm32f7xx_hal_eth.c **** 
 5225              		.loc 1 2614 3 is_stmt 1 view .LVU1710
 5226 0004 0168     		ldr	r1, [r0]
 5227              	.LVL376:
2614:Drivers/STM32F7xx_HAL_Driver/Src/stm32f7xx_hal_eth.c **** 
 5228              		.loc 1 2614 3 is_stmt 0 view .LVU1711
 5229 0006 CB6A     		ldr	r3, [r1, #44]
 5230 0008 43F00043 		orr	r3, r3, #-2147483648
 5231 000c CB62     		str	r3, [r1, #44]
2617:Drivers/STM32F7xx_HAL_Driver/Src/stm32f7xx_hal_eth.c ****   {
 5232              		.loc 1 2617 3 is_stmt 1 view .LVU1712
 5233              	.LVL377:
2617:Drivers/STM32F7xx_HAL_Driver/Src/stm32f7xx_hal_eth.c ****   {
 5234              		.loc 1 2617 17 is_stmt 0 view .LVU1713
 5235 000e 0023     		movs	r3, #0
 5236              	.LVL378:
2617:Drivers/STM32F7xx_HAL_Driver/Src/stm32f7xx_hal_eth.c ****   {
 5237              		.loc 1 2617 31 is_stmt 1 view .LVU1714
 5238 0010 9342     		cmp	r3, r2
 5239 0012 0DD2     		bcs	.L342
2605:Drivers/STM32F7xx_HAL_Driver/Src/stm32f7xx_hal_eth.c ****   uint32_t regindex;
 5240              		.loc 1 2605 1 is_stmt 0 view .LVU1715
 5241 0014 10B4     		push	{r4}
 5242              	.LCFI44:
 5243              		.cfi_def_cfa_offset 4
 5244              		.cfi_offset 4, -4
 5245              	.L334:
2620:Drivers/STM32F7xx_HAL_Driver/Src/stm32f7xx_hal_eth.c ****   }
 5246              		.loc 1 2620 5 is_stmt 1 discriminator 3 view .LVU1716
 5247 0016 0168     		ldr	r1, [r0]
 5248 0018 5CF82340 		ldr	r4, [ip, r3, lsl #2]
 5249 001c 8C62     		str	r4, [r1, #40]
2617:Drivers/STM32F7xx_HAL_Driver/Src/stm32f7xx_hal_eth.c ****   {
 5250              		.loc 1 2617 48 discriminator 3 view .LVU1717
 5251 001e 0133     		adds	r3, r3, #1
 5252              	.LVL379:
2617:Drivers/STM32F7xx_HAL_Driver/Src/stm32f7xx_hal_eth.c ****   {
 5253              		.loc 1 2617 31 discriminator 3 view .LVU1718
 5254 0020 9342     		cmp	r3, r2
 5255 0022 F8D3     		bcc	.L334
2623:Drivers/STM32F7xx_HAL_Driver/Src/stm32f7xx_hal_eth.c **** }
 5256              		.loc 1 2623 10 is_stmt 0 view .LVU1719
 5257 0024 0020     		movs	r0, #0
 5258              	.LVL380:
2624:Drivers/STM32F7xx_HAL_Driver/Src/stm32f7xx_hal_eth.c **** 
 5259              		.loc 1 2624 1 view .LVU1720
 5260 0026 5DF8044B 		ldr	r4, [sp], #4
 5261              	.LCFI45:
 5262              		.cfi_restore 4
 5263              		.cfi_def_cfa_offset 0
 5264 002a 7047     		bx	lr
 5265              	.LVL381:
 5266              	.L335:
2610:Drivers/STM32F7xx_HAL_Driver/Src/stm32f7xx_hal_eth.c ****   }
ARM GAS  /tmp/ccQ4qZLu.s 			page 191


 5267              		.loc 1 2610 12 view .LVU1721
 5268 002c 0120     		movs	r0, #1
 5269              	.LVL382:
2610:Drivers/STM32F7xx_HAL_Driver/Src/stm32f7xx_hal_eth.c ****   }
 5270              		.loc 1 2610 12 view .LVU1722
 5271 002e 7047     		bx	lr
 5272              	.LVL383:
 5273              	.L342:
2623:Drivers/STM32F7xx_HAL_Driver/Src/stm32f7xx_hal_eth.c **** }
 5274              		.loc 1 2623 10 view .LVU1723
 5275 0030 0020     		movs	r0, #0
 5276              	.LVL384:
2624:Drivers/STM32F7xx_HAL_Driver/Src/stm32f7xx_hal_eth.c **** 
 5277              		.loc 1 2624 1 view .LVU1724
 5278 0032 7047     		bx	lr
 5279              		.cfi_endproc
 5280              	.LFE184:
 5282              		.section	.text.HAL_ETH_GetState,"ax",%progbits
 5283              		.align	1
 5284              		.global	HAL_ETH_GetState
 5285              		.syntax unified
 5286              		.thumb
 5287              		.thumb_func
 5289              	HAL_ETH_GetState:
 5290              	.LVL385:
 5291              	.LFB185:
2654:Drivers/STM32F7xx_HAL_Driver/Src/stm32f7xx_hal_eth.c ****   return heth->gState;
 5292              		.loc 1 2654 1 is_stmt 1 view -0
 5293              		.cfi_startproc
 5294              		@ args = 0, pretend = 0, frame = 0
 5295              		@ frame_needed = 0, uses_anonymous_args = 0
 5296              		@ link register save eliminated.
2655:Drivers/STM32F7xx_HAL_Driver/Src/stm32f7xx_hal_eth.c **** }
 5297              		.loc 1 2655 3 view .LVU1726
2655:Drivers/STM32F7xx_HAL_Driver/Src/stm32f7xx_hal_eth.c **** }
 5298              		.loc 1 2655 14 is_stmt 0 view .LVU1727
 5299 0000 D0F88400 		ldr	r0, [r0, #132]
 5300              	.LVL386:
2656:Drivers/STM32F7xx_HAL_Driver/Src/stm32f7xx_hal_eth.c **** 
 5301              		.loc 1 2656 1 view .LVU1728
 5302 0004 7047     		bx	lr
 5303              		.cfi_endproc
 5304              	.LFE185:
 5306              		.section	.text.HAL_ETH_GetError,"ax",%progbits
 5307              		.align	1
 5308              		.global	HAL_ETH_GetError
 5309              		.syntax unified
 5310              		.thumb
 5311              		.thumb_func
 5313              	HAL_ETH_GetError:
 5314              	.LVL387:
 5315              	.LFB186:
2665:Drivers/STM32F7xx_HAL_Driver/Src/stm32f7xx_hal_eth.c ****   return heth->ErrorCode;
 5316              		.loc 1 2665 1 is_stmt 1 view -0
 5317              		.cfi_startproc
 5318              		@ args = 0, pretend = 0, frame = 0
 5319              		@ frame_needed = 0, uses_anonymous_args = 0
ARM GAS  /tmp/ccQ4qZLu.s 			page 192


 5320              		@ link register save eliminated.
2666:Drivers/STM32F7xx_HAL_Driver/Src/stm32f7xx_hal_eth.c **** }
 5321              		.loc 1 2666 3 view .LVU1730
2666:Drivers/STM32F7xx_HAL_Driver/Src/stm32f7xx_hal_eth.c **** }
 5322              		.loc 1 2666 14 is_stmt 0 view .LVU1731
 5323 0000 D0F88800 		ldr	r0, [r0, #136]
 5324              	.LVL388:
2667:Drivers/STM32F7xx_HAL_Driver/Src/stm32f7xx_hal_eth.c **** 
 5325              		.loc 1 2667 1 view .LVU1732
 5326 0004 7047     		bx	lr
 5327              		.cfi_endproc
 5328              	.LFE186:
 5330              		.section	.text.HAL_ETH_GetDMAError,"ax",%progbits
 5331              		.align	1
 5332              		.global	HAL_ETH_GetDMAError
 5333              		.syntax unified
 5334              		.thumb
 5335              		.thumb_func
 5337              	HAL_ETH_GetDMAError:
 5338              	.LVL389:
 5339              	.LFB187:
2676:Drivers/STM32F7xx_HAL_Driver/Src/stm32f7xx_hal_eth.c ****   return heth->DMAErrorCode;
 5340              		.loc 1 2676 1 is_stmt 1 view -0
 5341              		.cfi_startproc
 5342              		@ args = 0, pretend = 0, frame = 0
 5343              		@ frame_needed = 0, uses_anonymous_args = 0
 5344              		@ link register save eliminated.
2677:Drivers/STM32F7xx_HAL_Driver/Src/stm32f7xx_hal_eth.c **** }
 5345              		.loc 1 2677 3 view .LVU1734
2677:Drivers/STM32F7xx_HAL_Driver/Src/stm32f7xx_hal_eth.c **** }
 5346              		.loc 1 2677 14 is_stmt 0 view .LVU1735
 5347 0000 D0F88C00 		ldr	r0, [r0, #140]
 5348              	.LVL390:
2678:Drivers/STM32F7xx_HAL_Driver/Src/stm32f7xx_hal_eth.c **** 
 5349              		.loc 1 2678 1 view .LVU1736
 5350 0004 7047     		bx	lr
 5351              		.cfi_endproc
 5352              	.LFE187:
 5354              		.section	.text.HAL_ETH_GetMACError,"ax",%progbits
 5355              		.align	1
 5356              		.global	HAL_ETH_GetMACError
 5357              		.syntax unified
 5358              		.thumb
 5359              		.thumb_func
 5361              	HAL_ETH_GetMACError:
 5362              	.LVL391:
 5363              	.LFB188:
2687:Drivers/STM32F7xx_HAL_Driver/Src/stm32f7xx_hal_eth.c ****   return heth->MACErrorCode;
 5364              		.loc 1 2687 1 is_stmt 1 view -0
 5365              		.cfi_startproc
 5366              		@ args = 0, pretend = 0, frame = 0
 5367              		@ frame_needed = 0, uses_anonymous_args = 0
 5368              		@ link register save eliminated.
2688:Drivers/STM32F7xx_HAL_Driver/Src/stm32f7xx_hal_eth.c **** }
 5369              		.loc 1 2688 3 view .LVU1738
2688:Drivers/STM32F7xx_HAL_Driver/Src/stm32f7xx_hal_eth.c **** }
 5370              		.loc 1 2688 14 is_stmt 0 view .LVU1739
ARM GAS  /tmp/ccQ4qZLu.s 			page 193


 5371 0000 D0F89000 		ldr	r0, [r0, #144]
 5372              	.LVL392:
2689:Drivers/STM32F7xx_HAL_Driver/Src/stm32f7xx_hal_eth.c **** 
 5373              		.loc 1 2689 1 view .LVU1740
 5374 0004 7047     		bx	lr
 5375              		.cfi_endproc
 5376              	.LFE188:
 5378              		.section	.text.HAL_ETH_GetMACWakeUpSource,"ax",%progbits
 5379              		.align	1
 5380              		.global	HAL_ETH_GetMACWakeUpSource
 5381              		.syntax unified
 5382              		.thumb
 5383              		.thumb_func
 5385              	HAL_ETH_GetMACWakeUpSource:
 5386              	.LVL393:
 5387              	.LFB189:
2698:Drivers/STM32F7xx_HAL_Driver/Src/stm32f7xx_hal_eth.c ****   return heth->MACWakeUpEvent;
 5388              		.loc 1 2698 1 is_stmt 1 view -0
 5389              		.cfi_startproc
 5390              		@ args = 0, pretend = 0, frame = 0
 5391              		@ frame_needed = 0, uses_anonymous_args = 0
 5392              		@ link register save eliminated.
2699:Drivers/STM32F7xx_HAL_Driver/Src/stm32f7xx_hal_eth.c **** }
 5393              		.loc 1 2699 3 view .LVU1742
2699:Drivers/STM32F7xx_HAL_Driver/Src/stm32f7xx_hal_eth.c **** }
 5394              		.loc 1 2699 14 is_stmt 0 view .LVU1743
 5395 0000 D0F89400 		ldr	r0, [r0, #148]
 5396              	.LVL394:
2700:Drivers/STM32F7xx_HAL_Driver/Src/stm32f7xx_hal_eth.c **** 
 5397              		.loc 1 2700 1 view .LVU1744
 5398 0004 7047     		bx	lr
 5399              		.cfi_endproc
 5400              	.LFE189:
 5402              		.text
 5403              	.Letext0:
 5404              		.file 3 "/usr/lib/gcc/arm-none-eabi/12.2.1/include/stdint.h"
 5405              		.file 4 "Drivers/CMSIS/Device/ST/STM32F7xx/Include/stm32f767xx.h"
 5406              		.file 5 "Drivers/CMSIS/Device/ST/STM32F7xx/Include/stm32f7xx.h"
 5407              		.file 6 "Drivers/STM32F7xx_HAL_Driver/Inc/stm32f7xx_hal_def.h"
 5408              		.file 7 "Drivers/STM32F7xx_HAL_Driver/Inc/stm32f7xx_hal_eth.h"
 5409              		.file 8 "Drivers/STM32F7xx_HAL_Driver/Inc/stm32f7xx_hal_rcc.h"
 5410              		.file 9 "Drivers/STM32F7xx_HAL_Driver/Inc/stm32f7xx_hal.h"
ARM GAS  /tmp/ccQ4qZLu.s 			page 194


DEFINED SYMBOLS
                            *ABS*:00000000 stm32f7xx_hal_eth.c
     /tmp/ccQ4qZLu.s:20     .text.HAL_ETH_RxAllocateCallback:00000000 $t
     /tmp/ccQ4qZLu.s:26     .text.HAL_ETH_RxAllocateCallback:00000000 HAL_ETH_RxAllocateCallback
     /tmp/ccQ4qZLu.s:41     .text.ETH_UpdateDescriptor:00000000 $t
     /tmp/ccQ4qZLu.s:46     .text.ETH_UpdateDescriptor:00000000 ETH_UpdateDescriptor
     /tmp/ccQ4qZLu.s:226    .text.ETH_UpdateDescriptor:00000094 $d
     /tmp/ccQ4qZLu.s:231    .text.HAL_ETH_RxLinkCallback:00000000 $t
     /tmp/ccQ4qZLu.s:237    .text.HAL_ETH_RxLinkCallback:00000000 HAL_ETH_RxLinkCallback
     /tmp/ccQ4qZLu.s:255    .text.HAL_ETH_TxFreeCallback:00000000 $t
     /tmp/ccQ4qZLu.s:261    .text.HAL_ETH_TxFreeCallback:00000000 HAL_ETH_TxFreeCallback
     /tmp/ccQ4qZLu.s:276    .text.ETH_MACAddressConfig:00000000 $t
     /tmp/ccQ4qZLu.s:281    .text.ETH_MACAddressConfig:00000000 ETH_MACAddressConfig
     /tmp/ccQ4qZLu.s:335    .text.ETH_MACAddressConfig:00000028 $d
     /tmp/ccQ4qZLu.s:341    .text.ETH_DMATxDescListInit:00000000 $t
     /tmp/ccQ4qZLu.s:346    .text.ETH_DMATxDescListInit:00000000 ETH_DMATxDescListInit
     /tmp/ccQ4qZLu.s:447    .text.ETH_DMARxDescListInit:00000000 $t
     /tmp/ccQ4qZLu.s:452    .text.ETH_DMARxDescListInit:00000000 ETH_DMARxDescListInit
     /tmp/ccQ4qZLu.s:559    .text.ETH_Prepare_Tx_Descriptors:00000000 $t
     /tmp/ccQ4qZLu.s:564    .text.ETH_Prepare_Tx_Descriptors:00000000 ETH_Prepare_Tx_Descriptors
     /tmp/ccQ4qZLu.s:968    .text.ETH_Prepare_Tx_Descriptors:00000174 $d
     /tmp/ccQ4qZLu.s:973    .text.ETH_SetMACConfig:00000000 $t
     /tmp/ccQ4qZLu.s:978    .text.ETH_SetMACConfig:00000000 ETH_SetMACConfig
     /tmp/ccQ4qZLu.s:1223   .text.ETH_SetMACConfig:000000f8 $d
     /tmp/ccQ4qZLu.s:1228   .text.ETH_SetDMAConfig:00000000 $t
     /tmp/ccQ4qZLu.s:1233   .text.ETH_SetDMAConfig:00000000 ETH_SetDMAConfig
     /tmp/ccQ4qZLu.s:1402   .text.ETH_SetDMAConfig:000000bc $d
     /tmp/ccQ4qZLu.s:1407   .text.ETH_MACDMAConfig:00000000 $t
     /tmp/ccQ4qZLu.s:1412   .text.ETH_MACDMAConfig:00000000 ETH_MACDMAConfig
     /tmp/ccQ4qZLu.s:1565   .text.ETH_FlushTransmitFIFO:00000000 $t
     /tmp/ccQ4qZLu.s:1570   .text.ETH_FlushTransmitFIFO:00000000 ETH_FlushTransmitFIFO
     /tmp/ccQ4qZLu.s:1632   .text.HAL_ETH_MspInit:00000000 $t
     /tmp/ccQ4qZLu.s:1638   .text.HAL_ETH_MspInit:00000000 HAL_ETH_MspInit
     /tmp/ccQ4qZLu.s:1653   .text.HAL_ETH_Init:00000000 $t
     /tmp/ccQ4qZLu.s:1659   .text.HAL_ETH_Init:00000000 HAL_ETH_Init
     /tmp/ccQ4qZLu.s:1828   .text.HAL_ETH_Init:000000b4 $d
     /tmp/ccQ4qZLu.s:1834   .text.HAL_ETH_MspDeInit:00000000 $t
     /tmp/ccQ4qZLu.s:1840   .text.HAL_ETH_MspDeInit:00000000 HAL_ETH_MspDeInit
     /tmp/ccQ4qZLu.s:1855   .text.HAL_ETH_DeInit:00000000 $t
     /tmp/ccQ4qZLu.s:1861   .text.HAL_ETH_DeInit:00000000 HAL_ETH_DeInit
     /tmp/ccQ4qZLu.s:1894   .text.HAL_ETH_Start:00000000 $t
     /tmp/ccQ4qZLu.s:1900   .text.HAL_ETH_Start:00000000 HAL_ETH_Start
     /tmp/ccQ4qZLu.s:2010   .text.HAL_ETH_Start_IT:00000000 $t
     /tmp/ccQ4qZLu.s:2016   .text.HAL_ETH_Start_IT:00000000 HAL_ETH_Start_IT
     /tmp/ccQ4qZLu.s:2154   .text.HAL_ETH_Start_IT:000000b0 $d
     /tmp/ccQ4qZLu.s:2160   .text.HAL_ETH_Stop:00000000 $t
     /tmp/ccQ4qZLu.s:2166   .text.HAL_ETH_Stop:00000000 HAL_ETH_Stop
     /tmp/ccQ4qZLu.s:2271   .text.HAL_ETH_Stop_IT:00000000 $t
     /tmp/ccQ4qZLu.s:2277   .text.HAL_ETH_Stop_IT:00000000 HAL_ETH_Stop_IT
     /tmp/ccQ4qZLu.s:2419   .text.HAL_ETH_Stop_IT:0000009c $d
     /tmp/ccQ4qZLu.s:2424   .text.HAL_ETH_Transmit:00000000 $t
     /tmp/ccQ4qZLu.s:2430   .text.HAL_ETH_Transmit:00000000 HAL_ETH_Transmit
     /tmp/ccQ4qZLu.s:2627   .text.HAL_ETH_Transmit_IT:00000000 $t
     /tmp/ccQ4qZLu.s:2633   .text.HAL_ETH_Transmit_IT:00000000 HAL_ETH_Transmit_IT
     /tmp/ccQ4qZLu.s:2761   .text.HAL_ETH_ReadData:00000000 $t
     /tmp/ccQ4qZLu.s:2767   .text.HAL_ETH_ReadData:00000000 HAL_ETH_ReadData
     /tmp/ccQ4qZLu.s:3034   .text.HAL_ETH_RegisterRxAllocateCallback:00000000 $t
ARM GAS  /tmp/ccQ4qZLu.s 			page 195


     /tmp/ccQ4qZLu.s:3040   .text.HAL_ETH_RegisterRxAllocateCallback:00000000 HAL_ETH_RegisterRxAllocateCallback
     /tmp/ccQ4qZLu.s:3071   .text.HAL_ETH_UnRegisterRxAllocateCallback:00000000 $t
     /tmp/ccQ4qZLu.s:3077   .text.HAL_ETH_UnRegisterRxAllocateCallback:00000000 HAL_ETH_UnRegisterRxAllocateCallback
     /tmp/ccQ4qZLu.s:3098   .text.HAL_ETH_UnRegisterRxAllocateCallback:0000000c $d
     /tmp/ccQ4qZLu.s:3103   .text.HAL_ETH_RegisterRxLinkCallback:00000000 $t
     /tmp/ccQ4qZLu.s:3109   .text.HAL_ETH_RegisterRxLinkCallback:00000000 HAL_ETH_RegisterRxLinkCallback
     /tmp/ccQ4qZLu.s:3140   .text.HAL_ETH_UnRegisterRxLinkCallback:00000000 $t
     /tmp/ccQ4qZLu.s:3146   .text.HAL_ETH_UnRegisterRxLinkCallback:00000000 HAL_ETH_UnRegisterRxLinkCallback
     /tmp/ccQ4qZLu.s:3167   .text.HAL_ETH_UnRegisterRxLinkCallback:0000000c $d
     /tmp/ccQ4qZLu.s:3172   .text.HAL_ETH_GetRxDataErrorCode:00000000 $t
     /tmp/ccQ4qZLu.s:3178   .text.HAL_ETH_GetRxDataErrorCode:00000000 HAL_ETH_GetRxDataErrorCode
     /tmp/ccQ4qZLu.s:3205   .text.HAL_ETH_RegisterTxFreeCallback:00000000 $t
     /tmp/ccQ4qZLu.s:3211   .text.HAL_ETH_RegisterTxFreeCallback:00000000 HAL_ETH_RegisterTxFreeCallback
     /tmp/ccQ4qZLu.s:3242   .text.HAL_ETH_UnRegisterTxFreeCallback:00000000 $t
     /tmp/ccQ4qZLu.s:3248   .text.HAL_ETH_UnRegisterTxFreeCallback:00000000 HAL_ETH_UnRegisterTxFreeCallback
     /tmp/ccQ4qZLu.s:3269   .text.HAL_ETH_UnRegisterTxFreeCallback:0000000c $d
     /tmp/ccQ4qZLu.s:3274   .text.HAL_ETH_ReleaseTxPacket:00000000 $t
     /tmp/ccQ4qZLu.s:3280   .text.HAL_ETH_ReleaseTxPacket:00000000 HAL_ETH_ReleaseTxPacket
     /tmp/ccQ4qZLu.s:3398   .text.HAL_ETH_TxCpltCallback:00000000 $t
     /tmp/ccQ4qZLu.s:3404   .text.HAL_ETH_TxCpltCallback:00000000 HAL_ETH_TxCpltCallback
     /tmp/ccQ4qZLu.s:3419   .text.HAL_ETH_RxCpltCallback:00000000 $t
     /tmp/ccQ4qZLu.s:3425   .text.HAL_ETH_RxCpltCallback:00000000 HAL_ETH_RxCpltCallback
     /tmp/ccQ4qZLu.s:3440   .text.HAL_ETH_ErrorCallback:00000000 $t
     /tmp/ccQ4qZLu.s:3446   .text.HAL_ETH_ErrorCallback:00000000 HAL_ETH_ErrorCallback
     /tmp/ccQ4qZLu.s:3461   .text.HAL_ETH_PMTCallback:00000000 $t
     /tmp/ccQ4qZLu.s:3467   .text.HAL_ETH_PMTCallback:00000000 HAL_ETH_PMTCallback
     /tmp/ccQ4qZLu.s:3482   .text.HAL_ETH_WakeUpCallback:00000000 $t
     /tmp/ccQ4qZLu.s:3488   .text.HAL_ETH_WakeUpCallback:00000000 HAL_ETH_WakeUpCallback
     /tmp/ccQ4qZLu.s:3503   .text.HAL_ETH_IRQHandler:00000000 $t
     /tmp/ccQ4qZLu.s:3509   .text.HAL_ETH_IRQHandler:00000000 HAL_ETH_IRQHandler
     /tmp/ccQ4qZLu.s:3689   .text.HAL_ETH_IRQHandler:0000010c $d
     /tmp/ccQ4qZLu.s:3695   .text.HAL_ETH_ReadPHYRegister:00000000 $t
     /tmp/ccQ4qZLu.s:3701   .text.HAL_ETH_ReadPHYRegister:00000000 HAL_ETH_ReadPHYRegister
     /tmp/ccQ4qZLu.s:3813   .text.HAL_ETH_WritePHYRegister:00000000 $t
     /tmp/ccQ4qZLu.s:3819   .text.HAL_ETH_WritePHYRegister:00000000 HAL_ETH_WritePHYRegister
     /tmp/ccQ4qZLu.s:3924   .text.HAL_ETH_GetMACConfig:00000000 $t
     /tmp/ccQ4qZLu.s:3930   .text.HAL_ETH_GetMACConfig:00000000 HAL_ETH_GetMACConfig
     /tmp/ccQ4qZLu.s:4121   .text.HAL_ETH_GetDMAConfig:00000000 $t
     /tmp/ccQ4qZLu.s:4127   .text.HAL_ETH_GetDMAConfig:00000000 HAL_ETH_GetDMAConfig
     /tmp/ccQ4qZLu.s:4306   .text.HAL_ETH_SetMACConfig:00000000 $t
     /tmp/ccQ4qZLu.s:4312   .text.HAL_ETH_SetMACConfig:00000000 HAL_ETH_SetMACConfig
     /tmp/ccQ4qZLu.s:4364   .text.HAL_ETH_SetDMAConfig:00000000 $t
     /tmp/ccQ4qZLu.s:4370   .text.HAL_ETH_SetDMAConfig:00000000 HAL_ETH_SetDMAConfig
     /tmp/ccQ4qZLu.s:4422   .text.HAL_ETH_SetMDIOClockRange:00000000 $t
     /tmp/ccQ4qZLu.s:4428   .text.HAL_ETH_SetMDIOClockRange:00000000 HAL_ETH_SetMDIOClockRange
     /tmp/ccQ4qZLu.s:4529   .text.HAL_ETH_SetMDIOClockRange:00000054 $d
     /tmp/ccQ4qZLu.s:4541   .text.HAL_ETH_SetMACFilterConfig:00000000 $t
     /tmp/ccQ4qZLu.s:4547   .text.HAL_ETH_SetMACFilterConfig:00000000 HAL_ETH_SetMACFilterConfig
     /tmp/ccQ4qZLu.s:4671   .text.HAL_ETH_SetMACFilterConfig:00000070 $d
     /tmp/ccQ4qZLu.s:4676   .text.HAL_ETH_GetMACFilterConfig:00000000 $t
     /tmp/ccQ4qZLu.s:4682   .text.HAL_ETH_GetMACFilterConfig:00000000 HAL_ETH_GetMACFilterConfig
     /tmp/ccQ4qZLu.s:4801   .text.HAL_ETH_SetSourceMACAddrMatch:00000000 $t
     /tmp/ccQ4qZLu.s:4807   .text.HAL_ETH_SetSourceMACAddrMatch:00000000 HAL_ETH_SetSourceMACAddrMatch
     /tmp/ccQ4qZLu.s:4891   .text.HAL_ETH_SetHashTable:00000000 $t
     /tmp/ccQ4qZLu.s:4897   .text.HAL_ETH_SetHashTable:00000000 HAL_ETH_SetHashTable
     /tmp/ccQ4qZLu.s:4985   .text.HAL_ETH_SetRxVLANIdentifier:00000000 $t
     /tmp/ccQ4qZLu.s:4991   .text.HAL_ETH_SetRxVLANIdentifier:00000000 HAL_ETH_SetRxVLANIdentifier
ARM GAS  /tmp/ccQ4qZLu.s 			page 196


     /tmp/ccQ4qZLu.s:5058   .text.HAL_ETH_SetRxVLANIdentifier:00000038 $d
     /tmp/ccQ4qZLu.s:5063   .text.HAL_ETH_EnterPowerDownMode:00000000 $t
     /tmp/ccQ4qZLu.s:5069   .text.HAL_ETH_EnterPowerDownMode:00000000 HAL_ETH_EnterPowerDownMode
     /tmp/ccQ4qZLu.s:5110   .text.HAL_ETH_EnterPowerDownMode:00000024 $d
     /tmp/ccQ4qZLu.s:5115   .text.HAL_ETH_ExitPowerDownMode:00000000 $t
     /tmp/ccQ4qZLu.s:5121   .text.HAL_ETH_ExitPowerDownMode:00000000 HAL_ETH_ExitPowerDownMode
     /tmp/ccQ4qZLu.s:5201   .text.HAL_ETH_ExitPowerDownMode:0000004c $d
     /tmp/ccQ4qZLu.s:5206   .text.HAL_ETH_SetWakeUpFilter:00000000 $t
     /tmp/ccQ4qZLu.s:5212   .text.HAL_ETH_SetWakeUpFilter:00000000 HAL_ETH_SetWakeUpFilter
     /tmp/ccQ4qZLu.s:5283   .text.HAL_ETH_GetState:00000000 $t
     /tmp/ccQ4qZLu.s:5289   .text.HAL_ETH_GetState:00000000 HAL_ETH_GetState
     /tmp/ccQ4qZLu.s:5307   .text.HAL_ETH_GetError:00000000 $t
     /tmp/ccQ4qZLu.s:5313   .text.HAL_ETH_GetError:00000000 HAL_ETH_GetError
     /tmp/ccQ4qZLu.s:5331   .text.HAL_ETH_GetDMAError:00000000 $t
     /tmp/ccQ4qZLu.s:5337   .text.HAL_ETH_GetDMAError:00000000 HAL_ETH_GetDMAError
     /tmp/ccQ4qZLu.s:5355   .text.HAL_ETH_GetMACError:00000000 $t
     /tmp/ccQ4qZLu.s:5361   .text.HAL_ETH_GetMACError:00000000 HAL_ETH_GetMACError
     /tmp/ccQ4qZLu.s:5379   .text.HAL_ETH_GetMACWakeUpSource:00000000 $t
     /tmp/ccQ4qZLu.s:5385   .text.HAL_ETH_GetMACWakeUpSource:00000000 HAL_ETH_GetMACWakeUpSource

UNDEFINED SYMBOLS
HAL_Delay
HAL_GetTick
HAL_RCC_GetHCLKFreq
