ARM GAS  /tmp/cc5T0hGW.s 			page 1


   1              		.cpu cortex-m7
   2              		.arch armv7e-m
   3              		.fpu fpv5-d16
   4              		.eabi_attribute 28, 1
   5              		.eabi_attribute 20, 1
   6              		.eabi_attribute 21, 1
   7              		.eabi_attribute 23, 3
   8              		.eabi_attribute 24, 1
   9              		.eabi_attribute 25, 1
  10              		.eabi_attribute 26, 1
  11              		.eabi_attribute 30, 1
  12              		.eabi_attribute 34, 1
  13              		.eabi_attribute 18, 4
  14              		.file	"stm32f7xx_hal.c"
  15              		.text
  16              	.Ltext0:
  17              		.cfi_sections	.debug_frame
  18              		.file 1 "Drivers/STM32F7xx_HAL_Driver/Src/stm32f7xx_hal.c"
  19              		.section	.text.HAL_MspInit,"ax",%progbits
  20              		.align	1
  21              		.weak	HAL_MspInit
  22              		.syntax unified
  23              		.thumb
  24              		.thumb_func
  26              	HAL_MspInit:
  27              	.LFB143:
   1:Drivers/STM32F7xx_HAL_Driver/Src/stm32f7xx_hal.c **** /**
   2:Drivers/STM32F7xx_HAL_Driver/Src/stm32f7xx_hal.c ****   ******************************************************************************
   3:Drivers/STM32F7xx_HAL_Driver/Src/stm32f7xx_hal.c ****   * @file    stm32f7xx_hal.c
   4:Drivers/STM32F7xx_HAL_Driver/Src/stm32f7xx_hal.c ****   * @author  MCD Application Team
   5:Drivers/STM32F7xx_HAL_Driver/Src/stm32f7xx_hal.c ****   * @brief   HAL module driver.
   6:Drivers/STM32F7xx_HAL_Driver/Src/stm32f7xx_hal.c ****   *          This is the common part of the HAL initialization
   7:Drivers/STM32F7xx_HAL_Driver/Src/stm32f7xx_hal.c ****   *
   8:Drivers/STM32F7xx_HAL_Driver/Src/stm32f7xx_hal.c ****   ******************************************************************************
   9:Drivers/STM32F7xx_HAL_Driver/Src/stm32f7xx_hal.c ****   * @attention
  10:Drivers/STM32F7xx_HAL_Driver/Src/stm32f7xx_hal.c ****   *
  11:Drivers/STM32F7xx_HAL_Driver/Src/stm32f7xx_hal.c ****   * Copyright (c) 2017 STMicroelectronics.
  12:Drivers/STM32F7xx_HAL_Driver/Src/stm32f7xx_hal.c ****   * All rights reserved.
  13:Drivers/STM32F7xx_HAL_Driver/Src/stm32f7xx_hal.c ****   *
  14:Drivers/STM32F7xx_HAL_Driver/Src/stm32f7xx_hal.c ****   * This software is licensed under terms that can be found in the LICENSE file
  15:Drivers/STM32F7xx_HAL_Driver/Src/stm32f7xx_hal.c ****   * in the root directory of this software component.
  16:Drivers/STM32F7xx_HAL_Driver/Src/stm32f7xx_hal.c ****   * If no LICENSE file comes with this software, it is provided AS-IS.
  17:Drivers/STM32F7xx_HAL_Driver/Src/stm32f7xx_hal.c ****   *
  18:Drivers/STM32F7xx_HAL_Driver/Src/stm32f7xx_hal.c ****   ******************************************************************************
  19:Drivers/STM32F7xx_HAL_Driver/Src/stm32f7xx_hal.c ****   @verbatim
  20:Drivers/STM32F7xx_HAL_Driver/Src/stm32f7xx_hal.c ****   ==============================================================================
  21:Drivers/STM32F7xx_HAL_Driver/Src/stm32f7xx_hal.c ****                      ##### How to use this driver #####
  22:Drivers/STM32F7xx_HAL_Driver/Src/stm32f7xx_hal.c ****   ==============================================================================
  23:Drivers/STM32F7xx_HAL_Driver/Src/stm32f7xx_hal.c ****     [..]
  24:Drivers/STM32F7xx_HAL_Driver/Src/stm32f7xx_hal.c ****     The common HAL driver contains a set of generic and common APIs that can be
  25:Drivers/STM32F7xx_HAL_Driver/Src/stm32f7xx_hal.c ****     used by the PPP peripheral drivers and the user to start using the HAL. 
  26:Drivers/STM32F7xx_HAL_Driver/Src/stm32f7xx_hal.c ****     [..]
  27:Drivers/STM32F7xx_HAL_Driver/Src/stm32f7xx_hal.c ****     The HAL contains two APIs' categories: 
  28:Drivers/STM32F7xx_HAL_Driver/Src/stm32f7xx_hal.c ****          (+) Common HAL APIs
  29:Drivers/STM32F7xx_HAL_Driver/Src/stm32f7xx_hal.c ****          (+) Services HAL APIs
  30:Drivers/STM32F7xx_HAL_Driver/Src/stm32f7xx_hal.c **** 
  31:Drivers/STM32F7xx_HAL_Driver/Src/stm32f7xx_hal.c ****   @endverbatim
ARM GAS  /tmp/cc5T0hGW.s 			page 2


  32:Drivers/STM32F7xx_HAL_Driver/Src/stm32f7xx_hal.c ****   ******************************************************************************
  33:Drivers/STM32F7xx_HAL_Driver/Src/stm32f7xx_hal.c ****   */ 
  34:Drivers/STM32F7xx_HAL_Driver/Src/stm32f7xx_hal.c **** 
  35:Drivers/STM32F7xx_HAL_Driver/Src/stm32f7xx_hal.c **** /* Includes ------------------------------------------------------------------*/
  36:Drivers/STM32F7xx_HAL_Driver/Src/stm32f7xx_hal.c **** #include "stm32f7xx_hal.h"
  37:Drivers/STM32F7xx_HAL_Driver/Src/stm32f7xx_hal.c **** 
  38:Drivers/STM32F7xx_HAL_Driver/Src/stm32f7xx_hal.c **** /** @addtogroup STM32F7xx_HAL_Driver
  39:Drivers/STM32F7xx_HAL_Driver/Src/stm32f7xx_hal.c ****   * @{
  40:Drivers/STM32F7xx_HAL_Driver/Src/stm32f7xx_hal.c ****   */
  41:Drivers/STM32F7xx_HAL_Driver/Src/stm32f7xx_hal.c **** 
  42:Drivers/STM32F7xx_HAL_Driver/Src/stm32f7xx_hal.c **** /** @defgroup HAL HAL
  43:Drivers/STM32F7xx_HAL_Driver/Src/stm32f7xx_hal.c ****   * @brief HAL module driver.
  44:Drivers/STM32F7xx_HAL_Driver/Src/stm32f7xx_hal.c ****   * @{
  45:Drivers/STM32F7xx_HAL_Driver/Src/stm32f7xx_hal.c ****   */
  46:Drivers/STM32F7xx_HAL_Driver/Src/stm32f7xx_hal.c **** 
  47:Drivers/STM32F7xx_HAL_Driver/Src/stm32f7xx_hal.c **** /* Private typedef -----------------------------------------------------------*/
  48:Drivers/STM32F7xx_HAL_Driver/Src/stm32f7xx_hal.c **** /* Private define ------------------------------------------------------------*/
  49:Drivers/STM32F7xx_HAL_Driver/Src/stm32f7xx_hal.c **** /** @addtogroup HAL_Private_Constants
  50:Drivers/STM32F7xx_HAL_Driver/Src/stm32f7xx_hal.c ****   * @{
  51:Drivers/STM32F7xx_HAL_Driver/Src/stm32f7xx_hal.c ****   */
  52:Drivers/STM32F7xx_HAL_Driver/Src/stm32f7xx_hal.c **** /**
  53:Drivers/STM32F7xx_HAL_Driver/Src/stm32f7xx_hal.c ****  * @brief STM32F7xx HAL Driver version number V1.3.0
  54:Drivers/STM32F7xx_HAL_Driver/Src/stm32f7xx_hal.c ****    */
  55:Drivers/STM32F7xx_HAL_Driver/Src/stm32f7xx_hal.c **** #define __STM32F7xx_HAL_VERSION_MAIN   (0x01) /*!< [31:24] main version */
  56:Drivers/STM32F7xx_HAL_Driver/Src/stm32f7xx_hal.c **** #define __STM32F7xx_HAL_VERSION_SUB1   (0x03) /*!< [23:16] sub1 version */
  57:Drivers/STM32F7xx_HAL_Driver/Src/stm32f7xx_hal.c **** #define __STM32F7xx_HAL_VERSION_SUB2   (0x00) /*!< [15:8]  sub2 version */
  58:Drivers/STM32F7xx_HAL_Driver/Src/stm32f7xx_hal.c **** #define __STM32F7xx_HAL_VERSION_RC     (0x00) /*!< [7:0]  release candidate */ 
  59:Drivers/STM32F7xx_HAL_Driver/Src/stm32f7xx_hal.c **** #define __STM32F7xx_HAL_VERSION         ((__STM32F7xx_HAL_VERSION_MAIN << 24)\
  60:Drivers/STM32F7xx_HAL_Driver/Src/stm32f7xx_hal.c ****                                         |(__STM32F7xx_HAL_VERSION_SUB1 << 16)\
  61:Drivers/STM32F7xx_HAL_Driver/Src/stm32f7xx_hal.c ****                                         |(__STM32F7xx_HAL_VERSION_SUB2 << 8 )\
  62:Drivers/STM32F7xx_HAL_Driver/Src/stm32f7xx_hal.c ****                                         |(__STM32F7xx_HAL_VERSION_RC))
  63:Drivers/STM32F7xx_HAL_Driver/Src/stm32f7xx_hal.c ****                                         
  64:Drivers/STM32F7xx_HAL_Driver/Src/stm32f7xx_hal.c **** #define IDCODE_DEVID_MASK    ((uint32_t)0x00000FFF)
  65:Drivers/STM32F7xx_HAL_Driver/Src/stm32f7xx_hal.c **** /**
  66:Drivers/STM32F7xx_HAL_Driver/Src/stm32f7xx_hal.c ****   * @}
  67:Drivers/STM32F7xx_HAL_Driver/Src/stm32f7xx_hal.c ****   */
  68:Drivers/STM32F7xx_HAL_Driver/Src/stm32f7xx_hal.c **** 
  69:Drivers/STM32F7xx_HAL_Driver/Src/stm32f7xx_hal.c **** /* Private macro -------------------------------------------------------------*/
  70:Drivers/STM32F7xx_HAL_Driver/Src/stm32f7xx_hal.c **** /* Exported variables ---------------------------------------------------------*/
  71:Drivers/STM32F7xx_HAL_Driver/Src/stm32f7xx_hal.c **** /** @addtogroup HAL_Exported_Variables
  72:Drivers/STM32F7xx_HAL_Driver/Src/stm32f7xx_hal.c ****   * @{
  73:Drivers/STM32F7xx_HAL_Driver/Src/stm32f7xx_hal.c ****   */
  74:Drivers/STM32F7xx_HAL_Driver/Src/stm32f7xx_hal.c **** __IO uint32_t uwTick;
  75:Drivers/STM32F7xx_HAL_Driver/Src/stm32f7xx_hal.c **** uint32_t uwTickPrio   = (1UL << __NVIC_PRIO_BITS); /* Invalid PRIO */
  76:Drivers/STM32F7xx_HAL_Driver/Src/stm32f7xx_hal.c **** HAL_TickFreqTypeDef uwTickFreq = HAL_TICK_FREQ_DEFAULT;  /* 1KHz */
  77:Drivers/STM32F7xx_HAL_Driver/Src/stm32f7xx_hal.c **** /**
  78:Drivers/STM32F7xx_HAL_Driver/Src/stm32f7xx_hal.c ****   * @}
  79:Drivers/STM32F7xx_HAL_Driver/Src/stm32f7xx_hal.c ****   */
  80:Drivers/STM32F7xx_HAL_Driver/Src/stm32f7xx_hal.c **** 
  81:Drivers/STM32F7xx_HAL_Driver/Src/stm32f7xx_hal.c **** /* Private function prototypes -----------------------------------------------*/
  82:Drivers/STM32F7xx_HAL_Driver/Src/stm32f7xx_hal.c **** /* Private functions ---------------------------------------------------------*/
  83:Drivers/STM32F7xx_HAL_Driver/Src/stm32f7xx_hal.c **** 
  84:Drivers/STM32F7xx_HAL_Driver/Src/stm32f7xx_hal.c **** /** @defgroup HAL_Exported_Functions HAL Exported Functions
  85:Drivers/STM32F7xx_HAL_Driver/Src/stm32f7xx_hal.c ****   * @{
  86:Drivers/STM32F7xx_HAL_Driver/Src/stm32f7xx_hal.c ****   */
  87:Drivers/STM32F7xx_HAL_Driver/Src/stm32f7xx_hal.c **** 
  88:Drivers/STM32F7xx_HAL_Driver/Src/stm32f7xx_hal.c **** /** @defgroup HAL_Exported_Functions_Group1 Initialization and de-initialization Functions 
ARM GAS  /tmp/cc5T0hGW.s 			page 3


  89:Drivers/STM32F7xx_HAL_Driver/Src/stm32f7xx_hal.c ****  *  @brief    Initialization and de-initialization functions
  90:Drivers/STM32F7xx_HAL_Driver/Src/stm32f7xx_hal.c ****  *
  91:Drivers/STM32F7xx_HAL_Driver/Src/stm32f7xx_hal.c **** @verbatim    
  92:Drivers/STM32F7xx_HAL_Driver/Src/stm32f7xx_hal.c ****  ===============================================================================
  93:Drivers/STM32F7xx_HAL_Driver/Src/stm32f7xx_hal.c ****               ##### Initialization and Configuration functions #####
  94:Drivers/STM32F7xx_HAL_Driver/Src/stm32f7xx_hal.c ****  ===============================================================================
  95:Drivers/STM32F7xx_HAL_Driver/Src/stm32f7xx_hal.c ****     [..]  This section provides functions allowing to:
  96:Drivers/STM32F7xx_HAL_Driver/Src/stm32f7xx_hal.c ****       (+) Initializes the Flash interface the NVIC allocation and initial clock 
  97:Drivers/STM32F7xx_HAL_Driver/Src/stm32f7xx_hal.c ****           configuration. It initializes the systick also when timeout is needed 
  98:Drivers/STM32F7xx_HAL_Driver/Src/stm32f7xx_hal.c ****           and the backup domain when enabled.
  99:Drivers/STM32F7xx_HAL_Driver/Src/stm32f7xx_hal.c ****       (+) De-Initializes common part of the HAL.
 100:Drivers/STM32F7xx_HAL_Driver/Src/stm32f7xx_hal.c ****       (+) Configure the time base source to have 1ms time base with a dedicated 
 101:Drivers/STM32F7xx_HAL_Driver/Src/stm32f7xx_hal.c ****           Tick interrupt priority. 
 102:Drivers/STM32F7xx_HAL_Driver/Src/stm32f7xx_hal.c ****         (++) SysTick timer is used by default as source of time base, but user
 103:Drivers/STM32F7xx_HAL_Driver/Src/stm32f7xx_hal.c ****              can eventually implement his proper time base source (a general purpose 
 104:Drivers/STM32F7xx_HAL_Driver/Src/stm32f7xx_hal.c ****              timer for example or other time source), keeping in mind that Time base 
 105:Drivers/STM32F7xx_HAL_Driver/Src/stm32f7xx_hal.c ****              duration should be kept 1ms since PPP_TIMEOUT_VALUEs are defined and 
 106:Drivers/STM32F7xx_HAL_Driver/Src/stm32f7xx_hal.c ****              handled in milliseconds basis.
 107:Drivers/STM32F7xx_HAL_Driver/Src/stm32f7xx_hal.c ****         (++) Time base configuration function (HAL_InitTick ()) is called automatically 
 108:Drivers/STM32F7xx_HAL_Driver/Src/stm32f7xx_hal.c ****              at the beginning of the program after reset by HAL_Init() or at any time 
 109:Drivers/STM32F7xx_HAL_Driver/Src/stm32f7xx_hal.c ****              when clock is configured, by HAL_RCC_ClockConfig(). 
 110:Drivers/STM32F7xx_HAL_Driver/Src/stm32f7xx_hal.c ****         (++) Source of time base is configured  to generate interrupts at regular 
 111:Drivers/STM32F7xx_HAL_Driver/Src/stm32f7xx_hal.c ****              time intervals. Care must be taken if HAL_Delay() is called from a 
 112:Drivers/STM32F7xx_HAL_Driver/Src/stm32f7xx_hal.c ****              peripheral ISR process, the Tick interrupt line must have higher priority 
 113:Drivers/STM32F7xx_HAL_Driver/Src/stm32f7xx_hal.c ****             (numerically lower) than the peripheral interrupt. Otherwise the caller 
 114:Drivers/STM32F7xx_HAL_Driver/Src/stm32f7xx_hal.c ****             ISR process will be blocked. 
 115:Drivers/STM32F7xx_HAL_Driver/Src/stm32f7xx_hal.c ****        (++) functions affecting time base configurations are declared as __weak  
 116:Drivers/STM32F7xx_HAL_Driver/Src/stm32f7xx_hal.c ****              to make  override possible  in case of other  implementations in user file.
 117:Drivers/STM32F7xx_HAL_Driver/Src/stm32f7xx_hal.c **** @endverbatim
 118:Drivers/STM32F7xx_HAL_Driver/Src/stm32f7xx_hal.c ****   * @{
 119:Drivers/STM32F7xx_HAL_Driver/Src/stm32f7xx_hal.c ****   */
 120:Drivers/STM32F7xx_HAL_Driver/Src/stm32f7xx_hal.c **** 
 121:Drivers/STM32F7xx_HAL_Driver/Src/stm32f7xx_hal.c **** /**
 122:Drivers/STM32F7xx_HAL_Driver/Src/stm32f7xx_hal.c ****   * @brief  This function is used to initialize the HAL Library; it must be the first 
 123:Drivers/STM32F7xx_HAL_Driver/Src/stm32f7xx_hal.c ****   *         instruction to be executed in the main program (before to call any other
 124:Drivers/STM32F7xx_HAL_Driver/Src/stm32f7xx_hal.c ****   *         HAL function), it performs the following:
 125:Drivers/STM32F7xx_HAL_Driver/Src/stm32f7xx_hal.c ****   *           Configure the Flash prefetch, and instruction cache through ART accelerator.
 126:Drivers/STM32F7xx_HAL_Driver/Src/stm32f7xx_hal.c ****   *           Configures the SysTick to generate an interrupt each 1 millisecond,
 127:Drivers/STM32F7xx_HAL_Driver/Src/stm32f7xx_hal.c ****   *           which is clocked by the HSI (at this stage, the clock is not yet
 128:Drivers/STM32F7xx_HAL_Driver/Src/stm32f7xx_hal.c ****   *           configured and thus the system is running from the internal HSI at 16 MHz).
 129:Drivers/STM32F7xx_HAL_Driver/Src/stm32f7xx_hal.c ****   *           Set NVIC Group Priority to 4.
 130:Drivers/STM32F7xx_HAL_Driver/Src/stm32f7xx_hal.c ****   *           Calls the HAL_MspInit() callback function defined in user file 
 131:Drivers/STM32F7xx_HAL_Driver/Src/stm32f7xx_hal.c ****   *           "stm32f7xx_hal_msp.c" to do the global low level hardware initialization 
 132:Drivers/STM32F7xx_HAL_Driver/Src/stm32f7xx_hal.c ****   *            
 133:Drivers/STM32F7xx_HAL_Driver/Src/stm32f7xx_hal.c ****   * @note   SysTick is used as time base for the HAL_Delay() function, the application
 134:Drivers/STM32F7xx_HAL_Driver/Src/stm32f7xx_hal.c ****   *         need to ensure that the SysTick time base is always set to 1 millisecond
 135:Drivers/STM32F7xx_HAL_Driver/Src/stm32f7xx_hal.c ****   *         to have correct HAL operation.
 136:Drivers/STM32F7xx_HAL_Driver/Src/stm32f7xx_hal.c ****   * @retval HAL status
 137:Drivers/STM32F7xx_HAL_Driver/Src/stm32f7xx_hal.c ****   */
 138:Drivers/STM32F7xx_HAL_Driver/Src/stm32f7xx_hal.c **** HAL_StatusTypeDef HAL_Init(void)
 139:Drivers/STM32F7xx_HAL_Driver/Src/stm32f7xx_hal.c **** {
 140:Drivers/STM32F7xx_HAL_Driver/Src/stm32f7xx_hal.c ****   /* Configure Instruction cache through ART accelerator */ 
 141:Drivers/STM32F7xx_HAL_Driver/Src/stm32f7xx_hal.c **** #if (ART_ACCELERATOR_ENABLE != 0)
 142:Drivers/STM32F7xx_HAL_Driver/Src/stm32f7xx_hal.c ****   __HAL_FLASH_ART_ENABLE();
 143:Drivers/STM32F7xx_HAL_Driver/Src/stm32f7xx_hal.c **** #endif /* ART_ACCELERATOR_ENABLE */
 144:Drivers/STM32F7xx_HAL_Driver/Src/stm32f7xx_hal.c **** 
 145:Drivers/STM32F7xx_HAL_Driver/Src/stm32f7xx_hal.c ****   /* Configure Flash prefetch */
ARM GAS  /tmp/cc5T0hGW.s 			page 4


 146:Drivers/STM32F7xx_HAL_Driver/Src/stm32f7xx_hal.c **** #if (PREFETCH_ENABLE != 0U)
 147:Drivers/STM32F7xx_HAL_Driver/Src/stm32f7xx_hal.c ****   __HAL_FLASH_PREFETCH_BUFFER_ENABLE();
 148:Drivers/STM32F7xx_HAL_Driver/Src/stm32f7xx_hal.c **** #endif /* PREFETCH_ENABLE */
 149:Drivers/STM32F7xx_HAL_Driver/Src/stm32f7xx_hal.c **** 
 150:Drivers/STM32F7xx_HAL_Driver/Src/stm32f7xx_hal.c ****   /* Set Interrupt Group Priority */
 151:Drivers/STM32F7xx_HAL_Driver/Src/stm32f7xx_hal.c ****   HAL_NVIC_SetPriorityGrouping(NVIC_PRIORITYGROUP_4);
 152:Drivers/STM32F7xx_HAL_Driver/Src/stm32f7xx_hal.c **** 
 153:Drivers/STM32F7xx_HAL_Driver/Src/stm32f7xx_hal.c ****   /* Use systick as time base source and configure 1ms tick (default clock after Reset is HSI) */
 154:Drivers/STM32F7xx_HAL_Driver/Src/stm32f7xx_hal.c ****   HAL_InitTick(TICK_INT_PRIORITY);
 155:Drivers/STM32F7xx_HAL_Driver/Src/stm32f7xx_hal.c **** 
 156:Drivers/STM32F7xx_HAL_Driver/Src/stm32f7xx_hal.c ****   /* Init the low level hardware */
 157:Drivers/STM32F7xx_HAL_Driver/Src/stm32f7xx_hal.c ****   HAL_MspInit();
 158:Drivers/STM32F7xx_HAL_Driver/Src/stm32f7xx_hal.c **** 
 159:Drivers/STM32F7xx_HAL_Driver/Src/stm32f7xx_hal.c ****   /* Return function status */
 160:Drivers/STM32F7xx_HAL_Driver/Src/stm32f7xx_hal.c ****   return HAL_OK;
 161:Drivers/STM32F7xx_HAL_Driver/Src/stm32f7xx_hal.c **** }
 162:Drivers/STM32F7xx_HAL_Driver/Src/stm32f7xx_hal.c **** 
 163:Drivers/STM32F7xx_HAL_Driver/Src/stm32f7xx_hal.c **** /**
 164:Drivers/STM32F7xx_HAL_Driver/Src/stm32f7xx_hal.c ****   * @brief  This function de-Initializes common part of the HAL and stops the systick.
 165:Drivers/STM32F7xx_HAL_Driver/Src/stm32f7xx_hal.c ****   *         This function is optional.   
 166:Drivers/STM32F7xx_HAL_Driver/Src/stm32f7xx_hal.c ****   * @retval HAL status
 167:Drivers/STM32F7xx_HAL_Driver/Src/stm32f7xx_hal.c ****   */
 168:Drivers/STM32F7xx_HAL_Driver/Src/stm32f7xx_hal.c **** HAL_StatusTypeDef HAL_DeInit(void)
 169:Drivers/STM32F7xx_HAL_Driver/Src/stm32f7xx_hal.c **** {
 170:Drivers/STM32F7xx_HAL_Driver/Src/stm32f7xx_hal.c ****   /* Reset of all peripherals */
 171:Drivers/STM32F7xx_HAL_Driver/Src/stm32f7xx_hal.c ****   __HAL_RCC_APB1_FORCE_RESET();
 172:Drivers/STM32F7xx_HAL_Driver/Src/stm32f7xx_hal.c ****   __HAL_RCC_APB1_RELEASE_RESET();
 173:Drivers/STM32F7xx_HAL_Driver/Src/stm32f7xx_hal.c **** 
 174:Drivers/STM32F7xx_HAL_Driver/Src/stm32f7xx_hal.c ****   __HAL_RCC_APB2_FORCE_RESET();
 175:Drivers/STM32F7xx_HAL_Driver/Src/stm32f7xx_hal.c ****   __HAL_RCC_APB2_RELEASE_RESET();
 176:Drivers/STM32F7xx_HAL_Driver/Src/stm32f7xx_hal.c **** 
 177:Drivers/STM32F7xx_HAL_Driver/Src/stm32f7xx_hal.c ****   __HAL_RCC_AHB1_FORCE_RESET();
 178:Drivers/STM32F7xx_HAL_Driver/Src/stm32f7xx_hal.c ****   __HAL_RCC_AHB1_RELEASE_RESET();
 179:Drivers/STM32F7xx_HAL_Driver/Src/stm32f7xx_hal.c **** 
 180:Drivers/STM32F7xx_HAL_Driver/Src/stm32f7xx_hal.c ****   __HAL_RCC_AHB2_FORCE_RESET();
 181:Drivers/STM32F7xx_HAL_Driver/Src/stm32f7xx_hal.c ****   __HAL_RCC_AHB2_RELEASE_RESET();
 182:Drivers/STM32F7xx_HAL_Driver/Src/stm32f7xx_hal.c **** 
 183:Drivers/STM32F7xx_HAL_Driver/Src/stm32f7xx_hal.c ****   __HAL_RCC_AHB3_FORCE_RESET();
 184:Drivers/STM32F7xx_HAL_Driver/Src/stm32f7xx_hal.c ****   __HAL_RCC_AHB3_RELEASE_RESET();
 185:Drivers/STM32F7xx_HAL_Driver/Src/stm32f7xx_hal.c **** 
 186:Drivers/STM32F7xx_HAL_Driver/Src/stm32f7xx_hal.c ****   /* De-Init the low level hardware */
 187:Drivers/STM32F7xx_HAL_Driver/Src/stm32f7xx_hal.c ****   HAL_MspDeInit();
 188:Drivers/STM32F7xx_HAL_Driver/Src/stm32f7xx_hal.c **** 
 189:Drivers/STM32F7xx_HAL_Driver/Src/stm32f7xx_hal.c ****   /* Return function status */
 190:Drivers/STM32F7xx_HAL_Driver/Src/stm32f7xx_hal.c ****   return HAL_OK;
 191:Drivers/STM32F7xx_HAL_Driver/Src/stm32f7xx_hal.c **** }
 192:Drivers/STM32F7xx_HAL_Driver/Src/stm32f7xx_hal.c **** 
 193:Drivers/STM32F7xx_HAL_Driver/Src/stm32f7xx_hal.c **** /**
 194:Drivers/STM32F7xx_HAL_Driver/Src/stm32f7xx_hal.c ****   * @brief  Initialize the MSP.
 195:Drivers/STM32F7xx_HAL_Driver/Src/stm32f7xx_hal.c ****   * @retval None
 196:Drivers/STM32F7xx_HAL_Driver/Src/stm32f7xx_hal.c ****   */
 197:Drivers/STM32F7xx_HAL_Driver/Src/stm32f7xx_hal.c **** __weak void HAL_MspInit(void)
 198:Drivers/STM32F7xx_HAL_Driver/Src/stm32f7xx_hal.c **** {
  28              		.loc 1 198 1 view -0
  29              		.cfi_startproc
  30              		@ args = 0, pretend = 0, frame = 0
  31              		@ frame_needed = 0, uses_anonymous_args = 0
ARM GAS  /tmp/cc5T0hGW.s 			page 5


  32              		@ link register save eliminated.
 199:Drivers/STM32F7xx_HAL_Driver/Src/stm32f7xx_hal.c ****   /* NOTE : This function should not be modified, when the callback is needed,
 200:Drivers/STM32F7xx_HAL_Driver/Src/stm32f7xx_hal.c ****             the HAL_MspInit could be implemented in the user file
 201:Drivers/STM32F7xx_HAL_Driver/Src/stm32f7xx_hal.c ****    */
 202:Drivers/STM32F7xx_HAL_Driver/Src/stm32f7xx_hal.c **** }
  33              		.loc 1 202 1 view .LVU1
  34 0000 7047     		bx	lr
  35              		.cfi_endproc
  36              	.LFE143:
  38              		.section	.text.HAL_MspDeInit,"ax",%progbits
  39              		.align	1
  40              		.weak	HAL_MspDeInit
  41              		.syntax unified
  42              		.thumb
  43              		.thumb_func
  45              	HAL_MspDeInit:
  46              	.LFB144:
 203:Drivers/STM32F7xx_HAL_Driver/Src/stm32f7xx_hal.c **** 
 204:Drivers/STM32F7xx_HAL_Driver/Src/stm32f7xx_hal.c **** /**
 205:Drivers/STM32F7xx_HAL_Driver/Src/stm32f7xx_hal.c ****   * @brief  DeInitializes the MSP.
 206:Drivers/STM32F7xx_HAL_Driver/Src/stm32f7xx_hal.c ****   * @retval None
 207:Drivers/STM32F7xx_HAL_Driver/Src/stm32f7xx_hal.c ****   */
 208:Drivers/STM32F7xx_HAL_Driver/Src/stm32f7xx_hal.c **** __weak void HAL_MspDeInit(void)
 209:Drivers/STM32F7xx_HAL_Driver/Src/stm32f7xx_hal.c **** {
  47              		.loc 1 209 1 view -0
  48              		.cfi_startproc
  49              		@ args = 0, pretend = 0, frame = 0
  50              		@ frame_needed = 0, uses_anonymous_args = 0
  51              		@ link register save eliminated.
 210:Drivers/STM32F7xx_HAL_Driver/Src/stm32f7xx_hal.c ****   /* NOTE : This function should not be modified, when the callback is needed,
 211:Drivers/STM32F7xx_HAL_Driver/Src/stm32f7xx_hal.c ****             the HAL_MspDeInit could be implemented in the user file
 212:Drivers/STM32F7xx_HAL_Driver/Src/stm32f7xx_hal.c ****    */ 
 213:Drivers/STM32F7xx_HAL_Driver/Src/stm32f7xx_hal.c **** }
  52              		.loc 1 213 1 view .LVU3
  53 0000 7047     		bx	lr
  54              		.cfi_endproc
  55              	.LFE144:
  57              		.section	.text.HAL_DeInit,"ax",%progbits
  58              		.align	1
  59              		.global	HAL_DeInit
  60              		.syntax unified
  61              		.thumb
  62              		.thumb_func
  64              	HAL_DeInit:
  65              	.LFB142:
 169:Drivers/STM32F7xx_HAL_Driver/Src/stm32f7xx_hal.c ****   /* Reset of all peripherals */
  66              		.loc 1 169 1 view -0
  67              		.cfi_startproc
  68              		@ args = 0, pretend = 0, frame = 0
  69              		@ frame_needed = 0, uses_anonymous_args = 0
  70 0000 10B5     		push	{r4, lr}
  71              	.LCFI0:
  72              		.cfi_def_cfa_offset 8
  73              		.cfi_offset 4, -8
  74              		.cfi_offset 14, -4
 171:Drivers/STM32F7xx_HAL_Driver/Src/stm32f7xx_hal.c ****   __HAL_RCC_APB1_RELEASE_RESET();
  75              		.loc 1 171 3 view .LVU5
ARM GAS  /tmp/cc5T0hGW.s 			page 6


  76 0002 094B     		ldr	r3, .L5
  77 0004 4FF0FF32 		mov	r2, #-1
  78 0008 1A62     		str	r2, [r3, #32]
 172:Drivers/STM32F7xx_HAL_Driver/Src/stm32f7xx_hal.c **** 
  79              		.loc 1 172 3 view .LVU6
  80 000a 0024     		movs	r4, #0
  81 000c 1C62     		str	r4, [r3, #32]
 174:Drivers/STM32F7xx_HAL_Driver/Src/stm32f7xx_hal.c ****   __HAL_RCC_APB2_RELEASE_RESET();
  82              		.loc 1 174 3 view .LVU7
  83 000e 5A62     		str	r2, [r3, #36]
 175:Drivers/STM32F7xx_HAL_Driver/Src/stm32f7xx_hal.c **** 
  84              		.loc 1 175 3 view .LVU8
  85 0010 5C62     		str	r4, [r3, #36]
 177:Drivers/STM32F7xx_HAL_Driver/Src/stm32f7xx_hal.c ****   __HAL_RCC_AHB1_RELEASE_RESET();
  86              		.loc 1 177 3 view .LVU9
  87 0012 1A61     		str	r2, [r3, #16]
 178:Drivers/STM32F7xx_HAL_Driver/Src/stm32f7xx_hal.c **** 
  88              		.loc 1 178 3 view .LVU10
  89 0014 1C61     		str	r4, [r3, #16]
 180:Drivers/STM32F7xx_HAL_Driver/Src/stm32f7xx_hal.c ****   __HAL_RCC_AHB2_RELEASE_RESET();
  90              		.loc 1 180 3 view .LVU11
  91 0016 5A61     		str	r2, [r3, #20]
 181:Drivers/STM32F7xx_HAL_Driver/Src/stm32f7xx_hal.c **** 
  92              		.loc 1 181 3 view .LVU12
  93 0018 5C61     		str	r4, [r3, #20]
 183:Drivers/STM32F7xx_HAL_Driver/Src/stm32f7xx_hal.c ****   __HAL_RCC_AHB3_RELEASE_RESET();
  94              		.loc 1 183 3 view .LVU13
  95 001a 9A61     		str	r2, [r3, #24]
 184:Drivers/STM32F7xx_HAL_Driver/Src/stm32f7xx_hal.c **** 
  96              		.loc 1 184 3 view .LVU14
  97 001c 9C61     		str	r4, [r3, #24]
 187:Drivers/STM32F7xx_HAL_Driver/Src/stm32f7xx_hal.c **** 
  98              		.loc 1 187 3 view .LVU15
  99 001e FFF7FEFF 		bl	HAL_MspDeInit
 100              	.LVL0:
 190:Drivers/STM32F7xx_HAL_Driver/Src/stm32f7xx_hal.c **** }
 101              		.loc 1 190 3 view .LVU16
 191:Drivers/STM32F7xx_HAL_Driver/Src/stm32f7xx_hal.c **** 
 102              		.loc 1 191 1 is_stmt 0 view .LVU17
 103 0022 2046     		mov	r0, r4
 104 0024 10BD     		pop	{r4, pc}
 105              	.L6:
 106 0026 00BF     		.align	2
 107              	.L5:
 108 0028 00380240 		.word	1073887232
 109              		.cfi_endproc
 110              	.LFE142:
 112              		.section	.text.HAL_InitTick,"ax",%progbits
 113              		.align	1
 114              		.weak	HAL_InitTick
 115              		.syntax unified
 116              		.thumb
 117              		.thumb_func
 119              	HAL_InitTick:
 120              	.LVL1:
 121              	.LFB145:
 214:Drivers/STM32F7xx_HAL_Driver/Src/stm32f7xx_hal.c **** 
ARM GAS  /tmp/cc5T0hGW.s 			page 7


 215:Drivers/STM32F7xx_HAL_Driver/Src/stm32f7xx_hal.c **** /**
 216:Drivers/STM32F7xx_HAL_Driver/Src/stm32f7xx_hal.c ****   * @brief This function configures the source of the time base.
 217:Drivers/STM32F7xx_HAL_Driver/Src/stm32f7xx_hal.c ****   *        The time source is configured  to have 1ms time base with a dedicated 
 218:Drivers/STM32F7xx_HAL_Driver/Src/stm32f7xx_hal.c ****   *        Tick interrupt priority.
 219:Drivers/STM32F7xx_HAL_Driver/Src/stm32f7xx_hal.c ****   * @note This function is called  automatically at the beginning of program after
 220:Drivers/STM32F7xx_HAL_Driver/Src/stm32f7xx_hal.c ****   *       reset by HAL_Init() or at any time when clock is reconfigured  by HAL_RCC_ClockConfig().
 221:Drivers/STM32F7xx_HAL_Driver/Src/stm32f7xx_hal.c ****   * @note In the default implementation, SysTick timer is the source of time base. 
 222:Drivers/STM32F7xx_HAL_Driver/Src/stm32f7xx_hal.c ****   *       It is used to generate interrupts at regular time intervals. 
 223:Drivers/STM32F7xx_HAL_Driver/Src/stm32f7xx_hal.c ****   *       Care must be taken if HAL_Delay() is called from a peripheral ISR process, 
 224:Drivers/STM32F7xx_HAL_Driver/Src/stm32f7xx_hal.c ****   *       The SysTick interrupt must have higher priority (numerically lower)
 225:Drivers/STM32F7xx_HAL_Driver/Src/stm32f7xx_hal.c ****   *       than the peripheral interrupt. Otherwise the caller ISR process will be blocked.
 226:Drivers/STM32F7xx_HAL_Driver/Src/stm32f7xx_hal.c ****   *       The function is declared as __weak  to be overwritten  in case of other
 227:Drivers/STM32F7xx_HAL_Driver/Src/stm32f7xx_hal.c ****   *       implementation  in user file.
 228:Drivers/STM32F7xx_HAL_Driver/Src/stm32f7xx_hal.c ****   * @param TickPriority Tick interrupt priority.
 229:Drivers/STM32F7xx_HAL_Driver/Src/stm32f7xx_hal.c ****   * @retval HAL status
 230:Drivers/STM32F7xx_HAL_Driver/Src/stm32f7xx_hal.c ****   */
 231:Drivers/STM32F7xx_HAL_Driver/Src/stm32f7xx_hal.c **** __weak HAL_StatusTypeDef HAL_InitTick(uint32_t TickPriority)
 232:Drivers/STM32F7xx_HAL_Driver/Src/stm32f7xx_hal.c **** {
 122              		.loc 1 232 1 is_stmt 1 view -0
 123              		.cfi_startproc
 124              		@ args = 0, pretend = 0, frame = 0
 125              		@ frame_needed = 0, uses_anonymous_args = 0
 126              		.loc 1 232 1 is_stmt 0 view .LVU19
 127 0000 10B5     		push	{r4, lr}
 128              	.LCFI1:
 129              		.cfi_def_cfa_offset 8
 130              		.cfi_offset 4, -8
 131              		.cfi_offset 14, -4
 132 0002 0446     		mov	r4, r0
 233:Drivers/STM32F7xx_HAL_Driver/Src/stm32f7xx_hal.c ****   /* Configure the SysTick to have interrupt in 1ms time basis*/
 234:Drivers/STM32F7xx_HAL_Driver/Src/stm32f7xx_hal.c ****   if (HAL_SYSTICK_Config(SystemCoreClock / (1000U / uwTickFreq)) > 0U)
 133              		.loc 1 234 3 is_stmt 1 view .LVU20
 134              		.loc 1 234 51 is_stmt 0 view .LVU21
 135 0004 0E4B     		ldr	r3, .L13
 136 0006 1A78     		ldrb	r2, [r3]	@ zero_extendqisi2
 137 0008 4FF47A73 		mov	r3, #1000
 138 000c B3FBF2F3 		udiv	r3, r3, r2
 139              		.loc 1 234 7 view .LVU22
 140 0010 0C4A     		ldr	r2, .L13+4
 141 0012 1068     		ldr	r0, [r2]
 142              	.LVL2:
 143              		.loc 1 234 7 view .LVU23
 144 0014 B0FBF3F0 		udiv	r0, r0, r3
 145 0018 FFF7FEFF 		bl	HAL_SYSTICK_Config
 146              	.LVL3:
 147              		.loc 1 234 6 view .LVU24
 148 001c 68B9     		cbnz	r0, .L9
 235:Drivers/STM32F7xx_HAL_Driver/Src/stm32f7xx_hal.c ****   {
 236:Drivers/STM32F7xx_HAL_Driver/Src/stm32f7xx_hal.c ****     return HAL_ERROR;
 237:Drivers/STM32F7xx_HAL_Driver/Src/stm32f7xx_hal.c ****   }
 238:Drivers/STM32F7xx_HAL_Driver/Src/stm32f7xx_hal.c **** 
 239:Drivers/STM32F7xx_HAL_Driver/Src/stm32f7xx_hal.c ****   /* Configure the SysTick IRQ priority */
 240:Drivers/STM32F7xx_HAL_Driver/Src/stm32f7xx_hal.c ****   if (TickPriority < (1UL << __NVIC_PRIO_BITS))
 149              		.loc 1 240 3 is_stmt 1 view .LVU25
 150              		.loc 1 240 6 is_stmt 0 view .LVU26
 151 001e 0F2C     		cmp	r4, #15
 152 0020 01D9     		bls	.L12
ARM GAS  /tmp/cc5T0hGW.s 			page 8


 241:Drivers/STM32F7xx_HAL_Driver/Src/stm32f7xx_hal.c ****   {
 242:Drivers/STM32F7xx_HAL_Driver/Src/stm32f7xx_hal.c ****     HAL_NVIC_SetPriority(SysTick_IRQn, TickPriority, 0U);
 243:Drivers/STM32F7xx_HAL_Driver/Src/stm32f7xx_hal.c ****     uwTickPrio = TickPriority;
 244:Drivers/STM32F7xx_HAL_Driver/Src/stm32f7xx_hal.c ****   }
 245:Drivers/STM32F7xx_HAL_Driver/Src/stm32f7xx_hal.c ****   else
 246:Drivers/STM32F7xx_HAL_Driver/Src/stm32f7xx_hal.c ****   {
 247:Drivers/STM32F7xx_HAL_Driver/Src/stm32f7xx_hal.c ****     return HAL_ERROR;
 153              		.loc 1 247 12 view .LVU27
 154 0022 0120     		movs	r0, #1
 155 0024 0AE0     		b	.L8
 156              	.L12:
 242:Drivers/STM32F7xx_HAL_Driver/Src/stm32f7xx_hal.c ****     uwTickPrio = TickPriority;
 157              		.loc 1 242 5 is_stmt 1 view .LVU28
 158 0026 0022     		movs	r2, #0
 159 0028 2146     		mov	r1, r4
 160 002a 4FF0FF30 		mov	r0, #-1
 161 002e FFF7FEFF 		bl	HAL_NVIC_SetPriority
 162              	.LVL4:
 243:Drivers/STM32F7xx_HAL_Driver/Src/stm32f7xx_hal.c ****   }
 163              		.loc 1 243 5 view .LVU29
 243:Drivers/STM32F7xx_HAL_Driver/Src/stm32f7xx_hal.c ****   }
 164              		.loc 1 243 16 is_stmt 0 view .LVU30
 165 0032 054B     		ldr	r3, .L13+8
 166 0034 1C60     		str	r4, [r3]
 248:Drivers/STM32F7xx_HAL_Driver/Src/stm32f7xx_hal.c ****   }
 249:Drivers/STM32F7xx_HAL_Driver/Src/stm32f7xx_hal.c **** 
 250:Drivers/STM32F7xx_HAL_Driver/Src/stm32f7xx_hal.c ****   /* Return function status */
 251:Drivers/STM32F7xx_HAL_Driver/Src/stm32f7xx_hal.c ****   return HAL_OK;
 167              		.loc 1 251 3 is_stmt 1 view .LVU31
 168              		.loc 1 251 10 is_stmt 0 view .LVU32
 169 0036 0020     		movs	r0, #0
 170 0038 00E0     		b	.L8
 171              	.L9:
 236:Drivers/STM32F7xx_HAL_Driver/Src/stm32f7xx_hal.c ****   }
 172              		.loc 1 236 12 view .LVU33
 173 003a 0120     		movs	r0, #1
 174              	.L8:
 252:Drivers/STM32F7xx_HAL_Driver/Src/stm32f7xx_hal.c **** }
 175              		.loc 1 252 1 view .LVU34
 176 003c 10BD     		pop	{r4, pc}
 177              	.LVL5:
 178              	.L14:
 179              		.loc 1 252 1 view .LVU35
 180 003e 00BF     		.align	2
 181              	.L13:
 182 0040 00000000 		.word	uwTickFreq
 183 0044 00000000 		.word	SystemCoreClock
 184 0048 00000000 		.word	uwTickPrio
 185              		.cfi_endproc
 186              	.LFE145:
 188              		.section	.text.HAL_Init,"ax",%progbits
 189              		.align	1
 190              		.global	HAL_Init
 191              		.syntax unified
 192              		.thumb
 193              		.thumb_func
 195              	HAL_Init:
ARM GAS  /tmp/cc5T0hGW.s 			page 9


 196              	.LFB141:
 139:Drivers/STM32F7xx_HAL_Driver/Src/stm32f7xx_hal.c ****   /* Configure Instruction cache through ART accelerator */ 
 197              		.loc 1 139 1 is_stmt 1 view -0
 198              		.cfi_startproc
 199              		@ args = 0, pretend = 0, frame = 0
 200              		@ frame_needed = 0, uses_anonymous_args = 0
 201 0000 08B5     		push	{r3, lr}
 202              	.LCFI2:
 203              		.cfi_def_cfa_offset 8
 204              		.cfi_offset 3, -8
 205              		.cfi_offset 14, -4
 147:Drivers/STM32F7xx_HAL_Driver/Src/stm32f7xx_hal.c **** #endif /* PREFETCH_ENABLE */
 206              		.loc 1 147 3 view .LVU37
 207 0002 074A     		ldr	r2, .L17
 208 0004 1368     		ldr	r3, [r2]
 209 0006 43F48073 		orr	r3, r3, #256
 210 000a 1360     		str	r3, [r2]
 151:Drivers/STM32F7xx_HAL_Driver/Src/stm32f7xx_hal.c **** 
 211              		.loc 1 151 3 view .LVU38
 212 000c 0320     		movs	r0, #3
 213 000e FFF7FEFF 		bl	HAL_NVIC_SetPriorityGrouping
 214              	.LVL6:
 154:Drivers/STM32F7xx_HAL_Driver/Src/stm32f7xx_hal.c **** 
 215              		.loc 1 154 3 view .LVU39
 216 0012 0F20     		movs	r0, #15
 217 0014 FFF7FEFF 		bl	HAL_InitTick
 218              	.LVL7:
 157:Drivers/STM32F7xx_HAL_Driver/Src/stm32f7xx_hal.c **** 
 219              		.loc 1 157 3 view .LVU40
 220 0018 FFF7FEFF 		bl	HAL_MspInit
 221              	.LVL8:
 160:Drivers/STM32F7xx_HAL_Driver/Src/stm32f7xx_hal.c **** }
 222              		.loc 1 160 3 view .LVU41
 161:Drivers/STM32F7xx_HAL_Driver/Src/stm32f7xx_hal.c **** 
 223              		.loc 1 161 1 is_stmt 0 view .LVU42
 224 001c 0020     		movs	r0, #0
 225 001e 08BD     		pop	{r3, pc}
 226              	.L18:
 227              		.align	2
 228              	.L17:
 229 0020 003C0240 		.word	1073888256
 230              		.cfi_endproc
 231              	.LFE141:
 233              		.section	.text.HAL_IncTick,"ax",%progbits
 234              		.align	1
 235              		.weak	HAL_IncTick
 236              		.syntax unified
 237              		.thumb
 238              		.thumb_func
 240              	HAL_IncTick:
 241              	.LFB146:
 253:Drivers/STM32F7xx_HAL_Driver/Src/stm32f7xx_hal.c **** 
 254:Drivers/STM32F7xx_HAL_Driver/Src/stm32f7xx_hal.c **** /**
 255:Drivers/STM32F7xx_HAL_Driver/Src/stm32f7xx_hal.c ****   * @}
 256:Drivers/STM32F7xx_HAL_Driver/Src/stm32f7xx_hal.c ****   */
 257:Drivers/STM32F7xx_HAL_Driver/Src/stm32f7xx_hal.c **** 
 258:Drivers/STM32F7xx_HAL_Driver/Src/stm32f7xx_hal.c **** /** @defgroup HAL_Exported_Functions_Group2 HAL Control functions 
ARM GAS  /tmp/cc5T0hGW.s 			page 10


 259:Drivers/STM32F7xx_HAL_Driver/Src/stm32f7xx_hal.c ****  *  @brief    HAL Control functions
 260:Drivers/STM32F7xx_HAL_Driver/Src/stm32f7xx_hal.c ****  *
 261:Drivers/STM32F7xx_HAL_Driver/Src/stm32f7xx_hal.c **** @verbatim
 262:Drivers/STM32F7xx_HAL_Driver/Src/stm32f7xx_hal.c ****  ===============================================================================
 263:Drivers/STM32F7xx_HAL_Driver/Src/stm32f7xx_hal.c ****                       ##### HAL Control functions #####
 264:Drivers/STM32F7xx_HAL_Driver/Src/stm32f7xx_hal.c ****  ===============================================================================
 265:Drivers/STM32F7xx_HAL_Driver/Src/stm32f7xx_hal.c ****     [..]  This section provides functions allowing to:
 266:Drivers/STM32F7xx_HAL_Driver/Src/stm32f7xx_hal.c ****       (+) Provide a tick value in millisecond
 267:Drivers/STM32F7xx_HAL_Driver/Src/stm32f7xx_hal.c ****       (+) Provide a blocking delay in millisecond
 268:Drivers/STM32F7xx_HAL_Driver/Src/stm32f7xx_hal.c ****       (+) Suspend the time base source interrupt
 269:Drivers/STM32F7xx_HAL_Driver/Src/stm32f7xx_hal.c ****       (+) Resume the time base source interrupt
 270:Drivers/STM32F7xx_HAL_Driver/Src/stm32f7xx_hal.c ****       (+) Get the HAL API driver version
 271:Drivers/STM32F7xx_HAL_Driver/Src/stm32f7xx_hal.c ****       (+) Get the device identifier
 272:Drivers/STM32F7xx_HAL_Driver/Src/stm32f7xx_hal.c ****       (+) Get the device revision identifier
 273:Drivers/STM32F7xx_HAL_Driver/Src/stm32f7xx_hal.c ****       (+) Enable/Disable Debug module during SLEEP mode
 274:Drivers/STM32F7xx_HAL_Driver/Src/stm32f7xx_hal.c ****       (+) Enable/Disable Debug module during STOP mode
 275:Drivers/STM32F7xx_HAL_Driver/Src/stm32f7xx_hal.c ****       (+) Enable/Disable Debug module during STANDBY mode
 276:Drivers/STM32F7xx_HAL_Driver/Src/stm32f7xx_hal.c **** 
 277:Drivers/STM32F7xx_HAL_Driver/Src/stm32f7xx_hal.c **** @endverbatim
 278:Drivers/STM32F7xx_HAL_Driver/Src/stm32f7xx_hal.c ****   * @{
 279:Drivers/STM32F7xx_HAL_Driver/Src/stm32f7xx_hal.c ****   */
 280:Drivers/STM32F7xx_HAL_Driver/Src/stm32f7xx_hal.c **** 
 281:Drivers/STM32F7xx_HAL_Driver/Src/stm32f7xx_hal.c **** /**
 282:Drivers/STM32F7xx_HAL_Driver/Src/stm32f7xx_hal.c ****   * @brief This function is called to increment  a global variable "uwTick"
 283:Drivers/STM32F7xx_HAL_Driver/Src/stm32f7xx_hal.c ****   *        used as application time base.
 284:Drivers/STM32F7xx_HAL_Driver/Src/stm32f7xx_hal.c ****   * @note In the default implementation, this variable is incremented each 1ms
 285:Drivers/STM32F7xx_HAL_Driver/Src/stm32f7xx_hal.c ****   *       in SysTick ISR.
 286:Drivers/STM32F7xx_HAL_Driver/Src/stm32f7xx_hal.c ****  * @note This function is declared as __weak to be overwritten in case of other 
 287:Drivers/STM32F7xx_HAL_Driver/Src/stm32f7xx_hal.c ****   *      implementations in user file.
 288:Drivers/STM32F7xx_HAL_Driver/Src/stm32f7xx_hal.c ****   * @retval None
 289:Drivers/STM32F7xx_HAL_Driver/Src/stm32f7xx_hal.c ****   */
 290:Drivers/STM32F7xx_HAL_Driver/Src/stm32f7xx_hal.c **** __weak void HAL_IncTick(void)
 291:Drivers/STM32F7xx_HAL_Driver/Src/stm32f7xx_hal.c **** {
 242              		.loc 1 291 1 is_stmt 1 view -0
 243              		.cfi_startproc
 244              		@ args = 0, pretend = 0, frame = 0
 245              		@ frame_needed = 0, uses_anonymous_args = 0
 246              		@ link register save eliminated.
 292:Drivers/STM32F7xx_HAL_Driver/Src/stm32f7xx_hal.c ****   uwTick += uwTickFreq;
 247              		.loc 1 292 3 view .LVU44
 248              		.loc 1 292 10 is_stmt 0 view .LVU45
 249 0000 034A     		ldr	r2, .L20
 250 0002 1168     		ldr	r1, [r2]
 251 0004 034B     		ldr	r3, .L20+4
 252 0006 1B78     		ldrb	r3, [r3]	@ zero_extendqisi2
 253 0008 0B44     		add	r3, r3, r1
 254 000a 1360     		str	r3, [r2]
 293:Drivers/STM32F7xx_HAL_Driver/Src/stm32f7xx_hal.c **** }
 255              		.loc 1 293 1 view .LVU46
 256 000c 7047     		bx	lr
 257              	.L21:
 258 000e 00BF     		.align	2
 259              	.L20:
 260 0010 00000000 		.word	uwTick
 261 0014 00000000 		.word	uwTickFreq
 262              		.cfi_endproc
 263              	.LFE146:
ARM GAS  /tmp/cc5T0hGW.s 			page 11


 265              		.section	.text.HAL_GetTick,"ax",%progbits
 266              		.align	1
 267              		.weak	HAL_GetTick
 268              		.syntax unified
 269              		.thumb
 270              		.thumb_func
 272              	HAL_GetTick:
 273              	.LFB147:
 294:Drivers/STM32F7xx_HAL_Driver/Src/stm32f7xx_hal.c **** 
 295:Drivers/STM32F7xx_HAL_Driver/Src/stm32f7xx_hal.c **** /**
 296:Drivers/STM32F7xx_HAL_Driver/Src/stm32f7xx_hal.c ****   * @brief Provides a tick value in millisecond.
 297:Drivers/STM32F7xx_HAL_Driver/Src/stm32f7xx_hal.c ****   * @note This function is declared as __weak to be overwritten in case of other 
 298:Drivers/STM32F7xx_HAL_Driver/Src/stm32f7xx_hal.c ****   *       implementations in user file.
 299:Drivers/STM32F7xx_HAL_Driver/Src/stm32f7xx_hal.c ****   * @retval tick value
 300:Drivers/STM32F7xx_HAL_Driver/Src/stm32f7xx_hal.c ****   */
 301:Drivers/STM32F7xx_HAL_Driver/Src/stm32f7xx_hal.c **** __weak uint32_t HAL_GetTick(void)
 302:Drivers/STM32F7xx_HAL_Driver/Src/stm32f7xx_hal.c **** {
 274              		.loc 1 302 1 is_stmt 1 view -0
 275              		.cfi_startproc
 276              		@ args = 0, pretend = 0, frame = 0
 277              		@ frame_needed = 0, uses_anonymous_args = 0
 278              		@ link register save eliminated.
 303:Drivers/STM32F7xx_HAL_Driver/Src/stm32f7xx_hal.c ****   return uwTick;
 279              		.loc 1 303 3 view .LVU48
 280              		.loc 1 303 10 is_stmt 0 view .LVU49
 281 0000 014B     		ldr	r3, .L23
 282 0002 1868     		ldr	r0, [r3]
 304:Drivers/STM32F7xx_HAL_Driver/Src/stm32f7xx_hal.c **** }
 283              		.loc 1 304 1 view .LVU50
 284 0004 7047     		bx	lr
 285              	.L24:
 286 0006 00BF     		.align	2
 287              	.L23:
 288 0008 00000000 		.word	uwTick
 289              		.cfi_endproc
 290              	.LFE147:
 292              		.section	.text.HAL_GetTickPrio,"ax",%progbits
 293              		.align	1
 294              		.global	HAL_GetTickPrio
 295              		.syntax unified
 296              		.thumb
 297              		.thumb_func
 299              	HAL_GetTickPrio:
 300              	.LFB148:
 305:Drivers/STM32F7xx_HAL_Driver/Src/stm32f7xx_hal.c **** 
 306:Drivers/STM32F7xx_HAL_Driver/Src/stm32f7xx_hal.c **** /**
 307:Drivers/STM32F7xx_HAL_Driver/Src/stm32f7xx_hal.c ****   * @brief This function returns a tick priority.
 308:Drivers/STM32F7xx_HAL_Driver/Src/stm32f7xx_hal.c ****   * @retval tick priority
 309:Drivers/STM32F7xx_HAL_Driver/Src/stm32f7xx_hal.c ****   */
 310:Drivers/STM32F7xx_HAL_Driver/Src/stm32f7xx_hal.c **** uint32_t HAL_GetTickPrio(void)
 311:Drivers/STM32F7xx_HAL_Driver/Src/stm32f7xx_hal.c **** {
 301              		.loc 1 311 1 is_stmt 1 view -0
 302              		.cfi_startproc
 303              		@ args = 0, pretend = 0, frame = 0
 304              		@ frame_needed = 0, uses_anonymous_args = 0
 305              		@ link register save eliminated.
 312:Drivers/STM32F7xx_HAL_Driver/Src/stm32f7xx_hal.c ****   return uwTickPrio;
ARM GAS  /tmp/cc5T0hGW.s 			page 12


 306              		.loc 1 312 3 view .LVU52
 313:Drivers/STM32F7xx_HAL_Driver/Src/stm32f7xx_hal.c **** }
 307              		.loc 1 313 1 is_stmt 0 view .LVU53
 308 0000 014B     		ldr	r3, .L26
 309 0002 1868     		ldr	r0, [r3]
 310 0004 7047     		bx	lr
 311              	.L27:
 312 0006 00BF     		.align	2
 313              	.L26:
 314 0008 00000000 		.word	uwTickPrio
 315              		.cfi_endproc
 316              	.LFE148:
 318              		.section	.text.HAL_SetTickFreq,"ax",%progbits
 319              		.align	1
 320              		.global	HAL_SetTickFreq
 321              		.syntax unified
 322              		.thumb
 323              		.thumb_func
 325              	HAL_SetTickFreq:
 326              	.LVL9:
 327              	.LFB149:
 314:Drivers/STM32F7xx_HAL_Driver/Src/stm32f7xx_hal.c **** 
 315:Drivers/STM32F7xx_HAL_Driver/Src/stm32f7xx_hal.c **** /**
 316:Drivers/STM32F7xx_HAL_Driver/Src/stm32f7xx_hal.c ****   * @brief Set new tick Freq.
 317:Drivers/STM32F7xx_HAL_Driver/Src/stm32f7xx_hal.c ****   * @retval Status
 318:Drivers/STM32F7xx_HAL_Driver/Src/stm32f7xx_hal.c ****   */
 319:Drivers/STM32F7xx_HAL_Driver/Src/stm32f7xx_hal.c **** HAL_StatusTypeDef HAL_SetTickFreq(HAL_TickFreqTypeDef Freq)
 320:Drivers/STM32F7xx_HAL_Driver/Src/stm32f7xx_hal.c **** {
 328              		.loc 1 320 1 is_stmt 1 view -0
 329              		.cfi_startproc
 330              		@ args = 0, pretend = 0, frame = 0
 331              		@ frame_needed = 0, uses_anonymous_args = 0
 332              		.loc 1 320 1 is_stmt 0 view .LVU55
 333 0000 10B5     		push	{r4, lr}
 334              	.LCFI3:
 335              		.cfi_def_cfa_offset 8
 336              		.cfi_offset 4, -8
 337              		.cfi_offset 14, -4
 321:Drivers/STM32F7xx_HAL_Driver/Src/stm32f7xx_hal.c ****   HAL_StatusTypeDef status  = HAL_OK;
 338              		.loc 1 321 3 is_stmt 1 view .LVU56
 339              	.LVL10:
 322:Drivers/STM32F7xx_HAL_Driver/Src/stm32f7xx_hal.c ****   HAL_TickFreqTypeDef prevTickFreq;
 340              		.loc 1 322 3 view .LVU57
 323:Drivers/STM32F7xx_HAL_Driver/Src/stm32f7xx_hal.c **** 
 324:Drivers/STM32F7xx_HAL_Driver/Src/stm32f7xx_hal.c ****   assert_param(IS_TICKFREQ(Freq));
 341              		.loc 1 324 3 view .LVU58
 325:Drivers/STM32F7xx_HAL_Driver/Src/stm32f7xx_hal.c **** 
 326:Drivers/STM32F7xx_HAL_Driver/Src/stm32f7xx_hal.c ****   if (uwTickFreq != Freq)
 342              		.loc 1 326 3 view .LVU59
 343              		.loc 1 326 18 is_stmt 0 view .LVU60
 344 0002 084B     		ldr	r3, .L33
 345 0004 1C78     		ldrb	r4, [r3]	@ zero_extendqisi2
 346              		.loc 1 326 6 view .LVU61
 347 0006 8442     		cmp	r4, r0
 348 0008 01D1     		bne	.L32
 321:Drivers/STM32F7xx_HAL_Driver/Src/stm32f7xx_hal.c ****   HAL_TickFreqTypeDef prevTickFreq;
 349              		.loc 1 321 21 view .LVU62
ARM GAS  /tmp/cc5T0hGW.s 			page 13


 350 000a 0020     		movs	r0, #0
 351              	.LVL11:
 352              	.L29:
 327:Drivers/STM32F7xx_HAL_Driver/Src/stm32f7xx_hal.c ****   {
 328:Drivers/STM32F7xx_HAL_Driver/Src/stm32f7xx_hal.c ****     /* Back up uwTickFreq frequency */
 329:Drivers/STM32F7xx_HAL_Driver/Src/stm32f7xx_hal.c ****     prevTickFreq = uwTickFreq;
 330:Drivers/STM32F7xx_HAL_Driver/Src/stm32f7xx_hal.c **** 
 331:Drivers/STM32F7xx_HAL_Driver/Src/stm32f7xx_hal.c ****     /* Update uwTickFreq global variable used by HAL_InitTick() */
 332:Drivers/STM32F7xx_HAL_Driver/Src/stm32f7xx_hal.c ****     uwTickFreq = Freq;
 333:Drivers/STM32F7xx_HAL_Driver/Src/stm32f7xx_hal.c **** 
 334:Drivers/STM32F7xx_HAL_Driver/Src/stm32f7xx_hal.c ****     /* Apply the new tick Freq  */
 335:Drivers/STM32F7xx_HAL_Driver/Src/stm32f7xx_hal.c ****     status = HAL_InitTick(uwTickPrio);
 336:Drivers/STM32F7xx_HAL_Driver/Src/stm32f7xx_hal.c **** 
 337:Drivers/STM32F7xx_HAL_Driver/Src/stm32f7xx_hal.c ****     if (status != HAL_OK)
 338:Drivers/STM32F7xx_HAL_Driver/Src/stm32f7xx_hal.c ****     {
 339:Drivers/STM32F7xx_HAL_Driver/Src/stm32f7xx_hal.c ****       /* Restore previous tick frequency */
 340:Drivers/STM32F7xx_HAL_Driver/Src/stm32f7xx_hal.c ****       uwTickFreq = prevTickFreq;
 341:Drivers/STM32F7xx_HAL_Driver/Src/stm32f7xx_hal.c ****     }
 342:Drivers/STM32F7xx_HAL_Driver/Src/stm32f7xx_hal.c ****   }
 343:Drivers/STM32F7xx_HAL_Driver/Src/stm32f7xx_hal.c **** 
 344:Drivers/STM32F7xx_HAL_Driver/Src/stm32f7xx_hal.c ****   return status;
 353              		.loc 1 344 3 is_stmt 1 view .LVU63
 345:Drivers/STM32F7xx_HAL_Driver/Src/stm32f7xx_hal.c **** }
 354              		.loc 1 345 1 is_stmt 0 view .LVU64
 355 000c 10BD     		pop	{r4, pc}
 356              	.LVL12:
 357              	.L32:
 329:Drivers/STM32F7xx_HAL_Driver/Src/stm32f7xx_hal.c **** 
 358              		.loc 1 329 5 is_stmt 1 view .LVU65
 332:Drivers/STM32F7xx_HAL_Driver/Src/stm32f7xx_hal.c **** 
 359              		.loc 1 332 5 view .LVU66
 332:Drivers/STM32F7xx_HAL_Driver/Src/stm32f7xx_hal.c **** 
 360              		.loc 1 332 16 is_stmt 0 view .LVU67
 361 000e 1870     		strb	r0, [r3]
 335:Drivers/STM32F7xx_HAL_Driver/Src/stm32f7xx_hal.c **** 
 362              		.loc 1 335 5 is_stmt 1 view .LVU68
 335:Drivers/STM32F7xx_HAL_Driver/Src/stm32f7xx_hal.c **** 
 363              		.loc 1 335 14 is_stmt 0 view .LVU69
 364 0010 054B     		ldr	r3, .L33+4
 365 0012 1868     		ldr	r0, [r3]
 366              	.LVL13:
 335:Drivers/STM32F7xx_HAL_Driver/Src/stm32f7xx_hal.c **** 
 367              		.loc 1 335 14 view .LVU70
 368 0014 FFF7FEFF 		bl	HAL_InitTick
 369              	.LVL14:
 337:Drivers/STM32F7xx_HAL_Driver/Src/stm32f7xx_hal.c ****     {
 370              		.loc 1 337 5 is_stmt 1 view .LVU71
 337:Drivers/STM32F7xx_HAL_Driver/Src/stm32f7xx_hal.c ****     {
 371              		.loc 1 337 8 is_stmt 0 view .LVU72
 372 0018 0028     		cmp	r0, #0
 373 001a F7D0     		beq	.L29
 340:Drivers/STM32F7xx_HAL_Driver/Src/stm32f7xx_hal.c ****     }
 374              		.loc 1 340 7 is_stmt 1 view .LVU73
 340:Drivers/STM32F7xx_HAL_Driver/Src/stm32f7xx_hal.c ****     }
 375              		.loc 1 340 18 is_stmt 0 view .LVU74
 376 001c 014B     		ldr	r3, .L33
 377 001e 1C70     		strb	r4, [r3]
ARM GAS  /tmp/cc5T0hGW.s 			page 14


 378 0020 F4E7     		b	.L29
 379              	.L34:
 380 0022 00BF     		.align	2
 381              	.L33:
 382 0024 00000000 		.word	uwTickFreq
 383 0028 00000000 		.word	uwTickPrio
 384              		.cfi_endproc
 385              	.LFE149:
 387              		.section	.text.HAL_GetTickFreq,"ax",%progbits
 388              		.align	1
 389              		.global	HAL_GetTickFreq
 390              		.syntax unified
 391              		.thumb
 392              		.thumb_func
 394              	HAL_GetTickFreq:
 395              	.LFB150:
 346:Drivers/STM32F7xx_HAL_Driver/Src/stm32f7xx_hal.c **** 
 347:Drivers/STM32F7xx_HAL_Driver/Src/stm32f7xx_hal.c **** /**
 348:Drivers/STM32F7xx_HAL_Driver/Src/stm32f7xx_hal.c ****   * @brief Return tick frequency.
 349:Drivers/STM32F7xx_HAL_Driver/Src/stm32f7xx_hal.c ****   * @retval tick period in Hz
 350:Drivers/STM32F7xx_HAL_Driver/Src/stm32f7xx_hal.c ****   */
 351:Drivers/STM32F7xx_HAL_Driver/Src/stm32f7xx_hal.c **** HAL_TickFreqTypeDef HAL_GetTickFreq(void)
 352:Drivers/STM32F7xx_HAL_Driver/Src/stm32f7xx_hal.c **** {
 396              		.loc 1 352 1 is_stmt 1 view -0
 397              		.cfi_startproc
 398              		@ args = 0, pretend = 0, frame = 0
 399              		@ frame_needed = 0, uses_anonymous_args = 0
 400              		@ link register save eliminated.
 353:Drivers/STM32F7xx_HAL_Driver/Src/stm32f7xx_hal.c ****   return uwTickFreq;
 401              		.loc 1 353 3 view .LVU76
 354:Drivers/STM32F7xx_HAL_Driver/Src/stm32f7xx_hal.c **** }
 402              		.loc 1 354 1 is_stmt 0 view .LVU77
 403 0000 014B     		ldr	r3, .L36
 404 0002 1878     		ldrb	r0, [r3]	@ zero_extendqisi2
 405 0004 7047     		bx	lr
 406              	.L37:
 407 0006 00BF     		.align	2
 408              	.L36:
 409 0008 00000000 		.word	uwTickFreq
 410              		.cfi_endproc
 411              	.LFE150:
 413              		.section	.text.HAL_Delay,"ax",%progbits
 414              		.align	1
 415              		.weak	HAL_Delay
 416              		.syntax unified
 417              		.thumb
 418              		.thumb_func
 420              	HAL_Delay:
 421              	.LVL15:
 422              	.LFB151:
 355:Drivers/STM32F7xx_HAL_Driver/Src/stm32f7xx_hal.c **** 
 356:Drivers/STM32F7xx_HAL_Driver/Src/stm32f7xx_hal.c **** /**
 357:Drivers/STM32F7xx_HAL_Driver/Src/stm32f7xx_hal.c ****   * @brief This function provides minimum delay (in milliseconds) based
 358:Drivers/STM32F7xx_HAL_Driver/Src/stm32f7xx_hal.c ****   *        on variable incremented.
 359:Drivers/STM32F7xx_HAL_Driver/Src/stm32f7xx_hal.c ****   * @note In the default implementation , SysTick timer is the source of time base.
 360:Drivers/STM32F7xx_HAL_Driver/Src/stm32f7xx_hal.c ****   *       It is used to generate interrupts at regular time intervals where uwTick
 361:Drivers/STM32F7xx_HAL_Driver/Src/stm32f7xx_hal.c ****   *       is incremented.
ARM GAS  /tmp/cc5T0hGW.s 			page 15


 362:Drivers/STM32F7xx_HAL_Driver/Src/stm32f7xx_hal.c ****   * @note This function is declared as __weak to be overwritten in case of other
 363:Drivers/STM32F7xx_HAL_Driver/Src/stm32f7xx_hal.c ****   *       implementations in user file.
 364:Drivers/STM32F7xx_HAL_Driver/Src/stm32f7xx_hal.c ****   * @param Delay  specifies the delay time length, in milliseconds.
 365:Drivers/STM32F7xx_HAL_Driver/Src/stm32f7xx_hal.c ****   * @retval None
 366:Drivers/STM32F7xx_HAL_Driver/Src/stm32f7xx_hal.c ****   */
 367:Drivers/STM32F7xx_HAL_Driver/Src/stm32f7xx_hal.c **** __weak void HAL_Delay(uint32_t Delay)
 368:Drivers/STM32F7xx_HAL_Driver/Src/stm32f7xx_hal.c **** {
 423              		.loc 1 368 1 is_stmt 1 view -0
 424              		.cfi_startproc
 425              		@ args = 0, pretend = 0, frame = 0
 426              		@ frame_needed = 0, uses_anonymous_args = 0
 427              		.loc 1 368 1 is_stmt 0 view .LVU79
 428 0000 38B5     		push	{r3, r4, r5, lr}
 429              	.LCFI4:
 430              		.cfi_def_cfa_offset 16
 431              		.cfi_offset 3, -16
 432              		.cfi_offset 4, -12
 433              		.cfi_offset 5, -8
 434              		.cfi_offset 14, -4
 435 0002 0446     		mov	r4, r0
 369:Drivers/STM32F7xx_HAL_Driver/Src/stm32f7xx_hal.c ****   uint32_t tickstart = HAL_GetTick();
 436              		.loc 1 369 3 is_stmt 1 view .LVU80
 437              		.loc 1 369 24 is_stmt 0 view .LVU81
 438 0004 FFF7FEFF 		bl	HAL_GetTick
 439              	.LVL16:
 440              		.loc 1 369 24 view .LVU82
 441 0008 0546     		mov	r5, r0
 442              	.LVL17:
 370:Drivers/STM32F7xx_HAL_Driver/Src/stm32f7xx_hal.c ****   uint32_t wait = Delay;
 443              		.loc 1 370 3 is_stmt 1 view .LVU83
 371:Drivers/STM32F7xx_HAL_Driver/Src/stm32f7xx_hal.c **** 
 372:Drivers/STM32F7xx_HAL_Driver/Src/stm32f7xx_hal.c ****   /* Add a freq to guarantee minimum wait */
 373:Drivers/STM32F7xx_HAL_Driver/Src/stm32f7xx_hal.c ****   if (wait < HAL_MAX_DELAY)
 444              		.loc 1 373 3 view .LVU84
 445              		.loc 1 373 6 is_stmt 0 view .LVU85
 446 000a B4F1FF3F 		cmp	r4, #-1
 447 000e 02D0     		beq	.L40
 374:Drivers/STM32F7xx_HAL_Driver/Src/stm32f7xx_hal.c ****   {
 375:Drivers/STM32F7xx_HAL_Driver/Src/stm32f7xx_hal.c ****     wait += (uint32_t)(uwTickFreq);
 448              		.loc 1 375 5 is_stmt 1 view .LVU86
 449              		.loc 1 375 13 is_stmt 0 view .LVU87
 450 0010 044B     		ldr	r3, .L42
 451 0012 1B78     		ldrb	r3, [r3]	@ zero_extendqisi2
 452              		.loc 1 375 10 view .LVU88
 453 0014 1C44     		add	r4, r4, r3
 454              	.LVL18:
 455              	.L40:
 376:Drivers/STM32F7xx_HAL_Driver/Src/stm32f7xx_hal.c ****   }
 377:Drivers/STM32F7xx_HAL_Driver/Src/stm32f7xx_hal.c **** 
 378:Drivers/STM32F7xx_HAL_Driver/Src/stm32f7xx_hal.c ****   while ((HAL_GetTick() - tickstart) < wait)
 379:Drivers/STM32F7xx_HAL_Driver/Src/stm32f7xx_hal.c ****   {
 380:Drivers/STM32F7xx_HAL_Driver/Src/stm32f7xx_hal.c ****   }
 456              		.loc 1 380 3 is_stmt 1 discriminator 1 view .LVU89
 378:Drivers/STM32F7xx_HAL_Driver/Src/stm32f7xx_hal.c ****   {
 457              		.loc 1 378 38 discriminator 1 view .LVU90
 378:Drivers/STM32F7xx_HAL_Driver/Src/stm32f7xx_hal.c ****   {
 458              		.loc 1 378 11 is_stmt 0 discriminator 1 view .LVU91
ARM GAS  /tmp/cc5T0hGW.s 			page 16


 459 0016 FFF7FEFF 		bl	HAL_GetTick
 460              	.LVL19:
 378:Drivers/STM32F7xx_HAL_Driver/Src/stm32f7xx_hal.c ****   {
 461              		.loc 1 378 25 discriminator 1 view .LVU92
 462 001a 401B     		subs	r0, r0, r5
 378:Drivers/STM32F7xx_HAL_Driver/Src/stm32f7xx_hal.c ****   {
 463              		.loc 1 378 38 discriminator 1 view .LVU93
 464 001c A042     		cmp	r0, r4
 465 001e FAD3     		bcc	.L40
 381:Drivers/STM32F7xx_HAL_Driver/Src/stm32f7xx_hal.c **** }
 466              		.loc 1 381 1 view .LVU94
 467 0020 38BD     		pop	{r3, r4, r5, pc}
 468              	.LVL20:
 469              	.L43:
 470              		.loc 1 381 1 view .LVU95
 471 0022 00BF     		.align	2
 472              	.L42:
 473 0024 00000000 		.word	uwTickFreq
 474              		.cfi_endproc
 475              	.LFE151:
 477              		.section	.text.HAL_SuspendTick,"ax",%progbits
 478              		.align	1
 479              		.weak	HAL_SuspendTick
 480              		.syntax unified
 481              		.thumb
 482              		.thumb_func
 484              	HAL_SuspendTick:
 485              	.LFB152:
 382:Drivers/STM32F7xx_HAL_Driver/Src/stm32f7xx_hal.c **** 
 383:Drivers/STM32F7xx_HAL_Driver/Src/stm32f7xx_hal.c **** /**
 384:Drivers/STM32F7xx_HAL_Driver/Src/stm32f7xx_hal.c ****   * @brief Suspend Tick increment.
 385:Drivers/STM32F7xx_HAL_Driver/Src/stm32f7xx_hal.c ****   * @note In the default implementation , SysTick timer is the source of time base. It is
 386:Drivers/STM32F7xx_HAL_Driver/Src/stm32f7xx_hal.c ****   *       used to generate interrupts at regular time intervals. Once HAL_SuspendTick()
 387:Drivers/STM32F7xx_HAL_Driver/Src/stm32f7xx_hal.c ****   *       is called, the SysTick interrupt will be disabled and so Tick increment 
 388:Drivers/STM32F7xx_HAL_Driver/Src/stm32f7xx_hal.c ****   *       is suspended.
 389:Drivers/STM32F7xx_HAL_Driver/Src/stm32f7xx_hal.c ****   * @note This function is declared as __weak to be overwritten in case of other
 390:Drivers/STM32F7xx_HAL_Driver/Src/stm32f7xx_hal.c ****   *       implementations in user file.
 391:Drivers/STM32F7xx_HAL_Driver/Src/stm32f7xx_hal.c ****   * @retval None
 392:Drivers/STM32F7xx_HAL_Driver/Src/stm32f7xx_hal.c ****   */
 393:Drivers/STM32F7xx_HAL_Driver/Src/stm32f7xx_hal.c **** __weak void HAL_SuspendTick(void)
 394:Drivers/STM32F7xx_HAL_Driver/Src/stm32f7xx_hal.c **** {
 486              		.loc 1 394 1 is_stmt 1 view -0
 487              		.cfi_startproc
 488              		@ args = 0, pretend = 0, frame = 0
 489              		@ frame_needed = 0, uses_anonymous_args = 0
 490              		@ link register save eliminated.
 395:Drivers/STM32F7xx_HAL_Driver/Src/stm32f7xx_hal.c ****   /* Disable SysTick Interrupt */
 396:Drivers/STM32F7xx_HAL_Driver/Src/stm32f7xx_hal.c ****   SysTick->CTRL &= ~SysTick_CTRL_TICKINT_Msk;
 491              		.loc 1 396 3 view .LVU97
 492              		.loc 1 396 10 is_stmt 0 view .LVU98
 493 0000 4FF0E022 		mov	r2, #-536813568
 494 0004 1369     		ldr	r3, [r2, #16]
 495              		.loc 1 396 17 view .LVU99
 496 0006 23F00203 		bic	r3, r3, #2
 497 000a 1361     		str	r3, [r2, #16]
 397:Drivers/STM32F7xx_HAL_Driver/Src/stm32f7xx_hal.c **** }
 498              		.loc 1 397 1 view .LVU100
ARM GAS  /tmp/cc5T0hGW.s 			page 17


 499 000c 7047     		bx	lr
 500              		.cfi_endproc
 501              	.LFE152:
 503              		.section	.text.HAL_ResumeTick,"ax",%progbits
 504              		.align	1
 505              		.weak	HAL_ResumeTick
 506              		.syntax unified
 507              		.thumb
 508              		.thumb_func
 510              	HAL_ResumeTick:
 511              	.LFB153:
 398:Drivers/STM32F7xx_HAL_Driver/Src/stm32f7xx_hal.c **** 
 399:Drivers/STM32F7xx_HAL_Driver/Src/stm32f7xx_hal.c **** /**
 400:Drivers/STM32F7xx_HAL_Driver/Src/stm32f7xx_hal.c ****   * @brief Resume Tick increment.
 401:Drivers/STM32F7xx_HAL_Driver/Src/stm32f7xx_hal.c ****   * @note In the default implementation , SysTick timer is the source of time base. It is
 402:Drivers/STM32F7xx_HAL_Driver/Src/stm32f7xx_hal.c ****   *       used to generate interrupts at regular time intervals. Once HAL_ResumeTick()
 403:Drivers/STM32F7xx_HAL_Driver/Src/stm32f7xx_hal.c ****   *       is called, the SysTick interrupt will be enabled and so Tick increment 
 404:Drivers/STM32F7xx_HAL_Driver/Src/stm32f7xx_hal.c ****   *       is resumed.
 405:Drivers/STM32F7xx_HAL_Driver/Src/stm32f7xx_hal.c ****   * @note This function is declared as __weak to be overwritten in case of other
 406:Drivers/STM32F7xx_HAL_Driver/Src/stm32f7xx_hal.c ****   *       implementations in user file.
 407:Drivers/STM32F7xx_HAL_Driver/Src/stm32f7xx_hal.c ****   * @retval None
 408:Drivers/STM32F7xx_HAL_Driver/Src/stm32f7xx_hal.c ****   */
 409:Drivers/STM32F7xx_HAL_Driver/Src/stm32f7xx_hal.c **** __weak void HAL_ResumeTick(void)
 410:Drivers/STM32F7xx_HAL_Driver/Src/stm32f7xx_hal.c **** {
 512              		.loc 1 410 1 is_stmt 1 view -0
 513              		.cfi_startproc
 514              		@ args = 0, pretend = 0, frame = 0
 515              		@ frame_needed = 0, uses_anonymous_args = 0
 516              		@ link register save eliminated.
 411:Drivers/STM32F7xx_HAL_Driver/Src/stm32f7xx_hal.c ****   /* Enable SysTick Interrupt */
 412:Drivers/STM32F7xx_HAL_Driver/Src/stm32f7xx_hal.c ****   SysTick->CTRL  |= SysTick_CTRL_TICKINT_Msk;
 517              		.loc 1 412 3 view .LVU102
 518              		.loc 1 412 10 is_stmt 0 view .LVU103
 519 0000 4FF0E022 		mov	r2, #-536813568
 520 0004 1369     		ldr	r3, [r2, #16]
 521              		.loc 1 412 18 view .LVU104
 522 0006 43F00203 		orr	r3, r3, #2
 523 000a 1361     		str	r3, [r2, #16]
 413:Drivers/STM32F7xx_HAL_Driver/Src/stm32f7xx_hal.c **** }
 524              		.loc 1 413 1 view .LVU105
 525 000c 7047     		bx	lr
 526              		.cfi_endproc
 527              	.LFE153:
 529              		.section	.text.HAL_GetHalVersion,"ax",%progbits
 530              		.align	1
 531              		.global	HAL_GetHalVersion
 532              		.syntax unified
 533              		.thumb
 534              		.thumb_func
 536              	HAL_GetHalVersion:
 537              	.LFB154:
 414:Drivers/STM32F7xx_HAL_Driver/Src/stm32f7xx_hal.c **** 
 415:Drivers/STM32F7xx_HAL_Driver/Src/stm32f7xx_hal.c **** /**
 416:Drivers/STM32F7xx_HAL_Driver/Src/stm32f7xx_hal.c ****   * @brief  Returns the HAL revision
 417:Drivers/STM32F7xx_HAL_Driver/Src/stm32f7xx_hal.c ****   * @retval version : 0xXYZR (8bits for each decimal, R for RC)
 418:Drivers/STM32F7xx_HAL_Driver/Src/stm32f7xx_hal.c ****   */
 419:Drivers/STM32F7xx_HAL_Driver/Src/stm32f7xx_hal.c **** uint32_t HAL_GetHalVersion(void)
ARM GAS  /tmp/cc5T0hGW.s 			page 18


 420:Drivers/STM32F7xx_HAL_Driver/Src/stm32f7xx_hal.c **** {
 538              		.loc 1 420 1 is_stmt 1 view -0
 539              		.cfi_startproc
 540              		@ args = 0, pretend = 0, frame = 0
 541              		@ frame_needed = 0, uses_anonymous_args = 0
 542              		@ link register save eliminated.
 421:Drivers/STM32F7xx_HAL_Driver/Src/stm32f7xx_hal.c ****   return __STM32F7xx_HAL_VERSION;
 543              		.loc 1 421 3 view .LVU107
 422:Drivers/STM32F7xx_HAL_Driver/Src/stm32f7xx_hal.c **** }
 544              		.loc 1 422 1 is_stmt 0 view .LVU108
 545 0000 0048     		ldr	r0, .L47
 546 0002 7047     		bx	lr
 547              	.L48:
 548              		.align	2
 549              	.L47:
 550 0004 00000301 		.word	16973824
 551              		.cfi_endproc
 552              	.LFE154:
 554              		.section	.text.HAL_GetREVID,"ax",%progbits
 555              		.align	1
 556              		.global	HAL_GetREVID
 557              		.syntax unified
 558              		.thumb
 559              		.thumb_func
 561              	HAL_GetREVID:
 562              	.LFB155:
 423:Drivers/STM32F7xx_HAL_Driver/Src/stm32f7xx_hal.c **** 
 424:Drivers/STM32F7xx_HAL_Driver/Src/stm32f7xx_hal.c **** /**
 425:Drivers/STM32F7xx_HAL_Driver/Src/stm32f7xx_hal.c ****   * @brief  Returns the device revision identifier.
 426:Drivers/STM32F7xx_HAL_Driver/Src/stm32f7xx_hal.c ****   * @retval Device revision identifier
 427:Drivers/STM32F7xx_HAL_Driver/Src/stm32f7xx_hal.c ****   */
 428:Drivers/STM32F7xx_HAL_Driver/Src/stm32f7xx_hal.c **** uint32_t HAL_GetREVID(void)
 429:Drivers/STM32F7xx_HAL_Driver/Src/stm32f7xx_hal.c **** {
 563              		.loc 1 429 1 is_stmt 1 view -0
 564              		.cfi_startproc
 565              		@ args = 0, pretend = 0, frame = 0
 566              		@ frame_needed = 0, uses_anonymous_args = 0
 567              		@ link register save eliminated.
 430:Drivers/STM32F7xx_HAL_Driver/Src/stm32f7xx_hal.c ****    return((DBGMCU->IDCODE) >> 16U);
 568              		.loc 1 430 4 view .LVU110
 569              		.loc 1 430 18 is_stmt 0 view .LVU111
 570 0000 014B     		ldr	r3, .L50
 571 0002 1868     		ldr	r0, [r3]
 431:Drivers/STM32F7xx_HAL_Driver/Src/stm32f7xx_hal.c **** }
 572              		.loc 1 431 1 view .LVU112
 573 0004 000C     		lsrs	r0, r0, #16
 574 0006 7047     		bx	lr
 575              	.L51:
 576              		.align	2
 577              	.L50:
 578 0008 002004E0 		.word	-536600576
 579              		.cfi_endproc
 580              	.LFE155:
 582              		.section	.text.HAL_GetDEVID,"ax",%progbits
 583              		.align	1
 584              		.global	HAL_GetDEVID
 585              		.syntax unified
ARM GAS  /tmp/cc5T0hGW.s 			page 19


 586              		.thumb
 587              		.thumb_func
 589              	HAL_GetDEVID:
 590              	.LFB156:
 432:Drivers/STM32F7xx_HAL_Driver/Src/stm32f7xx_hal.c **** 
 433:Drivers/STM32F7xx_HAL_Driver/Src/stm32f7xx_hal.c **** /**
 434:Drivers/STM32F7xx_HAL_Driver/Src/stm32f7xx_hal.c ****   * @brief  Returns the device identifier.
 435:Drivers/STM32F7xx_HAL_Driver/Src/stm32f7xx_hal.c ****   * @retval Device identifier
 436:Drivers/STM32F7xx_HAL_Driver/Src/stm32f7xx_hal.c ****   */
 437:Drivers/STM32F7xx_HAL_Driver/Src/stm32f7xx_hal.c **** uint32_t HAL_GetDEVID(void)
 438:Drivers/STM32F7xx_HAL_Driver/Src/stm32f7xx_hal.c **** {
 591              		.loc 1 438 1 is_stmt 1 view -0
 592              		.cfi_startproc
 593              		@ args = 0, pretend = 0, frame = 0
 594              		@ frame_needed = 0, uses_anonymous_args = 0
 595              		@ link register save eliminated.
 439:Drivers/STM32F7xx_HAL_Driver/Src/stm32f7xx_hal.c ****    return((DBGMCU->IDCODE) & IDCODE_DEVID_MASK);
 596              		.loc 1 439 4 view .LVU114
 597              		.loc 1 439 18 is_stmt 0 view .LVU115
 598 0000 024B     		ldr	r3, .L53
 599 0002 1868     		ldr	r0, [r3]
 440:Drivers/STM32F7xx_HAL_Driver/Src/stm32f7xx_hal.c **** }
 600              		.loc 1 440 1 view .LVU116
 601 0004 C0F30B00 		ubfx	r0, r0, #0, #12
 602 0008 7047     		bx	lr
 603              	.L54:
 604 000a 00BF     		.align	2
 605              	.L53:
 606 000c 002004E0 		.word	-536600576
 607              		.cfi_endproc
 608              	.LFE156:
 610              		.section	.text.HAL_GetUIDw0,"ax",%progbits
 611              		.align	1
 612              		.global	HAL_GetUIDw0
 613              		.syntax unified
 614              		.thumb
 615              		.thumb_func
 617              	HAL_GetUIDw0:
 618              	.LFB157:
 441:Drivers/STM32F7xx_HAL_Driver/Src/stm32f7xx_hal.c **** 
 442:Drivers/STM32F7xx_HAL_Driver/Src/stm32f7xx_hal.c **** /**
 443:Drivers/STM32F7xx_HAL_Driver/Src/stm32f7xx_hal.c ****   * @brief  Returns first word of the unique device identifier (UID based on 96 bits)
 444:Drivers/STM32F7xx_HAL_Driver/Src/stm32f7xx_hal.c ****   * @retval Device identifier
 445:Drivers/STM32F7xx_HAL_Driver/Src/stm32f7xx_hal.c ****   */
 446:Drivers/STM32F7xx_HAL_Driver/Src/stm32f7xx_hal.c **** uint32_t HAL_GetUIDw0(void)
 447:Drivers/STM32F7xx_HAL_Driver/Src/stm32f7xx_hal.c **** {
 619              		.loc 1 447 1 is_stmt 1 view -0
 620              		.cfi_startproc
 621              		@ args = 0, pretend = 0, frame = 0
 622              		@ frame_needed = 0, uses_anonymous_args = 0
 623              		@ link register save eliminated.
 448:Drivers/STM32F7xx_HAL_Driver/Src/stm32f7xx_hal.c ****   return(READ_REG(*((uint32_t *)UID_BASE)));
 624              		.loc 1 448 3 view .LVU118
 449:Drivers/STM32F7xx_HAL_Driver/Src/stm32f7xx_hal.c **** }
 625              		.loc 1 449 1 is_stmt 0 view .LVU119
 626 0000 014B     		ldr	r3, .L56
 627 0002 D3F82004 		ldr	r0, [r3, #1056]
ARM GAS  /tmp/cc5T0hGW.s 			page 20


 628 0006 7047     		bx	lr
 629              	.L57:
 630              		.align	2
 631              	.L56:
 632 0008 00F0F01F 		.word	535883776
 633              		.cfi_endproc
 634              	.LFE157:
 636              		.section	.text.HAL_GetUIDw1,"ax",%progbits
 637              		.align	1
 638              		.global	HAL_GetUIDw1
 639              		.syntax unified
 640              		.thumb
 641              		.thumb_func
 643              	HAL_GetUIDw1:
 644              	.LFB158:
 450:Drivers/STM32F7xx_HAL_Driver/Src/stm32f7xx_hal.c **** 
 451:Drivers/STM32F7xx_HAL_Driver/Src/stm32f7xx_hal.c **** /**
 452:Drivers/STM32F7xx_HAL_Driver/Src/stm32f7xx_hal.c ****   * @brief  Returns second word of the unique device identifier (UID based on 96 bits)
 453:Drivers/STM32F7xx_HAL_Driver/Src/stm32f7xx_hal.c ****   * @retval Device identifier
 454:Drivers/STM32F7xx_HAL_Driver/Src/stm32f7xx_hal.c ****   */
 455:Drivers/STM32F7xx_HAL_Driver/Src/stm32f7xx_hal.c **** uint32_t HAL_GetUIDw1(void)
 456:Drivers/STM32F7xx_HAL_Driver/Src/stm32f7xx_hal.c **** {
 645              		.loc 1 456 1 is_stmt 1 view -0
 646              		.cfi_startproc
 647              		@ args = 0, pretend = 0, frame = 0
 648              		@ frame_needed = 0, uses_anonymous_args = 0
 649              		@ link register save eliminated.
 457:Drivers/STM32F7xx_HAL_Driver/Src/stm32f7xx_hal.c ****   return(READ_REG(*((uint32_t *)(UID_BASE + 4U))));
 650              		.loc 1 457 3 view .LVU121
 458:Drivers/STM32F7xx_HAL_Driver/Src/stm32f7xx_hal.c **** }
 651              		.loc 1 458 1 is_stmt 0 view .LVU122
 652 0000 014B     		ldr	r3, .L59
 653 0002 D3F82404 		ldr	r0, [r3, #1060]
 654 0006 7047     		bx	lr
 655              	.L60:
 656              		.align	2
 657              	.L59:
 658 0008 00F0F01F 		.word	535883776
 659              		.cfi_endproc
 660              	.LFE158:
 662              		.section	.text.HAL_GetUIDw2,"ax",%progbits
 663              		.align	1
 664              		.global	HAL_GetUIDw2
 665              		.syntax unified
 666              		.thumb
 667              		.thumb_func
 669              	HAL_GetUIDw2:
 670              	.LFB159:
 459:Drivers/STM32F7xx_HAL_Driver/Src/stm32f7xx_hal.c **** 
 460:Drivers/STM32F7xx_HAL_Driver/Src/stm32f7xx_hal.c **** /**
 461:Drivers/STM32F7xx_HAL_Driver/Src/stm32f7xx_hal.c ****   * @brief  Returns third word of the unique device identifier (UID based on 96 bits)
 462:Drivers/STM32F7xx_HAL_Driver/Src/stm32f7xx_hal.c ****   * @retval Device identifier
 463:Drivers/STM32F7xx_HAL_Driver/Src/stm32f7xx_hal.c ****   */
 464:Drivers/STM32F7xx_HAL_Driver/Src/stm32f7xx_hal.c **** uint32_t HAL_GetUIDw2(void)
 465:Drivers/STM32F7xx_HAL_Driver/Src/stm32f7xx_hal.c **** {
 671              		.loc 1 465 1 is_stmt 1 view -0
 672              		.cfi_startproc
ARM GAS  /tmp/cc5T0hGW.s 			page 21


 673              		@ args = 0, pretend = 0, frame = 0
 674              		@ frame_needed = 0, uses_anonymous_args = 0
 675              		@ link register save eliminated.
 466:Drivers/STM32F7xx_HAL_Driver/Src/stm32f7xx_hal.c ****   return(READ_REG(*((uint32_t *)(UID_BASE + 8U))));
 676              		.loc 1 466 3 view .LVU124
 467:Drivers/STM32F7xx_HAL_Driver/Src/stm32f7xx_hal.c **** }
 677              		.loc 1 467 1 is_stmt 0 view .LVU125
 678 0000 014B     		ldr	r3, .L62
 679 0002 D3F82804 		ldr	r0, [r3, #1064]
 680 0006 7047     		bx	lr
 681              	.L63:
 682              		.align	2
 683              	.L62:
 684 0008 00F0F01F 		.word	535883776
 685              		.cfi_endproc
 686              	.LFE159:
 688              		.section	.text.HAL_DBGMCU_EnableDBGSleepMode,"ax",%progbits
 689              		.align	1
 690              		.global	HAL_DBGMCU_EnableDBGSleepMode
 691              		.syntax unified
 692              		.thumb
 693              		.thumb_func
 695              	HAL_DBGMCU_EnableDBGSleepMode:
 696              	.LFB160:
 468:Drivers/STM32F7xx_HAL_Driver/Src/stm32f7xx_hal.c **** 
 469:Drivers/STM32F7xx_HAL_Driver/Src/stm32f7xx_hal.c **** /**
 470:Drivers/STM32F7xx_HAL_Driver/Src/stm32f7xx_hal.c ****   * @brief  Enable the Debug Module during SLEEP mode
 471:Drivers/STM32F7xx_HAL_Driver/Src/stm32f7xx_hal.c ****   * @retval None
 472:Drivers/STM32F7xx_HAL_Driver/Src/stm32f7xx_hal.c ****   */
 473:Drivers/STM32F7xx_HAL_Driver/Src/stm32f7xx_hal.c **** void HAL_DBGMCU_EnableDBGSleepMode(void)
 474:Drivers/STM32F7xx_HAL_Driver/Src/stm32f7xx_hal.c **** {
 697              		.loc 1 474 1 is_stmt 1 view -0
 698              		.cfi_startproc
 699              		@ args = 0, pretend = 0, frame = 0
 700              		@ frame_needed = 0, uses_anonymous_args = 0
 701              		@ link register save eliminated.
 475:Drivers/STM32F7xx_HAL_Driver/Src/stm32f7xx_hal.c ****   SET_BIT(DBGMCU->CR, DBGMCU_CR_DBG_SLEEP);
 702              		.loc 1 475 3 view .LVU127
 703 0000 024A     		ldr	r2, .L65
 704 0002 5368     		ldr	r3, [r2, #4]
 705 0004 43F00103 		orr	r3, r3, #1
 706 0008 5360     		str	r3, [r2, #4]
 476:Drivers/STM32F7xx_HAL_Driver/Src/stm32f7xx_hal.c **** }
 707              		.loc 1 476 1 is_stmt 0 view .LVU128
 708 000a 7047     		bx	lr
 709              	.L66:
 710              		.align	2
 711              	.L65:
 712 000c 002004E0 		.word	-536600576
 713              		.cfi_endproc
 714              	.LFE160:
 716              		.section	.text.HAL_DBGMCU_DisableDBGSleepMode,"ax",%progbits
 717              		.align	1
 718              		.global	HAL_DBGMCU_DisableDBGSleepMode
 719              		.syntax unified
 720              		.thumb
 721              		.thumb_func
ARM GAS  /tmp/cc5T0hGW.s 			page 22


 723              	HAL_DBGMCU_DisableDBGSleepMode:
 724              	.LFB161:
 477:Drivers/STM32F7xx_HAL_Driver/Src/stm32f7xx_hal.c **** 
 478:Drivers/STM32F7xx_HAL_Driver/Src/stm32f7xx_hal.c **** /**
 479:Drivers/STM32F7xx_HAL_Driver/Src/stm32f7xx_hal.c ****   * @brief  Disable the Debug Module during SLEEP mode
 480:Drivers/STM32F7xx_HAL_Driver/Src/stm32f7xx_hal.c ****   * @retval None
 481:Drivers/STM32F7xx_HAL_Driver/Src/stm32f7xx_hal.c ****   */
 482:Drivers/STM32F7xx_HAL_Driver/Src/stm32f7xx_hal.c **** void HAL_DBGMCU_DisableDBGSleepMode(void)
 483:Drivers/STM32F7xx_HAL_Driver/Src/stm32f7xx_hal.c **** {
 725              		.loc 1 483 1 is_stmt 1 view -0
 726              		.cfi_startproc
 727              		@ args = 0, pretend = 0, frame = 0
 728              		@ frame_needed = 0, uses_anonymous_args = 0
 729              		@ link register save eliminated.
 484:Drivers/STM32F7xx_HAL_Driver/Src/stm32f7xx_hal.c ****   CLEAR_BIT(DBGMCU->CR, DBGMCU_CR_DBG_SLEEP);
 730              		.loc 1 484 3 view .LVU130
 731 0000 024A     		ldr	r2, .L68
 732 0002 5368     		ldr	r3, [r2, #4]
 733 0004 23F00103 		bic	r3, r3, #1
 734 0008 5360     		str	r3, [r2, #4]
 485:Drivers/STM32F7xx_HAL_Driver/Src/stm32f7xx_hal.c **** }
 735              		.loc 1 485 1 is_stmt 0 view .LVU131
 736 000a 7047     		bx	lr
 737              	.L69:
 738              		.align	2
 739              	.L68:
 740 000c 002004E0 		.word	-536600576
 741              		.cfi_endproc
 742              	.LFE161:
 744              		.section	.text.HAL_DBGMCU_EnableDBGStopMode,"ax",%progbits
 745              		.align	1
 746              		.global	HAL_DBGMCU_EnableDBGStopMode
 747              		.syntax unified
 748              		.thumb
 749              		.thumb_func
 751              	HAL_DBGMCU_EnableDBGStopMode:
 752              	.LFB162:
 486:Drivers/STM32F7xx_HAL_Driver/Src/stm32f7xx_hal.c **** 
 487:Drivers/STM32F7xx_HAL_Driver/Src/stm32f7xx_hal.c **** /**
 488:Drivers/STM32F7xx_HAL_Driver/Src/stm32f7xx_hal.c ****   * @brief  Enable the Debug Module during STOP mode
 489:Drivers/STM32F7xx_HAL_Driver/Src/stm32f7xx_hal.c ****   * @retval None
 490:Drivers/STM32F7xx_HAL_Driver/Src/stm32f7xx_hal.c ****   */
 491:Drivers/STM32F7xx_HAL_Driver/Src/stm32f7xx_hal.c **** void HAL_DBGMCU_EnableDBGStopMode(void)
 492:Drivers/STM32F7xx_HAL_Driver/Src/stm32f7xx_hal.c **** {
 753              		.loc 1 492 1 is_stmt 1 view -0
 754              		.cfi_startproc
 755              		@ args = 0, pretend = 0, frame = 0
 756              		@ frame_needed = 0, uses_anonymous_args = 0
 757              		@ link register save eliminated.
 493:Drivers/STM32F7xx_HAL_Driver/Src/stm32f7xx_hal.c ****   SET_BIT(DBGMCU->CR, DBGMCU_CR_DBG_STOP);
 758              		.loc 1 493 3 view .LVU133
 759 0000 024A     		ldr	r2, .L71
 760 0002 5368     		ldr	r3, [r2, #4]
 761 0004 43F00203 		orr	r3, r3, #2
 762 0008 5360     		str	r3, [r2, #4]
 494:Drivers/STM32F7xx_HAL_Driver/Src/stm32f7xx_hal.c **** }
 763              		.loc 1 494 1 is_stmt 0 view .LVU134
ARM GAS  /tmp/cc5T0hGW.s 			page 23


 764 000a 7047     		bx	lr
 765              	.L72:
 766              		.align	2
 767              	.L71:
 768 000c 002004E0 		.word	-536600576
 769              		.cfi_endproc
 770              	.LFE162:
 772              		.section	.text.HAL_DBGMCU_DisableDBGStopMode,"ax",%progbits
 773              		.align	1
 774              		.global	HAL_DBGMCU_DisableDBGStopMode
 775              		.syntax unified
 776              		.thumb
 777              		.thumb_func
 779              	HAL_DBGMCU_DisableDBGStopMode:
 780              	.LFB163:
 495:Drivers/STM32F7xx_HAL_Driver/Src/stm32f7xx_hal.c **** 
 496:Drivers/STM32F7xx_HAL_Driver/Src/stm32f7xx_hal.c **** /**
 497:Drivers/STM32F7xx_HAL_Driver/Src/stm32f7xx_hal.c ****   * @brief  Disable the Debug Module during STOP mode
 498:Drivers/STM32F7xx_HAL_Driver/Src/stm32f7xx_hal.c ****   * @retval None
 499:Drivers/STM32F7xx_HAL_Driver/Src/stm32f7xx_hal.c ****   */
 500:Drivers/STM32F7xx_HAL_Driver/Src/stm32f7xx_hal.c **** void HAL_DBGMCU_DisableDBGStopMode(void)
 501:Drivers/STM32F7xx_HAL_Driver/Src/stm32f7xx_hal.c **** {
 781              		.loc 1 501 1 is_stmt 1 view -0
 782              		.cfi_startproc
 783              		@ args = 0, pretend = 0, frame = 0
 784              		@ frame_needed = 0, uses_anonymous_args = 0
 785              		@ link register save eliminated.
 502:Drivers/STM32F7xx_HAL_Driver/Src/stm32f7xx_hal.c ****   CLEAR_BIT(DBGMCU->CR, DBGMCU_CR_DBG_STOP);
 786              		.loc 1 502 3 view .LVU136
 787 0000 024A     		ldr	r2, .L74
 788 0002 5368     		ldr	r3, [r2, #4]
 789 0004 23F00203 		bic	r3, r3, #2
 790 0008 5360     		str	r3, [r2, #4]
 503:Drivers/STM32F7xx_HAL_Driver/Src/stm32f7xx_hal.c **** }
 791              		.loc 1 503 1 is_stmt 0 view .LVU137
 792 000a 7047     		bx	lr
 793              	.L75:
 794              		.align	2
 795              	.L74:
 796 000c 002004E0 		.word	-536600576
 797              		.cfi_endproc
 798              	.LFE163:
 800              		.section	.text.HAL_DBGMCU_EnableDBGStandbyMode,"ax",%progbits
 801              		.align	1
 802              		.global	HAL_DBGMCU_EnableDBGStandbyMode
 803              		.syntax unified
 804              		.thumb
 805              		.thumb_func
 807              	HAL_DBGMCU_EnableDBGStandbyMode:
 808              	.LFB164:
 504:Drivers/STM32F7xx_HAL_Driver/Src/stm32f7xx_hal.c **** 
 505:Drivers/STM32F7xx_HAL_Driver/Src/stm32f7xx_hal.c **** /**
 506:Drivers/STM32F7xx_HAL_Driver/Src/stm32f7xx_hal.c ****   * @brief  Enable the Debug Module during STANDBY mode
 507:Drivers/STM32F7xx_HAL_Driver/Src/stm32f7xx_hal.c ****   * @retval None
 508:Drivers/STM32F7xx_HAL_Driver/Src/stm32f7xx_hal.c ****   */
 509:Drivers/STM32F7xx_HAL_Driver/Src/stm32f7xx_hal.c **** void HAL_DBGMCU_EnableDBGStandbyMode(void)
 510:Drivers/STM32F7xx_HAL_Driver/Src/stm32f7xx_hal.c **** {
ARM GAS  /tmp/cc5T0hGW.s 			page 24


 809              		.loc 1 510 1 is_stmt 1 view -0
 810              		.cfi_startproc
 811              		@ args = 0, pretend = 0, frame = 0
 812              		@ frame_needed = 0, uses_anonymous_args = 0
 813              		@ link register save eliminated.
 511:Drivers/STM32F7xx_HAL_Driver/Src/stm32f7xx_hal.c ****   SET_BIT(DBGMCU->CR, DBGMCU_CR_DBG_STANDBY);
 814              		.loc 1 511 3 view .LVU139
 815 0000 024A     		ldr	r2, .L77
 816 0002 5368     		ldr	r3, [r2, #4]
 817 0004 43F00403 		orr	r3, r3, #4
 818 0008 5360     		str	r3, [r2, #4]
 512:Drivers/STM32F7xx_HAL_Driver/Src/stm32f7xx_hal.c **** }
 819              		.loc 1 512 1 is_stmt 0 view .LVU140
 820 000a 7047     		bx	lr
 821              	.L78:
 822              		.align	2
 823              	.L77:
 824 000c 002004E0 		.word	-536600576
 825              		.cfi_endproc
 826              	.LFE164:
 828              		.section	.text.HAL_DBGMCU_DisableDBGStandbyMode,"ax",%progbits
 829              		.align	1
 830              		.global	HAL_DBGMCU_DisableDBGStandbyMode
 831              		.syntax unified
 832              		.thumb
 833              		.thumb_func
 835              	HAL_DBGMCU_DisableDBGStandbyMode:
 836              	.LFB165:
 513:Drivers/STM32F7xx_HAL_Driver/Src/stm32f7xx_hal.c **** 
 514:Drivers/STM32F7xx_HAL_Driver/Src/stm32f7xx_hal.c **** /**
 515:Drivers/STM32F7xx_HAL_Driver/Src/stm32f7xx_hal.c ****   * @brief  Disable the Debug Module during STANDBY mode
 516:Drivers/STM32F7xx_HAL_Driver/Src/stm32f7xx_hal.c ****   * @retval None
 517:Drivers/STM32F7xx_HAL_Driver/Src/stm32f7xx_hal.c ****   */
 518:Drivers/STM32F7xx_HAL_Driver/Src/stm32f7xx_hal.c **** void HAL_DBGMCU_DisableDBGStandbyMode(void)
 519:Drivers/STM32F7xx_HAL_Driver/Src/stm32f7xx_hal.c **** {
 837              		.loc 1 519 1 is_stmt 1 view -0
 838              		.cfi_startproc
 839              		@ args = 0, pretend = 0, frame = 0
 840              		@ frame_needed = 0, uses_anonymous_args = 0
 841              		@ link register save eliminated.
 520:Drivers/STM32F7xx_HAL_Driver/Src/stm32f7xx_hal.c ****   CLEAR_BIT(DBGMCU->CR, DBGMCU_CR_DBG_STANDBY);
 842              		.loc 1 520 3 view .LVU142
 843 0000 024A     		ldr	r2, .L80
 844 0002 5368     		ldr	r3, [r2, #4]
 845 0004 23F00403 		bic	r3, r3, #4
 846 0008 5360     		str	r3, [r2, #4]
 521:Drivers/STM32F7xx_HAL_Driver/Src/stm32f7xx_hal.c **** }
 847              		.loc 1 521 1 is_stmt 0 view .LVU143
 848 000a 7047     		bx	lr
 849              	.L81:
 850              		.align	2
 851              	.L80:
 852 000c 002004E0 		.word	-536600576
 853              		.cfi_endproc
 854              	.LFE165:
 856              		.section	.text.HAL_EnableCompensationCell,"ax",%progbits
 857              		.align	1
ARM GAS  /tmp/cc5T0hGW.s 			page 25


 858              		.global	HAL_EnableCompensationCell
 859              		.syntax unified
 860              		.thumb
 861              		.thumb_func
 863              	HAL_EnableCompensationCell:
 864              	.LFB166:
 522:Drivers/STM32F7xx_HAL_Driver/Src/stm32f7xx_hal.c **** 
 523:Drivers/STM32F7xx_HAL_Driver/Src/stm32f7xx_hal.c **** /**
 524:Drivers/STM32F7xx_HAL_Driver/Src/stm32f7xx_hal.c ****   * @brief  Enables the I/O Compensation Cell.
 525:Drivers/STM32F7xx_HAL_Driver/Src/stm32f7xx_hal.c ****   * @note   The I/O compensation cell can be used only when the device supply
 526:Drivers/STM32F7xx_HAL_Driver/Src/stm32f7xx_hal.c ****   *         voltage ranges from 2.4 to 3.6 V.  
 527:Drivers/STM32F7xx_HAL_Driver/Src/stm32f7xx_hal.c ****   * @retval None
 528:Drivers/STM32F7xx_HAL_Driver/Src/stm32f7xx_hal.c ****   */
 529:Drivers/STM32F7xx_HAL_Driver/Src/stm32f7xx_hal.c **** void HAL_EnableCompensationCell(void)
 530:Drivers/STM32F7xx_HAL_Driver/Src/stm32f7xx_hal.c **** {
 865              		.loc 1 530 1 is_stmt 1 view -0
 866              		.cfi_startproc
 867              		@ args = 0, pretend = 0, frame = 0
 868              		@ frame_needed = 0, uses_anonymous_args = 0
 869              		@ link register save eliminated.
 531:Drivers/STM32F7xx_HAL_Driver/Src/stm32f7xx_hal.c ****   SYSCFG->CMPCR |= SYSCFG_CMPCR_CMP_PD;
 870              		.loc 1 531 3 view .LVU145
 871              		.loc 1 531 9 is_stmt 0 view .LVU146
 872 0000 024A     		ldr	r2, .L83
 873 0002 136A     		ldr	r3, [r2, #32]
 874              		.loc 1 531 17 view .LVU147
 875 0004 43F00103 		orr	r3, r3, #1
 876 0008 1362     		str	r3, [r2, #32]
 532:Drivers/STM32F7xx_HAL_Driver/Src/stm32f7xx_hal.c **** }
 877              		.loc 1 532 1 view .LVU148
 878 000a 7047     		bx	lr
 879              	.L84:
 880              		.align	2
 881              	.L83:
 882 000c 00380140 		.word	1073821696
 883              		.cfi_endproc
 884              	.LFE166:
 886              		.section	.text.HAL_DisableCompensationCell,"ax",%progbits
 887              		.align	1
 888              		.global	HAL_DisableCompensationCell
 889              		.syntax unified
 890              		.thumb
 891              		.thumb_func
 893              	HAL_DisableCompensationCell:
 894              	.LFB167:
 533:Drivers/STM32F7xx_HAL_Driver/Src/stm32f7xx_hal.c **** 
 534:Drivers/STM32F7xx_HAL_Driver/Src/stm32f7xx_hal.c **** /**
 535:Drivers/STM32F7xx_HAL_Driver/Src/stm32f7xx_hal.c ****   * @brief  Power-down the I/O Compensation Cell.
 536:Drivers/STM32F7xx_HAL_Driver/Src/stm32f7xx_hal.c ****   * @note   The I/O compensation cell can be used only when the device supply
 537:Drivers/STM32F7xx_HAL_Driver/Src/stm32f7xx_hal.c ****   *         voltage ranges from 2.4 to 3.6 V.  
 538:Drivers/STM32F7xx_HAL_Driver/Src/stm32f7xx_hal.c ****   * @retval None
 539:Drivers/STM32F7xx_HAL_Driver/Src/stm32f7xx_hal.c ****   */
 540:Drivers/STM32F7xx_HAL_Driver/Src/stm32f7xx_hal.c **** void HAL_DisableCompensationCell(void)
 541:Drivers/STM32F7xx_HAL_Driver/Src/stm32f7xx_hal.c **** {
 895              		.loc 1 541 1 is_stmt 1 view -0
 896              		.cfi_startproc
 897              		@ args = 0, pretend = 0, frame = 0
ARM GAS  /tmp/cc5T0hGW.s 			page 26


 898              		@ frame_needed = 0, uses_anonymous_args = 0
 899              		@ link register save eliminated.
 542:Drivers/STM32F7xx_HAL_Driver/Src/stm32f7xx_hal.c ****   SYSCFG->CMPCR &= (uint32_t)~((uint32_t)SYSCFG_CMPCR_CMP_PD);
 900              		.loc 1 542 3 view .LVU150
 901              		.loc 1 542 9 is_stmt 0 view .LVU151
 902 0000 024A     		ldr	r2, .L86
 903 0002 136A     		ldr	r3, [r2, #32]
 904              		.loc 1 542 17 view .LVU152
 905 0004 23F00103 		bic	r3, r3, #1
 906 0008 1362     		str	r3, [r2, #32]
 543:Drivers/STM32F7xx_HAL_Driver/Src/stm32f7xx_hal.c **** }
 907              		.loc 1 543 1 view .LVU153
 908 000a 7047     		bx	lr
 909              	.L87:
 910              		.align	2
 911              	.L86:
 912 000c 00380140 		.word	1073821696
 913              		.cfi_endproc
 914              	.LFE167:
 916              		.section	.text.HAL_EnableFMCMemorySwapping,"ax",%progbits
 917              		.align	1
 918              		.global	HAL_EnableFMCMemorySwapping
 919              		.syntax unified
 920              		.thumb
 921              		.thumb_func
 923              	HAL_EnableFMCMemorySwapping:
 924              	.LFB168:
 544:Drivers/STM32F7xx_HAL_Driver/Src/stm32f7xx_hal.c **** 
 545:Drivers/STM32F7xx_HAL_Driver/Src/stm32f7xx_hal.c **** /**
 546:Drivers/STM32F7xx_HAL_Driver/Src/stm32f7xx_hal.c ****   * @brief  Enables the FMC Memory Mapping Swapping.
 547:Drivers/STM32F7xx_HAL_Driver/Src/stm32f7xx_hal.c ****   *   
 548:Drivers/STM32F7xx_HAL_Driver/Src/stm32f7xx_hal.c ****   * @note   SDRAM is accessible at 0x60000000 
 549:Drivers/STM32F7xx_HAL_Driver/Src/stm32f7xx_hal.c ****   *         and NOR/RAM is accessible at 0xC0000000   
 550:Drivers/STM32F7xx_HAL_Driver/Src/stm32f7xx_hal.c ****   *
 551:Drivers/STM32F7xx_HAL_Driver/Src/stm32f7xx_hal.c ****   * @retval None
 552:Drivers/STM32F7xx_HAL_Driver/Src/stm32f7xx_hal.c ****   */
 553:Drivers/STM32F7xx_HAL_Driver/Src/stm32f7xx_hal.c **** void HAL_EnableFMCMemorySwapping(void)
 554:Drivers/STM32F7xx_HAL_Driver/Src/stm32f7xx_hal.c **** {
 925              		.loc 1 554 1 is_stmt 1 view -0
 926              		.cfi_startproc
 927              		@ args = 0, pretend = 0, frame = 0
 928              		@ frame_needed = 0, uses_anonymous_args = 0
 929              		@ link register save eliminated.
 555:Drivers/STM32F7xx_HAL_Driver/Src/stm32f7xx_hal.c ****   SYSCFG->MEMRMP |= SYSCFG_MEMRMP_SWP_FMC_0;
 930              		.loc 1 555 3 view .LVU155
 931              		.loc 1 555 9 is_stmt 0 view .LVU156
 932 0000 024A     		ldr	r2, .L89
 933 0002 1368     		ldr	r3, [r2]
 934              		.loc 1 555 18 view .LVU157
 935 0004 43F48063 		orr	r3, r3, #1024
 936 0008 1360     		str	r3, [r2]
 556:Drivers/STM32F7xx_HAL_Driver/Src/stm32f7xx_hal.c **** }
 937              		.loc 1 556 1 view .LVU158
 938 000a 7047     		bx	lr
 939              	.L90:
 940              		.align	2
 941              	.L89:
ARM GAS  /tmp/cc5T0hGW.s 			page 27


 942 000c 00380140 		.word	1073821696
 943              		.cfi_endproc
 944              	.LFE168:
 946              		.section	.text.HAL_DisableFMCMemorySwapping,"ax",%progbits
 947              		.align	1
 948              		.global	HAL_DisableFMCMemorySwapping
 949              		.syntax unified
 950              		.thumb
 951              		.thumb_func
 953              	HAL_DisableFMCMemorySwapping:
 954              	.LFB169:
 557:Drivers/STM32F7xx_HAL_Driver/Src/stm32f7xx_hal.c **** 
 558:Drivers/STM32F7xx_HAL_Driver/Src/stm32f7xx_hal.c **** /**
 559:Drivers/STM32F7xx_HAL_Driver/Src/stm32f7xx_hal.c ****   * @brief  Disables the FMC Memory Mapping Swapping
 560:Drivers/STM32F7xx_HAL_Driver/Src/stm32f7xx_hal.c ****   *   
 561:Drivers/STM32F7xx_HAL_Driver/Src/stm32f7xx_hal.c ****   * @note   SDRAM is accessible at 0xC0000000 (default mapping)  
 562:Drivers/STM32F7xx_HAL_Driver/Src/stm32f7xx_hal.c ****   *         and NOR/RAM is accessible at 0x60000000 (default mapping)    
 563:Drivers/STM32F7xx_HAL_Driver/Src/stm32f7xx_hal.c ****   *           
 564:Drivers/STM32F7xx_HAL_Driver/Src/stm32f7xx_hal.c ****   * @retval None
 565:Drivers/STM32F7xx_HAL_Driver/Src/stm32f7xx_hal.c ****   */
 566:Drivers/STM32F7xx_HAL_Driver/Src/stm32f7xx_hal.c **** void HAL_DisableFMCMemorySwapping(void)
 567:Drivers/STM32F7xx_HAL_Driver/Src/stm32f7xx_hal.c **** {
 955              		.loc 1 567 1 is_stmt 1 view -0
 956              		.cfi_startproc
 957              		@ args = 0, pretend = 0, frame = 0
 958              		@ frame_needed = 0, uses_anonymous_args = 0
 959              		@ link register save eliminated.
 568:Drivers/STM32F7xx_HAL_Driver/Src/stm32f7xx_hal.c ****   SYSCFG->MEMRMP &= (uint32_t)~((uint32_t)SYSCFG_MEMRMP_SWP_FMC);
 960              		.loc 1 568 3 view .LVU160
 961              		.loc 1 568 9 is_stmt 0 view .LVU161
 962 0000 024A     		ldr	r2, .L92
 963 0002 1368     		ldr	r3, [r2]
 964              		.loc 1 568 18 view .LVU162
 965 0004 23F44063 		bic	r3, r3, #3072
 966 0008 1360     		str	r3, [r2]
 569:Drivers/STM32F7xx_HAL_Driver/Src/stm32f7xx_hal.c **** }
 967              		.loc 1 569 1 view .LVU163
 968 000a 7047     		bx	lr
 969              	.L93:
 970              		.align	2
 971              	.L92:
 972 000c 00380140 		.word	1073821696
 973              		.cfi_endproc
 974              	.LFE169:
 976              		.section	.text.HAL_EnableMemorySwappingBank,"ax",%progbits
 977              		.align	1
 978              		.global	HAL_EnableMemorySwappingBank
 979              		.syntax unified
 980              		.thumb
 981              		.thumb_func
 983              	HAL_EnableMemorySwappingBank:
 984              	.LFB170:
 570:Drivers/STM32F7xx_HAL_Driver/Src/stm32f7xx_hal.c **** 
 571:Drivers/STM32F7xx_HAL_Driver/Src/stm32f7xx_hal.c **** #if defined (STM32F765xx) || defined (STM32F767xx) || defined (STM32F769xx) || defined (STM32F777xx
 572:Drivers/STM32F7xx_HAL_Driver/Src/stm32f7xx_hal.c **** /**
 573:Drivers/STM32F7xx_HAL_Driver/Src/stm32f7xx_hal.c **** * @brief  Enable the Internal FLASH Bank Swapping.
 574:Drivers/STM32F7xx_HAL_Driver/Src/stm32f7xx_hal.c **** *   
ARM GAS  /tmp/cc5T0hGW.s 			page 28


 575:Drivers/STM32F7xx_HAL_Driver/Src/stm32f7xx_hal.c **** * @note   This function can be used only for STM32F77xx/STM32F76xx devices. 
 576:Drivers/STM32F7xx_HAL_Driver/Src/stm32f7xx_hal.c **** *
 577:Drivers/STM32F7xx_HAL_Driver/Src/stm32f7xx_hal.c **** * @note   Flash Bank2 mapped at 0x08000000 (AXI) (aliased at 0x00200000 (TCM)) 
 578:Drivers/STM32F7xx_HAL_Driver/Src/stm32f7xx_hal.c **** *         and Flash Bank1 mapped at 0x08100000 (AXI) (aliased at 0x00300000 (TCM))   
 579:Drivers/STM32F7xx_HAL_Driver/Src/stm32f7xx_hal.c **** *
 580:Drivers/STM32F7xx_HAL_Driver/Src/stm32f7xx_hal.c **** * @retval None
 581:Drivers/STM32F7xx_HAL_Driver/Src/stm32f7xx_hal.c **** */
 582:Drivers/STM32F7xx_HAL_Driver/Src/stm32f7xx_hal.c **** void HAL_EnableMemorySwappingBank(void)
 583:Drivers/STM32F7xx_HAL_Driver/Src/stm32f7xx_hal.c **** {
 985              		.loc 1 583 1 is_stmt 1 view -0
 986              		.cfi_startproc
 987              		@ args = 0, pretend = 0, frame = 0
 988              		@ frame_needed = 0, uses_anonymous_args = 0
 989              		@ link register save eliminated.
 584:Drivers/STM32F7xx_HAL_Driver/Src/stm32f7xx_hal.c ****   SET_BIT(SYSCFG->MEMRMP, SYSCFG_MEMRMP_SWP_FB);
 990              		.loc 1 584 3 view .LVU165
 991 0000 024A     		ldr	r2, .L95
 992 0002 1368     		ldr	r3, [r2]
 993 0004 43F48073 		orr	r3, r3, #256
 994 0008 1360     		str	r3, [r2]
 585:Drivers/STM32F7xx_HAL_Driver/Src/stm32f7xx_hal.c **** }
 995              		.loc 1 585 1 is_stmt 0 view .LVU166
 996 000a 7047     		bx	lr
 997              	.L96:
 998              		.align	2
 999              	.L95:
 1000 000c 00380140 		.word	1073821696
 1001              		.cfi_endproc
 1002              	.LFE170:
 1004              		.section	.text.HAL_DisableMemorySwappingBank,"ax",%progbits
 1005              		.align	1
 1006              		.global	HAL_DisableMemorySwappingBank
 1007              		.syntax unified
 1008              		.thumb
 1009              		.thumb_func
 1011              	HAL_DisableMemorySwappingBank:
 1012              	.LFB171:
 586:Drivers/STM32F7xx_HAL_Driver/Src/stm32f7xx_hal.c **** 
 587:Drivers/STM32F7xx_HAL_Driver/Src/stm32f7xx_hal.c **** /**
 588:Drivers/STM32F7xx_HAL_Driver/Src/stm32f7xx_hal.c **** * @brief  Disable the Internal FLASH Bank Swapping.
 589:Drivers/STM32F7xx_HAL_Driver/Src/stm32f7xx_hal.c **** *   
 590:Drivers/STM32F7xx_HAL_Driver/Src/stm32f7xx_hal.c **** * @note   This function can be used only for STM32F77xx/STM32F76xx devices. 
 591:Drivers/STM32F7xx_HAL_Driver/Src/stm32f7xx_hal.c **** *
 592:Drivers/STM32F7xx_HAL_Driver/Src/stm32f7xx_hal.c **** * @note   The default state : Flash Bank1 mapped at 0x08000000 (AXI) (aliased at 0x00200000 (TCM)) 
 593:Drivers/STM32F7xx_HAL_Driver/Src/stm32f7xx_hal.c **** *         and Flash Bank2 mapped at 0x08100000 (AXI)( aliased at 0x00300000 (TCM)) 
 594:Drivers/STM32F7xx_HAL_Driver/Src/stm32f7xx_hal.c **** *           
 595:Drivers/STM32F7xx_HAL_Driver/Src/stm32f7xx_hal.c **** * @retval None
 596:Drivers/STM32F7xx_HAL_Driver/Src/stm32f7xx_hal.c **** */
 597:Drivers/STM32F7xx_HAL_Driver/Src/stm32f7xx_hal.c **** void HAL_DisableMemorySwappingBank(void)
 598:Drivers/STM32F7xx_HAL_Driver/Src/stm32f7xx_hal.c **** {
 1013              		.loc 1 598 1 is_stmt 1 view -0
 1014              		.cfi_startproc
 1015              		@ args = 0, pretend = 0, frame = 0
 1016              		@ frame_needed = 0, uses_anonymous_args = 0
 1017              		@ link register save eliminated.
 599:Drivers/STM32F7xx_HAL_Driver/Src/stm32f7xx_hal.c ****   CLEAR_BIT(SYSCFG->MEMRMP, SYSCFG_MEMRMP_SWP_FB);
 1018              		.loc 1 599 3 view .LVU168
ARM GAS  /tmp/cc5T0hGW.s 			page 29


 1019 0000 024A     		ldr	r2, .L98
 1020 0002 1368     		ldr	r3, [r2]
 1021 0004 23F48073 		bic	r3, r3, #256
 1022 0008 1360     		str	r3, [r2]
 600:Drivers/STM32F7xx_HAL_Driver/Src/stm32f7xx_hal.c **** }
 1023              		.loc 1 600 1 is_stmt 0 view .LVU169
 1024 000a 7047     		bx	lr
 1025              	.L99:
 1026              		.align	2
 1027              	.L98:
 1028 000c 00380140 		.word	1073821696
 1029              		.cfi_endproc
 1030              	.LFE171:
 1032              		.global	uwTickFreq
 1033              		.section	.data.uwTickFreq,"aw"
 1036              	uwTickFreq:
 1037 0000 01       		.byte	1
 1038              		.global	uwTickPrio
 1039              		.section	.data.uwTickPrio,"aw"
 1040              		.align	2
 1043              	uwTickPrio:
 1044 0000 10000000 		.word	16
 1045              		.global	uwTick
 1046              		.section	.bss.uwTick,"aw",%nobits
 1047              		.align	2
 1050              	uwTick:
 1051 0000 00000000 		.space	4
 1052              		.text
 1053              	.Letext0:
 1054              		.file 2 "Drivers/CMSIS/Device/ST/STM32F7xx/Include/stm32f767xx.h"
 1055              		.file 3 "/usr/lib/gcc/arm-none-eabi/12.2.1/include/stdint.h"
 1056              		.file 4 "Drivers/CMSIS/Include/core_cm7.h"
 1057              		.file 5 "Drivers/STM32F7xx_HAL_Driver/Inc/stm32f7xx_hal_def.h"
 1058              		.file 6 "Drivers/STM32F7xx_HAL_Driver/Inc/stm32f7xx_hal.h"
 1059              		.file 7 "Drivers/CMSIS/Device/ST/STM32F7xx/Include/system_stm32f7xx.h"
 1060              		.file 8 "Drivers/STM32F7xx_HAL_Driver/Inc/stm32f7xx_hal_cortex.h"
ARM GAS  /tmp/cc5T0hGW.s 			page 30


DEFINED SYMBOLS
                            *ABS*:00000000 stm32f7xx_hal.c
     /tmp/cc5T0hGW.s:20     .text.HAL_MspInit:00000000 $t
     /tmp/cc5T0hGW.s:26     .text.HAL_MspInit:00000000 HAL_MspInit
     /tmp/cc5T0hGW.s:39     .text.HAL_MspDeInit:00000000 $t
     /tmp/cc5T0hGW.s:45     .text.HAL_MspDeInit:00000000 HAL_MspDeInit
     /tmp/cc5T0hGW.s:58     .text.HAL_DeInit:00000000 $t
     /tmp/cc5T0hGW.s:64     .text.HAL_DeInit:00000000 HAL_DeInit
     /tmp/cc5T0hGW.s:108    .text.HAL_DeInit:00000028 $d
     /tmp/cc5T0hGW.s:113    .text.HAL_InitTick:00000000 $t
     /tmp/cc5T0hGW.s:119    .text.HAL_InitTick:00000000 HAL_InitTick
     /tmp/cc5T0hGW.s:182    .text.HAL_InitTick:00000040 $d
     /tmp/cc5T0hGW.s:1036   .data.uwTickFreq:00000000 uwTickFreq
     /tmp/cc5T0hGW.s:1043   .data.uwTickPrio:00000000 uwTickPrio
     /tmp/cc5T0hGW.s:189    .text.HAL_Init:00000000 $t
     /tmp/cc5T0hGW.s:195    .text.HAL_Init:00000000 HAL_Init
     /tmp/cc5T0hGW.s:229    .text.HAL_Init:00000020 $d
     /tmp/cc5T0hGW.s:234    .text.HAL_IncTick:00000000 $t
     /tmp/cc5T0hGW.s:240    .text.HAL_IncTick:00000000 HAL_IncTick
     /tmp/cc5T0hGW.s:260    .text.HAL_IncTick:00000010 $d
     /tmp/cc5T0hGW.s:1050   .bss.uwTick:00000000 uwTick
     /tmp/cc5T0hGW.s:266    .text.HAL_GetTick:00000000 $t
     /tmp/cc5T0hGW.s:272    .text.HAL_GetTick:00000000 HAL_GetTick
     /tmp/cc5T0hGW.s:288    .text.HAL_GetTick:00000008 $d
     /tmp/cc5T0hGW.s:293    .text.HAL_GetTickPrio:00000000 $t
     /tmp/cc5T0hGW.s:299    .text.HAL_GetTickPrio:00000000 HAL_GetTickPrio
     /tmp/cc5T0hGW.s:314    .text.HAL_GetTickPrio:00000008 $d
     /tmp/cc5T0hGW.s:319    .text.HAL_SetTickFreq:00000000 $t
     /tmp/cc5T0hGW.s:325    .text.HAL_SetTickFreq:00000000 HAL_SetTickFreq
     /tmp/cc5T0hGW.s:382    .text.HAL_SetTickFreq:00000024 $d
     /tmp/cc5T0hGW.s:388    .text.HAL_GetTickFreq:00000000 $t
     /tmp/cc5T0hGW.s:394    .text.HAL_GetTickFreq:00000000 HAL_GetTickFreq
     /tmp/cc5T0hGW.s:409    .text.HAL_GetTickFreq:00000008 $d
     /tmp/cc5T0hGW.s:414    .text.HAL_Delay:00000000 $t
     /tmp/cc5T0hGW.s:420    .text.HAL_Delay:00000000 HAL_Delay
     /tmp/cc5T0hGW.s:473    .text.HAL_Delay:00000024 $d
     /tmp/cc5T0hGW.s:478    .text.HAL_SuspendTick:00000000 $t
     /tmp/cc5T0hGW.s:484    .text.HAL_SuspendTick:00000000 HAL_SuspendTick
     /tmp/cc5T0hGW.s:504    .text.HAL_ResumeTick:00000000 $t
     /tmp/cc5T0hGW.s:510    .text.HAL_ResumeTick:00000000 HAL_ResumeTick
     /tmp/cc5T0hGW.s:530    .text.HAL_GetHalVersion:00000000 $t
     /tmp/cc5T0hGW.s:536    .text.HAL_GetHalVersion:00000000 HAL_GetHalVersion
     /tmp/cc5T0hGW.s:550    .text.HAL_GetHalVersion:00000004 $d
     /tmp/cc5T0hGW.s:555    .text.HAL_GetREVID:00000000 $t
     /tmp/cc5T0hGW.s:561    .text.HAL_GetREVID:00000000 HAL_GetREVID
     /tmp/cc5T0hGW.s:578    .text.HAL_GetREVID:00000008 $d
     /tmp/cc5T0hGW.s:583    .text.HAL_GetDEVID:00000000 $t
     /tmp/cc5T0hGW.s:589    .text.HAL_GetDEVID:00000000 HAL_GetDEVID
     /tmp/cc5T0hGW.s:606    .text.HAL_GetDEVID:0000000c $d
     /tmp/cc5T0hGW.s:611    .text.HAL_GetUIDw0:00000000 $t
     /tmp/cc5T0hGW.s:617    .text.HAL_GetUIDw0:00000000 HAL_GetUIDw0
     /tmp/cc5T0hGW.s:632    .text.HAL_GetUIDw0:00000008 $d
     /tmp/cc5T0hGW.s:637    .text.HAL_GetUIDw1:00000000 $t
     /tmp/cc5T0hGW.s:643    .text.HAL_GetUIDw1:00000000 HAL_GetUIDw1
     /tmp/cc5T0hGW.s:658    .text.HAL_GetUIDw1:00000008 $d
     /tmp/cc5T0hGW.s:663    .text.HAL_GetUIDw2:00000000 $t
     /tmp/cc5T0hGW.s:669    .text.HAL_GetUIDw2:00000000 HAL_GetUIDw2
ARM GAS  /tmp/cc5T0hGW.s 			page 31


     /tmp/cc5T0hGW.s:684    .text.HAL_GetUIDw2:00000008 $d
     /tmp/cc5T0hGW.s:689    .text.HAL_DBGMCU_EnableDBGSleepMode:00000000 $t
     /tmp/cc5T0hGW.s:695    .text.HAL_DBGMCU_EnableDBGSleepMode:00000000 HAL_DBGMCU_EnableDBGSleepMode
     /tmp/cc5T0hGW.s:712    .text.HAL_DBGMCU_EnableDBGSleepMode:0000000c $d
     /tmp/cc5T0hGW.s:717    .text.HAL_DBGMCU_DisableDBGSleepMode:00000000 $t
     /tmp/cc5T0hGW.s:723    .text.HAL_DBGMCU_DisableDBGSleepMode:00000000 HAL_DBGMCU_DisableDBGSleepMode
     /tmp/cc5T0hGW.s:740    .text.HAL_DBGMCU_DisableDBGSleepMode:0000000c $d
     /tmp/cc5T0hGW.s:745    .text.HAL_DBGMCU_EnableDBGStopMode:00000000 $t
     /tmp/cc5T0hGW.s:751    .text.HAL_DBGMCU_EnableDBGStopMode:00000000 HAL_DBGMCU_EnableDBGStopMode
     /tmp/cc5T0hGW.s:768    .text.HAL_DBGMCU_EnableDBGStopMode:0000000c $d
     /tmp/cc5T0hGW.s:773    .text.HAL_DBGMCU_DisableDBGStopMode:00000000 $t
     /tmp/cc5T0hGW.s:779    .text.HAL_DBGMCU_DisableDBGStopMode:00000000 HAL_DBGMCU_DisableDBGStopMode
     /tmp/cc5T0hGW.s:796    .text.HAL_DBGMCU_DisableDBGStopMode:0000000c $d
     /tmp/cc5T0hGW.s:801    .text.HAL_DBGMCU_EnableDBGStandbyMode:00000000 $t
     /tmp/cc5T0hGW.s:807    .text.HAL_DBGMCU_EnableDBGStandbyMode:00000000 HAL_DBGMCU_EnableDBGStandbyMode
     /tmp/cc5T0hGW.s:824    .text.HAL_DBGMCU_EnableDBGStandbyMode:0000000c $d
     /tmp/cc5T0hGW.s:829    .text.HAL_DBGMCU_DisableDBGStandbyMode:00000000 $t
     /tmp/cc5T0hGW.s:835    .text.HAL_DBGMCU_DisableDBGStandbyMode:00000000 HAL_DBGMCU_DisableDBGStandbyMode
     /tmp/cc5T0hGW.s:852    .text.HAL_DBGMCU_DisableDBGStandbyMode:0000000c $d
     /tmp/cc5T0hGW.s:857    .text.HAL_EnableCompensationCell:00000000 $t
     /tmp/cc5T0hGW.s:863    .text.HAL_EnableCompensationCell:00000000 HAL_EnableCompensationCell
     /tmp/cc5T0hGW.s:882    .text.HAL_EnableCompensationCell:0000000c $d
     /tmp/cc5T0hGW.s:887    .text.HAL_DisableCompensationCell:00000000 $t
     /tmp/cc5T0hGW.s:893    .text.HAL_DisableCompensationCell:00000000 HAL_DisableCompensationCell
     /tmp/cc5T0hGW.s:912    .text.HAL_DisableCompensationCell:0000000c $d
     /tmp/cc5T0hGW.s:917    .text.HAL_EnableFMCMemorySwapping:00000000 $t
     /tmp/cc5T0hGW.s:923    .text.HAL_EnableFMCMemorySwapping:00000000 HAL_EnableFMCMemorySwapping
     /tmp/cc5T0hGW.s:942    .text.HAL_EnableFMCMemorySwapping:0000000c $d
     /tmp/cc5T0hGW.s:947    .text.HAL_DisableFMCMemorySwapping:00000000 $t
     /tmp/cc5T0hGW.s:953    .text.HAL_DisableFMCMemorySwapping:00000000 HAL_DisableFMCMemorySwapping
     /tmp/cc5T0hGW.s:972    .text.HAL_DisableFMCMemorySwapping:0000000c $d
     /tmp/cc5T0hGW.s:977    .text.HAL_EnableMemorySwappingBank:00000000 $t
     /tmp/cc5T0hGW.s:983    .text.HAL_EnableMemorySwappingBank:00000000 HAL_EnableMemorySwappingBank
     /tmp/cc5T0hGW.s:1000   .text.HAL_EnableMemorySwappingBank:0000000c $d
     /tmp/cc5T0hGW.s:1005   .text.HAL_DisableMemorySwappingBank:00000000 $t
     /tmp/cc5T0hGW.s:1011   .text.HAL_DisableMemorySwappingBank:00000000 HAL_DisableMemorySwappingBank
     /tmp/cc5T0hGW.s:1028   .text.HAL_DisableMemorySwappingBank:0000000c $d
     /tmp/cc5T0hGW.s:1040   .data.uwTickPrio:00000000 $d
     /tmp/cc5T0hGW.s:1047   .bss.uwTick:00000000 $d

UNDEFINED SYMBOLS
HAL_SYSTICK_Config
HAL_NVIC_SetPriority
SystemCoreClock
HAL_NVIC_SetPriorityGrouping
