ARM GAS  /tmp/cc6OwwRl.s 			page 1


   1              		.cpu cortex-m7
   2              		.arch armv7e-m
   3              		.fpu fpv5-d16
   4              		.eabi_attribute 28, 1
   5              		.eabi_attribute 20, 1
   6              		.eabi_attribute 21, 1
   7              		.eabi_attribute 23, 3
   8              		.eabi_attribute 24, 1
   9              		.eabi_attribute 25, 1
  10              		.eabi_attribute 26, 1
  11              		.eabi_attribute 30, 1
  12              		.eabi_attribute 34, 1
  13              		.eabi_attribute 18, 4
  14              		.file	"stm32f7xx_hal_dma.c"
  15              		.text
  16              	.Ltext0:
  17              		.cfi_sections	.debug_frame
  18              		.file 1 "Drivers/STM32F7xx_HAL_Driver/Src/stm32f7xx_hal_dma.c"
  19              		.section	.text.DMA_SetConfig,"ax",%progbits
  20              		.align	1
  21              		.syntax unified
  22              		.thumb
  23              		.thumb_func
  25              	DMA_SetConfig:
  26              	.LVL0:
  27              	.LFB153:
   1:Drivers/STM32F7xx_HAL_Driver/Src/stm32f7xx_hal_dma.c **** /**
   2:Drivers/STM32F7xx_HAL_Driver/Src/stm32f7xx_hal_dma.c ****   ******************************************************************************
   3:Drivers/STM32F7xx_HAL_Driver/Src/stm32f7xx_hal_dma.c ****   * @file    stm32f7xx_hal_dma.c
   4:Drivers/STM32F7xx_HAL_Driver/Src/stm32f7xx_hal_dma.c ****   * @author  MCD Application Team
   5:Drivers/STM32F7xx_HAL_Driver/Src/stm32f7xx_hal_dma.c ****   * @brief   DMA HAL module driver.
   6:Drivers/STM32F7xx_HAL_Driver/Src/stm32f7xx_hal_dma.c ****   *    
   7:Drivers/STM32F7xx_HAL_Driver/Src/stm32f7xx_hal_dma.c ****   *          This file provides firmware functions to manage the following 
   8:Drivers/STM32F7xx_HAL_Driver/Src/stm32f7xx_hal_dma.c ****   *          functionalities of the Direct Memory Access (DMA) peripheral:
   9:Drivers/STM32F7xx_HAL_Driver/Src/stm32f7xx_hal_dma.c ****   *           + Initialization and de-initialization functions
  10:Drivers/STM32F7xx_HAL_Driver/Src/stm32f7xx_hal_dma.c ****   *           + IO operation functions
  11:Drivers/STM32F7xx_HAL_Driver/Src/stm32f7xx_hal_dma.c ****   *           + Peripheral State and errors functions
  12:Drivers/STM32F7xx_HAL_Driver/Src/stm32f7xx_hal_dma.c ****   @verbatim     
  13:Drivers/STM32F7xx_HAL_Driver/Src/stm32f7xx_hal_dma.c ****   ==============================================================================
  14:Drivers/STM32F7xx_HAL_Driver/Src/stm32f7xx_hal_dma.c ****                         ##### How to use this driver #####
  15:Drivers/STM32F7xx_HAL_Driver/Src/stm32f7xx_hal_dma.c ****   ==============================================================================
  16:Drivers/STM32F7xx_HAL_Driver/Src/stm32f7xx_hal_dma.c ****   [..]
  17:Drivers/STM32F7xx_HAL_Driver/Src/stm32f7xx_hal_dma.c ****    (#) Enable and configure the peripheral to be connected to the DMA Stream
  18:Drivers/STM32F7xx_HAL_Driver/Src/stm32f7xx_hal_dma.c ****        (except for internal SRAM/FLASH memories: no initialization is 
  19:Drivers/STM32F7xx_HAL_Driver/Src/stm32f7xx_hal_dma.c ****        necessary) please refer to Reference manual for connection between peripherals
  20:Drivers/STM32F7xx_HAL_Driver/Src/stm32f7xx_hal_dma.c ****        and DMA requests.
  21:Drivers/STM32F7xx_HAL_Driver/Src/stm32f7xx_hal_dma.c **** 
  22:Drivers/STM32F7xx_HAL_Driver/Src/stm32f7xx_hal_dma.c ****    (#) For a given Stream, program the required configuration through the following parameters:
  23:Drivers/STM32F7xx_HAL_Driver/Src/stm32f7xx_hal_dma.c ****        Transfer Direction, Source and Destination data formats, 
  24:Drivers/STM32F7xx_HAL_Driver/Src/stm32f7xx_hal_dma.c ****        Circular, Normal or peripheral flow control mode, Stream Priority level, 
  25:Drivers/STM32F7xx_HAL_Driver/Src/stm32f7xx_hal_dma.c ****        Source and Destination Increment mode, FIFO mode and its Threshold (if needed), 
  26:Drivers/STM32F7xx_HAL_Driver/Src/stm32f7xx_hal_dma.c ****        Burst mode for Source and/or Destination (if needed) using HAL_DMA_Init() function.
  27:Drivers/STM32F7xx_HAL_Driver/Src/stm32f7xx_hal_dma.c **** 
  28:Drivers/STM32F7xx_HAL_Driver/Src/stm32f7xx_hal_dma.c ****    -@-   Prior to HAL_DMA_Init() the clock must be enabled for DMA through the following macros:
  29:Drivers/STM32F7xx_HAL_Driver/Src/stm32f7xx_hal_dma.c ****          __HAL_RCC_DMA1_CLK_ENABLE() or __HAL_RCC_DMA2_CLK_ENABLE().
  30:Drivers/STM32F7xx_HAL_Driver/Src/stm32f7xx_hal_dma.c **** 
  31:Drivers/STM32F7xx_HAL_Driver/Src/stm32f7xx_hal_dma.c ****      *** Polling mode IO operation ***
ARM GAS  /tmp/cc6OwwRl.s 			page 2


  32:Drivers/STM32F7xx_HAL_Driver/Src/stm32f7xx_hal_dma.c ****      =================================
  33:Drivers/STM32F7xx_HAL_Driver/Src/stm32f7xx_hal_dma.c ****     [..]
  34:Drivers/STM32F7xx_HAL_Driver/Src/stm32f7xx_hal_dma.c ****           (+) Use HAL_DMA_Start() to start DMA transfer after the configuration of Source 
  35:Drivers/STM32F7xx_HAL_Driver/Src/stm32f7xx_hal_dma.c ****               address and destination address and the Length of data to be transferred.
  36:Drivers/STM32F7xx_HAL_Driver/Src/stm32f7xx_hal_dma.c ****           (+) Use HAL_DMA_PollForTransfer() to poll for the end of current transfer, in this  
  37:Drivers/STM32F7xx_HAL_Driver/Src/stm32f7xx_hal_dma.c ****               case a fixed Timeout can be configured by User depending from his application.
  38:Drivers/STM32F7xx_HAL_Driver/Src/stm32f7xx_hal_dma.c ****           (+) Use HAL_DMA_Abort() function to abort the current transfer.
  39:Drivers/STM32F7xx_HAL_Driver/Src/stm32f7xx_hal_dma.c **** 
  40:Drivers/STM32F7xx_HAL_Driver/Src/stm32f7xx_hal_dma.c ****      *** Interrupt mode IO operation ***
  41:Drivers/STM32F7xx_HAL_Driver/Src/stm32f7xx_hal_dma.c ****      ===================================
  42:Drivers/STM32F7xx_HAL_Driver/Src/stm32f7xx_hal_dma.c ****     [..]
  43:Drivers/STM32F7xx_HAL_Driver/Src/stm32f7xx_hal_dma.c ****           (+) Configure the DMA interrupt priority using HAL_NVIC_SetPriority()
  44:Drivers/STM32F7xx_HAL_Driver/Src/stm32f7xx_hal_dma.c ****           (+) Enable the DMA IRQ handler using HAL_NVIC_EnableIRQ()
  45:Drivers/STM32F7xx_HAL_Driver/Src/stm32f7xx_hal_dma.c ****           (+) Select Callbacks functions using HAL_DMA_RegisterCallback()
  46:Drivers/STM32F7xx_HAL_Driver/Src/stm32f7xx_hal_dma.c ****           (+) Use HAL_DMA_Start_IT() to start DMA transfer after the configuration of  
  47:Drivers/STM32F7xx_HAL_Driver/Src/stm32f7xx_hal_dma.c ****               Source address and destination address and the Length of data to be transferred. In t
  48:Drivers/STM32F7xx_HAL_Driver/Src/stm32f7xx_hal_dma.c ****               case the DMA interrupt is configured 
  49:Drivers/STM32F7xx_HAL_Driver/Src/stm32f7xx_hal_dma.c ****           (+) Use HAL_DMA_IRQHandler() called under DMA_IRQHandler() Interrupt subroutine
  50:Drivers/STM32F7xx_HAL_Driver/Src/stm32f7xx_hal_dma.c ****           (+) At the end of data transfer HAL_DMA_IRQHandler() function is executed and user can 
  51:Drivers/STM32F7xx_HAL_Driver/Src/stm32f7xx_hal_dma.c ****               add his own function by customization of function pointer XferCpltCallback and 
  52:Drivers/STM32F7xx_HAL_Driver/Src/stm32f7xx_hal_dma.c ****               XferErrorCallback (i.e a member of DMA handle structure).
  53:Drivers/STM32F7xx_HAL_Driver/Src/stm32f7xx_hal_dma.c ****     [..]
  54:Drivers/STM32F7xx_HAL_Driver/Src/stm32f7xx_hal_dma.c ****      (#) Use HAL_DMA_GetState() function to return the DMA state and HAL_DMA_GetError() in case of 
  55:Drivers/STM32F7xx_HAL_Driver/Src/stm32f7xx_hal_dma.c ****          detection.
  56:Drivers/STM32F7xx_HAL_Driver/Src/stm32f7xx_hal_dma.c **** 
  57:Drivers/STM32F7xx_HAL_Driver/Src/stm32f7xx_hal_dma.c ****      (#) Use HAL_DMA_Abort_IT() function to abort the current transfer
  58:Drivers/STM32F7xx_HAL_Driver/Src/stm32f7xx_hal_dma.c **** 
  59:Drivers/STM32F7xx_HAL_Driver/Src/stm32f7xx_hal_dma.c ****      -@-   In Memory-to-Memory transfer mode, Circular mode is not allowed.
  60:Drivers/STM32F7xx_HAL_Driver/Src/stm32f7xx_hal_dma.c **** 
  61:Drivers/STM32F7xx_HAL_Driver/Src/stm32f7xx_hal_dma.c ****      -@-   The FIFO is used mainly to reduce bus usage and to allow data packing/unpacking: it is
  62:Drivers/STM32F7xx_HAL_Driver/Src/stm32f7xx_hal_dma.c ****            possible to set different Data Sizes for the Peripheral and the Memory (ie. you can set
  63:Drivers/STM32F7xx_HAL_Driver/Src/stm32f7xx_hal_dma.c ****            Half-Word data size for the peripheral to access its data register and set Word data siz
  64:Drivers/STM32F7xx_HAL_Driver/Src/stm32f7xx_hal_dma.c ****            for the Memory to gain in access time. Each two half words will be packed and written in
  65:Drivers/STM32F7xx_HAL_Driver/Src/stm32f7xx_hal_dma.c ****            a single access to a Word in the Memory).
  66:Drivers/STM32F7xx_HAL_Driver/Src/stm32f7xx_hal_dma.c **** 
  67:Drivers/STM32F7xx_HAL_Driver/Src/stm32f7xx_hal_dma.c ****      -@-   When FIFO is disabled, it is not allowed to configure different Data Sizes for Source
  68:Drivers/STM32F7xx_HAL_Driver/Src/stm32f7xx_hal_dma.c ****            and Destination. In this case the Peripheral Data Size will be applied to both Source
  69:Drivers/STM32F7xx_HAL_Driver/Src/stm32f7xx_hal_dma.c ****            and Destination.
  70:Drivers/STM32F7xx_HAL_Driver/Src/stm32f7xx_hal_dma.c **** 
  71:Drivers/STM32F7xx_HAL_Driver/Src/stm32f7xx_hal_dma.c ****      *** DMA HAL driver macros list ***
  72:Drivers/STM32F7xx_HAL_Driver/Src/stm32f7xx_hal_dma.c ****      =============================================
  73:Drivers/STM32F7xx_HAL_Driver/Src/stm32f7xx_hal_dma.c ****      [..]
  74:Drivers/STM32F7xx_HAL_Driver/Src/stm32f7xx_hal_dma.c ****        Below the list of most used macros in DMA HAL driver.
  75:Drivers/STM32F7xx_HAL_Driver/Src/stm32f7xx_hal_dma.c ****        
  76:Drivers/STM32F7xx_HAL_Driver/Src/stm32f7xx_hal_dma.c ****       (+) __HAL_DMA_ENABLE: Enable the specified DMA Stream.
  77:Drivers/STM32F7xx_HAL_Driver/Src/stm32f7xx_hal_dma.c ****       (+) __HAL_DMA_DISABLE: Disable the specified DMA Stream.
  78:Drivers/STM32F7xx_HAL_Driver/Src/stm32f7xx_hal_dma.c ****       (+) __HAL_DMA_GET_IT_SOURCE: Check whether the specified DMA Stream interrupt has occurred or
  79:Drivers/STM32F7xx_HAL_Driver/Src/stm32f7xx_hal_dma.c **** 
  80:Drivers/STM32F7xx_HAL_Driver/Src/stm32f7xx_hal_dma.c ****      [..]
  81:Drivers/STM32F7xx_HAL_Driver/Src/stm32f7xx_hal_dma.c ****       (@) You can refer to the DMA HAL driver header file for more useful macros
  82:Drivers/STM32F7xx_HAL_Driver/Src/stm32f7xx_hal_dma.c **** 
  83:Drivers/STM32F7xx_HAL_Driver/Src/stm32f7xx_hal_dma.c ****   @endverbatim
  84:Drivers/STM32F7xx_HAL_Driver/Src/stm32f7xx_hal_dma.c ****   ******************************************************************************
  85:Drivers/STM32F7xx_HAL_Driver/Src/stm32f7xx_hal_dma.c ****   * @attention
  86:Drivers/STM32F7xx_HAL_Driver/Src/stm32f7xx_hal_dma.c ****   *
  87:Drivers/STM32F7xx_HAL_Driver/Src/stm32f7xx_hal_dma.c ****   * Copyright (c) 2017 STMicroelectronics.
  88:Drivers/STM32F7xx_HAL_Driver/Src/stm32f7xx_hal_dma.c ****   * All rights reserved.
ARM GAS  /tmp/cc6OwwRl.s 			page 3


  89:Drivers/STM32F7xx_HAL_Driver/Src/stm32f7xx_hal_dma.c ****   *
  90:Drivers/STM32F7xx_HAL_Driver/Src/stm32f7xx_hal_dma.c ****   * This software is licensed under terms that can be found in the LICENSE file in
  91:Drivers/STM32F7xx_HAL_Driver/Src/stm32f7xx_hal_dma.c ****   * the root directory of this software component.
  92:Drivers/STM32F7xx_HAL_Driver/Src/stm32f7xx_hal_dma.c ****   * If no LICENSE file comes with this software, it is provided AS-IS.
  93:Drivers/STM32F7xx_HAL_Driver/Src/stm32f7xx_hal_dma.c ****   *
  94:Drivers/STM32F7xx_HAL_Driver/Src/stm32f7xx_hal_dma.c ****   ******************************************************************************
  95:Drivers/STM32F7xx_HAL_Driver/Src/stm32f7xx_hal_dma.c ****   */ 
  96:Drivers/STM32F7xx_HAL_Driver/Src/stm32f7xx_hal_dma.c **** 
  97:Drivers/STM32F7xx_HAL_Driver/Src/stm32f7xx_hal_dma.c **** /* Includes ------------------------------------------------------------------*/
  98:Drivers/STM32F7xx_HAL_Driver/Src/stm32f7xx_hal_dma.c **** #include "stm32f7xx_hal.h"
  99:Drivers/STM32F7xx_HAL_Driver/Src/stm32f7xx_hal_dma.c **** 
 100:Drivers/STM32F7xx_HAL_Driver/Src/stm32f7xx_hal_dma.c **** /** @addtogroup STM32F7xx_HAL_Driver
 101:Drivers/STM32F7xx_HAL_Driver/Src/stm32f7xx_hal_dma.c ****   * @{
 102:Drivers/STM32F7xx_HAL_Driver/Src/stm32f7xx_hal_dma.c ****   */
 103:Drivers/STM32F7xx_HAL_Driver/Src/stm32f7xx_hal_dma.c **** 
 104:Drivers/STM32F7xx_HAL_Driver/Src/stm32f7xx_hal_dma.c **** /** @defgroup DMA DMA
 105:Drivers/STM32F7xx_HAL_Driver/Src/stm32f7xx_hal_dma.c ****   * @brief DMA HAL module driver
 106:Drivers/STM32F7xx_HAL_Driver/Src/stm32f7xx_hal_dma.c ****   * @{
 107:Drivers/STM32F7xx_HAL_Driver/Src/stm32f7xx_hal_dma.c ****   */
 108:Drivers/STM32F7xx_HAL_Driver/Src/stm32f7xx_hal_dma.c **** 
 109:Drivers/STM32F7xx_HAL_Driver/Src/stm32f7xx_hal_dma.c **** #ifdef HAL_DMA_MODULE_ENABLED
 110:Drivers/STM32F7xx_HAL_Driver/Src/stm32f7xx_hal_dma.c **** 
 111:Drivers/STM32F7xx_HAL_Driver/Src/stm32f7xx_hal_dma.c **** /* Private types -------------------------------------------------------------*/
 112:Drivers/STM32F7xx_HAL_Driver/Src/stm32f7xx_hal_dma.c **** typedef struct
 113:Drivers/STM32F7xx_HAL_Driver/Src/stm32f7xx_hal_dma.c **** {
 114:Drivers/STM32F7xx_HAL_Driver/Src/stm32f7xx_hal_dma.c ****   __IO uint32_t ISR;   /*!< DMA interrupt status register */
 115:Drivers/STM32F7xx_HAL_Driver/Src/stm32f7xx_hal_dma.c ****   __IO uint32_t Reserved0;
 116:Drivers/STM32F7xx_HAL_Driver/Src/stm32f7xx_hal_dma.c ****   __IO uint32_t IFCR;  /*!< DMA interrupt flag clear register */
 117:Drivers/STM32F7xx_HAL_Driver/Src/stm32f7xx_hal_dma.c **** } DMA_Base_Registers;
 118:Drivers/STM32F7xx_HAL_Driver/Src/stm32f7xx_hal_dma.c **** 
 119:Drivers/STM32F7xx_HAL_Driver/Src/stm32f7xx_hal_dma.c **** /* Private variables ---------------------------------------------------------*/
 120:Drivers/STM32F7xx_HAL_Driver/Src/stm32f7xx_hal_dma.c **** /* Private constants ---------------------------------------------------------*/
 121:Drivers/STM32F7xx_HAL_Driver/Src/stm32f7xx_hal_dma.c **** /** @addtogroup DMA_Private_Constants
 122:Drivers/STM32F7xx_HAL_Driver/Src/stm32f7xx_hal_dma.c ****  * @{
 123:Drivers/STM32F7xx_HAL_Driver/Src/stm32f7xx_hal_dma.c ****  */
 124:Drivers/STM32F7xx_HAL_Driver/Src/stm32f7xx_hal_dma.c ****  #define HAL_TIMEOUT_DMA_ABORT    ((uint32_t)5)  /* 5 ms */
 125:Drivers/STM32F7xx_HAL_Driver/Src/stm32f7xx_hal_dma.c **** /**
 126:Drivers/STM32F7xx_HAL_Driver/Src/stm32f7xx_hal_dma.c ****   * @}
 127:Drivers/STM32F7xx_HAL_Driver/Src/stm32f7xx_hal_dma.c ****   */
 128:Drivers/STM32F7xx_HAL_Driver/Src/stm32f7xx_hal_dma.c **** /* Private macros ------------------------------------------------------------*/
 129:Drivers/STM32F7xx_HAL_Driver/Src/stm32f7xx_hal_dma.c **** /* Private functions ---------------------------------------------------------*/
 130:Drivers/STM32F7xx_HAL_Driver/Src/stm32f7xx_hal_dma.c **** /** @addtogroup DMA_Private_Functions
 131:Drivers/STM32F7xx_HAL_Driver/Src/stm32f7xx_hal_dma.c ****   * @{
 132:Drivers/STM32F7xx_HAL_Driver/Src/stm32f7xx_hal_dma.c ****   */
 133:Drivers/STM32F7xx_HAL_Driver/Src/stm32f7xx_hal_dma.c **** static void DMA_SetConfig(DMA_HandleTypeDef *hdma, uint32_t SrcAddress, uint32_t DstAddress, uint32
 134:Drivers/STM32F7xx_HAL_Driver/Src/stm32f7xx_hal_dma.c **** static uint32_t DMA_CalcBaseAndBitshift(DMA_HandleTypeDef *hdma);
 135:Drivers/STM32F7xx_HAL_Driver/Src/stm32f7xx_hal_dma.c **** static HAL_StatusTypeDef DMA_CheckFifoParam(DMA_HandleTypeDef *hdma);
 136:Drivers/STM32F7xx_HAL_Driver/Src/stm32f7xx_hal_dma.c **** 
 137:Drivers/STM32F7xx_HAL_Driver/Src/stm32f7xx_hal_dma.c **** /**
 138:Drivers/STM32F7xx_HAL_Driver/Src/stm32f7xx_hal_dma.c ****   * @}
 139:Drivers/STM32F7xx_HAL_Driver/Src/stm32f7xx_hal_dma.c ****   */  
 140:Drivers/STM32F7xx_HAL_Driver/Src/stm32f7xx_hal_dma.c **** 
 141:Drivers/STM32F7xx_HAL_Driver/Src/stm32f7xx_hal_dma.c **** /* Exported functions ---------------------------------------------------------*/
 142:Drivers/STM32F7xx_HAL_Driver/Src/stm32f7xx_hal_dma.c **** /** @addtogroup DMA_Exported_Functions
 143:Drivers/STM32F7xx_HAL_Driver/Src/stm32f7xx_hal_dma.c ****   * @{
 144:Drivers/STM32F7xx_HAL_Driver/Src/stm32f7xx_hal_dma.c ****   */
 145:Drivers/STM32F7xx_HAL_Driver/Src/stm32f7xx_hal_dma.c **** 
ARM GAS  /tmp/cc6OwwRl.s 			page 4


 146:Drivers/STM32F7xx_HAL_Driver/Src/stm32f7xx_hal_dma.c **** /** @addtogroup DMA_Exported_Functions_Group1
 147:Drivers/STM32F7xx_HAL_Driver/Src/stm32f7xx_hal_dma.c ****   *
 148:Drivers/STM32F7xx_HAL_Driver/Src/stm32f7xx_hal_dma.c **** @verbatim
 149:Drivers/STM32F7xx_HAL_Driver/Src/stm32f7xx_hal_dma.c ****  ===============================================================================
 150:Drivers/STM32F7xx_HAL_Driver/Src/stm32f7xx_hal_dma.c ****              ##### Initialization and de-initialization functions  #####
 151:Drivers/STM32F7xx_HAL_Driver/Src/stm32f7xx_hal_dma.c ****  ===============================================================================
 152:Drivers/STM32F7xx_HAL_Driver/Src/stm32f7xx_hal_dma.c ****     [..]
 153:Drivers/STM32F7xx_HAL_Driver/Src/stm32f7xx_hal_dma.c ****     This section provides functions allowing to initialize the DMA Stream source
 154:Drivers/STM32F7xx_HAL_Driver/Src/stm32f7xx_hal_dma.c ****     and destination addresses, incrementation and data sizes, transfer direction, 
 155:Drivers/STM32F7xx_HAL_Driver/Src/stm32f7xx_hal_dma.c ****     circular/normal mode selection, memory-to-memory mode selection and Stream priority value.
 156:Drivers/STM32F7xx_HAL_Driver/Src/stm32f7xx_hal_dma.c ****     [..]
 157:Drivers/STM32F7xx_HAL_Driver/Src/stm32f7xx_hal_dma.c ****     The HAL_DMA_Init() function follows the DMA configuration procedures as described in
 158:Drivers/STM32F7xx_HAL_Driver/Src/stm32f7xx_hal_dma.c ****     reference manual.
 159:Drivers/STM32F7xx_HAL_Driver/Src/stm32f7xx_hal_dma.c **** 
 160:Drivers/STM32F7xx_HAL_Driver/Src/stm32f7xx_hal_dma.c **** @endverbatim
 161:Drivers/STM32F7xx_HAL_Driver/Src/stm32f7xx_hal_dma.c ****   * @{
 162:Drivers/STM32F7xx_HAL_Driver/Src/stm32f7xx_hal_dma.c ****   */
 163:Drivers/STM32F7xx_HAL_Driver/Src/stm32f7xx_hal_dma.c ****   
 164:Drivers/STM32F7xx_HAL_Driver/Src/stm32f7xx_hal_dma.c **** /**
 165:Drivers/STM32F7xx_HAL_Driver/Src/stm32f7xx_hal_dma.c ****   * @brief  Initialize the DMA according to the specified
 166:Drivers/STM32F7xx_HAL_Driver/Src/stm32f7xx_hal_dma.c ****   *         parameters in the DMA_InitTypeDef and create the associated handle.
 167:Drivers/STM32F7xx_HAL_Driver/Src/stm32f7xx_hal_dma.c ****   * @param  hdma Pointer to a DMA_HandleTypeDef structure that contains
 168:Drivers/STM32F7xx_HAL_Driver/Src/stm32f7xx_hal_dma.c ****   *               the configuration information for the specified DMA Stream.  
 169:Drivers/STM32F7xx_HAL_Driver/Src/stm32f7xx_hal_dma.c ****   * @retval HAL status
 170:Drivers/STM32F7xx_HAL_Driver/Src/stm32f7xx_hal_dma.c ****   */
 171:Drivers/STM32F7xx_HAL_Driver/Src/stm32f7xx_hal_dma.c **** HAL_StatusTypeDef HAL_DMA_Init(DMA_HandleTypeDef *hdma)
 172:Drivers/STM32F7xx_HAL_Driver/Src/stm32f7xx_hal_dma.c **** {
 173:Drivers/STM32F7xx_HAL_Driver/Src/stm32f7xx_hal_dma.c ****   uint32_t tmp = 0U;
 174:Drivers/STM32F7xx_HAL_Driver/Src/stm32f7xx_hal_dma.c ****   uint32_t tickstart = HAL_GetTick();
 175:Drivers/STM32F7xx_HAL_Driver/Src/stm32f7xx_hal_dma.c ****   DMA_Base_Registers *regs;
 176:Drivers/STM32F7xx_HAL_Driver/Src/stm32f7xx_hal_dma.c **** 
 177:Drivers/STM32F7xx_HAL_Driver/Src/stm32f7xx_hal_dma.c ****   /* Check the DMA peripheral state */
 178:Drivers/STM32F7xx_HAL_Driver/Src/stm32f7xx_hal_dma.c ****   if(hdma == NULL)
 179:Drivers/STM32F7xx_HAL_Driver/Src/stm32f7xx_hal_dma.c ****   {
 180:Drivers/STM32F7xx_HAL_Driver/Src/stm32f7xx_hal_dma.c ****     return HAL_ERROR;
 181:Drivers/STM32F7xx_HAL_Driver/Src/stm32f7xx_hal_dma.c ****   }
 182:Drivers/STM32F7xx_HAL_Driver/Src/stm32f7xx_hal_dma.c **** 
 183:Drivers/STM32F7xx_HAL_Driver/Src/stm32f7xx_hal_dma.c ****   /* Check the parameters */
 184:Drivers/STM32F7xx_HAL_Driver/Src/stm32f7xx_hal_dma.c ****   assert_param(IS_DMA_STREAM_ALL_INSTANCE(hdma->Instance));
 185:Drivers/STM32F7xx_HAL_Driver/Src/stm32f7xx_hal_dma.c ****   assert_param(IS_DMA_CHANNEL(hdma->Init.Channel));
 186:Drivers/STM32F7xx_HAL_Driver/Src/stm32f7xx_hal_dma.c ****   assert_param(IS_DMA_DIRECTION(hdma->Init.Direction));
 187:Drivers/STM32F7xx_HAL_Driver/Src/stm32f7xx_hal_dma.c ****   assert_param(IS_DMA_PERIPHERAL_INC_STATE(hdma->Init.PeriphInc));
 188:Drivers/STM32F7xx_HAL_Driver/Src/stm32f7xx_hal_dma.c ****   assert_param(IS_DMA_MEMORY_INC_STATE(hdma->Init.MemInc));
 189:Drivers/STM32F7xx_HAL_Driver/Src/stm32f7xx_hal_dma.c ****   assert_param(IS_DMA_PERIPHERAL_DATA_SIZE(hdma->Init.PeriphDataAlignment));
 190:Drivers/STM32F7xx_HAL_Driver/Src/stm32f7xx_hal_dma.c ****   assert_param(IS_DMA_MEMORY_DATA_SIZE(hdma->Init.MemDataAlignment));
 191:Drivers/STM32F7xx_HAL_Driver/Src/stm32f7xx_hal_dma.c ****   assert_param(IS_DMA_MODE(hdma->Init.Mode));
 192:Drivers/STM32F7xx_HAL_Driver/Src/stm32f7xx_hal_dma.c ****   assert_param(IS_DMA_PRIORITY(hdma->Init.Priority));
 193:Drivers/STM32F7xx_HAL_Driver/Src/stm32f7xx_hal_dma.c ****   assert_param(IS_DMA_FIFO_MODE_STATE(hdma->Init.FIFOMode));
 194:Drivers/STM32F7xx_HAL_Driver/Src/stm32f7xx_hal_dma.c ****   /* Check the memory burst, peripheral burst and FIFO threshold parameters only
 195:Drivers/STM32F7xx_HAL_Driver/Src/stm32f7xx_hal_dma.c ****      when FIFO mode is enabled */
 196:Drivers/STM32F7xx_HAL_Driver/Src/stm32f7xx_hal_dma.c ****   if(hdma->Init.FIFOMode != DMA_FIFOMODE_DISABLE)
 197:Drivers/STM32F7xx_HAL_Driver/Src/stm32f7xx_hal_dma.c ****   {
 198:Drivers/STM32F7xx_HAL_Driver/Src/stm32f7xx_hal_dma.c ****     assert_param(IS_DMA_FIFO_THRESHOLD(hdma->Init.FIFOThreshold));
 199:Drivers/STM32F7xx_HAL_Driver/Src/stm32f7xx_hal_dma.c ****     assert_param(IS_DMA_MEMORY_BURST(hdma->Init.MemBurst));
 200:Drivers/STM32F7xx_HAL_Driver/Src/stm32f7xx_hal_dma.c ****     assert_param(IS_DMA_PERIPHERAL_BURST(hdma->Init.PeriphBurst));
 201:Drivers/STM32F7xx_HAL_Driver/Src/stm32f7xx_hal_dma.c ****   }
 202:Drivers/STM32F7xx_HAL_Driver/Src/stm32f7xx_hal_dma.c ****   
ARM GAS  /tmp/cc6OwwRl.s 			page 5


 203:Drivers/STM32F7xx_HAL_Driver/Src/stm32f7xx_hal_dma.c ****   /* Change DMA peripheral state */
 204:Drivers/STM32F7xx_HAL_Driver/Src/stm32f7xx_hal_dma.c ****   hdma->State = HAL_DMA_STATE_BUSY;
 205:Drivers/STM32F7xx_HAL_Driver/Src/stm32f7xx_hal_dma.c ****   
 206:Drivers/STM32F7xx_HAL_Driver/Src/stm32f7xx_hal_dma.c ****   /* Allocate lock resource */
 207:Drivers/STM32F7xx_HAL_Driver/Src/stm32f7xx_hal_dma.c ****   __HAL_UNLOCK(hdma);
 208:Drivers/STM32F7xx_HAL_Driver/Src/stm32f7xx_hal_dma.c **** 
 209:Drivers/STM32F7xx_HAL_Driver/Src/stm32f7xx_hal_dma.c ****   
 210:Drivers/STM32F7xx_HAL_Driver/Src/stm32f7xx_hal_dma.c ****   /* Disable the peripheral */
 211:Drivers/STM32F7xx_HAL_Driver/Src/stm32f7xx_hal_dma.c ****   __HAL_DMA_DISABLE(hdma);
 212:Drivers/STM32F7xx_HAL_Driver/Src/stm32f7xx_hal_dma.c ****   
 213:Drivers/STM32F7xx_HAL_Driver/Src/stm32f7xx_hal_dma.c ****   /* Check if the DMA Stream is effectively disabled */
 214:Drivers/STM32F7xx_HAL_Driver/Src/stm32f7xx_hal_dma.c ****   while((hdma->Instance->CR & DMA_SxCR_EN) != RESET)
 215:Drivers/STM32F7xx_HAL_Driver/Src/stm32f7xx_hal_dma.c ****   {
 216:Drivers/STM32F7xx_HAL_Driver/Src/stm32f7xx_hal_dma.c ****     /* Check for the Timeout */
 217:Drivers/STM32F7xx_HAL_Driver/Src/stm32f7xx_hal_dma.c ****     if((HAL_GetTick() - tickstart ) > HAL_TIMEOUT_DMA_ABORT)
 218:Drivers/STM32F7xx_HAL_Driver/Src/stm32f7xx_hal_dma.c ****     {
 219:Drivers/STM32F7xx_HAL_Driver/Src/stm32f7xx_hal_dma.c ****       /* Update error code */
 220:Drivers/STM32F7xx_HAL_Driver/Src/stm32f7xx_hal_dma.c ****       hdma->ErrorCode = HAL_DMA_ERROR_TIMEOUT;
 221:Drivers/STM32F7xx_HAL_Driver/Src/stm32f7xx_hal_dma.c ****       
 222:Drivers/STM32F7xx_HAL_Driver/Src/stm32f7xx_hal_dma.c ****       /* Change the DMA state */
 223:Drivers/STM32F7xx_HAL_Driver/Src/stm32f7xx_hal_dma.c ****       hdma->State = HAL_DMA_STATE_TIMEOUT;
 224:Drivers/STM32F7xx_HAL_Driver/Src/stm32f7xx_hal_dma.c ****       
 225:Drivers/STM32F7xx_HAL_Driver/Src/stm32f7xx_hal_dma.c ****       return HAL_TIMEOUT;
 226:Drivers/STM32F7xx_HAL_Driver/Src/stm32f7xx_hal_dma.c ****     }
 227:Drivers/STM32F7xx_HAL_Driver/Src/stm32f7xx_hal_dma.c ****   }
 228:Drivers/STM32F7xx_HAL_Driver/Src/stm32f7xx_hal_dma.c ****   
 229:Drivers/STM32F7xx_HAL_Driver/Src/stm32f7xx_hal_dma.c ****   /* Get the CR register value */
 230:Drivers/STM32F7xx_HAL_Driver/Src/stm32f7xx_hal_dma.c ****   tmp = hdma->Instance->CR;
 231:Drivers/STM32F7xx_HAL_Driver/Src/stm32f7xx_hal_dma.c **** 
 232:Drivers/STM32F7xx_HAL_Driver/Src/stm32f7xx_hal_dma.c ****   /* Clear CHSEL, MBURST, PBURST, PL, MSIZE, PSIZE, MINC, PINC, CIRC, DIR, CT and DBM bits */
 233:Drivers/STM32F7xx_HAL_Driver/Src/stm32f7xx_hal_dma.c ****   tmp &= ((uint32_t)~(DMA_SxCR_CHSEL | DMA_SxCR_MBURST | DMA_SxCR_PBURST | \
 234:Drivers/STM32F7xx_HAL_Driver/Src/stm32f7xx_hal_dma.c ****                       DMA_SxCR_PL    | DMA_SxCR_MSIZE  | DMA_SxCR_PSIZE  | \
 235:Drivers/STM32F7xx_HAL_Driver/Src/stm32f7xx_hal_dma.c ****                       DMA_SxCR_MINC  | DMA_SxCR_PINC   | DMA_SxCR_CIRC   | \
 236:Drivers/STM32F7xx_HAL_Driver/Src/stm32f7xx_hal_dma.c ****                       DMA_SxCR_DIR   | DMA_SxCR_CT     | DMA_SxCR_DBM));
 237:Drivers/STM32F7xx_HAL_Driver/Src/stm32f7xx_hal_dma.c **** 
 238:Drivers/STM32F7xx_HAL_Driver/Src/stm32f7xx_hal_dma.c ****   /* Prepare the DMA Stream configuration */
 239:Drivers/STM32F7xx_HAL_Driver/Src/stm32f7xx_hal_dma.c ****   tmp |=  hdma->Init.Channel             | hdma->Init.Direction        |
 240:Drivers/STM32F7xx_HAL_Driver/Src/stm32f7xx_hal_dma.c ****           hdma->Init.PeriphInc           | hdma->Init.MemInc           |
 241:Drivers/STM32F7xx_HAL_Driver/Src/stm32f7xx_hal_dma.c ****           hdma->Init.PeriphDataAlignment | hdma->Init.MemDataAlignment |
 242:Drivers/STM32F7xx_HAL_Driver/Src/stm32f7xx_hal_dma.c ****           hdma->Init.Mode                | hdma->Init.Priority;
 243:Drivers/STM32F7xx_HAL_Driver/Src/stm32f7xx_hal_dma.c **** 
 244:Drivers/STM32F7xx_HAL_Driver/Src/stm32f7xx_hal_dma.c ****   /* the Memory burst and peripheral burst are not used when the FIFO is disabled */
 245:Drivers/STM32F7xx_HAL_Driver/Src/stm32f7xx_hal_dma.c ****   if(hdma->Init.FIFOMode == DMA_FIFOMODE_ENABLE)
 246:Drivers/STM32F7xx_HAL_Driver/Src/stm32f7xx_hal_dma.c ****   {
 247:Drivers/STM32F7xx_HAL_Driver/Src/stm32f7xx_hal_dma.c ****     /* Get memory burst and peripheral burst */
 248:Drivers/STM32F7xx_HAL_Driver/Src/stm32f7xx_hal_dma.c ****     tmp |=  hdma->Init.MemBurst | hdma->Init.PeriphBurst;
 249:Drivers/STM32F7xx_HAL_Driver/Src/stm32f7xx_hal_dma.c ****   }
 250:Drivers/STM32F7xx_HAL_Driver/Src/stm32f7xx_hal_dma.c ****   
 251:Drivers/STM32F7xx_HAL_Driver/Src/stm32f7xx_hal_dma.c ****   /* Write to DMA Stream CR register */
 252:Drivers/STM32F7xx_HAL_Driver/Src/stm32f7xx_hal_dma.c ****   hdma->Instance->CR = tmp;  
 253:Drivers/STM32F7xx_HAL_Driver/Src/stm32f7xx_hal_dma.c **** 
 254:Drivers/STM32F7xx_HAL_Driver/Src/stm32f7xx_hal_dma.c ****   /* Get the FCR register value */
 255:Drivers/STM32F7xx_HAL_Driver/Src/stm32f7xx_hal_dma.c ****   tmp = hdma->Instance->FCR;
 256:Drivers/STM32F7xx_HAL_Driver/Src/stm32f7xx_hal_dma.c **** 
 257:Drivers/STM32F7xx_HAL_Driver/Src/stm32f7xx_hal_dma.c ****   /* Clear Direct mode and FIFO threshold bits */
 258:Drivers/STM32F7xx_HAL_Driver/Src/stm32f7xx_hal_dma.c ****   tmp &= (uint32_t)~(DMA_SxFCR_DMDIS | DMA_SxFCR_FTH);
 259:Drivers/STM32F7xx_HAL_Driver/Src/stm32f7xx_hal_dma.c **** 
ARM GAS  /tmp/cc6OwwRl.s 			page 6


 260:Drivers/STM32F7xx_HAL_Driver/Src/stm32f7xx_hal_dma.c ****   /* Prepare the DMA Stream FIFO configuration */
 261:Drivers/STM32F7xx_HAL_Driver/Src/stm32f7xx_hal_dma.c ****   tmp |= hdma->Init.FIFOMode;
 262:Drivers/STM32F7xx_HAL_Driver/Src/stm32f7xx_hal_dma.c **** 
 263:Drivers/STM32F7xx_HAL_Driver/Src/stm32f7xx_hal_dma.c ****   /* The FIFO threshold is not used when the FIFO mode is disabled */
 264:Drivers/STM32F7xx_HAL_Driver/Src/stm32f7xx_hal_dma.c ****   if(hdma->Init.FIFOMode == DMA_FIFOMODE_ENABLE)
 265:Drivers/STM32F7xx_HAL_Driver/Src/stm32f7xx_hal_dma.c ****   {
 266:Drivers/STM32F7xx_HAL_Driver/Src/stm32f7xx_hal_dma.c ****     /* Get the FIFO threshold */
 267:Drivers/STM32F7xx_HAL_Driver/Src/stm32f7xx_hal_dma.c ****     tmp |= hdma->Init.FIFOThreshold;
 268:Drivers/STM32F7xx_HAL_Driver/Src/stm32f7xx_hal_dma.c ****     
 269:Drivers/STM32F7xx_HAL_Driver/Src/stm32f7xx_hal_dma.c ****     /* Check compatibility between FIFO threshold level and size of the memory burst */
 270:Drivers/STM32F7xx_HAL_Driver/Src/stm32f7xx_hal_dma.c ****     /* for INCR4, INCR8, INCR16 bursts */
 271:Drivers/STM32F7xx_HAL_Driver/Src/stm32f7xx_hal_dma.c ****     if (hdma->Init.MemBurst != DMA_MBURST_SINGLE)
 272:Drivers/STM32F7xx_HAL_Driver/Src/stm32f7xx_hal_dma.c ****     {
 273:Drivers/STM32F7xx_HAL_Driver/Src/stm32f7xx_hal_dma.c ****       if (DMA_CheckFifoParam(hdma) != HAL_OK)
 274:Drivers/STM32F7xx_HAL_Driver/Src/stm32f7xx_hal_dma.c ****       {
 275:Drivers/STM32F7xx_HAL_Driver/Src/stm32f7xx_hal_dma.c ****         /* Update error code */
 276:Drivers/STM32F7xx_HAL_Driver/Src/stm32f7xx_hal_dma.c ****         hdma->ErrorCode = HAL_DMA_ERROR_PARAM;
 277:Drivers/STM32F7xx_HAL_Driver/Src/stm32f7xx_hal_dma.c ****         
 278:Drivers/STM32F7xx_HAL_Driver/Src/stm32f7xx_hal_dma.c ****         /* Change the DMA state */
 279:Drivers/STM32F7xx_HAL_Driver/Src/stm32f7xx_hal_dma.c ****         hdma->State = HAL_DMA_STATE_READY;
 280:Drivers/STM32F7xx_HAL_Driver/Src/stm32f7xx_hal_dma.c ****         
 281:Drivers/STM32F7xx_HAL_Driver/Src/stm32f7xx_hal_dma.c ****         return HAL_ERROR; 
 282:Drivers/STM32F7xx_HAL_Driver/Src/stm32f7xx_hal_dma.c ****       }
 283:Drivers/STM32F7xx_HAL_Driver/Src/stm32f7xx_hal_dma.c ****     }
 284:Drivers/STM32F7xx_HAL_Driver/Src/stm32f7xx_hal_dma.c ****   }
 285:Drivers/STM32F7xx_HAL_Driver/Src/stm32f7xx_hal_dma.c ****   
 286:Drivers/STM32F7xx_HAL_Driver/Src/stm32f7xx_hal_dma.c ****   /* Write to DMA Stream FCR */
 287:Drivers/STM32F7xx_HAL_Driver/Src/stm32f7xx_hal_dma.c ****   hdma->Instance->FCR = tmp;
 288:Drivers/STM32F7xx_HAL_Driver/Src/stm32f7xx_hal_dma.c **** 
 289:Drivers/STM32F7xx_HAL_Driver/Src/stm32f7xx_hal_dma.c ****   /* Initialize StreamBaseAddress and StreamIndex parameters to be used to calculate
 290:Drivers/STM32F7xx_HAL_Driver/Src/stm32f7xx_hal_dma.c ****      DMA steam Base Address needed by HAL_DMA_IRQHandler() and HAL_DMA_PollForTransfer() */
 291:Drivers/STM32F7xx_HAL_Driver/Src/stm32f7xx_hal_dma.c ****   regs = (DMA_Base_Registers *)DMA_CalcBaseAndBitshift(hdma);
 292:Drivers/STM32F7xx_HAL_Driver/Src/stm32f7xx_hal_dma.c ****   
 293:Drivers/STM32F7xx_HAL_Driver/Src/stm32f7xx_hal_dma.c ****   /* Clear all interrupt flags */
 294:Drivers/STM32F7xx_HAL_Driver/Src/stm32f7xx_hal_dma.c ****   regs->IFCR = 0x3FU << hdma->StreamIndex;
 295:Drivers/STM32F7xx_HAL_Driver/Src/stm32f7xx_hal_dma.c **** 
 296:Drivers/STM32F7xx_HAL_Driver/Src/stm32f7xx_hal_dma.c ****   /* Initialize the error code */
 297:Drivers/STM32F7xx_HAL_Driver/Src/stm32f7xx_hal_dma.c ****   hdma->ErrorCode = HAL_DMA_ERROR_NONE;
 298:Drivers/STM32F7xx_HAL_Driver/Src/stm32f7xx_hal_dma.c ****                                                                                      
 299:Drivers/STM32F7xx_HAL_Driver/Src/stm32f7xx_hal_dma.c ****   /* Initialize the DMA state */
 300:Drivers/STM32F7xx_HAL_Driver/Src/stm32f7xx_hal_dma.c ****   hdma->State = HAL_DMA_STATE_READY;
 301:Drivers/STM32F7xx_HAL_Driver/Src/stm32f7xx_hal_dma.c **** 
 302:Drivers/STM32F7xx_HAL_Driver/Src/stm32f7xx_hal_dma.c ****   return HAL_OK;
 303:Drivers/STM32F7xx_HAL_Driver/Src/stm32f7xx_hal_dma.c **** }
 304:Drivers/STM32F7xx_HAL_Driver/Src/stm32f7xx_hal_dma.c **** 
 305:Drivers/STM32F7xx_HAL_Driver/Src/stm32f7xx_hal_dma.c **** /**
 306:Drivers/STM32F7xx_HAL_Driver/Src/stm32f7xx_hal_dma.c ****   * @brief  DeInitializes the DMA peripheral 
 307:Drivers/STM32F7xx_HAL_Driver/Src/stm32f7xx_hal_dma.c ****   * @param  hdma pointer to a DMA_HandleTypeDef structure that contains
 308:Drivers/STM32F7xx_HAL_Driver/Src/stm32f7xx_hal_dma.c ****   *               the configuration information for the specified DMA Stream.  
 309:Drivers/STM32F7xx_HAL_Driver/Src/stm32f7xx_hal_dma.c ****   * @retval HAL status
 310:Drivers/STM32F7xx_HAL_Driver/Src/stm32f7xx_hal_dma.c ****   */
 311:Drivers/STM32F7xx_HAL_Driver/Src/stm32f7xx_hal_dma.c **** HAL_StatusTypeDef HAL_DMA_DeInit(DMA_HandleTypeDef *hdma)
 312:Drivers/STM32F7xx_HAL_Driver/Src/stm32f7xx_hal_dma.c **** {
 313:Drivers/STM32F7xx_HAL_Driver/Src/stm32f7xx_hal_dma.c ****   DMA_Base_Registers *regs;
 314:Drivers/STM32F7xx_HAL_Driver/Src/stm32f7xx_hal_dma.c **** 
 315:Drivers/STM32F7xx_HAL_Driver/Src/stm32f7xx_hal_dma.c ****   /* Check the DMA peripheral state */
 316:Drivers/STM32F7xx_HAL_Driver/Src/stm32f7xx_hal_dma.c ****   if(hdma == NULL)
ARM GAS  /tmp/cc6OwwRl.s 			page 7


 317:Drivers/STM32F7xx_HAL_Driver/Src/stm32f7xx_hal_dma.c ****   {
 318:Drivers/STM32F7xx_HAL_Driver/Src/stm32f7xx_hal_dma.c ****     return HAL_ERROR;
 319:Drivers/STM32F7xx_HAL_Driver/Src/stm32f7xx_hal_dma.c ****   }
 320:Drivers/STM32F7xx_HAL_Driver/Src/stm32f7xx_hal_dma.c ****   
 321:Drivers/STM32F7xx_HAL_Driver/Src/stm32f7xx_hal_dma.c ****   /* Check the DMA peripheral state */
 322:Drivers/STM32F7xx_HAL_Driver/Src/stm32f7xx_hal_dma.c ****   if(hdma->State == HAL_DMA_STATE_BUSY)
 323:Drivers/STM32F7xx_HAL_Driver/Src/stm32f7xx_hal_dma.c ****   {
 324:Drivers/STM32F7xx_HAL_Driver/Src/stm32f7xx_hal_dma.c ****     /* Return error status */
 325:Drivers/STM32F7xx_HAL_Driver/Src/stm32f7xx_hal_dma.c ****     return HAL_BUSY;
 326:Drivers/STM32F7xx_HAL_Driver/Src/stm32f7xx_hal_dma.c ****   }
 327:Drivers/STM32F7xx_HAL_Driver/Src/stm32f7xx_hal_dma.c **** 
 328:Drivers/STM32F7xx_HAL_Driver/Src/stm32f7xx_hal_dma.c ****   /* Check the parameters */
 329:Drivers/STM32F7xx_HAL_Driver/Src/stm32f7xx_hal_dma.c ****   assert_param(IS_DMA_STREAM_ALL_INSTANCE(hdma->Instance));
 330:Drivers/STM32F7xx_HAL_Driver/Src/stm32f7xx_hal_dma.c **** 
 331:Drivers/STM32F7xx_HAL_Driver/Src/stm32f7xx_hal_dma.c ****   /* Disable the selected DMA Streamx */
 332:Drivers/STM32F7xx_HAL_Driver/Src/stm32f7xx_hal_dma.c ****   __HAL_DMA_DISABLE(hdma);
 333:Drivers/STM32F7xx_HAL_Driver/Src/stm32f7xx_hal_dma.c **** 
 334:Drivers/STM32F7xx_HAL_Driver/Src/stm32f7xx_hal_dma.c ****   /* Reset DMA Streamx control register */
 335:Drivers/STM32F7xx_HAL_Driver/Src/stm32f7xx_hal_dma.c ****   hdma->Instance->CR   = 0U;
 336:Drivers/STM32F7xx_HAL_Driver/Src/stm32f7xx_hal_dma.c **** 
 337:Drivers/STM32F7xx_HAL_Driver/Src/stm32f7xx_hal_dma.c ****   /* Reset DMA Streamx number of data to transfer register */
 338:Drivers/STM32F7xx_HAL_Driver/Src/stm32f7xx_hal_dma.c ****   hdma->Instance->NDTR = 0U;
 339:Drivers/STM32F7xx_HAL_Driver/Src/stm32f7xx_hal_dma.c **** 
 340:Drivers/STM32F7xx_HAL_Driver/Src/stm32f7xx_hal_dma.c ****   /* Reset DMA Streamx peripheral address register */
 341:Drivers/STM32F7xx_HAL_Driver/Src/stm32f7xx_hal_dma.c ****   hdma->Instance->PAR  = 0U;
 342:Drivers/STM32F7xx_HAL_Driver/Src/stm32f7xx_hal_dma.c **** 
 343:Drivers/STM32F7xx_HAL_Driver/Src/stm32f7xx_hal_dma.c ****   /* Reset DMA Streamx memory 0 address register */
 344:Drivers/STM32F7xx_HAL_Driver/Src/stm32f7xx_hal_dma.c ****   hdma->Instance->M0AR = 0U;
 345:Drivers/STM32F7xx_HAL_Driver/Src/stm32f7xx_hal_dma.c ****   
 346:Drivers/STM32F7xx_HAL_Driver/Src/stm32f7xx_hal_dma.c ****   /* Reset DMA Streamx memory 1 address register */
 347:Drivers/STM32F7xx_HAL_Driver/Src/stm32f7xx_hal_dma.c ****   hdma->Instance->M1AR = 0U;
 348:Drivers/STM32F7xx_HAL_Driver/Src/stm32f7xx_hal_dma.c ****   
 349:Drivers/STM32F7xx_HAL_Driver/Src/stm32f7xx_hal_dma.c ****   /* Reset DMA Streamx FIFO control register */
 350:Drivers/STM32F7xx_HAL_Driver/Src/stm32f7xx_hal_dma.c ****   hdma->Instance->FCR  = (uint32_t)0x00000021U;
 351:Drivers/STM32F7xx_HAL_Driver/Src/stm32f7xx_hal_dma.c ****   
 352:Drivers/STM32F7xx_HAL_Driver/Src/stm32f7xx_hal_dma.c ****   /* Get DMA steam Base Address */  
 353:Drivers/STM32F7xx_HAL_Driver/Src/stm32f7xx_hal_dma.c ****   regs = (DMA_Base_Registers *)DMA_CalcBaseAndBitshift(hdma);
 354:Drivers/STM32F7xx_HAL_Driver/Src/stm32f7xx_hal_dma.c ****   
 355:Drivers/STM32F7xx_HAL_Driver/Src/stm32f7xx_hal_dma.c ****   /* Clear all interrupt flags at correct offset within the register */
 356:Drivers/STM32F7xx_HAL_Driver/Src/stm32f7xx_hal_dma.c ****   regs->IFCR = 0x3FU << hdma->StreamIndex;
 357:Drivers/STM32F7xx_HAL_Driver/Src/stm32f7xx_hal_dma.c ****   
 358:Drivers/STM32F7xx_HAL_Driver/Src/stm32f7xx_hal_dma.c ****   /* Clean all callbacks */
 359:Drivers/STM32F7xx_HAL_Driver/Src/stm32f7xx_hal_dma.c ****   hdma->XferCpltCallback = NULL;
 360:Drivers/STM32F7xx_HAL_Driver/Src/stm32f7xx_hal_dma.c ****   hdma->XferHalfCpltCallback = NULL;
 361:Drivers/STM32F7xx_HAL_Driver/Src/stm32f7xx_hal_dma.c ****   hdma->XferM1CpltCallback = NULL;
 362:Drivers/STM32F7xx_HAL_Driver/Src/stm32f7xx_hal_dma.c ****   hdma->XferM1HalfCpltCallback = NULL;
 363:Drivers/STM32F7xx_HAL_Driver/Src/stm32f7xx_hal_dma.c ****   hdma->XferErrorCallback = NULL;
 364:Drivers/STM32F7xx_HAL_Driver/Src/stm32f7xx_hal_dma.c ****   hdma->XferAbortCallback = NULL;  
 365:Drivers/STM32F7xx_HAL_Driver/Src/stm32f7xx_hal_dma.c **** 
 366:Drivers/STM32F7xx_HAL_Driver/Src/stm32f7xx_hal_dma.c ****   /* Reset the error code */
 367:Drivers/STM32F7xx_HAL_Driver/Src/stm32f7xx_hal_dma.c ****   hdma->ErrorCode = HAL_DMA_ERROR_NONE;
 368:Drivers/STM32F7xx_HAL_Driver/Src/stm32f7xx_hal_dma.c **** 
 369:Drivers/STM32F7xx_HAL_Driver/Src/stm32f7xx_hal_dma.c ****   /* Reset the DMA state */
 370:Drivers/STM32F7xx_HAL_Driver/Src/stm32f7xx_hal_dma.c ****   hdma->State = HAL_DMA_STATE_RESET;
 371:Drivers/STM32F7xx_HAL_Driver/Src/stm32f7xx_hal_dma.c **** 
 372:Drivers/STM32F7xx_HAL_Driver/Src/stm32f7xx_hal_dma.c ****   /* Release Lock */
 373:Drivers/STM32F7xx_HAL_Driver/Src/stm32f7xx_hal_dma.c ****   __HAL_UNLOCK(hdma);
ARM GAS  /tmp/cc6OwwRl.s 			page 8


 374:Drivers/STM32F7xx_HAL_Driver/Src/stm32f7xx_hal_dma.c **** 
 375:Drivers/STM32F7xx_HAL_Driver/Src/stm32f7xx_hal_dma.c ****   return HAL_OK;
 376:Drivers/STM32F7xx_HAL_Driver/Src/stm32f7xx_hal_dma.c **** }
 377:Drivers/STM32F7xx_HAL_Driver/Src/stm32f7xx_hal_dma.c **** 
 378:Drivers/STM32F7xx_HAL_Driver/Src/stm32f7xx_hal_dma.c **** /**
 379:Drivers/STM32F7xx_HAL_Driver/Src/stm32f7xx_hal_dma.c ****   * @}
 380:Drivers/STM32F7xx_HAL_Driver/Src/stm32f7xx_hal_dma.c ****   */
 381:Drivers/STM32F7xx_HAL_Driver/Src/stm32f7xx_hal_dma.c **** 
 382:Drivers/STM32F7xx_HAL_Driver/Src/stm32f7xx_hal_dma.c **** /** @addtogroup DMA_Exported_Functions_Group2
 383:Drivers/STM32F7xx_HAL_Driver/Src/stm32f7xx_hal_dma.c ****   *
 384:Drivers/STM32F7xx_HAL_Driver/Src/stm32f7xx_hal_dma.c **** @verbatim   
 385:Drivers/STM32F7xx_HAL_Driver/Src/stm32f7xx_hal_dma.c ****  ===============================================================================
 386:Drivers/STM32F7xx_HAL_Driver/Src/stm32f7xx_hal_dma.c ****                       #####  IO operation functions  #####
 387:Drivers/STM32F7xx_HAL_Driver/Src/stm32f7xx_hal_dma.c ****  ===============================================================================
 388:Drivers/STM32F7xx_HAL_Driver/Src/stm32f7xx_hal_dma.c ****     [..]  This section provides functions allowing to:
 389:Drivers/STM32F7xx_HAL_Driver/Src/stm32f7xx_hal_dma.c ****       (+) Configure the source, destination address and data length and Start DMA transfer
 390:Drivers/STM32F7xx_HAL_Driver/Src/stm32f7xx_hal_dma.c ****       (+) Configure the source, destination address and data length and 
 391:Drivers/STM32F7xx_HAL_Driver/Src/stm32f7xx_hal_dma.c ****           Start DMA transfer with interrupt
 392:Drivers/STM32F7xx_HAL_Driver/Src/stm32f7xx_hal_dma.c ****       (+) Abort DMA transfer
 393:Drivers/STM32F7xx_HAL_Driver/Src/stm32f7xx_hal_dma.c ****       (+) Poll for transfer complete
 394:Drivers/STM32F7xx_HAL_Driver/Src/stm32f7xx_hal_dma.c ****       (+) Handle DMA interrupt request  
 395:Drivers/STM32F7xx_HAL_Driver/Src/stm32f7xx_hal_dma.c **** 
 396:Drivers/STM32F7xx_HAL_Driver/Src/stm32f7xx_hal_dma.c **** @endverbatim
 397:Drivers/STM32F7xx_HAL_Driver/Src/stm32f7xx_hal_dma.c ****   * @{
 398:Drivers/STM32F7xx_HAL_Driver/Src/stm32f7xx_hal_dma.c ****   */
 399:Drivers/STM32F7xx_HAL_Driver/Src/stm32f7xx_hal_dma.c **** 
 400:Drivers/STM32F7xx_HAL_Driver/Src/stm32f7xx_hal_dma.c **** /**
 401:Drivers/STM32F7xx_HAL_Driver/Src/stm32f7xx_hal_dma.c ****   * @brief  Starts the DMA Transfer.
 402:Drivers/STM32F7xx_HAL_Driver/Src/stm32f7xx_hal_dma.c ****   * @param  hdma       pointer to a DMA_HandleTypeDef structure that contains
 403:Drivers/STM32F7xx_HAL_Driver/Src/stm32f7xx_hal_dma.c ****   *                     the configuration information for the specified DMA Stream.
 404:Drivers/STM32F7xx_HAL_Driver/Src/stm32f7xx_hal_dma.c ****   * @param  SrcAddress The source memory Buffer address
 405:Drivers/STM32F7xx_HAL_Driver/Src/stm32f7xx_hal_dma.c ****   * @param  DstAddress The destination memory Buffer address
 406:Drivers/STM32F7xx_HAL_Driver/Src/stm32f7xx_hal_dma.c ****   * @param  DataLength The length of data to be transferred from source to destination
 407:Drivers/STM32F7xx_HAL_Driver/Src/stm32f7xx_hal_dma.c ****   * @retval HAL status
 408:Drivers/STM32F7xx_HAL_Driver/Src/stm32f7xx_hal_dma.c ****   */
 409:Drivers/STM32F7xx_HAL_Driver/Src/stm32f7xx_hal_dma.c **** HAL_StatusTypeDef HAL_DMA_Start(DMA_HandleTypeDef *hdma, uint32_t SrcAddress, uint32_t DstAddress, 
 410:Drivers/STM32F7xx_HAL_Driver/Src/stm32f7xx_hal_dma.c **** {
 411:Drivers/STM32F7xx_HAL_Driver/Src/stm32f7xx_hal_dma.c ****   HAL_StatusTypeDef status = HAL_OK;
 412:Drivers/STM32F7xx_HAL_Driver/Src/stm32f7xx_hal_dma.c ****   
 413:Drivers/STM32F7xx_HAL_Driver/Src/stm32f7xx_hal_dma.c ****   /* Check the parameters */
 414:Drivers/STM32F7xx_HAL_Driver/Src/stm32f7xx_hal_dma.c ****   assert_param(IS_DMA_BUFFER_SIZE(DataLength));
 415:Drivers/STM32F7xx_HAL_Driver/Src/stm32f7xx_hal_dma.c **** 
 416:Drivers/STM32F7xx_HAL_Driver/Src/stm32f7xx_hal_dma.c ****   /* Process locked */
 417:Drivers/STM32F7xx_HAL_Driver/Src/stm32f7xx_hal_dma.c ****   __HAL_LOCK(hdma);
 418:Drivers/STM32F7xx_HAL_Driver/Src/stm32f7xx_hal_dma.c **** 
 419:Drivers/STM32F7xx_HAL_Driver/Src/stm32f7xx_hal_dma.c ****   if(HAL_DMA_STATE_READY == hdma->State)
 420:Drivers/STM32F7xx_HAL_Driver/Src/stm32f7xx_hal_dma.c ****   {
 421:Drivers/STM32F7xx_HAL_Driver/Src/stm32f7xx_hal_dma.c ****     /* Change DMA peripheral state */
 422:Drivers/STM32F7xx_HAL_Driver/Src/stm32f7xx_hal_dma.c ****     hdma->State = HAL_DMA_STATE_BUSY;
 423:Drivers/STM32F7xx_HAL_Driver/Src/stm32f7xx_hal_dma.c ****     
 424:Drivers/STM32F7xx_HAL_Driver/Src/stm32f7xx_hal_dma.c ****     /* Initialize the error code */
 425:Drivers/STM32F7xx_HAL_Driver/Src/stm32f7xx_hal_dma.c ****     hdma->ErrorCode = HAL_DMA_ERROR_NONE;
 426:Drivers/STM32F7xx_HAL_Driver/Src/stm32f7xx_hal_dma.c ****     
 427:Drivers/STM32F7xx_HAL_Driver/Src/stm32f7xx_hal_dma.c ****     /* Configure the source, destination address and the data length */
 428:Drivers/STM32F7xx_HAL_Driver/Src/stm32f7xx_hal_dma.c ****     DMA_SetConfig(hdma, SrcAddress, DstAddress, DataLength);
 429:Drivers/STM32F7xx_HAL_Driver/Src/stm32f7xx_hal_dma.c **** 
 430:Drivers/STM32F7xx_HAL_Driver/Src/stm32f7xx_hal_dma.c ****     /* Enable the Peripheral */
ARM GAS  /tmp/cc6OwwRl.s 			page 9


 431:Drivers/STM32F7xx_HAL_Driver/Src/stm32f7xx_hal_dma.c ****     __HAL_DMA_ENABLE(hdma);
 432:Drivers/STM32F7xx_HAL_Driver/Src/stm32f7xx_hal_dma.c ****   }
 433:Drivers/STM32F7xx_HAL_Driver/Src/stm32f7xx_hal_dma.c ****   else
 434:Drivers/STM32F7xx_HAL_Driver/Src/stm32f7xx_hal_dma.c ****   {
 435:Drivers/STM32F7xx_HAL_Driver/Src/stm32f7xx_hal_dma.c ****     /* Process unlocked */
 436:Drivers/STM32F7xx_HAL_Driver/Src/stm32f7xx_hal_dma.c ****     __HAL_UNLOCK(hdma);
 437:Drivers/STM32F7xx_HAL_Driver/Src/stm32f7xx_hal_dma.c ****     
 438:Drivers/STM32F7xx_HAL_Driver/Src/stm32f7xx_hal_dma.c ****     /* Return error status */
 439:Drivers/STM32F7xx_HAL_Driver/Src/stm32f7xx_hal_dma.c ****     status = HAL_BUSY;
 440:Drivers/STM32F7xx_HAL_Driver/Src/stm32f7xx_hal_dma.c ****   } 
 441:Drivers/STM32F7xx_HAL_Driver/Src/stm32f7xx_hal_dma.c ****   return status; 
 442:Drivers/STM32F7xx_HAL_Driver/Src/stm32f7xx_hal_dma.c **** }
 443:Drivers/STM32F7xx_HAL_Driver/Src/stm32f7xx_hal_dma.c **** 
 444:Drivers/STM32F7xx_HAL_Driver/Src/stm32f7xx_hal_dma.c **** /**
 445:Drivers/STM32F7xx_HAL_Driver/Src/stm32f7xx_hal_dma.c ****   * @brief  Start the DMA Transfer with interrupt enabled.
 446:Drivers/STM32F7xx_HAL_Driver/Src/stm32f7xx_hal_dma.c ****   * @param  hdma       pointer to a DMA_HandleTypeDef structure that contains
 447:Drivers/STM32F7xx_HAL_Driver/Src/stm32f7xx_hal_dma.c ****   *                     the configuration information for the specified DMA Stream.  
 448:Drivers/STM32F7xx_HAL_Driver/Src/stm32f7xx_hal_dma.c ****   * @param  SrcAddress The source memory Buffer address
 449:Drivers/STM32F7xx_HAL_Driver/Src/stm32f7xx_hal_dma.c ****   * @param  DstAddress The destination memory Buffer address
 450:Drivers/STM32F7xx_HAL_Driver/Src/stm32f7xx_hal_dma.c ****   * @param  DataLength The length of data to be transferred from source to destination
 451:Drivers/STM32F7xx_HAL_Driver/Src/stm32f7xx_hal_dma.c ****   * @retval HAL status
 452:Drivers/STM32F7xx_HAL_Driver/Src/stm32f7xx_hal_dma.c ****   */
 453:Drivers/STM32F7xx_HAL_Driver/Src/stm32f7xx_hal_dma.c **** HAL_StatusTypeDef HAL_DMA_Start_IT(DMA_HandleTypeDef *hdma, uint32_t SrcAddress, uint32_t DstAddres
 454:Drivers/STM32F7xx_HAL_Driver/Src/stm32f7xx_hal_dma.c **** {
 455:Drivers/STM32F7xx_HAL_Driver/Src/stm32f7xx_hal_dma.c ****   HAL_StatusTypeDef status = HAL_OK;
 456:Drivers/STM32F7xx_HAL_Driver/Src/stm32f7xx_hal_dma.c **** 
 457:Drivers/STM32F7xx_HAL_Driver/Src/stm32f7xx_hal_dma.c ****   /* calculate DMA base and stream number */
 458:Drivers/STM32F7xx_HAL_Driver/Src/stm32f7xx_hal_dma.c ****   DMA_Base_Registers *regs = (DMA_Base_Registers *)hdma->StreamBaseAddress;
 459:Drivers/STM32F7xx_HAL_Driver/Src/stm32f7xx_hal_dma.c ****   
 460:Drivers/STM32F7xx_HAL_Driver/Src/stm32f7xx_hal_dma.c ****   /* Check the parameters */
 461:Drivers/STM32F7xx_HAL_Driver/Src/stm32f7xx_hal_dma.c ****   assert_param(IS_DMA_BUFFER_SIZE(DataLength));
 462:Drivers/STM32F7xx_HAL_Driver/Src/stm32f7xx_hal_dma.c ****  
 463:Drivers/STM32F7xx_HAL_Driver/Src/stm32f7xx_hal_dma.c ****   /* Process locked */
 464:Drivers/STM32F7xx_HAL_Driver/Src/stm32f7xx_hal_dma.c ****   __HAL_LOCK(hdma);
 465:Drivers/STM32F7xx_HAL_Driver/Src/stm32f7xx_hal_dma.c ****   
 466:Drivers/STM32F7xx_HAL_Driver/Src/stm32f7xx_hal_dma.c ****   if(HAL_DMA_STATE_READY == hdma->State)
 467:Drivers/STM32F7xx_HAL_Driver/Src/stm32f7xx_hal_dma.c ****   {
 468:Drivers/STM32F7xx_HAL_Driver/Src/stm32f7xx_hal_dma.c ****     /* Change DMA peripheral state */
 469:Drivers/STM32F7xx_HAL_Driver/Src/stm32f7xx_hal_dma.c ****     hdma->State = HAL_DMA_STATE_BUSY;
 470:Drivers/STM32F7xx_HAL_Driver/Src/stm32f7xx_hal_dma.c ****     
 471:Drivers/STM32F7xx_HAL_Driver/Src/stm32f7xx_hal_dma.c ****     /* Initialize the error code */
 472:Drivers/STM32F7xx_HAL_Driver/Src/stm32f7xx_hal_dma.c ****     hdma->ErrorCode = HAL_DMA_ERROR_NONE;
 473:Drivers/STM32F7xx_HAL_Driver/Src/stm32f7xx_hal_dma.c ****     
 474:Drivers/STM32F7xx_HAL_Driver/Src/stm32f7xx_hal_dma.c ****     /* Configure the source, destination address and the data length */
 475:Drivers/STM32F7xx_HAL_Driver/Src/stm32f7xx_hal_dma.c ****     DMA_SetConfig(hdma, SrcAddress, DstAddress, DataLength);
 476:Drivers/STM32F7xx_HAL_Driver/Src/stm32f7xx_hal_dma.c ****     
 477:Drivers/STM32F7xx_HAL_Driver/Src/stm32f7xx_hal_dma.c ****     /* Clear all interrupt flags at correct offset within the register */
 478:Drivers/STM32F7xx_HAL_Driver/Src/stm32f7xx_hal_dma.c ****     regs->IFCR = 0x3FU << hdma->StreamIndex;
 479:Drivers/STM32F7xx_HAL_Driver/Src/stm32f7xx_hal_dma.c ****     
 480:Drivers/STM32F7xx_HAL_Driver/Src/stm32f7xx_hal_dma.c ****     /* Enable Common interrupts*/
 481:Drivers/STM32F7xx_HAL_Driver/Src/stm32f7xx_hal_dma.c ****     hdma->Instance->CR  |= DMA_IT_TC | DMA_IT_TE | DMA_IT_DME;
 482:Drivers/STM32F7xx_HAL_Driver/Src/stm32f7xx_hal_dma.c ****     hdma->Instance->FCR |= DMA_IT_FE;
 483:Drivers/STM32F7xx_HAL_Driver/Src/stm32f7xx_hal_dma.c ****     
 484:Drivers/STM32F7xx_HAL_Driver/Src/stm32f7xx_hal_dma.c ****     if(hdma->XferHalfCpltCallback != NULL)
 485:Drivers/STM32F7xx_HAL_Driver/Src/stm32f7xx_hal_dma.c ****     {
 486:Drivers/STM32F7xx_HAL_Driver/Src/stm32f7xx_hal_dma.c ****       hdma->Instance->CR  |= DMA_IT_HT;
 487:Drivers/STM32F7xx_HAL_Driver/Src/stm32f7xx_hal_dma.c ****     }
ARM GAS  /tmp/cc6OwwRl.s 			page 10


 488:Drivers/STM32F7xx_HAL_Driver/Src/stm32f7xx_hal_dma.c ****     
 489:Drivers/STM32F7xx_HAL_Driver/Src/stm32f7xx_hal_dma.c ****     /* Enable the Peripheral */
 490:Drivers/STM32F7xx_HAL_Driver/Src/stm32f7xx_hal_dma.c ****     __HAL_DMA_ENABLE(hdma);
 491:Drivers/STM32F7xx_HAL_Driver/Src/stm32f7xx_hal_dma.c ****   }
 492:Drivers/STM32F7xx_HAL_Driver/Src/stm32f7xx_hal_dma.c ****   else
 493:Drivers/STM32F7xx_HAL_Driver/Src/stm32f7xx_hal_dma.c ****   {
 494:Drivers/STM32F7xx_HAL_Driver/Src/stm32f7xx_hal_dma.c ****     /* Process unlocked */
 495:Drivers/STM32F7xx_HAL_Driver/Src/stm32f7xx_hal_dma.c ****     __HAL_UNLOCK(hdma);	  
 496:Drivers/STM32F7xx_HAL_Driver/Src/stm32f7xx_hal_dma.c ****     
 497:Drivers/STM32F7xx_HAL_Driver/Src/stm32f7xx_hal_dma.c ****     /* Return error status */
 498:Drivers/STM32F7xx_HAL_Driver/Src/stm32f7xx_hal_dma.c ****     status = HAL_BUSY;
 499:Drivers/STM32F7xx_HAL_Driver/Src/stm32f7xx_hal_dma.c ****   }
 500:Drivers/STM32F7xx_HAL_Driver/Src/stm32f7xx_hal_dma.c ****   
 501:Drivers/STM32F7xx_HAL_Driver/Src/stm32f7xx_hal_dma.c ****   return status;
 502:Drivers/STM32F7xx_HAL_Driver/Src/stm32f7xx_hal_dma.c **** }
 503:Drivers/STM32F7xx_HAL_Driver/Src/stm32f7xx_hal_dma.c **** 
 504:Drivers/STM32F7xx_HAL_Driver/Src/stm32f7xx_hal_dma.c **** /**
 505:Drivers/STM32F7xx_HAL_Driver/Src/stm32f7xx_hal_dma.c ****   * @brief  Aborts the DMA Transfer.
 506:Drivers/STM32F7xx_HAL_Driver/Src/stm32f7xx_hal_dma.c ****   * @param  hdma   pointer to a DMA_HandleTypeDef structure that contains
 507:Drivers/STM32F7xx_HAL_Driver/Src/stm32f7xx_hal_dma.c ****   *                 the configuration information for the specified DMA Stream.
 508:Drivers/STM32F7xx_HAL_Driver/Src/stm32f7xx_hal_dma.c ****   *                   
 509:Drivers/STM32F7xx_HAL_Driver/Src/stm32f7xx_hal_dma.c ****   * @note  After disabling a DMA Stream, a check for wait until the DMA Stream is 
 510:Drivers/STM32F7xx_HAL_Driver/Src/stm32f7xx_hal_dma.c ****   *        effectively disabled is added. If a Stream is disabled 
 511:Drivers/STM32F7xx_HAL_Driver/Src/stm32f7xx_hal_dma.c ****   *        while a data transfer is ongoing, the current data will be transferred
 512:Drivers/STM32F7xx_HAL_Driver/Src/stm32f7xx_hal_dma.c ****   *        and the Stream will be effectively disabled only after the transfer of
 513:Drivers/STM32F7xx_HAL_Driver/Src/stm32f7xx_hal_dma.c ****   *        this single data is finished.  
 514:Drivers/STM32F7xx_HAL_Driver/Src/stm32f7xx_hal_dma.c ****   * @retval HAL status
 515:Drivers/STM32F7xx_HAL_Driver/Src/stm32f7xx_hal_dma.c ****   */
 516:Drivers/STM32F7xx_HAL_Driver/Src/stm32f7xx_hal_dma.c **** HAL_StatusTypeDef HAL_DMA_Abort(DMA_HandleTypeDef *hdma)
 517:Drivers/STM32F7xx_HAL_Driver/Src/stm32f7xx_hal_dma.c **** {
 518:Drivers/STM32F7xx_HAL_Driver/Src/stm32f7xx_hal_dma.c ****   /* calculate DMA base and stream number */
 519:Drivers/STM32F7xx_HAL_Driver/Src/stm32f7xx_hal_dma.c ****   DMA_Base_Registers *regs = (DMA_Base_Registers *)hdma->StreamBaseAddress;
 520:Drivers/STM32F7xx_HAL_Driver/Src/stm32f7xx_hal_dma.c ****   
 521:Drivers/STM32F7xx_HAL_Driver/Src/stm32f7xx_hal_dma.c ****   uint32_t tickstart = HAL_GetTick();
 522:Drivers/STM32F7xx_HAL_Driver/Src/stm32f7xx_hal_dma.c ****   
 523:Drivers/STM32F7xx_HAL_Driver/Src/stm32f7xx_hal_dma.c ****   if(hdma->State != HAL_DMA_STATE_BUSY)
 524:Drivers/STM32F7xx_HAL_Driver/Src/stm32f7xx_hal_dma.c ****   {
 525:Drivers/STM32F7xx_HAL_Driver/Src/stm32f7xx_hal_dma.c ****     hdma->ErrorCode = HAL_DMA_ERROR_NO_XFER;
 526:Drivers/STM32F7xx_HAL_Driver/Src/stm32f7xx_hal_dma.c ****     
 527:Drivers/STM32F7xx_HAL_Driver/Src/stm32f7xx_hal_dma.c ****     /* Process Unlocked */
 528:Drivers/STM32F7xx_HAL_Driver/Src/stm32f7xx_hal_dma.c ****     __HAL_UNLOCK(hdma);
 529:Drivers/STM32F7xx_HAL_Driver/Src/stm32f7xx_hal_dma.c ****     
 530:Drivers/STM32F7xx_HAL_Driver/Src/stm32f7xx_hal_dma.c ****     return HAL_ERROR;
 531:Drivers/STM32F7xx_HAL_Driver/Src/stm32f7xx_hal_dma.c ****   }
 532:Drivers/STM32F7xx_HAL_Driver/Src/stm32f7xx_hal_dma.c ****   else
 533:Drivers/STM32F7xx_HAL_Driver/Src/stm32f7xx_hal_dma.c ****   {
 534:Drivers/STM32F7xx_HAL_Driver/Src/stm32f7xx_hal_dma.c ****     /* Disable all the transfer interrupts */
 535:Drivers/STM32F7xx_HAL_Driver/Src/stm32f7xx_hal_dma.c ****     hdma->Instance->CR  &= ~(DMA_IT_TC | DMA_IT_TE | DMA_IT_DME);
 536:Drivers/STM32F7xx_HAL_Driver/Src/stm32f7xx_hal_dma.c ****     hdma->Instance->FCR &= ~(DMA_IT_FE);
 537:Drivers/STM32F7xx_HAL_Driver/Src/stm32f7xx_hal_dma.c ****     
 538:Drivers/STM32F7xx_HAL_Driver/Src/stm32f7xx_hal_dma.c ****     if((hdma->XferHalfCpltCallback != NULL) || (hdma->XferM1HalfCpltCallback != NULL))
 539:Drivers/STM32F7xx_HAL_Driver/Src/stm32f7xx_hal_dma.c ****     {
 540:Drivers/STM32F7xx_HAL_Driver/Src/stm32f7xx_hal_dma.c ****       hdma->Instance->CR  &= ~(DMA_IT_HT);
 541:Drivers/STM32F7xx_HAL_Driver/Src/stm32f7xx_hal_dma.c ****     }
 542:Drivers/STM32F7xx_HAL_Driver/Src/stm32f7xx_hal_dma.c ****     
 543:Drivers/STM32F7xx_HAL_Driver/Src/stm32f7xx_hal_dma.c ****     /* Disable the stream */
 544:Drivers/STM32F7xx_HAL_Driver/Src/stm32f7xx_hal_dma.c ****     __HAL_DMA_DISABLE(hdma);
ARM GAS  /tmp/cc6OwwRl.s 			page 11


 545:Drivers/STM32F7xx_HAL_Driver/Src/stm32f7xx_hal_dma.c ****     
 546:Drivers/STM32F7xx_HAL_Driver/Src/stm32f7xx_hal_dma.c ****     /* Check if the DMA Stream is effectively disabled */
 547:Drivers/STM32F7xx_HAL_Driver/Src/stm32f7xx_hal_dma.c ****     while((hdma->Instance->CR & DMA_SxCR_EN) != RESET)
 548:Drivers/STM32F7xx_HAL_Driver/Src/stm32f7xx_hal_dma.c ****     {
 549:Drivers/STM32F7xx_HAL_Driver/Src/stm32f7xx_hal_dma.c ****       /* Check for the Timeout */
 550:Drivers/STM32F7xx_HAL_Driver/Src/stm32f7xx_hal_dma.c ****       if((HAL_GetTick() - tickstart ) > HAL_TIMEOUT_DMA_ABORT)
 551:Drivers/STM32F7xx_HAL_Driver/Src/stm32f7xx_hal_dma.c ****       {
 552:Drivers/STM32F7xx_HAL_Driver/Src/stm32f7xx_hal_dma.c ****         /* Update error code */
 553:Drivers/STM32F7xx_HAL_Driver/Src/stm32f7xx_hal_dma.c ****         hdma->ErrorCode = HAL_DMA_ERROR_TIMEOUT;
 554:Drivers/STM32F7xx_HAL_Driver/Src/stm32f7xx_hal_dma.c ****         
 555:Drivers/STM32F7xx_HAL_Driver/Src/stm32f7xx_hal_dma.c ****         /* Change the DMA state */
 556:Drivers/STM32F7xx_HAL_Driver/Src/stm32f7xx_hal_dma.c ****         hdma->State = HAL_DMA_STATE_TIMEOUT;
 557:Drivers/STM32F7xx_HAL_Driver/Src/stm32f7xx_hal_dma.c ****         
 558:Drivers/STM32F7xx_HAL_Driver/Src/stm32f7xx_hal_dma.c ****         /* Process Unlocked */
 559:Drivers/STM32F7xx_HAL_Driver/Src/stm32f7xx_hal_dma.c ****         __HAL_UNLOCK(hdma);
 560:Drivers/STM32F7xx_HAL_Driver/Src/stm32f7xx_hal_dma.c **** 
 561:Drivers/STM32F7xx_HAL_Driver/Src/stm32f7xx_hal_dma.c ****         return HAL_TIMEOUT;
 562:Drivers/STM32F7xx_HAL_Driver/Src/stm32f7xx_hal_dma.c ****       }
 563:Drivers/STM32F7xx_HAL_Driver/Src/stm32f7xx_hal_dma.c ****     }
 564:Drivers/STM32F7xx_HAL_Driver/Src/stm32f7xx_hal_dma.c ****     
 565:Drivers/STM32F7xx_HAL_Driver/Src/stm32f7xx_hal_dma.c ****     /* Clear all interrupt flags at correct offset within the register */
 566:Drivers/STM32F7xx_HAL_Driver/Src/stm32f7xx_hal_dma.c ****     regs->IFCR = 0x3FU << hdma->StreamIndex;
 567:Drivers/STM32F7xx_HAL_Driver/Src/stm32f7xx_hal_dma.c ****     
 568:Drivers/STM32F7xx_HAL_Driver/Src/stm32f7xx_hal_dma.c ****     /* Change the DMA state*/
 569:Drivers/STM32F7xx_HAL_Driver/Src/stm32f7xx_hal_dma.c ****     hdma->State = HAL_DMA_STATE_READY;
 570:Drivers/STM32F7xx_HAL_Driver/Src/stm32f7xx_hal_dma.c ****     
 571:Drivers/STM32F7xx_HAL_Driver/Src/stm32f7xx_hal_dma.c ****     /* Process Unlocked */
 572:Drivers/STM32F7xx_HAL_Driver/Src/stm32f7xx_hal_dma.c ****     __HAL_UNLOCK(hdma);
 573:Drivers/STM32F7xx_HAL_Driver/Src/stm32f7xx_hal_dma.c ****     
 574:Drivers/STM32F7xx_HAL_Driver/Src/stm32f7xx_hal_dma.c ****   }
 575:Drivers/STM32F7xx_HAL_Driver/Src/stm32f7xx_hal_dma.c ****   return HAL_OK;
 576:Drivers/STM32F7xx_HAL_Driver/Src/stm32f7xx_hal_dma.c **** }
 577:Drivers/STM32F7xx_HAL_Driver/Src/stm32f7xx_hal_dma.c **** 
 578:Drivers/STM32F7xx_HAL_Driver/Src/stm32f7xx_hal_dma.c **** /**
 579:Drivers/STM32F7xx_HAL_Driver/Src/stm32f7xx_hal_dma.c ****   * @brief  Aborts the DMA Transfer in Interrupt mode.
 580:Drivers/STM32F7xx_HAL_Driver/Src/stm32f7xx_hal_dma.c ****   * @param  hdma   pointer to a DMA_HandleTypeDef structure that contains
 581:Drivers/STM32F7xx_HAL_Driver/Src/stm32f7xx_hal_dma.c ****   *                 the configuration information for the specified DMA Stream.
 582:Drivers/STM32F7xx_HAL_Driver/Src/stm32f7xx_hal_dma.c ****   * @retval HAL status
 583:Drivers/STM32F7xx_HAL_Driver/Src/stm32f7xx_hal_dma.c ****   */
 584:Drivers/STM32F7xx_HAL_Driver/Src/stm32f7xx_hal_dma.c **** HAL_StatusTypeDef HAL_DMA_Abort_IT(DMA_HandleTypeDef *hdma)
 585:Drivers/STM32F7xx_HAL_Driver/Src/stm32f7xx_hal_dma.c **** {
 586:Drivers/STM32F7xx_HAL_Driver/Src/stm32f7xx_hal_dma.c ****   if(hdma->State != HAL_DMA_STATE_BUSY)
 587:Drivers/STM32F7xx_HAL_Driver/Src/stm32f7xx_hal_dma.c ****   {
 588:Drivers/STM32F7xx_HAL_Driver/Src/stm32f7xx_hal_dma.c ****     hdma->ErrorCode = HAL_DMA_ERROR_NO_XFER;
 589:Drivers/STM32F7xx_HAL_Driver/Src/stm32f7xx_hal_dma.c ****     return HAL_ERROR;
 590:Drivers/STM32F7xx_HAL_Driver/Src/stm32f7xx_hal_dma.c ****   }
 591:Drivers/STM32F7xx_HAL_Driver/Src/stm32f7xx_hal_dma.c ****   else
 592:Drivers/STM32F7xx_HAL_Driver/Src/stm32f7xx_hal_dma.c ****   {
 593:Drivers/STM32F7xx_HAL_Driver/Src/stm32f7xx_hal_dma.c ****     /* Set Abort State  */
 594:Drivers/STM32F7xx_HAL_Driver/Src/stm32f7xx_hal_dma.c ****     hdma->State = HAL_DMA_STATE_ABORT;
 595:Drivers/STM32F7xx_HAL_Driver/Src/stm32f7xx_hal_dma.c ****     
 596:Drivers/STM32F7xx_HAL_Driver/Src/stm32f7xx_hal_dma.c ****     /* Disable the stream */
 597:Drivers/STM32F7xx_HAL_Driver/Src/stm32f7xx_hal_dma.c ****     __HAL_DMA_DISABLE(hdma);
 598:Drivers/STM32F7xx_HAL_Driver/Src/stm32f7xx_hal_dma.c ****   }
 599:Drivers/STM32F7xx_HAL_Driver/Src/stm32f7xx_hal_dma.c **** 
 600:Drivers/STM32F7xx_HAL_Driver/Src/stm32f7xx_hal_dma.c ****   return HAL_OK;
 601:Drivers/STM32F7xx_HAL_Driver/Src/stm32f7xx_hal_dma.c **** }
ARM GAS  /tmp/cc6OwwRl.s 			page 12


 602:Drivers/STM32F7xx_HAL_Driver/Src/stm32f7xx_hal_dma.c **** 
 603:Drivers/STM32F7xx_HAL_Driver/Src/stm32f7xx_hal_dma.c **** /**
 604:Drivers/STM32F7xx_HAL_Driver/Src/stm32f7xx_hal_dma.c ****   * @brief  Polling for transfer complete.
 605:Drivers/STM32F7xx_HAL_Driver/Src/stm32f7xx_hal_dma.c ****   * @param  hdma          pointer to a DMA_HandleTypeDef structure that contains
 606:Drivers/STM32F7xx_HAL_Driver/Src/stm32f7xx_hal_dma.c ****   *                        the configuration information for the specified DMA Stream.
 607:Drivers/STM32F7xx_HAL_Driver/Src/stm32f7xx_hal_dma.c ****   * @param  CompleteLevel Specifies the DMA level complete.
 608:Drivers/STM32F7xx_HAL_Driver/Src/stm32f7xx_hal_dma.c ****   * @note   The polling mode is kept in this version for legacy. it is recommended to use the IT mo
 609:Drivers/STM32F7xx_HAL_Driver/Src/stm32f7xx_hal_dma.c ****   *         This model could be used for debug purpose.
 610:Drivers/STM32F7xx_HAL_Driver/Src/stm32f7xx_hal_dma.c ****   * @note   The HAL_DMA_PollForTransfer API cannot be used in circular and double buffering mode (a
 611:Drivers/STM32F7xx_HAL_Driver/Src/stm32f7xx_hal_dma.c ****   * @param  Timeout       Timeout duration.
 612:Drivers/STM32F7xx_HAL_Driver/Src/stm32f7xx_hal_dma.c ****   * @retval HAL status
 613:Drivers/STM32F7xx_HAL_Driver/Src/stm32f7xx_hal_dma.c ****   */
 614:Drivers/STM32F7xx_HAL_Driver/Src/stm32f7xx_hal_dma.c **** HAL_StatusTypeDef HAL_DMA_PollForTransfer(DMA_HandleTypeDef *hdma, HAL_DMA_LevelCompleteTypeDef Com
 615:Drivers/STM32F7xx_HAL_Driver/Src/stm32f7xx_hal_dma.c **** {
 616:Drivers/STM32F7xx_HAL_Driver/Src/stm32f7xx_hal_dma.c ****   HAL_StatusTypeDef status = HAL_OK; 
 617:Drivers/STM32F7xx_HAL_Driver/Src/stm32f7xx_hal_dma.c ****   uint32_t mask_cpltlevel;
 618:Drivers/STM32F7xx_HAL_Driver/Src/stm32f7xx_hal_dma.c ****   uint32_t tickstart = HAL_GetTick(); 
 619:Drivers/STM32F7xx_HAL_Driver/Src/stm32f7xx_hal_dma.c ****   uint32_t tmpisr;
 620:Drivers/STM32F7xx_HAL_Driver/Src/stm32f7xx_hal_dma.c ****   
 621:Drivers/STM32F7xx_HAL_Driver/Src/stm32f7xx_hal_dma.c ****   /* calculate DMA base and stream number */
 622:Drivers/STM32F7xx_HAL_Driver/Src/stm32f7xx_hal_dma.c ****   DMA_Base_Registers *regs;
 623:Drivers/STM32F7xx_HAL_Driver/Src/stm32f7xx_hal_dma.c **** 
 624:Drivers/STM32F7xx_HAL_Driver/Src/stm32f7xx_hal_dma.c ****   if(HAL_DMA_STATE_BUSY != hdma->State)
 625:Drivers/STM32F7xx_HAL_Driver/Src/stm32f7xx_hal_dma.c ****   {
 626:Drivers/STM32F7xx_HAL_Driver/Src/stm32f7xx_hal_dma.c ****     /* No transfer ongoing */
 627:Drivers/STM32F7xx_HAL_Driver/Src/stm32f7xx_hal_dma.c ****     hdma->ErrorCode = HAL_DMA_ERROR_NO_XFER;
 628:Drivers/STM32F7xx_HAL_Driver/Src/stm32f7xx_hal_dma.c ****     __HAL_UNLOCK(hdma);
 629:Drivers/STM32F7xx_HAL_Driver/Src/stm32f7xx_hal_dma.c ****     return HAL_ERROR;
 630:Drivers/STM32F7xx_HAL_Driver/Src/stm32f7xx_hal_dma.c ****   }
 631:Drivers/STM32F7xx_HAL_Driver/Src/stm32f7xx_hal_dma.c **** 
 632:Drivers/STM32F7xx_HAL_Driver/Src/stm32f7xx_hal_dma.c ****   /* Polling mode not supported in circular mode and double buffering mode */
 633:Drivers/STM32F7xx_HAL_Driver/Src/stm32f7xx_hal_dma.c ****   if ((hdma->Instance->CR & DMA_SxCR_CIRC) != RESET)
 634:Drivers/STM32F7xx_HAL_Driver/Src/stm32f7xx_hal_dma.c ****   {
 635:Drivers/STM32F7xx_HAL_Driver/Src/stm32f7xx_hal_dma.c ****     hdma->ErrorCode = HAL_DMA_ERROR_NOT_SUPPORTED;
 636:Drivers/STM32F7xx_HAL_Driver/Src/stm32f7xx_hal_dma.c ****     return HAL_ERROR;
 637:Drivers/STM32F7xx_HAL_Driver/Src/stm32f7xx_hal_dma.c ****   }
 638:Drivers/STM32F7xx_HAL_Driver/Src/stm32f7xx_hal_dma.c ****   
 639:Drivers/STM32F7xx_HAL_Driver/Src/stm32f7xx_hal_dma.c ****   /* Get the level transfer complete flag */
 640:Drivers/STM32F7xx_HAL_Driver/Src/stm32f7xx_hal_dma.c ****   if(CompleteLevel == HAL_DMA_FULL_TRANSFER)
 641:Drivers/STM32F7xx_HAL_Driver/Src/stm32f7xx_hal_dma.c ****   {
 642:Drivers/STM32F7xx_HAL_Driver/Src/stm32f7xx_hal_dma.c ****     /* Transfer Complete flag */
 643:Drivers/STM32F7xx_HAL_Driver/Src/stm32f7xx_hal_dma.c ****     mask_cpltlevel = DMA_FLAG_TCIF0_4 << hdma->StreamIndex;
 644:Drivers/STM32F7xx_HAL_Driver/Src/stm32f7xx_hal_dma.c ****   }
 645:Drivers/STM32F7xx_HAL_Driver/Src/stm32f7xx_hal_dma.c ****   else
 646:Drivers/STM32F7xx_HAL_Driver/Src/stm32f7xx_hal_dma.c ****   {
 647:Drivers/STM32F7xx_HAL_Driver/Src/stm32f7xx_hal_dma.c ****     /* Half Transfer Complete flag */
 648:Drivers/STM32F7xx_HAL_Driver/Src/stm32f7xx_hal_dma.c ****     mask_cpltlevel = DMA_FLAG_HTIF0_4 << hdma->StreamIndex;
 649:Drivers/STM32F7xx_HAL_Driver/Src/stm32f7xx_hal_dma.c ****   }
 650:Drivers/STM32F7xx_HAL_Driver/Src/stm32f7xx_hal_dma.c ****   
 651:Drivers/STM32F7xx_HAL_Driver/Src/stm32f7xx_hal_dma.c ****   regs = (DMA_Base_Registers *)hdma->StreamBaseAddress;
 652:Drivers/STM32F7xx_HAL_Driver/Src/stm32f7xx_hal_dma.c ****   tmpisr = regs->ISR;
 653:Drivers/STM32F7xx_HAL_Driver/Src/stm32f7xx_hal_dma.c ****   
 654:Drivers/STM32F7xx_HAL_Driver/Src/stm32f7xx_hal_dma.c ****   while(((tmpisr & mask_cpltlevel) == RESET) && ((hdma->ErrorCode & HAL_DMA_ERROR_TE) == RESET))
 655:Drivers/STM32F7xx_HAL_Driver/Src/stm32f7xx_hal_dma.c ****   {
 656:Drivers/STM32F7xx_HAL_Driver/Src/stm32f7xx_hal_dma.c ****     /* Check for the Timeout (Not applicable in circular mode)*/
 657:Drivers/STM32F7xx_HAL_Driver/Src/stm32f7xx_hal_dma.c ****     if(Timeout != HAL_MAX_DELAY)
 658:Drivers/STM32F7xx_HAL_Driver/Src/stm32f7xx_hal_dma.c ****     {
ARM GAS  /tmp/cc6OwwRl.s 			page 13


 659:Drivers/STM32F7xx_HAL_Driver/Src/stm32f7xx_hal_dma.c ****       if((Timeout == 0)||((HAL_GetTick() - tickstart ) > Timeout))
 660:Drivers/STM32F7xx_HAL_Driver/Src/stm32f7xx_hal_dma.c ****       {
 661:Drivers/STM32F7xx_HAL_Driver/Src/stm32f7xx_hal_dma.c ****         /* Update error code */
 662:Drivers/STM32F7xx_HAL_Driver/Src/stm32f7xx_hal_dma.c ****         hdma->ErrorCode = HAL_DMA_ERROR_TIMEOUT;
 663:Drivers/STM32F7xx_HAL_Driver/Src/stm32f7xx_hal_dma.c ****         
 664:Drivers/STM32F7xx_HAL_Driver/Src/stm32f7xx_hal_dma.c ****         /* Change the DMA state */
 665:Drivers/STM32F7xx_HAL_Driver/Src/stm32f7xx_hal_dma.c ****         hdma->State = HAL_DMA_STATE_READY;
 666:Drivers/STM32F7xx_HAL_Driver/Src/stm32f7xx_hal_dma.c **** 
 667:Drivers/STM32F7xx_HAL_Driver/Src/stm32f7xx_hal_dma.c ****         /* Process Unlocked */
 668:Drivers/STM32F7xx_HAL_Driver/Src/stm32f7xx_hal_dma.c ****         __HAL_UNLOCK(hdma);
 669:Drivers/STM32F7xx_HAL_Driver/Src/stm32f7xx_hal_dma.c **** 
 670:Drivers/STM32F7xx_HAL_Driver/Src/stm32f7xx_hal_dma.c ****         return HAL_TIMEOUT;
 671:Drivers/STM32F7xx_HAL_Driver/Src/stm32f7xx_hal_dma.c ****       }
 672:Drivers/STM32F7xx_HAL_Driver/Src/stm32f7xx_hal_dma.c ****     }
 673:Drivers/STM32F7xx_HAL_Driver/Src/stm32f7xx_hal_dma.c **** 
 674:Drivers/STM32F7xx_HAL_Driver/Src/stm32f7xx_hal_dma.c ****     /* Get the ISR register value */
 675:Drivers/STM32F7xx_HAL_Driver/Src/stm32f7xx_hal_dma.c ****     tmpisr = regs->ISR;
 676:Drivers/STM32F7xx_HAL_Driver/Src/stm32f7xx_hal_dma.c **** 
 677:Drivers/STM32F7xx_HAL_Driver/Src/stm32f7xx_hal_dma.c ****     if((tmpisr & (DMA_FLAG_TEIF0_4 << hdma->StreamIndex)) != RESET)
 678:Drivers/STM32F7xx_HAL_Driver/Src/stm32f7xx_hal_dma.c ****     {
 679:Drivers/STM32F7xx_HAL_Driver/Src/stm32f7xx_hal_dma.c ****       /* Update error code */
 680:Drivers/STM32F7xx_HAL_Driver/Src/stm32f7xx_hal_dma.c ****       hdma->ErrorCode |= HAL_DMA_ERROR_TE;
 681:Drivers/STM32F7xx_HAL_Driver/Src/stm32f7xx_hal_dma.c ****       
 682:Drivers/STM32F7xx_HAL_Driver/Src/stm32f7xx_hal_dma.c ****       /* Clear the transfer error flag */
 683:Drivers/STM32F7xx_HAL_Driver/Src/stm32f7xx_hal_dma.c ****       regs->IFCR = DMA_FLAG_TEIF0_4 << hdma->StreamIndex;
 684:Drivers/STM32F7xx_HAL_Driver/Src/stm32f7xx_hal_dma.c ****     }
 685:Drivers/STM32F7xx_HAL_Driver/Src/stm32f7xx_hal_dma.c ****     
 686:Drivers/STM32F7xx_HAL_Driver/Src/stm32f7xx_hal_dma.c ****     if((tmpisr & (DMA_FLAG_FEIF0_4 << hdma->StreamIndex)) != RESET)
 687:Drivers/STM32F7xx_HAL_Driver/Src/stm32f7xx_hal_dma.c ****     {
 688:Drivers/STM32F7xx_HAL_Driver/Src/stm32f7xx_hal_dma.c ****       /* Update error code */
 689:Drivers/STM32F7xx_HAL_Driver/Src/stm32f7xx_hal_dma.c ****       hdma->ErrorCode |= HAL_DMA_ERROR_FE;
 690:Drivers/STM32F7xx_HAL_Driver/Src/stm32f7xx_hal_dma.c ****       
 691:Drivers/STM32F7xx_HAL_Driver/Src/stm32f7xx_hal_dma.c ****       /* Clear the FIFO error flag */
 692:Drivers/STM32F7xx_HAL_Driver/Src/stm32f7xx_hal_dma.c ****       regs->IFCR = DMA_FLAG_FEIF0_4 << hdma->StreamIndex;
 693:Drivers/STM32F7xx_HAL_Driver/Src/stm32f7xx_hal_dma.c ****     }
 694:Drivers/STM32F7xx_HAL_Driver/Src/stm32f7xx_hal_dma.c ****     
 695:Drivers/STM32F7xx_HAL_Driver/Src/stm32f7xx_hal_dma.c ****     if((tmpisr & (DMA_FLAG_DMEIF0_4 << hdma->StreamIndex)) != RESET)
 696:Drivers/STM32F7xx_HAL_Driver/Src/stm32f7xx_hal_dma.c ****     {
 697:Drivers/STM32F7xx_HAL_Driver/Src/stm32f7xx_hal_dma.c ****       /* Update error code */
 698:Drivers/STM32F7xx_HAL_Driver/Src/stm32f7xx_hal_dma.c ****       hdma->ErrorCode |= HAL_DMA_ERROR_DME;
 699:Drivers/STM32F7xx_HAL_Driver/Src/stm32f7xx_hal_dma.c ****       
 700:Drivers/STM32F7xx_HAL_Driver/Src/stm32f7xx_hal_dma.c ****       /* Clear the Direct Mode error flag */
 701:Drivers/STM32F7xx_HAL_Driver/Src/stm32f7xx_hal_dma.c ****       regs->IFCR = DMA_FLAG_DMEIF0_4 << hdma->StreamIndex;
 702:Drivers/STM32F7xx_HAL_Driver/Src/stm32f7xx_hal_dma.c ****     }
 703:Drivers/STM32F7xx_HAL_Driver/Src/stm32f7xx_hal_dma.c ****   }
 704:Drivers/STM32F7xx_HAL_Driver/Src/stm32f7xx_hal_dma.c ****   
 705:Drivers/STM32F7xx_HAL_Driver/Src/stm32f7xx_hal_dma.c ****   if(hdma->ErrorCode != HAL_DMA_ERROR_NONE)
 706:Drivers/STM32F7xx_HAL_Driver/Src/stm32f7xx_hal_dma.c ****   {
 707:Drivers/STM32F7xx_HAL_Driver/Src/stm32f7xx_hal_dma.c ****     if((hdma->ErrorCode & HAL_DMA_ERROR_TE) != RESET)
 708:Drivers/STM32F7xx_HAL_Driver/Src/stm32f7xx_hal_dma.c ****     {
 709:Drivers/STM32F7xx_HAL_Driver/Src/stm32f7xx_hal_dma.c ****       HAL_DMA_Abort(hdma);
 710:Drivers/STM32F7xx_HAL_Driver/Src/stm32f7xx_hal_dma.c ****     
 711:Drivers/STM32F7xx_HAL_Driver/Src/stm32f7xx_hal_dma.c ****       /* Clear the half transfer and transfer complete flags */
 712:Drivers/STM32F7xx_HAL_Driver/Src/stm32f7xx_hal_dma.c ****       regs->IFCR = (DMA_FLAG_HTIF0_4 | DMA_FLAG_TCIF0_4) << hdma->StreamIndex;
 713:Drivers/STM32F7xx_HAL_Driver/Src/stm32f7xx_hal_dma.c ****     
 714:Drivers/STM32F7xx_HAL_Driver/Src/stm32f7xx_hal_dma.c ****       /* Change the DMA state */
 715:Drivers/STM32F7xx_HAL_Driver/Src/stm32f7xx_hal_dma.c ****       hdma->State= HAL_DMA_STATE_READY;
ARM GAS  /tmp/cc6OwwRl.s 			page 14


 716:Drivers/STM32F7xx_HAL_Driver/Src/stm32f7xx_hal_dma.c **** 
 717:Drivers/STM32F7xx_HAL_Driver/Src/stm32f7xx_hal_dma.c ****       /* Process Unlocked */
 718:Drivers/STM32F7xx_HAL_Driver/Src/stm32f7xx_hal_dma.c ****       __HAL_UNLOCK(hdma);
 719:Drivers/STM32F7xx_HAL_Driver/Src/stm32f7xx_hal_dma.c **** 
 720:Drivers/STM32F7xx_HAL_Driver/Src/stm32f7xx_hal_dma.c ****       return HAL_ERROR;
 721:Drivers/STM32F7xx_HAL_Driver/Src/stm32f7xx_hal_dma.c ****    }
 722:Drivers/STM32F7xx_HAL_Driver/Src/stm32f7xx_hal_dma.c ****   }
 723:Drivers/STM32F7xx_HAL_Driver/Src/stm32f7xx_hal_dma.c ****   
 724:Drivers/STM32F7xx_HAL_Driver/Src/stm32f7xx_hal_dma.c ****   /* Get the level transfer complete flag */
 725:Drivers/STM32F7xx_HAL_Driver/Src/stm32f7xx_hal_dma.c ****   if(CompleteLevel == HAL_DMA_FULL_TRANSFER)
 726:Drivers/STM32F7xx_HAL_Driver/Src/stm32f7xx_hal_dma.c ****   {
 727:Drivers/STM32F7xx_HAL_Driver/Src/stm32f7xx_hal_dma.c ****     /* Clear the half transfer and transfer complete flags */
 728:Drivers/STM32F7xx_HAL_Driver/Src/stm32f7xx_hal_dma.c ****     regs->IFCR = (DMA_FLAG_HTIF0_4 | DMA_FLAG_TCIF0_4) << hdma->StreamIndex;
 729:Drivers/STM32F7xx_HAL_Driver/Src/stm32f7xx_hal_dma.c ****     
 730:Drivers/STM32F7xx_HAL_Driver/Src/stm32f7xx_hal_dma.c ****     hdma->State = HAL_DMA_STATE_READY;
 731:Drivers/STM32F7xx_HAL_Driver/Src/stm32f7xx_hal_dma.c **** 
 732:Drivers/STM32F7xx_HAL_Driver/Src/stm32f7xx_hal_dma.c ****     /* Process Unlocked */
 733:Drivers/STM32F7xx_HAL_Driver/Src/stm32f7xx_hal_dma.c ****     __HAL_UNLOCK(hdma);
 734:Drivers/STM32F7xx_HAL_Driver/Src/stm32f7xx_hal_dma.c **** 
 735:Drivers/STM32F7xx_HAL_Driver/Src/stm32f7xx_hal_dma.c ****   }
 736:Drivers/STM32F7xx_HAL_Driver/Src/stm32f7xx_hal_dma.c ****   else
 737:Drivers/STM32F7xx_HAL_Driver/Src/stm32f7xx_hal_dma.c ****   {
 738:Drivers/STM32F7xx_HAL_Driver/Src/stm32f7xx_hal_dma.c ****     /* Clear the half transfer flag */
 739:Drivers/STM32F7xx_HAL_Driver/Src/stm32f7xx_hal_dma.c ****     regs->IFCR = (DMA_FLAG_HTIF0_4) << hdma->StreamIndex;
 740:Drivers/STM32F7xx_HAL_Driver/Src/stm32f7xx_hal_dma.c ****   }
 741:Drivers/STM32F7xx_HAL_Driver/Src/stm32f7xx_hal_dma.c ****   
 742:Drivers/STM32F7xx_HAL_Driver/Src/stm32f7xx_hal_dma.c ****   return status;
 743:Drivers/STM32F7xx_HAL_Driver/Src/stm32f7xx_hal_dma.c **** }
 744:Drivers/STM32F7xx_HAL_Driver/Src/stm32f7xx_hal_dma.c **** 
 745:Drivers/STM32F7xx_HAL_Driver/Src/stm32f7xx_hal_dma.c **** /**
 746:Drivers/STM32F7xx_HAL_Driver/Src/stm32f7xx_hal_dma.c ****   * @brief  Handles DMA interrupt request.
 747:Drivers/STM32F7xx_HAL_Driver/Src/stm32f7xx_hal_dma.c ****   * @param  hdma pointer to a DMA_HandleTypeDef structure that contains
 748:Drivers/STM32F7xx_HAL_Driver/Src/stm32f7xx_hal_dma.c ****   *               the configuration information for the specified DMA Stream.  
 749:Drivers/STM32F7xx_HAL_Driver/Src/stm32f7xx_hal_dma.c ****   * @retval None
 750:Drivers/STM32F7xx_HAL_Driver/Src/stm32f7xx_hal_dma.c ****   */
 751:Drivers/STM32F7xx_HAL_Driver/Src/stm32f7xx_hal_dma.c **** void HAL_DMA_IRQHandler(DMA_HandleTypeDef *hdma)
 752:Drivers/STM32F7xx_HAL_Driver/Src/stm32f7xx_hal_dma.c **** {
 753:Drivers/STM32F7xx_HAL_Driver/Src/stm32f7xx_hal_dma.c ****   uint32_t tmpisr;
 754:Drivers/STM32F7xx_HAL_Driver/Src/stm32f7xx_hal_dma.c ****   __IO uint32_t count = 0;
 755:Drivers/STM32F7xx_HAL_Driver/Src/stm32f7xx_hal_dma.c ****   uint32_t timeout = SystemCoreClock / 9600;
 756:Drivers/STM32F7xx_HAL_Driver/Src/stm32f7xx_hal_dma.c **** 
 757:Drivers/STM32F7xx_HAL_Driver/Src/stm32f7xx_hal_dma.c ****   /* calculate DMA base and stream number */
 758:Drivers/STM32F7xx_HAL_Driver/Src/stm32f7xx_hal_dma.c ****   DMA_Base_Registers *regs = (DMA_Base_Registers *)hdma->StreamBaseAddress;
 759:Drivers/STM32F7xx_HAL_Driver/Src/stm32f7xx_hal_dma.c **** 
 760:Drivers/STM32F7xx_HAL_Driver/Src/stm32f7xx_hal_dma.c ****   tmpisr = regs->ISR;
 761:Drivers/STM32F7xx_HAL_Driver/Src/stm32f7xx_hal_dma.c **** 
 762:Drivers/STM32F7xx_HAL_Driver/Src/stm32f7xx_hal_dma.c ****   /* Transfer Error Interrupt management ***************************************/
 763:Drivers/STM32F7xx_HAL_Driver/Src/stm32f7xx_hal_dma.c ****   if ((tmpisr & (DMA_FLAG_TEIF0_4 << hdma->StreamIndex)) != RESET)
 764:Drivers/STM32F7xx_HAL_Driver/Src/stm32f7xx_hal_dma.c ****   {
 765:Drivers/STM32F7xx_HAL_Driver/Src/stm32f7xx_hal_dma.c ****     if(__HAL_DMA_GET_IT_SOURCE(hdma, DMA_IT_TE) != RESET)
 766:Drivers/STM32F7xx_HAL_Driver/Src/stm32f7xx_hal_dma.c ****     {
 767:Drivers/STM32F7xx_HAL_Driver/Src/stm32f7xx_hal_dma.c ****       /* Disable the transfer error interrupt */
 768:Drivers/STM32F7xx_HAL_Driver/Src/stm32f7xx_hal_dma.c ****       hdma->Instance->CR  &= ~(DMA_IT_TE);
 769:Drivers/STM32F7xx_HAL_Driver/Src/stm32f7xx_hal_dma.c ****       
 770:Drivers/STM32F7xx_HAL_Driver/Src/stm32f7xx_hal_dma.c ****       /* Clear the transfer error flag */
 771:Drivers/STM32F7xx_HAL_Driver/Src/stm32f7xx_hal_dma.c ****       regs->IFCR = DMA_FLAG_TEIF0_4 << hdma->StreamIndex;
 772:Drivers/STM32F7xx_HAL_Driver/Src/stm32f7xx_hal_dma.c ****       
ARM GAS  /tmp/cc6OwwRl.s 			page 15


 773:Drivers/STM32F7xx_HAL_Driver/Src/stm32f7xx_hal_dma.c ****       /* Update error code */
 774:Drivers/STM32F7xx_HAL_Driver/Src/stm32f7xx_hal_dma.c ****       hdma->ErrorCode |= HAL_DMA_ERROR_TE;
 775:Drivers/STM32F7xx_HAL_Driver/Src/stm32f7xx_hal_dma.c ****     }
 776:Drivers/STM32F7xx_HAL_Driver/Src/stm32f7xx_hal_dma.c ****   }
 777:Drivers/STM32F7xx_HAL_Driver/Src/stm32f7xx_hal_dma.c ****   /* FIFO Error Interrupt management ******************************************/
 778:Drivers/STM32F7xx_HAL_Driver/Src/stm32f7xx_hal_dma.c ****   if ((tmpisr & (DMA_FLAG_FEIF0_4 << hdma->StreamIndex)) != RESET)
 779:Drivers/STM32F7xx_HAL_Driver/Src/stm32f7xx_hal_dma.c ****   {
 780:Drivers/STM32F7xx_HAL_Driver/Src/stm32f7xx_hal_dma.c ****     if(__HAL_DMA_GET_IT_SOURCE(hdma, DMA_IT_FE) != RESET)
 781:Drivers/STM32F7xx_HAL_Driver/Src/stm32f7xx_hal_dma.c ****     {
 782:Drivers/STM32F7xx_HAL_Driver/Src/stm32f7xx_hal_dma.c ****       /* Clear the FIFO error flag */
 783:Drivers/STM32F7xx_HAL_Driver/Src/stm32f7xx_hal_dma.c ****       regs->IFCR = DMA_FLAG_FEIF0_4 << hdma->StreamIndex;
 784:Drivers/STM32F7xx_HAL_Driver/Src/stm32f7xx_hal_dma.c **** 
 785:Drivers/STM32F7xx_HAL_Driver/Src/stm32f7xx_hal_dma.c ****       /* Update error code */
 786:Drivers/STM32F7xx_HAL_Driver/Src/stm32f7xx_hal_dma.c ****       hdma->ErrorCode |= HAL_DMA_ERROR_FE;
 787:Drivers/STM32F7xx_HAL_Driver/Src/stm32f7xx_hal_dma.c ****     }
 788:Drivers/STM32F7xx_HAL_Driver/Src/stm32f7xx_hal_dma.c ****   }
 789:Drivers/STM32F7xx_HAL_Driver/Src/stm32f7xx_hal_dma.c ****   /* Direct Mode Error Interrupt management ***********************************/
 790:Drivers/STM32F7xx_HAL_Driver/Src/stm32f7xx_hal_dma.c ****   if ((tmpisr & (DMA_FLAG_DMEIF0_4 << hdma->StreamIndex)) != RESET)
 791:Drivers/STM32F7xx_HAL_Driver/Src/stm32f7xx_hal_dma.c ****   {
 792:Drivers/STM32F7xx_HAL_Driver/Src/stm32f7xx_hal_dma.c ****     if(__HAL_DMA_GET_IT_SOURCE(hdma, DMA_IT_DME) != RESET)
 793:Drivers/STM32F7xx_HAL_Driver/Src/stm32f7xx_hal_dma.c ****     {
 794:Drivers/STM32F7xx_HAL_Driver/Src/stm32f7xx_hal_dma.c ****       /* Clear the direct mode error flag */
 795:Drivers/STM32F7xx_HAL_Driver/Src/stm32f7xx_hal_dma.c ****       regs->IFCR = DMA_FLAG_DMEIF0_4 << hdma->StreamIndex;
 796:Drivers/STM32F7xx_HAL_Driver/Src/stm32f7xx_hal_dma.c **** 
 797:Drivers/STM32F7xx_HAL_Driver/Src/stm32f7xx_hal_dma.c ****       /* Update error code */
 798:Drivers/STM32F7xx_HAL_Driver/Src/stm32f7xx_hal_dma.c ****       hdma->ErrorCode |= HAL_DMA_ERROR_DME;
 799:Drivers/STM32F7xx_HAL_Driver/Src/stm32f7xx_hal_dma.c ****     }
 800:Drivers/STM32F7xx_HAL_Driver/Src/stm32f7xx_hal_dma.c ****   }
 801:Drivers/STM32F7xx_HAL_Driver/Src/stm32f7xx_hal_dma.c ****   /* Half Transfer Complete Interrupt management ******************************/
 802:Drivers/STM32F7xx_HAL_Driver/Src/stm32f7xx_hal_dma.c ****   if ((tmpisr & (DMA_FLAG_HTIF0_4 << hdma->StreamIndex)) != RESET)
 803:Drivers/STM32F7xx_HAL_Driver/Src/stm32f7xx_hal_dma.c ****   {
 804:Drivers/STM32F7xx_HAL_Driver/Src/stm32f7xx_hal_dma.c ****     if(__HAL_DMA_GET_IT_SOURCE(hdma, DMA_IT_HT) != RESET)
 805:Drivers/STM32F7xx_HAL_Driver/Src/stm32f7xx_hal_dma.c ****     {
 806:Drivers/STM32F7xx_HAL_Driver/Src/stm32f7xx_hal_dma.c ****       /* Clear the half transfer complete flag */
 807:Drivers/STM32F7xx_HAL_Driver/Src/stm32f7xx_hal_dma.c ****       regs->IFCR = DMA_FLAG_HTIF0_4 << hdma->StreamIndex;
 808:Drivers/STM32F7xx_HAL_Driver/Src/stm32f7xx_hal_dma.c ****       
 809:Drivers/STM32F7xx_HAL_Driver/Src/stm32f7xx_hal_dma.c ****       /* Multi_Buffering mode enabled */
 810:Drivers/STM32F7xx_HAL_Driver/Src/stm32f7xx_hal_dma.c ****       if(((hdma->Instance->CR) & (uint32_t)(DMA_SxCR_DBM)) != RESET)
 811:Drivers/STM32F7xx_HAL_Driver/Src/stm32f7xx_hal_dma.c ****       {
 812:Drivers/STM32F7xx_HAL_Driver/Src/stm32f7xx_hal_dma.c ****         /* Current memory buffer used is Memory 0 */
 813:Drivers/STM32F7xx_HAL_Driver/Src/stm32f7xx_hal_dma.c ****         if((hdma->Instance->CR & DMA_SxCR_CT) == RESET)
 814:Drivers/STM32F7xx_HAL_Driver/Src/stm32f7xx_hal_dma.c ****         {
 815:Drivers/STM32F7xx_HAL_Driver/Src/stm32f7xx_hal_dma.c ****           if(hdma->XferHalfCpltCallback != NULL)
 816:Drivers/STM32F7xx_HAL_Driver/Src/stm32f7xx_hal_dma.c ****           {
 817:Drivers/STM32F7xx_HAL_Driver/Src/stm32f7xx_hal_dma.c ****             /* Half transfer callback */
 818:Drivers/STM32F7xx_HAL_Driver/Src/stm32f7xx_hal_dma.c ****             hdma->XferHalfCpltCallback(hdma);
 819:Drivers/STM32F7xx_HAL_Driver/Src/stm32f7xx_hal_dma.c ****           }
 820:Drivers/STM32F7xx_HAL_Driver/Src/stm32f7xx_hal_dma.c ****         }
 821:Drivers/STM32F7xx_HAL_Driver/Src/stm32f7xx_hal_dma.c ****         /* Current memory buffer used is Memory 1 */
 822:Drivers/STM32F7xx_HAL_Driver/Src/stm32f7xx_hal_dma.c ****         else
 823:Drivers/STM32F7xx_HAL_Driver/Src/stm32f7xx_hal_dma.c ****         {
 824:Drivers/STM32F7xx_HAL_Driver/Src/stm32f7xx_hal_dma.c ****           if(hdma->XferM1HalfCpltCallback != NULL)
 825:Drivers/STM32F7xx_HAL_Driver/Src/stm32f7xx_hal_dma.c ****           {
 826:Drivers/STM32F7xx_HAL_Driver/Src/stm32f7xx_hal_dma.c ****             /* Half transfer callback */
 827:Drivers/STM32F7xx_HAL_Driver/Src/stm32f7xx_hal_dma.c ****             hdma->XferM1HalfCpltCallback(hdma);
 828:Drivers/STM32F7xx_HAL_Driver/Src/stm32f7xx_hal_dma.c ****           }
 829:Drivers/STM32F7xx_HAL_Driver/Src/stm32f7xx_hal_dma.c ****         }
ARM GAS  /tmp/cc6OwwRl.s 			page 16


 830:Drivers/STM32F7xx_HAL_Driver/Src/stm32f7xx_hal_dma.c ****       }
 831:Drivers/STM32F7xx_HAL_Driver/Src/stm32f7xx_hal_dma.c ****       else
 832:Drivers/STM32F7xx_HAL_Driver/Src/stm32f7xx_hal_dma.c ****       {
 833:Drivers/STM32F7xx_HAL_Driver/Src/stm32f7xx_hal_dma.c ****         /* Disable the half transfer interrupt if the DMA mode is not CIRCULAR */
 834:Drivers/STM32F7xx_HAL_Driver/Src/stm32f7xx_hal_dma.c ****         if((hdma->Instance->CR & DMA_SxCR_CIRC) == RESET)
 835:Drivers/STM32F7xx_HAL_Driver/Src/stm32f7xx_hal_dma.c ****         {
 836:Drivers/STM32F7xx_HAL_Driver/Src/stm32f7xx_hal_dma.c ****           /* Disable the half transfer interrupt */
 837:Drivers/STM32F7xx_HAL_Driver/Src/stm32f7xx_hal_dma.c ****           hdma->Instance->CR  &= ~(DMA_IT_HT);
 838:Drivers/STM32F7xx_HAL_Driver/Src/stm32f7xx_hal_dma.c ****         }
 839:Drivers/STM32F7xx_HAL_Driver/Src/stm32f7xx_hal_dma.c ****         
 840:Drivers/STM32F7xx_HAL_Driver/Src/stm32f7xx_hal_dma.c ****         if(hdma->XferHalfCpltCallback != NULL)
 841:Drivers/STM32F7xx_HAL_Driver/Src/stm32f7xx_hal_dma.c ****         {
 842:Drivers/STM32F7xx_HAL_Driver/Src/stm32f7xx_hal_dma.c ****           /* Half transfer callback */
 843:Drivers/STM32F7xx_HAL_Driver/Src/stm32f7xx_hal_dma.c ****           hdma->XferHalfCpltCallback(hdma);
 844:Drivers/STM32F7xx_HAL_Driver/Src/stm32f7xx_hal_dma.c ****         }
 845:Drivers/STM32F7xx_HAL_Driver/Src/stm32f7xx_hal_dma.c ****       }
 846:Drivers/STM32F7xx_HAL_Driver/Src/stm32f7xx_hal_dma.c ****     }
 847:Drivers/STM32F7xx_HAL_Driver/Src/stm32f7xx_hal_dma.c ****   }
 848:Drivers/STM32F7xx_HAL_Driver/Src/stm32f7xx_hal_dma.c ****   /* Transfer Complete Interrupt management ***********************************/
 849:Drivers/STM32F7xx_HAL_Driver/Src/stm32f7xx_hal_dma.c ****   if ((tmpisr & (DMA_FLAG_TCIF0_4 << hdma->StreamIndex)) != RESET)
 850:Drivers/STM32F7xx_HAL_Driver/Src/stm32f7xx_hal_dma.c ****   {
 851:Drivers/STM32F7xx_HAL_Driver/Src/stm32f7xx_hal_dma.c ****     if(__HAL_DMA_GET_IT_SOURCE(hdma, DMA_IT_TC) != RESET)
 852:Drivers/STM32F7xx_HAL_Driver/Src/stm32f7xx_hal_dma.c ****     {
 853:Drivers/STM32F7xx_HAL_Driver/Src/stm32f7xx_hal_dma.c ****       /* Clear the transfer complete flag */
 854:Drivers/STM32F7xx_HAL_Driver/Src/stm32f7xx_hal_dma.c ****       regs->IFCR = DMA_FLAG_TCIF0_4 << hdma->StreamIndex;
 855:Drivers/STM32F7xx_HAL_Driver/Src/stm32f7xx_hal_dma.c ****       
 856:Drivers/STM32F7xx_HAL_Driver/Src/stm32f7xx_hal_dma.c ****       if(HAL_DMA_STATE_ABORT == hdma->State)
 857:Drivers/STM32F7xx_HAL_Driver/Src/stm32f7xx_hal_dma.c ****       {
 858:Drivers/STM32F7xx_HAL_Driver/Src/stm32f7xx_hal_dma.c ****         /* Disable all the transfer interrupts */
 859:Drivers/STM32F7xx_HAL_Driver/Src/stm32f7xx_hal_dma.c ****         hdma->Instance->CR  &= ~(DMA_IT_TC | DMA_IT_TE | DMA_IT_DME);
 860:Drivers/STM32F7xx_HAL_Driver/Src/stm32f7xx_hal_dma.c ****         hdma->Instance->FCR &= ~(DMA_IT_FE);
 861:Drivers/STM32F7xx_HAL_Driver/Src/stm32f7xx_hal_dma.c ****         
 862:Drivers/STM32F7xx_HAL_Driver/Src/stm32f7xx_hal_dma.c ****         if((hdma->XferHalfCpltCallback != NULL) || (hdma->XferM1HalfCpltCallback != NULL))
 863:Drivers/STM32F7xx_HAL_Driver/Src/stm32f7xx_hal_dma.c ****         {
 864:Drivers/STM32F7xx_HAL_Driver/Src/stm32f7xx_hal_dma.c ****           hdma->Instance->CR  &= ~(DMA_IT_HT);
 865:Drivers/STM32F7xx_HAL_Driver/Src/stm32f7xx_hal_dma.c ****         }
 866:Drivers/STM32F7xx_HAL_Driver/Src/stm32f7xx_hal_dma.c **** 
 867:Drivers/STM32F7xx_HAL_Driver/Src/stm32f7xx_hal_dma.c ****         /* Clear all interrupt flags at correct offset within the register */
 868:Drivers/STM32F7xx_HAL_Driver/Src/stm32f7xx_hal_dma.c ****         regs->IFCR = 0x3FU << hdma->StreamIndex;
 869:Drivers/STM32F7xx_HAL_Driver/Src/stm32f7xx_hal_dma.c **** 
 870:Drivers/STM32F7xx_HAL_Driver/Src/stm32f7xx_hal_dma.c ****         /* Change the DMA state */
 871:Drivers/STM32F7xx_HAL_Driver/Src/stm32f7xx_hal_dma.c ****         hdma->State = HAL_DMA_STATE_READY;
 872:Drivers/STM32F7xx_HAL_Driver/Src/stm32f7xx_hal_dma.c **** 
 873:Drivers/STM32F7xx_HAL_Driver/Src/stm32f7xx_hal_dma.c ****         /* Process Unlocked */
 874:Drivers/STM32F7xx_HAL_Driver/Src/stm32f7xx_hal_dma.c ****         __HAL_UNLOCK(hdma);
 875:Drivers/STM32F7xx_HAL_Driver/Src/stm32f7xx_hal_dma.c **** 
 876:Drivers/STM32F7xx_HAL_Driver/Src/stm32f7xx_hal_dma.c ****         if(hdma->XferAbortCallback != NULL)
 877:Drivers/STM32F7xx_HAL_Driver/Src/stm32f7xx_hal_dma.c ****         {
 878:Drivers/STM32F7xx_HAL_Driver/Src/stm32f7xx_hal_dma.c ****           hdma->XferAbortCallback(hdma);
 879:Drivers/STM32F7xx_HAL_Driver/Src/stm32f7xx_hal_dma.c ****         }
 880:Drivers/STM32F7xx_HAL_Driver/Src/stm32f7xx_hal_dma.c ****         return;
 881:Drivers/STM32F7xx_HAL_Driver/Src/stm32f7xx_hal_dma.c ****       }
 882:Drivers/STM32F7xx_HAL_Driver/Src/stm32f7xx_hal_dma.c **** 
 883:Drivers/STM32F7xx_HAL_Driver/Src/stm32f7xx_hal_dma.c ****       if(((hdma->Instance->CR) & (uint32_t)(DMA_SxCR_DBM)) != RESET)
 884:Drivers/STM32F7xx_HAL_Driver/Src/stm32f7xx_hal_dma.c ****       {
 885:Drivers/STM32F7xx_HAL_Driver/Src/stm32f7xx_hal_dma.c ****         /* Current memory buffer used is Memory 0 */
 886:Drivers/STM32F7xx_HAL_Driver/Src/stm32f7xx_hal_dma.c ****         if((hdma->Instance->CR & DMA_SxCR_CT) == RESET)
ARM GAS  /tmp/cc6OwwRl.s 			page 17


 887:Drivers/STM32F7xx_HAL_Driver/Src/stm32f7xx_hal_dma.c ****         {
 888:Drivers/STM32F7xx_HAL_Driver/Src/stm32f7xx_hal_dma.c ****           if(hdma->XferM1CpltCallback != NULL)
 889:Drivers/STM32F7xx_HAL_Driver/Src/stm32f7xx_hal_dma.c ****           {
 890:Drivers/STM32F7xx_HAL_Driver/Src/stm32f7xx_hal_dma.c ****             /* Transfer complete Callback for memory1 */
 891:Drivers/STM32F7xx_HAL_Driver/Src/stm32f7xx_hal_dma.c ****             hdma->XferM1CpltCallback(hdma);
 892:Drivers/STM32F7xx_HAL_Driver/Src/stm32f7xx_hal_dma.c ****           }
 893:Drivers/STM32F7xx_HAL_Driver/Src/stm32f7xx_hal_dma.c ****         }
 894:Drivers/STM32F7xx_HAL_Driver/Src/stm32f7xx_hal_dma.c ****         /* Current memory buffer used is Memory 1 */
 895:Drivers/STM32F7xx_HAL_Driver/Src/stm32f7xx_hal_dma.c ****         else
 896:Drivers/STM32F7xx_HAL_Driver/Src/stm32f7xx_hal_dma.c ****         {
 897:Drivers/STM32F7xx_HAL_Driver/Src/stm32f7xx_hal_dma.c ****           if(hdma->XferCpltCallback != NULL)
 898:Drivers/STM32F7xx_HAL_Driver/Src/stm32f7xx_hal_dma.c ****           {
 899:Drivers/STM32F7xx_HAL_Driver/Src/stm32f7xx_hal_dma.c ****             /* Transfer complete Callback for memory0 */
 900:Drivers/STM32F7xx_HAL_Driver/Src/stm32f7xx_hal_dma.c ****             hdma->XferCpltCallback(hdma);
 901:Drivers/STM32F7xx_HAL_Driver/Src/stm32f7xx_hal_dma.c ****           }
 902:Drivers/STM32F7xx_HAL_Driver/Src/stm32f7xx_hal_dma.c ****         }
 903:Drivers/STM32F7xx_HAL_Driver/Src/stm32f7xx_hal_dma.c ****       }
 904:Drivers/STM32F7xx_HAL_Driver/Src/stm32f7xx_hal_dma.c ****       /* Disable the transfer complete interrupt if the DMA mode is not CIRCULAR */
 905:Drivers/STM32F7xx_HAL_Driver/Src/stm32f7xx_hal_dma.c ****       else
 906:Drivers/STM32F7xx_HAL_Driver/Src/stm32f7xx_hal_dma.c ****       {
 907:Drivers/STM32F7xx_HAL_Driver/Src/stm32f7xx_hal_dma.c ****         if((hdma->Instance->CR & DMA_SxCR_CIRC) == RESET)
 908:Drivers/STM32F7xx_HAL_Driver/Src/stm32f7xx_hal_dma.c ****         {
 909:Drivers/STM32F7xx_HAL_Driver/Src/stm32f7xx_hal_dma.c ****           /* Disable the transfer complete interrupt */
 910:Drivers/STM32F7xx_HAL_Driver/Src/stm32f7xx_hal_dma.c ****           hdma->Instance->CR  &= ~(DMA_IT_TC);
 911:Drivers/STM32F7xx_HAL_Driver/Src/stm32f7xx_hal_dma.c **** 
 912:Drivers/STM32F7xx_HAL_Driver/Src/stm32f7xx_hal_dma.c ****           /* Change the DMA state */
 913:Drivers/STM32F7xx_HAL_Driver/Src/stm32f7xx_hal_dma.c ****           hdma->State = HAL_DMA_STATE_READY;
 914:Drivers/STM32F7xx_HAL_Driver/Src/stm32f7xx_hal_dma.c **** 
 915:Drivers/STM32F7xx_HAL_Driver/Src/stm32f7xx_hal_dma.c ****           /* Process Unlocked */
 916:Drivers/STM32F7xx_HAL_Driver/Src/stm32f7xx_hal_dma.c ****           __HAL_UNLOCK(hdma);
 917:Drivers/STM32F7xx_HAL_Driver/Src/stm32f7xx_hal_dma.c **** 
 918:Drivers/STM32F7xx_HAL_Driver/Src/stm32f7xx_hal_dma.c ****         }
 919:Drivers/STM32F7xx_HAL_Driver/Src/stm32f7xx_hal_dma.c **** 
 920:Drivers/STM32F7xx_HAL_Driver/Src/stm32f7xx_hal_dma.c ****         if(hdma->XferCpltCallback != NULL)
 921:Drivers/STM32F7xx_HAL_Driver/Src/stm32f7xx_hal_dma.c ****         {
 922:Drivers/STM32F7xx_HAL_Driver/Src/stm32f7xx_hal_dma.c ****           /* Transfer complete callback */
 923:Drivers/STM32F7xx_HAL_Driver/Src/stm32f7xx_hal_dma.c ****           hdma->XferCpltCallback(hdma);
 924:Drivers/STM32F7xx_HAL_Driver/Src/stm32f7xx_hal_dma.c ****         }
 925:Drivers/STM32F7xx_HAL_Driver/Src/stm32f7xx_hal_dma.c ****       }
 926:Drivers/STM32F7xx_HAL_Driver/Src/stm32f7xx_hal_dma.c ****     }
 927:Drivers/STM32F7xx_HAL_Driver/Src/stm32f7xx_hal_dma.c ****   }
 928:Drivers/STM32F7xx_HAL_Driver/Src/stm32f7xx_hal_dma.c ****   
 929:Drivers/STM32F7xx_HAL_Driver/Src/stm32f7xx_hal_dma.c ****   /* manage error case */
 930:Drivers/STM32F7xx_HAL_Driver/Src/stm32f7xx_hal_dma.c ****   if(hdma->ErrorCode != HAL_DMA_ERROR_NONE)
 931:Drivers/STM32F7xx_HAL_Driver/Src/stm32f7xx_hal_dma.c ****   {
 932:Drivers/STM32F7xx_HAL_Driver/Src/stm32f7xx_hal_dma.c ****     if((hdma->ErrorCode & HAL_DMA_ERROR_TE) != RESET)
 933:Drivers/STM32F7xx_HAL_Driver/Src/stm32f7xx_hal_dma.c ****     {
 934:Drivers/STM32F7xx_HAL_Driver/Src/stm32f7xx_hal_dma.c ****       hdma->State = HAL_DMA_STATE_ABORT;
 935:Drivers/STM32F7xx_HAL_Driver/Src/stm32f7xx_hal_dma.c **** 
 936:Drivers/STM32F7xx_HAL_Driver/Src/stm32f7xx_hal_dma.c ****       /* Disable the stream */
 937:Drivers/STM32F7xx_HAL_Driver/Src/stm32f7xx_hal_dma.c ****       __HAL_DMA_DISABLE(hdma);
 938:Drivers/STM32F7xx_HAL_Driver/Src/stm32f7xx_hal_dma.c **** 
 939:Drivers/STM32F7xx_HAL_Driver/Src/stm32f7xx_hal_dma.c ****       do
 940:Drivers/STM32F7xx_HAL_Driver/Src/stm32f7xx_hal_dma.c ****       {
 941:Drivers/STM32F7xx_HAL_Driver/Src/stm32f7xx_hal_dma.c ****         if (++count > timeout)
 942:Drivers/STM32F7xx_HAL_Driver/Src/stm32f7xx_hal_dma.c ****         {
 943:Drivers/STM32F7xx_HAL_Driver/Src/stm32f7xx_hal_dma.c ****           break;
ARM GAS  /tmp/cc6OwwRl.s 			page 18


 944:Drivers/STM32F7xx_HAL_Driver/Src/stm32f7xx_hal_dma.c ****         }
 945:Drivers/STM32F7xx_HAL_Driver/Src/stm32f7xx_hal_dma.c ****       }
 946:Drivers/STM32F7xx_HAL_Driver/Src/stm32f7xx_hal_dma.c ****       while((hdma->Instance->CR & DMA_SxCR_EN) != RESET);
 947:Drivers/STM32F7xx_HAL_Driver/Src/stm32f7xx_hal_dma.c **** 
 948:Drivers/STM32F7xx_HAL_Driver/Src/stm32f7xx_hal_dma.c ****       /* Change the DMA state */
 949:Drivers/STM32F7xx_HAL_Driver/Src/stm32f7xx_hal_dma.c ****       hdma->State = HAL_DMA_STATE_READY;
 950:Drivers/STM32F7xx_HAL_Driver/Src/stm32f7xx_hal_dma.c **** 
 951:Drivers/STM32F7xx_HAL_Driver/Src/stm32f7xx_hal_dma.c ****       /* Process Unlocked */
 952:Drivers/STM32F7xx_HAL_Driver/Src/stm32f7xx_hal_dma.c ****       __HAL_UNLOCK(hdma);
 953:Drivers/STM32F7xx_HAL_Driver/Src/stm32f7xx_hal_dma.c **** 
 954:Drivers/STM32F7xx_HAL_Driver/Src/stm32f7xx_hal_dma.c ****     }
 955:Drivers/STM32F7xx_HAL_Driver/Src/stm32f7xx_hal_dma.c **** 
 956:Drivers/STM32F7xx_HAL_Driver/Src/stm32f7xx_hal_dma.c ****     if(hdma->XferErrorCallback != NULL)
 957:Drivers/STM32F7xx_HAL_Driver/Src/stm32f7xx_hal_dma.c ****     {
 958:Drivers/STM32F7xx_HAL_Driver/Src/stm32f7xx_hal_dma.c ****       /* Transfer error callback */
 959:Drivers/STM32F7xx_HAL_Driver/Src/stm32f7xx_hal_dma.c ****       hdma->XferErrorCallback(hdma);
 960:Drivers/STM32F7xx_HAL_Driver/Src/stm32f7xx_hal_dma.c ****     }
 961:Drivers/STM32F7xx_HAL_Driver/Src/stm32f7xx_hal_dma.c ****   }
 962:Drivers/STM32F7xx_HAL_Driver/Src/stm32f7xx_hal_dma.c **** }
 963:Drivers/STM32F7xx_HAL_Driver/Src/stm32f7xx_hal_dma.c **** 
 964:Drivers/STM32F7xx_HAL_Driver/Src/stm32f7xx_hal_dma.c **** /**
 965:Drivers/STM32F7xx_HAL_Driver/Src/stm32f7xx_hal_dma.c ****   * @brief  Register callbacks
 966:Drivers/STM32F7xx_HAL_Driver/Src/stm32f7xx_hal_dma.c ****   * @param  hdma                 pointer to a DMA_HandleTypeDef structure that contains
 967:Drivers/STM32F7xx_HAL_Driver/Src/stm32f7xx_hal_dma.c ****   *                               the configuration information for the specified DMA Stream.
 968:Drivers/STM32F7xx_HAL_Driver/Src/stm32f7xx_hal_dma.c ****   * @param  CallbackID           User Callback identifier
 969:Drivers/STM32F7xx_HAL_Driver/Src/stm32f7xx_hal_dma.c ****   *                               a DMA_HandleTypeDef structure as parameter.
 970:Drivers/STM32F7xx_HAL_Driver/Src/stm32f7xx_hal_dma.c ****   * @param  pCallback            pointer to private callbacsk function which has pointer to 
 971:Drivers/STM32F7xx_HAL_Driver/Src/stm32f7xx_hal_dma.c ****   *                               a DMA_HandleTypeDef structure as parameter.
 972:Drivers/STM32F7xx_HAL_Driver/Src/stm32f7xx_hal_dma.c ****   * @retval HAL status
 973:Drivers/STM32F7xx_HAL_Driver/Src/stm32f7xx_hal_dma.c ****   */                      
 974:Drivers/STM32F7xx_HAL_Driver/Src/stm32f7xx_hal_dma.c **** HAL_StatusTypeDef HAL_DMA_RegisterCallback(DMA_HandleTypeDef *hdma, HAL_DMA_CallbackIDTypeDef Callb
 975:Drivers/STM32F7xx_HAL_Driver/Src/stm32f7xx_hal_dma.c **** {
 976:Drivers/STM32F7xx_HAL_Driver/Src/stm32f7xx_hal_dma.c **** 
 977:Drivers/STM32F7xx_HAL_Driver/Src/stm32f7xx_hal_dma.c ****   HAL_StatusTypeDef status = HAL_OK;
 978:Drivers/STM32F7xx_HAL_Driver/Src/stm32f7xx_hal_dma.c **** 
 979:Drivers/STM32F7xx_HAL_Driver/Src/stm32f7xx_hal_dma.c ****   /* Process locked */
 980:Drivers/STM32F7xx_HAL_Driver/Src/stm32f7xx_hal_dma.c ****   __HAL_LOCK(hdma);
 981:Drivers/STM32F7xx_HAL_Driver/Src/stm32f7xx_hal_dma.c **** 
 982:Drivers/STM32F7xx_HAL_Driver/Src/stm32f7xx_hal_dma.c ****   if(HAL_DMA_STATE_READY == hdma->State)
 983:Drivers/STM32F7xx_HAL_Driver/Src/stm32f7xx_hal_dma.c ****   {
 984:Drivers/STM32F7xx_HAL_Driver/Src/stm32f7xx_hal_dma.c ****     switch (CallbackID)
 985:Drivers/STM32F7xx_HAL_Driver/Src/stm32f7xx_hal_dma.c ****     {
 986:Drivers/STM32F7xx_HAL_Driver/Src/stm32f7xx_hal_dma.c ****     case  HAL_DMA_XFER_CPLT_CB_ID:
 987:Drivers/STM32F7xx_HAL_Driver/Src/stm32f7xx_hal_dma.c ****       hdma->XferCpltCallback = pCallback;
 988:Drivers/STM32F7xx_HAL_Driver/Src/stm32f7xx_hal_dma.c ****       break;
 989:Drivers/STM32F7xx_HAL_Driver/Src/stm32f7xx_hal_dma.c **** 
 990:Drivers/STM32F7xx_HAL_Driver/Src/stm32f7xx_hal_dma.c ****     case  HAL_DMA_XFER_HALFCPLT_CB_ID:
 991:Drivers/STM32F7xx_HAL_Driver/Src/stm32f7xx_hal_dma.c ****       hdma->XferHalfCpltCallback = pCallback;
 992:Drivers/STM32F7xx_HAL_Driver/Src/stm32f7xx_hal_dma.c ****       break;
 993:Drivers/STM32F7xx_HAL_Driver/Src/stm32f7xx_hal_dma.c **** 
 994:Drivers/STM32F7xx_HAL_Driver/Src/stm32f7xx_hal_dma.c ****     case  HAL_DMA_XFER_M1CPLT_CB_ID:
 995:Drivers/STM32F7xx_HAL_Driver/Src/stm32f7xx_hal_dma.c ****       hdma->XferM1CpltCallback = pCallback;
 996:Drivers/STM32F7xx_HAL_Driver/Src/stm32f7xx_hal_dma.c ****       break;
 997:Drivers/STM32F7xx_HAL_Driver/Src/stm32f7xx_hal_dma.c **** 
 998:Drivers/STM32F7xx_HAL_Driver/Src/stm32f7xx_hal_dma.c ****     case  HAL_DMA_XFER_M1HALFCPLT_CB_ID:
 999:Drivers/STM32F7xx_HAL_Driver/Src/stm32f7xx_hal_dma.c ****       hdma->XferM1HalfCpltCallback = pCallback;
1000:Drivers/STM32F7xx_HAL_Driver/Src/stm32f7xx_hal_dma.c ****       break;
ARM GAS  /tmp/cc6OwwRl.s 			page 19


1001:Drivers/STM32F7xx_HAL_Driver/Src/stm32f7xx_hal_dma.c **** 
1002:Drivers/STM32F7xx_HAL_Driver/Src/stm32f7xx_hal_dma.c ****     case  HAL_DMA_XFER_ERROR_CB_ID:
1003:Drivers/STM32F7xx_HAL_Driver/Src/stm32f7xx_hal_dma.c ****       hdma->XferErrorCallback = pCallback;
1004:Drivers/STM32F7xx_HAL_Driver/Src/stm32f7xx_hal_dma.c ****       break;
1005:Drivers/STM32F7xx_HAL_Driver/Src/stm32f7xx_hal_dma.c **** 
1006:Drivers/STM32F7xx_HAL_Driver/Src/stm32f7xx_hal_dma.c ****     case  HAL_DMA_XFER_ABORT_CB_ID:
1007:Drivers/STM32F7xx_HAL_Driver/Src/stm32f7xx_hal_dma.c ****       hdma->XferAbortCallback = pCallback;
1008:Drivers/STM32F7xx_HAL_Driver/Src/stm32f7xx_hal_dma.c ****       break;
1009:Drivers/STM32F7xx_HAL_Driver/Src/stm32f7xx_hal_dma.c **** 
1010:Drivers/STM32F7xx_HAL_Driver/Src/stm32f7xx_hal_dma.c ****     default:
1011:Drivers/STM32F7xx_HAL_Driver/Src/stm32f7xx_hal_dma.c ****       /* Return error status */
1012:Drivers/STM32F7xx_HAL_Driver/Src/stm32f7xx_hal_dma.c ****       status =  HAL_ERROR;
1013:Drivers/STM32F7xx_HAL_Driver/Src/stm32f7xx_hal_dma.c ****       break;
1014:Drivers/STM32F7xx_HAL_Driver/Src/stm32f7xx_hal_dma.c ****     }
1015:Drivers/STM32F7xx_HAL_Driver/Src/stm32f7xx_hal_dma.c ****   }
1016:Drivers/STM32F7xx_HAL_Driver/Src/stm32f7xx_hal_dma.c ****   else
1017:Drivers/STM32F7xx_HAL_Driver/Src/stm32f7xx_hal_dma.c ****   {
1018:Drivers/STM32F7xx_HAL_Driver/Src/stm32f7xx_hal_dma.c ****     /* Return error status */
1019:Drivers/STM32F7xx_HAL_Driver/Src/stm32f7xx_hal_dma.c ****     status =  HAL_ERROR;
1020:Drivers/STM32F7xx_HAL_Driver/Src/stm32f7xx_hal_dma.c ****   }
1021:Drivers/STM32F7xx_HAL_Driver/Src/stm32f7xx_hal_dma.c **** 
1022:Drivers/STM32F7xx_HAL_Driver/Src/stm32f7xx_hal_dma.c ****   /* Release Lock */
1023:Drivers/STM32F7xx_HAL_Driver/Src/stm32f7xx_hal_dma.c ****   __HAL_UNLOCK(hdma);
1024:Drivers/STM32F7xx_HAL_Driver/Src/stm32f7xx_hal_dma.c ****   
1025:Drivers/STM32F7xx_HAL_Driver/Src/stm32f7xx_hal_dma.c ****   return status;
1026:Drivers/STM32F7xx_HAL_Driver/Src/stm32f7xx_hal_dma.c **** }
1027:Drivers/STM32F7xx_HAL_Driver/Src/stm32f7xx_hal_dma.c **** 
1028:Drivers/STM32F7xx_HAL_Driver/Src/stm32f7xx_hal_dma.c **** /**
1029:Drivers/STM32F7xx_HAL_Driver/Src/stm32f7xx_hal_dma.c ****   * @brief  UnRegister callbacks
1030:Drivers/STM32F7xx_HAL_Driver/Src/stm32f7xx_hal_dma.c ****   * @param  hdma                 pointer to a DMA_HandleTypeDef structure that contains
1031:Drivers/STM32F7xx_HAL_Driver/Src/stm32f7xx_hal_dma.c ****   *                               the configuration information for the specified DMA Stream.
1032:Drivers/STM32F7xx_HAL_Driver/Src/stm32f7xx_hal_dma.c ****   * @param  CallbackID           User Callback identifier
1033:Drivers/STM32F7xx_HAL_Driver/Src/stm32f7xx_hal_dma.c ****   *                               a HAL_DMA_CallbackIDTypeDef ENUM as parameter.
1034:Drivers/STM32F7xx_HAL_Driver/Src/stm32f7xx_hal_dma.c ****   * @retval HAL status
1035:Drivers/STM32F7xx_HAL_Driver/Src/stm32f7xx_hal_dma.c ****   */              
1036:Drivers/STM32F7xx_HAL_Driver/Src/stm32f7xx_hal_dma.c **** HAL_StatusTypeDef HAL_DMA_UnRegisterCallback(DMA_HandleTypeDef *hdma, HAL_DMA_CallbackIDTypeDef Cal
1037:Drivers/STM32F7xx_HAL_Driver/Src/stm32f7xx_hal_dma.c **** {
1038:Drivers/STM32F7xx_HAL_Driver/Src/stm32f7xx_hal_dma.c ****   HAL_StatusTypeDef status = HAL_OK;
1039:Drivers/STM32F7xx_HAL_Driver/Src/stm32f7xx_hal_dma.c ****   
1040:Drivers/STM32F7xx_HAL_Driver/Src/stm32f7xx_hal_dma.c ****   /* Process locked */
1041:Drivers/STM32F7xx_HAL_Driver/Src/stm32f7xx_hal_dma.c ****   __HAL_LOCK(hdma);
1042:Drivers/STM32F7xx_HAL_Driver/Src/stm32f7xx_hal_dma.c ****   
1043:Drivers/STM32F7xx_HAL_Driver/Src/stm32f7xx_hal_dma.c ****   if(HAL_DMA_STATE_READY == hdma->State)
1044:Drivers/STM32F7xx_HAL_Driver/Src/stm32f7xx_hal_dma.c ****   {
1045:Drivers/STM32F7xx_HAL_Driver/Src/stm32f7xx_hal_dma.c ****     switch (CallbackID)
1046:Drivers/STM32F7xx_HAL_Driver/Src/stm32f7xx_hal_dma.c ****     {
1047:Drivers/STM32F7xx_HAL_Driver/Src/stm32f7xx_hal_dma.c ****     case  HAL_DMA_XFER_CPLT_CB_ID:
1048:Drivers/STM32F7xx_HAL_Driver/Src/stm32f7xx_hal_dma.c ****       hdma->XferCpltCallback = NULL;
1049:Drivers/STM32F7xx_HAL_Driver/Src/stm32f7xx_hal_dma.c ****       break;
1050:Drivers/STM32F7xx_HAL_Driver/Src/stm32f7xx_hal_dma.c ****       
1051:Drivers/STM32F7xx_HAL_Driver/Src/stm32f7xx_hal_dma.c ****     case  HAL_DMA_XFER_HALFCPLT_CB_ID:
1052:Drivers/STM32F7xx_HAL_Driver/Src/stm32f7xx_hal_dma.c ****       hdma->XferHalfCpltCallback = NULL;
1053:Drivers/STM32F7xx_HAL_Driver/Src/stm32f7xx_hal_dma.c ****       break;
1054:Drivers/STM32F7xx_HAL_Driver/Src/stm32f7xx_hal_dma.c ****       
1055:Drivers/STM32F7xx_HAL_Driver/Src/stm32f7xx_hal_dma.c ****     case  HAL_DMA_XFER_M1CPLT_CB_ID:
1056:Drivers/STM32F7xx_HAL_Driver/Src/stm32f7xx_hal_dma.c ****       hdma->XferM1CpltCallback = NULL;
1057:Drivers/STM32F7xx_HAL_Driver/Src/stm32f7xx_hal_dma.c ****       break;
ARM GAS  /tmp/cc6OwwRl.s 			page 20


1058:Drivers/STM32F7xx_HAL_Driver/Src/stm32f7xx_hal_dma.c ****       
1059:Drivers/STM32F7xx_HAL_Driver/Src/stm32f7xx_hal_dma.c ****     case  HAL_DMA_XFER_M1HALFCPLT_CB_ID:
1060:Drivers/STM32F7xx_HAL_Driver/Src/stm32f7xx_hal_dma.c ****       hdma->XferM1HalfCpltCallback = NULL;
1061:Drivers/STM32F7xx_HAL_Driver/Src/stm32f7xx_hal_dma.c ****       break;
1062:Drivers/STM32F7xx_HAL_Driver/Src/stm32f7xx_hal_dma.c ****       
1063:Drivers/STM32F7xx_HAL_Driver/Src/stm32f7xx_hal_dma.c ****     case  HAL_DMA_XFER_ERROR_CB_ID:
1064:Drivers/STM32F7xx_HAL_Driver/Src/stm32f7xx_hal_dma.c ****       hdma->XferErrorCallback = NULL;
1065:Drivers/STM32F7xx_HAL_Driver/Src/stm32f7xx_hal_dma.c ****       break;
1066:Drivers/STM32F7xx_HAL_Driver/Src/stm32f7xx_hal_dma.c ****       
1067:Drivers/STM32F7xx_HAL_Driver/Src/stm32f7xx_hal_dma.c ****     case  HAL_DMA_XFER_ABORT_CB_ID:
1068:Drivers/STM32F7xx_HAL_Driver/Src/stm32f7xx_hal_dma.c ****       hdma->XferAbortCallback = NULL;
1069:Drivers/STM32F7xx_HAL_Driver/Src/stm32f7xx_hal_dma.c ****       break; 
1070:Drivers/STM32F7xx_HAL_Driver/Src/stm32f7xx_hal_dma.c ****       
1071:Drivers/STM32F7xx_HAL_Driver/Src/stm32f7xx_hal_dma.c ****     case   HAL_DMA_XFER_ALL_CB_ID:
1072:Drivers/STM32F7xx_HAL_Driver/Src/stm32f7xx_hal_dma.c ****       hdma->XferCpltCallback = NULL;
1073:Drivers/STM32F7xx_HAL_Driver/Src/stm32f7xx_hal_dma.c ****       hdma->XferHalfCpltCallback = NULL;
1074:Drivers/STM32F7xx_HAL_Driver/Src/stm32f7xx_hal_dma.c ****       hdma->XferM1CpltCallback = NULL;
1075:Drivers/STM32F7xx_HAL_Driver/Src/stm32f7xx_hal_dma.c ****       hdma->XferM1HalfCpltCallback = NULL;
1076:Drivers/STM32F7xx_HAL_Driver/Src/stm32f7xx_hal_dma.c ****       hdma->XferErrorCallback = NULL;
1077:Drivers/STM32F7xx_HAL_Driver/Src/stm32f7xx_hal_dma.c ****       hdma->XferAbortCallback = NULL;
1078:Drivers/STM32F7xx_HAL_Driver/Src/stm32f7xx_hal_dma.c ****       break; 
1079:Drivers/STM32F7xx_HAL_Driver/Src/stm32f7xx_hal_dma.c ****       
1080:Drivers/STM32F7xx_HAL_Driver/Src/stm32f7xx_hal_dma.c ****     default:
1081:Drivers/STM32F7xx_HAL_Driver/Src/stm32f7xx_hal_dma.c ****       status = HAL_ERROR;
1082:Drivers/STM32F7xx_HAL_Driver/Src/stm32f7xx_hal_dma.c ****       break;
1083:Drivers/STM32F7xx_HAL_Driver/Src/stm32f7xx_hal_dma.c ****     }
1084:Drivers/STM32F7xx_HAL_Driver/Src/stm32f7xx_hal_dma.c ****   }
1085:Drivers/STM32F7xx_HAL_Driver/Src/stm32f7xx_hal_dma.c ****   else
1086:Drivers/STM32F7xx_HAL_Driver/Src/stm32f7xx_hal_dma.c ****   {
1087:Drivers/STM32F7xx_HAL_Driver/Src/stm32f7xx_hal_dma.c ****     status = HAL_ERROR;
1088:Drivers/STM32F7xx_HAL_Driver/Src/stm32f7xx_hal_dma.c ****   }
1089:Drivers/STM32F7xx_HAL_Driver/Src/stm32f7xx_hal_dma.c ****   
1090:Drivers/STM32F7xx_HAL_Driver/Src/stm32f7xx_hal_dma.c ****   /* Release Lock */
1091:Drivers/STM32F7xx_HAL_Driver/Src/stm32f7xx_hal_dma.c ****   __HAL_UNLOCK(hdma);
1092:Drivers/STM32F7xx_HAL_Driver/Src/stm32f7xx_hal_dma.c ****   
1093:Drivers/STM32F7xx_HAL_Driver/Src/stm32f7xx_hal_dma.c ****   return status;
1094:Drivers/STM32F7xx_HAL_Driver/Src/stm32f7xx_hal_dma.c **** }
1095:Drivers/STM32F7xx_HAL_Driver/Src/stm32f7xx_hal_dma.c **** 
1096:Drivers/STM32F7xx_HAL_Driver/Src/stm32f7xx_hal_dma.c **** /**
1097:Drivers/STM32F7xx_HAL_Driver/Src/stm32f7xx_hal_dma.c ****   * @}
1098:Drivers/STM32F7xx_HAL_Driver/Src/stm32f7xx_hal_dma.c ****   */
1099:Drivers/STM32F7xx_HAL_Driver/Src/stm32f7xx_hal_dma.c **** 
1100:Drivers/STM32F7xx_HAL_Driver/Src/stm32f7xx_hal_dma.c **** /** @addtogroup DMA_Exported_Functions_Group3
1101:Drivers/STM32F7xx_HAL_Driver/Src/stm32f7xx_hal_dma.c ****   *
1102:Drivers/STM32F7xx_HAL_Driver/Src/stm32f7xx_hal_dma.c **** @verbatim
1103:Drivers/STM32F7xx_HAL_Driver/Src/stm32f7xx_hal_dma.c ****  ===============================================================================
1104:Drivers/STM32F7xx_HAL_Driver/Src/stm32f7xx_hal_dma.c ****                     ##### State and Errors functions #####
1105:Drivers/STM32F7xx_HAL_Driver/Src/stm32f7xx_hal_dma.c ****  ===============================================================================
1106:Drivers/STM32F7xx_HAL_Driver/Src/stm32f7xx_hal_dma.c ****     [..]
1107:Drivers/STM32F7xx_HAL_Driver/Src/stm32f7xx_hal_dma.c ****     This subsection provides functions allowing to
1108:Drivers/STM32F7xx_HAL_Driver/Src/stm32f7xx_hal_dma.c ****       (+) Check the DMA state
1109:Drivers/STM32F7xx_HAL_Driver/Src/stm32f7xx_hal_dma.c ****       (+) Get error code
1110:Drivers/STM32F7xx_HAL_Driver/Src/stm32f7xx_hal_dma.c **** 
1111:Drivers/STM32F7xx_HAL_Driver/Src/stm32f7xx_hal_dma.c **** @endverbatim
1112:Drivers/STM32F7xx_HAL_Driver/Src/stm32f7xx_hal_dma.c ****   * @{
1113:Drivers/STM32F7xx_HAL_Driver/Src/stm32f7xx_hal_dma.c ****   */
1114:Drivers/STM32F7xx_HAL_Driver/Src/stm32f7xx_hal_dma.c **** 
ARM GAS  /tmp/cc6OwwRl.s 			page 21


1115:Drivers/STM32F7xx_HAL_Driver/Src/stm32f7xx_hal_dma.c **** /**
1116:Drivers/STM32F7xx_HAL_Driver/Src/stm32f7xx_hal_dma.c ****   * @brief  Returns the DMA state.
1117:Drivers/STM32F7xx_HAL_Driver/Src/stm32f7xx_hal_dma.c ****   * @param  hdma pointer to a DMA_HandleTypeDef structure that contains
1118:Drivers/STM32F7xx_HAL_Driver/Src/stm32f7xx_hal_dma.c ****   *               the configuration information for the specified DMA Stream.
1119:Drivers/STM32F7xx_HAL_Driver/Src/stm32f7xx_hal_dma.c ****   * @retval HAL state
1120:Drivers/STM32F7xx_HAL_Driver/Src/stm32f7xx_hal_dma.c ****   */
1121:Drivers/STM32F7xx_HAL_Driver/Src/stm32f7xx_hal_dma.c **** HAL_DMA_StateTypeDef HAL_DMA_GetState(DMA_HandleTypeDef *hdma)
1122:Drivers/STM32F7xx_HAL_Driver/Src/stm32f7xx_hal_dma.c **** {
1123:Drivers/STM32F7xx_HAL_Driver/Src/stm32f7xx_hal_dma.c ****   return hdma->State;
1124:Drivers/STM32F7xx_HAL_Driver/Src/stm32f7xx_hal_dma.c **** }
1125:Drivers/STM32F7xx_HAL_Driver/Src/stm32f7xx_hal_dma.c **** 
1126:Drivers/STM32F7xx_HAL_Driver/Src/stm32f7xx_hal_dma.c **** /**
1127:Drivers/STM32F7xx_HAL_Driver/Src/stm32f7xx_hal_dma.c ****   * @brief  Return the DMA error code
1128:Drivers/STM32F7xx_HAL_Driver/Src/stm32f7xx_hal_dma.c ****   * @param  hdma  pointer to a DMA_HandleTypeDef structure that contains
1129:Drivers/STM32F7xx_HAL_Driver/Src/stm32f7xx_hal_dma.c ****   *              the configuration information for the specified DMA Stream.
1130:Drivers/STM32F7xx_HAL_Driver/Src/stm32f7xx_hal_dma.c ****   * @retval DMA Error Code
1131:Drivers/STM32F7xx_HAL_Driver/Src/stm32f7xx_hal_dma.c ****   */
1132:Drivers/STM32F7xx_HAL_Driver/Src/stm32f7xx_hal_dma.c **** uint32_t HAL_DMA_GetError(DMA_HandleTypeDef *hdma)
1133:Drivers/STM32F7xx_HAL_Driver/Src/stm32f7xx_hal_dma.c **** {
1134:Drivers/STM32F7xx_HAL_Driver/Src/stm32f7xx_hal_dma.c ****   return hdma->ErrorCode;
1135:Drivers/STM32F7xx_HAL_Driver/Src/stm32f7xx_hal_dma.c **** }
1136:Drivers/STM32F7xx_HAL_Driver/Src/stm32f7xx_hal_dma.c **** 
1137:Drivers/STM32F7xx_HAL_Driver/Src/stm32f7xx_hal_dma.c **** /**
1138:Drivers/STM32F7xx_HAL_Driver/Src/stm32f7xx_hal_dma.c ****   * @}
1139:Drivers/STM32F7xx_HAL_Driver/Src/stm32f7xx_hal_dma.c ****   */
1140:Drivers/STM32F7xx_HAL_Driver/Src/stm32f7xx_hal_dma.c **** 
1141:Drivers/STM32F7xx_HAL_Driver/Src/stm32f7xx_hal_dma.c **** /**
1142:Drivers/STM32F7xx_HAL_Driver/Src/stm32f7xx_hal_dma.c ****   * @}
1143:Drivers/STM32F7xx_HAL_Driver/Src/stm32f7xx_hal_dma.c ****   */
1144:Drivers/STM32F7xx_HAL_Driver/Src/stm32f7xx_hal_dma.c **** 
1145:Drivers/STM32F7xx_HAL_Driver/Src/stm32f7xx_hal_dma.c **** /** @addtogroup DMA_Private_Functions
1146:Drivers/STM32F7xx_HAL_Driver/Src/stm32f7xx_hal_dma.c ****   * @{
1147:Drivers/STM32F7xx_HAL_Driver/Src/stm32f7xx_hal_dma.c ****   */
1148:Drivers/STM32F7xx_HAL_Driver/Src/stm32f7xx_hal_dma.c **** 
1149:Drivers/STM32F7xx_HAL_Driver/Src/stm32f7xx_hal_dma.c **** /**
1150:Drivers/STM32F7xx_HAL_Driver/Src/stm32f7xx_hal_dma.c ****   * @brief  Sets the DMA Transfer parameter.
1151:Drivers/STM32F7xx_HAL_Driver/Src/stm32f7xx_hal_dma.c ****   * @param  hdma       pointer to a DMA_HandleTypeDef structure that contains
1152:Drivers/STM32F7xx_HAL_Driver/Src/stm32f7xx_hal_dma.c ****   *                     the configuration information for the specified DMA Stream.
1153:Drivers/STM32F7xx_HAL_Driver/Src/stm32f7xx_hal_dma.c ****   * @param  SrcAddress The source memory Buffer address
1154:Drivers/STM32F7xx_HAL_Driver/Src/stm32f7xx_hal_dma.c ****   * @param  DstAddress The destination memory Buffer address
1155:Drivers/STM32F7xx_HAL_Driver/Src/stm32f7xx_hal_dma.c ****   * @param  DataLength The length of data to be transferred from source to destination
1156:Drivers/STM32F7xx_HAL_Driver/Src/stm32f7xx_hal_dma.c ****   * @retval HAL status
1157:Drivers/STM32F7xx_HAL_Driver/Src/stm32f7xx_hal_dma.c ****   */
1158:Drivers/STM32F7xx_HAL_Driver/Src/stm32f7xx_hal_dma.c **** static void DMA_SetConfig(DMA_HandleTypeDef *hdma, uint32_t SrcAddress, uint32_t DstAddress, uint32
1159:Drivers/STM32F7xx_HAL_Driver/Src/stm32f7xx_hal_dma.c **** {
  28              		.loc 1 1159 1 view -0
  29              		.cfi_startproc
  30              		@ args = 0, pretend = 0, frame = 0
  31              		@ frame_needed = 0, uses_anonymous_args = 0
  32              		@ link register save eliminated.
  33              		.loc 1 1159 1 is_stmt 0 view .LVU1
  34 0000 30B4     		push	{r4, r5}
  35              	.LCFI0:
  36              		.cfi_def_cfa_offset 8
  37              		.cfi_offset 4, -8
  38              		.cfi_offset 5, -4
1160:Drivers/STM32F7xx_HAL_Driver/Src/stm32f7xx_hal_dma.c ****   /* Clear DBM bit */
ARM GAS  /tmp/cc6OwwRl.s 			page 22


1161:Drivers/STM32F7xx_HAL_Driver/Src/stm32f7xx_hal_dma.c ****   hdma->Instance->CR &= (uint32_t)(~DMA_SxCR_DBM);
  39              		.loc 1 1161 3 is_stmt 1 view .LVU2
  40              		.loc 1 1161 7 is_stmt 0 view .LVU3
  41 0002 0568     		ldr	r5, [r0]
  42              		.loc 1 1161 17 view .LVU4
  43 0004 2C68     		ldr	r4, [r5]
  44              		.loc 1 1161 22 view .LVU5
  45 0006 24F48024 		bic	r4, r4, #262144
  46 000a 2C60     		str	r4, [r5]
1162:Drivers/STM32F7xx_HAL_Driver/Src/stm32f7xx_hal_dma.c **** 
1163:Drivers/STM32F7xx_HAL_Driver/Src/stm32f7xx_hal_dma.c ****   /* Configure DMA Stream data length */
1164:Drivers/STM32F7xx_HAL_Driver/Src/stm32f7xx_hal_dma.c ****   hdma->Instance->NDTR = DataLength;
  47              		.loc 1 1164 3 is_stmt 1 view .LVU6
  48              		.loc 1 1164 7 is_stmt 0 view .LVU7
  49 000c 0468     		ldr	r4, [r0]
  50              		.loc 1 1164 24 view .LVU8
  51 000e 6360     		str	r3, [r4, #4]
1165:Drivers/STM32F7xx_HAL_Driver/Src/stm32f7xx_hal_dma.c **** 
1166:Drivers/STM32F7xx_HAL_Driver/Src/stm32f7xx_hal_dma.c ****   /* Memory to Peripheral */
1167:Drivers/STM32F7xx_HAL_Driver/Src/stm32f7xx_hal_dma.c ****   if((hdma->Init.Direction) == DMA_MEMORY_TO_PERIPH)
  52              		.loc 1 1167 3 is_stmt 1 view .LVU9
  53              		.loc 1 1167 17 is_stmt 0 view .LVU10
  54 0010 8368     		ldr	r3, [r0, #8]
  55              	.LVL1:
  56              		.loc 1 1167 5 view .LVU11
  57 0012 402B     		cmp	r3, #64
  58 0014 05D0     		beq	.L5
1168:Drivers/STM32F7xx_HAL_Driver/Src/stm32f7xx_hal_dma.c ****   {
1169:Drivers/STM32F7xx_HAL_Driver/Src/stm32f7xx_hal_dma.c ****     /* Configure DMA Stream destination address */
1170:Drivers/STM32F7xx_HAL_Driver/Src/stm32f7xx_hal_dma.c ****     hdma->Instance->PAR = DstAddress;
1171:Drivers/STM32F7xx_HAL_Driver/Src/stm32f7xx_hal_dma.c **** 
1172:Drivers/STM32F7xx_HAL_Driver/Src/stm32f7xx_hal_dma.c ****     /* Configure DMA Stream source address */
1173:Drivers/STM32F7xx_HAL_Driver/Src/stm32f7xx_hal_dma.c ****     hdma->Instance->M0AR = SrcAddress;
1174:Drivers/STM32F7xx_HAL_Driver/Src/stm32f7xx_hal_dma.c ****   }
1175:Drivers/STM32F7xx_HAL_Driver/Src/stm32f7xx_hal_dma.c ****   /* Peripheral to Memory */
1176:Drivers/STM32F7xx_HAL_Driver/Src/stm32f7xx_hal_dma.c ****   else
1177:Drivers/STM32F7xx_HAL_Driver/Src/stm32f7xx_hal_dma.c ****   {
1178:Drivers/STM32F7xx_HAL_Driver/Src/stm32f7xx_hal_dma.c ****     /* Configure DMA Stream source address */
1179:Drivers/STM32F7xx_HAL_Driver/Src/stm32f7xx_hal_dma.c ****     hdma->Instance->PAR = SrcAddress;
  59              		.loc 1 1179 5 is_stmt 1 view .LVU12
  60              		.loc 1 1179 9 is_stmt 0 view .LVU13
  61 0016 0368     		ldr	r3, [r0]
  62              		.loc 1 1179 25 view .LVU14
  63 0018 9960     		str	r1, [r3, #8]
  64              	.LVL2:
1180:Drivers/STM32F7xx_HAL_Driver/Src/stm32f7xx_hal_dma.c **** 
1181:Drivers/STM32F7xx_HAL_Driver/Src/stm32f7xx_hal_dma.c ****     /* Configure DMA Stream destination address */
1182:Drivers/STM32F7xx_HAL_Driver/Src/stm32f7xx_hal_dma.c ****     hdma->Instance->M0AR = DstAddress;
  65              		.loc 1 1182 5 is_stmt 1 view .LVU15
  66              		.loc 1 1182 9 is_stmt 0 view .LVU16
  67 001a 0368     		ldr	r3, [r0]
  68              		.loc 1 1182 26 view .LVU17
  69 001c DA60     		str	r2, [r3, #12]
  70              	.L1:
1183:Drivers/STM32F7xx_HAL_Driver/Src/stm32f7xx_hal_dma.c ****   }
1184:Drivers/STM32F7xx_HAL_Driver/Src/stm32f7xx_hal_dma.c **** }
  71              		.loc 1 1184 1 view .LVU18
ARM GAS  /tmp/cc6OwwRl.s 			page 23


  72 001e 30BC     		pop	{r4, r5}
  73              	.LCFI1:
  74              		.cfi_remember_state
  75              		.cfi_restore 5
  76              		.cfi_restore 4
  77              		.cfi_def_cfa_offset 0
  78 0020 7047     		bx	lr
  79              	.LVL3:
  80              	.L5:
  81              	.LCFI2:
  82              		.cfi_restore_state
1170:Drivers/STM32F7xx_HAL_Driver/Src/stm32f7xx_hal_dma.c **** 
  83              		.loc 1 1170 5 is_stmt 1 view .LVU19
1170:Drivers/STM32F7xx_HAL_Driver/Src/stm32f7xx_hal_dma.c **** 
  84              		.loc 1 1170 9 is_stmt 0 view .LVU20
  85 0022 0368     		ldr	r3, [r0]
1170:Drivers/STM32F7xx_HAL_Driver/Src/stm32f7xx_hal_dma.c **** 
  86              		.loc 1 1170 25 view .LVU21
  87 0024 9A60     		str	r2, [r3, #8]
  88              	.LVL4:
1173:Drivers/STM32F7xx_HAL_Driver/Src/stm32f7xx_hal_dma.c ****   }
  89              		.loc 1 1173 5 is_stmt 1 view .LVU22
1173:Drivers/STM32F7xx_HAL_Driver/Src/stm32f7xx_hal_dma.c ****   }
  90              		.loc 1 1173 9 is_stmt 0 view .LVU23
  91 0026 0368     		ldr	r3, [r0]
1173:Drivers/STM32F7xx_HAL_Driver/Src/stm32f7xx_hal_dma.c ****   }
  92              		.loc 1 1173 26 view .LVU24
  93 0028 D960     		str	r1, [r3, #12]
  94 002a F8E7     		b	.L1
  95              		.cfi_endproc
  96              	.LFE153:
  98              		.section	.text.DMA_CalcBaseAndBitshift,"ax",%progbits
  99              		.align	1
 100              		.syntax unified
 101              		.thumb
 102              		.thumb_func
 104              	DMA_CalcBaseAndBitshift:
 105              	.LVL5:
 106              	.LFB154:
1185:Drivers/STM32F7xx_HAL_Driver/Src/stm32f7xx_hal_dma.c **** 
1186:Drivers/STM32F7xx_HAL_Driver/Src/stm32f7xx_hal_dma.c **** /**
1187:Drivers/STM32F7xx_HAL_Driver/Src/stm32f7xx_hal_dma.c ****   * @brief  Returns the DMA Stream base address depending on stream number
1188:Drivers/STM32F7xx_HAL_Driver/Src/stm32f7xx_hal_dma.c ****   * @param  hdma       pointer to a DMA_HandleTypeDef structure that contains
1189:Drivers/STM32F7xx_HAL_Driver/Src/stm32f7xx_hal_dma.c ****   *                     the configuration information for the specified DMA Stream. 
1190:Drivers/STM32F7xx_HAL_Driver/Src/stm32f7xx_hal_dma.c ****   * @retval Stream base address
1191:Drivers/STM32F7xx_HAL_Driver/Src/stm32f7xx_hal_dma.c ****   */
1192:Drivers/STM32F7xx_HAL_Driver/Src/stm32f7xx_hal_dma.c **** static uint32_t DMA_CalcBaseAndBitshift(DMA_HandleTypeDef *hdma)
1193:Drivers/STM32F7xx_HAL_Driver/Src/stm32f7xx_hal_dma.c **** {
 107              		.loc 1 1193 1 is_stmt 1 view -0
 108              		.cfi_startproc
 109              		@ args = 0, pretend = 0, frame = 0
 110              		@ frame_needed = 0, uses_anonymous_args = 0
 111              		@ link register save eliminated.
 112              		.loc 1 1193 1 is_stmt 0 view .LVU26
 113 0000 10B4     		push	{r4}
 114              	.LCFI3:
 115              		.cfi_def_cfa_offset 4
ARM GAS  /tmp/cc6OwwRl.s 			page 24


 116              		.cfi_offset 4, -4
1194:Drivers/STM32F7xx_HAL_Driver/Src/stm32f7xx_hal_dma.c ****   uint32_t stream_number = (((uint32_t)hdma->Instance & 0xFFU) - 16U) / 24U;
 117              		.loc 1 1194 3 is_stmt 1 view .LVU27
 118              		.loc 1 1194 44 is_stmt 0 view .LVU28
 119 0002 0168     		ldr	r1, [r0]
 120              		.loc 1 1194 55 view .LVU29
 121 0004 CAB2     		uxtb	r2, r1
 122              		.loc 1 1194 64 view .LVU30
 123 0006 103A     		subs	r2, r2, #16
 124              		.loc 1 1194 12 view .LVU31
 125 0008 0A4B     		ldr	r3, .L10
 126 000a A3FB0243 		umull	r4, r3, r3, r2
 127 000e 1B09     		lsrs	r3, r3, #4
 128              	.LVL6:
1195:Drivers/STM32F7xx_HAL_Driver/Src/stm32f7xx_hal_dma.c ****   
1196:Drivers/STM32F7xx_HAL_Driver/Src/stm32f7xx_hal_dma.c ****   /* lookup table for necessary bitshift of flags within status registers */
1197:Drivers/STM32F7xx_HAL_Driver/Src/stm32f7xx_hal_dma.c ****   static const uint8_t flagBitshiftOffset[8U] = {0U, 6U, 16U, 22U, 0U, 6U, 16U, 22U};
 129              		.loc 1 1197 3 is_stmt 1 view .LVU32
1198:Drivers/STM32F7xx_HAL_Driver/Src/stm32f7xx_hal_dma.c ****   hdma->StreamIndex = flagBitshiftOffset[stream_number];
 130              		.loc 1 1198 3 view .LVU33
 131              		.loc 1 1198 41 is_stmt 0 view .LVU34
 132 0010 094C     		ldr	r4, .L10+4
 133 0012 E35C     		ldrb	r3, [r4, r3]	@ zero_extendqisi2
 134              	.LVL7:
 135              		.loc 1 1198 21 view .LVU35
 136 0014 C365     		str	r3, [r0, #92]
1199:Drivers/STM32F7xx_HAL_Driver/Src/stm32f7xx_hal_dma.c ****   
1200:Drivers/STM32F7xx_HAL_Driver/Src/stm32f7xx_hal_dma.c ****   if (stream_number > 3U)
 137              		.loc 1 1200 3 is_stmt 1 view .LVU36
 138              		.loc 1 1200 6 is_stmt 0 view .LVU37
 139 0016 5F2A     		cmp	r2, #95
 140 0018 07D9     		bls	.L7
1201:Drivers/STM32F7xx_HAL_Driver/Src/stm32f7xx_hal_dma.c ****   {
1202:Drivers/STM32F7xx_HAL_Driver/Src/stm32f7xx_hal_dma.c ****     /* return pointer to HISR and HIFCR */
1203:Drivers/STM32F7xx_HAL_Driver/Src/stm32f7xx_hal_dma.c ****     hdma->StreamBaseAddress = (((uint32_t)hdma->Instance & (uint32_t)(~0x3FFU)) + 4U);
 141              		.loc 1 1203 5 is_stmt 1 view .LVU38
 142              		.loc 1 1203 58 is_stmt 0 view .LVU39
 143 001a 084B     		ldr	r3, .L10+8
 144 001c 0B40     		ands	r3, r3, r1
 145              		.loc 1 1203 81 view .LVU40
 146 001e 0433     		adds	r3, r3, #4
 147              		.loc 1 1203 29 view .LVU41
 148 0020 8365     		str	r3, [r0, #88]
 149              	.L8:
1204:Drivers/STM32F7xx_HAL_Driver/Src/stm32f7xx_hal_dma.c ****   }
1205:Drivers/STM32F7xx_HAL_Driver/Src/stm32f7xx_hal_dma.c ****   else
1206:Drivers/STM32F7xx_HAL_Driver/Src/stm32f7xx_hal_dma.c ****   {
1207:Drivers/STM32F7xx_HAL_Driver/Src/stm32f7xx_hal_dma.c ****     /* return pointer to LISR and LIFCR */
1208:Drivers/STM32F7xx_HAL_Driver/Src/stm32f7xx_hal_dma.c ****     hdma->StreamBaseAddress = ((uint32_t)hdma->Instance & (uint32_t)(~0x3FFU));
1209:Drivers/STM32F7xx_HAL_Driver/Src/stm32f7xx_hal_dma.c ****   }
1210:Drivers/STM32F7xx_HAL_Driver/Src/stm32f7xx_hal_dma.c ****   
1211:Drivers/STM32F7xx_HAL_Driver/Src/stm32f7xx_hal_dma.c ****   return hdma->StreamBaseAddress;
 150              		.loc 1 1211 3 is_stmt 1 view .LVU42
1212:Drivers/STM32F7xx_HAL_Driver/Src/stm32f7xx_hal_dma.c **** }
 151              		.loc 1 1212 1 is_stmt 0 view .LVU43
 152 0022 806D     		ldr	r0, [r0, #88]
 153              	.LVL8:
ARM GAS  /tmp/cc6OwwRl.s 			page 25


 154              		.loc 1 1212 1 view .LVU44
 155 0024 5DF8044B 		ldr	r4, [sp], #4
 156              	.LCFI4:
 157              		.cfi_remember_state
 158              		.cfi_restore 4
 159              		.cfi_def_cfa_offset 0
 160 0028 7047     		bx	lr
 161              	.LVL9:
 162              	.L7:
 163              	.LCFI5:
 164              		.cfi_restore_state
1208:Drivers/STM32F7xx_HAL_Driver/Src/stm32f7xx_hal_dma.c ****   }
 165              		.loc 1 1208 5 is_stmt 1 view .LVU45
1208:Drivers/STM32F7xx_HAL_Driver/Src/stm32f7xx_hal_dma.c ****   }
 166              		.loc 1 1208 57 is_stmt 0 view .LVU46
 167 002a 044B     		ldr	r3, .L10+8
 168 002c 0B40     		ands	r3, r3, r1
1208:Drivers/STM32F7xx_HAL_Driver/Src/stm32f7xx_hal_dma.c ****   }
 169              		.loc 1 1208 29 view .LVU47
 170 002e 8365     		str	r3, [r0, #88]
 171 0030 F7E7     		b	.L8
 172              	.L11:
 173 0032 00BF     		.align	2
 174              	.L10:
 175 0034 ABAAAAAA 		.word	-1431655765
 176 0038 00000000 		.word	flagBitshiftOffset.0
 177 003c 00FCFFFF 		.word	-1024
 178              		.cfi_endproc
 179              	.LFE154:
 181              		.section	.text.DMA_CheckFifoParam,"ax",%progbits
 182              		.align	1
 183              		.syntax unified
 184              		.thumb
 185              		.thumb_func
 187              	DMA_CheckFifoParam:
 188              	.LVL10:
 189              	.LFB155:
1213:Drivers/STM32F7xx_HAL_Driver/Src/stm32f7xx_hal_dma.c **** 
1214:Drivers/STM32F7xx_HAL_Driver/Src/stm32f7xx_hal_dma.c **** /**
1215:Drivers/STM32F7xx_HAL_Driver/Src/stm32f7xx_hal_dma.c ****   * @brief  Check compatibility between FIFO threshold level and size of the memory burst
1216:Drivers/STM32F7xx_HAL_Driver/Src/stm32f7xx_hal_dma.c ****   * @param  hdma       pointer to a DMA_HandleTypeDef structure that contains
1217:Drivers/STM32F7xx_HAL_Driver/Src/stm32f7xx_hal_dma.c ****   *                     the configuration information for the specified DMA Stream. 
1218:Drivers/STM32F7xx_HAL_Driver/Src/stm32f7xx_hal_dma.c ****   * @retval HAL status
1219:Drivers/STM32F7xx_HAL_Driver/Src/stm32f7xx_hal_dma.c ****   */
1220:Drivers/STM32F7xx_HAL_Driver/Src/stm32f7xx_hal_dma.c **** static HAL_StatusTypeDef DMA_CheckFifoParam(DMA_HandleTypeDef *hdma)
1221:Drivers/STM32F7xx_HAL_Driver/Src/stm32f7xx_hal_dma.c **** {
 190              		.loc 1 1221 1 is_stmt 1 view -0
 191              		.cfi_startproc
 192              		@ args = 0, pretend = 0, frame = 0
 193              		@ frame_needed = 0, uses_anonymous_args = 0
 194              		@ link register save eliminated.
1222:Drivers/STM32F7xx_HAL_Driver/Src/stm32f7xx_hal_dma.c ****   HAL_StatusTypeDef status = HAL_OK;
 195              		.loc 1 1222 3 view .LVU49
1223:Drivers/STM32F7xx_HAL_Driver/Src/stm32f7xx_hal_dma.c ****   uint32_t tmp = hdma->Init.FIFOThreshold;
 196              		.loc 1 1223 3 view .LVU50
 197              		.loc 1 1223 12 is_stmt 0 view .LVU51
 198 0000 836A     		ldr	r3, [r0, #40]
ARM GAS  /tmp/cc6OwwRl.s 			page 26


 199              	.LVL11:
1224:Drivers/STM32F7xx_HAL_Driver/Src/stm32f7xx_hal_dma.c ****   
1225:Drivers/STM32F7xx_HAL_Driver/Src/stm32f7xx_hal_dma.c ****   /* Memory Data size equal to Byte */
1226:Drivers/STM32F7xx_HAL_Driver/Src/stm32f7xx_hal_dma.c ****   if(hdma->Init.MemDataAlignment == DMA_MDATAALIGN_BYTE)
 200              		.loc 1 1226 3 is_stmt 1 view .LVU52
 201              		.loc 1 1226 16 is_stmt 0 view .LVU53
 202 0002 8269     		ldr	r2, [r0, #24]
 203              		.loc 1 1226 5 view .LVU54
 204 0004 92B9     		cbnz	r2, .L13
1227:Drivers/STM32F7xx_HAL_Driver/Src/stm32f7xx_hal_dma.c ****   {
1228:Drivers/STM32F7xx_HAL_Driver/Src/stm32f7xx_hal_dma.c ****     switch (tmp)
 205              		.loc 1 1228 5 is_stmt 1 view .LVU55
 206 0006 012B     		cmp	r3, #1
 207 0008 0AD0     		beq	.L14
 208 000a 022B     		cmp	r3, #2
 209 000c 02D0     		beq	.L15
 210 000e 0BB1     		cbz	r3, .L15
 211 0010 0020     		movs	r0, #0
 212              	.LVL12:
 213              		.loc 1 1228 5 is_stmt 0 view .LVU56
 214 0012 7047     		bx	lr
 215              	.LVL13:
 216              	.L15:
1229:Drivers/STM32F7xx_HAL_Driver/Src/stm32f7xx_hal_dma.c ****     {
1230:Drivers/STM32F7xx_HAL_Driver/Src/stm32f7xx_hal_dma.c ****     case DMA_FIFO_THRESHOLD_1QUARTERFULL:
1231:Drivers/STM32F7xx_HAL_Driver/Src/stm32f7xx_hal_dma.c ****     case DMA_FIFO_THRESHOLD_3QUARTERSFULL:
1232:Drivers/STM32F7xx_HAL_Driver/Src/stm32f7xx_hal_dma.c ****       if ((hdma->Init.MemBurst & DMA_SxCR_MBURST_1) == DMA_SxCR_MBURST_1)
 217              		.loc 1 1232 7 is_stmt 1 view .LVU57
 218              		.loc 1 1232 22 is_stmt 0 view .LVU58
 219 0014 C36A     		ldr	r3, [r0, #44]
 220              	.LVL14:
 221              		.loc 1 1232 10 view .LVU59
 222 0016 13F0807F 		tst	r3, #16777216
 223 001a 28D1     		bne	.L23
1222:Drivers/STM32F7xx_HAL_Driver/Src/stm32f7xx_hal_dma.c ****   uint32_t tmp = hdma->Init.FIFOThreshold;
 224              		.loc 1 1222 21 view .LVU60
 225 001c 0020     		movs	r0, #0
 226              	.LVL15:
1222:Drivers/STM32F7xx_HAL_Driver/Src/stm32f7xx_hal_dma.c ****   uint32_t tmp = hdma->Init.FIFOThreshold;
 227              		.loc 1 1222 21 view .LVU61
 228 001e 7047     		bx	lr
 229              	.LVL16:
 230              	.L14:
1233:Drivers/STM32F7xx_HAL_Driver/Src/stm32f7xx_hal_dma.c ****       {
1234:Drivers/STM32F7xx_HAL_Driver/Src/stm32f7xx_hal_dma.c ****         status = HAL_ERROR;
1235:Drivers/STM32F7xx_HAL_Driver/Src/stm32f7xx_hal_dma.c ****       }
1236:Drivers/STM32F7xx_HAL_Driver/Src/stm32f7xx_hal_dma.c ****       break;
1237:Drivers/STM32F7xx_HAL_Driver/Src/stm32f7xx_hal_dma.c ****     case DMA_FIFO_THRESHOLD_HALFFULL:
1238:Drivers/STM32F7xx_HAL_Driver/Src/stm32f7xx_hal_dma.c ****       if (hdma->Init.MemBurst == DMA_MBURST_INC16)
 231              		.loc 1 1238 7 is_stmt 1 view .LVU62
 232              		.loc 1 1238 21 is_stmt 0 view .LVU63
 233 0020 C36A     		ldr	r3, [r0, #44]
 234              	.LVL17:
 235              		.loc 1 1238 10 view .LVU64
 236 0022 B3F1C07F 		cmp	r3, #25165824
 237 0026 24D0     		beq	.L24
1222:Drivers/STM32F7xx_HAL_Driver/Src/stm32f7xx_hal_dma.c ****   uint32_t tmp = hdma->Init.FIFOThreshold;
ARM GAS  /tmp/cc6OwwRl.s 			page 27


 238              		.loc 1 1222 21 view .LVU65
 239 0028 0020     		movs	r0, #0
 240              	.LVL18:
1222:Drivers/STM32F7xx_HAL_Driver/Src/stm32f7xx_hal_dma.c ****   uint32_t tmp = hdma->Init.FIFOThreshold;
 241              		.loc 1 1222 21 view .LVU66
 242 002a 7047     		bx	lr
 243              	.LVL19:
 244              	.L13:
1239:Drivers/STM32F7xx_HAL_Driver/Src/stm32f7xx_hal_dma.c ****       {
1240:Drivers/STM32F7xx_HAL_Driver/Src/stm32f7xx_hal_dma.c ****         status = HAL_ERROR;
1241:Drivers/STM32F7xx_HAL_Driver/Src/stm32f7xx_hal_dma.c ****       }
1242:Drivers/STM32F7xx_HAL_Driver/Src/stm32f7xx_hal_dma.c ****       break;
1243:Drivers/STM32F7xx_HAL_Driver/Src/stm32f7xx_hal_dma.c ****     case DMA_FIFO_THRESHOLD_FULL:
1244:Drivers/STM32F7xx_HAL_Driver/Src/stm32f7xx_hal_dma.c ****       break;
1245:Drivers/STM32F7xx_HAL_Driver/Src/stm32f7xx_hal_dma.c ****     default:
1246:Drivers/STM32F7xx_HAL_Driver/Src/stm32f7xx_hal_dma.c ****       break;
1247:Drivers/STM32F7xx_HAL_Driver/Src/stm32f7xx_hal_dma.c ****     }
1248:Drivers/STM32F7xx_HAL_Driver/Src/stm32f7xx_hal_dma.c ****   }
1249:Drivers/STM32F7xx_HAL_Driver/Src/stm32f7xx_hal_dma.c ****   
1250:Drivers/STM32F7xx_HAL_Driver/Src/stm32f7xx_hal_dma.c ****   /* Memory Data size equal to Half-Word */
1251:Drivers/STM32F7xx_HAL_Driver/Src/stm32f7xx_hal_dma.c ****   else if (hdma->Init.MemDataAlignment == DMA_MDATAALIGN_HALFWORD)
 245              		.loc 1 1251 8 is_stmt 1 view .LVU67
 246              		.loc 1 1251 11 is_stmt 0 view .LVU68
 247 002c B2F5005F 		cmp	r2, #8192
 248 0030 09D0     		beq	.L31
1252:Drivers/STM32F7xx_HAL_Driver/Src/stm32f7xx_hal_dma.c ****   {
1253:Drivers/STM32F7xx_HAL_Driver/Src/stm32f7xx_hal_dma.c ****     switch (tmp)
1254:Drivers/STM32F7xx_HAL_Driver/Src/stm32f7xx_hal_dma.c ****     {
1255:Drivers/STM32F7xx_HAL_Driver/Src/stm32f7xx_hal_dma.c ****     case DMA_FIFO_THRESHOLD_1QUARTERFULL:
1256:Drivers/STM32F7xx_HAL_Driver/Src/stm32f7xx_hal_dma.c ****     case DMA_FIFO_THRESHOLD_3QUARTERSFULL:
1257:Drivers/STM32F7xx_HAL_Driver/Src/stm32f7xx_hal_dma.c ****       status = HAL_ERROR;
1258:Drivers/STM32F7xx_HAL_Driver/Src/stm32f7xx_hal_dma.c ****       break;
1259:Drivers/STM32F7xx_HAL_Driver/Src/stm32f7xx_hal_dma.c ****     case DMA_FIFO_THRESHOLD_HALFFULL:
1260:Drivers/STM32F7xx_HAL_Driver/Src/stm32f7xx_hal_dma.c ****       if ((hdma->Init.MemBurst & DMA_SxCR_MBURST_1) == DMA_SxCR_MBURST_1)
1261:Drivers/STM32F7xx_HAL_Driver/Src/stm32f7xx_hal_dma.c ****       {
1262:Drivers/STM32F7xx_HAL_Driver/Src/stm32f7xx_hal_dma.c ****         status = HAL_ERROR;
1263:Drivers/STM32F7xx_HAL_Driver/Src/stm32f7xx_hal_dma.c ****       }
1264:Drivers/STM32F7xx_HAL_Driver/Src/stm32f7xx_hal_dma.c ****       break;
1265:Drivers/STM32F7xx_HAL_Driver/Src/stm32f7xx_hal_dma.c ****     case DMA_FIFO_THRESHOLD_FULL:
1266:Drivers/STM32F7xx_HAL_Driver/Src/stm32f7xx_hal_dma.c ****       if (hdma->Init.MemBurst == DMA_MBURST_INC16)
1267:Drivers/STM32F7xx_HAL_Driver/Src/stm32f7xx_hal_dma.c ****       {
1268:Drivers/STM32F7xx_HAL_Driver/Src/stm32f7xx_hal_dma.c ****         status = HAL_ERROR;
1269:Drivers/STM32F7xx_HAL_Driver/Src/stm32f7xx_hal_dma.c ****       }
1270:Drivers/STM32F7xx_HAL_Driver/Src/stm32f7xx_hal_dma.c ****       break;   
1271:Drivers/STM32F7xx_HAL_Driver/Src/stm32f7xx_hal_dma.c ****     default:
1272:Drivers/STM32F7xx_HAL_Driver/Src/stm32f7xx_hal_dma.c ****       break;
1273:Drivers/STM32F7xx_HAL_Driver/Src/stm32f7xx_hal_dma.c ****     }
1274:Drivers/STM32F7xx_HAL_Driver/Src/stm32f7xx_hal_dma.c ****   }
1275:Drivers/STM32F7xx_HAL_Driver/Src/stm32f7xx_hal_dma.c ****   
1276:Drivers/STM32F7xx_HAL_Driver/Src/stm32f7xx_hal_dma.c ****   /* Memory Data size equal to Word */
1277:Drivers/STM32F7xx_HAL_Driver/Src/stm32f7xx_hal_dma.c ****   else
1278:Drivers/STM32F7xx_HAL_Driver/Src/stm32f7xx_hal_dma.c ****   {
1279:Drivers/STM32F7xx_HAL_Driver/Src/stm32f7xx_hal_dma.c ****     switch (tmp)
 249              		.loc 1 1279 5 is_stmt 1 view .LVU69
 250 0032 022B     		cmp	r3, #2
 251 0034 25D9     		bls	.L28
 252 0036 032B     		cmp	r3, #3
ARM GAS  /tmp/cc6OwwRl.s 			page 28


 253 0038 25D1     		bne	.L29
1280:Drivers/STM32F7xx_HAL_Driver/Src/stm32f7xx_hal_dma.c ****     {
1281:Drivers/STM32F7xx_HAL_Driver/Src/stm32f7xx_hal_dma.c ****     case DMA_FIFO_THRESHOLD_1QUARTERFULL:
1282:Drivers/STM32F7xx_HAL_Driver/Src/stm32f7xx_hal_dma.c ****     case DMA_FIFO_THRESHOLD_HALFFULL:
1283:Drivers/STM32F7xx_HAL_Driver/Src/stm32f7xx_hal_dma.c ****     case DMA_FIFO_THRESHOLD_3QUARTERSFULL:
1284:Drivers/STM32F7xx_HAL_Driver/Src/stm32f7xx_hal_dma.c ****       status = HAL_ERROR;
1285:Drivers/STM32F7xx_HAL_Driver/Src/stm32f7xx_hal_dma.c ****       break;
1286:Drivers/STM32F7xx_HAL_Driver/Src/stm32f7xx_hal_dma.c ****     case DMA_FIFO_THRESHOLD_FULL:
1287:Drivers/STM32F7xx_HAL_Driver/Src/stm32f7xx_hal_dma.c ****       if ((hdma->Init.MemBurst & DMA_SxCR_MBURST_1) == DMA_SxCR_MBURST_1)
 254              		.loc 1 1287 7 view .LVU70
 255              		.loc 1 1287 22 is_stmt 0 view .LVU71
 256 003a C36A     		ldr	r3, [r0, #44]
 257              	.LVL20:
 258              		.loc 1 1287 10 view .LVU72
 259 003c 13F0807F 		tst	r3, #16777216
 260 0040 23D1     		bne	.L30
1222:Drivers/STM32F7xx_HAL_Driver/Src/stm32f7xx_hal_dma.c ****   uint32_t tmp = hdma->Init.FIFOThreshold;
 261              		.loc 1 1222 21 view .LVU73
 262 0042 0020     		movs	r0, #0
 263              	.LVL21:
1222:Drivers/STM32F7xx_HAL_Driver/Src/stm32f7xx_hal_dma.c ****   uint32_t tmp = hdma->Init.FIFOThreshold;
 264              		.loc 1 1222 21 view .LVU74
 265 0044 7047     		bx	lr
 266              	.LVL22:
 267              	.L31:
1253:Drivers/STM32F7xx_HAL_Driver/Src/stm32f7xx_hal_dma.c ****     {
 268              		.loc 1 1253 5 is_stmt 1 view .LVU75
 269 0046 032B     		cmp	r3, #3
 270 0048 03D8     		bhi	.L18
 271 004a DFE803F0 		tbb	[pc, r3]
 272              	.L20:
 273 004e 14       		.byte	(.L25-.L20)/2
 274 004f 04       		.byte	(.L21-.L20)/2
 275 0050 14       		.byte	(.L25-.L20)/2
 276 0051 0A       		.byte	(.L19-.L20)/2
 277              		.p2align 1
 278              	.L18:
 279 0052 0020     		movs	r0, #0
 280              	.LVL23:
1253:Drivers/STM32F7xx_HAL_Driver/Src/stm32f7xx_hal_dma.c ****     {
 281              		.loc 1 1253 5 is_stmt 0 view .LVU76
 282 0054 7047     		bx	lr
 283              	.LVL24:
 284              	.L21:
1260:Drivers/STM32F7xx_HAL_Driver/Src/stm32f7xx_hal_dma.c ****       {
 285              		.loc 1 1260 7 is_stmt 1 view .LVU77
1260:Drivers/STM32F7xx_HAL_Driver/Src/stm32f7xx_hal_dma.c ****       {
 286              		.loc 1 1260 22 is_stmt 0 view .LVU78
 287 0056 C36A     		ldr	r3, [r0, #44]
 288              	.LVL25:
1260:Drivers/STM32F7xx_HAL_Driver/Src/stm32f7xx_hal_dma.c ****       {
 289              		.loc 1 1260 10 view .LVU79
 290 0058 13F0807F 		tst	r3, #16777216
 291 005c 0DD1     		bne	.L26
1222:Drivers/STM32F7xx_HAL_Driver/Src/stm32f7xx_hal_dma.c ****   uint32_t tmp = hdma->Init.FIFOThreshold;
 292              		.loc 1 1222 21 view .LVU80
 293 005e 0020     		movs	r0, #0
ARM GAS  /tmp/cc6OwwRl.s 			page 29


 294              	.LVL26:
1222:Drivers/STM32F7xx_HAL_Driver/Src/stm32f7xx_hal_dma.c ****   uint32_t tmp = hdma->Init.FIFOThreshold;
 295              		.loc 1 1222 21 view .LVU81
 296 0060 7047     		bx	lr
 297              	.LVL27:
 298              	.L19:
1266:Drivers/STM32F7xx_HAL_Driver/Src/stm32f7xx_hal_dma.c ****       {
 299              		.loc 1 1266 7 is_stmt 1 view .LVU82
1266:Drivers/STM32F7xx_HAL_Driver/Src/stm32f7xx_hal_dma.c ****       {
 300              		.loc 1 1266 21 is_stmt 0 view .LVU83
 301 0062 C36A     		ldr	r3, [r0, #44]
 302              	.LVL28:
1266:Drivers/STM32F7xx_HAL_Driver/Src/stm32f7xx_hal_dma.c ****       {
 303              		.loc 1 1266 10 view .LVU84
 304 0064 B3F1C07F 		cmp	r3, #25165824
 305 0068 09D0     		beq	.L27
1222:Drivers/STM32F7xx_HAL_Driver/Src/stm32f7xx_hal_dma.c ****   uint32_t tmp = hdma->Init.FIFOThreshold;
 306              		.loc 1 1222 21 view .LVU85
 307 006a 0020     		movs	r0, #0
 308              	.LVL29:
1222:Drivers/STM32F7xx_HAL_Driver/Src/stm32f7xx_hal_dma.c ****   uint32_t tmp = hdma->Init.FIFOThreshold;
 309              		.loc 1 1222 21 view .LVU86
 310 006c 7047     		bx	lr
 311              	.LVL30:
 312              	.L23:
1234:Drivers/STM32F7xx_HAL_Driver/Src/stm32f7xx_hal_dma.c ****       }
 313              		.loc 1 1234 16 view .LVU87
 314 006e 0120     		movs	r0, #1
 315              	.LVL31:
1234:Drivers/STM32F7xx_HAL_Driver/Src/stm32f7xx_hal_dma.c ****       }
 316              		.loc 1 1234 16 view .LVU88
 317 0070 7047     		bx	lr
 318              	.LVL32:
 319              	.L24:
1240:Drivers/STM32F7xx_HAL_Driver/Src/stm32f7xx_hal_dma.c ****       }
 320              		.loc 1 1240 16 view .LVU89
 321 0072 0120     		movs	r0, #1
 322              	.LVL33:
1240:Drivers/STM32F7xx_HAL_Driver/Src/stm32f7xx_hal_dma.c ****       }
 323              		.loc 1 1240 16 view .LVU90
 324 0074 7047     		bx	lr
 325              	.LVL34:
 326              	.L25:
1257:Drivers/STM32F7xx_HAL_Driver/Src/stm32f7xx_hal_dma.c ****       break;
 327              		.loc 1 1257 14 view .LVU91
 328 0076 0120     		movs	r0, #1
 329              	.LVL35:
1257:Drivers/STM32F7xx_HAL_Driver/Src/stm32f7xx_hal_dma.c ****       break;
 330              		.loc 1 1257 14 view .LVU92
 331 0078 7047     		bx	lr
 332              	.LVL36:
 333              	.L26:
1262:Drivers/STM32F7xx_HAL_Driver/Src/stm32f7xx_hal_dma.c ****       }
 334              		.loc 1 1262 16 view .LVU93
 335 007a 0120     		movs	r0, #1
 336              	.LVL37:
1262:Drivers/STM32F7xx_HAL_Driver/Src/stm32f7xx_hal_dma.c ****       }
ARM GAS  /tmp/cc6OwwRl.s 			page 30


 337              		.loc 1 1262 16 view .LVU94
 338 007c 7047     		bx	lr
 339              	.LVL38:
 340              	.L27:
1268:Drivers/STM32F7xx_HAL_Driver/Src/stm32f7xx_hal_dma.c ****       }
 341              		.loc 1 1268 16 view .LVU95
 342 007e 0120     		movs	r0, #1
 343              	.LVL39:
1268:Drivers/STM32F7xx_HAL_Driver/Src/stm32f7xx_hal_dma.c ****       }
 344              		.loc 1 1268 16 view .LVU96
 345 0080 7047     		bx	lr
 346              	.LVL40:
 347              	.L28:
1284:Drivers/STM32F7xx_HAL_Driver/Src/stm32f7xx_hal_dma.c ****       break;
 348              		.loc 1 1284 14 view .LVU97
 349 0082 0120     		movs	r0, #1
 350              	.LVL41:
1284:Drivers/STM32F7xx_HAL_Driver/Src/stm32f7xx_hal_dma.c ****       break;
 351              		.loc 1 1284 14 view .LVU98
 352 0084 7047     		bx	lr
 353              	.LVL42:
 354              	.L29:
1279:Drivers/STM32F7xx_HAL_Driver/Src/stm32f7xx_hal_dma.c ****     {
 355              		.loc 1 1279 5 view .LVU99
 356 0086 0020     		movs	r0, #0
 357              	.LVL43:
1279:Drivers/STM32F7xx_HAL_Driver/Src/stm32f7xx_hal_dma.c ****     {
 358              		.loc 1 1279 5 view .LVU100
 359 0088 7047     		bx	lr
 360              	.LVL44:
 361              	.L30:
1288:Drivers/STM32F7xx_HAL_Driver/Src/stm32f7xx_hal_dma.c ****       {
1289:Drivers/STM32F7xx_HAL_Driver/Src/stm32f7xx_hal_dma.c ****         status = HAL_ERROR;
 362              		.loc 1 1289 16 view .LVU101
 363 008a 0120     		movs	r0, #1
 364              	.LVL45:
1290:Drivers/STM32F7xx_HAL_Driver/Src/stm32f7xx_hal_dma.c ****       }
1291:Drivers/STM32F7xx_HAL_Driver/Src/stm32f7xx_hal_dma.c ****       break;
1292:Drivers/STM32F7xx_HAL_Driver/Src/stm32f7xx_hal_dma.c ****     default:
1293:Drivers/STM32F7xx_HAL_Driver/Src/stm32f7xx_hal_dma.c ****       break;
1294:Drivers/STM32F7xx_HAL_Driver/Src/stm32f7xx_hal_dma.c ****     }
1295:Drivers/STM32F7xx_HAL_Driver/Src/stm32f7xx_hal_dma.c ****   } 
1296:Drivers/STM32F7xx_HAL_Driver/Src/stm32f7xx_hal_dma.c ****   
1297:Drivers/STM32F7xx_HAL_Driver/Src/stm32f7xx_hal_dma.c ****   return status; 
 365              		.loc 1 1297 3 is_stmt 1 view .LVU102
1298:Drivers/STM32F7xx_HAL_Driver/Src/stm32f7xx_hal_dma.c **** }
 366              		.loc 1 1298 1 is_stmt 0 view .LVU103
 367 008c 7047     		bx	lr
 368              		.cfi_endproc
 369              	.LFE155:
 371              		.section	.text.HAL_DMA_Init,"ax",%progbits
 372              		.align	1
 373              		.global	HAL_DMA_Init
 374              		.syntax unified
 375              		.thumb
 376              		.thumb_func
 378              	HAL_DMA_Init:
ARM GAS  /tmp/cc6OwwRl.s 			page 31


 379              	.LVL46:
 380              	.LFB141:
 172:Drivers/STM32F7xx_HAL_Driver/Src/stm32f7xx_hal_dma.c ****   uint32_t tmp = 0U;
 381              		.loc 1 172 1 is_stmt 1 view -0
 382              		.cfi_startproc
 383              		@ args = 0, pretend = 0, frame = 0
 384              		@ frame_needed = 0, uses_anonymous_args = 0
 172:Drivers/STM32F7xx_HAL_Driver/Src/stm32f7xx_hal_dma.c ****   uint32_t tmp = 0U;
 385              		.loc 1 172 1 is_stmt 0 view .LVU105
 386 0000 70B5     		push	{r4, r5, r6, lr}
 387              	.LCFI6:
 388              		.cfi_def_cfa_offset 16
 389              		.cfi_offset 4, -16
 390              		.cfi_offset 5, -12
 391              		.cfi_offset 6, -8
 392              		.cfi_offset 14, -4
 393 0002 0446     		mov	r4, r0
 173:Drivers/STM32F7xx_HAL_Driver/Src/stm32f7xx_hal_dma.c ****   uint32_t tickstart = HAL_GetTick();
 394              		.loc 1 173 3 is_stmt 1 view .LVU106
 395              	.LVL47:
 174:Drivers/STM32F7xx_HAL_Driver/Src/stm32f7xx_hal_dma.c ****   DMA_Base_Registers *regs;
 396              		.loc 1 174 3 view .LVU107
 174:Drivers/STM32F7xx_HAL_Driver/Src/stm32f7xx_hal_dma.c ****   DMA_Base_Registers *regs;
 397              		.loc 1 174 24 is_stmt 0 view .LVU108
 398 0004 FFF7FEFF 		bl	HAL_GetTick
 399              	.LVL48:
 175:Drivers/STM32F7xx_HAL_Driver/Src/stm32f7xx_hal_dma.c **** 
 400              		.loc 1 175 3 is_stmt 1 view .LVU109
 178:Drivers/STM32F7xx_HAL_Driver/Src/stm32f7xx_hal_dma.c ****   {
 401              		.loc 1 178 3 view .LVU110
 178:Drivers/STM32F7xx_HAL_Driver/Src/stm32f7xx_hal_dma.c ****   {
 402              		.loc 1 178 5 is_stmt 0 view .LVU111
 403 0008 002C     		cmp	r4, #0
 404 000a 5BD0     		beq	.L38
 405 000c 0546     		mov	r5, r0
 184:Drivers/STM32F7xx_HAL_Driver/Src/stm32f7xx_hal_dma.c ****   assert_param(IS_DMA_CHANNEL(hdma->Init.Channel));
 406              		.loc 1 184 3 is_stmt 1 view .LVU112
 185:Drivers/STM32F7xx_HAL_Driver/Src/stm32f7xx_hal_dma.c ****   assert_param(IS_DMA_DIRECTION(hdma->Init.Direction));
 407              		.loc 1 185 3 view .LVU113
 186:Drivers/STM32F7xx_HAL_Driver/Src/stm32f7xx_hal_dma.c ****   assert_param(IS_DMA_PERIPHERAL_INC_STATE(hdma->Init.PeriphInc));
 408              		.loc 1 186 3 view .LVU114
 187:Drivers/STM32F7xx_HAL_Driver/Src/stm32f7xx_hal_dma.c ****   assert_param(IS_DMA_MEMORY_INC_STATE(hdma->Init.MemInc));
 409              		.loc 1 187 3 view .LVU115
 188:Drivers/STM32F7xx_HAL_Driver/Src/stm32f7xx_hal_dma.c ****   assert_param(IS_DMA_PERIPHERAL_DATA_SIZE(hdma->Init.PeriphDataAlignment));
 410              		.loc 1 188 3 view .LVU116
 189:Drivers/STM32F7xx_HAL_Driver/Src/stm32f7xx_hal_dma.c ****   assert_param(IS_DMA_MEMORY_DATA_SIZE(hdma->Init.MemDataAlignment));
 411              		.loc 1 189 3 view .LVU117
 190:Drivers/STM32F7xx_HAL_Driver/Src/stm32f7xx_hal_dma.c ****   assert_param(IS_DMA_MODE(hdma->Init.Mode));
 412              		.loc 1 190 3 view .LVU118
 191:Drivers/STM32F7xx_HAL_Driver/Src/stm32f7xx_hal_dma.c ****   assert_param(IS_DMA_PRIORITY(hdma->Init.Priority));
 413              		.loc 1 191 3 view .LVU119
 192:Drivers/STM32F7xx_HAL_Driver/Src/stm32f7xx_hal_dma.c ****   assert_param(IS_DMA_FIFO_MODE_STATE(hdma->Init.FIFOMode));
 414              		.loc 1 192 3 view .LVU120
 193:Drivers/STM32F7xx_HAL_Driver/Src/stm32f7xx_hal_dma.c ****   /* Check the memory burst, peripheral burst and FIFO threshold parameters only
 415              		.loc 1 193 3 view .LVU121
 196:Drivers/STM32F7xx_HAL_Driver/Src/stm32f7xx_hal_dma.c ****   {
 416              		.loc 1 196 3 view .LVU122
ARM GAS  /tmp/cc6OwwRl.s 			page 32


 198:Drivers/STM32F7xx_HAL_Driver/Src/stm32f7xx_hal_dma.c ****     assert_param(IS_DMA_MEMORY_BURST(hdma->Init.MemBurst));
 417              		.loc 1 198 5 view .LVU123
 199:Drivers/STM32F7xx_HAL_Driver/Src/stm32f7xx_hal_dma.c ****     assert_param(IS_DMA_PERIPHERAL_BURST(hdma->Init.PeriphBurst));
 418              		.loc 1 199 5 view .LVU124
 200:Drivers/STM32F7xx_HAL_Driver/Src/stm32f7xx_hal_dma.c ****   }
 419              		.loc 1 200 5 view .LVU125
 204:Drivers/STM32F7xx_HAL_Driver/Src/stm32f7xx_hal_dma.c ****   
 420              		.loc 1 204 3 view .LVU126
 204:Drivers/STM32F7xx_HAL_Driver/Src/stm32f7xx_hal_dma.c ****   
 421              		.loc 1 204 15 is_stmt 0 view .LVU127
 422 000e 0223     		movs	r3, #2
 423 0010 84F83530 		strb	r3, [r4, #53]
 207:Drivers/STM32F7xx_HAL_Driver/Src/stm32f7xx_hal_dma.c **** 
 424              		.loc 1 207 3 is_stmt 1 view .LVU128
 207:Drivers/STM32F7xx_HAL_Driver/Src/stm32f7xx_hal_dma.c **** 
 425              		.loc 1 207 3 view .LVU129
 426 0014 0023     		movs	r3, #0
 427 0016 84F83430 		strb	r3, [r4, #52]
 207:Drivers/STM32F7xx_HAL_Driver/Src/stm32f7xx_hal_dma.c **** 
 428              		.loc 1 207 3 view .LVU130
 211:Drivers/STM32F7xx_HAL_Driver/Src/stm32f7xx_hal_dma.c ****   
 429              		.loc 1 211 3 view .LVU131
 430 001a 2268     		ldr	r2, [r4]
 431 001c 1368     		ldr	r3, [r2]
 432 001e 23F00103 		bic	r3, r3, #1
 433 0022 1360     		str	r3, [r2]
 214:Drivers/STM32F7xx_HAL_Driver/Src/stm32f7xx_hal_dma.c ****   {
 434              		.loc 1 214 3 view .LVU132
 435              	.LVL49:
 436              	.L34:
 214:Drivers/STM32F7xx_HAL_Driver/Src/stm32f7xx_hal_dma.c ****   {
 437              		.loc 1 214 44 view .LVU133
 214:Drivers/STM32F7xx_HAL_Driver/Src/stm32f7xx_hal_dma.c ****   {
 438              		.loc 1 214 14 is_stmt 0 view .LVU134
 439 0024 2368     		ldr	r3, [r4]
 214:Drivers/STM32F7xx_HAL_Driver/Src/stm32f7xx_hal_dma.c ****   {
 440              		.loc 1 214 24 view .LVU135
 441 0026 1A68     		ldr	r2, [r3]
 214:Drivers/STM32F7xx_HAL_Driver/Src/stm32f7xx_hal_dma.c ****   {
 442              		.loc 1 214 44 view .LVU136
 443 0028 12F0010F 		tst	r2, #1
 444 002c 0AD0     		beq	.L40
 217:Drivers/STM32F7xx_HAL_Driver/Src/stm32f7xx_hal_dma.c ****     {
 445              		.loc 1 217 5 is_stmt 1 view .LVU137
 217:Drivers/STM32F7xx_HAL_Driver/Src/stm32f7xx_hal_dma.c ****     {
 446              		.loc 1 217 9 is_stmt 0 view .LVU138
 447 002e FFF7FEFF 		bl	HAL_GetTick
 448              	.LVL50:
 217:Drivers/STM32F7xx_HAL_Driver/Src/stm32f7xx_hal_dma.c ****     {
 449              		.loc 1 217 23 view .LVU139
 450 0032 431B     		subs	r3, r0, r5
 217:Drivers/STM32F7xx_HAL_Driver/Src/stm32f7xx_hal_dma.c ****     {
 451              		.loc 1 217 7 view .LVU140
 452 0034 052B     		cmp	r3, #5
 453 0036 F5D9     		bls	.L34
 220:Drivers/STM32F7xx_HAL_Driver/Src/stm32f7xx_hal_dma.c ****       
 454              		.loc 1 220 7 is_stmt 1 view .LVU141
ARM GAS  /tmp/cc6OwwRl.s 			page 33


 220:Drivers/STM32F7xx_HAL_Driver/Src/stm32f7xx_hal_dma.c ****       
 455              		.loc 1 220 23 is_stmt 0 view .LVU142
 456 0038 2023     		movs	r3, #32
 457 003a 6365     		str	r3, [r4, #84]
 223:Drivers/STM32F7xx_HAL_Driver/Src/stm32f7xx_hal_dma.c ****       
 458              		.loc 1 223 7 is_stmt 1 view .LVU143
 223:Drivers/STM32F7xx_HAL_Driver/Src/stm32f7xx_hal_dma.c ****       
 459              		.loc 1 223 19 is_stmt 0 view .LVU144
 460 003c 0320     		movs	r0, #3
 461 003e 84F83500 		strb	r0, [r4, #53]
 225:Drivers/STM32F7xx_HAL_Driver/Src/stm32f7xx_hal_dma.c ****     }
 462              		.loc 1 225 7 is_stmt 1 view .LVU145
 463              	.LVL51:
 464              	.L33:
 303:Drivers/STM32F7xx_HAL_Driver/Src/stm32f7xx_hal_dma.c **** 
 465              		.loc 1 303 1 is_stmt 0 view .LVU146
 466 0042 70BD     		pop	{r4, r5, r6, pc}
 467              	.LVL52:
 468              	.L40:
 230:Drivers/STM32F7xx_HAL_Driver/Src/stm32f7xx_hal_dma.c **** 
 469              		.loc 1 230 3 is_stmt 1 view .LVU147
 230:Drivers/STM32F7xx_HAL_Driver/Src/stm32f7xx_hal_dma.c **** 
 470              		.loc 1 230 7 is_stmt 0 view .LVU148
 471 0044 1A68     		ldr	r2, [r3]
 472              	.LVL53:
 233:Drivers/STM32F7xx_HAL_Driver/Src/stm32f7xx_hal_dma.c ****                       DMA_SxCR_PL    | DMA_SxCR_MSIZE  | DMA_SxCR_PSIZE  | \
 473              		.loc 1 233 3 is_stmt 1 view .LVU149
 233:Drivers/STM32F7xx_HAL_Driver/Src/stm32f7xx_hal_dma.c ****                       DMA_SxCR_PL    | DMA_SxCR_MSIZE  | DMA_SxCR_PSIZE  | \
 474              		.loc 1 233 7 is_stmt 0 view .LVU150
 475 0046 2049     		ldr	r1, .L43
 476 0048 1140     		ands	r1, r1, r2
 477              	.LVL54:
 239:Drivers/STM32F7xx_HAL_Driver/Src/stm32f7xx_hal_dma.c ****           hdma->Init.PeriphInc           | hdma->Init.MemInc           |
 478              		.loc 1 239 3 is_stmt 1 view .LVU151
 239:Drivers/STM32F7xx_HAL_Driver/Src/stm32f7xx_hal_dma.c ****           hdma->Init.PeriphInc           | hdma->Init.MemInc           |
 479              		.loc 1 239 21 is_stmt 0 view .LVU152
 480 004a 6268     		ldr	r2, [r4, #4]
 239:Drivers/STM32F7xx_HAL_Driver/Src/stm32f7xx_hal_dma.c ****           hdma->Init.PeriphInc           | hdma->Init.MemInc           |
 481              		.loc 1 239 54 view .LVU153
 482 004c A068     		ldr	r0, [r4, #8]
 239:Drivers/STM32F7xx_HAL_Driver/Src/stm32f7xx_hal_dma.c ****           hdma->Init.PeriphInc           | hdma->Init.MemInc           |
 483              		.loc 1 239 42 view .LVU154
 484 004e 0243     		orrs	r2, r2, r0
 240:Drivers/STM32F7xx_HAL_Driver/Src/stm32f7xx_hal_dma.c ****           hdma->Init.PeriphDataAlignment | hdma->Init.MemDataAlignment |
 485              		.loc 1 240 21 view .LVU155
 486 0050 E068     		ldr	r0, [r4, #12]
 239:Drivers/STM32F7xx_HAL_Driver/Src/stm32f7xx_hal_dma.c ****           hdma->Init.PeriphInc           | hdma->Init.MemInc           |
 487              		.loc 1 239 72 view .LVU156
 488 0052 0243     		orrs	r2, r2, r0
 240:Drivers/STM32F7xx_HAL_Driver/Src/stm32f7xx_hal_dma.c ****           hdma->Init.PeriphDataAlignment | hdma->Init.MemDataAlignment |
 489              		.loc 1 240 54 view .LVU157
 490 0054 2069     		ldr	r0, [r4, #16]
 240:Drivers/STM32F7xx_HAL_Driver/Src/stm32f7xx_hal_dma.c ****           hdma->Init.PeriphDataAlignment | hdma->Init.MemDataAlignment |
 491              		.loc 1 240 42 view .LVU158
 492 0056 0243     		orrs	r2, r2, r0
 241:Drivers/STM32F7xx_HAL_Driver/Src/stm32f7xx_hal_dma.c ****           hdma->Init.Mode                | hdma->Init.Priority;
 493              		.loc 1 241 21 view .LVU159
ARM GAS  /tmp/cc6OwwRl.s 			page 34


 494 0058 6069     		ldr	r0, [r4, #20]
 240:Drivers/STM32F7xx_HAL_Driver/Src/stm32f7xx_hal_dma.c ****           hdma->Init.PeriphDataAlignment | hdma->Init.MemDataAlignment |
 495              		.loc 1 240 72 view .LVU160
 496 005a 0243     		orrs	r2, r2, r0
 241:Drivers/STM32F7xx_HAL_Driver/Src/stm32f7xx_hal_dma.c ****           hdma->Init.Mode                | hdma->Init.Priority;
 497              		.loc 1 241 54 view .LVU161
 498 005c A069     		ldr	r0, [r4, #24]
 241:Drivers/STM32F7xx_HAL_Driver/Src/stm32f7xx_hal_dma.c ****           hdma->Init.Mode                | hdma->Init.Priority;
 499              		.loc 1 241 42 view .LVU162
 500 005e 0243     		orrs	r2, r2, r0
 242:Drivers/STM32F7xx_HAL_Driver/Src/stm32f7xx_hal_dma.c **** 
 501              		.loc 1 242 21 view .LVU163
 502 0060 E069     		ldr	r0, [r4, #28]
 241:Drivers/STM32F7xx_HAL_Driver/Src/stm32f7xx_hal_dma.c ****           hdma->Init.Mode                | hdma->Init.Priority;
 503              		.loc 1 241 72 view .LVU164
 504 0062 0243     		orrs	r2, r2, r0
 242:Drivers/STM32F7xx_HAL_Driver/Src/stm32f7xx_hal_dma.c **** 
 505              		.loc 1 242 54 view .LVU165
 506 0064 206A     		ldr	r0, [r4, #32]
 242:Drivers/STM32F7xx_HAL_Driver/Src/stm32f7xx_hal_dma.c **** 
 507              		.loc 1 242 42 view .LVU166
 508 0066 0243     		orrs	r2, r2, r0
 239:Drivers/STM32F7xx_HAL_Driver/Src/stm32f7xx_hal_dma.c ****           hdma->Init.PeriphInc           | hdma->Init.MemInc           |
 509              		.loc 1 239 7 view .LVU167
 510 0068 0A43     		orrs	r2, r2, r1
 511              	.LVL55:
 245:Drivers/STM32F7xx_HAL_Driver/Src/stm32f7xx_hal_dma.c ****   {
 512              		.loc 1 245 3 is_stmt 1 view .LVU168
 245:Drivers/STM32F7xx_HAL_Driver/Src/stm32f7xx_hal_dma.c ****   {
 513              		.loc 1 245 16 is_stmt 0 view .LVU169
 514 006a 616A     		ldr	r1, [r4, #36]
 245:Drivers/STM32F7xx_HAL_Driver/Src/stm32f7xx_hal_dma.c ****   {
 515              		.loc 1 245 5 view .LVU170
 516 006c 0429     		cmp	r1, #4
 517 006e 1ED0     		beq	.L41
 518              	.L36:
 252:Drivers/STM32F7xx_HAL_Driver/Src/stm32f7xx_hal_dma.c **** 
 519              		.loc 1 252 3 is_stmt 1 view .LVU171
 252:Drivers/STM32F7xx_HAL_Driver/Src/stm32f7xx_hal_dma.c **** 
 520              		.loc 1 252 22 is_stmt 0 view .LVU172
 521 0070 1A60     		str	r2, [r3]
 255:Drivers/STM32F7xx_HAL_Driver/Src/stm32f7xx_hal_dma.c **** 
 522              		.loc 1 255 3 is_stmt 1 view .LVU173
 255:Drivers/STM32F7xx_HAL_Driver/Src/stm32f7xx_hal_dma.c **** 
 523              		.loc 1 255 13 is_stmt 0 view .LVU174
 524 0072 2668     		ldr	r6, [r4]
 255:Drivers/STM32F7xx_HAL_Driver/Src/stm32f7xx_hal_dma.c **** 
 525              		.loc 1 255 7 view .LVU175
 526 0074 7569     		ldr	r5, [r6, #20]
 527              	.LVL56:
 258:Drivers/STM32F7xx_HAL_Driver/Src/stm32f7xx_hal_dma.c **** 
 528              		.loc 1 258 3 is_stmt 1 view .LVU176
 258:Drivers/STM32F7xx_HAL_Driver/Src/stm32f7xx_hal_dma.c **** 
 529              		.loc 1 258 7 is_stmt 0 view .LVU177
 530 0076 25F00705 		bic	r5, r5, #7
 531              	.LVL57:
 261:Drivers/STM32F7xx_HAL_Driver/Src/stm32f7xx_hal_dma.c **** 
ARM GAS  /tmp/cc6OwwRl.s 			page 35


 532              		.loc 1 261 3 is_stmt 1 view .LVU178
 261:Drivers/STM32F7xx_HAL_Driver/Src/stm32f7xx_hal_dma.c **** 
 533              		.loc 1 261 20 is_stmt 0 view .LVU179
 534 007a 636A     		ldr	r3, [r4, #36]
 261:Drivers/STM32F7xx_HAL_Driver/Src/stm32f7xx_hal_dma.c **** 
 535              		.loc 1 261 7 view .LVU180
 536 007c 1D43     		orrs	r5, r5, r3
 537              	.LVL58:
 264:Drivers/STM32F7xx_HAL_Driver/Src/stm32f7xx_hal_dma.c ****   {
 538              		.loc 1 264 3 is_stmt 1 view .LVU181
 264:Drivers/STM32F7xx_HAL_Driver/Src/stm32f7xx_hal_dma.c ****   {
 539              		.loc 1 264 5 is_stmt 0 view .LVU182
 540 007e 042B     		cmp	r3, #4
 541 0080 07D1     		bne	.L37
 267:Drivers/STM32F7xx_HAL_Driver/Src/stm32f7xx_hal_dma.c ****     
 542              		.loc 1 267 5 is_stmt 1 view .LVU183
 267:Drivers/STM32F7xx_HAL_Driver/Src/stm32f7xx_hal_dma.c ****     
 543              		.loc 1 267 22 is_stmt 0 view .LVU184
 544 0082 A36A     		ldr	r3, [r4, #40]
 267:Drivers/STM32F7xx_HAL_Driver/Src/stm32f7xx_hal_dma.c ****     
 545              		.loc 1 267 9 view .LVU185
 546 0084 1D43     		orrs	r5, r5, r3
 547              	.LVL59:
 271:Drivers/STM32F7xx_HAL_Driver/Src/stm32f7xx_hal_dma.c ****     {
 548              		.loc 1 271 5 is_stmt 1 view .LVU186
 271:Drivers/STM32F7xx_HAL_Driver/Src/stm32f7xx_hal_dma.c ****     {
 549              		.loc 1 271 19 is_stmt 0 view .LVU187
 550 0086 E36A     		ldr	r3, [r4, #44]
 271:Drivers/STM32F7xx_HAL_Driver/Src/stm32f7xx_hal_dma.c ****     {
 551              		.loc 1 271 8 view .LVU188
 552 0088 1BB1     		cbz	r3, .L37
 273:Drivers/STM32F7xx_HAL_Driver/Src/stm32f7xx_hal_dma.c ****       {
 553              		.loc 1 273 7 is_stmt 1 view .LVU189
 273:Drivers/STM32F7xx_HAL_Driver/Src/stm32f7xx_hal_dma.c ****       {
 554              		.loc 1 273 11 is_stmt 0 view .LVU190
 555 008a 2046     		mov	r0, r4
 556 008c FFF7FEFF 		bl	DMA_CheckFifoParam
 557              	.LVL60:
 273:Drivers/STM32F7xx_HAL_Driver/Src/stm32f7xx_hal_dma.c ****       {
 558              		.loc 1 273 10 view .LVU191
 559 0090 90B9     		cbnz	r0, .L42
 560              	.L37:
 287:Drivers/STM32F7xx_HAL_Driver/Src/stm32f7xx_hal_dma.c **** 
 561              		.loc 1 287 3 is_stmt 1 view .LVU192
 287:Drivers/STM32F7xx_HAL_Driver/Src/stm32f7xx_hal_dma.c **** 
 562              		.loc 1 287 23 is_stmt 0 view .LVU193
 563 0092 7561     		str	r5, [r6, #20]
 291:Drivers/STM32F7xx_HAL_Driver/Src/stm32f7xx_hal_dma.c ****   
 564              		.loc 1 291 3 is_stmt 1 view .LVU194
 291:Drivers/STM32F7xx_HAL_Driver/Src/stm32f7xx_hal_dma.c ****   
 565              		.loc 1 291 32 is_stmt 0 view .LVU195
 566 0094 2046     		mov	r0, r4
 567 0096 FFF7FEFF 		bl	DMA_CalcBaseAndBitshift
 568              	.LVL61:
 294:Drivers/STM32F7xx_HAL_Driver/Src/stm32f7xx_hal_dma.c **** 
 569              		.loc 1 294 3 is_stmt 1 view .LVU196
 294:Drivers/STM32F7xx_HAL_Driver/Src/stm32f7xx_hal_dma.c **** 
ARM GAS  /tmp/cc6OwwRl.s 			page 36


 570              		.loc 1 294 29 is_stmt 0 view .LVU197
 571 009a E26D     		ldr	r2, [r4, #92]
 294:Drivers/STM32F7xx_HAL_Driver/Src/stm32f7xx_hal_dma.c **** 
 572              		.loc 1 294 22 view .LVU198
 573 009c 3F23     		movs	r3, #63
 574 009e 9340     		lsls	r3, r3, r2
 294:Drivers/STM32F7xx_HAL_Driver/Src/stm32f7xx_hal_dma.c **** 
 575              		.loc 1 294 14 view .LVU199
 576 00a0 8360     		str	r3, [r0, #8]
 297:Drivers/STM32F7xx_HAL_Driver/Src/stm32f7xx_hal_dma.c ****                                                                                      
 577              		.loc 1 297 3 is_stmt 1 view .LVU200
 297:Drivers/STM32F7xx_HAL_Driver/Src/stm32f7xx_hal_dma.c ****                                                                                      
 578              		.loc 1 297 19 is_stmt 0 view .LVU201
 579 00a2 0020     		movs	r0, #0
 580              	.LVL62:
 297:Drivers/STM32F7xx_HAL_Driver/Src/stm32f7xx_hal_dma.c ****                                                                                      
 581              		.loc 1 297 19 view .LVU202
 582 00a4 6065     		str	r0, [r4, #84]
 300:Drivers/STM32F7xx_HAL_Driver/Src/stm32f7xx_hal_dma.c **** 
 583              		.loc 1 300 3 is_stmt 1 view .LVU203
 300:Drivers/STM32F7xx_HAL_Driver/Src/stm32f7xx_hal_dma.c **** 
 584              		.loc 1 300 15 is_stmt 0 view .LVU204
 585 00a6 0123     		movs	r3, #1
 586 00a8 84F83530 		strb	r3, [r4, #53]
 302:Drivers/STM32F7xx_HAL_Driver/Src/stm32f7xx_hal_dma.c **** }
 587              		.loc 1 302 3 is_stmt 1 view .LVU205
 302:Drivers/STM32F7xx_HAL_Driver/Src/stm32f7xx_hal_dma.c **** }
 588              		.loc 1 302 10 is_stmt 0 view .LVU206
 589 00ac C9E7     		b	.L33
 590              	.LVL63:
 591              	.L41:
 248:Drivers/STM32F7xx_HAL_Driver/Src/stm32f7xx_hal_dma.c ****   }
 592              		.loc 1 248 5 is_stmt 1 view .LVU207
 248:Drivers/STM32F7xx_HAL_Driver/Src/stm32f7xx_hal_dma.c ****   }
 593              		.loc 1 248 23 is_stmt 0 view .LVU208
 594 00ae E16A     		ldr	r1, [r4, #44]
 248:Drivers/STM32F7xx_HAL_Driver/Src/stm32f7xx_hal_dma.c ****   }
 595              		.loc 1 248 45 view .LVU209
 596 00b0 206B     		ldr	r0, [r4, #48]
 248:Drivers/STM32F7xx_HAL_Driver/Src/stm32f7xx_hal_dma.c ****   }
 597              		.loc 1 248 33 view .LVU210
 598 00b2 0143     		orrs	r1, r1, r0
 248:Drivers/STM32F7xx_HAL_Driver/Src/stm32f7xx_hal_dma.c ****   }
 599              		.loc 1 248 9 view .LVU211
 600 00b4 0A43     		orrs	r2, r2, r1
 601              	.LVL64:
 248:Drivers/STM32F7xx_HAL_Driver/Src/stm32f7xx_hal_dma.c ****   }
 602              		.loc 1 248 9 view .LVU212
 603 00b6 DBE7     		b	.L36
 604              	.LVL65:
 605              	.L42:
 276:Drivers/STM32F7xx_HAL_Driver/Src/stm32f7xx_hal_dma.c ****         
 606              		.loc 1 276 9 is_stmt 1 view .LVU213
 276:Drivers/STM32F7xx_HAL_Driver/Src/stm32f7xx_hal_dma.c ****         
 607              		.loc 1 276 25 is_stmt 0 view .LVU214
 608 00b8 4023     		movs	r3, #64
 609 00ba 6365     		str	r3, [r4, #84]
ARM GAS  /tmp/cc6OwwRl.s 			page 37


 279:Drivers/STM32F7xx_HAL_Driver/Src/stm32f7xx_hal_dma.c ****         
 610              		.loc 1 279 9 is_stmt 1 view .LVU215
 279:Drivers/STM32F7xx_HAL_Driver/Src/stm32f7xx_hal_dma.c ****         
 611              		.loc 1 279 21 is_stmt 0 view .LVU216
 612 00bc 0120     		movs	r0, #1
 613 00be 84F83500 		strb	r0, [r4, #53]
 281:Drivers/STM32F7xx_HAL_Driver/Src/stm32f7xx_hal_dma.c ****       }
 614              		.loc 1 281 9 is_stmt 1 view .LVU217
 281:Drivers/STM32F7xx_HAL_Driver/Src/stm32f7xx_hal_dma.c ****       }
 615              		.loc 1 281 16 is_stmt 0 view .LVU218
 616 00c2 BEE7     		b	.L33
 617              	.LVL66:
 618              	.L38:
 180:Drivers/STM32F7xx_HAL_Driver/Src/stm32f7xx_hal_dma.c ****   }
 619              		.loc 1 180 12 view .LVU219
 620 00c4 0120     		movs	r0, #1
 621              	.LVL67:
 180:Drivers/STM32F7xx_HAL_Driver/Src/stm32f7xx_hal_dma.c ****   }
 622              		.loc 1 180 12 view .LVU220
 623 00c6 BCE7     		b	.L33
 624              	.L44:
 625              		.align	2
 626              	.L43:
 627 00c8 3F8010E0 		.word	-535789505
 628              		.cfi_endproc
 629              	.LFE141:
 631              		.section	.text.HAL_DMA_DeInit,"ax",%progbits
 632              		.align	1
 633              		.global	HAL_DMA_DeInit
 634              		.syntax unified
 635              		.thumb
 636              		.thumb_func
 638              	HAL_DMA_DeInit:
 639              	.LVL68:
 640              	.LFB142:
 312:Drivers/STM32F7xx_HAL_Driver/Src/stm32f7xx_hal_dma.c ****   DMA_Base_Registers *regs;
 641              		.loc 1 312 1 is_stmt 1 view -0
 642              		.cfi_startproc
 643              		@ args = 0, pretend = 0, frame = 0
 644              		@ frame_needed = 0, uses_anonymous_args = 0
 313:Drivers/STM32F7xx_HAL_Driver/Src/stm32f7xx_hal_dma.c **** 
 645              		.loc 1 313 3 view .LVU222
 316:Drivers/STM32F7xx_HAL_Driver/Src/stm32f7xx_hal_dma.c ****   {
 646              		.loc 1 316 3 view .LVU223
 316:Drivers/STM32F7xx_HAL_Driver/Src/stm32f7xx_hal_dma.c ****   {
 647              		.loc 1 316 5 is_stmt 0 view .LVU224
 648 0000 0028     		cmp	r0, #0
 649 0002 2DD0     		beq	.L47
 312:Drivers/STM32F7xx_HAL_Driver/Src/stm32f7xx_hal_dma.c ****   DMA_Base_Registers *regs;
 650              		.loc 1 312 1 view .LVU225
 651 0004 38B5     		push	{r3, r4, r5, lr}
 652              	.LCFI7:
 653              		.cfi_def_cfa_offset 16
 654              		.cfi_offset 3, -16
 655              		.cfi_offset 4, -12
 656              		.cfi_offset 5, -8
 657              		.cfi_offset 14, -4
ARM GAS  /tmp/cc6OwwRl.s 			page 38


 658 0006 0546     		mov	r5, r0
 322:Drivers/STM32F7xx_HAL_Driver/Src/stm32f7xx_hal_dma.c ****   {
 659              		.loc 1 322 3 is_stmt 1 view .LVU226
 322:Drivers/STM32F7xx_HAL_Driver/Src/stm32f7xx_hal_dma.c ****   {
 660              		.loc 1 322 10 is_stmt 0 view .LVU227
 661 0008 90F83500 		ldrb	r0, [r0, #53]	@ zero_extendqisi2
 662              	.LVL69:
 322:Drivers/STM32F7xx_HAL_Driver/Src/stm32f7xx_hal_dma.c ****   {
 663              		.loc 1 322 10 view .LVU228
 664 000c C0B2     		uxtb	r0, r0
 322:Drivers/STM32F7xx_HAL_Driver/Src/stm32f7xx_hal_dma.c ****   {
 665              		.loc 1 322 5 view .LVU229
 666 000e 0228     		cmp	r0, #2
 667 0010 25D0     		beq	.L46
 329:Drivers/STM32F7xx_HAL_Driver/Src/stm32f7xx_hal_dma.c **** 
 668              		.loc 1 329 3 is_stmt 1 view .LVU230
 332:Drivers/STM32F7xx_HAL_Driver/Src/stm32f7xx_hal_dma.c **** 
 669              		.loc 1 332 3 view .LVU231
 670 0012 2A68     		ldr	r2, [r5]
 671 0014 1368     		ldr	r3, [r2]
 672 0016 23F00103 		bic	r3, r3, #1
 673 001a 1360     		str	r3, [r2]
 335:Drivers/STM32F7xx_HAL_Driver/Src/stm32f7xx_hal_dma.c **** 
 674              		.loc 1 335 3 view .LVU232
 335:Drivers/STM32F7xx_HAL_Driver/Src/stm32f7xx_hal_dma.c **** 
 675              		.loc 1 335 7 is_stmt 0 view .LVU233
 676 001c 2B68     		ldr	r3, [r5]
 335:Drivers/STM32F7xx_HAL_Driver/Src/stm32f7xx_hal_dma.c **** 
 677              		.loc 1 335 24 view .LVU234
 678 001e 0024     		movs	r4, #0
 679 0020 1C60     		str	r4, [r3]
 338:Drivers/STM32F7xx_HAL_Driver/Src/stm32f7xx_hal_dma.c **** 
 680              		.loc 1 338 3 is_stmt 1 view .LVU235
 338:Drivers/STM32F7xx_HAL_Driver/Src/stm32f7xx_hal_dma.c **** 
 681              		.loc 1 338 7 is_stmt 0 view .LVU236
 682 0022 2B68     		ldr	r3, [r5]
 338:Drivers/STM32F7xx_HAL_Driver/Src/stm32f7xx_hal_dma.c **** 
 683              		.loc 1 338 24 view .LVU237
 684 0024 5C60     		str	r4, [r3, #4]
 341:Drivers/STM32F7xx_HAL_Driver/Src/stm32f7xx_hal_dma.c **** 
 685              		.loc 1 341 3 is_stmt 1 view .LVU238
 341:Drivers/STM32F7xx_HAL_Driver/Src/stm32f7xx_hal_dma.c **** 
 686              		.loc 1 341 7 is_stmt 0 view .LVU239
 687 0026 2B68     		ldr	r3, [r5]
 341:Drivers/STM32F7xx_HAL_Driver/Src/stm32f7xx_hal_dma.c **** 
 688              		.loc 1 341 24 view .LVU240
 689 0028 9C60     		str	r4, [r3, #8]
 344:Drivers/STM32F7xx_HAL_Driver/Src/stm32f7xx_hal_dma.c ****   
 690              		.loc 1 344 3 is_stmt 1 view .LVU241
 344:Drivers/STM32F7xx_HAL_Driver/Src/stm32f7xx_hal_dma.c ****   
 691              		.loc 1 344 7 is_stmt 0 view .LVU242
 692 002a 2B68     		ldr	r3, [r5]
 344:Drivers/STM32F7xx_HAL_Driver/Src/stm32f7xx_hal_dma.c ****   
 693              		.loc 1 344 24 view .LVU243
 694 002c DC60     		str	r4, [r3, #12]
 347:Drivers/STM32F7xx_HAL_Driver/Src/stm32f7xx_hal_dma.c ****   
 695              		.loc 1 347 3 is_stmt 1 view .LVU244
ARM GAS  /tmp/cc6OwwRl.s 			page 39


 347:Drivers/STM32F7xx_HAL_Driver/Src/stm32f7xx_hal_dma.c ****   
 696              		.loc 1 347 7 is_stmt 0 view .LVU245
 697 002e 2B68     		ldr	r3, [r5]
 347:Drivers/STM32F7xx_HAL_Driver/Src/stm32f7xx_hal_dma.c ****   
 698              		.loc 1 347 24 view .LVU246
 699 0030 1C61     		str	r4, [r3, #16]
 350:Drivers/STM32F7xx_HAL_Driver/Src/stm32f7xx_hal_dma.c ****   
 700              		.loc 1 350 3 is_stmt 1 view .LVU247
 350:Drivers/STM32F7xx_HAL_Driver/Src/stm32f7xx_hal_dma.c ****   
 701              		.loc 1 350 7 is_stmt 0 view .LVU248
 702 0032 2B68     		ldr	r3, [r5]
 350:Drivers/STM32F7xx_HAL_Driver/Src/stm32f7xx_hal_dma.c ****   
 703              		.loc 1 350 24 view .LVU249
 704 0034 2122     		movs	r2, #33
 705 0036 5A61     		str	r2, [r3, #20]
 353:Drivers/STM32F7xx_HAL_Driver/Src/stm32f7xx_hal_dma.c ****   
 706              		.loc 1 353 3 is_stmt 1 view .LVU250
 353:Drivers/STM32F7xx_HAL_Driver/Src/stm32f7xx_hal_dma.c ****   
 707              		.loc 1 353 32 is_stmt 0 view .LVU251
 708 0038 2846     		mov	r0, r5
 709 003a FFF7FEFF 		bl	DMA_CalcBaseAndBitshift
 710              	.LVL70:
 356:Drivers/STM32F7xx_HAL_Driver/Src/stm32f7xx_hal_dma.c ****   
 711              		.loc 1 356 3 is_stmt 1 view .LVU252
 356:Drivers/STM32F7xx_HAL_Driver/Src/stm32f7xx_hal_dma.c ****   
 712              		.loc 1 356 29 is_stmt 0 view .LVU253
 713 003e EA6D     		ldr	r2, [r5, #92]
 356:Drivers/STM32F7xx_HAL_Driver/Src/stm32f7xx_hal_dma.c ****   
 714              		.loc 1 356 22 view .LVU254
 715 0040 3F23     		movs	r3, #63
 716 0042 9340     		lsls	r3, r3, r2
 356:Drivers/STM32F7xx_HAL_Driver/Src/stm32f7xx_hal_dma.c ****   
 717              		.loc 1 356 14 view .LVU255
 718 0044 8360     		str	r3, [r0, #8]
 359:Drivers/STM32F7xx_HAL_Driver/Src/stm32f7xx_hal_dma.c ****   hdma->XferHalfCpltCallback = NULL;
 719              		.loc 1 359 3 is_stmt 1 view .LVU256
 359:Drivers/STM32F7xx_HAL_Driver/Src/stm32f7xx_hal_dma.c ****   hdma->XferHalfCpltCallback = NULL;
 720              		.loc 1 359 26 is_stmt 0 view .LVU257
 721 0046 EC63     		str	r4, [r5, #60]
 360:Drivers/STM32F7xx_HAL_Driver/Src/stm32f7xx_hal_dma.c ****   hdma->XferM1CpltCallback = NULL;
 722              		.loc 1 360 3 is_stmt 1 view .LVU258
 360:Drivers/STM32F7xx_HAL_Driver/Src/stm32f7xx_hal_dma.c ****   hdma->XferM1CpltCallback = NULL;
 723              		.loc 1 360 30 is_stmt 0 view .LVU259
 724 0048 2C64     		str	r4, [r5, #64]
 361:Drivers/STM32F7xx_HAL_Driver/Src/stm32f7xx_hal_dma.c ****   hdma->XferM1HalfCpltCallback = NULL;
 725              		.loc 1 361 3 is_stmt 1 view .LVU260
 361:Drivers/STM32F7xx_HAL_Driver/Src/stm32f7xx_hal_dma.c ****   hdma->XferM1HalfCpltCallback = NULL;
 726              		.loc 1 361 28 is_stmt 0 view .LVU261
 727 004a 6C64     		str	r4, [r5, #68]
 362:Drivers/STM32F7xx_HAL_Driver/Src/stm32f7xx_hal_dma.c ****   hdma->XferErrorCallback = NULL;
 728              		.loc 1 362 3 is_stmt 1 view .LVU262
 362:Drivers/STM32F7xx_HAL_Driver/Src/stm32f7xx_hal_dma.c ****   hdma->XferErrorCallback = NULL;
 729              		.loc 1 362 32 is_stmt 0 view .LVU263
 730 004c AC64     		str	r4, [r5, #72]
 363:Drivers/STM32F7xx_HAL_Driver/Src/stm32f7xx_hal_dma.c ****   hdma->XferAbortCallback = NULL;  
 731              		.loc 1 363 3 is_stmt 1 view .LVU264
 363:Drivers/STM32F7xx_HAL_Driver/Src/stm32f7xx_hal_dma.c ****   hdma->XferAbortCallback = NULL;  
ARM GAS  /tmp/cc6OwwRl.s 			page 40


 732              		.loc 1 363 27 is_stmt 0 view .LVU265
 733 004e EC64     		str	r4, [r5, #76]
 364:Drivers/STM32F7xx_HAL_Driver/Src/stm32f7xx_hal_dma.c **** 
 734              		.loc 1 364 3 is_stmt 1 view .LVU266
 364:Drivers/STM32F7xx_HAL_Driver/Src/stm32f7xx_hal_dma.c **** 
 735              		.loc 1 364 27 is_stmt 0 view .LVU267
 736 0050 2C65     		str	r4, [r5, #80]
 367:Drivers/STM32F7xx_HAL_Driver/Src/stm32f7xx_hal_dma.c **** 
 737              		.loc 1 367 3 is_stmt 1 view .LVU268
 367:Drivers/STM32F7xx_HAL_Driver/Src/stm32f7xx_hal_dma.c **** 
 738              		.loc 1 367 19 is_stmt 0 view .LVU269
 739 0052 6C65     		str	r4, [r5, #84]
 370:Drivers/STM32F7xx_HAL_Driver/Src/stm32f7xx_hal_dma.c **** 
 740              		.loc 1 370 3 is_stmt 1 view .LVU270
 370:Drivers/STM32F7xx_HAL_Driver/Src/stm32f7xx_hal_dma.c **** 
 741              		.loc 1 370 15 is_stmt 0 view .LVU271
 742 0054 85F83540 		strb	r4, [r5, #53]
 373:Drivers/STM32F7xx_HAL_Driver/Src/stm32f7xx_hal_dma.c **** 
 743              		.loc 1 373 3 is_stmt 1 view .LVU272
 373:Drivers/STM32F7xx_HAL_Driver/Src/stm32f7xx_hal_dma.c **** 
 744              		.loc 1 373 3 view .LVU273
 745 0058 85F83440 		strb	r4, [r5, #52]
 373:Drivers/STM32F7xx_HAL_Driver/Src/stm32f7xx_hal_dma.c **** 
 746              		.loc 1 373 3 view .LVU274
 375:Drivers/STM32F7xx_HAL_Driver/Src/stm32f7xx_hal_dma.c **** }
 747              		.loc 1 375 3 view .LVU275
 375:Drivers/STM32F7xx_HAL_Driver/Src/stm32f7xx_hal_dma.c **** }
 748              		.loc 1 375 10 is_stmt 0 view .LVU276
 749 005c 2046     		mov	r0, r4
 750              	.LVL71:
 751              	.L46:
 376:Drivers/STM32F7xx_HAL_Driver/Src/stm32f7xx_hal_dma.c **** 
 752              		.loc 1 376 1 view .LVU277
 753 005e 38BD     		pop	{r3, r4, r5, pc}
 754              	.LVL72:
 755              	.L47:
 756              	.LCFI8:
 757              		.cfi_def_cfa_offset 0
 758              		.cfi_restore 3
 759              		.cfi_restore 4
 760              		.cfi_restore 5
 761              		.cfi_restore 14
 318:Drivers/STM32F7xx_HAL_Driver/Src/stm32f7xx_hal_dma.c ****   }
 762              		.loc 1 318 12 view .LVU278
 763 0060 0120     		movs	r0, #1
 764              	.LVL73:
 376:Drivers/STM32F7xx_HAL_Driver/Src/stm32f7xx_hal_dma.c **** 
 765              		.loc 1 376 1 view .LVU279
 766 0062 7047     		bx	lr
 767              		.cfi_endproc
 768              	.LFE142:
 770              		.section	.text.HAL_DMA_Start,"ax",%progbits
 771              		.align	1
 772              		.global	HAL_DMA_Start
 773              		.syntax unified
 774              		.thumb
 775              		.thumb_func
ARM GAS  /tmp/cc6OwwRl.s 			page 41


 777              	HAL_DMA_Start:
 778              	.LVL74:
 779              	.LFB143:
 410:Drivers/STM32F7xx_HAL_Driver/Src/stm32f7xx_hal_dma.c ****   HAL_StatusTypeDef status = HAL_OK;
 780              		.loc 1 410 1 is_stmt 1 view -0
 781              		.cfi_startproc
 782              		@ args = 0, pretend = 0, frame = 0
 783              		@ frame_needed = 0, uses_anonymous_args = 0
 410:Drivers/STM32F7xx_HAL_Driver/Src/stm32f7xx_hal_dma.c ****   HAL_StatusTypeDef status = HAL_OK;
 784              		.loc 1 410 1 is_stmt 0 view .LVU281
 785 0000 38B5     		push	{r3, r4, r5, lr}
 786              	.LCFI9:
 787              		.cfi_def_cfa_offset 16
 788              		.cfi_offset 3, -16
 789              		.cfi_offset 4, -12
 790              		.cfi_offset 5, -8
 791              		.cfi_offset 14, -4
 792 0002 0446     		mov	r4, r0
 411:Drivers/STM32F7xx_HAL_Driver/Src/stm32f7xx_hal_dma.c ****   
 793              		.loc 1 411 3 is_stmt 1 view .LVU282
 794              	.LVL75:
 414:Drivers/STM32F7xx_HAL_Driver/Src/stm32f7xx_hal_dma.c **** 
 795              		.loc 1 414 3 view .LVU283
 417:Drivers/STM32F7xx_HAL_Driver/Src/stm32f7xx_hal_dma.c **** 
 796              		.loc 1 417 3 view .LVU284
 417:Drivers/STM32F7xx_HAL_Driver/Src/stm32f7xx_hal_dma.c **** 
 797              		.loc 1 417 3 view .LVU285
 798 0004 90F83400 		ldrb	r0, [r0, #52]	@ zero_extendqisi2
 799              	.LVL76:
 417:Drivers/STM32F7xx_HAL_Driver/Src/stm32f7xx_hal_dma.c **** 
 800              		.loc 1 417 3 is_stmt 0 view .LVU286
 801 0008 0128     		cmp	r0, #1
 802 000a 1BD0     		beq	.L55
 417:Drivers/STM32F7xx_HAL_Driver/Src/stm32f7xx_hal_dma.c **** 
 803              		.loc 1 417 3 is_stmt 1 discriminator 2 view .LVU287
 804 000c 0120     		movs	r0, #1
 805 000e 84F83400 		strb	r0, [r4, #52]
 417:Drivers/STM32F7xx_HAL_Driver/Src/stm32f7xx_hal_dma.c **** 
 806              		.loc 1 417 3 discriminator 2 view .LVU288
 419:Drivers/STM32F7xx_HAL_Driver/Src/stm32f7xx_hal_dma.c ****   {
 807              		.loc 1 419 3 discriminator 2 view .LVU289
 419:Drivers/STM32F7xx_HAL_Driver/Src/stm32f7xx_hal_dma.c ****   {
 808              		.loc 1 419 33 is_stmt 0 discriminator 2 view .LVU290
 809 0012 94F83500 		ldrb	r0, [r4, #53]	@ zero_extendqisi2
 810 0016 C0B2     		uxtb	r0, r0
 419:Drivers/STM32F7xx_HAL_Driver/Src/stm32f7xx_hal_dma.c ****   {
 811              		.loc 1 419 5 discriminator 2 view .LVU291
 812 0018 0128     		cmp	r0, #1
 813 001a 04D0     		beq	.L57
 436:Drivers/STM32F7xx_HAL_Driver/Src/stm32f7xx_hal_dma.c ****     
 814              		.loc 1 436 5 is_stmt 1 view .LVU292
 436:Drivers/STM32F7xx_HAL_Driver/Src/stm32f7xx_hal_dma.c ****     
 815              		.loc 1 436 5 view .LVU293
 816 001c 0023     		movs	r3, #0
 817              	.LVL77:
 436:Drivers/STM32F7xx_HAL_Driver/Src/stm32f7xx_hal_dma.c ****     
 818              		.loc 1 436 5 is_stmt 0 view .LVU294
ARM GAS  /tmp/cc6OwwRl.s 			page 42


 819 001e 84F83430 		strb	r3, [r4, #52]
 436:Drivers/STM32F7xx_HAL_Driver/Src/stm32f7xx_hal_dma.c ****     
 820              		.loc 1 436 5 is_stmt 1 view .LVU295
 439:Drivers/STM32F7xx_HAL_Driver/Src/stm32f7xx_hal_dma.c ****   } 
 821              		.loc 1 439 5 view .LVU296
 822              	.LVL78:
 439:Drivers/STM32F7xx_HAL_Driver/Src/stm32f7xx_hal_dma.c ****   } 
 823              		.loc 1 439 12 is_stmt 0 view .LVU297
 824 0022 0220     		movs	r0, #2
 825              	.LVL79:
 826              	.L53:
 442:Drivers/STM32F7xx_HAL_Driver/Src/stm32f7xx_hal_dma.c **** 
 827              		.loc 1 442 1 view .LVU298
 828 0024 38BD     		pop	{r3, r4, r5, pc}
 829              	.LVL80:
 830              	.L57:
 422:Drivers/STM32F7xx_HAL_Driver/Src/stm32f7xx_hal_dma.c ****     
 831              		.loc 1 422 5 is_stmt 1 view .LVU299
 422:Drivers/STM32F7xx_HAL_Driver/Src/stm32f7xx_hal_dma.c ****     
 832              		.loc 1 422 17 is_stmt 0 view .LVU300
 833 0026 0220     		movs	r0, #2
 834 0028 84F83500 		strb	r0, [r4, #53]
 425:Drivers/STM32F7xx_HAL_Driver/Src/stm32f7xx_hal_dma.c ****     
 835              		.loc 1 425 5 is_stmt 1 view .LVU301
 425:Drivers/STM32F7xx_HAL_Driver/Src/stm32f7xx_hal_dma.c ****     
 836              		.loc 1 425 21 is_stmt 0 view .LVU302
 837 002c 0025     		movs	r5, #0
 838 002e 6565     		str	r5, [r4, #84]
 428:Drivers/STM32F7xx_HAL_Driver/Src/stm32f7xx_hal_dma.c **** 
 839              		.loc 1 428 5 is_stmt 1 view .LVU303
 840 0030 2046     		mov	r0, r4
 841 0032 FFF7FEFF 		bl	DMA_SetConfig
 842              	.LVL81:
 431:Drivers/STM32F7xx_HAL_Driver/Src/stm32f7xx_hal_dma.c ****   }
 843              		.loc 1 431 5 view .LVU304
 844 0036 2268     		ldr	r2, [r4]
 845 0038 1368     		ldr	r3, [r2]
 846 003a 43F00103 		orr	r3, r3, #1
 847 003e 1360     		str	r3, [r2]
 411:Drivers/STM32F7xx_HAL_Driver/Src/stm32f7xx_hal_dma.c ****   
 848              		.loc 1 411 21 is_stmt 0 view .LVU305
 849 0040 2846     		mov	r0, r5
 850 0042 EFE7     		b	.L53
 851              	.LVL82:
 852              	.L55:
 417:Drivers/STM32F7xx_HAL_Driver/Src/stm32f7xx_hal_dma.c **** 
 853              		.loc 1 417 3 view .LVU306
 854 0044 0220     		movs	r0, #2
 855 0046 EDE7     		b	.L53
 856              		.cfi_endproc
 857              	.LFE143:
 859              		.section	.text.HAL_DMA_Start_IT,"ax",%progbits
 860              		.align	1
 861              		.global	HAL_DMA_Start_IT
 862              		.syntax unified
 863              		.thumb
 864              		.thumb_func
ARM GAS  /tmp/cc6OwwRl.s 			page 43


 866              	HAL_DMA_Start_IT:
 867              	.LVL83:
 868              	.LFB144:
 454:Drivers/STM32F7xx_HAL_Driver/Src/stm32f7xx_hal_dma.c ****   HAL_StatusTypeDef status = HAL_OK;
 869              		.loc 1 454 1 is_stmt 1 view -0
 870              		.cfi_startproc
 871              		@ args = 0, pretend = 0, frame = 0
 872              		@ frame_needed = 0, uses_anonymous_args = 0
 454:Drivers/STM32F7xx_HAL_Driver/Src/stm32f7xx_hal_dma.c ****   HAL_StatusTypeDef status = HAL_OK;
 873              		.loc 1 454 1 is_stmt 0 view .LVU308
 874 0000 38B5     		push	{r3, r4, r5, lr}
 875              	.LCFI10:
 876              		.cfi_def_cfa_offset 16
 877              		.cfi_offset 3, -16
 878              		.cfi_offset 4, -12
 879              		.cfi_offset 5, -8
 880              		.cfi_offset 14, -4
 881 0002 0446     		mov	r4, r0
 455:Drivers/STM32F7xx_HAL_Driver/Src/stm32f7xx_hal_dma.c **** 
 882              		.loc 1 455 3 is_stmt 1 view .LVU309
 883              	.LVL84:
 458:Drivers/STM32F7xx_HAL_Driver/Src/stm32f7xx_hal_dma.c ****   
 884              		.loc 1 458 3 view .LVU310
 458:Drivers/STM32F7xx_HAL_Driver/Src/stm32f7xx_hal_dma.c ****   
 885              		.loc 1 458 56 is_stmt 0 view .LVU311
 886 0004 856D     		ldr	r5, [r0, #88]
 887              	.LVL85:
 461:Drivers/STM32F7xx_HAL_Driver/Src/stm32f7xx_hal_dma.c ****  
 888              		.loc 1 461 3 is_stmt 1 view .LVU312
 464:Drivers/STM32F7xx_HAL_Driver/Src/stm32f7xx_hal_dma.c ****   
 889              		.loc 1 464 3 view .LVU313
 464:Drivers/STM32F7xx_HAL_Driver/Src/stm32f7xx_hal_dma.c ****   
 890              		.loc 1 464 3 view .LVU314
 891 0006 90F83400 		ldrb	r0, [r0, #52]	@ zero_extendqisi2
 892              	.LVL86:
 464:Drivers/STM32F7xx_HAL_Driver/Src/stm32f7xx_hal_dma.c ****   
 893              		.loc 1 464 3 is_stmt 0 view .LVU315
 894 000a 0128     		cmp	r0, #1
 895 000c 30D0     		beq	.L62
 464:Drivers/STM32F7xx_HAL_Driver/Src/stm32f7xx_hal_dma.c ****   
 896              		.loc 1 464 3 is_stmt 1 discriminator 2 view .LVU316
 897 000e 0120     		movs	r0, #1
 898 0010 84F83400 		strb	r0, [r4, #52]
 464:Drivers/STM32F7xx_HAL_Driver/Src/stm32f7xx_hal_dma.c ****   
 899              		.loc 1 464 3 discriminator 2 view .LVU317
 466:Drivers/STM32F7xx_HAL_Driver/Src/stm32f7xx_hal_dma.c ****   {
 900              		.loc 1 466 3 discriminator 2 view .LVU318
 466:Drivers/STM32F7xx_HAL_Driver/Src/stm32f7xx_hal_dma.c ****   {
 901              		.loc 1 466 33 is_stmt 0 discriminator 2 view .LVU319
 902 0014 94F83500 		ldrb	r0, [r4, #53]	@ zero_extendqisi2
 903 0018 C0B2     		uxtb	r0, r0
 466:Drivers/STM32F7xx_HAL_Driver/Src/stm32f7xx_hal_dma.c ****   {
 904              		.loc 1 466 5 discriminator 2 view .LVU320
 905 001a 0128     		cmp	r0, #1
 906 001c 04D0     		beq	.L64
 495:Drivers/STM32F7xx_HAL_Driver/Src/stm32f7xx_hal_dma.c ****     
 907              		.loc 1 495 5 is_stmt 1 view .LVU321
ARM GAS  /tmp/cc6OwwRl.s 			page 44


 495:Drivers/STM32F7xx_HAL_Driver/Src/stm32f7xx_hal_dma.c ****     
 908              		.loc 1 495 5 view .LVU322
 909 001e 0023     		movs	r3, #0
 910              	.LVL87:
 495:Drivers/STM32F7xx_HAL_Driver/Src/stm32f7xx_hal_dma.c ****     
 911              		.loc 1 495 5 is_stmt 0 view .LVU323
 912 0020 84F83430 		strb	r3, [r4, #52]
 495:Drivers/STM32F7xx_HAL_Driver/Src/stm32f7xx_hal_dma.c ****     
 913              		.loc 1 495 5 is_stmt 1 view .LVU324
 498:Drivers/STM32F7xx_HAL_Driver/Src/stm32f7xx_hal_dma.c ****   }
 914              		.loc 1 498 5 view .LVU325
 915              	.LVL88:
 498:Drivers/STM32F7xx_HAL_Driver/Src/stm32f7xx_hal_dma.c ****   }
 916              		.loc 1 498 12 is_stmt 0 view .LVU326
 917 0024 0220     		movs	r0, #2
 918              	.LVL89:
 919              	.L59:
 502:Drivers/STM32F7xx_HAL_Driver/Src/stm32f7xx_hal_dma.c **** 
 920              		.loc 1 502 1 view .LVU327
 921 0026 38BD     		pop	{r3, r4, r5, pc}
 922              	.LVL90:
 923              	.L64:
 469:Drivers/STM32F7xx_HAL_Driver/Src/stm32f7xx_hal_dma.c ****     
 924              		.loc 1 469 5 is_stmt 1 view .LVU328
 469:Drivers/STM32F7xx_HAL_Driver/Src/stm32f7xx_hal_dma.c ****     
 925              		.loc 1 469 17 is_stmt 0 view .LVU329
 926 0028 0220     		movs	r0, #2
 927 002a 84F83500 		strb	r0, [r4, #53]
 472:Drivers/STM32F7xx_HAL_Driver/Src/stm32f7xx_hal_dma.c ****     
 928              		.loc 1 472 5 is_stmt 1 view .LVU330
 472:Drivers/STM32F7xx_HAL_Driver/Src/stm32f7xx_hal_dma.c ****     
 929              		.loc 1 472 21 is_stmt 0 view .LVU331
 930 002e 0020     		movs	r0, #0
 931 0030 6065     		str	r0, [r4, #84]
 475:Drivers/STM32F7xx_HAL_Driver/Src/stm32f7xx_hal_dma.c ****     
 932              		.loc 1 475 5 is_stmt 1 view .LVU332
 933 0032 2046     		mov	r0, r4
 934 0034 FFF7FEFF 		bl	DMA_SetConfig
 935              	.LVL91:
 478:Drivers/STM32F7xx_HAL_Driver/Src/stm32f7xx_hal_dma.c ****     
 936              		.loc 1 478 5 view .LVU333
 478:Drivers/STM32F7xx_HAL_Driver/Src/stm32f7xx_hal_dma.c ****     
 937              		.loc 1 478 31 is_stmt 0 view .LVU334
 938 0038 E26D     		ldr	r2, [r4, #92]
 478:Drivers/STM32F7xx_HAL_Driver/Src/stm32f7xx_hal_dma.c ****     
 939              		.loc 1 478 24 view .LVU335
 940 003a 3F23     		movs	r3, #63
 941 003c 9340     		lsls	r3, r3, r2
 478:Drivers/STM32F7xx_HAL_Driver/Src/stm32f7xx_hal_dma.c ****     
 942              		.loc 1 478 16 view .LVU336
 943 003e AB60     		str	r3, [r5, #8]
 481:Drivers/STM32F7xx_HAL_Driver/Src/stm32f7xx_hal_dma.c ****     hdma->Instance->FCR |= DMA_IT_FE;
 944              		.loc 1 481 5 is_stmt 1 view .LVU337
 481:Drivers/STM32F7xx_HAL_Driver/Src/stm32f7xx_hal_dma.c ****     hdma->Instance->FCR |= DMA_IT_FE;
 945              		.loc 1 481 9 is_stmt 0 view .LVU338
 946 0040 2268     		ldr	r2, [r4]
 481:Drivers/STM32F7xx_HAL_Driver/Src/stm32f7xx_hal_dma.c ****     hdma->Instance->FCR |= DMA_IT_FE;
ARM GAS  /tmp/cc6OwwRl.s 			page 45


 947              		.loc 1 481 19 view .LVU339
 948 0042 1368     		ldr	r3, [r2]
 481:Drivers/STM32F7xx_HAL_Driver/Src/stm32f7xx_hal_dma.c ****     hdma->Instance->FCR |= DMA_IT_FE;
 949              		.loc 1 481 25 view .LVU340
 950 0044 43F01603 		orr	r3, r3, #22
 951 0048 1360     		str	r3, [r2]
 482:Drivers/STM32F7xx_HAL_Driver/Src/stm32f7xx_hal_dma.c ****     
 952              		.loc 1 482 5 is_stmt 1 view .LVU341
 482:Drivers/STM32F7xx_HAL_Driver/Src/stm32f7xx_hal_dma.c ****     
 953              		.loc 1 482 9 is_stmt 0 view .LVU342
 954 004a 2268     		ldr	r2, [r4]
 482:Drivers/STM32F7xx_HAL_Driver/Src/stm32f7xx_hal_dma.c ****     
 955              		.loc 1 482 19 view .LVU343
 956 004c 5369     		ldr	r3, [r2, #20]
 482:Drivers/STM32F7xx_HAL_Driver/Src/stm32f7xx_hal_dma.c ****     
 957              		.loc 1 482 25 view .LVU344
 958 004e 43F08003 		orr	r3, r3, #128
 959 0052 5361     		str	r3, [r2, #20]
 484:Drivers/STM32F7xx_HAL_Driver/Src/stm32f7xx_hal_dma.c ****     {
 960              		.loc 1 484 5 is_stmt 1 view .LVU345
 484:Drivers/STM32F7xx_HAL_Driver/Src/stm32f7xx_hal_dma.c ****     {
 961              		.loc 1 484 12 is_stmt 0 view .LVU346
 962 0054 236C     		ldr	r3, [r4, #64]
 484:Drivers/STM32F7xx_HAL_Driver/Src/stm32f7xx_hal_dma.c ****     {
 963              		.loc 1 484 7 view .LVU347
 964 0056 23B1     		cbz	r3, .L61
 486:Drivers/STM32F7xx_HAL_Driver/Src/stm32f7xx_hal_dma.c ****     }
 965              		.loc 1 486 7 is_stmt 1 view .LVU348
 486:Drivers/STM32F7xx_HAL_Driver/Src/stm32f7xx_hal_dma.c ****     }
 966              		.loc 1 486 11 is_stmt 0 view .LVU349
 967 0058 2268     		ldr	r2, [r4]
 486:Drivers/STM32F7xx_HAL_Driver/Src/stm32f7xx_hal_dma.c ****     }
 968              		.loc 1 486 21 view .LVU350
 969 005a 1368     		ldr	r3, [r2]
 486:Drivers/STM32F7xx_HAL_Driver/Src/stm32f7xx_hal_dma.c ****     }
 970              		.loc 1 486 27 view .LVU351
 971 005c 43F00803 		orr	r3, r3, #8
 972 0060 1360     		str	r3, [r2]
 973              	.L61:
 490:Drivers/STM32F7xx_HAL_Driver/Src/stm32f7xx_hal_dma.c ****   }
 974              		.loc 1 490 5 is_stmt 1 view .LVU352
 975 0062 2268     		ldr	r2, [r4]
 976 0064 1368     		ldr	r3, [r2]
 977 0066 43F00103 		orr	r3, r3, #1
 978 006a 1360     		str	r3, [r2]
 455:Drivers/STM32F7xx_HAL_Driver/Src/stm32f7xx_hal_dma.c **** 
 979              		.loc 1 455 21 is_stmt 0 view .LVU353
 980 006c 0020     		movs	r0, #0
 981 006e DAE7     		b	.L59
 982              	.LVL92:
 983              	.L62:
 464:Drivers/STM32F7xx_HAL_Driver/Src/stm32f7xx_hal_dma.c ****   
 984              		.loc 1 464 3 view .LVU354
 985 0070 0220     		movs	r0, #2
 986 0072 D8E7     		b	.L59
 987              		.cfi_endproc
 988              	.LFE144:
ARM GAS  /tmp/cc6OwwRl.s 			page 46


 990              		.section	.text.HAL_DMA_Abort,"ax",%progbits
 991              		.align	1
 992              		.global	HAL_DMA_Abort
 993              		.syntax unified
 994              		.thumb
 995              		.thumb_func
 997              	HAL_DMA_Abort:
 998              	.LVL93:
 999              	.LFB145:
 517:Drivers/STM32F7xx_HAL_Driver/Src/stm32f7xx_hal_dma.c ****   /* calculate DMA base and stream number */
 1000              		.loc 1 517 1 is_stmt 1 view -0
 1001              		.cfi_startproc
 1002              		@ args = 0, pretend = 0, frame = 0
 1003              		@ frame_needed = 0, uses_anonymous_args = 0
 517:Drivers/STM32F7xx_HAL_Driver/Src/stm32f7xx_hal_dma.c ****   /* calculate DMA base and stream number */
 1004              		.loc 1 517 1 is_stmt 0 view .LVU356
 1005 0000 70B5     		push	{r4, r5, r6, lr}
 1006              	.LCFI11:
 1007              		.cfi_def_cfa_offset 16
 1008              		.cfi_offset 4, -16
 1009              		.cfi_offset 5, -12
 1010              		.cfi_offset 6, -8
 1011              		.cfi_offset 14, -4
 1012 0002 0446     		mov	r4, r0
 519:Drivers/STM32F7xx_HAL_Driver/Src/stm32f7xx_hal_dma.c ****   
 1013              		.loc 1 519 3 is_stmt 1 view .LVU357
 519:Drivers/STM32F7xx_HAL_Driver/Src/stm32f7xx_hal_dma.c ****   
 1014              		.loc 1 519 56 is_stmt 0 view .LVU358
 1015 0004 866D     		ldr	r6, [r0, #88]
 1016              	.LVL94:
 521:Drivers/STM32F7xx_HAL_Driver/Src/stm32f7xx_hal_dma.c ****   
 1017              		.loc 1 521 3 is_stmt 1 view .LVU359
 521:Drivers/STM32F7xx_HAL_Driver/Src/stm32f7xx_hal_dma.c ****   
 1018              		.loc 1 521 24 is_stmt 0 view .LVU360
 1019 0006 FFF7FEFF 		bl	HAL_GetTick
 1020              	.LVL95:
 523:Drivers/STM32F7xx_HAL_Driver/Src/stm32f7xx_hal_dma.c ****   {
 1021              		.loc 1 523 3 is_stmt 1 view .LVU361
 523:Drivers/STM32F7xx_HAL_Driver/Src/stm32f7xx_hal_dma.c ****   {
 1022              		.loc 1 523 10 is_stmt 0 view .LVU362
 1023 000a 94F83530 		ldrb	r3, [r4, #53]	@ zero_extendqisi2
 1024 000e DBB2     		uxtb	r3, r3
 523:Drivers/STM32F7xx_HAL_Driver/Src/stm32f7xx_hal_dma.c ****   {
 1025              		.loc 1 523 5 view .LVU363
 1026 0010 022B     		cmp	r3, #2
 1027 0012 06D0     		beq	.L66
 525:Drivers/STM32F7xx_HAL_Driver/Src/stm32f7xx_hal_dma.c ****     
 1028              		.loc 1 525 5 is_stmt 1 view .LVU364
 525:Drivers/STM32F7xx_HAL_Driver/Src/stm32f7xx_hal_dma.c ****     
 1029              		.loc 1 525 21 is_stmt 0 view .LVU365
 1030 0014 8023     		movs	r3, #128
 1031 0016 6365     		str	r3, [r4, #84]
 528:Drivers/STM32F7xx_HAL_Driver/Src/stm32f7xx_hal_dma.c ****     
 1032              		.loc 1 528 5 is_stmt 1 view .LVU366
 528:Drivers/STM32F7xx_HAL_Driver/Src/stm32f7xx_hal_dma.c ****     
 1033              		.loc 1 528 5 view .LVU367
 1034 0018 0023     		movs	r3, #0
ARM GAS  /tmp/cc6OwwRl.s 			page 47


 1035 001a 84F83430 		strb	r3, [r4, #52]
 528:Drivers/STM32F7xx_HAL_Driver/Src/stm32f7xx_hal_dma.c ****     
 1036              		.loc 1 528 5 view .LVU368
 530:Drivers/STM32F7xx_HAL_Driver/Src/stm32f7xx_hal_dma.c ****   }
 1037              		.loc 1 530 5 view .LVU369
 530:Drivers/STM32F7xx_HAL_Driver/Src/stm32f7xx_hal_dma.c ****   }
 1038              		.loc 1 530 12 is_stmt 0 view .LVU370
 1039 001e 0120     		movs	r0, #1
 1040              	.LVL96:
 1041              	.L67:
 576:Drivers/STM32F7xx_HAL_Driver/Src/stm32f7xx_hal_dma.c **** 
 1042              		.loc 1 576 1 view .LVU371
 1043 0020 70BD     		pop	{r4, r5, r6, pc}
 1044              	.LVL97:
 1045              	.L66:
 576:Drivers/STM32F7xx_HAL_Driver/Src/stm32f7xx_hal_dma.c **** 
 1046              		.loc 1 576 1 view .LVU372
 1047 0022 0546     		mov	r5, r0
 535:Drivers/STM32F7xx_HAL_Driver/Src/stm32f7xx_hal_dma.c ****     hdma->Instance->FCR &= ~(DMA_IT_FE);
 1048              		.loc 1 535 5 is_stmt 1 view .LVU373
 535:Drivers/STM32F7xx_HAL_Driver/Src/stm32f7xx_hal_dma.c ****     hdma->Instance->FCR &= ~(DMA_IT_FE);
 1049              		.loc 1 535 9 is_stmt 0 view .LVU374
 1050 0024 2268     		ldr	r2, [r4]
 535:Drivers/STM32F7xx_HAL_Driver/Src/stm32f7xx_hal_dma.c ****     hdma->Instance->FCR &= ~(DMA_IT_FE);
 1051              		.loc 1 535 19 view .LVU375
 1052 0026 1368     		ldr	r3, [r2]
 535:Drivers/STM32F7xx_HAL_Driver/Src/stm32f7xx_hal_dma.c ****     hdma->Instance->FCR &= ~(DMA_IT_FE);
 1053              		.loc 1 535 25 view .LVU376
 1054 0028 23F01603 		bic	r3, r3, #22
 1055 002c 1360     		str	r3, [r2]
 536:Drivers/STM32F7xx_HAL_Driver/Src/stm32f7xx_hal_dma.c ****     
 1056              		.loc 1 536 5 is_stmt 1 view .LVU377
 536:Drivers/STM32F7xx_HAL_Driver/Src/stm32f7xx_hal_dma.c ****     
 1057              		.loc 1 536 9 is_stmt 0 view .LVU378
 1058 002e 2268     		ldr	r2, [r4]
 536:Drivers/STM32F7xx_HAL_Driver/Src/stm32f7xx_hal_dma.c ****     
 1059              		.loc 1 536 19 view .LVU379
 1060 0030 5369     		ldr	r3, [r2, #20]
 536:Drivers/STM32F7xx_HAL_Driver/Src/stm32f7xx_hal_dma.c ****     
 1061              		.loc 1 536 25 view .LVU380
 1062 0032 23F08003 		bic	r3, r3, #128
 1063 0036 5361     		str	r3, [r2, #20]
 538:Drivers/STM32F7xx_HAL_Driver/Src/stm32f7xx_hal_dma.c ****     {
 1064              		.loc 1 538 5 is_stmt 1 view .LVU381
 538:Drivers/STM32F7xx_HAL_Driver/Src/stm32f7xx_hal_dma.c ****     {
 1065              		.loc 1 538 13 is_stmt 0 view .LVU382
 1066 0038 236C     		ldr	r3, [r4, #64]
 538:Drivers/STM32F7xx_HAL_Driver/Src/stm32f7xx_hal_dma.c ****     {
 1067              		.loc 1 538 7 view .LVU383
 1068 003a E3B1     		cbz	r3, .L73
 1069              	.L68:
 540:Drivers/STM32F7xx_HAL_Driver/Src/stm32f7xx_hal_dma.c ****     }
 1070              		.loc 1 540 7 is_stmt 1 view .LVU384
 540:Drivers/STM32F7xx_HAL_Driver/Src/stm32f7xx_hal_dma.c ****     }
 1071              		.loc 1 540 11 is_stmt 0 view .LVU385
 1072 003c 2268     		ldr	r2, [r4]
 540:Drivers/STM32F7xx_HAL_Driver/Src/stm32f7xx_hal_dma.c ****     }
ARM GAS  /tmp/cc6OwwRl.s 			page 48


 1073              		.loc 1 540 21 view .LVU386
 1074 003e 1368     		ldr	r3, [r2]
 540:Drivers/STM32F7xx_HAL_Driver/Src/stm32f7xx_hal_dma.c ****     }
 1075              		.loc 1 540 27 view .LVU387
 1076 0040 23F00803 		bic	r3, r3, #8
 1077 0044 1360     		str	r3, [r2]
 1078              	.L69:
 544:Drivers/STM32F7xx_HAL_Driver/Src/stm32f7xx_hal_dma.c ****     
 1079              		.loc 1 544 5 is_stmt 1 view .LVU388
 1080 0046 2268     		ldr	r2, [r4]
 1081 0048 1368     		ldr	r3, [r2]
 1082 004a 23F00103 		bic	r3, r3, #1
 1083 004e 1360     		str	r3, [r2]
 547:Drivers/STM32F7xx_HAL_Driver/Src/stm32f7xx_hal_dma.c ****     {
 1084              		.loc 1 547 5 view .LVU389
 1085              	.LVL98:
 1086              	.L70:
 547:Drivers/STM32F7xx_HAL_Driver/Src/stm32f7xx_hal_dma.c ****     {
 1087              		.loc 1 547 46 view .LVU390
 547:Drivers/STM32F7xx_HAL_Driver/Src/stm32f7xx_hal_dma.c ****     {
 1088              		.loc 1 547 16 is_stmt 0 view .LVU391
 1089 0050 2368     		ldr	r3, [r4]
 547:Drivers/STM32F7xx_HAL_Driver/Src/stm32f7xx_hal_dma.c ****     {
 1090              		.loc 1 547 26 view .LVU392
 1091 0052 1B68     		ldr	r3, [r3]
 547:Drivers/STM32F7xx_HAL_Driver/Src/stm32f7xx_hal_dma.c ****     {
 1092              		.loc 1 547 46 view .LVU393
 1093 0054 13F0010F 		tst	r3, #1
 1094 0058 11D0     		beq	.L74
 550:Drivers/STM32F7xx_HAL_Driver/Src/stm32f7xx_hal_dma.c ****       {
 1095              		.loc 1 550 7 is_stmt 1 view .LVU394
 550:Drivers/STM32F7xx_HAL_Driver/Src/stm32f7xx_hal_dma.c ****       {
 1096              		.loc 1 550 11 is_stmt 0 view .LVU395
 1097 005a FFF7FEFF 		bl	HAL_GetTick
 1098              	.LVL99:
 550:Drivers/STM32F7xx_HAL_Driver/Src/stm32f7xx_hal_dma.c ****       {
 1099              		.loc 1 550 25 view .LVU396
 1100 005e 431B     		subs	r3, r0, r5
 550:Drivers/STM32F7xx_HAL_Driver/Src/stm32f7xx_hal_dma.c ****       {
 1101              		.loc 1 550 9 view .LVU397
 1102 0060 052B     		cmp	r3, #5
 1103 0062 F5D9     		bls	.L70
 553:Drivers/STM32F7xx_HAL_Driver/Src/stm32f7xx_hal_dma.c ****         
 1104              		.loc 1 553 9 is_stmt 1 view .LVU398
 553:Drivers/STM32F7xx_HAL_Driver/Src/stm32f7xx_hal_dma.c ****         
 1105              		.loc 1 553 25 is_stmt 0 view .LVU399
 1106 0064 2023     		movs	r3, #32
 1107 0066 6365     		str	r3, [r4, #84]
 556:Drivers/STM32F7xx_HAL_Driver/Src/stm32f7xx_hal_dma.c ****         
 1108              		.loc 1 556 9 is_stmt 1 view .LVU400
 556:Drivers/STM32F7xx_HAL_Driver/Src/stm32f7xx_hal_dma.c ****         
 1109              		.loc 1 556 21 is_stmt 0 view .LVU401
 1110 0068 0320     		movs	r0, #3
 1111 006a 84F83500 		strb	r0, [r4, #53]
 559:Drivers/STM32F7xx_HAL_Driver/Src/stm32f7xx_hal_dma.c **** 
 1112              		.loc 1 559 9 is_stmt 1 view .LVU402
 559:Drivers/STM32F7xx_HAL_Driver/Src/stm32f7xx_hal_dma.c **** 
ARM GAS  /tmp/cc6OwwRl.s 			page 49


 1113              		.loc 1 559 9 view .LVU403
 1114 006e 0023     		movs	r3, #0
 1115 0070 84F83430 		strb	r3, [r4, #52]
 559:Drivers/STM32F7xx_HAL_Driver/Src/stm32f7xx_hal_dma.c **** 
 1116              		.loc 1 559 9 view .LVU404
 561:Drivers/STM32F7xx_HAL_Driver/Src/stm32f7xx_hal_dma.c ****       }
 1117              		.loc 1 561 9 view .LVU405
 561:Drivers/STM32F7xx_HAL_Driver/Src/stm32f7xx_hal_dma.c ****       }
 1118              		.loc 1 561 16 is_stmt 0 view .LVU406
 1119 0074 D4E7     		b	.L67
 1120              	.LVL100:
 1121              	.L73:
 538:Drivers/STM32F7xx_HAL_Driver/Src/stm32f7xx_hal_dma.c ****     {
 1122              		.loc 1 538 53 discriminator 1 view .LVU407
 1123 0076 A36C     		ldr	r3, [r4, #72]
 538:Drivers/STM32F7xx_HAL_Driver/Src/stm32f7xx_hal_dma.c ****     {
 1124              		.loc 1 538 45 discriminator 1 view .LVU408
 1125 0078 002B     		cmp	r3, #0
 1126 007a DFD1     		bne	.L68
 1127 007c E3E7     		b	.L69
 1128              	.LVL101:
 1129              	.L74:
 566:Drivers/STM32F7xx_HAL_Driver/Src/stm32f7xx_hal_dma.c ****     
 1130              		.loc 1 566 5 is_stmt 1 view .LVU409
 566:Drivers/STM32F7xx_HAL_Driver/Src/stm32f7xx_hal_dma.c ****     
 1131              		.loc 1 566 31 is_stmt 0 view .LVU410
 1132 007e E26D     		ldr	r2, [r4, #92]
 566:Drivers/STM32F7xx_HAL_Driver/Src/stm32f7xx_hal_dma.c ****     
 1133              		.loc 1 566 24 view .LVU411
 1134 0080 3F23     		movs	r3, #63
 1135 0082 9340     		lsls	r3, r3, r2
 566:Drivers/STM32F7xx_HAL_Driver/Src/stm32f7xx_hal_dma.c ****     
 1136              		.loc 1 566 16 view .LVU412
 1137 0084 B360     		str	r3, [r6, #8]
 569:Drivers/STM32F7xx_HAL_Driver/Src/stm32f7xx_hal_dma.c ****     
 1138              		.loc 1 569 5 is_stmt 1 view .LVU413
 569:Drivers/STM32F7xx_HAL_Driver/Src/stm32f7xx_hal_dma.c ****     
 1139              		.loc 1 569 17 is_stmt 0 view .LVU414
 1140 0086 0123     		movs	r3, #1
 1141 0088 84F83530 		strb	r3, [r4, #53]
 572:Drivers/STM32F7xx_HAL_Driver/Src/stm32f7xx_hal_dma.c ****     
 1142              		.loc 1 572 5 is_stmt 1 view .LVU415
 572:Drivers/STM32F7xx_HAL_Driver/Src/stm32f7xx_hal_dma.c ****     
 1143              		.loc 1 572 5 view .LVU416
 1144 008c 0020     		movs	r0, #0
 1145 008e 84F83400 		strb	r0, [r4, #52]
 572:Drivers/STM32F7xx_HAL_Driver/Src/stm32f7xx_hal_dma.c ****     
 1146              		.loc 1 572 5 view .LVU417
 575:Drivers/STM32F7xx_HAL_Driver/Src/stm32f7xx_hal_dma.c **** }
 1147              		.loc 1 575 3 view .LVU418
 575:Drivers/STM32F7xx_HAL_Driver/Src/stm32f7xx_hal_dma.c **** }
 1148              		.loc 1 575 10 is_stmt 0 view .LVU419
 1149 0092 C5E7     		b	.L67
 1150              		.cfi_endproc
 1151              	.LFE145:
 1153              		.section	.text.HAL_DMA_Abort_IT,"ax",%progbits
 1154              		.align	1
ARM GAS  /tmp/cc6OwwRl.s 			page 50


 1155              		.global	HAL_DMA_Abort_IT
 1156              		.syntax unified
 1157              		.thumb
 1158              		.thumb_func
 1160              	HAL_DMA_Abort_IT:
 1161              	.LVL102:
 1162              	.LFB146:
 585:Drivers/STM32F7xx_HAL_Driver/Src/stm32f7xx_hal_dma.c ****   if(hdma->State != HAL_DMA_STATE_BUSY)
 1163              		.loc 1 585 1 is_stmt 1 view -0
 1164              		.cfi_startproc
 1165              		@ args = 0, pretend = 0, frame = 0
 1166              		@ frame_needed = 0, uses_anonymous_args = 0
 1167              		@ link register save eliminated.
 586:Drivers/STM32F7xx_HAL_Driver/Src/stm32f7xx_hal_dma.c ****   {
 1168              		.loc 1 586 3 view .LVU421
 586:Drivers/STM32F7xx_HAL_Driver/Src/stm32f7xx_hal_dma.c ****   {
 1169              		.loc 1 586 10 is_stmt 0 view .LVU422
 1170 0000 90F83530 		ldrb	r3, [r0, #53]	@ zero_extendqisi2
 1171 0004 DBB2     		uxtb	r3, r3
 586:Drivers/STM32F7xx_HAL_Driver/Src/stm32f7xx_hal_dma.c ****   {
 1172              		.loc 1 586 5 view .LVU423
 1173 0006 022B     		cmp	r3, #2
 1174 0008 03D0     		beq	.L76
 588:Drivers/STM32F7xx_HAL_Driver/Src/stm32f7xx_hal_dma.c ****     return HAL_ERROR;
 1175              		.loc 1 588 5 is_stmt 1 view .LVU424
 588:Drivers/STM32F7xx_HAL_Driver/Src/stm32f7xx_hal_dma.c ****     return HAL_ERROR;
 1176              		.loc 1 588 21 is_stmt 0 view .LVU425
 1177 000a 8023     		movs	r3, #128
 1178 000c 4365     		str	r3, [r0, #84]
 589:Drivers/STM32F7xx_HAL_Driver/Src/stm32f7xx_hal_dma.c ****   }
 1179              		.loc 1 589 5 is_stmt 1 view .LVU426
 589:Drivers/STM32F7xx_HAL_Driver/Src/stm32f7xx_hal_dma.c ****   }
 1180              		.loc 1 589 12 is_stmt 0 view .LVU427
 1181 000e 0120     		movs	r0, #1
 1182              	.LVL103:
 589:Drivers/STM32F7xx_HAL_Driver/Src/stm32f7xx_hal_dma.c ****   }
 1183              		.loc 1 589 12 view .LVU428
 1184 0010 7047     		bx	lr
 1185              	.LVL104:
 1186              	.L76:
 594:Drivers/STM32F7xx_HAL_Driver/Src/stm32f7xx_hal_dma.c ****     
 1187              		.loc 1 594 5 is_stmt 1 view .LVU429
 594:Drivers/STM32F7xx_HAL_Driver/Src/stm32f7xx_hal_dma.c ****     
 1188              		.loc 1 594 17 is_stmt 0 view .LVU430
 1189 0012 0523     		movs	r3, #5
 1190 0014 80F83530 		strb	r3, [r0, #53]
 597:Drivers/STM32F7xx_HAL_Driver/Src/stm32f7xx_hal_dma.c ****   }
 1191              		.loc 1 597 5 is_stmt 1 view .LVU431
 1192 0018 0268     		ldr	r2, [r0]
 1193 001a 1368     		ldr	r3, [r2]
 1194 001c 23F00103 		bic	r3, r3, #1
 1195 0020 1360     		str	r3, [r2]
 600:Drivers/STM32F7xx_HAL_Driver/Src/stm32f7xx_hal_dma.c **** }
 1196              		.loc 1 600 3 view .LVU432
 600:Drivers/STM32F7xx_HAL_Driver/Src/stm32f7xx_hal_dma.c **** }
 1197              		.loc 1 600 10 is_stmt 0 view .LVU433
 1198 0022 0020     		movs	r0, #0
ARM GAS  /tmp/cc6OwwRl.s 			page 51


 1199              	.LVL105:
 601:Drivers/STM32F7xx_HAL_Driver/Src/stm32f7xx_hal_dma.c **** 
 1200              		.loc 1 601 1 view .LVU434
 1201 0024 7047     		bx	lr
 1202              		.cfi_endproc
 1203              	.LFE146:
 1205              		.section	.text.HAL_DMA_PollForTransfer,"ax",%progbits
 1206              		.align	1
 1207              		.global	HAL_DMA_PollForTransfer
 1208              		.syntax unified
 1209              		.thumb
 1210              		.thumb_func
 1212              	HAL_DMA_PollForTransfer:
 1213              	.LVL106:
 1214              	.LFB147:
 615:Drivers/STM32F7xx_HAL_Driver/Src/stm32f7xx_hal_dma.c ****   HAL_StatusTypeDef status = HAL_OK; 
 1215              		.loc 1 615 1 is_stmt 1 view -0
 1216              		.cfi_startproc
 1217              		@ args = 0, pretend = 0, frame = 0
 1218              		@ frame_needed = 0, uses_anonymous_args = 0
 615:Drivers/STM32F7xx_HAL_Driver/Src/stm32f7xx_hal_dma.c ****   HAL_StatusTypeDef status = HAL_OK; 
 1219              		.loc 1 615 1 is_stmt 0 view .LVU436
 1220 0000 2DE9F047 		push	{r4, r5, r6, r7, r8, r9, r10, lr}
 1221              	.LCFI12:
 1222              		.cfi_def_cfa_offset 32
 1223              		.cfi_offset 4, -32
 1224              		.cfi_offset 5, -28
 1225              		.cfi_offset 6, -24
 1226              		.cfi_offset 7, -20
 1227              		.cfi_offset 8, -16
 1228              		.cfi_offset 9, -12
 1229              		.cfi_offset 10, -8
 1230              		.cfi_offset 14, -4
 1231 0004 0446     		mov	r4, r0
 1232 0006 8846     		mov	r8, r1
 1233 0008 1646     		mov	r6, r2
 616:Drivers/STM32F7xx_HAL_Driver/Src/stm32f7xx_hal_dma.c ****   uint32_t mask_cpltlevel;
 1234              		.loc 1 616 3 is_stmt 1 view .LVU437
 1235              	.LVL107:
 617:Drivers/STM32F7xx_HAL_Driver/Src/stm32f7xx_hal_dma.c ****   uint32_t tickstart = HAL_GetTick(); 
 1236              		.loc 1 617 3 view .LVU438
 618:Drivers/STM32F7xx_HAL_Driver/Src/stm32f7xx_hal_dma.c ****   uint32_t tmpisr;
 1237              		.loc 1 618 3 view .LVU439
 618:Drivers/STM32F7xx_HAL_Driver/Src/stm32f7xx_hal_dma.c ****   uint32_t tmpisr;
 1238              		.loc 1 618 24 is_stmt 0 view .LVU440
 1239 000a FFF7FEFF 		bl	HAL_GetTick
 1240              	.LVL108:
 619:Drivers/STM32F7xx_HAL_Driver/Src/stm32f7xx_hal_dma.c ****   
 1241              		.loc 1 619 3 is_stmt 1 view .LVU441
 622:Drivers/STM32F7xx_HAL_Driver/Src/stm32f7xx_hal_dma.c **** 
 1242              		.loc 1 622 3 view .LVU442
 624:Drivers/STM32F7xx_HAL_Driver/Src/stm32f7xx_hal_dma.c ****   {
 1243              		.loc 1 624 3 view .LVU443
 624:Drivers/STM32F7xx_HAL_Driver/Src/stm32f7xx_hal_dma.c ****   {
 1244              		.loc 1 624 32 is_stmt 0 view .LVU444
 1245 000e 94F83530 		ldrb	r3, [r4, #53]	@ zero_extendqisi2
 1246 0012 DBB2     		uxtb	r3, r3
ARM GAS  /tmp/cc6OwwRl.s 			page 52


 624:Drivers/STM32F7xx_HAL_Driver/Src/stm32f7xx_hal_dma.c ****   {
 1247              		.loc 1 624 5 view .LVU445
 1248 0014 022B     		cmp	r3, #2
 1249 0016 07D0     		beq	.L79
 627:Drivers/STM32F7xx_HAL_Driver/Src/stm32f7xx_hal_dma.c ****     __HAL_UNLOCK(hdma);
 1250              		.loc 1 627 5 is_stmt 1 view .LVU446
 627:Drivers/STM32F7xx_HAL_Driver/Src/stm32f7xx_hal_dma.c ****     __HAL_UNLOCK(hdma);
 1251              		.loc 1 627 21 is_stmt 0 view .LVU447
 1252 0018 8023     		movs	r3, #128
 1253 001a 6365     		str	r3, [r4, #84]
 628:Drivers/STM32F7xx_HAL_Driver/Src/stm32f7xx_hal_dma.c ****     return HAL_ERROR;
 1254              		.loc 1 628 5 is_stmt 1 view .LVU448
 628:Drivers/STM32F7xx_HAL_Driver/Src/stm32f7xx_hal_dma.c ****     return HAL_ERROR;
 1255              		.loc 1 628 5 view .LVU449
 1256 001c 0023     		movs	r3, #0
 1257 001e 84F83430 		strb	r3, [r4, #52]
 628:Drivers/STM32F7xx_HAL_Driver/Src/stm32f7xx_hal_dma.c ****     return HAL_ERROR;
 1258              		.loc 1 628 5 view .LVU450
 629:Drivers/STM32F7xx_HAL_Driver/Src/stm32f7xx_hal_dma.c ****   }
 1259              		.loc 1 629 5 view .LVU451
 629:Drivers/STM32F7xx_HAL_Driver/Src/stm32f7xx_hal_dma.c ****   }
 1260              		.loc 1 629 12 is_stmt 0 view .LVU452
 1261 0022 0120     		movs	r0, #1
 1262              	.LVL109:
 1263              	.L80:
 743:Drivers/STM32F7xx_HAL_Driver/Src/stm32f7xx_hal_dma.c **** 
 1264              		.loc 1 743 1 view .LVU453
 1265 0024 BDE8F087 		pop	{r4, r5, r6, r7, r8, r9, r10, pc}
 1266              	.LVL110:
 1267              	.L79:
 743:Drivers/STM32F7xx_HAL_Driver/Src/stm32f7xx_hal_dma.c **** 
 1268              		.loc 1 743 1 view .LVU454
 1269 0028 8146     		mov	r9, r0
 633:Drivers/STM32F7xx_HAL_Driver/Src/stm32f7xx_hal_dma.c ****   {
 1270              		.loc 1 633 3 is_stmt 1 view .LVU455
 633:Drivers/STM32F7xx_HAL_Driver/Src/stm32f7xx_hal_dma.c ****   {
 1271              		.loc 1 633 12 is_stmt 0 view .LVU456
 1272 002a 2368     		ldr	r3, [r4]
 633:Drivers/STM32F7xx_HAL_Driver/Src/stm32f7xx_hal_dma.c ****   {
 1273              		.loc 1 633 22 view .LVU457
 1274 002c 1B68     		ldr	r3, [r3]
 633:Drivers/STM32F7xx_HAL_Driver/Src/stm32f7xx_hal_dma.c ****   {
 1275              		.loc 1 633 6 view .LVU458
 1276 002e 13F4807F 		tst	r3, #256
 1277 0032 3BD1     		bne	.L95
 640:Drivers/STM32F7xx_HAL_Driver/Src/stm32f7xx_hal_dma.c ****   {
 1278              		.loc 1 640 3 is_stmt 1 view .LVU459
 640:Drivers/STM32F7xx_HAL_Driver/Src/stm32f7xx_hal_dma.c ****   {
 1279              		.loc 1 640 5 is_stmt 0 view .LVU460
 1280 0034 B8F1000F 		cmp	r8, #0
 1281 0038 3DD1     		bne	.L82
 643:Drivers/STM32F7xx_HAL_Driver/Src/stm32f7xx_hal_dma.c ****   }
 1282              		.loc 1 643 5 is_stmt 1 view .LVU461
 643:Drivers/STM32F7xx_HAL_Driver/Src/stm32f7xx_hal_dma.c ****   }
 1283              		.loc 1 643 46 is_stmt 0 view .LVU462
 1284 003a E36D     		ldr	r3, [r4, #92]
 643:Drivers/STM32F7xx_HAL_Driver/Src/stm32f7xx_hal_dma.c ****   }
ARM GAS  /tmp/cc6OwwRl.s 			page 53


 1285              		.loc 1 643 20 view .LVU463
 1286 003c 4FF0200A 		mov	r10, #32
 1287 0040 0AFA03FA 		lsl	r10, r10, r3
 1288              	.LVL111:
 1289              	.L83:
 651:Drivers/STM32F7xx_HAL_Driver/Src/stm32f7xx_hal_dma.c ****   tmpisr = regs->ISR;
 1290              		.loc 1 651 3 is_stmt 1 view .LVU464
 651:Drivers/STM32F7xx_HAL_Driver/Src/stm32f7xx_hal_dma.c ****   tmpisr = regs->ISR;
 1291              		.loc 1 651 36 is_stmt 0 view .LVU465
 1292 0044 A76D     		ldr	r7, [r4, #88]
 1293              	.LVL112:
 652:Drivers/STM32F7xx_HAL_Driver/Src/stm32f7xx_hal_dma.c ****   
 1294              		.loc 1 652 3 is_stmt 1 view .LVU466
 652:Drivers/STM32F7xx_HAL_Driver/Src/stm32f7xx_hal_dma.c ****   
 1295              		.loc 1 652 10 is_stmt 0 view .LVU467
 1296 0046 3B68     		ldr	r3, [r7]
 1297              	.LVL113:
 654:Drivers/STM32F7xx_HAL_Driver/Src/stm32f7xx_hal_dma.c ****   {
 1298              		.loc 1 654 3 is_stmt 1 view .LVU468
 1299              	.L84:
 654:Drivers/STM32F7xx_HAL_Driver/Src/stm32f7xx_hal_dma.c ****   {
 1300              		.loc 1 654 46 view .LVU469
 1301 0048 1AEA030F 		tst	r10, r3
 1302 004c 43D1     		bne	.L90
 654:Drivers/STM32F7xx_HAL_Driver/Src/stm32f7xx_hal_dma.c ****   {
 1303              		.loc 1 654 55 is_stmt 0 discriminator 1 view .LVU470
 1304 004e 636D     		ldr	r3, [r4, #84]
 1305              	.LVL114:
 654:Drivers/STM32F7xx_HAL_Driver/Src/stm32f7xx_hal_dma.c ****   {
 1306              		.loc 1 654 46 discriminator 1 view .LVU471
 1307 0050 13F0010F 		tst	r3, #1
 1308 0054 3FD1     		bne	.L90
 657:Drivers/STM32F7xx_HAL_Driver/Src/stm32f7xx_hal_dma.c ****     {
 1309              		.loc 1 657 5 is_stmt 1 view .LVU472
 657:Drivers/STM32F7xx_HAL_Driver/Src/stm32f7xx_hal_dma.c ****     {
 1310              		.loc 1 657 7 is_stmt 0 view .LVU473
 1311 0056 B6F1FF3F 		cmp	r6, #-1
 1312 005a 07D0     		beq	.L85
 659:Drivers/STM32F7xx_HAL_Driver/Src/stm32f7xx_hal_dma.c ****       {
 1313              		.loc 1 659 7 is_stmt 1 view .LVU474
 659:Drivers/STM32F7xx_HAL_Driver/Src/stm32f7xx_hal_dma.c ****       {
 1314              		.loc 1 659 9 is_stmt 0 view .LVU475
 1315 005c 002E     		cmp	r6, #0
 1316 005e 30D0     		beq	.L86
 659:Drivers/STM32F7xx_HAL_Driver/Src/stm32f7xx_hal_dma.c ****       {
 1317              		.loc 1 659 28 discriminator 1 view .LVU476
 1318 0060 FFF7FEFF 		bl	HAL_GetTick
 1319              	.LVL115:
 659:Drivers/STM32F7xx_HAL_Driver/Src/stm32f7xx_hal_dma.c ****       {
 1320              		.loc 1 659 42 discriminator 1 view .LVU477
 1321 0064 A0EB0900 		sub	r0, r0, r9
 659:Drivers/STM32F7xx_HAL_Driver/Src/stm32f7xx_hal_dma.c ****       {
 1322              		.loc 1 659 24 discriminator 1 view .LVU478
 1323 0068 B042     		cmp	r0, r6
 1324 006a 2AD8     		bhi	.L86
 1325              	.L85:
 675:Drivers/STM32F7xx_HAL_Driver/Src/stm32f7xx_hal_dma.c **** 
ARM GAS  /tmp/cc6OwwRl.s 			page 54


 1326              		.loc 1 675 5 is_stmt 1 view .LVU479
 675:Drivers/STM32F7xx_HAL_Driver/Src/stm32f7xx_hal_dma.c **** 
 1327              		.loc 1 675 12 is_stmt 0 view .LVU480
 1328 006c 3B68     		ldr	r3, [r7]
 1329              	.LVL116:
 677:Drivers/STM32F7xx_HAL_Driver/Src/stm32f7xx_hal_dma.c ****     {
 1330              		.loc 1 677 5 is_stmt 1 view .LVU481
 677:Drivers/STM32F7xx_HAL_Driver/Src/stm32f7xx_hal_dma.c ****     {
 1331              		.loc 1 677 43 is_stmt 0 view .LVU482
 1332 006e E16D     		ldr	r1, [r4, #92]
 677:Drivers/STM32F7xx_HAL_Driver/Src/stm32f7xx_hal_dma.c ****     {
 1333              		.loc 1 677 36 view .LVU483
 1334 0070 0822     		movs	r2, #8
 1335 0072 8A40     		lsls	r2, r2, r1
 677:Drivers/STM32F7xx_HAL_Driver/Src/stm32f7xx_hal_dma.c ****     {
 1336              		.loc 1 677 7 view .LVU484
 1337 0074 1A42     		tst	r2, r3
 1338 0076 04D0     		beq	.L87
 680:Drivers/STM32F7xx_HAL_Driver/Src/stm32f7xx_hal_dma.c ****       
 1339              		.loc 1 680 7 is_stmt 1 view .LVU485
 680:Drivers/STM32F7xx_HAL_Driver/Src/stm32f7xx_hal_dma.c ****       
 1340              		.loc 1 680 11 is_stmt 0 view .LVU486
 1341 0078 616D     		ldr	r1, [r4, #84]
 680:Drivers/STM32F7xx_HAL_Driver/Src/stm32f7xx_hal_dma.c ****       
 1342              		.loc 1 680 23 view .LVU487
 1343 007a 41F00101 		orr	r1, r1, #1
 1344 007e 6165     		str	r1, [r4, #84]
 683:Drivers/STM32F7xx_HAL_Driver/Src/stm32f7xx_hal_dma.c ****     }
 1345              		.loc 1 683 7 is_stmt 1 view .LVU488
 683:Drivers/STM32F7xx_HAL_Driver/Src/stm32f7xx_hal_dma.c ****     }
 1346              		.loc 1 683 18 is_stmt 0 view .LVU489
 1347 0080 BA60     		str	r2, [r7, #8]
 1348              	.L87:
 686:Drivers/STM32F7xx_HAL_Driver/Src/stm32f7xx_hal_dma.c ****     {
 1349              		.loc 1 686 5 is_stmt 1 view .LVU490
 686:Drivers/STM32F7xx_HAL_Driver/Src/stm32f7xx_hal_dma.c ****     {
 1350              		.loc 1 686 43 is_stmt 0 view .LVU491
 1351 0082 E16D     		ldr	r1, [r4, #92]
 686:Drivers/STM32F7xx_HAL_Driver/Src/stm32f7xx_hal_dma.c ****     {
 1352              		.loc 1 686 36 view .LVU492
 1353 0084 0122     		movs	r2, #1
 1354 0086 8A40     		lsls	r2, r2, r1
 686:Drivers/STM32F7xx_HAL_Driver/Src/stm32f7xx_hal_dma.c ****     {
 1355              		.loc 1 686 7 view .LVU493
 1356 0088 1A42     		tst	r2, r3
 1357 008a 04D0     		beq	.L88
 689:Drivers/STM32F7xx_HAL_Driver/Src/stm32f7xx_hal_dma.c ****       
 1358              		.loc 1 689 7 is_stmt 1 view .LVU494
 689:Drivers/STM32F7xx_HAL_Driver/Src/stm32f7xx_hal_dma.c ****       
 1359              		.loc 1 689 11 is_stmt 0 view .LVU495
 1360 008c 616D     		ldr	r1, [r4, #84]
 689:Drivers/STM32F7xx_HAL_Driver/Src/stm32f7xx_hal_dma.c ****       
 1361              		.loc 1 689 23 view .LVU496
 1362 008e 41F00201 		orr	r1, r1, #2
 1363 0092 6165     		str	r1, [r4, #84]
 692:Drivers/STM32F7xx_HAL_Driver/Src/stm32f7xx_hal_dma.c ****     }
 1364              		.loc 1 692 7 is_stmt 1 view .LVU497
ARM GAS  /tmp/cc6OwwRl.s 			page 55


 692:Drivers/STM32F7xx_HAL_Driver/Src/stm32f7xx_hal_dma.c ****     }
 1365              		.loc 1 692 18 is_stmt 0 view .LVU498
 1366 0094 BA60     		str	r2, [r7, #8]
 1367              	.L88:
 695:Drivers/STM32F7xx_HAL_Driver/Src/stm32f7xx_hal_dma.c ****     {
 1368              		.loc 1 695 5 is_stmt 1 view .LVU499
 695:Drivers/STM32F7xx_HAL_Driver/Src/stm32f7xx_hal_dma.c ****     {
 1369              		.loc 1 695 44 is_stmt 0 view .LVU500
 1370 0096 E26D     		ldr	r2, [r4, #92]
 695:Drivers/STM32F7xx_HAL_Driver/Src/stm32f7xx_hal_dma.c ****     {
 1371              		.loc 1 695 37 view .LVU501
 1372 0098 0425     		movs	r5, #4
 1373 009a 9540     		lsls	r5, r5, r2
 695:Drivers/STM32F7xx_HAL_Driver/Src/stm32f7xx_hal_dma.c ****     {
 1374              		.loc 1 695 7 view .LVU502
 1375 009c 1D42     		tst	r5, r3
 1376 009e D3D0     		beq	.L84
 698:Drivers/STM32F7xx_HAL_Driver/Src/stm32f7xx_hal_dma.c ****       
 1377              		.loc 1 698 7 is_stmt 1 view .LVU503
 698:Drivers/STM32F7xx_HAL_Driver/Src/stm32f7xx_hal_dma.c ****       
 1378              		.loc 1 698 11 is_stmt 0 view .LVU504
 1379 00a0 626D     		ldr	r2, [r4, #84]
 698:Drivers/STM32F7xx_HAL_Driver/Src/stm32f7xx_hal_dma.c ****       
 1380              		.loc 1 698 23 view .LVU505
 1381 00a2 42F00402 		orr	r2, r2, #4
 1382 00a6 6265     		str	r2, [r4, #84]
 701:Drivers/STM32F7xx_HAL_Driver/Src/stm32f7xx_hal_dma.c ****     }
 1383              		.loc 1 701 7 is_stmt 1 view .LVU506
 701:Drivers/STM32F7xx_HAL_Driver/Src/stm32f7xx_hal_dma.c ****     }
 1384              		.loc 1 701 18 is_stmt 0 view .LVU507
 1385 00a8 BD60     		str	r5, [r7, #8]
 1386 00aa CDE7     		b	.L84
 1387              	.LVL117:
 1388              	.L95:
 635:Drivers/STM32F7xx_HAL_Driver/Src/stm32f7xx_hal_dma.c ****     return HAL_ERROR;
 1389              		.loc 1 635 5 is_stmt 1 view .LVU508
 635:Drivers/STM32F7xx_HAL_Driver/Src/stm32f7xx_hal_dma.c ****     return HAL_ERROR;
 1390              		.loc 1 635 21 is_stmt 0 view .LVU509
 1391 00ac 4FF48073 		mov	r3, #256
 1392 00b0 6365     		str	r3, [r4, #84]
 636:Drivers/STM32F7xx_HAL_Driver/Src/stm32f7xx_hal_dma.c ****   }
 1393              		.loc 1 636 5 is_stmt 1 view .LVU510
 636:Drivers/STM32F7xx_HAL_Driver/Src/stm32f7xx_hal_dma.c ****   }
 1394              		.loc 1 636 12 is_stmt 0 view .LVU511
 1395 00b2 0120     		movs	r0, #1
 1396              	.LVL118:
 636:Drivers/STM32F7xx_HAL_Driver/Src/stm32f7xx_hal_dma.c ****   }
 1397              		.loc 1 636 12 view .LVU512
 1398 00b4 B6E7     		b	.L80
 1399              	.LVL119:
 1400              	.L82:
 648:Drivers/STM32F7xx_HAL_Driver/Src/stm32f7xx_hal_dma.c ****   }
 1401              		.loc 1 648 5 is_stmt 1 view .LVU513
 648:Drivers/STM32F7xx_HAL_Driver/Src/stm32f7xx_hal_dma.c ****   }
 1402              		.loc 1 648 46 is_stmt 0 view .LVU514
 1403 00b6 E36D     		ldr	r3, [r4, #92]
 648:Drivers/STM32F7xx_HAL_Driver/Src/stm32f7xx_hal_dma.c ****   }
ARM GAS  /tmp/cc6OwwRl.s 			page 56


 1404              		.loc 1 648 20 view .LVU515
 1405 00b8 4FF0100A 		mov	r10, #16
 1406 00bc 0AFA03FA 		lsl	r10, r10, r3
 1407              	.LVL120:
 648:Drivers/STM32F7xx_HAL_Driver/Src/stm32f7xx_hal_dma.c ****   }
 1408              		.loc 1 648 20 view .LVU516
 1409 00c0 C0E7     		b	.L83
 1410              	.LVL121:
 1411              	.L86:
 662:Drivers/STM32F7xx_HAL_Driver/Src/stm32f7xx_hal_dma.c ****         
 1412              		.loc 1 662 9 is_stmt 1 view .LVU517
 662:Drivers/STM32F7xx_HAL_Driver/Src/stm32f7xx_hal_dma.c ****         
 1413              		.loc 1 662 25 is_stmt 0 view .LVU518
 1414 00c2 2023     		movs	r3, #32
 1415 00c4 6365     		str	r3, [r4, #84]
 665:Drivers/STM32F7xx_HAL_Driver/Src/stm32f7xx_hal_dma.c **** 
 1416              		.loc 1 665 9 is_stmt 1 view .LVU519
 665:Drivers/STM32F7xx_HAL_Driver/Src/stm32f7xx_hal_dma.c **** 
 1417              		.loc 1 665 21 is_stmt 0 view .LVU520
 1418 00c6 0123     		movs	r3, #1
 1419 00c8 84F83530 		strb	r3, [r4, #53]
 668:Drivers/STM32F7xx_HAL_Driver/Src/stm32f7xx_hal_dma.c **** 
 1420              		.loc 1 668 9 is_stmt 1 view .LVU521
 668:Drivers/STM32F7xx_HAL_Driver/Src/stm32f7xx_hal_dma.c **** 
 1421              		.loc 1 668 9 view .LVU522
 1422 00cc 0023     		movs	r3, #0
 1423 00ce 84F83430 		strb	r3, [r4, #52]
 668:Drivers/STM32F7xx_HAL_Driver/Src/stm32f7xx_hal_dma.c **** 
 1424              		.loc 1 668 9 view .LVU523
 670:Drivers/STM32F7xx_HAL_Driver/Src/stm32f7xx_hal_dma.c ****       }
 1425              		.loc 1 670 9 view .LVU524
 670:Drivers/STM32F7xx_HAL_Driver/Src/stm32f7xx_hal_dma.c ****       }
 1426              		.loc 1 670 16 is_stmt 0 view .LVU525
 1427 00d2 0320     		movs	r0, #3
 1428 00d4 A6E7     		b	.L80
 1429              	.L90:
 705:Drivers/STM32F7xx_HAL_Driver/Src/stm32f7xx_hal_dma.c ****   {
 1430              		.loc 1 705 3 is_stmt 1 view .LVU526
 705:Drivers/STM32F7xx_HAL_Driver/Src/stm32f7xx_hal_dma.c ****   {
 1431              		.loc 1 705 10 is_stmt 0 view .LVU527
 1432 00d6 636D     		ldr	r3, [r4, #84]
 705:Drivers/STM32F7xx_HAL_Driver/Src/stm32f7xx_hal_dma.c ****   {
 1433              		.loc 1 705 5 view .LVU528
 1434 00d8 1BB1     		cbz	r3, .L92
 707:Drivers/STM32F7xx_HAL_Driver/Src/stm32f7xx_hal_dma.c ****     {
 1435              		.loc 1 707 5 is_stmt 1 view .LVU529
 707:Drivers/STM32F7xx_HAL_Driver/Src/stm32f7xx_hal_dma.c ****     {
 1436              		.loc 1 707 13 is_stmt 0 view .LVU530
 1437 00da 636D     		ldr	r3, [r4, #84]
 707:Drivers/STM32F7xx_HAL_Driver/Src/stm32f7xx_hal_dma.c ****     {
 1438              		.loc 1 707 7 view .LVU531
 1439 00dc 13F0010F 		tst	r3, #1
 1440 00e0 0ED1     		bne	.L96
 1441              	.L92:
 725:Drivers/STM32F7xx_HAL_Driver/Src/stm32f7xx_hal_dma.c ****   {
 1442              		.loc 1 725 3 is_stmt 1 view .LVU532
 725:Drivers/STM32F7xx_HAL_Driver/Src/stm32f7xx_hal_dma.c ****   {
ARM GAS  /tmp/cc6OwwRl.s 			page 57


 1443              		.loc 1 725 5 is_stmt 0 view .LVU533
 1444 00e2 B8F1000F 		cmp	r8, #0
 1445 00e6 19D1     		bne	.L93
 728:Drivers/STM32F7xx_HAL_Driver/Src/stm32f7xx_hal_dma.c ****     
 1446              		.loc 1 728 5 is_stmt 1 view .LVU534
 728:Drivers/STM32F7xx_HAL_Driver/Src/stm32f7xx_hal_dma.c ****     
 1447              		.loc 1 728 63 is_stmt 0 view .LVU535
 1448 00e8 E26D     		ldr	r2, [r4, #92]
 728:Drivers/STM32F7xx_HAL_Driver/Src/stm32f7xx_hal_dma.c ****     
 1449              		.loc 1 728 56 view .LVU536
 1450 00ea 3023     		movs	r3, #48
 1451 00ec 9340     		lsls	r3, r3, r2
 728:Drivers/STM32F7xx_HAL_Driver/Src/stm32f7xx_hal_dma.c ****     
 1452              		.loc 1 728 16 view .LVU537
 1453 00ee BB60     		str	r3, [r7, #8]
 730:Drivers/STM32F7xx_HAL_Driver/Src/stm32f7xx_hal_dma.c **** 
 1454              		.loc 1 730 5 is_stmt 1 view .LVU538
 730:Drivers/STM32F7xx_HAL_Driver/Src/stm32f7xx_hal_dma.c **** 
 1455              		.loc 1 730 17 is_stmt 0 view .LVU539
 1456 00f0 0123     		movs	r3, #1
 1457 00f2 84F83530 		strb	r3, [r4, #53]
 733:Drivers/STM32F7xx_HAL_Driver/Src/stm32f7xx_hal_dma.c **** 
 1458              		.loc 1 733 5 is_stmt 1 view .LVU540
 733:Drivers/STM32F7xx_HAL_Driver/Src/stm32f7xx_hal_dma.c **** 
 1459              		.loc 1 733 5 view .LVU541
 1460 00f6 0023     		movs	r3, #0
 1461 00f8 84F83430 		strb	r3, [r4, #52]
 733:Drivers/STM32F7xx_HAL_Driver/Src/stm32f7xx_hal_dma.c **** 
 1462              		.loc 1 733 5 view .LVU542
 742:Drivers/STM32F7xx_HAL_Driver/Src/stm32f7xx_hal_dma.c **** }
 1463              		.loc 1 742 10 is_stmt 0 view .LVU543
 1464 00fc 4046     		mov	r0, r8
 1465 00fe 91E7     		b	.L80
 1466              	.L96:
 709:Drivers/STM32F7xx_HAL_Driver/Src/stm32f7xx_hal_dma.c ****     
 1467              		.loc 1 709 7 is_stmt 1 view .LVU544
 1468 0100 2046     		mov	r0, r4
 1469 0102 FFF7FEFF 		bl	HAL_DMA_Abort
 1470              	.LVL122:
 712:Drivers/STM32F7xx_HAL_Driver/Src/stm32f7xx_hal_dma.c ****     
 1471              		.loc 1 712 7 view .LVU545
 712:Drivers/STM32F7xx_HAL_Driver/Src/stm32f7xx_hal_dma.c ****     
 1472              		.loc 1 712 65 is_stmt 0 view .LVU546
 1473 0106 E26D     		ldr	r2, [r4, #92]
 712:Drivers/STM32F7xx_HAL_Driver/Src/stm32f7xx_hal_dma.c ****     
 1474              		.loc 1 712 58 view .LVU547
 1475 0108 3023     		movs	r3, #48
 1476 010a 9340     		lsls	r3, r3, r2
 712:Drivers/STM32F7xx_HAL_Driver/Src/stm32f7xx_hal_dma.c ****     
 1477              		.loc 1 712 18 view .LVU548
 1478 010c BB60     		str	r3, [r7, #8]
 715:Drivers/STM32F7xx_HAL_Driver/Src/stm32f7xx_hal_dma.c **** 
 1479              		.loc 1 715 7 is_stmt 1 view .LVU549
 715:Drivers/STM32F7xx_HAL_Driver/Src/stm32f7xx_hal_dma.c **** 
 1480              		.loc 1 715 18 is_stmt 0 view .LVU550
 1481 010e 0120     		movs	r0, #1
 1482 0110 84F83500 		strb	r0, [r4, #53]
ARM GAS  /tmp/cc6OwwRl.s 			page 58


 718:Drivers/STM32F7xx_HAL_Driver/Src/stm32f7xx_hal_dma.c **** 
 1483              		.loc 1 718 7 is_stmt 1 view .LVU551
 718:Drivers/STM32F7xx_HAL_Driver/Src/stm32f7xx_hal_dma.c **** 
 1484              		.loc 1 718 7 view .LVU552
 1485 0114 0023     		movs	r3, #0
 1486 0116 84F83430 		strb	r3, [r4, #52]
 718:Drivers/STM32F7xx_HAL_Driver/Src/stm32f7xx_hal_dma.c **** 
 1487              		.loc 1 718 7 view .LVU553
 720:Drivers/STM32F7xx_HAL_Driver/Src/stm32f7xx_hal_dma.c ****    }
 1488              		.loc 1 720 7 view .LVU554
 720:Drivers/STM32F7xx_HAL_Driver/Src/stm32f7xx_hal_dma.c ****    }
 1489              		.loc 1 720 14 is_stmt 0 view .LVU555
 1490 011a 83E7     		b	.L80
 1491              	.L93:
 739:Drivers/STM32F7xx_HAL_Driver/Src/stm32f7xx_hal_dma.c ****   }
 1492              		.loc 1 739 5 is_stmt 1 view .LVU556
 739:Drivers/STM32F7xx_HAL_Driver/Src/stm32f7xx_hal_dma.c ****   }
 1493              		.loc 1 739 44 is_stmt 0 view .LVU557
 1494 011c E26D     		ldr	r2, [r4, #92]
 739:Drivers/STM32F7xx_HAL_Driver/Src/stm32f7xx_hal_dma.c ****   }
 1495              		.loc 1 739 37 view .LVU558
 1496 011e 1023     		movs	r3, #16
 1497 0120 9340     		lsls	r3, r3, r2
 739:Drivers/STM32F7xx_HAL_Driver/Src/stm32f7xx_hal_dma.c ****   }
 1498              		.loc 1 739 16 view .LVU559
 1499 0122 BB60     		str	r3, [r7, #8]
 742:Drivers/STM32F7xx_HAL_Driver/Src/stm32f7xx_hal_dma.c **** }
 1500              		.loc 1 742 10 view .LVU560
 1501 0124 0020     		movs	r0, #0
 1502 0126 7DE7     		b	.L80
 1503              		.cfi_endproc
 1504              	.LFE147:
 1506              		.section	.text.HAL_DMA_IRQHandler,"ax",%progbits
 1507              		.align	1
 1508              		.global	HAL_DMA_IRQHandler
 1509              		.syntax unified
 1510              		.thumb
 1511              		.thumb_func
 1513              	HAL_DMA_IRQHandler:
 1514              	.LVL123:
 1515              	.LFB148:
 752:Drivers/STM32F7xx_HAL_Driver/Src/stm32f7xx_hal_dma.c ****   uint32_t tmpisr;
 1516              		.loc 1 752 1 is_stmt 1 view -0
 1517              		.cfi_startproc
 1518              		@ args = 0, pretend = 0, frame = 8
 1519              		@ frame_needed = 0, uses_anonymous_args = 0
 752:Drivers/STM32F7xx_HAL_Driver/Src/stm32f7xx_hal_dma.c ****   uint32_t tmpisr;
 1520              		.loc 1 752 1 is_stmt 0 view .LVU562
 1521 0000 F0B5     		push	{r4, r5, r6, r7, lr}
 1522              	.LCFI13:
 1523              		.cfi_def_cfa_offset 20
 1524              		.cfi_offset 4, -20
 1525              		.cfi_offset 5, -16
 1526              		.cfi_offset 6, -12
 1527              		.cfi_offset 7, -8
 1528              		.cfi_offset 14, -4
 1529 0002 83B0     		sub	sp, sp, #12
ARM GAS  /tmp/cc6OwwRl.s 			page 59


 1530              	.LCFI14:
 1531              		.cfi_def_cfa_offset 32
 1532 0004 0446     		mov	r4, r0
 753:Drivers/STM32F7xx_HAL_Driver/Src/stm32f7xx_hal_dma.c ****   __IO uint32_t count = 0;
 1533              		.loc 1 753 3 is_stmt 1 view .LVU563
 754:Drivers/STM32F7xx_HAL_Driver/Src/stm32f7xx_hal_dma.c ****   uint32_t timeout = SystemCoreClock / 9600;
 1534              		.loc 1 754 3 view .LVU564
 754:Drivers/STM32F7xx_HAL_Driver/Src/stm32f7xx_hal_dma.c ****   uint32_t timeout = SystemCoreClock / 9600;
 1535              		.loc 1 754 17 is_stmt 0 view .LVU565
 1536 0006 0023     		movs	r3, #0
 1537 0008 0193     		str	r3, [sp, #4]
 755:Drivers/STM32F7xx_HAL_Driver/Src/stm32f7xx_hal_dma.c **** 
 1538              		.loc 1 755 3 is_stmt 1 view .LVU566
 755:Drivers/STM32F7xx_HAL_Driver/Src/stm32f7xx_hal_dma.c **** 
 1539              		.loc 1 755 38 is_stmt 0 view .LVU567
 1540 000a 724B     		ldr	r3, .L120
 1541 000c 1D68     		ldr	r5, [r3]
 755:Drivers/STM32F7xx_HAL_Driver/Src/stm32f7xx_hal_dma.c **** 
 1542              		.loc 1 755 12 view .LVU568
 1543 000e 724B     		ldr	r3, .L120+4
 1544 0010 A3FB0535 		umull	r3, r5, r3, r5
 1545 0014 AD0A     		lsrs	r5, r5, #10
 1546              	.LVL124:
 758:Drivers/STM32F7xx_HAL_Driver/Src/stm32f7xx_hal_dma.c **** 
 1547              		.loc 1 758 3 is_stmt 1 view .LVU569
 758:Drivers/STM32F7xx_HAL_Driver/Src/stm32f7xx_hal_dma.c **** 
 1548              		.loc 1 758 56 is_stmt 0 view .LVU570
 1549 0016 876D     		ldr	r7, [r0, #88]
 1550              	.LVL125:
 760:Drivers/STM32F7xx_HAL_Driver/Src/stm32f7xx_hal_dma.c **** 
 1551              		.loc 1 760 3 is_stmt 1 view .LVU571
 760:Drivers/STM32F7xx_HAL_Driver/Src/stm32f7xx_hal_dma.c **** 
 1552              		.loc 1 760 10 is_stmt 0 view .LVU572
 1553 0018 3E68     		ldr	r6, [r7]
 1554              	.LVL126:
 763:Drivers/STM32F7xx_HAL_Driver/Src/stm32f7xx_hal_dma.c ****   {
 1555              		.loc 1 763 3 is_stmt 1 view .LVU573
 763:Drivers/STM32F7xx_HAL_Driver/Src/stm32f7xx_hal_dma.c ****   {
 1556              		.loc 1 763 42 is_stmt 0 view .LVU574
 1557 001a C26D     		ldr	r2, [r0, #92]
 763:Drivers/STM32F7xx_HAL_Driver/Src/stm32f7xx_hal_dma.c ****   {
 1558              		.loc 1 763 35 view .LVU575
 1559 001c 0823     		movs	r3, #8
 1560 001e 9340     		lsls	r3, r3, r2
 763:Drivers/STM32F7xx_HAL_Driver/Src/stm32f7xx_hal_dma.c ****   {
 1561              		.loc 1 763 6 view .LVU576
 1562 0020 3342     		tst	r3, r6
 1563 0022 10D0     		beq	.L98
 765:Drivers/STM32F7xx_HAL_Driver/Src/stm32f7xx_hal_dma.c ****     {
 1564              		.loc 1 765 5 is_stmt 1 view .LVU577
 765:Drivers/STM32F7xx_HAL_Driver/Src/stm32f7xx_hal_dma.c ****     {
 1565              		.loc 1 765 8 is_stmt 0 view .LVU578
 1566 0024 0368     		ldr	r3, [r0]
 1567 0026 1A68     		ldr	r2, [r3]
 765:Drivers/STM32F7xx_HAL_Driver/Src/stm32f7xx_hal_dma.c ****     {
 1568              		.loc 1 765 7 view .LVU579
 1569 0028 12F0040F 		tst	r2, #4
ARM GAS  /tmp/cc6OwwRl.s 			page 60


 1570 002c 0BD0     		beq	.L98
 768:Drivers/STM32F7xx_HAL_Driver/Src/stm32f7xx_hal_dma.c ****       
 1571              		.loc 1 768 7 is_stmt 1 view .LVU580
 768:Drivers/STM32F7xx_HAL_Driver/Src/stm32f7xx_hal_dma.c ****       
 1572              		.loc 1 768 21 is_stmt 0 view .LVU581
 1573 002e 1A68     		ldr	r2, [r3]
 768:Drivers/STM32F7xx_HAL_Driver/Src/stm32f7xx_hal_dma.c ****       
 1574              		.loc 1 768 27 view .LVU582
 1575 0030 22F00402 		bic	r2, r2, #4
 1576 0034 1A60     		str	r2, [r3]
 771:Drivers/STM32F7xx_HAL_Driver/Src/stm32f7xx_hal_dma.c ****       
 1577              		.loc 1 771 7 is_stmt 1 view .LVU583
 771:Drivers/STM32F7xx_HAL_Driver/Src/stm32f7xx_hal_dma.c ****       
 1578              		.loc 1 771 44 is_stmt 0 view .LVU584
 1579 0036 C26D     		ldr	r2, [r0, #92]
 771:Drivers/STM32F7xx_HAL_Driver/Src/stm32f7xx_hal_dma.c ****       
 1580              		.loc 1 771 37 view .LVU585
 1581 0038 0823     		movs	r3, #8
 1582 003a 9340     		lsls	r3, r3, r2
 771:Drivers/STM32F7xx_HAL_Driver/Src/stm32f7xx_hal_dma.c ****       
 1583              		.loc 1 771 18 view .LVU586
 1584 003c BB60     		str	r3, [r7, #8]
 774:Drivers/STM32F7xx_HAL_Driver/Src/stm32f7xx_hal_dma.c ****     }
 1585              		.loc 1 774 7 is_stmt 1 view .LVU587
 774:Drivers/STM32F7xx_HAL_Driver/Src/stm32f7xx_hal_dma.c ****     }
 1586              		.loc 1 774 11 is_stmt 0 view .LVU588
 1587 003e 436D     		ldr	r3, [r0, #84]
 774:Drivers/STM32F7xx_HAL_Driver/Src/stm32f7xx_hal_dma.c ****     }
 1588              		.loc 1 774 23 view .LVU589
 1589 0040 43F00103 		orr	r3, r3, #1
 1590 0044 4365     		str	r3, [r0, #84]
 1591              	.L98:
 778:Drivers/STM32F7xx_HAL_Driver/Src/stm32f7xx_hal_dma.c ****   {
 1592              		.loc 1 778 3 is_stmt 1 view .LVU590
 778:Drivers/STM32F7xx_HAL_Driver/Src/stm32f7xx_hal_dma.c ****   {
 1593              		.loc 1 778 42 is_stmt 0 view .LVU591
 1594 0046 E26D     		ldr	r2, [r4, #92]
 778:Drivers/STM32F7xx_HAL_Driver/Src/stm32f7xx_hal_dma.c ****   {
 1595              		.loc 1 778 35 view .LVU592
 1596 0048 0123     		movs	r3, #1
 1597 004a 9340     		lsls	r3, r3, r2
 778:Drivers/STM32F7xx_HAL_Driver/Src/stm32f7xx_hal_dma.c ****   {
 1598              		.loc 1 778 6 view .LVU593
 1599 004c 3342     		tst	r3, r6
 1600 004e 09D0     		beq	.L99
 780:Drivers/STM32F7xx_HAL_Driver/Src/stm32f7xx_hal_dma.c ****     {
 1601              		.loc 1 780 5 is_stmt 1 view .LVU594
 780:Drivers/STM32F7xx_HAL_Driver/Src/stm32f7xx_hal_dma.c ****     {
 1602              		.loc 1 780 8 is_stmt 0 view .LVU595
 1603 0050 2268     		ldr	r2, [r4]
 1604 0052 5269     		ldr	r2, [r2, #20]
 780:Drivers/STM32F7xx_HAL_Driver/Src/stm32f7xx_hal_dma.c ****     {
 1605              		.loc 1 780 7 view .LVU596
 1606 0054 12F0800F 		tst	r2, #128
 1607 0058 04D0     		beq	.L99
 783:Drivers/STM32F7xx_HAL_Driver/Src/stm32f7xx_hal_dma.c **** 
 1608              		.loc 1 783 7 is_stmt 1 view .LVU597
ARM GAS  /tmp/cc6OwwRl.s 			page 61


 783:Drivers/STM32F7xx_HAL_Driver/Src/stm32f7xx_hal_dma.c **** 
 1609              		.loc 1 783 18 is_stmt 0 view .LVU598
 1610 005a BB60     		str	r3, [r7, #8]
 786:Drivers/STM32F7xx_HAL_Driver/Src/stm32f7xx_hal_dma.c ****     }
 1611              		.loc 1 786 7 is_stmt 1 view .LVU599
 786:Drivers/STM32F7xx_HAL_Driver/Src/stm32f7xx_hal_dma.c ****     }
 1612              		.loc 1 786 11 is_stmt 0 view .LVU600
 1613 005c 636D     		ldr	r3, [r4, #84]
 786:Drivers/STM32F7xx_HAL_Driver/Src/stm32f7xx_hal_dma.c ****     }
 1614              		.loc 1 786 23 view .LVU601
 1615 005e 43F00203 		orr	r3, r3, #2
 1616 0062 6365     		str	r3, [r4, #84]
 1617              	.L99:
 790:Drivers/STM32F7xx_HAL_Driver/Src/stm32f7xx_hal_dma.c ****   {
 1618              		.loc 1 790 3 is_stmt 1 view .LVU602
 790:Drivers/STM32F7xx_HAL_Driver/Src/stm32f7xx_hal_dma.c ****   {
 1619              		.loc 1 790 43 is_stmt 0 view .LVU603
 1620 0064 E26D     		ldr	r2, [r4, #92]
 790:Drivers/STM32F7xx_HAL_Driver/Src/stm32f7xx_hal_dma.c ****   {
 1621              		.loc 1 790 36 view .LVU604
 1622 0066 0423     		movs	r3, #4
 1623 0068 9340     		lsls	r3, r3, r2
 790:Drivers/STM32F7xx_HAL_Driver/Src/stm32f7xx_hal_dma.c ****   {
 1624              		.loc 1 790 6 view .LVU605
 1625 006a 3342     		tst	r3, r6
 1626 006c 09D0     		beq	.L100
 792:Drivers/STM32F7xx_HAL_Driver/Src/stm32f7xx_hal_dma.c ****     {
 1627              		.loc 1 792 5 is_stmt 1 view .LVU606
 792:Drivers/STM32F7xx_HAL_Driver/Src/stm32f7xx_hal_dma.c ****     {
 1628              		.loc 1 792 8 is_stmt 0 view .LVU607
 1629 006e 2268     		ldr	r2, [r4]
 1630 0070 1268     		ldr	r2, [r2]
 792:Drivers/STM32F7xx_HAL_Driver/Src/stm32f7xx_hal_dma.c ****     {
 1631              		.loc 1 792 7 view .LVU608
 1632 0072 12F0020F 		tst	r2, #2
 1633 0076 04D0     		beq	.L100
 795:Drivers/STM32F7xx_HAL_Driver/Src/stm32f7xx_hal_dma.c **** 
 1634              		.loc 1 795 7 is_stmt 1 view .LVU609
 795:Drivers/STM32F7xx_HAL_Driver/Src/stm32f7xx_hal_dma.c **** 
 1635              		.loc 1 795 18 is_stmt 0 view .LVU610
 1636 0078 BB60     		str	r3, [r7, #8]
 798:Drivers/STM32F7xx_HAL_Driver/Src/stm32f7xx_hal_dma.c ****     }
 1637              		.loc 1 798 7 is_stmt 1 view .LVU611
 798:Drivers/STM32F7xx_HAL_Driver/Src/stm32f7xx_hal_dma.c ****     }
 1638              		.loc 1 798 11 is_stmt 0 view .LVU612
 1639 007a 636D     		ldr	r3, [r4, #84]
 798:Drivers/STM32F7xx_HAL_Driver/Src/stm32f7xx_hal_dma.c ****     }
 1640              		.loc 1 798 23 view .LVU613
 1641 007c 43F00403 		orr	r3, r3, #4
 1642 0080 6365     		str	r3, [r4, #84]
 1643              	.L100:
 802:Drivers/STM32F7xx_HAL_Driver/Src/stm32f7xx_hal_dma.c ****   {
 1644              		.loc 1 802 3 is_stmt 1 view .LVU614
 802:Drivers/STM32F7xx_HAL_Driver/Src/stm32f7xx_hal_dma.c ****   {
 1645              		.loc 1 802 42 is_stmt 0 view .LVU615
 1646 0082 E26D     		ldr	r2, [r4, #92]
 802:Drivers/STM32F7xx_HAL_Driver/Src/stm32f7xx_hal_dma.c ****   {
ARM GAS  /tmp/cc6OwwRl.s 			page 62


 1647              		.loc 1 802 35 view .LVU616
 1648 0084 1023     		movs	r3, #16
 1649 0086 9340     		lsls	r3, r3, r2
 802:Drivers/STM32F7xx_HAL_Driver/Src/stm32f7xx_hal_dma.c ****   {
 1650              		.loc 1 802 6 view .LVU617
 1651 0088 3342     		tst	r3, r6
 1652 008a 24D0     		beq	.L101
 804:Drivers/STM32F7xx_HAL_Driver/Src/stm32f7xx_hal_dma.c ****     {
 1653              		.loc 1 804 5 is_stmt 1 view .LVU618
 804:Drivers/STM32F7xx_HAL_Driver/Src/stm32f7xx_hal_dma.c ****     {
 1654              		.loc 1 804 8 is_stmt 0 view .LVU619
 1655 008c 2268     		ldr	r2, [r4]
 1656 008e 1268     		ldr	r2, [r2]
 804:Drivers/STM32F7xx_HAL_Driver/Src/stm32f7xx_hal_dma.c ****     {
 1657              		.loc 1 804 7 view .LVU620
 1658 0090 12F0080F 		tst	r2, #8
 1659 0094 1FD0     		beq	.L101
 807:Drivers/STM32F7xx_HAL_Driver/Src/stm32f7xx_hal_dma.c ****       
 1660              		.loc 1 807 7 is_stmt 1 view .LVU621
 807:Drivers/STM32F7xx_HAL_Driver/Src/stm32f7xx_hal_dma.c ****       
 1661              		.loc 1 807 18 is_stmt 0 view .LVU622
 1662 0096 BB60     		str	r3, [r7, #8]
 810:Drivers/STM32F7xx_HAL_Driver/Src/stm32f7xx_hal_dma.c ****       {
 1663              		.loc 1 810 7 is_stmt 1 view .LVU623
 810:Drivers/STM32F7xx_HAL_Driver/Src/stm32f7xx_hal_dma.c ****       {
 1664              		.loc 1 810 16 is_stmt 0 view .LVU624
 1665 0098 2368     		ldr	r3, [r4]
 810:Drivers/STM32F7xx_HAL_Driver/Src/stm32f7xx_hal_dma.c ****       {
 1666              		.loc 1 810 26 view .LVU625
 1667 009a 1A68     		ldr	r2, [r3]
 810:Drivers/STM32F7xx_HAL_Driver/Src/stm32f7xx_hal_dma.c ****       {
 1668              		.loc 1 810 9 view .LVU626
 1669 009c 12F4802F 		tst	r2, #262144
 1670 00a0 0DD0     		beq	.L102
 813:Drivers/STM32F7xx_HAL_Driver/Src/stm32f7xx_hal_dma.c ****         {
 1671              		.loc 1 813 9 is_stmt 1 view .LVU627
 813:Drivers/STM32F7xx_HAL_Driver/Src/stm32f7xx_hal_dma.c ****         {
 1672              		.loc 1 813 27 is_stmt 0 view .LVU628
 1673 00a2 1B68     		ldr	r3, [r3]
 813:Drivers/STM32F7xx_HAL_Driver/Src/stm32f7xx_hal_dma.c ****         {
 1674              		.loc 1 813 11 view .LVU629
 1675 00a4 13F4002F 		tst	r3, #524288
 1676 00a8 04D1     		bne	.L103
 815:Drivers/STM32F7xx_HAL_Driver/Src/stm32f7xx_hal_dma.c ****           {
 1677              		.loc 1 815 11 is_stmt 1 view .LVU630
 815:Drivers/STM32F7xx_HAL_Driver/Src/stm32f7xx_hal_dma.c ****           {
 1678              		.loc 1 815 18 is_stmt 0 view .LVU631
 1679 00aa 236C     		ldr	r3, [r4, #64]
 815:Drivers/STM32F7xx_HAL_Driver/Src/stm32f7xx_hal_dma.c ****           {
 1680              		.loc 1 815 13 view .LVU632
 1681 00ac 9BB1     		cbz	r3, .L101
 818:Drivers/STM32F7xx_HAL_Driver/Src/stm32f7xx_hal_dma.c ****           }
 1682              		.loc 1 818 13 is_stmt 1 view .LVU633
 1683 00ae 2046     		mov	r0, r4
 1684              	.LVL127:
 818:Drivers/STM32F7xx_HAL_Driver/Src/stm32f7xx_hal_dma.c ****           }
 1685              		.loc 1 818 13 is_stmt 0 view .LVU634
ARM GAS  /tmp/cc6OwwRl.s 			page 63


 1686 00b0 9847     		blx	r3
 1687              	.LVL128:
 1688 00b2 10E0     		b	.L101
 1689              	.LVL129:
 1690              	.L103:
 824:Drivers/STM32F7xx_HAL_Driver/Src/stm32f7xx_hal_dma.c ****           {
 1691              		.loc 1 824 11 is_stmt 1 view .LVU635
 824:Drivers/STM32F7xx_HAL_Driver/Src/stm32f7xx_hal_dma.c ****           {
 1692              		.loc 1 824 18 is_stmt 0 view .LVU636
 1693 00b4 A36C     		ldr	r3, [r4, #72]
 824:Drivers/STM32F7xx_HAL_Driver/Src/stm32f7xx_hal_dma.c ****           {
 1694              		.loc 1 824 13 view .LVU637
 1695 00b6 73B1     		cbz	r3, .L101
 827:Drivers/STM32F7xx_HAL_Driver/Src/stm32f7xx_hal_dma.c ****           }
 1696              		.loc 1 827 13 is_stmt 1 view .LVU638
 1697 00b8 2046     		mov	r0, r4
 1698              	.LVL130:
 827:Drivers/STM32F7xx_HAL_Driver/Src/stm32f7xx_hal_dma.c ****           }
 1699              		.loc 1 827 13 is_stmt 0 view .LVU639
 1700 00ba 9847     		blx	r3
 1701              	.LVL131:
 1702 00bc 0BE0     		b	.L101
 1703              	.LVL132:
 1704              	.L102:
 834:Drivers/STM32F7xx_HAL_Driver/Src/stm32f7xx_hal_dma.c ****         {
 1705              		.loc 1 834 9 is_stmt 1 view .LVU640
 834:Drivers/STM32F7xx_HAL_Driver/Src/stm32f7xx_hal_dma.c ****         {
 1706              		.loc 1 834 27 is_stmt 0 view .LVU641
 1707 00be 1A68     		ldr	r2, [r3]
 834:Drivers/STM32F7xx_HAL_Driver/Src/stm32f7xx_hal_dma.c ****         {
 1708              		.loc 1 834 11 view .LVU642
 1709 00c0 12F4807F 		tst	r2, #256
 1710 00c4 03D1     		bne	.L104
 837:Drivers/STM32F7xx_HAL_Driver/Src/stm32f7xx_hal_dma.c ****         }
 1711              		.loc 1 837 11 is_stmt 1 view .LVU643
 837:Drivers/STM32F7xx_HAL_Driver/Src/stm32f7xx_hal_dma.c ****         }
 1712              		.loc 1 837 25 is_stmt 0 view .LVU644
 1713 00c6 1A68     		ldr	r2, [r3]
 837:Drivers/STM32F7xx_HAL_Driver/Src/stm32f7xx_hal_dma.c ****         }
 1714              		.loc 1 837 31 view .LVU645
 1715 00c8 22F00802 		bic	r2, r2, #8
 1716 00cc 1A60     		str	r2, [r3]
 1717              	.L104:
 840:Drivers/STM32F7xx_HAL_Driver/Src/stm32f7xx_hal_dma.c ****         {
 1718              		.loc 1 840 9 is_stmt 1 view .LVU646
 840:Drivers/STM32F7xx_HAL_Driver/Src/stm32f7xx_hal_dma.c ****         {
 1719              		.loc 1 840 16 is_stmt 0 view .LVU647
 1720 00ce 236C     		ldr	r3, [r4, #64]
 840:Drivers/STM32F7xx_HAL_Driver/Src/stm32f7xx_hal_dma.c ****         {
 1721              		.loc 1 840 11 view .LVU648
 1722 00d0 0BB1     		cbz	r3, .L101
 843:Drivers/STM32F7xx_HAL_Driver/Src/stm32f7xx_hal_dma.c ****         }
 1723              		.loc 1 843 11 is_stmt 1 view .LVU649
 1724 00d2 2046     		mov	r0, r4
 1725              	.LVL133:
 843:Drivers/STM32F7xx_HAL_Driver/Src/stm32f7xx_hal_dma.c ****         }
 1726              		.loc 1 843 11 is_stmt 0 view .LVU650
ARM GAS  /tmp/cc6OwwRl.s 			page 64


 1727 00d4 9847     		blx	r3
 1728              	.LVL134:
 1729              	.L101:
 849:Drivers/STM32F7xx_HAL_Driver/Src/stm32f7xx_hal_dma.c ****   {
 1730              		.loc 1 849 3 is_stmt 1 view .LVU651
 849:Drivers/STM32F7xx_HAL_Driver/Src/stm32f7xx_hal_dma.c ****   {
 1731              		.loc 1 849 42 is_stmt 0 view .LVU652
 1732 00d6 E26D     		ldr	r2, [r4, #92]
 849:Drivers/STM32F7xx_HAL_Driver/Src/stm32f7xx_hal_dma.c ****   {
 1733              		.loc 1 849 35 view .LVU653
 1734 00d8 2023     		movs	r3, #32
 1735 00da 9340     		lsls	r3, r3, r2
 849:Drivers/STM32F7xx_HAL_Driver/Src/stm32f7xx_hal_dma.c ****   {
 1736              		.loc 1 849 6 view .LVU654
 1737 00dc 3342     		tst	r3, r6
 1738 00de 55D0     		beq	.L105
 851:Drivers/STM32F7xx_HAL_Driver/Src/stm32f7xx_hal_dma.c ****     {
 1739              		.loc 1 851 5 is_stmt 1 view .LVU655
 851:Drivers/STM32F7xx_HAL_Driver/Src/stm32f7xx_hal_dma.c ****     {
 1740              		.loc 1 851 8 is_stmt 0 view .LVU656
 1741 00e0 2268     		ldr	r2, [r4]
 1742 00e2 1268     		ldr	r2, [r2]
 851:Drivers/STM32F7xx_HAL_Driver/Src/stm32f7xx_hal_dma.c ****     {
 1743              		.loc 1 851 7 view .LVU657
 1744 00e4 12F0100F 		tst	r2, #16
 1745 00e8 50D0     		beq	.L105
 854:Drivers/STM32F7xx_HAL_Driver/Src/stm32f7xx_hal_dma.c ****       
 1746              		.loc 1 854 7 is_stmt 1 view .LVU658
 854:Drivers/STM32F7xx_HAL_Driver/Src/stm32f7xx_hal_dma.c ****       
 1747              		.loc 1 854 18 is_stmt 0 view .LVU659
 1748 00ea BB60     		str	r3, [r7, #8]
 856:Drivers/STM32F7xx_HAL_Driver/Src/stm32f7xx_hal_dma.c ****       {
 1749              		.loc 1 856 7 is_stmt 1 view .LVU660
 856:Drivers/STM32F7xx_HAL_Driver/Src/stm32f7xx_hal_dma.c ****       {
 1750              		.loc 1 856 37 is_stmt 0 view .LVU661
 1751 00ec 94F83530 		ldrb	r3, [r4, #53]	@ zero_extendqisi2
 1752 00f0 DBB2     		uxtb	r3, r3
 856:Drivers/STM32F7xx_HAL_Driver/Src/stm32f7xx_hal_dma.c ****       {
 1753              		.loc 1 856 9 view .LVU662
 1754 00f2 052B     		cmp	r3, #5
 1755 00f4 0ED0     		beq	.L118
 883:Drivers/STM32F7xx_HAL_Driver/Src/stm32f7xx_hal_dma.c ****       {
 1756              		.loc 1 883 7 is_stmt 1 view .LVU663
 883:Drivers/STM32F7xx_HAL_Driver/Src/stm32f7xx_hal_dma.c ****       {
 1757              		.loc 1 883 16 is_stmt 0 view .LVU664
 1758 00f6 2368     		ldr	r3, [r4]
 883:Drivers/STM32F7xx_HAL_Driver/Src/stm32f7xx_hal_dma.c ****       {
 1759              		.loc 1 883 26 view .LVU665
 1760 00f8 1A68     		ldr	r2, [r3]
 883:Drivers/STM32F7xx_HAL_Driver/Src/stm32f7xx_hal_dma.c ****       {
 1761              		.loc 1 883 9 view .LVU666
 1762 00fa 12F4802F 		tst	r2, #262144
 1763 00fe 33D0     		beq	.L111
 886:Drivers/STM32F7xx_HAL_Driver/Src/stm32f7xx_hal_dma.c ****         {
 1764              		.loc 1 886 9 is_stmt 1 view .LVU667
 886:Drivers/STM32F7xx_HAL_Driver/Src/stm32f7xx_hal_dma.c ****         {
 1765              		.loc 1 886 27 is_stmt 0 view .LVU668
ARM GAS  /tmp/cc6OwwRl.s 			page 65


 1766 0100 1B68     		ldr	r3, [r3]
 886:Drivers/STM32F7xx_HAL_Driver/Src/stm32f7xx_hal_dma.c ****         {
 1767              		.loc 1 886 11 view .LVU669
 1768 0102 13F4002F 		tst	r3, #524288
 1769 0106 2AD1     		bne	.L112
 888:Drivers/STM32F7xx_HAL_Driver/Src/stm32f7xx_hal_dma.c ****           {
 1770              		.loc 1 888 11 is_stmt 1 view .LVU670
 888:Drivers/STM32F7xx_HAL_Driver/Src/stm32f7xx_hal_dma.c ****           {
 1771              		.loc 1 888 18 is_stmt 0 view .LVU671
 1772 0108 636C     		ldr	r3, [r4, #68]
 888:Drivers/STM32F7xx_HAL_Driver/Src/stm32f7xx_hal_dma.c ****           {
 1773              		.loc 1 888 13 view .LVU672
 1774 010a 002B     		cmp	r3, #0
 1775 010c 3ED0     		beq	.L105
 891:Drivers/STM32F7xx_HAL_Driver/Src/stm32f7xx_hal_dma.c ****           }
 1776              		.loc 1 891 13 is_stmt 1 view .LVU673
 1777 010e 2046     		mov	r0, r4
 1778 0110 9847     		blx	r3
 1779              	.LVL135:
 1780 0112 3BE0     		b	.L105
 1781              	.L118:
 859:Drivers/STM32F7xx_HAL_Driver/Src/stm32f7xx_hal_dma.c ****         hdma->Instance->FCR &= ~(DMA_IT_FE);
 1782              		.loc 1 859 9 view .LVU674
 859:Drivers/STM32F7xx_HAL_Driver/Src/stm32f7xx_hal_dma.c ****         hdma->Instance->FCR &= ~(DMA_IT_FE);
 1783              		.loc 1 859 13 is_stmt 0 view .LVU675
 1784 0114 2268     		ldr	r2, [r4]
 859:Drivers/STM32F7xx_HAL_Driver/Src/stm32f7xx_hal_dma.c ****         hdma->Instance->FCR &= ~(DMA_IT_FE);
 1785              		.loc 1 859 23 view .LVU676
 1786 0116 1368     		ldr	r3, [r2]
 859:Drivers/STM32F7xx_HAL_Driver/Src/stm32f7xx_hal_dma.c ****         hdma->Instance->FCR &= ~(DMA_IT_FE);
 1787              		.loc 1 859 29 view .LVU677
 1788 0118 23F01603 		bic	r3, r3, #22
 1789 011c 1360     		str	r3, [r2]
 860:Drivers/STM32F7xx_HAL_Driver/Src/stm32f7xx_hal_dma.c ****         
 1790              		.loc 1 860 9 is_stmt 1 view .LVU678
 860:Drivers/STM32F7xx_HAL_Driver/Src/stm32f7xx_hal_dma.c ****         
 1791              		.loc 1 860 13 is_stmt 0 view .LVU679
 1792 011e 2268     		ldr	r2, [r4]
 860:Drivers/STM32F7xx_HAL_Driver/Src/stm32f7xx_hal_dma.c ****         
 1793              		.loc 1 860 23 view .LVU680
 1794 0120 5369     		ldr	r3, [r2, #20]
 860:Drivers/STM32F7xx_HAL_Driver/Src/stm32f7xx_hal_dma.c ****         
 1795              		.loc 1 860 29 view .LVU681
 1796 0122 23F08003 		bic	r3, r3, #128
 1797 0126 5361     		str	r3, [r2, #20]
 862:Drivers/STM32F7xx_HAL_Driver/Src/stm32f7xx_hal_dma.c ****         {
 1798              		.loc 1 862 9 is_stmt 1 view .LVU682
 862:Drivers/STM32F7xx_HAL_Driver/Src/stm32f7xx_hal_dma.c ****         {
 1799              		.loc 1 862 17 is_stmt 0 view .LVU683
 1800 0128 236C     		ldr	r3, [r4, #64]
 862:Drivers/STM32F7xx_HAL_Driver/Src/stm32f7xx_hal_dma.c ****         {
 1801              		.loc 1 862 11 view .LVU684
 1802 012a A3B1     		cbz	r3, .L119
 1803              	.L107:
 864:Drivers/STM32F7xx_HAL_Driver/Src/stm32f7xx_hal_dma.c ****         }
 1804              		.loc 1 864 11 is_stmt 1 view .LVU685
 864:Drivers/STM32F7xx_HAL_Driver/Src/stm32f7xx_hal_dma.c ****         }
ARM GAS  /tmp/cc6OwwRl.s 			page 66


 1805              		.loc 1 864 15 is_stmt 0 view .LVU686
 1806 012c 2268     		ldr	r2, [r4]
 864:Drivers/STM32F7xx_HAL_Driver/Src/stm32f7xx_hal_dma.c ****         }
 1807              		.loc 1 864 25 view .LVU687
 1808 012e 1368     		ldr	r3, [r2]
 864:Drivers/STM32F7xx_HAL_Driver/Src/stm32f7xx_hal_dma.c ****         }
 1809              		.loc 1 864 31 view .LVU688
 1810 0130 23F00803 		bic	r3, r3, #8
 1811 0134 1360     		str	r3, [r2]
 1812              	.L108:
 868:Drivers/STM32F7xx_HAL_Driver/Src/stm32f7xx_hal_dma.c **** 
 1813              		.loc 1 868 9 is_stmt 1 view .LVU689
 868:Drivers/STM32F7xx_HAL_Driver/Src/stm32f7xx_hal_dma.c **** 
 1814              		.loc 1 868 35 is_stmt 0 view .LVU690
 1815 0136 E26D     		ldr	r2, [r4, #92]
 868:Drivers/STM32F7xx_HAL_Driver/Src/stm32f7xx_hal_dma.c **** 
 1816              		.loc 1 868 28 view .LVU691
 1817 0138 3F23     		movs	r3, #63
 1818 013a 9340     		lsls	r3, r3, r2
 868:Drivers/STM32F7xx_HAL_Driver/Src/stm32f7xx_hal_dma.c **** 
 1819              		.loc 1 868 20 view .LVU692
 1820 013c BB60     		str	r3, [r7, #8]
 871:Drivers/STM32F7xx_HAL_Driver/Src/stm32f7xx_hal_dma.c **** 
 1821              		.loc 1 871 9 is_stmt 1 view .LVU693
 871:Drivers/STM32F7xx_HAL_Driver/Src/stm32f7xx_hal_dma.c **** 
 1822              		.loc 1 871 21 is_stmt 0 view .LVU694
 1823 013e 0123     		movs	r3, #1
 1824 0140 84F83530 		strb	r3, [r4, #53]
 874:Drivers/STM32F7xx_HAL_Driver/Src/stm32f7xx_hal_dma.c **** 
 1825              		.loc 1 874 9 is_stmt 1 view .LVU695
 874:Drivers/STM32F7xx_HAL_Driver/Src/stm32f7xx_hal_dma.c **** 
 1826              		.loc 1 874 9 view .LVU696
 1827 0144 0023     		movs	r3, #0
 1828 0146 84F83430 		strb	r3, [r4, #52]
 874:Drivers/STM32F7xx_HAL_Driver/Src/stm32f7xx_hal_dma.c **** 
 1829              		.loc 1 874 9 view .LVU697
 876:Drivers/STM32F7xx_HAL_Driver/Src/stm32f7xx_hal_dma.c ****         {
 1830              		.loc 1 876 9 view .LVU698
 876:Drivers/STM32F7xx_HAL_Driver/Src/stm32f7xx_hal_dma.c ****         {
 1831              		.loc 1 876 16 is_stmt 0 view .LVU699
 1832 014a 236D     		ldr	r3, [r4, #80]
 876:Drivers/STM32F7xx_HAL_Driver/Src/stm32f7xx_hal_dma.c ****         {
 1833              		.loc 1 876 11 view .LVU700
 1834 014c 002B     		cmp	r3, #0
 1835 014e 3FD0     		beq	.L97
 878:Drivers/STM32F7xx_HAL_Driver/Src/stm32f7xx_hal_dma.c ****         }
 1836              		.loc 1 878 11 is_stmt 1 view .LVU701
 1837 0150 2046     		mov	r0, r4
 1838 0152 9847     		blx	r3
 1839              	.LVL136:
 880:Drivers/STM32F7xx_HAL_Driver/Src/stm32f7xx_hal_dma.c ****       }
 1840              		.loc 1 880 9 view .LVU702
 1841 0154 3CE0     		b	.L97
 1842              	.L119:
 862:Drivers/STM32F7xx_HAL_Driver/Src/stm32f7xx_hal_dma.c ****         {
 1843              		.loc 1 862 57 is_stmt 0 discriminator 1 view .LVU703
 1844 0156 A36C     		ldr	r3, [r4, #72]
ARM GAS  /tmp/cc6OwwRl.s 			page 67


 862:Drivers/STM32F7xx_HAL_Driver/Src/stm32f7xx_hal_dma.c ****         {
 1845              		.loc 1 862 49 discriminator 1 view .LVU704
 1846 0158 002B     		cmp	r3, #0
 1847 015a E7D1     		bne	.L107
 1848 015c EBE7     		b	.L108
 1849              	.L112:
 897:Drivers/STM32F7xx_HAL_Driver/Src/stm32f7xx_hal_dma.c ****           {
 1850              		.loc 1 897 11 is_stmt 1 view .LVU705
 897:Drivers/STM32F7xx_HAL_Driver/Src/stm32f7xx_hal_dma.c ****           {
 1851              		.loc 1 897 18 is_stmt 0 view .LVU706
 1852 015e E36B     		ldr	r3, [r4, #60]
 897:Drivers/STM32F7xx_HAL_Driver/Src/stm32f7xx_hal_dma.c ****           {
 1853              		.loc 1 897 13 view .LVU707
 1854 0160 A3B1     		cbz	r3, .L105
 900:Drivers/STM32F7xx_HAL_Driver/Src/stm32f7xx_hal_dma.c ****           }
 1855              		.loc 1 900 13 is_stmt 1 view .LVU708
 1856 0162 2046     		mov	r0, r4
 1857 0164 9847     		blx	r3
 1858              	.LVL137:
 1859 0166 11E0     		b	.L105
 1860              	.L111:
 907:Drivers/STM32F7xx_HAL_Driver/Src/stm32f7xx_hal_dma.c ****         {
 1861              		.loc 1 907 9 view .LVU709
 907:Drivers/STM32F7xx_HAL_Driver/Src/stm32f7xx_hal_dma.c ****         {
 1862              		.loc 1 907 27 is_stmt 0 view .LVU710
 1863 0168 1A68     		ldr	r2, [r3]
 907:Drivers/STM32F7xx_HAL_Driver/Src/stm32f7xx_hal_dma.c ****         {
 1864              		.loc 1 907 11 view .LVU711
 1865 016a 12F4807F 		tst	r2, #256
 1866 016e 09D1     		bne	.L113
 910:Drivers/STM32F7xx_HAL_Driver/Src/stm32f7xx_hal_dma.c **** 
 1867              		.loc 1 910 11 is_stmt 1 view .LVU712
 910:Drivers/STM32F7xx_HAL_Driver/Src/stm32f7xx_hal_dma.c **** 
 1868              		.loc 1 910 25 is_stmt 0 view .LVU713
 1869 0170 1A68     		ldr	r2, [r3]
 910:Drivers/STM32F7xx_HAL_Driver/Src/stm32f7xx_hal_dma.c **** 
 1870              		.loc 1 910 31 view .LVU714
 1871 0172 22F01002 		bic	r2, r2, #16
 1872 0176 1A60     		str	r2, [r3]
 913:Drivers/STM32F7xx_HAL_Driver/Src/stm32f7xx_hal_dma.c **** 
 1873              		.loc 1 913 11 is_stmt 1 view .LVU715
 913:Drivers/STM32F7xx_HAL_Driver/Src/stm32f7xx_hal_dma.c **** 
 1874              		.loc 1 913 23 is_stmt 0 view .LVU716
 1875 0178 0123     		movs	r3, #1
 1876 017a 84F83530 		strb	r3, [r4, #53]
 916:Drivers/STM32F7xx_HAL_Driver/Src/stm32f7xx_hal_dma.c **** 
 1877              		.loc 1 916 11 is_stmt 1 view .LVU717
 916:Drivers/STM32F7xx_HAL_Driver/Src/stm32f7xx_hal_dma.c **** 
 1878              		.loc 1 916 11 view .LVU718
 1879 017e 0023     		movs	r3, #0
 1880 0180 84F83430 		strb	r3, [r4, #52]
 1881              	.L113:
 916:Drivers/STM32F7xx_HAL_Driver/Src/stm32f7xx_hal_dma.c **** 
 1882              		.loc 1 916 11 discriminator 1 view .LVU719
 920:Drivers/STM32F7xx_HAL_Driver/Src/stm32f7xx_hal_dma.c ****         {
 1883              		.loc 1 920 9 discriminator 1 view .LVU720
 920:Drivers/STM32F7xx_HAL_Driver/Src/stm32f7xx_hal_dma.c ****         {
ARM GAS  /tmp/cc6OwwRl.s 			page 68


 1884              		.loc 1 920 16 is_stmt 0 discriminator 1 view .LVU721
 1885 0184 E36B     		ldr	r3, [r4, #60]
 920:Drivers/STM32F7xx_HAL_Driver/Src/stm32f7xx_hal_dma.c ****         {
 1886              		.loc 1 920 11 discriminator 1 view .LVU722
 1887 0186 0BB1     		cbz	r3, .L105
 923:Drivers/STM32F7xx_HAL_Driver/Src/stm32f7xx_hal_dma.c ****         }
 1888              		.loc 1 923 11 is_stmt 1 view .LVU723
 1889 0188 2046     		mov	r0, r4
 1890 018a 9847     		blx	r3
 1891              	.LVL138:
 1892              	.L105:
 930:Drivers/STM32F7xx_HAL_Driver/Src/stm32f7xx_hal_dma.c ****   {
 1893              		.loc 1 930 3 view .LVU724
 930:Drivers/STM32F7xx_HAL_Driver/Src/stm32f7xx_hal_dma.c ****   {
 1894              		.loc 1 930 10 is_stmt 0 view .LVU725
 1895 018c 636D     		ldr	r3, [r4, #84]
 930:Drivers/STM32F7xx_HAL_Driver/Src/stm32f7xx_hal_dma.c ****   {
 1896              		.loc 1 930 5 view .LVU726
 1897 018e FBB1     		cbz	r3, .L97
 932:Drivers/STM32F7xx_HAL_Driver/Src/stm32f7xx_hal_dma.c ****     {
 1898              		.loc 1 932 5 is_stmt 1 view .LVU727
 932:Drivers/STM32F7xx_HAL_Driver/Src/stm32f7xx_hal_dma.c ****     {
 1899              		.loc 1 932 13 is_stmt 0 view .LVU728
 1900 0190 636D     		ldr	r3, [r4, #84]
 932:Drivers/STM32F7xx_HAL_Driver/Src/stm32f7xx_hal_dma.c ****     {
 1901              		.loc 1 932 7 view .LVU729
 1902 0192 13F0010F 		tst	r3, #1
 1903 0196 17D0     		beq	.L114
 934:Drivers/STM32F7xx_HAL_Driver/Src/stm32f7xx_hal_dma.c **** 
 1904              		.loc 1 934 7 is_stmt 1 view .LVU730
 934:Drivers/STM32F7xx_HAL_Driver/Src/stm32f7xx_hal_dma.c **** 
 1905              		.loc 1 934 19 is_stmt 0 view .LVU731
 1906 0198 0523     		movs	r3, #5
 1907 019a 84F83530 		strb	r3, [r4, #53]
 937:Drivers/STM32F7xx_HAL_Driver/Src/stm32f7xx_hal_dma.c **** 
 1908              		.loc 1 937 7 is_stmt 1 view .LVU732
 1909 019e 2268     		ldr	r2, [r4]
 1910 01a0 1368     		ldr	r3, [r2]
 1911 01a2 23F00103 		bic	r3, r3, #1
 1912 01a6 1360     		str	r3, [r2]
 1913              	.L116:
 939:Drivers/STM32F7xx_HAL_Driver/Src/stm32f7xx_hal_dma.c ****       {
 1914              		.loc 1 939 7 view .LVU733
 941:Drivers/STM32F7xx_HAL_Driver/Src/stm32f7xx_hal_dma.c ****         {
 1915              		.loc 1 941 9 view .LVU734
 941:Drivers/STM32F7xx_HAL_Driver/Src/stm32f7xx_hal_dma.c ****         {
 1916              		.loc 1 941 13 is_stmt 0 view .LVU735
 1917 01a8 019B     		ldr	r3, [sp, #4]
 1918 01aa 0133     		adds	r3, r3, #1
 941:Drivers/STM32F7xx_HAL_Driver/Src/stm32f7xx_hal_dma.c ****         {
 1919              		.loc 1 941 12 view .LVU736
 1920 01ac 0193     		str	r3, [sp, #4]
 1921 01ae AB42     		cmp	r3, r5
 1922 01b0 04D8     		bhi	.L115
 946:Drivers/STM32F7xx_HAL_Driver/Src/stm32f7xx_hal_dma.c **** 
 1923              		.loc 1 946 48 is_stmt 1 view .LVU737
 946:Drivers/STM32F7xx_HAL_Driver/Src/stm32f7xx_hal_dma.c **** 
ARM GAS  /tmp/cc6OwwRl.s 			page 69


 1924              		.loc 1 946 18 is_stmt 0 view .LVU738
 1925 01b2 2368     		ldr	r3, [r4]
 946:Drivers/STM32F7xx_HAL_Driver/Src/stm32f7xx_hal_dma.c **** 
 1926              		.loc 1 946 28 view .LVU739
 1927 01b4 1B68     		ldr	r3, [r3]
 946:Drivers/STM32F7xx_HAL_Driver/Src/stm32f7xx_hal_dma.c **** 
 1928              		.loc 1 946 48 view .LVU740
 1929 01b6 13F0010F 		tst	r3, #1
 1930 01ba F5D1     		bne	.L116
 1931              	.L115:
 949:Drivers/STM32F7xx_HAL_Driver/Src/stm32f7xx_hal_dma.c **** 
 1932              		.loc 1 949 7 is_stmt 1 view .LVU741
 949:Drivers/STM32F7xx_HAL_Driver/Src/stm32f7xx_hal_dma.c **** 
 1933              		.loc 1 949 19 is_stmt 0 view .LVU742
 1934 01bc 0123     		movs	r3, #1
 1935 01be 84F83530 		strb	r3, [r4, #53]
 952:Drivers/STM32F7xx_HAL_Driver/Src/stm32f7xx_hal_dma.c **** 
 1936              		.loc 1 952 7 is_stmt 1 view .LVU743
 952:Drivers/STM32F7xx_HAL_Driver/Src/stm32f7xx_hal_dma.c **** 
 1937              		.loc 1 952 7 view .LVU744
 1938 01c2 0023     		movs	r3, #0
 1939 01c4 84F83430 		strb	r3, [r4, #52]
 1940              	.L114:
 952:Drivers/STM32F7xx_HAL_Driver/Src/stm32f7xx_hal_dma.c **** 
 1941              		.loc 1 952 7 discriminator 1 view .LVU745
 956:Drivers/STM32F7xx_HAL_Driver/Src/stm32f7xx_hal_dma.c ****     {
 1942              		.loc 1 956 5 discriminator 1 view .LVU746
 956:Drivers/STM32F7xx_HAL_Driver/Src/stm32f7xx_hal_dma.c ****     {
 1943              		.loc 1 956 12 is_stmt 0 discriminator 1 view .LVU747
 1944 01c8 E36C     		ldr	r3, [r4, #76]
 956:Drivers/STM32F7xx_HAL_Driver/Src/stm32f7xx_hal_dma.c ****     {
 1945              		.loc 1 956 7 discriminator 1 view .LVU748
 1946 01ca 0BB1     		cbz	r3, .L97
 959:Drivers/STM32F7xx_HAL_Driver/Src/stm32f7xx_hal_dma.c ****     }
 1947              		.loc 1 959 7 is_stmt 1 view .LVU749
 1948 01cc 2046     		mov	r0, r4
 1949 01ce 9847     		blx	r3
 1950              	.LVL139:
 1951              	.L97:
 962:Drivers/STM32F7xx_HAL_Driver/Src/stm32f7xx_hal_dma.c **** 
 1952              		.loc 1 962 1 is_stmt 0 view .LVU750
 1953 01d0 03B0     		add	sp, sp, #12
 1954              	.LCFI15:
 1955              		.cfi_def_cfa_offset 20
 1956              		@ sp needed
 1957 01d2 F0BD     		pop	{r4, r5, r6, r7, pc}
 1958              	.LVL140:
 1959              	.L121:
 962:Drivers/STM32F7xx_HAL_Driver/Src/stm32f7xx_hal_dma.c **** 
 1960              		.loc 1 962 1 view .LVU751
 1961              		.align	2
 1962              	.L120:
 1963 01d4 00000000 		.word	SystemCoreClock
 1964 01d8 B5814E1B 		.word	458129845
 1965              		.cfi_endproc
 1966              	.LFE148:
 1968              		.section	.text.HAL_DMA_RegisterCallback,"ax",%progbits
ARM GAS  /tmp/cc6OwwRl.s 			page 70


 1969              		.align	1
 1970              		.global	HAL_DMA_RegisterCallback
 1971              		.syntax unified
 1972              		.thumb
 1973              		.thumb_func
 1975              	HAL_DMA_RegisterCallback:
 1976              	.LVL141:
 1977              	.LFB149:
 975:Drivers/STM32F7xx_HAL_Driver/Src/stm32f7xx_hal_dma.c **** 
 1978              		.loc 1 975 1 is_stmt 1 view -0
 1979              		.cfi_startproc
 1980              		@ args = 0, pretend = 0, frame = 0
 1981              		@ frame_needed = 0, uses_anonymous_args = 0
 1982              		@ link register save eliminated.
 975:Drivers/STM32F7xx_HAL_Driver/Src/stm32f7xx_hal_dma.c **** 
 1983              		.loc 1 975 1 is_stmt 0 view .LVU753
 1984 0000 0346     		mov	r3, r0
 977:Drivers/STM32F7xx_HAL_Driver/Src/stm32f7xx_hal_dma.c **** 
 1985              		.loc 1 977 3 is_stmt 1 view .LVU754
 1986              	.LVL142:
 980:Drivers/STM32F7xx_HAL_Driver/Src/stm32f7xx_hal_dma.c **** 
 1987              		.loc 1 980 3 view .LVU755
 980:Drivers/STM32F7xx_HAL_Driver/Src/stm32f7xx_hal_dma.c **** 
 1988              		.loc 1 980 3 view .LVU756
 1989 0002 90F83400 		ldrb	r0, [r0, #52]	@ zero_extendqisi2
 1990              	.LVL143:
 980:Drivers/STM32F7xx_HAL_Driver/Src/stm32f7xx_hal_dma.c **** 
 1991              		.loc 1 980 3 is_stmt 0 view .LVU757
 1992 0006 0128     		cmp	r0, #1
 1993 0008 25D0     		beq	.L132
 980:Drivers/STM32F7xx_HAL_Driver/Src/stm32f7xx_hal_dma.c **** 
 1994              		.loc 1 980 3 is_stmt 1 discriminator 2 view .LVU758
 1995 000a 0120     		movs	r0, #1
 1996 000c 83F83400 		strb	r0, [r3, #52]
 980:Drivers/STM32F7xx_HAL_Driver/Src/stm32f7xx_hal_dma.c **** 
 1997              		.loc 1 980 3 discriminator 2 view .LVU759
 982:Drivers/STM32F7xx_HAL_Driver/Src/stm32f7xx_hal_dma.c ****   {
 1998              		.loc 1 982 3 discriminator 2 view .LVU760
 982:Drivers/STM32F7xx_HAL_Driver/Src/stm32f7xx_hal_dma.c ****   {
 1999              		.loc 1 982 33 is_stmt 0 discriminator 2 view .LVU761
 2000 0010 93F83500 		ldrb	r0, [r3, #53]	@ zero_extendqisi2
 2001 0014 C0B2     		uxtb	r0, r0
 982:Drivers/STM32F7xx_HAL_Driver/Src/stm32f7xx_hal_dma.c ****   {
 2002              		.loc 1 982 5 discriminator 2 view .LVU762
 2003 0016 0128     		cmp	r0, #1
 2004 0018 04D0     		beq	.L135
1019:Drivers/STM32F7xx_HAL_Driver/Src/stm32f7xx_hal_dma.c ****   }
 2005              		.loc 1 1019 12 view .LVU763
 2006 001a 0120     		movs	r0, #1
 2007              	.L124:
 2008              	.LVL144:
1023:Drivers/STM32F7xx_HAL_Driver/Src/stm32f7xx_hal_dma.c ****   
 2009              		.loc 1 1023 3 is_stmt 1 view .LVU764
1023:Drivers/STM32F7xx_HAL_Driver/Src/stm32f7xx_hal_dma.c ****   
 2010              		.loc 1 1023 3 view .LVU765
 2011 001c 0022     		movs	r2, #0
 2012              	.LVL145:
ARM GAS  /tmp/cc6OwwRl.s 			page 71


1023:Drivers/STM32F7xx_HAL_Driver/Src/stm32f7xx_hal_dma.c ****   
 2013              		.loc 1 1023 3 is_stmt 0 view .LVU766
 2014 001e 83F83420 		strb	r2, [r3, #52]
1023:Drivers/STM32F7xx_HAL_Driver/Src/stm32f7xx_hal_dma.c ****   
 2015              		.loc 1 1023 3 is_stmt 1 view .LVU767
1025:Drivers/STM32F7xx_HAL_Driver/Src/stm32f7xx_hal_dma.c **** }
 2016              		.loc 1 1025 3 view .LVU768
1025:Drivers/STM32F7xx_HAL_Driver/Src/stm32f7xx_hal_dma.c **** }
 2017              		.loc 1 1025 10 is_stmt 0 view .LVU769
 2018 0022 7047     		bx	lr
 2019              	.LVL146:
 2020              	.L135:
 984:Drivers/STM32F7xx_HAL_Driver/Src/stm32f7xx_hal_dma.c ****     {
 2021              		.loc 1 984 5 is_stmt 1 view .LVU770
 2022 0024 0529     		cmp	r1, #5
 2023 0026 F9D8     		bhi	.L124
 2024 0028 DFE801F0 		tbb	[pc, r1]
 2025              	.L126:
 2026 002c 03       		.byte	(.L131-.L126)/2
 2027 002d 06       		.byte	(.L130-.L126)/2
 2028 002e 09       		.byte	(.L129-.L126)/2
 2029 002f 0C       		.byte	(.L128-.L126)/2
 2030 0030 0F       		.byte	(.L127-.L126)/2
 2031 0031 12       		.byte	(.L125-.L126)/2
 2032              		.p2align 1
 2033              	.L131:
 987:Drivers/STM32F7xx_HAL_Driver/Src/stm32f7xx_hal_dma.c ****       break;
 2034              		.loc 1 987 7 view .LVU771
 987:Drivers/STM32F7xx_HAL_Driver/Src/stm32f7xx_hal_dma.c ****       break;
 2035              		.loc 1 987 30 is_stmt 0 view .LVU772
 2036 0032 DA63     		str	r2, [r3, #60]
 988:Drivers/STM32F7xx_HAL_Driver/Src/stm32f7xx_hal_dma.c **** 
 2037              		.loc 1 988 7 is_stmt 1 view .LVU773
 977:Drivers/STM32F7xx_HAL_Driver/Src/stm32f7xx_hal_dma.c **** 
 2038              		.loc 1 977 21 is_stmt 0 view .LVU774
 2039 0034 0846     		mov	r0, r1
 988:Drivers/STM32F7xx_HAL_Driver/Src/stm32f7xx_hal_dma.c **** 
 2040              		.loc 1 988 7 view .LVU775
 2041 0036 F1E7     		b	.L124
 2042              	.L130:
 991:Drivers/STM32F7xx_HAL_Driver/Src/stm32f7xx_hal_dma.c ****       break;
 2043              		.loc 1 991 7 is_stmt 1 view .LVU776
 991:Drivers/STM32F7xx_HAL_Driver/Src/stm32f7xx_hal_dma.c ****       break;
 2044              		.loc 1 991 34 is_stmt 0 view .LVU777
 2045 0038 1A64     		str	r2, [r3, #64]
 992:Drivers/STM32F7xx_HAL_Driver/Src/stm32f7xx_hal_dma.c **** 
 2046              		.loc 1 992 7 is_stmt 1 view .LVU778
 977:Drivers/STM32F7xx_HAL_Driver/Src/stm32f7xx_hal_dma.c **** 
 2047              		.loc 1 977 21 is_stmt 0 view .LVU779
 2048 003a 0020     		movs	r0, #0
 992:Drivers/STM32F7xx_HAL_Driver/Src/stm32f7xx_hal_dma.c **** 
 2049              		.loc 1 992 7 view .LVU780
 2050 003c EEE7     		b	.L124
 2051              	.L129:
 995:Drivers/STM32F7xx_HAL_Driver/Src/stm32f7xx_hal_dma.c ****       break;
 2052              		.loc 1 995 7 is_stmt 1 view .LVU781
 995:Drivers/STM32F7xx_HAL_Driver/Src/stm32f7xx_hal_dma.c ****       break;
ARM GAS  /tmp/cc6OwwRl.s 			page 72


 2053              		.loc 1 995 32 is_stmt 0 view .LVU782
 2054 003e 5A64     		str	r2, [r3, #68]
 996:Drivers/STM32F7xx_HAL_Driver/Src/stm32f7xx_hal_dma.c **** 
 2055              		.loc 1 996 7 is_stmt 1 view .LVU783
 977:Drivers/STM32F7xx_HAL_Driver/Src/stm32f7xx_hal_dma.c **** 
 2056              		.loc 1 977 21 is_stmt 0 view .LVU784
 2057 0040 0020     		movs	r0, #0
 996:Drivers/STM32F7xx_HAL_Driver/Src/stm32f7xx_hal_dma.c **** 
 2058              		.loc 1 996 7 view .LVU785
 2059 0042 EBE7     		b	.L124
 2060              	.L128:
 999:Drivers/STM32F7xx_HAL_Driver/Src/stm32f7xx_hal_dma.c ****       break;
 2061              		.loc 1 999 7 is_stmt 1 view .LVU786
 999:Drivers/STM32F7xx_HAL_Driver/Src/stm32f7xx_hal_dma.c ****       break;
 2062              		.loc 1 999 36 is_stmt 0 view .LVU787
 2063 0044 9A64     		str	r2, [r3, #72]
1000:Drivers/STM32F7xx_HAL_Driver/Src/stm32f7xx_hal_dma.c **** 
 2064              		.loc 1 1000 7 is_stmt 1 view .LVU788
 977:Drivers/STM32F7xx_HAL_Driver/Src/stm32f7xx_hal_dma.c **** 
 2065              		.loc 1 977 21 is_stmt 0 view .LVU789
 2066 0046 0020     		movs	r0, #0
1000:Drivers/STM32F7xx_HAL_Driver/Src/stm32f7xx_hal_dma.c **** 
 2067              		.loc 1 1000 7 view .LVU790
 2068 0048 E8E7     		b	.L124
 2069              	.L127:
1003:Drivers/STM32F7xx_HAL_Driver/Src/stm32f7xx_hal_dma.c ****       break;
 2070              		.loc 1 1003 7 is_stmt 1 view .LVU791
1003:Drivers/STM32F7xx_HAL_Driver/Src/stm32f7xx_hal_dma.c ****       break;
 2071              		.loc 1 1003 31 is_stmt 0 view .LVU792
 2072 004a DA64     		str	r2, [r3, #76]
1004:Drivers/STM32F7xx_HAL_Driver/Src/stm32f7xx_hal_dma.c **** 
 2073              		.loc 1 1004 7 is_stmt 1 view .LVU793
 977:Drivers/STM32F7xx_HAL_Driver/Src/stm32f7xx_hal_dma.c **** 
 2074              		.loc 1 977 21 is_stmt 0 view .LVU794
 2075 004c 0020     		movs	r0, #0
1004:Drivers/STM32F7xx_HAL_Driver/Src/stm32f7xx_hal_dma.c **** 
 2076              		.loc 1 1004 7 view .LVU795
 2077 004e E5E7     		b	.L124
 2078              	.L125:
1007:Drivers/STM32F7xx_HAL_Driver/Src/stm32f7xx_hal_dma.c ****       break;
 2079              		.loc 1 1007 7 is_stmt 1 view .LVU796
1007:Drivers/STM32F7xx_HAL_Driver/Src/stm32f7xx_hal_dma.c ****       break;
 2080              		.loc 1 1007 31 is_stmt 0 view .LVU797
 2081 0050 1A65     		str	r2, [r3, #80]
1008:Drivers/STM32F7xx_HAL_Driver/Src/stm32f7xx_hal_dma.c **** 
 2082              		.loc 1 1008 7 is_stmt 1 view .LVU798
 977:Drivers/STM32F7xx_HAL_Driver/Src/stm32f7xx_hal_dma.c **** 
 2083              		.loc 1 977 21 is_stmt 0 view .LVU799
 2084 0052 0020     		movs	r0, #0
1008:Drivers/STM32F7xx_HAL_Driver/Src/stm32f7xx_hal_dma.c **** 
 2085              		.loc 1 1008 7 view .LVU800
 2086 0054 E2E7     		b	.L124
 2087              	.L132:
 980:Drivers/STM32F7xx_HAL_Driver/Src/stm32f7xx_hal_dma.c **** 
 2088              		.loc 1 980 3 view .LVU801
 2089 0056 0220     		movs	r0, #2
1026:Drivers/STM32F7xx_HAL_Driver/Src/stm32f7xx_hal_dma.c **** 
ARM GAS  /tmp/cc6OwwRl.s 			page 73


 2090              		.loc 1 1026 1 view .LVU802
 2091 0058 7047     		bx	lr
 2092              		.cfi_endproc
 2093              	.LFE149:
 2095              		.section	.text.HAL_DMA_UnRegisterCallback,"ax",%progbits
 2096              		.align	1
 2097              		.global	HAL_DMA_UnRegisterCallback
 2098              		.syntax unified
 2099              		.thumb
 2100              		.thumb_func
 2102              	HAL_DMA_UnRegisterCallback:
 2103              	.LVL147:
 2104              	.LFB150:
1037:Drivers/STM32F7xx_HAL_Driver/Src/stm32f7xx_hal_dma.c ****   HAL_StatusTypeDef status = HAL_OK;
 2105              		.loc 1 1037 1 is_stmt 1 view -0
 2106              		.cfi_startproc
 2107              		@ args = 0, pretend = 0, frame = 0
 2108              		@ frame_needed = 0, uses_anonymous_args = 0
 2109              		@ link register save eliminated.
1037:Drivers/STM32F7xx_HAL_Driver/Src/stm32f7xx_hal_dma.c ****   HAL_StatusTypeDef status = HAL_OK;
 2110              		.loc 1 1037 1 is_stmt 0 view .LVU804
 2111 0000 0346     		mov	r3, r0
1038:Drivers/STM32F7xx_HAL_Driver/Src/stm32f7xx_hal_dma.c ****   
 2112              		.loc 1 1038 3 is_stmt 1 view .LVU805
 2113              	.LVL148:
1041:Drivers/STM32F7xx_HAL_Driver/Src/stm32f7xx_hal_dma.c ****   
 2114              		.loc 1 1041 3 view .LVU806
1041:Drivers/STM32F7xx_HAL_Driver/Src/stm32f7xx_hal_dma.c ****   
 2115              		.loc 1 1041 3 view .LVU807
 2116 0002 90F83420 		ldrb	r2, [r0, #52]	@ zero_extendqisi2
 2117 0006 012A     		cmp	r2, #1
 2118 0008 2FD0     		beq	.L147
1041:Drivers/STM32F7xx_HAL_Driver/Src/stm32f7xx_hal_dma.c ****   
 2119              		.loc 1 1041 3 discriminator 2 view .LVU808
 2120 000a 0122     		movs	r2, #1
 2121 000c 80F83420 		strb	r2, [r0, #52]
1041:Drivers/STM32F7xx_HAL_Driver/Src/stm32f7xx_hal_dma.c ****   
 2122              		.loc 1 1041 3 discriminator 2 view .LVU809
1043:Drivers/STM32F7xx_HAL_Driver/Src/stm32f7xx_hal_dma.c ****   {
 2123              		.loc 1 1043 3 discriminator 2 view .LVU810
1043:Drivers/STM32F7xx_HAL_Driver/Src/stm32f7xx_hal_dma.c ****   {
 2124              		.loc 1 1043 33 is_stmt 0 discriminator 2 view .LVU811
 2125 0010 90F83500 		ldrb	r0, [r0, #53]	@ zero_extendqisi2
 2126              	.LVL149:
1043:Drivers/STM32F7xx_HAL_Driver/Src/stm32f7xx_hal_dma.c ****   {
 2127              		.loc 1 1043 33 discriminator 2 view .LVU812
 2128 0014 C0B2     		uxtb	r0, r0
1043:Drivers/STM32F7xx_HAL_Driver/Src/stm32f7xx_hal_dma.c ****   {
 2129              		.loc 1 1043 5 discriminator 2 view .LVU813
 2130 0016 9042     		cmp	r0, r2
 2131 0018 04D0     		beq	.L150
1087:Drivers/STM32F7xx_HAL_Driver/Src/stm32f7xx_hal_dma.c ****   }
 2132              		.loc 1 1087 12 view .LVU814
 2133 001a 0120     		movs	r0, #1
 2134              	.L138:
 2135              	.LVL150:
1091:Drivers/STM32F7xx_HAL_Driver/Src/stm32f7xx_hal_dma.c ****   
ARM GAS  /tmp/cc6OwwRl.s 			page 74


 2136              		.loc 1 1091 3 is_stmt 1 view .LVU815
1091:Drivers/STM32F7xx_HAL_Driver/Src/stm32f7xx_hal_dma.c ****   
 2137              		.loc 1 1091 3 view .LVU816
 2138 001c 0022     		movs	r2, #0
 2139 001e 83F83420 		strb	r2, [r3, #52]
1091:Drivers/STM32F7xx_HAL_Driver/Src/stm32f7xx_hal_dma.c ****   
 2140              		.loc 1 1091 3 view .LVU817
1093:Drivers/STM32F7xx_HAL_Driver/Src/stm32f7xx_hal_dma.c **** }
 2141              		.loc 1 1093 3 view .LVU818
1093:Drivers/STM32F7xx_HAL_Driver/Src/stm32f7xx_hal_dma.c **** }
 2142              		.loc 1 1093 10 is_stmt 0 view .LVU819
 2143 0022 7047     		bx	lr
 2144              	.LVL151:
 2145              	.L150:
1045:Drivers/STM32F7xx_HAL_Driver/Src/stm32f7xx_hal_dma.c ****     {
 2146              		.loc 1 1045 5 is_stmt 1 view .LVU820
 2147 0024 0629     		cmp	r1, #6
 2148 0026 F9D8     		bhi	.L138
 2149 0028 DFE801F0 		tbb	[pc, r1]
 2150              	.L140:
 2151 002c 04       		.byte	(.L146-.L140)/2
 2152 002d 08       		.byte	(.L145-.L140)/2
 2153 002e 0B       		.byte	(.L144-.L140)/2
 2154 002f 0E       		.byte	(.L143-.L140)/2
 2155 0030 11       		.byte	(.L142-.L140)/2
 2156 0031 14       		.byte	(.L141-.L140)/2
 2157 0032 17       		.byte	(.L139-.L140)/2
 2158 0033 00       		.p2align 1
 2159              	.L146:
1048:Drivers/STM32F7xx_HAL_Driver/Src/stm32f7xx_hal_dma.c ****       break;
 2160              		.loc 1 1048 7 view .LVU821
1048:Drivers/STM32F7xx_HAL_Driver/Src/stm32f7xx_hal_dma.c ****       break;
 2161              		.loc 1 1048 30 is_stmt 0 view .LVU822
 2162 0034 0022     		movs	r2, #0
 2163 0036 DA63     		str	r2, [r3, #60]
1049:Drivers/STM32F7xx_HAL_Driver/Src/stm32f7xx_hal_dma.c ****       
 2164              		.loc 1 1049 7 is_stmt 1 view .LVU823
1038:Drivers/STM32F7xx_HAL_Driver/Src/stm32f7xx_hal_dma.c ****   
 2165              		.loc 1 1038 21 is_stmt 0 view .LVU824
 2166 0038 0846     		mov	r0, r1
1049:Drivers/STM32F7xx_HAL_Driver/Src/stm32f7xx_hal_dma.c ****       
 2167              		.loc 1 1049 7 view .LVU825
 2168 003a EFE7     		b	.L138
 2169              	.L145:
1052:Drivers/STM32F7xx_HAL_Driver/Src/stm32f7xx_hal_dma.c ****       break;
 2170              		.loc 1 1052 7 is_stmt 1 view .LVU826
1052:Drivers/STM32F7xx_HAL_Driver/Src/stm32f7xx_hal_dma.c ****       break;
 2171              		.loc 1 1052 34 is_stmt 0 view .LVU827
 2172 003c 0020     		movs	r0, #0
 2173 003e 1864     		str	r0, [r3, #64]
1053:Drivers/STM32F7xx_HAL_Driver/Src/stm32f7xx_hal_dma.c ****       
 2174              		.loc 1 1053 7 is_stmt 1 view .LVU828
 2175 0040 ECE7     		b	.L138
 2176              	.L144:
1056:Drivers/STM32F7xx_HAL_Driver/Src/stm32f7xx_hal_dma.c ****       break;
 2177              		.loc 1 1056 7 view .LVU829
1056:Drivers/STM32F7xx_HAL_Driver/Src/stm32f7xx_hal_dma.c ****       break;
ARM GAS  /tmp/cc6OwwRl.s 			page 75


 2178              		.loc 1 1056 32 is_stmt 0 view .LVU830
 2179 0042 0020     		movs	r0, #0
 2180 0044 5864     		str	r0, [r3, #68]
1057:Drivers/STM32F7xx_HAL_Driver/Src/stm32f7xx_hal_dma.c ****       
 2181              		.loc 1 1057 7 is_stmt 1 view .LVU831
 2182 0046 E9E7     		b	.L138
 2183              	.L143:
1060:Drivers/STM32F7xx_HAL_Driver/Src/stm32f7xx_hal_dma.c ****       break;
 2184              		.loc 1 1060 7 view .LVU832
1060:Drivers/STM32F7xx_HAL_Driver/Src/stm32f7xx_hal_dma.c ****       break;
 2185              		.loc 1 1060 36 is_stmt 0 view .LVU833
 2186 0048 0020     		movs	r0, #0
 2187 004a 9864     		str	r0, [r3, #72]
1061:Drivers/STM32F7xx_HAL_Driver/Src/stm32f7xx_hal_dma.c ****       
 2188              		.loc 1 1061 7 is_stmt 1 view .LVU834
 2189 004c E6E7     		b	.L138
 2190              	.L142:
1064:Drivers/STM32F7xx_HAL_Driver/Src/stm32f7xx_hal_dma.c ****       break;
 2191              		.loc 1 1064 7 view .LVU835
1064:Drivers/STM32F7xx_HAL_Driver/Src/stm32f7xx_hal_dma.c ****       break;
 2192              		.loc 1 1064 31 is_stmt 0 view .LVU836
 2193 004e 0020     		movs	r0, #0
 2194 0050 D864     		str	r0, [r3, #76]
1065:Drivers/STM32F7xx_HAL_Driver/Src/stm32f7xx_hal_dma.c ****       
 2195              		.loc 1 1065 7 is_stmt 1 view .LVU837
 2196 0052 E3E7     		b	.L138
 2197              	.L141:
1068:Drivers/STM32F7xx_HAL_Driver/Src/stm32f7xx_hal_dma.c ****       break; 
 2198              		.loc 1 1068 7 view .LVU838
1068:Drivers/STM32F7xx_HAL_Driver/Src/stm32f7xx_hal_dma.c ****       break; 
 2199              		.loc 1 1068 31 is_stmt 0 view .LVU839
 2200 0054 0020     		movs	r0, #0
 2201 0056 1865     		str	r0, [r3, #80]
1069:Drivers/STM32F7xx_HAL_Driver/Src/stm32f7xx_hal_dma.c ****       
 2202              		.loc 1 1069 7 is_stmt 1 view .LVU840
 2203 0058 E0E7     		b	.L138
 2204              	.L139:
1072:Drivers/STM32F7xx_HAL_Driver/Src/stm32f7xx_hal_dma.c ****       hdma->XferHalfCpltCallback = NULL;
 2205              		.loc 1 1072 7 view .LVU841
1072:Drivers/STM32F7xx_HAL_Driver/Src/stm32f7xx_hal_dma.c ****       hdma->XferHalfCpltCallback = NULL;
 2206              		.loc 1 1072 30 is_stmt 0 view .LVU842
 2207 005a 0020     		movs	r0, #0
 2208 005c D863     		str	r0, [r3, #60]
1073:Drivers/STM32F7xx_HAL_Driver/Src/stm32f7xx_hal_dma.c ****       hdma->XferM1CpltCallback = NULL;
 2209              		.loc 1 1073 7 is_stmt 1 view .LVU843
1073:Drivers/STM32F7xx_HAL_Driver/Src/stm32f7xx_hal_dma.c ****       hdma->XferM1CpltCallback = NULL;
 2210              		.loc 1 1073 34 is_stmt 0 view .LVU844
 2211 005e 1864     		str	r0, [r3, #64]
1074:Drivers/STM32F7xx_HAL_Driver/Src/stm32f7xx_hal_dma.c ****       hdma->XferM1HalfCpltCallback = NULL;
 2212              		.loc 1 1074 7 is_stmt 1 view .LVU845
1074:Drivers/STM32F7xx_HAL_Driver/Src/stm32f7xx_hal_dma.c ****       hdma->XferM1HalfCpltCallback = NULL;
 2213              		.loc 1 1074 32 is_stmt 0 view .LVU846
 2214 0060 5864     		str	r0, [r3, #68]
1075:Drivers/STM32F7xx_HAL_Driver/Src/stm32f7xx_hal_dma.c ****       hdma->XferErrorCallback = NULL;
 2215              		.loc 1 1075 7 is_stmt 1 view .LVU847
1075:Drivers/STM32F7xx_HAL_Driver/Src/stm32f7xx_hal_dma.c ****       hdma->XferErrorCallback = NULL;
 2216              		.loc 1 1075 36 is_stmt 0 view .LVU848
ARM GAS  /tmp/cc6OwwRl.s 			page 76


 2217 0062 9864     		str	r0, [r3, #72]
1076:Drivers/STM32F7xx_HAL_Driver/Src/stm32f7xx_hal_dma.c ****       hdma->XferAbortCallback = NULL;
 2218              		.loc 1 1076 7 is_stmt 1 view .LVU849
1076:Drivers/STM32F7xx_HAL_Driver/Src/stm32f7xx_hal_dma.c ****       hdma->XferAbortCallback = NULL;
 2219              		.loc 1 1076 31 is_stmt 0 view .LVU850
 2220 0064 D864     		str	r0, [r3, #76]
1077:Drivers/STM32F7xx_HAL_Driver/Src/stm32f7xx_hal_dma.c ****       break; 
 2221              		.loc 1 1077 7 is_stmt 1 view .LVU851
1077:Drivers/STM32F7xx_HAL_Driver/Src/stm32f7xx_hal_dma.c ****       break; 
 2222              		.loc 1 1077 31 is_stmt 0 view .LVU852
 2223 0066 1865     		str	r0, [r3, #80]
1078:Drivers/STM32F7xx_HAL_Driver/Src/stm32f7xx_hal_dma.c ****       
 2224              		.loc 1 1078 7 is_stmt 1 view .LVU853
 2225 0068 D8E7     		b	.L138
 2226              	.LVL152:
 2227              	.L147:
1041:Drivers/STM32F7xx_HAL_Driver/Src/stm32f7xx_hal_dma.c ****   
 2228              		.loc 1 1041 3 is_stmt 0 view .LVU854
 2229 006a 0220     		movs	r0, #2
 2230              	.LVL153:
1094:Drivers/STM32F7xx_HAL_Driver/Src/stm32f7xx_hal_dma.c **** 
 2231              		.loc 1 1094 1 view .LVU855
 2232 006c 7047     		bx	lr
 2233              		.cfi_endproc
 2234              	.LFE150:
 2236              		.section	.text.HAL_DMA_GetState,"ax",%progbits
 2237              		.align	1
 2238              		.global	HAL_DMA_GetState
 2239              		.syntax unified
 2240              		.thumb
 2241              		.thumb_func
 2243              	HAL_DMA_GetState:
 2244              	.LVL154:
 2245              	.LFB151:
1122:Drivers/STM32F7xx_HAL_Driver/Src/stm32f7xx_hal_dma.c ****   return hdma->State;
 2246              		.loc 1 1122 1 is_stmt 1 view -0
 2247              		.cfi_startproc
 2248              		@ args = 0, pretend = 0, frame = 0
 2249              		@ frame_needed = 0, uses_anonymous_args = 0
 2250              		@ link register save eliminated.
1123:Drivers/STM32F7xx_HAL_Driver/Src/stm32f7xx_hal_dma.c **** }
 2251              		.loc 1 1123 3 view .LVU857
1123:Drivers/STM32F7xx_HAL_Driver/Src/stm32f7xx_hal_dma.c **** }
 2252              		.loc 1 1123 14 is_stmt 0 view .LVU858
 2253 0000 90F83500 		ldrb	r0, [r0, #53]	@ zero_extendqisi2
 2254              	.LVL155:
1124:Drivers/STM32F7xx_HAL_Driver/Src/stm32f7xx_hal_dma.c **** 
 2255              		.loc 1 1124 1 view .LVU859
 2256 0004 7047     		bx	lr
 2257              		.cfi_endproc
 2258              	.LFE151:
 2260              		.section	.text.HAL_DMA_GetError,"ax",%progbits
 2261              		.align	1
 2262              		.global	HAL_DMA_GetError
 2263              		.syntax unified
 2264              		.thumb
 2265              		.thumb_func
ARM GAS  /tmp/cc6OwwRl.s 			page 77


 2267              	HAL_DMA_GetError:
 2268              	.LVL156:
 2269              	.LFB152:
1133:Drivers/STM32F7xx_HAL_Driver/Src/stm32f7xx_hal_dma.c ****   return hdma->ErrorCode;
 2270              		.loc 1 1133 1 is_stmt 1 view -0
 2271              		.cfi_startproc
 2272              		@ args = 0, pretend = 0, frame = 0
 2273              		@ frame_needed = 0, uses_anonymous_args = 0
 2274              		@ link register save eliminated.
1134:Drivers/STM32F7xx_HAL_Driver/Src/stm32f7xx_hal_dma.c **** }
 2275              		.loc 1 1134 3 view .LVU861
1134:Drivers/STM32F7xx_HAL_Driver/Src/stm32f7xx_hal_dma.c **** }
 2276              		.loc 1 1134 14 is_stmt 0 view .LVU862
 2277 0000 406D     		ldr	r0, [r0, #84]
 2278              	.LVL157:
1135:Drivers/STM32F7xx_HAL_Driver/Src/stm32f7xx_hal_dma.c **** 
 2279              		.loc 1 1135 1 view .LVU863
 2280 0002 7047     		bx	lr
 2281              		.cfi_endproc
 2282              	.LFE152:
 2284              		.section	.rodata.flagBitshiftOffset.0,"a"
 2285              		.align	2
 2288              	flagBitshiftOffset.0:
 2289 0000 00061016 		.ascii	"\000\006\020\026\000\006\020\026"
 2289      00061016 
 2290              		.text
 2291              	.Letext0:
 2292              		.file 2 "/usr/lib/gcc/arm-none-eabi/12.2.1/include/stdint.h"
 2293              		.file 3 "Drivers/CMSIS/Device/ST/STM32F7xx/Include/stm32f767xx.h"
 2294              		.file 4 "Drivers/CMSIS/Device/ST/STM32F7xx/Include/stm32f7xx.h"
 2295              		.file 5 "Drivers/STM32F7xx_HAL_Driver/Inc/stm32f7xx_hal_def.h"
 2296              		.file 6 "Drivers/STM32F7xx_HAL_Driver/Inc/stm32f7xx_hal_dma.h"
 2297              		.file 7 "Drivers/CMSIS/Device/ST/STM32F7xx/Include/system_stm32f7xx.h"
 2298              		.file 8 "Drivers/STM32F7xx_HAL_Driver/Inc/stm32f7xx_hal.h"
ARM GAS  /tmp/cc6OwwRl.s 			page 78


DEFINED SYMBOLS
                            *ABS*:00000000 stm32f7xx_hal_dma.c
     /tmp/cc6OwwRl.s:20     .text.DMA_SetConfig:00000000 $t
     /tmp/cc6OwwRl.s:25     .text.DMA_SetConfig:00000000 DMA_SetConfig
     /tmp/cc6OwwRl.s:99     .text.DMA_CalcBaseAndBitshift:00000000 $t
     /tmp/cc6OwwRl.s:104    .text.DMA_CalcBaseAndBitshift:00000000 DMA_CalcBaseAndBitshift
     /tmp/cc6OwwRl.s:175    .text.DMA_CalcBaseAndBitshift:00000034 $d
     /tmp/cc6OwwRl.s:2288   .rodata.flagBitshiftOffset.0:00000000 flagBitshiftOffset.0
     /tmp/cc6OwwRl.s:182    .text.DMA_CheckFifoParam:00000000 $t
     /tmp/cc6OwwRl.s:187    .text.DMA_CheckFifoParam:00000000 DMA_CheckFifoParam
     /tmp/cc6OwwRl.s:273    .text.DMA_CheckFifoParam:0000004e $d
     /tmp/cc6OwwRl.s:277    .text.DMA_CheckFifoParam:00000052 $t
     /tmp/cc6OwwRl.s:372    .text.HAL_DMA_Init:00000000 $t
     /tmp/cc6OwwRl.s:378    .text.HAL_DMA_Init:00000000 HAL_DMA_Init
     /tmp/cc6OwwRl.s:627    .text.HAL_DMA_Init:000000c8 $d
     /tmp/cc6OwwRl.s:632    .text.HAL_DMA_DeInit:00000000 $t
     /tmp/cc6OwwRl.s:638    .text.HAL_DMA_DeInit:00000000 HAL_DMA_DeInit
     /tmp/cc6OwwRl.s:771    .text.HAL_DMA_Start:00000000 $t
     /tmp/cc6OwwRl.s:777    .text.HAL_DMA_Start:00000000 HAL_DMA_Start
     /tmp/cc6OwwRl.s:860    .text.HAL_DMA_Start_IT:00000000 $t
     /tmp/cc6OwwRl.s:866    .text.HAL_DMA_Start_IT:00000000 HAL_DMA_Start_IT
     /tmp/cc6OwwRl.s:991    .text.HAL_DMA_Abort:00000000 $t
     /tmp/cc6OwwRl.s:997    .text.HAL_DMA_Abort:00000000 HAL_DMA_Abort
     /tmp/cc6OwwRl.s:1154   .text.HAL_DMA_Abort_IT:00000000 $t
     /tmp/cc6OwwRl.s:1160   .text.HAL_DMA_Abort_IT:00000000 HAL_DMA_Abort_IT
     /tmp/cc6OwwRl.s:1206   .text.HAL_DMA_PollForTransfer:00000000 $t
     /tmp/cc6OwwRl.s:1212   .text.HAL_DMA_PollForTransfer:00000000 HAL_DMA_PollForTransfer
     /tmp/cc6OwwRl.s:1507   .text.HAL_DMA_IRQHandler:00000000 $t
     /tmp/cc6OwwRl.s:1513   .text.HAL_DMA_IRQHandler:00000000 HAL_DMA_IRQHandler
     /tmp/cc6OwwRl.s:1963   .text.HAL_DMA_IRQHandler:000001d4 $d
     /tmp/cc6OwwRl.s:1969   .text.HAL_DMA_RegisterCallback:00000000 $t
     /tmp/cc6OwwRl.s:1975   .text.HAL_DMA_RegisterCallback:00000000 HAL_DMA_RegisterCallback
     /tmp/cc6OwwRl.s:2026   .text.HAL_DMA_RegisterCallback:0000002c $d
     /tmp/cc6OwwRl.s:2032   .text.HAL_DMA_RegisterCallback:00000032 $t
     /tmp/cc6OwwRl.s:2096   .text.HAL_DMA_UnRegisterCallback:00000000 $t
     /tmp/cc6OwwRl.s:2102   .text.HAL_DMA_UnRegisterCallback:00000000 HAL_DMA_UnRegisterCallback
     /tmp/cc6OwwRl.s:2151   .text.HAL_DMA_UnRegisterCallback:0000002c $d
     /tmp/cc6OwwRl.s:2237   .text.HAL_DMA_GetState:00000000 $t
     /tmp/cc6OwwRl.s:2243   .text.HAL_DMA_GetState:00000000 HAL_DMA_GetState
     /tmp/cc6OwwRl.s:2261   .text.HAL_DMA_GetError:00000000 $t
     /tmp/cc6OwwRl.s:2267   .text.HAL_DMA_GetError:00000000 HAL_DMA_GetError
     /tmp/cc6OwwRl.s:2285   .rodata.flagBitshiftOffset.0:00000000 $d
     /tmp/cc6OwwRl.s:2158   .text.HAL_DMA_UnRegisterCallback:00000033 $d
     /tmp/cc6OwwRl.s:2158   .text.HAL_DMA_UnRegisterCallback:00000034 $t

UNDEFINED SYMBOLS
HAL_GetTick
SystemCoreClock
