ARM GAS  /tmp/ccJkDeps.s 			page 1


   1              		.cpu cortex-m7
   2              		.arch armv7e-m
   3              		.fpu fpv5-d16
   4              		.eabi_attribute 28, 1
   5              		.eabi_attribute 20, 1
   6              		.eabi_attribute 21, 1
   7              		.eabi_attribute 23, 3
   8              		.eabi_attribute 24, 1
   9              		.eabi_attribute 25, 1
  10              		.eabi_attribute 26, 1
  11              		.eabi_attribute 30, 1
  12              		.eabi_attribute 34, 1
  13              		.eabi_attribute 18, 4
  14              		.file	"stm32f7xx_hal_tim_ex.c"
  15              		.text
  16              	.Ltext0:
  17              		.cfi_sections	.debug_frame
  18              		.file 1 "Drivers/STM32F7xx_HAL_Driver/Src/stm32f7xx_hal_tim_ex.c"
  19              		.section	.text.TIM_CCxNChannelCmd,"ax",%progbits
  20              		.align	1
  21              		.syntax unified
  22              		.thumb
  23              		.thumb_func
  25              	TIM_CCxNChannelCmd:
  26              	.LVL0:
  27              	.LFB185:
   1:Drivers/STM32F7xx_HAL_Driver/Src/stm32f7xx_hal_tim_ex.c **** /**
   2:Drivers/STM32F7xx_HAL_Driver/Src/stm32f7xx_hal_tim_ex.c ****   ******************************************************************************
   3:Drivers/STM32F7xx_HAL_Driver/Src/stm32f7xx_hal_tim_ex.c ****   * @file    stm32f7xx_hal_tim_ex.c
   4:Drivers/STM32F7xx_HAL_Driver/Src/stm32f7xx_hal_tim_ex.c ****   * @author  MCD Application Team
   5:Drivers/STM32F7xx_HAL_Driver/Src/stm32f7xx_hal_tim_ex.c ****   * @brief   TIM HAL module driver.
   6:Drivers/STM32F7xx_HAL_Driver/Src/stm32f7xx_hal_tim_ex.c ****   *          This file provides firmware functions to manage the following
   7:Drivers/STM32F7xx_HAL_Driver/Src/stm32f7xx_hal_tim_ex.c ****   *          functionalities of the Timer Extended peripheral:
   8:Drivers/STM32F7xx_HAL_Driver/Src/stm32f7xx_hal_tim_ex.c ****   *           + Time Hall Sensor Interface Initialization
   9:Drivers/STM32F7xx_HAL_Driver/Src/stm32f7xx_hal_tim_ex.c ****   *           + Time Hall Sensor Interface Start
  10:Drivers/STM32F7xx_HAL_Driver/Src/stm32f7xx_hal_tim_ex.c ****   *           + Time Complementary signal break and dead time configuration
  11:Drivers/STM32F7xx_HAL_Driver/Src/stm32f7xx_hal_tim_ex.c ****   *           + Time Master and Slave synchronization configuration
  12:Drivers/STM32F7xx_HAL_Driver/Src/stm32f7xx_hal_tim_ex.c ****   *           + Time Output Compare/PWM Channel Configuration (for channels 5 and 6)
  13:Drivers/STM32F7xx_HAL_Driver/Src/stm32f7xx_hal_tim_ex.c ****   *           + Timer remapping capabilities configuration
  14:Drivers/STM32F7xx_HAL_Driver/Src/stm32f7xx_hal_tim_ex.c ****   ******************************************************************************
  15:Drivers/STM32F7xx_HAL_Driver/Src/stm32f7xx_hal_tim_ex.c ****   * @attention
  16:Drivers/STM32F7xx_HAL_Driver/Src/stm32f7xx_hal_tim_ex.c ****   *
  17:Drivers/STM32F7xx_HAL_Driver/Src/stm32f7xx_hal_tim_ex.c ****   * Copyright (c) 2017 STMicroelectronics.
  18:Drivers/STM32F7xx_HAL_Driver/Src/stm32f7xx_hal_tim_ex.c ****   * All rights reserved.
  19:Drivers/STM32F7xx_HAL_Driver/Src/stm32f7xx_hal_tim_ex.c ****   *
  20:Drivers/STM32F7xx_HAL_Driver/Src/stm32f7xx_hal_tim_ex.c ****   * This software is licensed under terms that can be found in the LICENSE file
  21:Drivers/STM32F7xx_HAL_Driver/Src/stm32f7xx_hal_tim_ex.c ****   * in the root directory of this software component.
  22:Drivers/STM32F7xx_HAL_Driver/Src/stm32f7xx_hal_tim_ex.c ****   * If no LICENSE file comes with this software, it is provided AS-IS.
  23:Drivers/STM32F7xx_HAL_Driver/Src/stm32f7xx_hal_tim_ex.c ****   *
  24:Drivers/STM32F7xx_HAL_Driver/Src/stm32f7xx_hal_tim_ex.c ****   ******************************************************************************
  25:Drivers/STM32F7xx_HAL_Driver/Src/stm32f7xx_hal_tim_ex.c ****   @verbatim
  26:Drivers/STM32F7xx_HAL_Driver/Src/stm32f7xx_hal_tim_ex.c ****   ==============================================================================
  27:Drivers/STM32F7xx_HAL_Driver/Src/stm32f7xx_hal_tim_ex.c ****                       ##### TIMER Extended features #####
  28:Drivers/STM32F7xx_HAL_Driver/Src/stm32f7xx_hal_tim_ex.c ****   ==============================================================================
  29:Drivers/STM32F7xx_HAL_Driver/Src/stm32f7xx_hal_tim_ex.c ****   [..]
  30:Drivers/STM32F7xx_HAL_Driver/Src/stm32f7xx_hal_tim_ex.c ****     The Timer Extended features include:
  31:Drivers/STM32F7xx_HAL_Driver/Src/stm32f7xx_hal_tim_ex.c ****     (#) Complementary outputs with programmable dead-time for :
ARM GAS  /tmp/ccJkDeps.s 			page 2


  32:Drivers/STM32F7xx_HAL_Driver/Src/stm32f7xx_hal_tim_ex.c ****         (++) Output Compare
  33:Drivers/STM32F7xx_HAL_Driver/Src/stm32f7xx_hal_tim_ex.c ****         (++) PWM generation (Edge and Center-aligned Mode)
  34:Drivers/STM32F7xx_HAL_Driver/Src/stm32f7xx_hal_tim_ex.c ****         (++) One-pulse mode output
  35:Drivers/STM32F7xx_HAL_Driver/Src/stm32f7xx_hal_tim_ex.c ****     (#) Synchronization circuit to control the timer with external signals and to
  36:Drivers/STM32F7xx_HAL_Driver/Src/stm32f7xx_hal_tim_ex.c ****         interconnect several timers together.
  37:Drivers/STM32F7xx_HAL_Driver/Src/stm32f7xx_hal_tim_ex.c ****     (#) Break input to put the timer output signals in reset state or in a known state.
  38:Drivers/STM32F7xx_HAL_Driver/Src/stm32f7xx_hal_tim_ex.c ****     (#) Supports incremental (quadrature) encoder and hall-sensor circuitry for
  39:Drivers/STM32F7xx_HAL_Driver/Src/stm32f7xx_hal_tim_ex.c ****         positioning purposes
  40:Drivers/STM32F7xx_HAL_Driver/Src/stm32f7xx_hal_tim_ex.c **** 
  41:Drivers/STM32F7xx_HAL_Driver/Src/stm32f7xx_hal_tim_ex.c ****             ##### How to use this driver #####
  42:Drivers/STM32F7xx_HAL_Driver/Src/stm32f7xx_hal_tim_ex.c ****   ==============================================================================
  43:Drivers/STM32F7xx_HAL_Driver/Src/stm32f7xx_hal_tim_ex.c ****     [..]
  44:Drivers/STM32F7xx_HAL_Driver/Src/stm32f7xx_hal_tim_ex.c ****      (#) Initialize the TIM low level resources by implementing the following functions
  45:Drivers/STM32F7xx_HAL_Driver/Src/stm32f7xx_hal_tim_ex.c ****          depending on the selected feature:
  46:Drivers/STM32F7xx_HAL_Driver/Src/stm32f7xx_hal_tim_ex.c ****            (++) Hall Sensor output : HAL_TIMEx_HallSensor_MspInit()
  47:Drivers/STM32F7xx_HAL_Driver/Src/stm32f7xx_hal_tim_ex.c **** 
  48:Drivers/STM32F7xx_HAL_Driver/Src/stm32f7xx_hal_tim_ex.c ****      (#) Initialize the TIM low level resources :
  49:Drivers/STM32F7xx_HAL_Driver/Src/stm32f7xx_hal_tim_ex.c ****         (##) Enable the TIM interface clock using __HAL_RCC_TIMx_CLK_ENABLE();
  50:Drivers/STM32F7xx_HAL_Driver/Src/stm32f7xx_hal_tim_ex.c ****         (##) TIM pins configuration
  51:Drivers/STM32F7xx_HAL_Driver/Src/stm32f7xx_hal_tim_ex.c ****             (+++) Enable the clock for the TIM GPIOs using the following function:
  52:Drivers/STM32F7xx_HAL_Driver/Src/stm32f7xx_hal_tim_ex.c ****               __HAL_RCC_GPIOx_CLK_ENABLE();
  53:Drivers/STM32F7xx_HAL_Driver/Src/stm32f7xx_hal_tim_ex.c ****             (+++) Configure these TIM pins in Alternate function mode using HAL_GPIO_Init();
  54:Drivers/STM32F7xx_HAL_Driver/Src/stm32f7xx_hal_tim_ex.c **** 
  55:Drivers/STM32F7xx_HAL_Driver/Src/stm32f7xx_hal_tim_ex.c ****      (#) The external Clock can be configured, if needed (the default clock is the
  56:Drivers/STM32F7xx_HAL_Driver/Src/stm32f7xx_hal_tim_ex.c ****          internal clock from the APBx), using the following function:
  57:Drivers/STM32F7xx_HAL_Driver/Src/stm32f7xx_hal_tim_ex.c ****          HAL_TIM_ConfigClockSource, the clock configuration should be done before
  58:Drivers/STM32F7xx_HAL_Driver/Src/stm32f7xx_hal_tim_ex.c ****          any start function.
  59:Drivers/STM32F7xx_HAL_Driver/Src/stm32f7xx_hal_tim_ex.c **** 
  60:Drivers/STM32F7xx_HAL_Driver/Src/stm32f7xx_hal_tim_ex.c ****      (#) Configure the TIM in the desired functioning mode using one of the
  61:Drivers/STM32F7xx_HAL_Driver/Src/stm32f7xx_hal_tim_ex.c ****          initialization function of this driver:
  62:Drivers/STM32F7xx_HAL_Driver/Src/stm32f7xx_hal_tim_ex.c ****           (++) HAL_TIMEx_HallSensor_Init() and HAL_TIMEx_ConfigCommutEvent(): to use the
  63:Drivers/STM32F7xx_HAL_Driver/Src/stm32f7xx_hal_tim_ex.c ****                Timer Hall Sensor Interface and the commutation event with the corresponding
  64:Drivers/STM32F7xx_HAL_Driver/Src/stm32f7xx_hal_tim_ex.c ****                Interrupt and DMA request if needed (Note that One Timer is used to interface
  65:Drivers/STM32F7xx_HAL_Driver/Src/stm32f7xx_hal_tim_ex.c ****                with the Hall sensor Interface and another Timer should be used to use
  66:Drivers/STM32F7xx_HAL_Driver/Src/stm32f7xx_hal_tim_ex.c ****                the commutation event).
  67:Drivers/STM32F7xx_HAL_Driver/Src/stm32f7xx_hal_tim_ex.c **** 
  68:Drivers/STM32F7xx_HAL_Driver/Src/stm32f7xx_hal_tim_ex.c ****      (#) Activate the TIM peripheral using one of the start functions:
  69:Drivers/STM32F7xx_HAL_Driver/Src/stm32f7xx_hal_tim_ex.c ****            (++) Complementary Output Compare : HAL_TIMEx_OCN_Start(), HAL_TIMEx_OCN_Start_DMA(),
  70:Drivers/STM32F7xx_HAL_Driver/Src/stm32f7xx_hal_tim_ex.c ****                 HAL_TIMEx_OCN_Start_IT()
  71:Drivers/STM32F7xx_HAL_Driver/Src/stm32f7xx_hal_tim_ex.c ****            (++) Complementary PWM generation : HAL_TIMEx_PWMN_Start(), HAL_TIMEx_PWMN_Start_DMA(),
  72:Drivers/STM32F7xx_HAL_Driver/Src/stm32f7xx_hal_tim_ex.c ****                 HAL_TIMEx_PWMN_Start_IT()
  73:Drivers/STM32F7xx_HAL_Driver/Src/stm32f7xx_hal_tim_ex.c ****            (++) Complementary One-pulse mode output : HAL_TIMEx_OnePulseN_Start(), HAL_TIMEx_OnePul
  74:Drivers/STM32F7xx_HAL_Driver/Src/stm32f7xx_hal_tim_ex.c ****            (++) Hall Sensor output : HAL_TIMEx_HallSensor_Start(), HAL_TIMEx_HallSensor_Start_DMA()
  75:Drivers/STM32F7xx_HAL_Driver/Src/stm32f7xx_hal_tim_ex.c ****                 HAL_TIMEx_HallSensor_Start_IT().
  76:Drivers/STM32F7xx_HAL_Driver/Src/stm32f7xx_hal_tim_ex.c **** 
  77:Drivers/STM32F7xx_HAL_Driver/Src/stm32f7xx_hal_tim_ex.c ****   @endverbatim
  78:Drivers/STM32F7xx_HAL_Driver/Src/stm32f7xx_hal_tim_ex.c ****   ******************************************************************************
  79:Drivers/STM32F7xx_HAL_Driver/Src/stm32f7xx_hal_tim_ex.c ****   */
  80:Drivers/STM32F7xx_HAL_Driver/Src/stm32f7xx_hal_tim_ex.c **** 
  81:Drivers/STM32F7xx_HAL_Driver/Src/stm32f7xx_hal_tim_ex.c **** /* Includes ------------------------------------------------------------------*/
  82:Drivers/STM32F7xx_HAL_Driver/Src/stm32f7xx_hal_tim_ex.c **** #include "stm32f7xx_hal.h"
  83:Drivers/STM32F7xx_HAL_Driver/Src/stm32f7xx_hal_tim_ex.c **** 
  84:Drivers/STM32F7xx_HAL_Driver/Src/stm32f7xx_hal_tim_ex.c **** /** @addtogroup STM32F7xx_HAL_Driver
  85:Drivers/STM32F7xx_HAL_Driver/Src/stm32f7xx_hal_tim_ex.c ****   * @{
  86:Drivers/STM32F7xx_HAL_Driver/Src/stm32f7xx_hal_tim_ex.c ****   */
  87:Drivers/STM32F7xx_HAL_Driver/Src/stm32f7xx_hal_tim_ex.c **** 
  88:Drivers/STM32F7xx_HAL_Driver/Src/stm32f7xx_hal_tim_ex.c **** /** @defgroup TIMEx TIMEx
ARM GAS  /tmp/ccJkDeps.s 			page 3


  89:Drivers/STM32F7xx_HAL_Driver/Src/stm32f7xx_hal_tim_ex.c ****   * @brief TIM Extended HAL module driver
  90:Drivers/STM32F7xx_HAL_Driver/Src/stm32f7xx_hal_tim_ex.c ****   * @{
  91:Drivers/STM32F7xx_HAL_Driver/Src/stm32f7xx_hal_tim_ex.c ****   */
  92:Drivers/STM32F7xx_HAL_Driver/Src/stm32f7xx_hal_tim_ex.c **** 
  93:Drivers/STM32F7xx_HAL_Driver/Src/stm32f7xx_hal_tim_ex.c **** #ifdef HAL_TIM_MODULE_ENABLED
  94:Drivers/STM32F7xx_HAL_Driver/Src/stm32f7xx_hal_tim_ex.c **** 
  95:Drivers/STM32F7xx_HAL_Driver/Src/stm32f7xx_hal_tim_ex.c **** /* Private typedef -----------------------------------------------------------*/
  96:Drivers/STM32F7xx_HAL_Driver/Src/stm32f7xx_hal_tim_ex.c **** /* Private define ------------------------------------------------------------*/
  97:Drivers/STM32F7xx_HAL_Driver/Src/stm32f7xx_hal_tim_ex.c **** /* Private macros ------------------------------------------------------------*/
  98:Drivers/STM32F7xx_HAL_Driver/Src/stm32f7xx_hal_tim_ex.c **** /* Private variables ---------------------------------------------------------*/
  99:Drivers/STM32F7xx_HAL_Driver/Src/stm32f7xx_hal_tim_ex.c **** /* Private function prototypes -----------------------------------------------*/
 100:Drivers/STM32F7xx_HAL_Driver/Src/stm32f7xx_hal_tim_ex.c **** static void TIM_DMADelayPulseNCplt(DMA_HandleTypeDef *hdma);
 101:Drivers/STM32F7xx_HAL_Driver/Src/stm32f7xx_hal_tim_ex.c **** static void TIM_DMAErrorCCxN(DMA_HandleTypeDef *hdma);
 102:Drivers/STM32F7xx_HAL_Driver/Src/stm32f7xx_hal_tim_ex.c **** static void TIM_CCxNChannelCmd(TIM_TypeDef *TIMx, uint32_t Channel, uint32_t ChannelNState);
 103:Drivers/STM32F7xx_HAL_Driver/Src/stm32f7xx_hal_tim_ex.c **** 
 104:Drivers/STM32F7xx_HAL_Driver/Src/stm32f7xx_hal_tim_ex.c **** /* Exported functions --------------------------------------------------------*/
 105:Drivers/STM32F7xx_HAL_Driver/Src/stm32f7xx_hal_tim_ex.c **** /** @defgroup TIMEx_Exported_Functions TIM Extended Exported Functions
 106:Drivers/STM32F7xx_HAL_Driver/Src/stm32f7xx_hal_tim_ex.c ****   * @{
 107:Drivers/STM32F7xx_HAL_Driver/Src/stm32f7xx_hal_tim_ex.c ****   */
 108:Drivers/STM32F7xx_HAL_Driver/Src/stm32f7xx_hal_tim_ex.c **** 
 109:Drivers/STM32F7xx_HAL_Driver/Src/stm32f7xx_hal_tim_ex.c **** /** @defgroup TIMEx_Exported_Functions_Group1 Extended Timer Hall Sensor functions
 110:Drivers/STM32F7xx_HAL_Driver/Src/stm32f7xx_hal_tim_ex.c ****   * @brief    Timer Hall Sensor functions
 111:Drivers/STM32F7xx_HAL_Driver/Src/stm32f7xx_hal_tim_ex.c ****   *
 112:Drivers/STM32F7xx_HAL_Driver/Src/stm32f7xx_hal_tim_ex.c **** @verbatim
 113:Drivers/STM32F7xx_HAL_Driver/Src/stm32f7xx_hal_tim_ex.c ****   ==============================================================================
 114:Drivers/STM32F7xx_HAL_Driver/Src/stm32f7xx_hal_tim_ex.c ****                       ##### Timer Hall Sensor functions #####
 115:Drivers/STM32F7xx_HAL_Driver/Src/stm32f7xx_hal_tim_ex.c ****   ==============================================================================
 116:Drivers/STM32F7xx_HAL_Driver/Src/stm32f7xx_hal_tim_ex.c ****   [..]
 117:Drivers/STM32F7xx_HAL_Driver/Src/stm32f7xx_hal_tim_ex.c ****     This section provides functions allowing to:
 118:Drivers/STM32F7xx_HAL_Driver/Src/stm32f7xx_hal_tim_ex.c ****     (+) Initialize and configure TIM HAL Sensor.
 119:Drivers/STM32F7xx_HAL_Driver/Src/stm32f7xx_hal_tim_ex.c ****     (+) De-initialize TIM HAL Sensor.
 120:Drivers/STM32F7xx_HAL_Driver/Src/stm32f7xx_hal_tim_ex.c ****     (+) Start the Hall Sensor Interface.
 121:Drivers/STM32F7xx_HAL_Driver/Src/stm32f7xx_hal_tim_ex.c ****     (+) Stop the Hall Sensor Interface.
 122:Drivers/STM32F7xx_HAL_Driver/Src/stm32f7xx_hal_tim_ex.c ****     (+) Start the Hall Sensor Interface and enable interrupts.
 123:Drivers/STM32F7xx_HAL_Driver/Src/stm32f7xx_hal_tim_ex.c ****     (+) Stop the Hall Sensor Interface and disable interrupts.
 124:Drivers/STM32F7xx_HAL_Driver/Src/stm32f7xx_hal_tim_ex.c ****     (+) Start the Hall Sensor Interface and enable DMA transfers.
 125:Drivers/STM32F7xx_HAL_Driver/Src/stm32f7xx_hal_tim_ex.c ****     (+) Stop the Hall Sensor Interface and disable DMA transfers.
 126:Drivers/STM32F7xx_HAL_Driver/Src/stm32f7xx_hal_tim_ex.c **** 
 127:Drivers/STM32F7xx_HAL_Driver/Src/stm32f7xx_hal_tim_ex.c **** @endverbatim
 128:Drivers/STM32F7xx_HAL_Driver/Src/stm32f7xx_hal_tim_ex.c ****   * @{
 129:Drivers/STM32F7xx_HAL_Driver/Src/stm32f7xx_hal_tim_ex.c ****   */
 130:Drivers/STM32F7xx_HAL_Driver/Src/stm32f7xx_hal_tim_ex.c **** /**
 131:Drivers/STM32F7xx_HAL_Driver/Src/stm32f7xx_hal_tim_ex.c ****   * @brief  Initializes the TIM Hall Sensor Interface and initialize the associated handle.
 132:Drivers/STM32F7xx_HAL_Driver/Src/stm32f7xx_hal_tim_ex.c ****   * @note   When the timer instance is initialized in Hall Sensor Interface mode,
 133:Drivers/STM32F7xx_HAL_Driver/Src/stm32f7xx_hal_tim_ex.c ****   *         timer channels 1 and channel 2 are reserved and cannot be used for
 134:Drivers/STM32F7xx_HAL_Driver/Src/stm32f7xx_hal_tim_ex.c ****   *         other purpose.
 135:Drivers/STM32F7xx_HAL_Driver/Src/stm32f7xx_hal_tim_ex.c ****   * @param  htim TIM Hall Sensor Interface handle
 136:Drivers/STM32F7xx_HAL_Driver/Src/stm32f7xx_hal_tim_ex.c ****   * @param  sConfig TIM Hall Sensor configuration structure
 137:Drivers/STM32F7xx_HAL_Driver/Src/stm32f7xx_hal_tim_ex.c ****   * @retval HAL status
 138:Drivers/STM32F7xx_HAL_Driver/Src/stm32f7xx_hal_tim_ex.c ****   */
 139:Drivers/STM32F7xx_HAL_Driver/Src/stm32f7xx_hal_tim_ex.c **** HAL_StatusTypeDef HAL_TIMEx_HallSensor_Init(TIM_HandleTypeDef *htim, const TIM_HallSensor_InitTypeD
 140:Drivers/STM32F7xx_HAL_Driver/Src/stm32f7xx_hal_tim_ex.c **** {
 141:Drivers/STM32F7xx_HAL_Driver/Src/stm32f7xx_hal_tim_ex.c ****   TIM_OC_InitTypeDef OC_Config;
 142:Drivers/STM32F7xx_HAL_Driver/Src/stm32f7xx_hal_tim_ex.c **** 
 143:Drivers/STM32F7xx_HAL_Driver/Src/stm32f7xx_hal_tim_ex.c ****   /* Check the TIM handle allocation */
 144:Drivers/STM32F7xx_HAL_Driver/Src/stm32f7xx_hal_tim_ex.c ****   if (htim == NULL)
 145:Drivers/STM32F7xx_HAL_Driver/Src/stm32f7xx_hal_tim_ex.c ****   {
ARM GAS  /tmp/ccJkDeps.s 			page 4


 146:Drivers/STM32F7xx_HAL_Driver/Src/stm32f7xx_hal_tim_ex.c ****     return HAL_ERROR;
 147:Drivers/STM32F7xx_HAL_Driver/Src/stm32f7xx_hal_tim_ex.c ****   }
 148:Drivers/STM32F7xx_HAL_Driver/Src/stm32f7xx_hal_tim_ex.c **** 
 149:Drivers/STM32F7xx_HAL_Driver/Src/stm32f7xx_hal_tim_ex.c ****   /* Check the parameters */
 150:Drivers/STM32F7xx_HAL_Driver/Src/stm32f7xx_hal_tim_ex.c ****   assert_param(IS_TIM_HALL_SENSOR_INTERFACE_INSTANCE(htim->Instance));
 151:Drivers/STM32F7xx_HAL_Driver/Src/stm32f7xx_hal_tim_ex.c ****   assert_param(IS_TIM_COUNTER_MODE(htim->Init.CounterMode));
 152:Drivers/STM32F7xx_HAL_Driver/Src/stm32f7xx_hal_tim_ex.c ****   assert_param(IS_TIM_CLOCKDIVISION_DIV(htim->Init.ClockDivision));
 153:Drivers/STM32F7xx_HAL_Driver/Src/stm32f7xx_hal_tim_ex.c ****   assert_param(IS_TIM_AUTORELOAD_PRELOAD(htim->Init.AutoReloadPreload));
 154:Drivers/STM32F7xx_HAL_Driver/Src/stm32f7xx_hal_tim_ex.c ****   assert_param(IS_TIM_IC_POLARITY(sConfig->IC1Polarity));
 155:Drivers/STM32F7xx_HAL_Driver/Src/stm32f7xx_hal_tim_ex.c ****   assert_param(IS_TIM_PERIOD(htim, htim->Init.Period));
 156:Drivers/STM32F7xx_HAL_Driver/Src/stm32f7xx_hal_tim_ex.c ****   assert_param(IS_TIM_IC_PRESCALER(sConfig->IC1Prescaler));
 157:Drivers/STM32F7xx_HAL_Driver/Src/stm32f7xx_hal_tim_ex.c ****   assert_param(IS_TIM_IC_FILTER(sConfig->IC1Filter));
 158:Drivers/STM32F7xx_HAL_Driver/Src/stm32f7xx_hal_tim_ex.c **** 
 159:Drivers/STM32F7xx_HAL_Driver/Src/stm32f7xx_hal_tim_ex.c ****   if (htim->State == HAL_TIM_STATE_RESET)
 160:Drivers/STM32F7xx_HAL_Driver/Src/stm32f7xx_hal_tim_ex.c ****   {
 161:Drivers/STM32F7xx_HAL_Driver/Src/stm32f7xx_hal_tim_ex.c ****     /* Allocate lock resource and initialize it */
 162:Drivers/STM32F7xx_HAL_Driver/Src/stm32f7xx_hal_tim_ex.c ****     htim->Lock = HAL_UNLOCKED;
 163:Drivers/STM32F7xx_HAL_Driver/Src/stm32f7xx_hal_tim_ex.c **** 
 164:Drivers/STM32F7xx_HAL_Driver/Src/stm32f7xx_hal_tim_ex.c **** #if (USE_HAL_TIM_REGISTER_CALLBACKS == 1)
 165:Drivers/STM32F7xx_HAL_Driver/Src/stm32f7xx_hal_tim_ex.c ****     /* Reset interrupt callbacks to legacy week callbacks */
 166:Drivers/STM32F7xx_HAL_Driver/Src/stm32f7xx_hal_tim_ex.c ****     TIM_ResetCallback(htim);
 167:Drivers/STM32F7xx_HAL_Driver/Src/stm32f7xx_hal_tim_ex.c **** 
 168:Drivers/STM32F7xx_HAL_Driver/Src/stm32f7xx_hal_tim_ex.c ****     if (htim->HallSensor_MspInitCallback == NULL)
 169:Drivers/STM32F7xx_HAL_Driver/Src/stm32f7xx_hal_tim_ex.c ****     {
 170:Drivers/STM32F7xx_HAL_Driver/Src/stm32f7xx_hal_tim_ex.c ****       htim->HallSensor_MspInitCallback = HAL_TIMEx_HallSensor_MspInit;
 171:Drivers/STM32F7xx_HAL_Driver/Src/stm32f7xx_hal_tim_ex.c ****     }
 172:Drivers/STM32F7xx_HAL_Driver/Src/stm32f7xx_hal_tim_ex.c ****     /* Init the low level hardware : GPIO, CLOCK, NVIC */
 173:Drivers/STM32F7xx_HAL_Driver/Src/stm32f7xx_hal_tim_ex.c ****     htim->HallSensor_MspInitCallback(htim);
 174:Drivers/STM32F7xx_HAL_Driver/Src/stm32f7xx_hal_tim_ex.c **** #else
 175:Drivers/STM32F7xx_HAL_Driver/Src/stm32f7xx_hal_tim_ex.c ****     /* Init the low level hardware : GPIO, CLOCK, NVIC and DMA */
 176:Drivers/STM32F7xx_HAL_Driver/Src/stm32f7xx_hal_tim_ex.c ****     HAL_TIMEx_HallSensor_MspInit(htim);
 177:Drivers/STM32F7xx_HAL_Driver/Src/stm32f7xx_hal_tim_ex.c **** #endif /* USE_HAL_TIM_REGISTER_CALLBACKS */
 178:Drivers/STM32F7xx_HAL_Driver/Src/stm32f7xx_hal_tim_ex.c ****   }
 179:Drivers/STM32F7xx_HAL_Driver/Src/stm32f7xx_hal_tim_ex.c **** 
 180:Drivers/STM32F7xx_HAL_Driver/Src/stm32f7xx_hal_tim_ex.c ****   /* Set the TIM state */
 181:Drivers/STM32F7xx_HAL_Driver/Src/stm32f7xx_hal_tim_ex.c ****   htim->State = HAL_TIM_STATE_BUSY;
 182:Drivers/STM32F7xx_HAL_Driver/Src/stm32f7xx_hal_tim_ex.c **** 
 183:Drivers/STM32F7xx_HAL_Driver/Src/stm32f7xx_hal_tim_ex.c ****   /* Configure the Time base in the Encoder Mode */
 184:Drivers/STM32F7xx_HAL_Driver/Src/stm32f7xx_hal_tim_ex.c ****   TIM_Base_SetConfig(htim->Instance, &htim->Init);
 185:Drivers/STM32F7xx_HAL_Driver/Src/stm32f7xx_hal_tim_ex.c **** 
 186:Drivers/STM32F7xx_HAL_Driver/Src/stm32f7xx_hal_tim_ex.c ****   /* Configure the Channel 1 as Input Channel to interface with the three Outputs of the  Hall sens
 187:Drivers/STM32F7xx_HAL_Driver/Src/stm32f7xx_hal_tim_ex.c ****   TIM_TI1_SetConfig(htim->Instance, sConfig->IC1Polarity, TIM_ICSELECTION_TRC, sConfig->IC1Filter);
 188:Drivers/STM32F7xx_HAL_Driver/Src/stm32f7xx_hal_tim_ex.c **** 
 189:Drivers/STM32F7xx_HAL_Driver/Src/stm32f7xx_hal_tim_ex.c ****   /* Reset the IC1PSC Bits */
 190:Drivers/STM32F7xx_HAL_Driver/Src/stm32f7xx_hal_tim_ex.c ****   htim->Instance->CCMR1 &= ~TIM_CCMR1_IC1PSC;
 191:Drivers/STM32F7xx_HAL_Driver/Src/stm32f7xx_hal_tim_ex.c ****   /* Set the IC1PSC value */
 192:Drivers/STM32F7xx_HAL_Driver/Src/stm32f7xx_hal_tim_ex.c ****   htim->Instance->CCMR1 |= sConfig->IC1Prescaler;
 193:Drivers/STM32F7xx_HAL_Driver/Src/stm32f7xx_hal_tim_ex.c **** 
 194:Drivers/STM32F7xx_HAL_Driver/Src/stm32f7xx_hal_tim_ex.c ****   /* Enable the Hall sensor interface (XOR function of the three inputs) */
 195:Drivers/STM32F7xx_HAL_Driver/Src/stm32f7xx_hal_tim_ex.c ****   htim->Instance->CR2 |= TIM_CR2_TI1S;
 196:Drivers/STM32F7xx_HAL_Driver/Src/stm32f7xx_hal_tim_ex.c **** 
 197:Drivers/STM32F7xx_HAL_Driver/Src/stm32f7xx_hal_tim_ex.c ****   /* Select the TIM_TS_TI1F_ED signal as Input trigger for the TIM */
 198:Drivers/STM32F7xx_HAL_Driver/Src/stm32f7xx_hal_tim_ex.c ****   htim->Instance->SMCR &= ~TIM_SMCR_TS;
 199:Drivers/STM32F7xx_HAL_Driver/Src/stm32f7xx_hal_tim_ex.c ****   htim->Instance->SMCR |= TIM_TS_TI1F_ED;
 200:Drivers/STM32F7xx_HAL_Driver/Src/stm32f7xx_hal_tim_ex.c **** 
 201:Drivers/STM32F7xx_HAL_Driver/Src/stm32f7xx_hal_tim_ex.c ****   /* Use the TIM_TS_TI1F_ED signal to reset the TIM counter each edge detection */
 202:Drivers/STM32F7xx_HAL_Driver/Src/stm32f7xx_hal_tim_ex.c ****   htim->Instance->SMCR &= ~TIM_SMCR_SMS;
ARM GAS  /tmp/ccJkDeps.s 			page 5


 203:Drivers/STM32F7xx_HAL_Driver/Src/stm32f7xx_hal_tim_ex.c ****   htim->Instance->SMCR |= TIM_SLAVEMODE_RESET;
 204:Drivers/STM32F7xx_HAL_Driver/Src/stm32f7xx_hal_tim_ex.c **** 
 205:Drivers/STM32F7xx_HAL_Driver/Src/stm32f7xx_hal_tim_ex.c ****   /* Program channel 2 in PWM 2 mode with the desired Commutation_Delay*/
 206:Drivers/STM32F7xx_HAL_Driver/Src/stm32f7xx_hal_tim_ex.c ****   OC_Config.OCFastMode = TIM_OCFAST_DISABLE;
 207:Drivers/STM32F7xx_HAL_Driver/Src/stm32f7xx_hal_tim_ex.c ****   OC_Config.OCIdleState = TIM_OCIDLESTATE_RESET;
 208:Drivers/STM32F7xx_HAL_Driver/Src/stm32f7xx_hal_tim_ex.c ****   OC_Config.OCMode = TIM_OCMODE_PWM2;
 209:Drivers/STM32F7xx_HAL_Driver/Src/stm32f7xx_hal_tim_ex.c ****   OC_Config.OCNIdleState = TIM_OCNIDLESTATE_RESET;
 210:Drivers/STM32F7xx_HAL_Driver/Src/stm32f7xx_hal_tim_ex.c ****   OC_Config.OCNPolarity = TIM_OCNPOLARITY_HIGH;
 211:Drivers/STM32F7xx_HAL_Driver/Src/stm32f7xx_hal_tim_ex.c ****   OC_Config.OCPolarity = TIM_OCPOLARITY_HIGH;
 212:Drivers/STM32F7xx_HAL_Driver/Src/stm32f7xx_hal_tim_ex.c ****   OC_Config.Pulse = sConfig->Commutation_Delay;
 213:Drivers/STM32F7xx_HAL_Driver/Src/stm32f7xx_hal_tim_ex.c **** 
 214:Drivers/STM32F7xx_HAL_Driver/Src/stm32f7xx_hal_tim_ex.c ****   TIM_OC2_SetConfig(htim->Instance, &OC_Config);
 215:Drivers/STM32F7xx_HAL_Driver/Src/stm32f7xx_hal_tim_ex.c **** 
 216:Drivers/STM32F7xx_HAL_Driver/Src/stm32f7xx_hal_tim_ex.c ****   /* Select OC2REF as trigger output on TRGO: write the MMS bits in the TIMx_CR2
 217:Drivers/STM32F7xx_HAL_Driver/Src/stm32f7xx_hal_tim_ex.c ****     register to 101 */
 218:Drivers/STM32F7xx_HAL_Driver/Src/stm32f7xx_hal_tim_ex.c ****   htim->Instance->CR2 &= ~TIM_CR2_MMS;
 219:Drivers/STM32F7xx_HAL_Driver/Src/stm32f7xx_hal_tim_ex.c ****   htim->Instance->CR2 |= TIM_TRGO_OC2REF;
 220:Drivers/STM32F7xx_HAL_Driver/Src/stm32f7xx_hal_tim_ex.c **** 
 221:Drivers/STM32F7xx_HAL_Driver/Src/stm32f7xx_hal_tim_ex.c ****   /* Initialize the DMA burst operation state */
 222:Drivers/STM32F7xx_HAL_Driver/Src/stm32f7xx_hal_tim_ex.c ****   htim->DMABurstState = HAL_DMA_BURST_STATE_READY;
 223:Drivers/STM32F7xx_HAL_Driver/Src/stm32f7xx_hal_tim_ex.c **** 
 224:Drivers/STM32F7xx_HAL_Driver/Src/stm32f7xx_hal_tim_ex.c ****   /* Initialize the TIM channels state */
 225:Drivers/STM32F7xx_HAL_Driver/Src/stm32f7xx_hal_tim_ex.c ****   TIM_CHANNEL_STATE_SET(htim, TIM_CHANNEL_1, HAL_TIM_CHANNEL_STATE_READY);
 226:Drivers/STM32F7xx_HAL_Driver/Src/stm32f7xx_hal_tim_ex.c ****   TIM_CHANNEL_STATE_SET(htim, TIM_CHANNEL_2, HAL_TIM_CHANNEL_STATE_READY);
 227:Drivers/STM32F7xx_HAL_Driver/Src/stm32f7xx_hal_tim_ex.c ****   TIM_CHANNEL_N_STATE_SET(htim, TIM_CHANNEL_1, HAL_TIM_CHANNEL_STATE_READY);
 228:Drivers/STM32F7xx_HAL_Driver/Src/stm32f7xx_hal_tim_ex.c ****   TIM_CHANNEL_N_STATE_SET(htim, TIM_CHANNEL_2, HAL_TIM_CHANNEL_STATE_READY);
 229:Drivers/STM32F7xx_HAL_Driver/Src/stm32f7xx_hal_tim_ex.c **** 
 230:Drivers/STM32F7xx_HAL_Driver/Src/stm32f7xx_hal_tim_ex.c ****   /* Initialize the TIM state*/
 231:Drivers/STM32F7xx_HAL_Driver/Src/stm32f7xx_hal_tim_ex.c ****   htim->State = HAL_TIM_STATE_READY;
 232:Drivers/STM32F7xx_HAL_Driver/Src/stm32f7xx_hal_tim_ex.c **** 
 233:Drivers/STM32F7xx_HAL_Driver/Src/stm32f7xx_hal_tim_ex.c ****   return HAL_OK;
 234:Drivers/STM32F7xx_HAL_Driver/Src/stm32f7xx_hal_tim_ex.c **** }
 235:Drivers/STM32F7xx_HAL_Driver/Src/stm32f7xx_hal_tim_ex.c **** 
 236:Drivers/STM32F7xx_HAL_Driver/Src/stm32f7xx_hal_tim_ex.c **** /**
 237:Drivers/STM32F7xx_HAL_Driver/Src/stm32f7xx_hal_tim_ex.c ****   * @brief  DeInitializes the TIM Hall Sensor interface
 238:Drivers/STM32F7xx_HAL_Driver/Src/stm32f7xx_hal_tim_ex.c ****   * @param  htim TIM Hall Sensor Interface handle
 239:Drivers/STM32F7xx_HAL_Driver/Src/stm32f7xx_hal_tim_ex.c ****   * @retval HAL status
 240:Drivers/STM32F7xx_HAL_Driver/Src/stm32f7xx_hal_tim_ex.c ****   */
 241:Drivers/STM32F7xx_HAL_Driver/Src/stm32f7xx_hal_tim_ex.c **** HAL_StatusTypeDef HAL_TIMEx_HallSensor_DeInit(TIM_HandleTypeDef *htim)
 242:Drivers/STM32F7xx_HAL_Driver/Src/stm32f7xx_hal_tim_ex.c **** {
 243:Drivers/STM32F7xx_HAL_Driver/Src/stm32f7xx_hal_tim_ex.c ****   /* Check the parameters */
 244:Drivers/STM32F7xx_HAL_Driver/Src/stm32f7xx_hal_tim_ex.c ****   assert_param(IS_TIM_INSTANCE(htim->Instance));
 245:Drivers/STM32F7xx_HAL_Driver/Src/stm32f7xx_hal_tim_ex.c **** 
 246:Drivers/STM32F7xx_HAL_Driver/Src/stm32f7xx_hal_tim_ex.c ****   htim->State = HAL_TIM_STATE_BUSY;
 247:Drivers/STM32F7xx_HAL_Driver/Src/stm32f7xx_hal_tim_ex.c **** 
 248:Drivers/STM32F7xx_HAL_Driver/Src/stm32f7xx_hal_tim_ex.c ****   /* Disable the TIM Peripheral Clock */
 249:Drivers/STM32F7xx_HAL_Driver/Src/stm32f7xx_hal_tim_ex.c ****   __HAL_TIM_DISABLE(htim);
 250:Drivers/STM32F7xx_HAL_Driver/Src/stm32f7xx_hal_tim_ex.c **** 
 251:Drivers/STM32F7xx_HAL_Driver/Src/stm32f7xx_hal_tim_ex.c **** #if (USE_HAL_TIM_REGISTER_CALLBACKS == 1)
 252:Drivers/STM32F7xx_HAL_Driver/Src/stm32f7xx_hal_tim_ex.c ****   if (htim->HallSensor_MspDeInitCallback == NULL)
 253:Drivers/STM32F7xx_HAL_Driver/Src/stm32f7xx_hal_tim_ex.c ****   {
 254:Drivers/STM32F7xx_HAL_Driver/Src/stm32f7xx_hal_tim_ex.c ****     htim->HallSensor_MspDeInitCallback = HAL_TIMEx_HallSensor_MspDeInit;
 255:Drivers/STM32F7xx_HAL_Driver/Src/stm32f7xx_hal_tim_ex.c ****   }
 256:Drivers/STM32F7xx_HAL_Driver/Src/stm32f7xx_hal_tim_ex.c ****   /* DeInit the low level hardware */
 257:Drivers/STM32F7xx_HAL_Driver/Src/stm32f7xx_hal_tim_ex.c ****   htim->HallSensor_MspDeInitCallback(htim);
 258:Drivers/STM32F7xx_HAL_Driver/Src/stm32f7xx_hal_tim_ex.c **** #else
 259:Drivers/STM32F7xx_HAL_Driver/Src/stm32f7xx_hal_tim_ex.c ****   /* DeInit the low level hardware: GPIO, CLOCK, NVIC */
ARM GAS  /tmp/ccJkDeps.s 			page 6


 260:Drivers/STM32F7xx_HAL_Driver/Src/stm32f7xx_hal_tim_ex.c ****   HAL_TIMEx_HallSensor_MspDeInit(htim);
 261:Drivers/STM32F7xx_HAL_Driver/Src/stm32f7xx_hal_tim_ex.c **** #endif /* USE_HAL_TIM_REGISTER_CALLBACKS */
 262:Drivers/STM32F7xx_HAL_Driver/Src/stm32f7xx_hal_tim_ex.c **** 
 263:Drivers/STM32F7xx_HAL_Driver/Src/stm32f7xx_hal_tim_ex.c ****   /* Change the DMA burst operation state */
 264:Drivers/STM32F7xx_HAL_Driver/Src/stm32f7xx_hal_tim_ex.c ****   htim->DMABurstState = HAL_DMA_BURST_STATE_RESET;
 265:Drivers/STM32F7xx_HAL_Driver/Src/stm32f7xx_hal_tim_ex.c **** 
 266:Drivers/STM32F7xx_HAL_Driver/Src/stm32f7xx_hal_tim_ex.c ****   /* Change the TIM channels state */
 267:Drivers/STM32F7xx_HAL_Driver/Src/stm32f7xx_hal_tim_ex.c ****   TIM_CHANNEL_STATE_SET(htim, TIM_CHANNEL_1, HAL_TIM_CHANNEL_STATE_RESET);
 268:Drivers/STM32F7xx_HAL_Driver/Src/stm32f7xx_hal_tim_ex.c ****   TIM_CHANNEL_STATE_SET(htim, TIM_CHANNEL_2, HAL_TIM_CHANNEL_STATE_RESET);
 269:Drivers/STM32F7xx_HAL_Driver/Src/stm32f7xx_hal_tim_ex.c ****   TIM_CHANNEL_N_STATE_SET(htim, TIM_CHANNEL_1, HAL_TIM_CHANNEL_STATE_RESET);
 270:Drivers/STM32F7xx_HAL_Driver/Src/stm32f7xx_hal_tim_ex.c ****   TIM_CHANNEL_N_STATE_SET(htim, TIM_CHANNEL_2, HAL_TIM_CHANNEL_STATE_RESET);
 271:Drivers/STM32F7xx_HAL_Driver/Src/stm32f7xx_hal_tim_ex.c **** 
 272:Drivers/STM32F7xx_HAL_Driver/Src/stm32f7xx_hal_tim_ex.c ****   /* Change TIM state */
 273:Drivers/STM32F7xx_HAL_Driver/Src/stm32f7xx_hal_tim_ex.c ****   htim->State = HAL_TIM_STATE_RESET;
 274:Drivers/STM32F7xx_HAL_Driver/Src/stm32f7xx_hal_tim_ex.c **** 
 275:Drivers/STM32F7xx_HAL_Driver/Src/stm32f7xx_hal_tim_ex.c ****   /* Release Lock */
 276:Drivers/STM32F7xx_HAL_Driver/Src/stm32f7xx_hal_tim_ex.c ****   __HAL_UNLOCK(htim);
 277:Drivers/STM32F7xx_HAL_Driver/Src/stm32f7xx_hal_tim_ex.c **** 
 278:Drivers/STM32F7xx_HAL_Driver/Src/stm32f7xx_hal_tim_ex.c ****   return HAL_OK;
 279:Drivers/STM32F7xx_HAL_Driver/Src/stm32f7xx_hal_tim_ex.c **** }
 280:Drivers/STM32F7xx_HAL_Driver/Src/stm32f7xx_hal_tim_ex.c **** 
 281:Drivers/STM32F7xx_HAL_Driver/Src/stm32f7xx_hal_tim_ex.c **** /**
 282:Drivers/STM32F7xx_HAL_Driver/Src/stm32f7xx_hal_tim_ex.c ****   * @brief  Initializes the TIM Hall Sensor MSP.
 283:Drivers/STM32F7xx_HAL_Driver/Src/stm32f7xx_hal_tim_ex.c ****   * @param  htim TIM Hall Sensor Interface handle
 284:Drivers/STM32F7xx_HAL_Driver/Src/stm32f7xx_hal_tim_ex.c ****   * @retval None
 285:Drivers/STM32F7xx_HAL_Driver/Src/stm32f7xx_hal_tim_ex.c ****   */
 286:Drivers/STM32F7xx_HAL_Driver/Src/stm32f7xx_hal_tim_ex.c **** __weak void HAL_TIMEx_HallSensor_MspInit(TIM_HandleTypeDef *htim)
 287:Drivers/STM32F7xx_HAL_Driver/Src/stm32f7xx_hal_tim_ex.c **** {
 288:Drivers/STM32F7xx_HAL_Driver/Src/stm32f7xx_hal_tim_ex.c ****   /* Prevent unused argument(s) compilation warning */
 289:Drivers/STM32F7xx_HAL_Driver/Src/stm32f7xx_hal_tim_ex.c ****   UNUSED(htim);
 290:Drivers/STM32F7xx_HAL_Driver/Src/stm32f7xx_hal_tim_ex.c **** 
 291:Drivers/STM32F7xx_HAL_Driver/Src/stm32f7xx_hal_tim_ex.c ****   /* NOTE : This function should not be modified, when the callback is needed,
 292:Drivers/STM32F7xx_HAL_Driver/Src/stm32f7xx_hal_tim_ex.c ****             the HAL_TIMEx_HallSensor_MspInit could be implemented in the user file
 293:Drivers/STM32F7xx_HAL_Driver/Src/stm32f7xx_hal_tim_ex.c ****    */
 294:Drivers/STM32F7xx_HAL_Driver/Src/stm32f7xx_hal_tim_ex.c **** }
 295:Drivers/STM32F7xx_HAL_Driver/Src/stm32f7xx_hal_tim_ex.c **** 
 296:Drivers/STM32F7xx_HAL_Driver/Src/stm32f7xx_hal_tim_ex.c **** /**
 297:Drivers/STM32F7xx_HAL_Driver/Src/stm32f7xx_hal_tim_ex.c ****   * @brief  DeInitializes TIM Hall Sensor MSP.
 298:Drivers/STM32F7xx_HAL_Driver/Src/stm32f7xx_hal_tim_ex.c ****   * @param  htim TIM Hall Sensor Interface handle
 299:Drivers/STM32F7xx_HAL_Driver/Src/stm32f7xx_hal_tim_ex.c ****   * @retval None
 300:Drivers/STM32F7xx_HAL_Driver/Src/stm32f7xx_hal_tim_ex.c ****   */
 301:Drivers/STM32F7xx_HAL_Driver/Src/stm32f7xx_hal_tim_ex.c **** __weak void HAL_TIMEx_HallSensor_MspDeInit(TIM_HandleTypeDef *htim)
 302:Drivers/STM32F7xx_HAL_Driver/Src/stm32f7xx_hal_tim_ex.c **** {
 303:Drivers/STM32F7xx_HAL_Driver/Src/stm32f7xx_hal_tim_ex.c ****   /* Prevent unused argument(s) compilation warning */
 304:Drivers/STM32F7xx_HAL_Driver/Src/stm32f7xx_hal_tim_ex.c ****   UNUSED(htim);
 305:Drivers/STM32F7xx_HAL_Driver/Src/stm32f7xx_hal_tim_ex.c **** 
 306:Drivers/STM32F7xx_HAL_Driver/Src/stm32f7xx_hal_tim_ex.c ****   /* NOTE : This function should not be modified, when the callback is needed,
 307:Drivers/STM32F7xx_HAL_Driver/Src/stm32f7xx_hal_tim_ex.c ****             the HAL_TIMEx_HallSensor_MspDeInit could be implemented in the user file
 308:Drivers/STM32F7xx_HAL_Driver/Src/stm32f7xx_hal_tim_ex.c ****    */
 309:Drivers/STM32F7xx_HAL_Driver/Src/stm32f7xx_hal_tim_ex.c **** }
 310:Drivers/STM32F7xx_HAL_Driver/Src/stm32f7xx_hal_tim_ex.c **** 
 311:Drivers/STM32F7xx_HAL_Driver/Src/stm32f7xx_hal_tim_ex.c **** /**
 312:Drivers/STM32F7xx_HAL_Driver/Src/stm32f7xx_hal_tim_ex.c ****   * @brief  Starts the TIM Hall Sensor Interface.
 313:Drivers/STM32F7xx_HAL_Driver/Src/stm32f7xx_hal_tim_ex.c ****   * @param  htim TIM Hall Sensor Interface handle
 314:Drivers/STM32F7xx_HAL_Driver/Src/stm32f7xx_hal_tim_ex.c ****   * @retval HAL status
 315:Drivers/STM32F7xx_HAL_Driver/Src/stm32f7xx_hal_tim_ex.c ****   */
 316:Drivers/STM32F7xx_HAL_Driver/Src/stm32f7xx_hal_tim_ex.c **** HAL_StatusTypeDef HAL_TIMEx_HallSensor_Start(TIM_HandleTypeDef *htim)
ARM GAS  /tmp/ccJkDeps.s 			page 7


 317:Drivers/STM32F7xx_HAL_Driver/Src/stm32f7xx_hal_tim_ex.c **** {
 318:Drivers/STM32F7xx_HAL_Driver/Src/stm32f7xx_hal_tim_ex.c ****   uint32_t tmpsmcr;
 319:Drivers/STM32F7xx_HAL_Driver/Src/stm32f7xx_hal_tim_ex.c ****   HAL_TIM_ChannelStateTypeDef channel_1_state = TIM_CHANNEL_STATE_GET(htim, TIM_CHANNEL_1);
 320:Drivers/STM32F7xx_HAL_Driver/Src/stm32f7xx_hal_tim_ex.c ****   HAL_TIM_ChannelStateTypeDef channel_2_state = TIM_CHANNEL_STATE_GET(htim, TIM_CHANNEL_2);
 321:Drivers/STM32F7xx_HAL_Driver/Src/stm32f7xx_hal_tim_ex.c ****   HAL_TIM_ChannelStateTypeDef complementary_channel_1_state = TIM_CHANNEL_N_STATE_GET(htim, TIM_CHA
 322:Drivers/STM32F7xx_HAL_Driver/Src/stm32f7xx_hal_tim_ex.c ****   HAL_TIM_ChannelStateTypeDef complementary_channel_2_state = TIM_CHANNEL_N_STATE_GET(htim, TIM_CHA
 323:Drivers/STM32F7xx_HAL_Driver/Src/stm32f7xx_hal_tim_ex.c **** 
 324:Drivers/STM32F7xx_HAL_Driver/Src/stm32f7xx_hal_tim_ex.c ****   /* Check the parameters */
 325:Drivers/STM32F7xx_HAL_Driver/Src/stm32f7xx_hal_tim_ex.c ****   assert_param(IS_TIM_HALL_SENSOR_INTERFACE_INSTANCE(htim->Instance));
 326:Drivers/STM32F7xx_HAL_Driver/Src/stm32f7xx_hal_tim_ex.c **** 
 327:Drivers/STM32F7xx_HAL_Driver/Src/stm32f7xx_hal_tim_ex.c ****   /* Check the TIM channels state */
 328:Drivers/STM32F7xx_HAL_Driver/Src/stm32f7xx_hal_tim_ex.c ****   if ((channel_1_state != HAL_TIM_CHANNEL_STATE_READY)
 329:Drivers/STM32F7xx_HAL_Driver/Src/stm32f7xx_hal_tim_ex.c ****       || (channel_2_state != HAL_TIM_CHANNEL_STATE_READY)
 330:Drivers/STM32F7xx_HAL_Driver/Src/stm32f7xx_hal_tim_ex.c ****       || (complementary_channel_1_state != HAL_TIM_CHANNEL_STATE_READY)
 331:Drivers/STM32F7xx_HAL_Driver/Src/stm32f7xx_hal_tim_ex.c ****       || (complementary_channel_2_state != HAL_TIM_CHANNEL_STATE_READY))
 332:Drivers/STM32F7xx_HAL_Driver/Src/stm32f7xx_hal_tim_ex.c ****   {
 333:Drivers/STM32F7xx_HAL_Driver/Src/stm32f7xx_hal_tim_ex.c ****     return HAL_ERROR;
 334:Drivers/STM32F7xx_HAL_Driver/Src/stm32f7xx_hal_tim_ex.c ****   }
 335:Drivers/STM32F7xx_HAL_Driver/Src/stm32f7xx_hal_tim_ex.c **** 
 336:Drivers/STM32F7xx_HAL_Driver/Src/stm32f7xx_hal_tim_ex.c ****   /* Set the TIM channels state */
 337:Drivers/STM32F7xx_HAL_Driver/Src/stm32f7xx_hal_tim_ex.c ****   TIM_CHANNEL_STATE_SET(htim, TIM_CHANNEL_1, HAL_TIM_CHANNEL_STATE_BUSY);
 338:Drivers/STM32F7xx_HAL_Driver/Src/stm32f7xx_hal_tim_ex.c ****   TIM_CHANNEL_STATE_SET(htim, TIM_CHANNEL_2, HAL_TIM_CHANNEL_STATE_BUSY);
 339:Drivers/STM32F7xx_HAL_Driver/Src/stm32f7xx_hal_tim_ex.c ****   TIM_CHANNEL_N_STATE_SET(htim, TIM_CHANNEL_1, HAL_TIM_CHANNEL_STATE_BUSY);
 340:Drivers/STM32F7xx_HAL_Driver/Src/stm32f7xx_hal_tim_ex.c ****   TIM_CHANNEL_N_STATE_SET(htim, TIM_CHANNEL_2, HAL_TIM_CHANNEL_STATE_BUSY);
 341:Drivers/STM32F7xx_HAL_Driver/Src/stm32f7xx_hal_tim_ex.c **** 
 342:Drivers/STM32F7xx_HAL_Driver/Src/stm32f7xx_hal_tim_ex.c ****   /* Enable the Input Capture channel 1
 343:Drivers/STM32F7xx_HAL_Driver/Src/stm32f7xx_hal_tim_ex.c ****   (in the Hall Sensor Interface the three possible channels that can be used are TIM_CHANNEL_1,
 344:Drivers/STM32F7xx_HAL_Driver/Src/stm32f7xx_hal_tim_ex.c ****   TIM_CHANNEL_2 and TIM_CHANNEL_3) */
 345:Drivers/STM32F7xx_HAL_Driver/Src/stm32f7xx_hal_tim_ex.c ****   TIM_CCxChannelCmd(htim->Instance, TIM_CHANNEL_1, TIM_CCx_ENABLE);
 346:Drivers/STM32F7xx_HAL_Driver/Src/stm32f7xx_hal_tim_ex.c **** 
 347:Drivers/STM32F7xx_HAL_Driver/Src/stm32f7xx_hal_tim_ex.c ****   /* Enable the Peripheral, except in trigger mode where enable is automatically done with trigger 
 348:Drivers/STM32F7xx_HAL_Driver/Src/stm32f7xx_hal_tim_ex.c ****   if (IS_TIM_SLAVE_INSTANCE(htim->Instance))
 349:Drivers/STM32F7xx_HAL_Driver/Src/stm32f7xx_hal_tim_ex.c ****   {
 350:Drivers/STM32F7xx_HAL_Driver/Src/stm32f7xx_hal_tim_ex.c ****     tmpsmcr = htim->Instance->SMCR & TIM_SMCR_SMS;
 351:Drivers/STM32F7xx_HAL_Driver/Src/stm32f7xx_hal_tim_ex.c ****     if (!IS_TIM_SLAVEMODE_TRIGGER_ENABLED(tmpsmcr))
 352:Drivers/STM32F7xx_HAL_Driver/Src/stm32f7xx_hal_tim_ex.c ****     {
 353:Drivers/STM32F7xx_HAL_Driver/Src/stm32f7xx_hal_tim_ex.c ****       __HAL_TIM_ENABLE(htim);
 354:Drivers/STM32F7xx_HAL_Driver/Src/stm32f7xx_hal_tim_ex.c ****     }
 355:Drivers/STM32F7xx_HAL_Driver/Src/stm32f7xx_hal_tim_ex.c ****   }
 356:Drivers/STM32F7xx_HAL_Driver/Src/stm32f7xx_hal_tim_ex.c ****   else
 357:Drivers/STM32F7xx_HAL_Driver/Src/stm32f7xx_hal_tim_ex.c ****   {
 358:Drivers/STM32F7xx_HAL_Driver/Src/stm32f7xx_hal_tim_ex.c ****     __HAL_TIM_ENABLE(htim);
 359:Drivers/STM32F7xx_HAL_Driver/Src/stm32f7xx_hal_tim_ex.c ****   }
 360:Drivers/STM32F7xx_HAL_Driver/Src/stm32f7xx_hal_tim_ex.c **** 
 361:Drivers/STM32F7xx_HAL_Driver/Src/stm32f7xx_hal_tim_ex.c ****   /* Return function status */
 362:Drivers/STM32F7xx_HAL_Driver/Src/stm32f7xx_hal_tim_ex.c ****   return HAL_OK;
 363:Drivers/STM32F7xx_HAL_Driver/Src/stm32f7xx_hal_tim_ex.c **** }
 364:Drivers/STM32F7xx_HAL_Driver/Src/stm32f7xx_hal_tim_ex.c **** 
 365:Drivers/STM32F7xx_HAL_Driver/Src/stm32f7xx_hal_tim_ex.c **** /**
 366:Drivers/STM32F7xx_HAL_Driver/Src/stm32f7xx_hal_tim_ex.c ****   * @brief  Stops the TIM Hall sensor Interface.
 367:Drivers/STM32F7xx_HAL_Driver/Src/stm32f7xx_hal_tim_ex.c ****   * @param  htim TIM Hall Sensor Interface handle
 368:Drivers/STM32F7xx_HAL_Driver/Src/stm32f7xx_hal_tim_ex.c ****   * @retval HAL status
 369:Drivers/STM32F7xx_HAL_Driver/Src/stm32f7xx_hal_tim_ex.c ****   */
 370:Drivers/STM32F7xx_HAL_Driver/Src/stm32f7xx_hal_tim_ex.c **** HAL_StatusTypeDef HAL_TIMEx_HallSensor_Stop(TIM_HandleTypeDef *htim)
 371:Drivers/STM32F7xx_HAL_Driver/Src/stm32f7xx_hal_tim_ex.c **** {
 372:Drivers/STM32F7xx_HAL_Driver/Src/stm32f7xx_hal_tim_ex.c ****   /* Check the parameters */
 373:Drivers/STM32F7xx_HAL_Driver/Src/stm32f7xx_hal_tim_ex.c ****   assert_param(IS_TIM_HALL_SENSOR_INTERFACE_INSTANCE(htim->Instance));
ARM GAS  /tmp/ccJkDeps.s 			page 8


 374:Drivers/STM32F7xx_HAL_Driver/Src/stm32f7xx_hal_tim_ex.c **** 
 375:Drivers/STM32F7xx_HAL_Driver/Src/stm32f7xx_hal_tim_ex.c ****   /* Disable the Input Capture channels 1, 2 and 3
 376:Drivers/STM32F7xx_HAL_Driver/Src/stm32f7xx_hal_tim_ex.c ****   (in the Hall Sensor Interface the three possible channels that can be used are TIM_CHANNEL_1,
 377:Drivers/STM32F7xx_HAL_Driver/Src/stm32f7xx_hal_tim_ex.c ****   TIM_CHANNEL_2 and TIM_CHANNEL_3) */
 378:Drivers/STM32F7xx_HAL_Driver/Src/stm32f7xx_hal_tim_ex.c ****   TIM_CCxChannelCmd(htim->Instance, TIM_CHANNEL_1, TIM_CCx_DISABLE);
 379:Drivers/STM32F7xx_HAL_Driver/Src/stm32f7xx_hal_tim_ex.c **** 
 380:Drivers/STM32F7xx_HAL_Driver/Src/stm32f7xx_hal_tim_ex.c ****   /* Disable the Peripheral */
 381:Drivers/STM32F7xx_HAL_Driver/Src/stm32f7xx_hal_tim_ex.c ****   __HAL_TIM_DISABLE(htim);
 382:Drivers/STM32F7xx_HAL_Driver/Src/stm32f7xx_hal_tim_ex.c **** 
 383:Drivers/STM32F7xx_HAL_Driver/Src/stm32f7xx_hal_tim_ex.c ****   /* Set the TIM channels state */
 384:Drivers/STM32F7xx_HAL_Driver/Src/stm32f7xx_hal_tim_ex.c ****   TIM_CHANNEL_STATE_SET(htim, TIM_CHANNEL_1, HAL_TIM_CHANNEL_STATE_READY);
 385:Drivers/STM32F7xx_HAL_Driver/Src/stm32f7xx_hal_tim_ex.c ****   TIM_CHANNEL_STATE_SET(htim, TIM_CHANNEL_2, HAL_TIM_CHANNEL_STATE_READY);
 386:Drivers/STM32F7xx_HAL_Driver/Src/stm32f7xx_hal_tim_ex.c ****   TIM_CHANNEL_N_STATE_SET(htim, TIM_CHANNEL_1, HAL_TIM_CHANNEL_STATE_READY);
 387:Drivers/STM32F7xx_HAL_Driver/Src/stm32f7xx_hal_tim_ex.c ****   TIM_CHANNEL_N_STATE_SET(htim, TIM_CHANNEL_2, HAL_TIM_CHANNEL_STATE_READY);
 388:Drivers/STM32F7xx_HAL_Driver/Src/stm32f7xx_hal_tim_ex.c **** 
 389:Drivers/STM32F7xx_HAL_Driver/Src/stm32f7xx_hal_tim_ex.c ****   /* Return function status */
 390:Drivers/STM32F7xx_HAL_Driver/Src/stm32f7xx_hal_tim_ex.c ****   return HAL_OK;
 391:Drivers/STM32F7xx_HAL_Driver/Src/stm32f7xx_hal_tim_ex.c **** }
 392:Drivers/STM32F7xx_HAL_Driver/Src/stm32f7xx_hal_tim_ex.c **** 
 393:Drivers/STM32F7xx_HAL_Driver/Src/stm32f7xx_hal_tim_ex.c **** /**
 394:Drivers/STM32F7xx_HAL_Driver/Src/stm32f7xx_hal_tim_ex.c ****   * @brief  Starts the TIM Hall Sensor Interface in interrupt mode.
 395:Drivers/STM32F7xx_HAL_Driver/Src/stm32f7xx_hal_tim_ex.c ****   * @param  htim TIM Hall Sensor Interface handle
 396:Drivers/STM32F7xx_HAL_Driver/Src/stm32f7xx_hal_tim_ex.c ****   * @retval HAL status
 397:Drivers/STM32F7xx_HAL_Driver/Src/stm32f7xx_hal_tim_ex.c ****   */
 398:Drivers/STM32F7xx_HAL_Driver/Src/stm32f7xx_hal_tim_ex.c **** HAL_StatusTypeDef HAL_TIMEx_HallSensor_Start_IT(TIM_HandleTypeDef *htim)
 399:Drivers/STM32F7xx_HAL_Driver/Src/stm32f7xx_hal_tim_ex.c **** {
 400:Drivers/STM32F7xx_HAL_Driver/Src/stm32f7xx_hal_tim_ex.c ****   uint32_t tmpsmcr;
 401:Drivers/STM32F7xx_HAL_Driver/Src/stm32f7xx_hal_tim_ex.c ****   HAL_TIM_ChannelStateTypeDef channel_1_state = TIM_CHANNEL_STATE_GET(htim, TIM_CHANNEL_1);
 402:Drivers/STM32F7xx_HAL_Driver/Src/stm32f7xx_hal_tim_ex.c ****   HAL_TIM_ChannelStateTypeDef channel_2_state = TIM_CHANNEL_STATE_GET(htim, TIM_CHANNEL_2);
 403:Drivers/STM32F7xx_HAL_Driver/Src/stm32f7xx_hal_tim_ex.c ****   HAL_TIM_ChannelStateTypeDef complementary_channel_1_state = TIM_CHANNEL_N_STATE_GET(htim, TIM_CHA
 404:Drivers/STM32F7xx_HAL_Driver/Src/stm32f7xx_hal_tim_ex.c ****   HAL_TIM_ChannelStateTypeDef complementary_channel_2_state = TIM_CHANNEL_N_STATE_GET(htim, TIM_CHA
 405:Drivers/STM32F7xx_HAL_Driver/Src/stm32f7xx_hal_tim_ex.c **** 
 406:Drivers/STM32F7xx_HAL_Driver/Src/stm32f7xx_hal_tim_ex.c ****   /* Check the parameters */
 407:Drivers/STM32F7xx_HAL_Driver/Src/stm32f7xx_hal_tim_ex.c ****   assert_param(IS_TIM_HALL_SENSOR_INTERFACE_INSTANCE(htim->Instance));
 408:Drivers/STM32F7xx_HAL_Driver/Src/stm32f7xx_hal_tim_ex.c **** 
 409:Drivers/STM32F7xx_HAL_Driver/Src/stm32f7xx_hal_tim_ex.c ****   /* Check the TIM channels state */
 410:Drivers/STM32F7xx_HAL_Driver/Src/stm32f7xx_hal_tim_ex.c ****   if ((channel_1_state != HAL_TIM_CHANNEL_STATE_READY)
 411:Drivers/STM32F7xx_HAL_Driver/Src/stm32f7xx_hal_tim_ex.c ****       || (channel_2_state != HAL_TIM_CHANNEL_STATE_READY)
 412:Drivers/STM32F7xx_HAL_Driver/Src/stm32f7xx_hal_tim_ex.c ****       || (complementary_channel_1_state != HAL_TIM_CHANNEL_STATE_READY)
 413:Drivers/STM32F7xx_HAL_Driver/Src/stm32f7xx_hal_tim_ex.c ****       || (complementary_channel_2_state != HAL_TIM_CHANNEL_STATE_READY))
 414:Drivers/STM32F7xx_HAL_Driver/Src/stm32f7xx_hal_tim_ex.c ****   {
 415:Drivers/STM32F7xx_HAL_Driver/Src/stm32f7xx_hal_tim_ex.c ****     return HAL_ERROR;
 416:Drivers/STM32F7xx_HAL_Driver/Src/stm32f7xx_hal_tim_ex.c ****   }
 417:Drivers/STM32F7xx_HAL_Driver/Src/stm32f7xx_hal_tim_ex.c **** 
 418:Drivers/STM32F7xx_HAL_Driver/Src/stm32f7xx_hal_tim_ex.c ****   /* Set the TIM channels state */
 419:Drivers/STM32F7xx_HAL_Driver/Src/stm32f7xx_hal_tim_ex.c ****   TIM_CHANNEL_STATE_SET(htim, TIM_CHANNEL_1, HAL_TIM_CHANNEL_STATE_BUSY);
 420:Drivers/STM32F7xx_HAL_Driver/Src/stm32f7xx_hal_tim_ex.c ****   TIM_CHANNEL_STATE_SET(htim, TIM_CHANNEL_2, HAL_TIM_CHANNEL_STATE_BUSY);
 421:Drivers/STM32F7xx_HAL_Driver/Src/stm32f7xx_hal_tim_ex.c ****   TIM_CHANNEL_N_STATE_SET(htim, TIM_CHANNEL_1, HAL_TIM_CHANNEL_STATE_BUSY);
 422:Drivers/STM32F7xx_HAL_Driver/Src/stm32f7xx_hal_tim_ex.c ****   TIM_CHANNEL_N_STATE_SET(htim, TIM_CHANNEL_2, HAL_TIM_CHANNEL_STATE_BUSY);
 423:Drivers/STM32F7xx_HAL_Driver/Src/stm32f7xx_hal_tim_ex.c **** 
 424:Drivers/STM32F7xx_HAL_Driver/Src/stm32f7xx_hal_tim_ex.c ****   /* Enable the capture compare Interrupts 1 event */
 425:Drivers/STM32F7xx_HAL_Driver/Src/stm32f7xx_hal_tim_ex.c ****   __HAL_TIM_ENABLE_IT(htim, TIM_IT_CC1);
 426:Drivers/STM32F7xx_HAL_Driver/Src/stm32f7xx_hal_tim_ex.c **** 
 427:Drivers/STM32F7xx_HAL_Driver/Src/stm32f7xx_hal_tim_ex.c ****   /* Enable the Input Capture channel 1
 428:Drivers/STM32F7xx_HAL_Driver/Src/stm32f7xx_hal_tim_ex.c ****   (in the Hall Sensor Interface the three possible channels that can be used are TIM_CHANNEL_1,
 429:Drivers/STM32F7xx_HAL_Driver/Src/stm32f7xx_hal_tim_ex.c ****   TIM_CHANNEL_2 and TIM_CHANNEL_3) */
 430:Drivers/STM32F7xx_HAL_Driver/Src/stm32f7xx_hal_tim_ex.c ****   TIM_CCxChannelCmd(htim->Instance, TIM_CHANNEL_1, TIM_CCx_ENABLE);
ARM GAS  /tmp/ccJkDeps.s 			page 9


 431:Drivers/STM32F7xx_HAL_Driver/Src/stm32f7xx_hal_tim_ex.c **** 
 432:Drivers/STM32F7xx_HAL_Driver/Src/stm32f7xx_hal_tim_ex.c ****   /* Enable the Peripheral, except in trigger mode where enable is automatically done with trigger 
 433:Drivers/STM32F7xx_HAL_Driver/Src/stm32f7xx_hal_tim_ex.c ****   if (IS_TIM_SLAVE_INSTANCE(htim->Instance))
 434:Drivers/STM32F7xx_HAL_Driver/Src/stm32f7xx_hal_tim_ex.c ****   {
 435:Drivers/STM32F7xx_HAL_Driver/Src/stm32f7xx_hal_tim_ex.c ****     tmpsmcr = htim->Instance->SMCR & TIM_SMCR_SMS;
 436:Drivers/STM32F7xx_HAL_Driver/Src/stm32f7xx_hal_tim_ex.c ****     if (!IS_TIM_SLAVEMODE_TRIGGER_ENABLED(tmpsmcr))
 437:Drivers/STM32F7xx_HAL_Driver/Src/stm32f7xx_hal_tim_ex.c ****     {
 438:Drivers/STM32F7xx_HAL_Driver/Src/stm32f7xx_hal_tim_ex.c ****       __HAL_TIM_ENABLE(htim);
 439:Drivers/STM32F7xx_HAL_Driver/Src/stm32f7xx_hal_tim_ex.c ****     }
 440:Drivers/STM32F7xx_HAL_Driver/Src/stm32f7xx_hal_tim_ex.c ****   }
 441:Drivers/STM32F7xx_HAL_Driver/Src/stm32f7xx_hal_tim_ex.c ****   else
 442:Drivers/STM32F7xx_HAL_Driver/Src/stm32f7xx_hal_tim_ex.c ****   {
 443:Drivers/STM32F7xx_HAL_Driver/Src/stm32f7xx_hal_tim_ex.c ****     __HAL_TIM_ENABLE(htim);
 444:Drivers/STM32F7xx_HAL_Driver/Src/stm32f7xx_hal_tim_ex.c ****   }
 445:Drivers/STM32F7xx_HAL_Driver/Src/stm32f7xx_hal_tim_ex.c **** 
 446:Drivers/STM32F7xx_HAL_Driver/Src/stm32f7xx_hal_tim_ex.c ****   /* Return function status */
 447:Drivers/STM32F7xx_HAL_Driver/Src/stm32f7xx_hal_tim_ex.c ****   return HAL_OK;
 448:Drivers/STM32F7xx_HAL_Driver/Src/stm32f7xx_hal_tim_ex.c **** }
 449:Drivers/STM32F7xx_HAL_Driver/Src/stm32f7xx_hal_tim_ex.c **** 
 450:Drivers/STM32F7xx_HAL_Driver/Src/stm32f7xx_hal_tim_ex.c **** /**
 451:Drivers/STM32F7xx_HAL_Driver/Src/stm32f7xx_hal_tim_ex.c ****   * @brief  Stops the TIM Hall Sensor Interface in interrupt mode.
 452:Drivers/STM32F7xx_HAL_Driver/Src/stm32f7xx_hal_tim_ex.c ****   * @param  htim TIM Hall Sensor Interface handle
 453:Drivers/STM32F7xx_HAL_Driver/Src/stm32f7xx_hal_tim_ex.c ****   * @retval HAL status
 454:Drivers/STM32F7xx_HAL_Driver/Src/stm32f7xx_hal_tim_ex.c ****   */
 455:Drivers/STM32F7xx_HAL_Driver/Src/stm32f7xx_hal_tim_ex.c **** HAL_StatusTypeDef HAL_TIMEx_HallSensor_Stop_IT(TIM_HandleTypeDef *htim)
 456:Drivers/STM32F7xx_HAL_Driver/Src/stm32f7xx_hal_tim_ex.c **** {
 457:Drivers/STM32F7xx_HAL_Driver/Src/stm32f7xx_hal_tim_ex.c ****   /* Check the parameters */
 458:Drivers/STM32F7xx_HAL_Driver/Src/stm32f7xx_hal_tim_ex.c ****   assert_param(IS_TIM_HALL_SENSOR_INTERFACE_INSTANCE(htim->Instance));
 459:Drivers/STM32F7xx_HAL_Driver/Src/stm32f7xx_hal_tim_ex.c **** 
 460:Drivers/STM32F7xx_HAL_Driver/Src/stm32f7xx_hal_tim_ex.c ****   /* Disable the Input Capture channel 1
 461:Drivers/STM32F7xx_HAL_Driver/Src/stm32f7xx_hal_tim_ex.c ****   (in the Hall Sensor Interface the three possible channels that can be used are TIM_CHANNEL_1,
 462:Drivers/STM32F7xx_HAL_Driver/Src/stm32f7xx_hal_tim_ex.c ****   TIM_CHANNEL_2 and TIM_CHANNEL_3) */
 463:Drivers/STM32F7xx_HAL_Driver/Src/stm32f7xx_hal_tim_ex.c ****   TIM_CCxChannelCmd(htim->Instance, TIM_CHANNEL_1, TIM_CCx_DISABLE);
 464:Drivers/STM32F7xx_HAL_Driver/Src/stm32f7xx_hal_tim_ex.c **** 
 465:Drivers/STM32F7xx_HAL_Driver/Src/stm32f7xx_hal_tim_ex.c ****   /* Disable the capture compare Interrupts event */
 466:Drivers/STM32F7xx_HAL_Driver/Src/stm32f7xx_hal_tim_ex.c ****   __HAL_TIM_DISABLE_IT(htim, TIM_IT_CC1);
 467:Drivers/STM32F7xx_HAL_Driver/Src/stm32f7xx_hal_tim_ex.c **** 
 468:Drivers/STM32F7xx_HAL_Driver/Src/stm32f7xx_hal_tim_ex.c ****   /* Disable the Peripheral */
 469:Drivers/STM32F7xx_HAL_Driver/Src/stm32f7xx_hal_tim_ex.c ****   __HAL_TIM_DISABLE(htim);
 470:Drivers/STM32F7xx_HAL_Driver/Src/stm32f7xx_hal_tim_ex.c **** 
 471:Drivers/STM32F7xx_HAL_Driver/Src/stm32f7xx_hal_tim_ex.c ****   /* Set the TIM channels state */
 472:Drivers/STM32F7xx_HAL_Driver/Src/stm32f7xx_hal_tim_ex.c ****   TIM_CHANNEL_STATE_SET(htim, TIM_CHANNEL_1, HAL_TIM_CHANNEL_STATE_READY);
 473:Drivers/STM32F7xx_HAL_Driver/Src/stm32f7xx_hal_tim_ex.c ****   TIM_CHANNEL_STATE_SET(htim, TIM_CHANNEL_2, HAL_TIM_CHANNEL_STATE_READY);
 474:Drivers/STM32F7xx_HAL_Driver/Src/stm32f7xx_hal_tim_ex.c ****   TIM_CHANNEL_N_STATE_SET(htim, TIM_CHANNEL_1, HAL_TIM_CHANNEL_STATE_READY);
 475:Drivers/STM32F7xx_HAL_Driver/Src/stm32f7xx_hal_tim_ex.c ****   TIM_CHANNEL_N_STATE_SET(htim, TIM_CHANNEL_2, HAL_TIM_CHANNEL_STATE_READY);
 476:Drivers/STM32F7xx_HAL_Driver/Src/stm32f7xx_hal_tim_ex.c **** 
 477:Drivers/STM32F7xx_HAL_Driver/Src/stm32f7xx_hal_tim_ex.c ****   /* Return function status */
 478:Drivers/STM32F7xx_HAL_Driver/Src/stm32f7xx_hal_tim_ex.c ****   return HAL_OK;
 479:Drivers/STM32F7xx_HAL_Driver/Src/stm32f7xx_hal_tim_ex.c **** }
 480:Drivers/STM32F7xx_HAL_Driver/Src/stm32f7xx_hal_tim_ex.c **** 
 481:Drivers/STM32F7xx_HAL_Driver/Src/stm32f7xx_hal_tim_ex.c **** /**
 482:Drivers/STM32F7xx_HAL_Driver/Src/stm32f7xx_hal_tim_ex.c ****   * @brief  Starts the TIM Hall Sensor Interface in DMA mode.
 483:Drivers/STM32F7xx_HAL_Driver/Src/stm32f7xx_hal_tim_ex.c ****   * @param  htim TIM Hall Sensor Interface handle
 484:Drivers/STM32F7xx_HAL_Driver/Src/stm32f7xx_hal_tim_ex.c ****   * @param  pData The destination Buffer address.
 485:Drivers/STM32F7xx_HAL_Driver/Src/stm32f7xx_hal_tim_ex.c ****   * @param  Length The length of data to be transferred from TIM peripheral to memory.
 486:Drivers/STM32F7xx_HAL_Driver/Src/stm32f7xx_hal_tim_ex.c ****   * @retval HAL status
 487:Drivers/STM32F7xx_HAL_Driver/Src/stm32f7xx_hal_tim_ex.c ****   */
ARM GAS  /tmp/ccJkDeps.s 			page 10


 488:Drivers/STM32F7xx_HAL_Driver/Src/stm32f7xx_hal_tim_ex.c **** HAL_StatusTypeDef HAL_TIMEx_HallSensor_Start_DMA(TIM_HandleTypeDef *htim, uint32_t *pData, uint16_t
 489:Drivers/STM32F7xx_HAL_Driver/Src/stm32f7xx_hal_tim_ex.c **** {
 490:Drivers/STM32F7xx_HAL_Driver/Src/stm32f7xx_hal_tim_ex.c ****   uint32_t tmpsmcr;
 491:Drivers/STM32F7xx_HAL_Driver/Src/stm32f7xx_hal_tim_ex.c ****   HAL_TIM_ChannelStateTypeDef channel_1_state = TIM_CHANNEL_STATE_GET(htim, TIM_CHANNEL_1);
 492:Drivers/STM32F7xx_HAL_Driver/Src/stm32f7xx_hal_tim_ex.c ****   HAL_TIM_ChannelStateTypeDef complementary_channel_1_state = TIM_CHANNEL_N_STATE_GET(htim, TIM_CHA
 493:Drivers/STM32F7xx_HAL_Driver/Src/stm32f7xx_hal_tim_ex.c **** 
 494:Drivers/STM32F7xx_HAL_Driver/Src/stm32f7xx_hal_tim_ex.c ****   /* Check the parameters */
 495:Drivers/STM32F7xx_HAL_Driver/Src/stm32f7xx_hal_tim_ex.c ****   assert_param(IS_TIM_HALL_SENSOR_INTERFACE_INSTANCE(htim->Instance));
 496:Drivers/STM32F7xx_HAL_Driver/Src/stm32f7xx_hal_tim_ex.c **** 
 497:Drivers/STM32F7xx_HAL_Driver/Src/stm32f7xx_hal_tim_ex.c ****   /* Set the TIM channel state */
 498:Drivers/STM32F7xx_HAL_Driver/Src/stm32f7xx_hal_tim_ex.c ****   if ((channel_1_state == HAL_TIM_CHANNEL_STATE_BUSY)
 499:Drivers/STM32F7xx_HAL_Driver/Src/stm32f7xx_hal_tim_ex.c ****       || (complementary_channel_1_state == HAL_TIM_CHANNEL_STATE_BUSY))
 500:Drivers/STM32F7xx_HAL_Driver/Src/stm32f7xx_hal_tim_ex.c ****   {
 501:Drivers/STM32F7xx_HAL_Driver/Src/stm32f7xx_hal_tim_ex.c ****     return HAL_BUSY;
 502:Drivers/STM32F7xx_HAL_Driver/Src/stm32f7xx_hal_tim_ex.c ****   }
 503:Drivers/STM32F7xx_HAL_Driver/Src/stm32f7xx_hal_tim_ex.c ****   else if ((channel_1_state == HAL_TIM_CHANNEL_STATE_READY)
 504:Drivers/STM32F7xx_HAL_Driver/Src/stm32f7xx_hal_tim_ex.c ****            && (complementary_channel_1_state == HAL_TIM_CHANNEL_STATE_READY))
 505:Drivers/STM32F7xx_HAL_Driver/Src/stm32f7xx_hal_tim_ex.c ****   {
 506:Drivers/STM32F7xx_HAL_Driver/Src/stm32f7xx_hal_tim_ex.c ****     if ((pData == NULL) || (Length == 0U))
 507:Drivers/STM32F7xx_HAL_Driver/Src/stm32f7xx_hal_tim_ex.c ****     {
 508:Drivers/STM32F7xx_HAL_Driver/Src/stm32f7xx_hal_tim_ex.c ****       return HAL_ERROR;
 509:Drivers/STM32F7xx_HAL_Driver/Src/stm32f7xx_hal_tim_ex.c ****     }
 510:Drivers/STM32F7xx_HAL_Driver/Src/stm32f7xx_hal_tim_ex.c ****     else
 511:Drivers/STM32F7xx_HAL_Driver/Src/stm32f7xx_hal_tim_ex.c ****     {
 512:Drivers/STM32F7xx_HAL_Driver/Src/stm32f7xx_hal_tim_ex.c ****       TIM_CHANNEL_STATE_SET(htim, TIM_CHANNEL_1, HAL_TIM_CHANNEL_STATE_BUSY);
 513:Drivers/STM32F7xx_HAL_Driver/Src/stm32f7xx_hal_tim_ex.c ****       TIM_CHANNEL_N_STATE_SET(htim, TIM_CHANNEL_1, HAL_TIM_CHANNEL_STATE_BUSY);
 514:Drivers/STM32F7xx_HAL_Driver/Src/stm32f7xx_hal_tim_ex.c ****     }
 515:Drivers/STM32F7xx_HAL_Driver/Src/stm32f7xx_hal_tim_ex.c ****   }
 516:Drivers/STM32F7xx_HAL_Driver/Src/stm32f7xx_hal_tim_ex.c ****   else
 517:Drivers/STM32F7xx_HAL_Driver/Src/stm32f7xx_hal_tim_ex.c ****   {
 518:Drivers/STM32F7xx_HAL_Driver/Src/stm32f7xx_hal_tim_ex.c ****     return HAL_ERROR;
 519:Drivers/STM32F7xx_HAL_Driver/Src/stm32f7xx_hal_tim_ex.c ****   }
 520:Drivers/STM32F7xx_HAL_Driver/Src/stm32f7xx_hal_tim_ex.c **** 
 521:Drivers/STM32F7xx_HAL_Driver/Src/stm32f7xx_hal_tim_ex.c ****   /* Enable the Input Capture channel 1
 522:Drivers/STM32F7xx_HAL_Driver/Src/stm32f7xx_hal_tim_ex.c ****   (in the Hall Sensor Interface the three possible channels that can be used are TIM_CHANNEL_1,
 523:Drivers/STM32F7xx_HAL_Driver/Src/stm32f7xx_hal_tim_ex.c ****   TIM_CHANNEL_2 and TIM_CHANNEL_3) */
 524:Drivers/STM32F7xx_HAL_Driver/Src/stm32f7xx_hal_tim_ex.c ****   TIM_CCxChannelCmd(htim->Instance, TIM_CHANNEL_1, TIM_CCx_ENABLE);
 525:Drivers/STM32F7xx_HAL_Driver/Src/stm32f7xx_hal_tim_ex.c **** 
 526:Drivers/STM32F7xx_HAL_Driver/Src/stm32f7xx_hal_tim_ex.c ****   /* Set the DMA Input Capture 1 Callbacks */
 527:Drivers/STM32F7xx_HAL_Driver/Src/stm32f7xx_hal_tim_ex.c ****   htim->hdma[TIM_DMA_ID_CC1]->XferCpltCallback = TIM_DMACaptureCplt;
 528:Drivers/STM32F7xx_HAL_Driver/Src/stm32f7xx_hal_tim_ex.c ****   htim->hdma[TIM_DMA_ID_CC1]->XferHalfCpltCallback = TIM_DMACaptureHalfCplt;
 529:Drivers/STM32F7xx_HAL_Driver/Src/stm32f7xx_hal_tim_ex.c ****   /* Set the DMA error callback */
 530:Drivers/STM32F7xx_HAL_Driver/Src/stm32f7xx_hal_tim_ex.c ****   htim->hdma[TIM_DMA_ID_CC1]->XferErrorCallback = TIM_DMAError ;
 531:Drivers/STM32F7xx_HAL_Driver/Src/stm32f7xx_hal_tim_ex.c **** 
 532:Drivers/STM32F7xx_HAL_Driver/Src/stm32f7xx_hal_tim_ex.c ****   /* Enable the DMA stream for Capture 1*/
 533:Drivers/STM32F7xx_HAL_Driver/Src/stm32f7xx_hal_tim_ex.c ****   if (HAL_DMA_Start_IT(htim->hdma[TIM_DMA_ID_CC1], (uint32_t)&htim->Instance->CCR1, (uint32_t)pData
 534:Drivers/STM32F7xx_HAL_Driver/Src/stm32f7xx_hal_tim_ex.c ****   {
 535:Drivers/STM32F7xx_HAL_Driver/Src/stm32f7xx_hal_tim_ex.c ****     /* Return error status */
 536:Drivers/STM32F7xx_HAL_Driver/Src/stm32f7xx_hal_tim_ex.c ****     return HAL_ERROR;
 537:Drivers/STM32F7xx_HAL_Driver/Src/stm32f7xx_hal_tim_ex.c ****   }
 538:Drivers/STM32F7xx_HAL_Driver/Src/stm32f7xx_hal_tim_ex.c ****   /* Enable the capture compare 1 Interrupt */
 539:Drivers/STM32F7xx_HAL_Driver/Src/stm32f7xx_hal_tim_ex.c ****   __HAL_TIM_ENABLE_DMA(htim, TIM_DMA_CC1);
 540:Drivers/STM32F7xx_HAL_Driver/Src/stm32f7xx_hal_tim_ex.c **** 
 541:Drivers/STM32F7xx_HAL_Driver/Src/stm32f7xx_hal_tim_ex.c ****   /* Enable the Peripheral, except in trigger mode where enable is automatically done with trigger 
 542:Drivers/STM32F7xx_HAL_Driver/Src/stm32f7xx_hal_tim_ex.c ****   if (IS_TIM_SLAVE_INSTANCE(htim->Instance))
 543:Drivers/STM32F7xx_HAL_Driver/Src/stm32f7xx_hal_tim_ex.c ****   {
 544:Drivers/STM32F7xx_HAL_Driver/Src/stm32f7xx_hal_tim_ex.c ****     tmpsmcr = htim->Instance->SMCR & TIM_SMCR_SMS;
ARM GAS  /tmp/ccJkDeps.s 			page 11


 545:Drivers/STM32F7xx_HAL_Driver/Src/stm32f7xx_hal_tim_ex.c ****     if (!IS_TIM_SLAVEMODE_TRIGGER_ENABLED(tmpsmcr))
 546:Drivers/STM32F7xx_HAL_Driver/Src/stm32f7xx_hal_tim_ex.c ****     {
 547:Drivers/STM32F7xx_HAL_Driver/Src/stm32f7xx_hal_tim_ex.c ****       __HAL_TIM_ENABLE(htim);
 548:Drivers/STM32F7xx_HAL_Driver/Src/stm32f7xx_hal_tim_ex.c ****     }
 549:Drivers/STM32F7xx_HAL_Driver/Src/stm32f7xx_hal_tim_ex.c ****   }
 550:Drivers/STM32F7xx_HAL_Driver/Src/stm32f7xx_hal_tim_ex.c ****   else
 551:Drivers/STM32F7xx_HAL_Driver/Src/stm32f7xx_hal_tim_ex.c ****   {
 552:Drivers/STM32F7xx_HAL_Driver/Src/stm32f7xx_hal_tim_ex.c ****     __HAL_TIM_ENABLE(htim);
 553:Drivers/STM32F7xx_HAL_Driver/Src/stm32f7xx_hal_tim_ex.c ****   }
 554:Drivers/STM32F7xx_HAL_Driver/Src/stm32f7xx_hal_tim_ex.c **** 
 555:Drivers/STM32F7xx_HAL_Driver/Src/stm32f7xx_hal_tim_ex.c ****   /* Return function status */
 556:Drivers/STM32F7xx_HAL_Driver/Src/stm32f7xx_hal_tim_ex.c ****   return HAL_OK;
 557:Drivers/STM32F7xx_HAL_Driver/Src/stm32f7xx_hal_tim_ex.c **** }
 558:Drivers/STM32F7xx_HAL_Driver/Src/stm32f7xx_hal_tim_ex.c **** 
 559:Drivers/STM32F7xx_HAL_Driver/Src/stm32f7xx_hal_tim_ex.c **** /**
 560:Drivers/STM32F7xx_HAL_Driver/Src/stm32f7xx_hal_tim_ex.c ****   * @brief  Stops the TIM Hall Sensor Interface in DMA mode.
 561:Drivers/STM32F7xx_HAL_Driver/Src/stm32f7xx_hal_tim_ex.c ****   * @param  htim TIM Hall Sensor Interface handle
 562:Drivers/STM32F7xx_HAL_Driver/Src/stm32f7xx_hal_tim_ex.c ****   * @retval HAL status
 563:Drivers/STM32F7xx_HAL_Driver/Src/stm32f7xx_hal_tim_ex.c ****   */
 564:Drivers/STM32F7xx_HAL_Driver/Src/stm32f7xx_hal_tim_ex.c **** HAL_StatusTypeDef HAL_TIMEx_HallSensor_Stop_DMA(TIM_HandleTypeDef *htim)
 565:Drivers/STM32F7xx_HAL_Driver/Src/stm32f7xx_hal_tim_ex.c **** {
 566:Drivers/STM32F7xx_HAL_Driver/Src/stm32f7xx_hal_tim_ex.c ****   /* Check the parameters */
 567:Drivers/STM32F7xx_HAL_Driver/Src/stm32f7xx_hal_tim_ex.c ****   assert_param(IS_TIM_HALL_SENSOR_INTERFACE_INSTANCE(htim->Instance));
 568:Drivers/STM32F7xx_HAL_Driver/Src/stm32f7xx_hal_tim_ex.c **** 
 569:Drivers/STM32F7xx_HAL_Driver/Src/stm32f7xx_hal_tim_ex.c ****   /* Disable the Input Capture channel 1
 570:Drivers/STM32F7xx_HAL_Driver/Src/stm32f7xx_hal_tim_ex.c ****   (in the Hall Sensor Interface the three possible channels that can be used are TIM_CHANNEL_1,
 571:Drivers/STM32F7xx_HAL_Driver/Src/stm32f7xx_hal_tim_ex.c ****   TIM_CHANNEL_2 and TIM_CHANNEL_3) */
 572:Drivers/STM32F7xx_HAL_Driver/Src/stm32f7xx_hal_tim_ex.c ****   TIM_CCxChannelCmd(htim->Instance, TIM_CHANNEL_1, TIM_CCx_DISABLE);
 573:Drivers/STM32F7xx_HAL_Driver/Src/stm32f7xx_hal_tim_ex.c **** 
 574:Drivers/STM32F7xx_HAL_Driver/Src/stm32f7xx_hal_tim_ex.c **** 
 575:Drivers/STM32F7xx_HAL_Driver/Src/stm32f7xx_hal_tim_ex.c ****   /* Disable the capture compare Interrupts 1 event */
 576:Drivers/STM32F7xx_HAL_Driver/Src/stm32f7xx_hal_tim_ex.c ****   __HAL_TIM_DISABLE_DMA(htim, TIM_DMA_CC1);
 577:Drivers/STM32F7xx_HAL_Driver/Src/stm32f7xx_hal_tim_ex.c **** 
 578:Drivers/STM32F7xx_HAL_Driver/Src/stm32f7xx_hal_tim_ex.c ****   (void)HAL_DMA_Abort_IT(htim->hdma[TIM_DMA_ID_CC1]);
 579:Drivers/STM32F7xx_HAL_Driver/Src/stm32f7xx_hal_tim_ex.c **** 
 580:Drivers/STM32F7xx_HAL_Driver/Src/stm32f7xx_hal_tim_ex.c ****   /* Disable the Peripheral */
 581:Drivers/STM32F7xx_HAL_Driver/Src/stm32f7xx_hal_tim_ex.c ****   __HAL_TIM_DISABLE(htim);
 582:Drivers/STM32F7xx_HAL_Driver/Src/stm32f7xx_hal_tim_ex.c **** 
 583:Drivers/STM32F7xx_HAL_Driver/Src/stm32f7xx_hal_tim_ex.c ****   /* Set the TIM channel state */
 584:Drivers/STM32F7xx_HAL_Driver/Src/stm32f7xx_hal_tim_ex.c ****   TIM_CHANNEL_STATE_SET(htim, TIM_CHANNEL_1, HAL_TIM_CHANNEL_STATE_READY);
 585:Drivers/STM32F7xx_HAL_Driver/Src/stm32f7xx_hal_tim_ex.c ****   TIM_CHANNEL_N_STATE_SET(htim, TIM_CHANNEL_1, HAL_TIM_CHANNEL_STATE_READY);
 586:Drivers/STM32F7xx_HAL_Driver/Src/stm32f7xx_hal_tim_ex.c **** 
 587:Drivers/STM32F7xx_HAL_Driver/Src/stm32f7xx_hal_tim_ex.c ****   /* Return function status */
 588:Drivers/STM32F7xx_HAL_Driver/Src/stm32f7xx_hal_tim_ex.c ****   return HAL_OK;
 589:Drivers/STM32F7xx_HAL_Driver/Src/stm32f7xx_hal_tim_ex.c **** }
 590:Drivers/STM32F7xx_HAL_Driver/Src/stm32f7xx_hal_tim_ex.c **** 
 591:Drivers/STM32F7xx_HAL_Driver/Src/stm32f7xx_hal_tim_ex.c **** /**
 592:Drivers/STM32F7xx_HAL_Driver/Src/stm32f7xx_hal_tim_ex.c ****   * @}
 593:Drivers/STM32F7xx_HAL_Driver/Src/stm32f7xx_hal_tim_ex.c ****   */
 594:Drivers/STM32F7xx_HAL_Driver/Src/stm32f7xx_hal_tim_ex.c **** 
 595:Drivers/STM32F7xx_HAL_Driver/Src/stm32f7xx_hal_tim_ex.c **** /** @defgroup TIMEx_Exported_Functions_Group2 Extended Timer Complementary Output Compare functions
 596:Drivers/STM32F7xx_HAL_Driver/Src/stm32f7xx_hal_tim_ex.c ****   *  @brief   Timer Complementary Output Compare functions
 597:Drivers/STM32F7xx_HAL_Driver/Src/stm32f7xx_hal_tim_ex.c ****   *
 598:Drivers/STM32F7xx_HAL_Driver/Src/stm32f7xx_hal_tim_ex.c **** @verbatim
 599:Drivers/STM32F7xx_HAL_Driver/Src/stm32f7xx_hal_tim_ex.c ****   ==============================================================================
 600:Drivers/STM32F7xx_HAL_Driver/Src/stm32f7xx_hal_tim_ex.c ****               ##### Timer Complementary Output Compare functions #####
 601:Drivers/STM32F7xx_HAL_Driver/Src/stm32f7xx_hal_tim_ex.c ****   ==============================================================================
ARM GAS  /tmp/ccJkDeps.s 			page 12


 602:Drivers/STM32F7xx_HAL_Driver/Src/stm32f7xx_hal_tim_ex.c ****   [..]
 603:Drivers/STM32F7xx_HAL_Driver/Src/stm32f7xx_hal_tim_ex.c ****     This section provides functions allowing to:
 604:Drivers/STM32F7xx_HAL_Driver/Src/stm32f7xx_hal_tim_ex.c ****     (+) Start the Complementary Output Compare/PWM.
 605:Drivers/STM32F7xx_HAL_Driver/Src/stm32f7xx_hal_tim_ex.c ****     (+) Stop the Complementary Output Compare/PWM.
 606:Drivers/STM32F7xx_HAL_Driver/Src/stm32f7xx_hal_tim_ex.c ****     (+) Start the Complementary Output Compare/PWM and enable interrupts.
 607:Drivers/STM32F7xx_HAL_Driver/Src/stm32f7xx_hal_tim_ex.c ****     (+) Stop the Complementary Output Compare/PWM and disable interrupts.
 608:Drivers/STM32F7xx_HAL_Driver/Src/stm32f7xx_hal_tim_ex.c ****     (+) Start the Complementary Output Compare/PWM and enable DMA transfers.
 609:Drivers/STM32F7xx_HAL_Driver/Src/stm32f7xx_hal_tim_ex.c ****     (+) Stop the Complementary Output Compare/PWM and disable DMA transfers.
 610:Drivers/STM32F7xx_HAL_Driver/Src/stm32f7xx_hal_tim_ex.c **** 
 611:Drivers/STM32F7xx_HAL_Driver/Src/stm32f7xx_hal_tim_ex.c **** @endverbatim
 612:Drivers/STM32F7xx_HAL_Driver/Src/stm32f7xx_hal_tim_ex.c ****   * @{
 613:Drivers/STM32F7xx_HAL_Driver/Src/stm32f7xx_hal_tim_ex.c ****   */
 614:Drivers/STM32F7xx_HAL_Driver/Src/stm32f7xx_hal_tim_ex.c **** 
 615:Drivers/STM32F7xx_HAL_Driver/Src/stm32f7xx_hal_tim_ex.c **** /**
 616:Drivers/STM32F7xx_HAL_Driver/Src/stm32f7xx_hal_tim_ex.c ****   * @brief  Starts the TIM Output Compare signal generation on the complementary
 617:Drivers/STM32F7xx_HAL_Driver/Src/stm32f7xx_hal_tim_ex.c ****   *         output.
 618:Drivers/STM32F7xx_HAL_Driver/Src/stm32f7xx_hal_tim_ex.c ****   * @param  htim TIM Output Compare handle
 619:Drivers/STM32F7xx_HAL_Driver/Src/stm32f7xx_hal_tim_ex.c ****   * @param  Channel TIM Channel to be enabled
 620:Drivers/STM32F7xx_HAL_Driver/Src/stm32f7xx_hal_tim_ex.c ****   *          This parameter can be one of the following values:
 621:Drivers/STM32F7xx_HAL_Driver/Src/stm32f7xx_hal_tim_ex.c ****   *            @arg TIM_CHANNEL_1: TIM Channel 1 selected
 622:Drivers/STM32F7xx_HAL_Driver/Src/stm32f7xx_hal_tim_ex.c ****   *            @arg TIM_CHANNEL_2: TIM Channel 2 selected
 623:Drivers/STM32F7xx_HAL_Driver/Src/stm32f7xx_hal_tim_ex.c ****   *            @arg TIM_CHANNEL_3: TIM Channel 3 selected
 624:Drivers/STM32F7xx_HAL_Driver/Src/stm32f7xx_hal_tim_ex.c ****   * @retval HAL status
 625:Drivers/STM32F7xx_HAL_Driver/Src/stm32f7xx_hal_tim_ex.c ****   */
 626:Drivers/STM32F7xx_HAL_Driver/Src/stm32f7xx_hal_tim_ex.c **** HAL_StatusTypeDef HAL_TIMEx_OCN_Start(TIM_HandleTypeDef *htim, uint32_t Channel)
 627:Drivers/STM32F7xx_HAL_Driver/Src/stm32f7xx_hal_tim_ex.c **** {
 628:Drivers/STM32F7xx_HAL_Driver/Src/stm32f7xx_hal_tim_ex.c ****   uint32_t tmpsmcr;
 629:Drivers/STM32F7xx_HAL_Driver/Src/stm32f7xx_hal_tim_ex.c **** 
 630:Drivers/STM32F7xx_HAL_Driver/Src/stm32f7xx_hal_tim_ex.c ****   /* Check the parameters */
 631:Drivers/STM32F7xx_HAL_Driver/Src/stm32f7xx_hal_tim_ex.c ****   assert_param(IS_TIM_CCXN_INSTANCE(htim->Instance, Channel));
 632:Drivers/STM32F7xx_HAL_Driver/Src/stm32f7xx_hal_tim_ex.c **** 
 633:Drivers/STM32F7xx_HAL_Driver/Src/stm32f7xx_hal_tim_ex.c ****   /* Check the TIM complementary channel state */
 634:Drivers/STM32F7xx_HAL_Driver/Src/stm32f7xx_hal_tim_ex.c ****   if (TIM_CHANNEL_N_STATE_GET(htim, Channel) != HAL_TIM_CHANNEL_STATE_READY)
 635:Drivers/STM32F7xx_HAL_Driver/Src/stm32f7xx_hal_tim_ex.c ****   {
 636:Drivers/STM32F7xx_HAL_Driver/Src/stm32f7xx_hal_tim_ex.c ****     return HAL_ERROR;
 637:Drivers/STM32F7xx_HAL_Driver/Src/stm32f7xx_hal_tim_ex.c ****   }
 638:Drivers/STM32F7xx_HAL_Driver/Src/stm32f7xx_hal_tim_ex.c **** 
 639:Drivers/STM32F7xx_HAL_Driver/Src/stm32f7xx_hal_tim_ex.c ****   /* Set the TIM complementary channel state */
 640:Drivers/STM32F7xx_HAL_Driver/Src/stm32f7xx_hal_tim_ex.c ****   TIM_CHANNEL_N_STATE_SET(htim, Channel, HAL_TIM_CHANNEL_STATE_BUSY);
 641:Drivers/STM32F7xx_HAL_Driver/Src/stm32f7xx_hal_tim_ex.c **** 
 642:Drivers/STM32F7xx_HAL_Driver/Src/stm32f7xx_hal_tim_ex.c ****   /* Enable the Capture compare channel N */
 643:Drivers/STM32F7xx_HAL_Driver/Src/stm32f7xx_hal_tim_ex.c ****   TIM_CCxNChannelCmd(htim->Instance, Channel, TIM_CCxN_ENABLE);
 644:Drivers/STM32F7xx_HAL_Driver/Src/stm32f7xx_hal_tim_ex.c **** 
 645:Drivers/STM32F7xx_HAL_Driver/Src/stm32f7xx_hal_tim_ex.c ****   /* Enable the Main Output */
 646:Drivers/STM32F7xx_HAL_Driver/Src/stm32f7xx_hal_tim_ex.c ****   __HAL_TIM_MOE_ENABLE(htim);
 647:Drivers/STM32F7xx_HAL_Driver/Src/stm32f7xx_hal_tim_ex.c **** 
 648:Drivers/STM32F7xx_HAL_Driver/Src/stm32f7xx_hal_tim_ex.c ****   /* Enable the Peripheral, except in trigger mode where enable is automatically done with trigger 
 649:Drivers/STM32F7xx_HAL_Driver/Src/stm32f7xx_hal_tim_ex.c ****   if (IS_TIM_SLAVE_INSTANCE(htim->Instance))
 650:Drivers/STM32F7xx_HAL_Driver/Src/stm32f7xx_hal_tim_ex.c ****   {
 651:Drivers/STM32F7xx_HAL_Driver/Src/stm32f7xx_hal_tim_ex.c ****     tmpsmcr = htim->Instance->SMCR & TIM_SMCR_SMS;
 652:Drivers/STM32F7xx_HAL_Driver/Src/stm32f7xx_hal_tim_ex.c ****     if (!IS_TIM_SLAVEMODE_TRIGGER_ENABLED(tmpsmcr))
 653:Drivers/STM32F7xx_HAL_Driver/Src/stm32f7xx_hal_tim_ex.c ****     {
 654:Drivers/STM32F7xx_HAL_Driver/Src/stm32f7xx_hal_tim_ex.c ****       __HAL_TIM_ENABLE(htim);
 655:Drivers/STM32F7xx_HAL_Driver/Src/stm32f7xx_hal_tim_ex.c ****     }
 656:Drivers/STM32F7xx_HAL_Driver/Src/stm32f7xx_hal_tim_ex.c ****   }
 657:Drivers/STM32F7xx_HAL_Driver/Src/stm32f7xx_hal_tim_ex.c ****   else
 658:Drivers/STM32F7xx_HAL_Driver/Src/stm32f7xx_hal_tim_ex.c ****   {
ARM GAS  /tmp/ccJkDeps.s 			page 13


 659:Drivers/STM32F7xx_HAL_Driver/Src/stm32f7xx_hal_tim_ex.c ****     __HAL_TIM_ENABLE(htim);
 660:Drivers/STM32F7xx_HAL_Driver/Src/stm32f7xx_hal_tim_ex.c ****   }
 661:Drivers/STM32F7xx_HAL_Driver/Src/stm32f7xx_hal_tim_ex.c **** 
 662:Drivers/STM32F7xx_HAL_Driver/Src/stm32f7xx_hal_tim_ex.c ****   /* Return function status */
 663:Drivers/STM32F7xx_HAL_Driver/Src/stm32f7xx_hal_tim_ex.c ****   return HAL_OK;
 664:Drivers/STM32F7xx_HAL_Driver/Src/stm32f7xx_hal_tim_ex.c **** }
 665:Drivers/STM32F7xx_HAL_Driver/Src/stm32f7xx_hal_tim_ex.c **** 
 666:Drivers/STM32F7xx_HAL_Driver/Src/stm32f7xx_hal_tim_ex.c **** /**
 667:Drivers/STM32F7xx_HAL_Driver/Src/stm32f7xx_hal_tim_ex.c ****   * @brief  Stops the TIM Output Compare signal generation on the complementary
 668:Drivers/STM32F7xx_HAL_Driver/Src/stm32f7xx_hal_tim_ex.c ****   *         output.
 669:Drivers/STM32F7xx_HAL_Driver/Src/stm32f7xx_hal_tim_ex.c ****   * @param  htim TIM handle
 670:Drivers/STM32F7xx_HAL_Driver/Src/stm32f7xx_hal_tim_ex.c ****   * @param  Channel TIM Channel to be disabled
 671:Drivers/STM32F7xx_HAL_Driver/Src/stm32f7xx_hal_tim_ex.c ****   *          This parameter can be one of the following values:
 672:Drivers/STM32F7xx_HAL_Driver/Src/stm32f7xx_hal_tim_ex.c ****   *            @arg TIM_CHANNEL_1: TIM Channel 1 selected
 673:Drivers/STM32F7xx_HAL_Driver/Src/stm32f7xx_hal_tim_ex.c ****   *            @arg TIM_CHANNEL_2: TIM Channel 2 selected
 674:Drivers/STM32F7xx_HAL_Driver/Src/stm32f7xx_hal_tim_ex.c ****   *            @arg TIM_CHANNEL_3: TIM Channel 3 selected
 675:Drivers/STM32F7xx_HAL_Driver/Src/stm32f7xx_hal_tim_ex.c ****   * @retval HAL status
 676:Drivers/STM32F7xx_HAL_Driver/Src/stm32f7xx_hal_tim_ex.c ****   */
 677:Drivers/STM32F7xx_HAL_Driver/Src/stm32f7xx_hal_tim_ex.c **** HAL_StatusTypeDef HAL_TIMEx_OCN_Stop(TIM_HandleTypeDef *htim, uint32_t Channel)
 678:Drivers/STM32F7xx_HAL_Driver/Src/stm32f7xx_hal_tim_ex.c **** {
 679:Drivers/STM32F7xx_HAL_Driver/Src/stm32f7xx_hal_tim_ex.c ****   /* Check the parameters */
 680:Drivers/STM32F7xx_HAL_Driver/Src/stm32f7xx_hal_tim_ex.c ****   assert_param(IS_TIM_CCXN_INSTANCE(htim->Instance, Channel));
 681:Drivers/STM32F7xx_HAL_Driver/Src/stm32f7xx_hal_tim_ex.c **** 
 682:Drivers/STM32F7xx_HAL_Driver/Src/stm32f7xx_hal_tim_ex.c ****   /* Disable the Capture compare channel N */
 683:Drivers/STM32F7xx_HAL_Driver/Src/stm32f7xx_hal_tim_ex.c ****   TIM_CCxNChannelCmd(htim->Instance, Channel, TIM_CCxN_DISABLE);
 684:Drivers/STM32F7xx_HAL_Driver/Src/stm32f7xx_hal_tim_ex.c **** 
 685:Drivers/STM32F7xx_HAL_Driver/Src/stm32f7xx_hal_tim_ex.c ****   /* Disable the Main Output */
 686:Drivers/STM32F7xx_HAL_Driver/Src/stm32f7xx_hal_tim_ex.c ****   __HAL_TIM_MOE_DISABLE(htim);
 687:Drivers/STM32F7xx_HAL_Driver/Src/stm32f7xx_hal_tim_ex.c **** 
 688:Drivers/STM32F7xx_HAL_Driver/Src/stm32f7xx_hal_tim_ex.c ****   /* Disable the Peripheral */
 689:Drivers/STM32F7xx_HAL_Driver/Src/stm32f7xx_hal_tim_ex.c ****   __HAL_TIM_DISABLE(htim);
 690:Drivers/STM32F7xx_HAL_Driver/Src/stm32f7xx_hal_tim_ex.c **** 
 691:Drivers/STM32F7xx_HAL_Driver/Src/stm32f7xx_hal_tim_ex.c ****   /* Set the TIM complementary channel state */
 692:Drivers/STM32F7xx_HAL_Driver/Src/stm32f7xx_hal_tim_ex.c ****   TIM_CHANNEL_N_STATE_SET(htim, Channel, HAL_TIM_CHANNEL_STATE_READY);
 693:Drivers/STM32F7xx_HAL_Driver/Src/stm32f7xx_hal_tim_ex.c **** 
 694:Drivers/STM32F7xx_HAL_Driver/Src/stm32f7xx_hal_tim_ex.c ****   /* Return function status */
 695:Drivers/STM32F7xx_HAL_Driver/Src/stm32f7xx_hal_tim_ex.c ****   return HAL_OK;
 696:Drivers/STM32F7xx_HAL_Driver/Src/stm32f7xx_hal_tim_ex.c **** }
 697:Drivers/STM32F7xx_HAL_Driver/Src/stm32f7xx_hal_tim_ex.c **** 
 698:Drivers/STM32F7xx_HAL_Driver/Src/stm32f7xx_hal_tim_ex.c **** /**
 699:Drivers/STM32F7xx_HAL_Driver/Src/stm32f7xx_hal_tim_ex.c ****   * @brief  Starts the TIM Output Compare signal generation in interrupt mode
 700:Drivers/STM32F7xx_HAL_Driver/Src/stm32f7xx_hal_tim_ex.c ****   *         on the complementary output.
 701:Drivers/STM32F7xx_HAL_Driver/Src/stm32f7xx_hal_tim_ex.c ****   * @param  htim TIM OC handle
 702:Drivers/STM32F7xx_HAL_Driver/Src/stm32f7xx_hal_tim_ex.c ****   * @param  Channel TIM Channel to be enabled
 703:Drivers/STM32F7xx_HAL_Driver/Src/stm32f7xx_hal_tim_ex.c ****   *          This parameter can be one of the following values:
 704:Drivers/STM32F7xx_HAL_Driver/Src/stm32f7xx_hal_tim_ex.c ****   *            @arg TIM_CHANNEL_1: TIM Channel 1 selected
 705:Drivers/STM32F7xx_HAL_Driver/Src/stm32f7xx_hal_tim_ex.c ****   *            @arg TIM_CHANNEL_2: TIM Channel 2 selected
 706:Drivers/STM32F7xx_HAL_Driver/Src/stm32f7xx_hal_tim_ex.c ****   *            @arg TIM_CHANNEL_3: TIM Channel 3 selected
 707:Drivers/STM32F7xx_HAL_Driver/Src/stm32f7xx_hal_tim_ex.c ****   * @retval HAL status
 708:Drivers/STM32F7xx_HAL_Driver/Src/stm32f7xx_hal_tim_ex.c ****   */
 709:Drivers/STM32F7xx_HAL_Driver/Src/stm32f7xx_hal_tim_ex.c **** HAL_StatusTypeDef HAL_TIMEx_OCN_Start_IT(TIM_HandleTypeDef *htim, uint32_t Channel)
 710:Drivers/STM32F7xx_HAL_Driver/Src/stm32f7xx_hal_tim_ex.c **** {
 711:Drivers/STM32F7xx_HAL_Driver/Src/stm32f7xx_hal_tim_ex.c ****   HAL_StatusTypeDef status = HAL_OK;
 712:Drivers/STM32F7xx_HAL_Driver/Src/stm32f7xx_hal_tim_ex.c ****   uint32_t tmpsmcr;
 713:Drivers/STM32F7xx_HAL_Driver/Src/stm32f7xx_hal_tim_ex.c **** 
 714:Drivers/STM32F7xx_HAL_Driver/Src/stm32f7xx_hal_tim_ex.c ****   /* Check the parameters */
 715:Drivers/STM32F7xx_HAL_Driver/Src/stm32f7xx_hal_tim_ex.c ****   assert_param(IS_TIM_CCXN_INSTANCE(htim->Instance, Channel));
ARM GAS  /tmp/ccJkDeps.s 			page 14


 716:Drivers/STM32F7xx_HAL_Driver/Src/stm32f7xx_hal_tim_ex.c **** 
 717:Drivers/STM32F7xx_HAL_Driver/Src/stm32f7xx_hal_tim_ex.c ****   /* Check the TIM complementary channel state */
 718:Drivers/STM32F7xx_HAL_Driver/Src/stm32f7xx_hal_tim_ex.c ****   if (TIM_CHANNEL_N_STATE_GET(htim, Channel) != HAL_TIM_CHANNEL_STATE_READY)
 719:Drivers/STM32F7xx_HAL_Driver/Src/stm32f7xx_hal_tim_ex.c ****   {
 720:Drivers/STM32F7xx_HAL_Driver/Src/stm32f7xx_hal_tim_ex.c ****     return HAL_ERROR;
 721:Drivers/STM32F7xx_HAL_Driver/Src/stm32f7xx_hal_tim_ex.c ****   }
 722:Drivers/STM32F7xx_HAL_Driver/Src/stm32f7xx_hal_tim_ex.c **** 
 723:Drivers/STM32F7xx_HAL_Driver/Src/stm32f7xx_hal_tim_ex.c ****   /* Set the TIM complementary channel state */
 724:Drivers/STM32F7xx_HAL_Driver/Src/stm32f7xx_hal_tim_ex.c ****   TIM_CHANNEL_N_STATE_SET(htim, Channel, HAL_TIM_CHANNEL_STATE_BUSY);
 725:Drivers/STM32F7xx_HAL_Driver/Src/stm32f7xx_hal_tim_ex.c **** 
 726:Drivers/STM32F7xx_HAL_Driver/Src/stm32f7xx_hal_tim_ex.c ****   switch (Channel)
 727:Drivers/STM32F7xx_HAL_Driver/Src/stm32f7xx_hal_tim_ex.c ****   {
 728:Drivers/STM32F7xx_HAL_Driver/Src/stm32f7xx_hal_tim_ex.c ****     case TIM_CHANNEL_1:
 729:Drivers/STM32F7xx_HAL_Driver/Src/stm32f7xx_hal_tim_ex.c ****     {
 730:Drivers/STM32F7xx_HAL_Driver/Src/stm32f7xx_hal_tim_ex.c ****       /* Enable the TIM Output Compare interrupt */
 731:Drivers/STM32F7xx_HAL_Driver/Src/stm32f7xx_hal_tim_ex.c ****       __HAL_TIM_ENABLE_IT(htim, TIM_IT_CC1);
 732:Drivers/STM32F7xx_HAL_Driver/Src/stm32f7xx_hal_tim_ex.c ****       break;
 733:Drivers/STM32F7xx_HAL_Driver/Src/stm32f7xx_hal_tim_ex.c ****     }
 734:Drivers/STM32F7xx_HAL_Driver/Src/stm32f7xx_hal_tim_ex.c **** 
 735:Drivers/STM32F7xx_HAL_Driver/Src/stm32f7xx_hal_tim_ex.c ****     case TIM_CHANNEL_2:
 736:Drivers/STM32F7xx_HAL_Driver/Src/stm32f7xx_hal_tim_ex.c ****     {
 737:Drivers/STM32F7xx_HAL_Driver/Src/stm32f7xx_hal_tim_ex.c ****       /* Enable the TIM Output Compare interrupt */
 738:Drivers/STM32F7xx_HAL_Driver/Src/stm32f7xx_hal_tim_ex.c ****       __HAL_TIM_ENABLE_IT(htim, TIM_IT_CC2);
 739:Drivers/STM32F7xx_HAL_Driver/Src/stm32f7xx_hal_tim_ex.c ****       break;
 740:Drivers/STM32F7xx_HAL_Driver/Src/stm32f7xx_hal_tim_ex.c ****     }
 741:Drivers/STM32F7xx_HAL_Driver/Src/stm32f7xx_hal_tim_ex.c **** 
 742:Drivers/STM32F7xx_HAL_Driver/Src/stm32f7xx_hal_tim_ex.c ****     case TIM_CHANNEL_3:
 743:Drivers/STM32F7xx_HAL_Driver/Src/stm32f7xx_hal_tim_ex.c ****     {
 744:Drivers/STM32F7xx_HAL_Driver/Src/stm32f7xx_hal_tim_ex.c ****       /* Enable the TIM Output Compare interrupt */
 745:Drivers/STM32F7xx_HAL_Driver/Src/stm32f7xx_hal_tim_ex.c ****       __HAL_TIM_ENABLE_IT(htim, TIM_IT_CC3);
 746:Drivers/STM32F7xx_HAL_Driver/Src/stm32f7xx_hal_tim_ex.c ****       break;
 747:Drivers/STM32F7xx_HAL_Driver/Src/stm32f7xx_hal_tim_ex.c ****     }
 748:Drivers/STM32F7xx_HAL_Driver/Src/stm32f7xx_hal_tim_ex.c **** 
 749:Drivers/STM32F7xx_HAL_Driver/Src/stm32f7xx_hal_tim_ex.c **** 
 750:Drivers/STM32F7xx_HAL_Driver/Src/stm32f7xx_hal_tim_ex.c ****     default:
 751:Drivers/STM32F7xx_HAL_Driver/Src/stm32f7xx_hal_tim_ex.c ****       status = HAL_ERROR;
 752:Drivers/STM32F7xx_HAL_Driver/Src/stm32f7xx_hal_tim_ex.c ****       break;
 753:Drivers/STM32F7xx_HAL_Driver/Src/stm32f7xx_hal_tim_ex.c ****   }
 754:Drivers/STM32F7xx_HAL_Driver/Src/stm32f7xx_hal_tim_ex.c **** 
 755:Drivers/STM32F7xx_HAL_Driver/Src/stm32f7xx_hal_tim_ex.c ****   if (status == HAL_OK)
 756:Drivers/STM32F7xx_HAL_Driver/Src/stm32f7xx_hal_tim_ex.c ****   {
 757:Drivers/STM32F7xx_HAL_Driver/Src/stm32f7xx_hal_tim_ex.c ****     /* Enable the TIM Break interrupt */
 758:Drivers/STM32F7xx_HAL_Driver/Src/stm32f7xx_hal_tim_ex.c ****     __HAL_TIM_ENABLE_IT(htim, TIM_IT_BREAK);
 759:Drivers/STM32F7xx_HAL_Driver/Src/stm32f7xx_hal_tim_ex.c **** 
 760:Drivers/STM32F7xx_HAL_Driver/Src/stm32f7xx_hal_tim_ex.c ****     /* Enable the Capture compare channel N */
 761:Drivers/STM32F7xx_HAL_Driver/Src/stm32f7xx_hal_tim_ex.c ****     TIM_CCxNChannelCmd(htim->Instance, Channel, TIM_CCxN_ENABLE);
 762:Drivers/STM32F7xx_HAL_Driver/Src/stm32f7xx_hal_tim_ex.c **** 
 763:Drivers/STM32F7xx_HAL_Driver/Src/stm32f7xx_hal_tim_ex.c ****     /* Enable the Main Output */
 764:Drivers/STM32F7xx_HAL_Driver/Src/stm32f7xx_hal_tim_ex.c ****     __HAL_TIM_MOE_ENABLE(htim);
 765:Drivers/STM32F7xx_HAL_Driver/Src/stm32f7xx_hal_tim_ex.c **** 
 766:Drivers/STM32F7xx_HAL_Driver/Src/stm32f7xx_hal_tim_ex.c ****     /* Enable the Peripheral, except in trigger mode where enable is automatically done with trigge
 767:Drivers/STM32F7xx_HAL_Driver/Src/stm32f7xx_hal_tim_ex.c ****     if (IS_TIM_SLAVE_INSTANCE(htim->Instance))
 768:Drivers/STM32F7xx_HAL_Driver/Src/stm32f7xx_hal_tim_ex.c ****     {
 769:Drivers/STM32F7xx_HAL_Driver/Src/stm32f7xx_hal_tim_ex.c ****       tmpsmcr = htim->Instance->SMCR & TIM_SMCR_SMS;
 770:Drivers/STM32F7xx_HAL_Driver/Src/stm32f7xx_hal_tim_ex.c ****       if (!IS_TIM_SLAVEMODE_TRIGGER_ENABLED(tmpsmcr))
 771:Drivers/STM32F7xx_HAL_Driver/Src/stm32f7xx_hal_tim_ex.c ****       {
 772:Drivers/STM32F7xx_HAL_Driver/Src/stm32f7xx_hal_tim_ex.c ****         __HAL_TIM_ENABLE(htim);
ARM GAS  /tmp/ccJkDeps.s 			page 15


 773:Drivers/STM32F7xx_HAL_Driver/Src/stm32f7xx_hal_tim_ex.c ****       }
 774:Drivers/STM32F7xx_HAL_Driver/Src/stm32f7xx_hal_tim_ex.c ****     }
 775:Drivers/STM32F7xx_HAL_Driver/Src/stm32f7xx_hal_tim_ex.c ****     else
 776:Drivers/STM32F7xx_HAL_Driver/Src/stm32f7xx_hal_tim_ex.c ****     {
 777:Drivers/STM32F7xx_HAL_Driver/Src/stm32f7xx_hal_tim_ex.c ****       __HAL_TIM_ENABLE(htim);
 778:Drivers/STM32F7xx_HAL_Driver/Src/stm32f7xx_hal_tim_ex.c ****     }
 779:Drivers/STM32F7xx_HAL_Driver/Src/stm32f7xx_hal_tim_ex.c ****   }
 780:Drivers/STM32F7xx_HAL_Driver/Src/stm32f7xx_hal_tim_ex.c **** 
 781:Drivers/STM32F7xx_HAL_Driver/Src/stm32f7xx_hal_tim_ex.c ****   /* Return function status */
 782:Drivers/STM32F7xx_HAL_Driver/Src/stm32f7xx_hal_tim_ex.c ****   return status;
 783:Drivers/STM32F7xx_HAL_Driver/Src/stm32f7xx_hal_tim_ex.c **** }
 784:Drivers/STM32F7xx_HAL_Driver/Src/stm32f7xx_hal_tim_ex.c **** 
 785:Drivers/STM32F7xx_HAL_Driver/Src/stm32f7xx_hal_tim_ex.c **** /**
 786:Drivers/STM32F7xx_HAL_Driver/Src/stm32f7xx_hal_tim_ex.c ****   * @brief  Stops the TIM Output Compare signal generation in interrupt mode
 787:Drivers/STM32F7xx_HAL_Driver/Src/stm32f7xx_hal_tim_ex.c ****   *         on the complementary output.
 788:Drivers/STM32F7xx_HAL_Driver/Src/stm32f7xx_hal_tim_ex.c ****   * @param  htim TIM Output Compare handle
 789:Drivers/STM32F7xx_HAL_Driver/Src/stm32f7xx_hal_tim_ex.c ****   * @param  Channel TIM Channel to be disabled
 790:Drivers/STM32F7xx_HAL_Driver/Src/stm32f7xx_hal_tim_ex.c ****   *          This parameter can be one of the following values:
 791:Drivers/STM32F7xx_HAL_Driver/Src/stm32f7xx_hal_tim_ex.c ****   *            @arg TIM_CHANNEL_1: TIM Channel 1 selected
 792:Drivers/STM32F7xx_HAL_Driver/Src/stm32f7xx_hal_tim_ex.c ****   *            @arg TIM_CHANNEL_2: TIM Channel 2 selected
 793:Drivers/STM32F7xx_HAL_Driver/Src/stm32f7xx_hal_tim_ex.c ****   *            @arg TIM_CHANNEL_3: TIM Channel 3 selected
 794:Drivers/STM32F7xx_HAL_Driver/Src/stm32f7xx_hal_tim_ex.c ****   * @retval HAL status
 795:Drivers/STM32F7xx_HAL_Driver/Src/stm32f7xx_hal_tim_ex.c ****   */
 796:Drivers/STM32F7xx_HAL_Driver/Src/stm32f7xx_hal_tim_ex.c **** HAL_StatusTypeDef HAL_TIMEx_OCN_Stop_IT(TIM_HandleTypeDef *htim, uint32_t Channel)
 797:Drivers/STM32F7xx_HAL_Driver/Src/stm32f7xx_hal_tim_ex.c **** {
 798:Drivers/STM32F7xx_HAL_Driver/Src/stm32f7xx_hal_tim_ex.c ****   HAL_StatusTypeDef status = HAL_OK;
 799:Drivers/STM32F7xx_HAL_Driver/Src/stm32f7xx_hal_tim_ex.c ****   uint32_t tmpccer;
 800:Drivers/STM32F7xx_HAL_Driver/Src/stm32f7xx_hal_tim_ex.c **** 
 801:Drivers/STM32F7xx_HAL_Driver/Src/stm32f7xx_hal_tim_ex.c ****   /* Check the parameters */
 802:Drivers/STM32F7xx_HAL_Driver/Src/stm32f7xx_hal_tim_ex.c ****   assert_param(IS_TIM_CCXN_INSTANCE(htim->Instance, Channel));
 803:Drivers/STM32F7xx_HAL_Driver/Src/stm32f7xx_hal_tim_ex.c **** 
 804:Drivers/STM32F7xx_HAL_Driver/Src/stm32f7xx_hal_tim_ex.c ****   switch (Channel)
 805:Drivers/STM32F7xx_HAL_Driver/Src/stm32f7xx_hal_tim_ex.c ****   {
 806:Drivers/STM32F7xx_HAL_Driver/Src/stm32f7xx_hal_tim_ex.c ****     case TIM_CHANNEL_1:
 807:Drivers/STM32F7xx_HAL_Driver/Src/stm32f7xx_hal_tim_ex.c ****     {
 808:Drivers/STM32F7xx_HAL_Driver/Src/stm32f7xx_hal_tim_ex.c ****       /* Disable the TIM Output Compare interrupt */
 809:Drivers/STM32F7xx_HAL_Driver/Src/stm32f7xx_hal_tim_ex.c ****       __HAL_TIM_DISABLE_IT(htim, TIM_IT_CC1);
 810:Drivers/STM32F7xx_HAL_Driver/Src/stm32f7xx_hal_tim_ex.c ****       break;
 811:Drivers/STM32F7xx_HAL_Driver/Src/stm32f7xx_hal_tim_ex.c ****     }
 812:Drivers/STM32F7xx_HAL_Driver/Src/stm32f7xx_hal_tim_ex.c **** 
 813:Drivers/STM32F7xx_HAL_Driver/Src/stm32f7xx_hal_tim_ex.c ****     case TIM_CHANNEL_2:
 814:Drivers/STM32F7xx_HAL_Driver/Src/stm32f7xx_hal_tim_ex.c ****     {
 815:Drivers/STM32F7xx_HAL_Driver/Src/stm32f7xx_hal_tim_ex.c ****       /* Disable the TIM Output Compare interrupt */
 816:Drivers/STM32F7xx_HAL_Driver/Src/stm32f7xx_hal_tim_ex.c ****       __HAL_TIM_DISABLE_IT(htim, TIM_IT_CC2);
 817:Drivers/STM32F7xx_HAL_Driver/Src/stm32f7xx_hal_tim_ex.c ****       break;
 818:Drivers/STM32F7xx_HAL_Driver/Src/stm32f7xx_hal_tim_ex.c ****     }
 819:Drivers/STM32F7xx_HAL_Driver/Src/stm32f7xx_hal_tim_ex.c **** 
 820:Drivers/STM32F7xx_HAL_Driver/Src/stm32f7xx_hal_tim_ex.c ****     case TIM_CHANNEL_3:
 821:Drivers/STM32F7xx_HAL_Driver/Src/stm32f7xx_hal_tim_ex.c ****     {
 822:Drivers/STM32F7xx_HAL_Driver/Src/stm32f7xx_hal_tim_ex.c ****       /* Disable the TIM Output Compare interrupt */
 823:Drivers/STM32F7xx_HAL_Driver/Src/stm32f7xx_hal_tim_ex.c ****       __HAL_TIM_DISABLE_IT(htim, TIM_IT_CC3);
 824:Drivers/STM32F7xx_HAL_Driver/Src/stm32f7xx_hal_tim_ex.c ****       break;
 825:Drivers/STM32F7xx_HAL_Driver/Src/stm32f7xx_hal_tim_ex.c ****     }
 826:Drivers/STM32F7xx_HAL_Driver/Src/stm32f7xx_hal_tim_ex.c **** 
 827:Drivers/STM32F7xx_HAL_Driver/Src/stm32f7xx_hal_tim_ex.c ****     default:
 828:Drivers/STM32F7xx_HAL_Driver/Src/stm32f7xx_hal_tim_ex.c ****       status = HAL_ERROR;
 829:Drivers/STM32F7xx_HAL_Driver/Src/stm32f7xx_hal_tim_ex.c ****       break;
ARM GAS  /tmp/ccJkDeps.s 			page 16


 830:Drivers/STM32F7xx_HAL_Driver/Src/stm32f7xx_hal_tim_ex.c ****   }
 831:Drivers/STM32F7xx_HAL_Driver/Src/stm32f7xx_hal_tim_ex.c **** 
 832:Drivers/STM32F7xx_HAL_Driver/Src/stm32f7xx_hal_tim_ex.c ****   if (status == HAL_OK)
 833:Drivers/STM32F7xx_HAL_Driver/Src/stm32f7xx_hal_tim_ex.c ****   {
 834:Drivers/STM32F7xx_HAL_Driver/Src/stm32f7xx_hal_tim_ex.c ****     /* Disable the Capture compare channel N */
 835:Drivers/STM32F7xx_HAL_Driver/Src/stm32f7xx_hal_tim_ex.c ****     TIM_CCxNChannelCmd(htim->Instance, Channel, TIM_CCxN_DISABLE);
 836:Drivers/STM32F7xx_HAL_Driver/Src/stm32f7xx_hal_tim_ex.c **** 
 837:Drivers/STM32F7xx_HAL_Driver/Src/stm32f7xx_hal_tim_ex.c ****     /* Disable the TIM Break interrupt (only if no more channel is active) */
 838:Drivers/STM32F7xx_HAL_Driver/Src/stm32f7xx_hal_tim_ex.c ****     tmpccer = htim->Instance->CCER;
 839:Drivers/STM32F7xx_HAL_Driver/Src/stm32f7xx_hal_tim_ex.c ****     if ((tmpccer & (TIM_CCER_CC1NE | TIM_CCER_CC2NE | TIM_CCER_CC3NE)) == (uint32_t)RESET)
 840:Drivers/STM32F7xx_HAL_Driver/Src/stm32f7xx_hal_tim_ex.c ****     {
 841:Drivers/STM32F7xx_HAL_Driver/Src/stm32f7xx_hal_tim_ex.c ****       __HAL_TIM_DISABLE_IT(htim, TIM_IT_BREAK);
 842:Drivers/STM32F7xx_HAL_Driver/Src/stm32f7xx_hal_tim_ex.c ****     }
 843:Drivers/STM32F7xx_HAL_Driver/Src/stm32f7xx_hal_tim_ex.c **** 
 844:Drivers/STM32F7xx_HAL_Driver/Src/stm32f7xx_hal_tim_ex.c ****     /* Disable the Main Output */
 845:Drivers/STM32F7xx_HAL_Driver/Src/stm32f7xx_hal_tim_ex.c ****     __HAL_TIM_MOE_DISABLE(htim);
 846:Drivers/STM32F7xx_HAL_Driver/Src/stm32f7xx_hal_tim_ex.c **** 
 847:Drivers/STM32F7xx_HAL_Driver/Src/stm32f7xx_hal_tim_ex.c ****     /* Disable the Peripheral */
 848:Drivers/STM32F7xx_HAL_Driver/Src/stm32f7xx_hal_tim_ex.c ****     __HAL_TIM_DISABLE(htim);
 849:Drivers/STM32F7xx_HAL_Driver/Src/stm32f7xx_hal_tim_ex.c **** 
 850:Drivers/STM32F7xx_HAL_Driver/Src/stm32f7xx_hal_tim_ex.c ****     /* Set the TIM complementary channel state */
 851:Drivers/STM32F7xx_HAL_Driver/Src/stm32f7xx_hal_tim_ex.c ****     TIM_CHANNEL_N_STATE_SET(htim, Channel, HAL_TIM_CHANNEL_STATE_READY);
 852:Drivers/STM32F7xx_HAL_Driver/Src/stm32f7xx_hal_tim_ex.c ****   }
 853:Drivers/STM32F7xx_HAL_Driver/Src/stm32f7xx_hal_tim_ex.c **** 
 854:Drivers/STM32F7xx_HAL_Driver/Src/stm32f7xx_hal_tim_ex.c ****   /* Return function status */
 855:Drivers/STM32F7xx_HAL_Driver/Src/stm32f7xx_hal_tim_ex.c ****   return status;
 856:Drivers/STM32F7xx_HAL_Driver/Src/stm32f7xx_hal_tim_ex.c **** }
 857:Drivers/STM32F7xx_HAL_Driver/Src/stm32f7xx_hal_tim_ex.c **** 
 858:Drivers/STM32F7xx_HAL_Driver/Src/stm32f7xx_hal_tim_ex.c **** /**
 859:Drivers/STM32F7xx_HAL_Driver/Src/stm32f7xx_hal_tim_ex.c ****   * @brief  Starts the TIM Output Compare signal generation in DMA mode
 860:Drivers/STM32F7xx_HAL_Driver/Src/stm32f7xx_hal_tim_ex.c ****   *         on the complementary output.
 861:Drivers/STM32F7xx_HAL_Driver/Src/stm32f7xx_hal_tim_ex.c ****   * @param  htim TIM Output Compare handle
 862:Drivers/STM32F7xx_HAL_Driver/Src/stm32f7xx_hal_tim_ex.c ****   * @param  Channel TIM Channel to be enabled
 863:Drivers/STM32F7xx_HAL_Driver/Src/stm32f7xx_hal_tim_ex.c ****   *          This parameter can be one of the following values:
 864:Drivers/STM32F7xx_HAL_Driver/Src/stm32f7xx_hal_tim_ex.c ****   *            @arg TIM_CHANNEL_1: TIM Channel 1 selected
 865:Drivers/STM32F7xx_HAL_Driver/Src/stm32f7xx_hal_tim_ex.c ****   *            @arg TIM_CHANNEL_2: TIM Channel 2 selected
 866:Drivers/STM32F7xx_HAL_Driver/Src/stm32f7xx_hal_tim_ex.c ****   *            @arg TIM_CHANNEL_3: TIM Channel 3 selected
 867:Drivers/STM32F7xx_HAL_Driver/Src/stm32f7xx_hal_tim_ex.c ****   * @param  pData The source Buffer address.
 868:Drivers/STM32F7xx_HAL_Driver/Src/stm32f7xx_hal_tim_ex.c ****   * @param  Length The length of data to be transferred from memory to TIM peripheral
 869:Drivers/STM32F7xx_HAL_Driver/Src/stm32f7xx_hal_tim_ex.c ****   * @retval HAL status
 870:Drivers/STM32F7xx_HAL_Driver/Src/stm32f7xx_hal_tim_ex.c ****   */
 871:Drivers/STM32F7xx_HAL_Driver/Src/stm32f7xx_hal_tim_ex.c **** HAL_StatusTypeDef HAL_TIMEx_OCN_Start_DMA(TIM_HandleTypeDef *htim, uint32_t Channel, const uint32_t
 872:Drivers/STM32F7xx_HAL_Driver/Src/stm32f7xx_hal_tim_ex.c ****                                           uint16_t Length)
 873:Drivers/STM32F7xx_HAL_Driver/Src/stm32f7xx_hal_tim_ex.c **** {
 874:Drivers/STM32F7xx_HAL_Driver/Src/stm32f7xx_hal_tim_ex.c ****   HAL_StatusTypeDef status = HAL_OK;
 875:Drivers/STM32F7xx_HAL_Driver/Src/stm32f7xx_hal_tim_ex.c ****   uint32_t tmpsmcr;
 876:Drivers/STM32F7xx_HAL_Driver/Src/stm32f7xx_hal_tim_ex.c **** 
 877:Drivers/STM32F7xx_HAL_Driver/Src/stm32f7xx_hal_tim_ex.c ****   /* Check the parameters */
 878:Drivers/STM32F7xx_HAL_Driver/Src/stm32f7xx_hal_tim_ex.c ****   assert_param(IS_TIM_CCXN_INSTANCE(htim->Instance, Channel));
 879:Drivers/STM32F7xx_HAL_Driver/Src/stm32f7xx_hal_tim_ex.c **** 
 880:Drivers/STM32F7xx_HAL_Driver/Src/stm32f7xx_hal_tim_ex.c ****   /* Set the TIM complementary channel state */
 881:Drivers/STM32F7xx_HAL_Driver/Src/stm32f7xx_hal_tim_ex.c ****   if (TIM_CHANNEL_N_STATE_GET(htim, Channel) == HAL_TIM_CHANNEL_STATE_BUSY)
 882:Drivers/STM32F7xx_HAL_Driver/Src/stm32f7xx_hal_tim_ex.c ****   {
 883:Drivers/STM32F7xx_HAL_Driver/Src/stm32f7xx_hal_tim_ex.c ****     return HAL_BUSY;
 884:Drivers/STM32F7xx_HAL_Driver/Src/stm32f7xx_hal_tim_ex.c ****   }
 885:Drivers/STM32F7xx_HAL_Driver/Src/stm32f7xx_hal_tim_ex.c ****   else if (TIM_CHANNEL_N_STATE_GET(htim, Channel) == HAL_TIM_CHANNEL_STATE_READY)
 886:Drivers/STM32F7xx_HAL_Driver/Src/stm32f7xx_hal_tim_ex.c ****   {
ARM GAS  /tmp/ccJkDeps.s 			page 17


 887:Drivers/STM32F7xx_HAL_Driver/Src/stm32f7xx_hal_tim_ex.c ****     if ((pData == NULL) || (Length == 0U))
 888:Drivers/STM32F7xx_HAL_Driver/Src/stm32f7xx_hal_tim_ex.c ****     {
 889:Drivers/STM32F7xx_HAL_Driver/Src/stm32f7xx_hal_tim_ex.c ****       return HAL_ERROR;
 890:Drivers/STM32F7xx_HAL_Driver/Src/stm32f7xx_hal_tim_ex.c ****     }
 891:Drivers/STM32F7xx_HAL_Driver/Src/stm32f7xx_hal_tim_ex.c ****     else
 892:Drivers/STM32F7xx_HAL_Driver/Src/stm32f7xx_hal_tim_ex.c ****     {
 893:Drivers/STM32F7xx_HAL_Driver/Src/stm32f7xx_hal_tim_ex.c ****       TIM_CHANNEL_N_STATE_SET(htim, Channel, HAL_TIM_CHANNEL_STATE_BUSY);
 894:Drivers/STM32F7xx_HAL_Driver/Src/stm32f7xx_hal_tim_ex.c ****     }
 895:Drivers/STM32F7xx_HAL_Driver/Src/stm32f7xx_hal_tim_ex.c ****   }
 896:Drivers/STM32F7xx_HAL_Driver/Src/stm32f7xx_hal_tim_ex.c ****   else
 897:Drivers/STM32F7xx_HAL_Driver/Src/stm32f7xx_hal_tim_ex.c ****   {
 898:Drivers/STM32F7xx_HAL_Driver/Src/stm32f7xx_hal_tim_ex.c ****     return HAL_ERROR;
 899:Drivers/STM32F7xx_HAL_Driver/Src/stm32f7xx_hal_tim_ex.c ****   }
 900:Drivers/STM32F7xx_HAL_Driver/Src/stm32f7xx_hal_tim_ex.c **** 
 901:Drivers/STM32F7xx_HAL_Driver/Src/stm32f7xx_hal_tim_ex.c ****   switch (Channel)
 902:Drivers/STM32F7xx_HAL_Driver/Src/stm32f7xx_hal_tim_ex.c ****   {
 903:Drivers/STM32F7xx_HAL_Driver/Src/stm32f7xx_hal_tim_ex.c ****     case TIM_CHANNEL_1:
 904:Drivers/STM32F7xx_HAL_Driver/Src/stm32f7xx_hal_tim_ex.c ****     {
 905:Drivers/STM32F7xx_HAL_Driver/Src/stm32f7xx_hal_tim_ex.c ****       /* Set the DMA compare callbacks */
 906:Drivers/STM32F7xx_HAL_Driver/Src/stm32f7xx_hal_tim_ex.c ****       htim->hdma[TIM_DMA_ID_CC1]->XferCpltCallback = TIM_DMADelayPulseNCplt;
 907:Drivers/STM32F7xx_HAL_Driver/Src/stm32f7xx_hal_tim_ex.c ****       htim->hdma[TIM_DMA_ID_CC1]->XferHalfCpltCallback = TIM_DMADelayPulseHalfCplt;
 908:Drivers/STM32F7xx_HAL_Driver/Src/stm32f7xx_hal_tim_ex.c **** 
 909:Drivers/STM32F7xx_HAL_Driver/Src/stm32f7xx_hal_tim_ex.c ****       /* Set the DMA error callback */
 910:Drivers/STM32F7xx_HAL_Driver/Src/stm32f7xx_hal_tim_ex.c ****       htim->hdma[TIM_DMA_ID_CC1]->XferErrorCallback = TIM_DMAErrorCCxN ;
 911:Drivers/STM32F7xx_HAL_Driver/Src/stm32f7xx_hal_tim_ex.c **** 
 912:Drivers/STM32F7xx_HAL_Driver/Src/stm32f7xx_hal_tim_ex.c ****       /* Enable the DMA stream */
 913:Drivers/STM32F7xx_HAL_Driver/Src/stm32f7xx_hal_tim_ex.c ****       if (HAL_DMA_Start_IT(htim->hdma[TIM_DMA_ID_CC1], (uint32_t)pData, (uint32_t)&htim->Instance->
 914:Drivers/STM32F7xx_HAL_Driver/Src/stm32f7xx_hal_tim_ex.c ****                            Length) != HAL_OK)
 915:Drivers/STM32F7xx_HAL_Driver/Src/stm32f7xx_hal_tim_ex.c ****       {
 916:Drivers/STM32F7xx_HAL_Driver/Src/stm32f7xx_hal_tim_ex.c ****         /* Return error status */
 917:Drivers/STM32F7xx_HAL_Driver/Src/stm32f7xx_hal_tim_ex.c ****         return HAL_ERROR;
 918:Drivers/STM32F7xx_HAL_Driver/Src/stm32f7xx_hal_tim_ex.c ****       }
 919:Drivers/STM32F7xx_HAL_Driver/Src/stm32f7xx_hal_tim_ex.c ****       /* Enable the TIM Output Compare DMA request */
 920:Drivers/STM32F7xx_HAL_Driver/Src/stm32f7xx_hal_tim_ex.c ****       __HAL_TIM_ENABLE_DMA(htim, TIM_DMA_CC1);
 921:Drivers/STM32F7xx_HAL_Driver/Src/stm32f7xx_hal_tim_ex.c ****       break;
 922:Drivers/STM32F7xx_HAL_Driver/Src/stm32f7xx_hal_tim_ex.c ****     }
 923:Drivers/STM32F7xx_HAL_Driver/Src/stm32f7xx_hal_tim_ex.c **** 
 924:Drivers/STM32F7xx_HAL_Driver/Src/stm32f7xx_hal_tim_ex.c ****     case TIM_CHANNEL_2:
 925:Drivers/STM32F7xx_HAL_Driver/Src/stm32f7xx_hal_tim_ex.c ****     {
 926:Drivers/STM32F7xx_HAL_Driver/Src/stm32f7xx_hal_tim_ex.c ****       /* Set the DMA compare callbacks */
 927:Drivers/STM32F7xx_HAL_Driver/Src/stm32f7xx_hal_tim_ex.c ****       htim->hdma[TIM_DMA_ID_CC2]->XferCpltCallback = TIM_DMADelayPulseNCplt;
 928:Drivers/STM32F7xx_HAL_Driver/Src/stm32f7xx_hal_tim_ex.c ****       htim->hdma[TIM_DMA_ID_CC2]->XferHalfCpltCallback = TIM_DMADelayPulseHalfCplt;
 929:Drivers/STM32F7xx_HAL_Driver/Src/stm32f7xx_hal_tim_ex.c **** 
 930:Drivers/STM32F7xx_HAL_Driver/Src/stm32f7xx_hal_tim_ex.c ****       /* Set the DMA error callback */
 931:Drivers/STM32F7xx_HAL_Driver/Src/stm32f7xx_hal_tim_ex.c ****       htim->hdma[TIM_DMA_ID_CC2]->XferErrorCallback = TIM_DMAErrorCCxN ;
 932:Drivers/STM32F7xx_HAL_Driver/Src/stm32f7xx_hal_tim_ex.c **** 
 933:Drivers/STM32F7xx_HAL_Driver/Src/stm32f7xx_hal_tim_ex.c ****       /* Enable the DMA stream */
 934:Drivers/STM32F7xx_HAL_Driver/Src/stm32f7xx_hal_tim_ex.c ****       if (HAL_DMA_Start_IT(htim->hdma[TIM_DMA_ID_CC2], (uint32_t)pData, (uint32_t)&htim->Instance->
 935:Drivers/STM32F7xx_HAL_Driver/Src/stm32f7xx_hal_tim_ex.c ****                            Length) != HAL_OK)
 936:Drivers/STM32F7xx_HAL_Driver/Src/stm32f7xx_hal_tim_ex.c ****       {
 937:Drivers/STM32F7xx_HAL_Driver/Src/stm32f7xx_hal_tim_ex.c ****         /* Return error status */
 938:Drivers/STM32F7xx_HAL_Driver/Src/stm32f7xx_hal_tim_ex.c ****         return HAL_ERROR;
 939:Drivers/STM32F7xx_HAL_Driver/Src/stm32f7xx_hal_tim_ex.c ****       }
 940:Drivers/STM32F7xx_HAL_Driver/Src/stm32f7xx_hal_tim_ex.c ****       /* Enable the TIM Output Compare DMA request */
 941:Drivers/STM32F7xx_HAL_Driver/Src/stm32f7xx_hal_tim_ex.c ****       __HAL_TIM_ENABLE_DMA(htim, TIM_DMA_CC2);
 942:Drivers/STM32F7xx_HAL_Driver/Src/stm32f7xx_hal_tim_ex.c ****       break;
 943:Drivers/STM32F7xx_HAL_Driver/Src/stm32f7xx_hal_tim_ex.c ****     }
ARM GAS  /tmp/ccJkDeps.s 			page 18


 944:Drivers/STM32F7xx_HAL_Driver/Src/stm32f7xx_hal_tim_ex.c **** 
 945:Drivers/STM32F7xx_HAL_Driver/Src/stm32f7xx_hal_tim_ex.c ****     case TIM_CHANNEL_3:
 946:Drivers/STM32F7xx_HAL_Driver/Src/stm32f7xx_hal_tim_ex.c ****     {
 947:Drivers/STM32F7xx_HAL_Driver/Src/stm32f7xx_hal_tim_ex.c ****       /* Set the DMA compare callbacks */
 948:Drivers/STM32F7xx_HAL_Driver/Src/stm32f7xx_hal_tim_ex.c ****       htim->hdma[TIM_DMA_ID_CC3]->XferCpltCallback = TIM_DMADelayPulseNCplt;
 949:Drivers/STM32F7xx_HAL_Driver/Src/stm32f7xx_hal_tim_ex.c ****       htim->hdma[TIM_DMA_ID_CC3]->XferHalfCpltCallback = TIM_DMADelayPulseHalfCplt;
 950:Drivers/STM32F7xx_HAL_Driver/Src/stm32f7xx_hal_tim_ex.c **** 
 951:Drivers/STM32F7xx_HAL_Driver/Src/stm32f7xx_hal_tim_ex.c ****       /* Set the DMA error callback */
 952:Drivers/STM32F7xx_HAL_Driver/Src/stm32f7xx_hal_tim_ex.c ****       htim->hdma[TIM_DMA_ID_CC3]->XferErrorCallback = TIM_DMAErrorCCxN ;
 953:Drivers/STM32F7xx_HAL_Driver/Src/stm32f7xx_hal_tim_ex.c **** 
 954:Drivers/STM32F7xx_HAL_Driver/Src/stm32f7xx_hal_tim_ex.c ****       /* Enable the DMA stream */
 955:Drivers/STM32F7xx_HAL_Driver/Src/stm32f7xx_hal_tim_ex.c ****       if (HAL_DMA_Start_IT(htim->hdma[TIM_DMA_ID_CC3], (uint32_t)pData, (uint32_t)&htim->Instance->
 956:Drivers/STM32F7xx_HAL_Driver/Src/stm32f7xx_hal_tim_ex.c ****                            Length) != HAL_OK)
 957:Drivers/STM32F7xx_HAL_Driver/Src/stm32f7xx_hal_tim_ex.c ****       {
 958:Drivers/STM32F7xx_HAL_Driver/Src/stm32f7xx_hal_tim_ex.c ****         /* Return error status */
 959:Drivers/STM32F7xx_HAL_Driver/Src/stm32f7xx_hal_tim_ex.c ****         return HAL_ERROR;
 960:Drivers/STM32F7xx_HAL_Driver/Src/stm32f7xx_hal_tim_ex.c ****       }
 961:Drivers/STM32F7xx_HAL_Driver/Src/stm32f7xx_hal_tim_ex.c ****       /* Enable the TIM Output Compare DMA request */
 962:Drivers/STM32F7xx_HAL_Driver/Src/stm32f7xx_hal_tim_ex.c ****       __HAL_TIM_ENABLE_DMA(htim, TIM_DMA_CC3);
 963:Drivers/STM32F7xx_HAL_Driver/Src/stm32f7xx_hal_tim_ex.c ****       break;
 964:Drivers/STM32F7xx_HAL_Driver/Src/stm32f7xx_hal_tim_ex.c ****     }
 965:Drivers/STM32F7xx_HAL_Driver/Src/stm32f7xx_hal_tim_ex.c **** 
 966:Drivers/STM32F7xx_HAL_Driver/Src/stm32f7xx_hal_tim_ex.c ****     default:
 967:Drivers/STM32F7xx_HAL_Driver/Src/stm32f7xx_hal_tim_ex.c ****       status = HAL_ERROR;
 968:Drivers/STM32F7xx_HAL_Driver/Src/stm32f7xx_hal_tim_ex.c ****       break;
 969:Drivers/STM32F7xx_HAL_Driver/Src/stm32f7xx_hal_tim_ex.c ****   }
 970:Drivers/STM32F7xx_HAL_Driver/Src/stm32f7xx_hal_tim_ex.c **** 
 971:Drivers/STM32F7xx_HAL_Driver/Src/stm32f7xx_hal_tim_ex.c ****   if (status == HAL_OK)
 972:Drivers/STM32F7xx_HAL_Driver/Src/stm32f7xx_hal_tim_ex.c ****   {
 973:Drivers/STM32F7xx_HAL_Driver/Src/stm32f7xx_hal_tim_ex.c ****     /* Enable the Capture compare channel N */
 974:Drivers/STM32F7xx_HAL_Driver/Src/stm32f7xx_hal_tim_ex.c ****     TIM_CCxNChannelCmd(htim->Instance, Channel, TIM_CCxN_ENABLE);
 975:Drivers/STM32F7xx_HAL_Driver/Src/stm32f7xx_hal_tim_ex.c **** 
 976:Drivers/STM32F7xx_HAL_Driver/Src/stm32f7xx_hal_tim_ex.c ****     /* Enable the Main Output */
 977:Drivers/STM32F7xx_HAL_Driver/Src/stm32f7xx_hal_tim_ex.c ****     __HAL_TIM_MOE_ENABLE(htim);
 978:Drivers/STM32F7xx_HAL_Driver/Src/stm32f7xx_hal_tim_ex.c **** 
 979:Drivers/STM32F7xx_HAL_Driver/Src/stm32f7xx_hal_tim_ex.c ****     /* Enable the Peripheral, except in trigger mode where enable is automatically done with trigge
 980:Drivers/STM32F7xx_HAL_Driver/Src/stm32f7xx_hal_tim_ex.c ****     if (IS_TIM_SLAVE_INSTANCE(htim->Instance))
 981:Drivers/STM32F7xx_HAL_Driver/Src/stm32f7xx_hal_tim_ex.c ****     {
 982:Drivers/STM32F7xx_HAL_Driver/Src/stm32f7xx_hal_tim_ex.c ****       tmpsmcr = htim->Instance->SMCR & TIM_SMCR_SMS;
 983:Drivers/STM32F7xx_HAL_Driver/Src/stm32f7xx_hal_tim_ex.c ****       if (!IS_TIM_SLAVEMODE_TRIGGER_ENABLED(tmpsmcr))
 984:Drivers/STM32F7xx_HAL_Driver/Src/stm32f7xx_hal_tim_ex.c ****       {
 985:Drivers/STM32F7xx_HAL_Driver/Src/stm32f7xx_hal_tim_ex.c ****         __HAL_TIM_ENABLE(htim);
 986:Drivers/STM32F7xx_HAL_Driver/Src/stm32f7xx_hal_tim_ex.c ****       }
 987:Drivers/STM32F7xx_HAL_Driver/Src/stm32f7xx_hal_tim_ex.c ****     }
 988:Drivers/STM32F7xx_HAL_Driver/Src/stm32f7xx_hal_tim_ex.c ****     else
 989:Drivers/STM32F7xx_HAL_Driver/Src/stm32f7xx_hal_tim_ex.c ****     {
 990:Drivers/STM32F7xx_HAL_Driver/Src/stm32f7xx_hal_tim_ex.c ****       __HAL_TIM_ENABLE(htim);
 991:Drivers/STM32F7xx_HAL_Driver/Src/stm32f7xx_hal_tim_ex.c ****     }
 992:Drivers/STM32F7xx_HAL_Driver/Src/stm32f7xx_hal_tim_ex.c ****   }
 993:Drivers/STM32F7xx_HAL_Driver/Src/stm32f7xx_hal_tim_ex.c **** 
 994:Drivers/STM32F7xx_HAL_Driver/Src/stm32f7xx_hal_tim_ex.c ****   /* Return function status */
 995:Drivers/STM32F7xx_HAL_Driver/Src/stm32f7xx_hal_tim_ex.c ****   return status;
 996:Drivers/STM32F7xx_HAL_Driver/Src/stm32f7xx_hal_tim_ex.c **** }
 997:Drivers/STM32F7xx_HAL_Driver/Src/stm32f7xx_hal_tim_ex.c **** 
 998:Drivers/STM32F7xx_HAL_Driver/Src/stm32f7xx_hal_tim_ex.c **** /**
 999:Drivers/STM32F7xx_HAL_Driver/Src/stm32f7xx_hal_tim_ex.c ****   * @brief  Stops the TIM Output Compare signal generation in DMA mode
1000:Drivers/STM32F7xx_HAL_Driver/Src/stm32f7xx_hal_tim_ex.c ****   *         on the complementary output.
ARM GAS  /tmp/ccJkDeps.s 			page 19


1001:Drivers/STM32F7xx_HAL_Driver/Src/stm32f7xx_hal_tim_ex.c ****   * @param  htim TIM Output Compare handle
1002:Drivers/STM32F7xx_HAL_Driver/Src/stm32f7xx_hal_tim_ex.c ****   * @param  Channel TIM Channel to be disabled
1003:Drivers/STM32F7xx_HAL_Driver/Src/stm32f7xx_hal_tim_ex.c ****   *          This parameter can be one of the following values:
1004:Drivers/STM32F7xx_HAL_Driver/Src/stm32f7xx_hal_tim_ex.c ****   *            @arg TIM_CHANNEL_1: TIM Channel 1 selected
1005:Drivers/STM32F7xx_HAL_Driver/Src/stm32f7xx_hal_tim_ex.c ****   *            @arg TIM_CHANNEL_2: TIM Channel 2 selected
1006:Drivers/STM32F7xx_HAL_Driver/Src/stm32f7xx_hal_tim_ex.c ****   *            @arg TIM_CHANNEL_3: TIM Channel 3 selected
1007:Drivers/STM32F7xx_HAL_Driver/Src/stm32f7xx_hal_tim_ex.c ****   * @retval HAL status
1008:Drivers/STM32F7xx_HAL_Driver/Src/stm32f7xx_hal_tim_ex.c ****   */
1009:Drivers/STM32F7xx_HAL_Driver/Src/stm32f7xx_hal_tim_ex.c **** HAL_StatusTypeDef HAL_TIMEx_OCN_Stop_DMA(TIM_HandleTypeDef *htim, uint32_t Channel)
1010:Drivers/STM32F7xx_HAL_Driver/Src/stm32f7xx_hal_tim_ex.c **** {
1011:Drivers/STM32F7xx_HAL_Driver/Src/stm32f7xx_hal_tim_ex.c ****   HAL_StatusTypeDef status = HAL_OK;
1012:Drivers/STM32F7xx_HAL_Driver/Src/stm32f7xx_hal_tim_ex.c **** 
1013:Drivers/STM32F7xx_HAL_Driver/Src/stm32f7xx_hal_tim_ex.c ****   /* Check the parameters */
1014:Drivers/STM32F7xx_HAL_Driver/Src/stm32f7xx_hal_tim_ex.c ****   assert_param(IS_TIM_CCXN_INSTANCE(htim->Instance, Channel));
1015:Drivers/STM32F7xx_HAL_Driver/Src/stm32f7xx_hal_tim_ex.c **** 
1016:Drivers/STM32F7xx_HAL_Driver/Src/stm32f7xx_hal_tim_ex.c ****   switch (Channel)
1017:Drivers/STM32F7xx_HAL_Driver/Src/stm32f7xx_hal_tim_ex.c ****   {
1018:Drivers/STM32F7xx_HAL_Driver/Src/stm32f7xx_hal_tim_ex.c ****     case TIM_CHANNEL_1:
1019:Drivers/STM32F7xx_HAL_Driver/Src/stm32f7xx_hal_tim_ex.c ****     {
1020:Drivers/STM32F7xx_HAL_Driver/Src/stm32f7xx_hal_tim_ex.c ****       /* Disable the TIM Output Compare DMA request */
1021:Drivers/STM32F7xx_HAL_Driver/Src/stm32f7xx_hal_tim_ex.c ****       __HAL_TIM_DISABLE_DMA(htim, TIM_DMA_CC1);
1022:Drivers/STM32F7xx_HAL_Driver/Src/stm32f7xx_hal_tim_ex.c ****       (void)HAL_DMA_Abort_IT(htim->hdma[TIM_DMA_ID_CC1]);
1023:Drivers/STM32F7xx_HAL_Driver/Src/stm32f7xx_hal_tim_ex.c ****       break;
1024:Drivers/STM32F7xx_HAL_Driver/Src/stm32f7xx_hal_tim_ex.c ****     }
1025:Drivers/STM32F7xx_HAL_Driver/Src/stm32f7xx_hal_tim_ex.c **** 
1026:Drivers/STM32F7xx_HAL_Driver/Src/stm32f7xx_hal_tim_ex.c ****     case TIM_CHANNEL_2:
1027:Drivers/STM32F7xx_HAL_Driver/Src/stm32f7xx_hal_tim_ex.c ****     {
1028:Drivers/STM32F7xx_HAL_Driver/Src/stm32f7xx_hal_tim_ex.c ****       /* Disable the TIM Output Compare DMA request */
1029:Drivers/STM32F7xx_HAL_Driver/Src/stm32f7xx_hal_tim_ex.c ****       __HAL_TIM_DISABLE_DMA(htim, TIM_DMA_CC2);
1030:Drivers/STM32F7xx_HAL_Driver/Src/stm32f7xx_hal_tim_ex.c ****       (void)HAL_DMA_Abort_IT(htim->hdma[TIM_DMA_ID_CC2]);
1031:Drivers/STM32F7xx_HAL_Driver/Src/stm32f7xx_hal_tim_ex.c ****       break;
1032:Drivers/STM32F7xx_HAL_Driver/Src/stm32f7xx_hal_tim_ex.c ****     }
1033:Drivers/STM32F7xx_HAL_Driver/Src/stm32f7xx_hal_tim_ex.c **** 
1034:Drivers/STM32F7xx_HAL_Driver/Src/stm32f7xx_hal_tim_ex.c ****     case TIM_CHANNEL_3:
1035:Drivers/STM32F7xx_HAL_Driver/Src/stm32f7xx_hal_tim_ex.c ****     {
1036:Drivers/STM32F7xx_HAL_Driver/Src/stm32f7xx_hal_tim_ex.c ****       /* Disable the TIM Output Compare DMA request */
1037:Drivers/STM32F7xx_HAL_Driver/Src/stm32f7xx_hal_tim_ex.c ****       __HAL_TIM_DISABLE_DMA(htim, TIM_DMA_CC3);
1038:Drivers/STM32F7xx_HAL_Driver/Src/stm32f7xx_hal_tim_ex.c ****       (void)HAL_DMA_Abort_IT(htim->hdma[TIM_DMA_ID_CC3]);
1039:Drivers/STM32F7xx_HAL_Driver/Src/stm32f7xx_hal_tim_ex.c ****       break;
1040:Drivers/STM32F7xx_HAL_Driver/Src/stm32f7xx_hal_tim_ex.c ****     }
1041:Drivers/STM32F7xx_HAL_Driver/Src/stm32f7xx_hal_tim_ex.c **** 
1042:Drivers/STM32F7xx_HAL_Driver/Src/stm32f7xx_hal_tim_ex.c ****     default:
1043:Drivers/STM32F7xx_HAL_Driver/Src/stm32f7xx_hal_tim_ex.c ****       status = HAL_ERROR;
1044:Drivers/STM32F7xx_HAL_Driver/Src/stm32f7xx_hal_tim_ex.c ****       break;
1045:Drivers/STM32F7xx_HAL_Driver/Src/stm32f7xx_hal_tim_ex.c ****   }
1046:Drivers/STM32F7xx_HAL_Driver/Src/stm32f7xx_hal_tim_ex.c **** 
1047:Drivers/STM32F7xx_HAL_Driver/Src/stm32f7xx_hal_tim_ex.c ****   if (status == HAL_OK)
1048:Drivers/STM32F7xx_HAL_Driver/Src/stm32f7xx_hal_tim_ex.c ****   {
1049:Drivers/STM32F7xx_HAL_Driver/Src/stm32f7xx_hal_tim_ex.c ****     /* Disable the Capture compare channel N */
1050:Drivers/STM32F7xx_HAL_Driver/Src/stm32f7xx_hal_tim_ex.c ****     TIM_CCxNChannelCmd(htim->Instance, Channel, TIM_CCxN_DISABLE);
1051:Drivers/STM32F7xx_HAL_Driver/Src/stm32f7xx_hal_tim_ex.c **** 
1052:Drivers/STM32F7xx_HAL_Driver/Src/stm32f7xx_hal_tim_ex.c ****     /* Disable the Main Output */
1053:Drivers/STM32F7xx_HAL_Driver/Src/stm32f7xx_hal_tim_ex.c ****     __HAL_TIM_MOE_DISABLE(htim);
1054:Drivers/STM32F7xx_HAL_Driver/Src/stm32f7xx_hal_tim_ex.c **** 
1055:Drivers/STM32F7xx_HAL_Driver/Src/stm32f7xx_hal_tim_ex.c ****     /* Disable the Peripheral */
1056:Drivers/STM32F7xx_HAL_Driver/Src/stm32f7xx_hal_tim_ex.c ****     __HAL_TIM_DISABLE(htim);
1057:Drivers/STM32F7xx_HAL_Driver/Src/stm32f7xx_hal_tim_ex.c **** 
ARM GAS  /tmp/ccJkDeps.s 			page 20


1058:Drivers/STM32F7xx_HAL_Driver/Src/stm32f7xx_hal_tim_ex.c ****     /* Set the TIM complementary channel state */
1059:Drivers/STM32F7xx_HAL_Driver/Src/stm32f7xx_hal_tim_ex.c ****     TIM_CHANNEL_N_STATE_SET(htim, Channel, HAL_TIM_CHANNEL_STATE_READY);
1060:Drivers/STM32F7xx_HAL_Driver/Src/stm32f7xx_hal_tim_ex.c ****   }
1061:Drivers/STM32F7xx_HAL_Driver/Src/stm32f7xx_hal_tim_ex.c **** 
1062:Drivers/STM32F7xx_HAL_Driver/Src/stm32f7xx_hal_tim_ex.c ****   /* Return function status */
1063:Drivers/STM32F7xx_HAL_Driver/Src/stm32f7xx_hal_tim_ex.c ****   return status;
1064:Drivers/STM32F7xx_HAL_Driver/Src/stm32f7xx_hal_tim_ex.c **** }
1065:Drivers/STM32F7xx_HAL_Driver/Src/stm32f7xx_hal_tim_ex.c **** 
1066:Drivers/STM32F7xx_HAL_Driver/Src/stm32f7xx_hal_tim_ex.c **** /**
1067:Drivers/STM32F7xx_HAL_Driver/Src/stm32f7xx_hal_tim_ex.c ****   * @}
1068:Drivers/STM32F7xx_HAL_Driver/Src/stm32f7xx_hal_tim_ex.c ****   */
1069:Drivers/STM32F7xx_HAL_Driver/Src/stm32f7xx_hal_tim_ex.c **** 
1070:Drivers/STM32F7xx_HAL_Driver/Src/stm32f7xx_hal_tim_ex.c **** /** @defgroup TIMEx_Exported_Functions_Group3 Extended Timer Complementary PWM functions
1071:Drivers/STM32F7xx_HAL_Driver/Src/stm32f7xx_hal_tim_ex.c ****   * @brief    Timer Complementary PWM functions
1072:Drivers/STM32F7xx_HAL_Driver/Src/stm32f7xx_hal_tim_ex.c ****   *
1073:Drivers/STM32F7xx_HAL_Driver/Src/stm32f7xx_hal_tim_ex.c **** @verbatim
1074:Drivers/STM32F7xx_HAL_Driver/Src/stm32f7xx_hal_tim_ex.c ****   ==============================================================================
1075:Drivers/STM32F7xx_HAL_Driver/Src/stm32f7xx_hal_tim_ex.c ****                  ##### Timer Complementary PWM functions #####
1076:Drivers/STM32F7xx_HAL_Driver/Src/stm32f7xx_hal_tim_ex.c ****   ==============================================================================
1077:Drivers/STM32F7xx_HAL_Driver/Src/stm32f7xx_hal_tim_ex.c ****   [..]
1078:Drivers/STM32F7xx_HAL_Driver/Src/stm32f7xx_hal_tim_ex.c ****     This section provides functions allowing to:
1079:Drivers/STM32F7xx_HAL_Driver/Src/stm32f7xx_hal_tim_ex.c ****     (+) Start the Complementary PWM.
1080:Drivers/STM32F7xx_HAL_Driver/Src/stm32f7xx_hal_tim_ex.c ****     (+) Stop the Complementary PWM.
1081:Drivers/STM32F7xx_HAL_Driver/Src/stm32f7xx_hal_tim_ex.c ****     (+) Start the Complementary PWM and enable interrupts.
1082:Drivers/STM32F7xx_HAL_Driver/Src/stm32f7xx_hal_tim_ex.c ****     (+) Stop the Complementary PWM and disable interrupts.
1083:Drivers/STM32F7xx_HAL_Driver/Src/stm32f7xx_hal_tim_ex.c ****     (+) Start the Complementary PWM and enable DMA transfers.
1084:Drivers/STM32F7xx_HAL_Driver/Src/stm32f7xx_hal_tim_ex.c ****     (+) Stop the Complementary PWM and disable DMA transfers.
1085:Drivers/STM32F7xx_HAL_Driver/Src/stm32f7xx_hal_tim_ex.c ****     (+) Start the Complementary Input Capture measurement.
1086:Drivers/STM32F7xx_HAL_Driver/Src/stm32f7xx_hal_tim_ex.c ****     (+) Stop the Complementary Input Capture.
1087:Drivers/STM32F7xx_HAL_Driver/Src/stm32f7xx_hal_tim_ex.c ****     (+) Start the Complementary Input Capture and enable interrupts.
1088:Drivers/STM32F7xx_HAL_Driver/Src/stm32f7xx_hal_tim_ex.c ****     (+) Stop the Complementary Input Capture and disable interrupts.
1089:Drivers/STM32F7xx_HAL_Driver/Src/stm32f7xx_hal_tim_ex.c ****     (+) Start the Complementary Input Capture and enable DMA transfers.
1090:Drivers/STM32F7xx_HAL_Driver/Src/stm32f7xx_hal_tim_ex.c ****     (+) Stop the Complementary Input Capture and disable DMA transfers.
1091:Drivers/STM32F7xx_HAL_Driver/Src/stm32f7xx_hal_tim_ex.c ****     (+) Start the Complementary One Pulse generation.
1092:Drivers/STM32F7xx_HAL_Driver/Src/stm32f7xx_hal_tim_ex.c ****     (+) Stop the Complementary One Pulse.
1093:Drivers/STM32F7xx_HAL_Driver/Src/stm32f7xx_hal_tim_ex.c ****     (+) Start the Complementary One Pulse and enable interrupts.
1094:Drivers/STM32F7xx_HAL_Driver/Src/stm32f7xx_hal_tim_ex.c ****     (+) Stop the Complementary One Pulse and disable interrupts.
1095:Drivers/STM32F7xx_HAL_Driver/Src/stm32f7xx_hal_tim_ex.c **** 
1096:Drivers/STM32F7xx_HAL_Driver/Src/stm32f7xx_hal_tim_ex.c **** @endverbatim
1097:Drivers/STM32F7xx_HAL_Driver/Src/stm32f7xx_hal_tim_ex.c ****   * @{
1098:Drivers/STM32F7xx_HAL_Driver/Src/stm32f7xx_hal_tim_ex.c ****   */
1099:Drivers/STM32F7xx_HAL_Driver/Src/stm32f7xx_hal_tim_ex.c **** 
1100:Drivers/STM32F7xx_HAL_Driver/Src/stm32f7xx_hal_tim_ex.c **** /**
1101:Drivers/STM32F7xx_HAL_Driver/Src/stm32f7xx_hal_tim_ex.c ****   * @brief  Starts the PWM signal generation on the complementary output.
1102:Drivers/STM32F7xx_HAL_Driver/Src/stm32f7xx_hal_tim_ex.c ****   * @param  htim TIM handle
1103:Drivers/STM32F7xx_HAL_Driver/Src/stm32f7xx_hal_tim_ex.c ****   * @param  Channel TIM Channel to be enabled
1104:Drivers/STM32F7xx_HAL_Driver/Src/stm32f7xx_hal_tim_ex.c ****   *          This parameter can be one of the following values:
1105:Drivers/STM32F7xx_HAL_Driver/Src/stm32f7xx_hal_tim_ex.c ****   *            @arg TIM_CHANNEL_1: TIM Channel 1 selected
1106:Drivers/STM32F7xx_HAL_Driver/Src/stm32f7xx_hal_tim_ex.c ****   *            @arg TIM_CHANNEL_2: TIM Channel 2 selected
1107:Drivers/STM32F7xx_HAL_Driver/Src/stm32f7xx_hal_tim_ex.c ****   *            @arg TIM_CHANNEL_3: TIM Channel 3 selected
1108:Drivers/STM32F7xx_HAL_Driver/Src/stm32f7xx_hal_tim_ex.c ****   * @retval HAL status
1109:Drivers/STM32F7xx_HAL_Driver/Src/stm32f7xx_hal_tim_ex.c ****   */
1110:Drivers/STM32F7xx_HAL_Driver/Src/stm32f7xx_hal_tim_ex.c **** HAL_StatusTypeDef HAL_TIMEx_PWMN_Start(TIM_HandleTypeDef *htim, uint32_t Channel)
1111:Drivers/STM32F7xx_HAL_Driver/Src/stm32f7xx_hal_tim_ex.c **** {
1112:Drivers/STM32F7xx_HAL_Driver/Src/stm32f7xx_hal_tim_ex.c ****   uint32_t tmpsmcr;
1113:Drivers/STM32F7xx_HAL_Driver/Src/stm32f7xx_hal_tim_ex.c **** 
1114:Drivers/STM32F7xx_HAL_Driver/Src/stm32f7xx_hal_tim_ex.c ****   /* Check the parameters */
ARM GAS  /tmp/ccJkDeps.s 			page 21


1115:Drivers/STM32F7xx_HAL_Driver/Src/stm32f7xx_hal_tim_ex.c ****   assert_param(IS_TIM_CCXN_INSTANCE(htim->Instance, Channel));
1116:Drivers/STM32F7xx_HAL_Driver/Src/stm32f7xx_hal_tim_ex.c **** 
1117:Drivers/STM32F7xx_HAL_Driver/Src/stm32f7xx_hal_tim_ex.c ****   /* Check the TIM complementary channel state */
1118:Drivers/STM32F7xx_HAL_Driver/Src/stm32f7xx_hal_tim_ex.c ****   if (TIM_CHANNEL_N_STATE_GET(htim, Channel) != HAL_TIM_CHANNEL_STATE_READY)
1119:Drivers/STM32F7xx_HAL_Driver/Src/stm32f7xx_hal_tim_ex.c ****   {
1120:Drivers/STM32F7xx_HAL_Driver/Src/stm32f7xx_hal_tim_ex.c ****     return HAL_ERROR;
1121:Drivers/STM32F7xx_HAL_Driver/Src/stm32f7xx_hal_tim_ex.c ****   }
1122:Drivers/STM32F7xx_HAL_Driver/Src/stm32f7xx_hal_tim_ex.c **** 
1123:Drivers/STM32F7xx_HAL_Driver/Src/stm32f7xx_hal_tim_ex.c ****   /* Set the TIM complementary channel state */
1124:Drivers/STM32F7xx_HAL_Driver/Src/stm32f7xx_hal_tim_ex.c ****   TIM_CHANNEL_N_STATE_SET(htim, Channel, HAL_TIM_CHANNEL_STATE_BUSY);
1125:Drivers/STM32F7xx_HAL_Driver/Src/stm32f7xx_hal_tim_ex.c **** 
1126:Drivers/STM32F7xx_HAL_Driver/Src/stm32f7xx_hal_tim_ex.c ****   /* Enable the complementary PWM output  */
1127:Drivers/STM32F7xx_HAL_Driver/Src/stm32f7xx_hal_tim_ex.c ****   TIM_CCxNChannelCmd(htim->Instance, Channel, TIM_CCxN_ENABLE);
1128:Drivers/STM32F7xx_HAL_Driver/Src/stm32f7xx_hal_tim_ex.c **** 
1129:Drivers/STM32F7xx_HAL_Driver/Src/stm32f7xx_hal_tim_ex.c ****   /* Enable the Main Output */
1130:Drivers/STM32F7xx_HAL_Driver/Src/stm32f7xx_hal_tim_ex.c ****   __HAL_TIM_MOE_ENABLE(htim);
1131:Drivers/STM32F7xx_HAL_Driver/Src/stm32f7xx_hal_tim_ex.c **** 
1132:Drivers/STM32F7xx_HAL_Driver/Src/stm32f7xx_hal_tim_ex.c ****   /* Enable the Peripheral, except in trigger mode where enable is automatically done with trigger 
1133:Drivers/STM32F7xx_HAL_Driver/Src/stm32f7xx_hal_tim_ex.c ****   if (IS_TIM_SLAVE_INSTANCE(htim->Instance))
1134:Drivers/STM32F7xx_HAL_Driver/Src/stm32f7xx_hal_tim_ex.c ****   {
1135:Drivers/STM32F7xx_HAL_Driver/Src/stm32f7xx_hal_tim_ex.c ****     tmpsmcr = htim->Instance->SMCR & TIM_SMCR_SMS;
1136:Drivers/STM32F7xx_HAL_Driver/Src/stm32f7xx_hal_tim_ex.c ****     if (!IS_TIM_SLAVEMODE_TRIGGER_ENABLED(tmpsmcr))
1137:Drivers/STM32F7xx_HAL_Driver/Src/stm32f7xx_hal_tim_ex.c ****     {
1138:Drivers/STM32F7xx_HAL_Driver/Src/stm32f7xx_hal_tim_ex.c ****       __HAL_TIM_ENABLE(htim);
1139:Drivers/STM32F7xx_HAL_Driver/Src/stm32f7xx_hal_tim_ex.c ****     }
1140:Drivers/STM32F7xx_HAL_Driver/Src/stm32f7xx_hal_tim_ex.c ****   }
1141:Drivers/STM32F7xx_HAL_Driver/Src/stm32f7xx_hal_tim_ex.c ****   else
1142:Drivers/STM32F7xx_HAL_Driver/Src/stm32f7xx_hal_tim_ex.c ****   {
1143:Drivers/STM32F7xx_HAL_Driver/Src/stm32f7xx_hal_tim_ex.c ****     __HAL_TIM_ENABLE(htim);
1144:Drivers/STM32F7xx_HAL_Driver/Src/stm32f7xx_hal_tim_ex.c ****   }
1145:Drivers/STM32F7xx_HAL_Driver/Src/stm32f7xx_hal_tim_ex.c **** 
1146:Drivers/STM32F7xx_HAL_Driver/Src/stm32f7xx_hal_tim_ex.c ****   /* Return function status */
1147:Drivers/STM32F7xx_HAL_Driver/Src/stm32f7xx_hal_tim_ex.c ****   return HAL_OK;
1148:Drivers/STM32F7xx_HAL_Driver/Src/stm32f7xx_hal_tim_ex.c **** }
1149:Drivers/STM32F7xx_HAL_Driver/Src/stm32f7xx_hal_tim_ex.c **** 
1150:Drivers/STM32F7xx_HAL_Driver/Src/stm32f7xx_hal_tim_ex.c **** /**
1151:Drivers/STM32F7xx_HAL_Driver/Src/stm32f7xx_hal_tim_ex.c ****   * @brief  Stops the PWM signal generation on the complementary output.
1152:Drivers/STM32F7xx_HAL_Driver/Src/stm32f7xx_hal_tim_ex.c ****   * @param  htim TIM handle
1153:Drivers/STM32F7xx_HAL_Driver/Src/stm32f7xx_hal_tim_ex.c ****   * @param  Channel TIM Channel to be disabled
1154:Drivers/STM32F7xx_HAL_Driver/Src/stm32f7xx_hal_tim_ex.c ****   *          This parameter can be one of the following values:
1155:Drivers/STM32F7xx_HAL_Driver/Src/stm32f7xx_hal_tim_ex.c ****   *            @arg TIM_CHANNEL_1: TIM Channel 1 selected
1156:Drivers/STM32F7xx_HAL_Driver/Src/stm32f7xx_hal_tim_ex.c ****   *            @arg TIM_CHANNEL_2: TIM Channel 2 selected
1157:Drivers/STM32F7xx_HAL_Driver/Src/stm32f7xx_hal_tim_ex.c ****   *            @arg TIM_CHANNEL_3: TIM Channel 3 selected
1158:Drivers/STM32F7xx_HAL_Driver/Src/stm32f7xx_hal_tim_ex.c ****   * @retval HAL status
1159:Drivers/STM32F7xx_HAL_Driver/Src/stm32f7xx_hal_tim_ex.c ****   */
1160:Drivers/STM32F7xx_HAL_Driver/Src/stm32f7xx_hal_tim_ex.c **** HAL_StatusTypeDef HAL_TIMEx_PWMN_Stop(TIM_HandleTypeDef *htim, uint32_t Channel)
1161:Drivers/STM32F7xx_HAL_Driver/Src/stm32f7xx_hal_tim_ex.c **** {
1162:Drivers/STM32F7xx_HAL_Driver/Src/stm32f7xx_hal_tim_ex.c ****   /* Check the parameters */
1163:Drivers/STM32F7xx_HAL_Driver/Src/stm32f7xx_hal_tim_ex.c ****   assert_param(IS_TIM_CCXN_INSTANCE(htim->Instance, Channel));
1164:Drivers/STM32F7xx_HAL_Driver/Src/stm32f7xx_hal_tim_ex.c **** 
1165:Drivers/STM32F7xx_HAL_Driver/Src/stm32f7xx_hal_tim_ex.c ****   /* Disable the complementary PWM output  */
1166:Drivers/STM32F7xx_HAL_Driver/Src/stm32f7xx_hal_tim_ex.c ****   TIM_CCxNChannelCmd(htim->Instance, Channel, TIM_CCxN_DISABLE);
1167:Drivers/STM32F7xx_HAL_Driver/Src/stm32f7xx_hal_tim_ex.c **** 
1168:Drivers/STM32F7xx_HAL_Driver/Src/stm32f7xx_hal_tim_ex.c ****   /* Disable the Main Output */
1169:Drivers/STM32F7xx_HAL_Driver/Src/stm32f7xx_hal_tim_ex.c ****   __HAL_TIM_MOE_DISABLE(htim);
1170:Drivers/STM32F7xx_HAL_Driver/Src/stm32f7xx_hal_tim_ex.c **** 
1171:Drivers/STM32F7xx_HAL_Driver/Src/stm32f7xx_hal_tim_ex.c ****   /* Disable the Peripheral */
ARM GAS  /tmp/ccJkDeps.s 			page 22


1172:Drivers/STM32F7xx_HAL_Driver/Src/stm32f7xx_hal_tim_ex.c ****   __HAL_TIM_DISABLE(htim);
1173:Drivers/STM32F7xx_HAL_Driver/Src/stm32f7xx_hal_tim_ex.c **** 
1174:Drivers/STM32F7xx_HAL_Driver/Src/stm32f7xx_hal_tim_ex.c ****   /* Set the TIM complementary channel state */
1175:Drivers/STM32F7xx_HAL_Driver/Src/stm32f7xx_hal_tim_ex.c ****   TIM_CHANNEL_N_STATE_SET(htim, Channel, HAL_TIM_CHANNEL_STATE_READY);
1176:Drivers/STM32F7xx_HAL_Driver/Src/stm32f7xx_hal_tim_ex.c **** 
1177:Drivers/STM32F7xx_HAL_Driver/Src/stm32f7xx_hal_tim_ex.c ****   /* Return function status */
1178:Drivers/STM32F7xx_HAL_Driver/Src/stm32f7xx_hal_tim_ex.c ****   return HAL_OK;
1179:Drivers/STM32F7xx_HAL_Driver/Src/stm32f7xx_hal_tim_ex.c **** }
1180:Drivers/STM32F7xx_HAL_Driver/Src/stm32f7xx_hal_tim_ex.c **** 
1181:Drivers/STM32F7xx_HAL_Driver/Src/stm32f7xx_hal_tim_ex.c **** /**
1182:Drivers/STM32F7xx_HAL_Driver/Src/stm32f7xx_hal_tim_ex.c ****   * @brief  Starts the PWM signal generation in interrupt mode on the
1183:Drivers/STM32F7xx_HAL_Driver/Src/stm32f7xx_hal_tim_ex.c ****   *         complementary output.
1184:Drivers/STM32F7xx_HAL_Driver/Src/stm32f7xx_hal_tim_ex.c ****   * @param  htim TIM handle
1185:Drivers/STM32F7xx_HAL_Driver/Src/stm32f7xx_hal_tim_ex.c ****   * @param  Channel TIM Channel to be disabled
1186:Drivers/STM32F7xx_HAL_Driver/Src/stm32f7xx_hal_tim_ex.c ****   *          This parameter can be one of the following values:
1187:Drivers/STM32F7xx_HAL_Driver/Src/stm32f7xx_hal_tim_ex.c ****   *            @arg TIM_CHANNEL_1: TIM Channel 1 selected
1188:Drivers/STM32F7xx_HAL_Driver/Src/stm32f7xx_hal_tim_ex.c ****   *            @arg TIM_CHANNEL_2: TIM Channel 2 selected
1189:Drivers/STM32F7xx_HAL_Driver/Src/stm32f7xx_hal_tim_ex.c ****   *            @arg TIM_CHANNEL_3: TIM Channel 3 selected
1190:Drivers/STM32F7xx_HAL_Driver/Src/stm32f7xx_hal_tim_ex.c ****   * @retval HAL status
1191:Drivers/STM32F7xx_HAL_Driver/Src/stm32f7xx_hal_tim_ex.c ****   */
1192:Drivers/STM32F7xx_HAL_Driver/Src/stm32f7xx_hal_tim_ex.c **** HAL_StatusTypeDef HAL_TIMEx_PWMN_Start_IT(TIM_HandleTypeDef *htim, uint32_t Channel)
1193:Drivers/STM32F7xx_HAL_Driver/Src/stm32f7xx_hal_tim_ex.c **** {
1194:Drivers/STM32F7xx_HAL_Driver/Src/stm32f7xx_hal_tim_ex.c ****   HAL_StatusTypeDef status = HAL_OK;
1195:Drivers/STM32F7xx_HAL_Driver/Src/stm32f7xx_hal_tim_ex.c ****   uint32_t tmpsmcr;
1196:Drivers/STM32F7xx_HAL_Driver/Src/stm32f7xx_hal_tim_ex.c **** 
1197:Drivers/STM32F7xx_HAL_Driver/Src/stm32f7xx_hal_tim_ex.c ****   /* Check the parameters */
1198:Drivers/STM32F7xx_HAL_Driver/Src/stm32f7xx_hal_tim_ex.c ****   assert_param(IS_TIM_CCXN_INSTANCE(htim->Instance, Channel));
1199:Drivers/STM32F7xx_HAL_Driver/Src/stm32f7xx_hal_tim_ex.c **** 
1200:Drivers/STM32F7xx_HAL_Driver/Src/stm32f7xx_hal_tim_ex.c ****   /* Check the TIM complementary channel state */
1201:Drivers/STM32F7xx_HAL_Driver/Src/stm32f7xx_hal_tim_ex.c ****   if (TIM_CHANNEL_N_STATE_GET(htim, Channel) != HAL_TIM_CHANNEL_STATE_READY)
1202:Drivers/STM32F7xx_HAL_Driver/Src/stm32f7xx_hal_tim_ex.c ****   {
1203:Drivers/STM32F7xx_HAL_Driver/Src/stm32f7xx_hal_tim_ex.c ****     return HAL_ERROR;
1204:Drivers/STM32F7xx_HAL_Driver/Src/stm32f7xx_hal_tim_ex.c ****   }
1205:Drivers/STM32F7xx_HAL_Driver/Src/stm32f7xx_hal_tim_ex.c **** 
1206:Drivers/STM32F7xx_HAL_Driver/Src/stm32f7xx_hal_tim_ex.c ****   /* Set the TIM complementary channel state */
1207:Drivers/STM32F7xx_HAL_Driver/Src/stm32f7xx_hal_tim_ex.c ****   TIM_CHANNEL_N_STATE_SET(htim, Channel, HAL_TIM_CHANNEL_STATE_BUSY);
1208:Drivers/STM32F7xx_HAL_Driver/Src/stm32f7xx_hal_tim_ex.c **** 
1209:Drivers/STM32F7xx_HAL_Driver/Src/stm32f7xx_hal_tim_ex.c ****   switch (Channel)
1210:Drivers/STM32F7xx_HAL_Driver/Src/stm32f7xx_hal_tim_ex.c ****   {
1211:Drivers/STM32F7xx_HAL_Driver/Src/stm32f7xx_hal_tim_ex.c ****     case TIM_CHANNEL_1:
1212:Drivers/STM32F7xx_HAL_Driver/Src/stm32f7xx_hal_tim_ex.c ****     {
1213:Drivers/STM32F7xx_HAL_Driver/Src/stm32f7xx_hal_tim_ex.c ****       /* Enable the TIM Capture/Compare 1 interrupt */
1214:Drivers/STM32F7xx_HAL_Driver/Src/stm32f7xx_hal_tim_ex.c ****       __HAL_TIM_ENABLE_IT(htim, TIM_IT_CC1);
1215:Drivers/STM32F7xx_HAL_Driver/Src/stm32f7xx_hal_tim_ex.c ****       break;
1216:Drivers/STM32F7xx_HAL_Driver/Src/stm32f7xx_hal_tim_ex.c ****     }
1217:Drivers/STM32F7xx_HAL_Driver/Src/stm32f7xx_hal_tim_ex.c **** 
1218:Drivers/STM32F7xx_HAL_Driver/Src/stm32f7xx_hal_tim_ex.c ****     case TIM_CHANNEL_2:
1219:Drivers/STM32F7xx_HAL_Driver/Src/stm32f7xx_hal_tim_ex.c ****     {
1220:Drivers/STM32F7xx_HAL_Driver/Src/stm32f7xx_hal_tim_ex.c ****       /* Enable the TIM Capture/Compare 2 interrupt */
1221:Drivers/STM32F7xx_HAL_Driver/Src/stm32f7xx_hal_tim_ex.c ****       __HAL_TIM_ENABLE_IT(htim, TIM_IT_CC2);
1222:Drivers/STM32F7xx_HAL_Driver/Src/stm32f7xx_hal_tim_ex.c ****       break;
1223:Drivers/STM32F7xx_HAL_Driver/Src/stm32f7xx_hal_tim_ex.c ****     }
1224:Drivers/STM32F7xx_HAL_Driver/Src/stm32f7xx_hal_tim_ex.c **** 
1225:Drivers/STM32F7xx_HAL_Driver/Src/stm32f7xx_hal_tim_ex.c ****     case TIM_CHANNEL_3:
1226:Drivers/STM32F7xx_HAL_Driver/Src/stm32f7xx_hal_tim_ex.c ****     {
1227:Drivers/STM32F7xx_HAL_Driver/Src/stm32f7xx_hal_tim_ex.c ****       /* Enable the TIM Capture/Compare 3 interrupt */
1228:Drivers/STM32F7xx_HAL_Driver/Src/stm32f7xx_hal_tim_ex.c ****       __HAL_TIM_ENABLE_IT(htim, TIM_IT_CC3);
ARM GAS  /tmp/ccJkDeps.s 			page 23


1229:Drivers/STM32F7xx_HAL_Driver/Src/stm32f7xx_hal_tim_ex.c ****       break;
1230:Drivers/STM32F7xx_HAL_Driver/Src/stm32f7xx_hal_tim_ex.c ****     }
1231:Drivers/STM32F7xx_HAL_Driver/Src/stm32f7xx_hal_tim_ex.c **** 
1232:Drivers/STM32F7xx_HAL_Driver/Src/stm32f7xx_hal_tim_ex.c ****     default:
1233:Drivers/STM32F7xx_HAL_Driver/Src/stm32f7xx_hal_tim_ex.c ****       status = HAL_ERROR;
1234:Drivers/STM32F7xx_HAL_Driver/Src/stm32f7xx_hal_tim_ex.c ****       break;
1235:Drivers/STM32F7xx_HAL_Driver/Src/stm32f7xx_hal_tim_ex.c ****   }
1236:Drivers/STM32F7xx_HAL_Driver/Src/stm32f7xx_hal_tim_ex.c **** 
1237:Drivers/STM32F7xx_HAL_Driver/Src/stm32f7xx_hal_tim_ex.c ****   if (status == HAL_OK)
1238:Drivers/STM32F7xx_HAL_Driver/Src/stm32f7xx_hal_tim_ex.c ****   {
1239:Drivers/STM32F7xx_HAL_Driver/Src/stm32f7xx_hal_tim_ex.c ****     /* Enable the TIM Break interrupt */
1240:Drivers/STM32F7xx_HAL_Driver/Src/stm32f7xx_hal_tim_ex.c ****     __HAL_TIM_ENABLE_IT(htim, TIM_IT_BREAK);
1241:Drivers/STM32F7xx_HAL_Driver/Src/stm32f7xx_hal_tim_ex.c **** 
1242:Drivers/STM32F7xx_HAL_Driver/Src/stm32f7xx_hal_tim_ex.c ****     /* Enable the complementary PWM output  */
1243:Drivers/STM32F7xx_HAL_Driver/Src/stm32f7xx_hal_tim_ex.c ****     TIM_CCxNChannelCmd(htim->Instance, Channel, TIM_CCxN_ENABLE);
1244:Drivers/STM32F7xx_HAL_Driver/Src/stm32f7xx_hal_tim_ex.c **** 
1245:Drivers/STM32F7xx_HAL_Driver/Src/stm32f7xx_hal_tim_ex.c ****     /* Enable the Main Output */
1246:Drivers/STM32F7xx_HAL_Driver/Src/stm32f7xx_hal_tim_ex.c ****     __HAL_TIM_MOE_ENABLE(htim);
1247:Drivers/STM32F7xx_HAL_Driver/Src/stm32f7xx_hal_tim_ex.c **** 
1248:Drivers/STM32F7xx_HAL_Driver/Src/stm32f7xx_hal_tim_ex.c ****     /* Enable the Peripheral, except in trigger mode where enable is automatically done with trigge
1249:Drivers/STM32F7xx_HAL_Driver/Src/stm32f7xx_hal_tim_ex.c ****     if (IS_TIM_SLAVE_INSTANCE(htim->Instance))
1250:Drivers/STM32F7xx_HAL_Driver/Src/stm32f7xx_hal_tim_ex.c ****     {
1251:Drivers/STM32F7xx_HAL_Driver/Src/stm32f7xx_hal_tim_ex.c ****       tmpsmcr = htim->Instance->SMCR & TIM_SMCR_SMS;
1252:Drivers/STM32F7xx_HAL_Driver/Src/stm32f7xx_hal_tim_ex.c ****       if (!IS_TIM_SLAVEMODE_TRIGGER_ENABLED(tmpsmcr))
1253:Drivers/STM32F7xx_HAL_Driver/Src/stm32f7xx_hal_tim_ex.c ****       {
1254:Drivers/STM32F7xx_HAL_Driver/Src/stm32f7xx_hal_tim_ex.c ****         __HAL_TIM_ENABLE(htim);
1255:Drivers/STM32F7xx_HAL_Driver/Src/stm32f7xx_hal_tim_ex.c ****       }
1256:Drivers/STM32F7xx_HAL_Driver/Src/stm32f7xx_hal_tim_ex.c ****     }
1257:Drivers/STM32F7xx_HAL_Driver/Src/stm32f7xx_hal_tim_ex.c ****     else
1258:Drivers/STM32F7xx_HAL_Driver/Src/stm32f7xx_hal_tim_ex.c ****     {
1259:Drivers/STM32F7xx_HAL_Driver/Src/stm32f7xx_hal_tim_ex.c ****       __HAL_TIM_ENABLE(htim);
1260:Drivers/STM32F7xx_HAL_Driver/Src/stm32f7xx_hal_tim_ex.c ****     }
1261:Drivers/STM32F7xx_HAL_Driver/Src/stm32f7xx_hal_tim_ex.c ****   }
1262:Drivers/STM32F7xx_HAL_Driver/Src/stm32f7xx_hal_tim_ex.c **** 
1263:Drivers/STM32F7xx_HAL_Driver/Src/stm32f7xx_hal_tim_ex.c ****   /* Return function status */
1264:Drivers/STM32F7xx_HAL_Driver/Src/stm32f7xx_hal_tim_ex.c ****   return status;
1265:Drivers/STM32F7xx_HAL_Driver/Src/stm32f7xx_hal_tim_ex.c **** }
1266:Drivers/STM32F7xx_HAL_Driver/Src/stm32f7xx_hal_tim_ex.c **** 
1267:Drivers/STM32F7xx_HAL_Driver/Src/stm32f7xx_hal_tim_ex.c **** /**
1268:Drivers/STM32F7xx_HAL_Driver/Src/stm32f7xx_hal_tim_ex.c ****   * @brief  Stops the PWM signal generation in interrupt mode on the
1269:Drivers/STM32F7xx_HAL_Driver/Src/stm32f7xx_hal_tim_ex.c ****   *         complementary output.
1270:Drivers/STM32F7xx_HAL_Driver/Src/stm32f7xx_hal_tim_ex.c ****   * @param  htim TIM handle
1271:Drivers/STM32F7xx_HAL_Driver/Src/stm32f7xx_hal_tim_ex.c ****   * @param  Channel TIM Channel to be disabled
1272:Drivers/STM32F7xx_HAL_Driver/Src/stm32f7xx_hal_tim_ex.c ****   *          This parameter can be one of the following values:
1273:Drivers/STM32F7xx_HAL_Driver/Src/stm32f7xx_hal_tim_ex.c ****   *            @arg TIM_CHANNEL_1: TIM Channel 1 selected
1274:Drivers/STM32F7xx_HAL_Driver/Src/stm32f7xx_hal_tim_ex.c ****   *            @arg TIM_CHANNEL_2: TIM Channel 2 selected
1275:Drivers/STM32F7xx_HAL_Driver/Src/stm32f7xx_hal_tim_ex.c ****   *            @arg TIM_CHANNEL_3: TIM Channel 3 selected
1276:Drivers/STM32F7xx_HAL_Driver/Src/stm32f7xx_hal_tim_ex.c ****   * @retval HAL status
1277:Drivers/STM32F7xx_HAL_Driver/Src/stm32f7xx_hal_tim_ex.c ****   */
1278:Drivers/STM32F7xx_HAL_Driver/Src/stm32f7xx_hal_tim_ex.c **** HAL_StatusTypeDef HAL_TIMEx_PWMN_Stop_IT(TIM_HandleTypeDef *htim, uint32_t Channel)
1279:Drivers/STM32F7xx_HAL_Driver/Src/stm32f7xx_hal_tim_ex.c **** {
1280:Drivers/STM32F7xx_HAL_Driver/Src/stm32f7xx_hal_tim_ex.c ****   HAL_StatusTypeDef status = HAL_OK;
1281:Drivers/STM32F7xx_HAL_Driver/Src/stm32f7xx_hal_tim_ex.c ****   uint32_t tmpccer;
1282:Drivers/STM32F7xx_HAL_Driver/Src/stm32f7xx_hal_tim_ex.c **** 
1283:Drivers/STM32F7xx_HAL_Driver/Src/stm32f7xx_hal_tim_ex.c ****   /* Check the parameters */
1284:Drivers/STM32F7xx_HAL_Driver/Src/stm32f7xx_hal_tim_ex.c ****   assert_param(IS_TIM_CCXN_INSTANCE(htim->Instance, Channel));
1285:Drivers/STM32F7xx_HAL_Driver/Src/stm32f7xx_hal_tim_ex.c **** 
ARM GAS  /tmp/ccJkDeps.s 			page 24


1286:Drivers/STM32F7xx_HAL_Driver/Src/stm32f7xx_hal_tim_ex.c ****   switch (Channel)
1287:Drivers/STM32F7xx_HAL_Driver/Src/stm32f7xx_hal_tim_ex.c ****   {
1288:Drivers/STM32F7xx_HAL_Driver/Src/stm32f7xx_hal_tim_ex.c ****     case TIM_CHANNEL_1:
1289:Drivers/STM32F7xx_HAL_Driver/Src/stm32f7xx_hal_tim_ex.c ****     {
1290:Drivers/STM32F7xx_HAL_Driver/Src/stm32f7xx_hal_tim_ex.c ****       /* Disable the TIM Capture/Compare 1 interrupt */
1291:Drivers/STM32F7xx_HAL_Driver/Src/stm32f7xx_hal_tim_ex.c ****       __HAL_TIM_DISABLE_IT(htim, TIM_IT_CC1);
1292:Drivers/STM32F7xx_HAL_Driver/Src/stm32f7xx_hal_tim_ex.c ****       break;
1293:Drivers/STM32F7xx_HAL_Driver/Src/stm32f7xx_hal_tim_ex.c ****     }
1294:Drivers/STM32F7xx_HAL_Driver/Src/stm32f7xx_hal_tim_ex.c **** 
1295:Drivers/STM32F7xx_HAL_Driver/Src/stm32f7xx_hal_tim_ex.c ****     case TIM_CHANNEL_2:
1296:Drivers/STM32F7xx_HAL_Driver/Src/stm32f7xx_hal_tim_ex.c ****     {
1297:Drivers/STM32F7xx_HAL_Driver/Src/stm32f7xx_hal_tim_ex.c ****       /* Disable the TIM Capture/Compare 2 interrupt */
1298:Drivers/STM32F7xx_HAL_Driver/Src/stm32f7xx_hal_tim_ex.c ****       __HAL_TIM_DISABLE_IT(htim, TIM_IT_CC2);
1299:Drivers/STM32F7xx_HAL_Driver/Src/stm32f7xx_hal_tim_ex.c ****       break;
1300:Drivers/STM32F7xx_HAL_Driver/Src/stm32f7xx_hal_tim_ex.c ****     }
1301:Drivers/STM32F7xx_HAL_Driver/Src/stm32f7xx_hal_tim_ex.c **** 
1302:Drivers/STM32F7xx_HAL_Driver/Src/stm32f7xx_hal_tim_ex.c ****     case TIM_CHANNEL_3:
1303:Drivers/STM32F7xx_HAL_Driver/Src/stm32f7xx_hal_tim_ex.c ****     {
1304:Drivers/STM32F7xx_HAL_Driver/Src/stm32f7xx_hal_tim_ex.c ****       /* Disable the TIM Capture/Compare 3 interrupt */
1305:Drivers/STM32F7xx_HAL_Driver/Src/stm32f7xx_hal_tim_ex.c ****       __HAL_TIM_DISABLE_IT(htim, TIM_IT_CC3);
1306:Drivers/STM32F7xx_HAL_Driver/Src/stm32f7xx_hal_tim_ex.c ****       break;
1307:Drivers/STM32F7xx_HAL_Driver/Src/stm32f7xx_hal_tim_ex.c ****     }
1308:Drivers/STM32F7xx_HAL_Driver/Src/stm32f7xx_hal_tim_ex.c **** 
1309:Drivers/STM32F7xx_HAL_Driver/Src/stm32f7xx_hal_tim_ex.c ****     default:
1310:Drivers/STM32F7xx_HAL_Driver/Src/stm32f7xx_hal_tim_ex.c ****       status = HAL_ERROR;
1311:Drivers/STM32F7xx_HAL_Driver/Src/stm32f7xx_hal_tim_ex.c ****       break;
1312:Drivers/STM32F7xx_HAL_Driver/Src/stm32f7xx_hal_tim_ex.c ****   }
1313:Drivers/STM32F7xx_HAL_Driver/Src/stm32f7xx_hal_tim_ex.c **** 
1314:Drivers/STM32F7xx_HAL_Driver/Src/stm32f7xx_hal_tim_ex.c ****   if (status == HAL_OK)
1315:Drivers/STM32F7xx_HAL_Driver/Src/stm32f7xx_hal_tim_ex.c ****   {
1316:Drivers/STM32F7xx_HAL_Driver/Src/stm32f7xx_hal_tim_ex.c ****     /* Disable the complementary PWM output  */
1317:Drivers/STM32F7xx_HAL_Driver/Src/stm32f7xx_hal_tim_ex.c ****     TIM_CCxNChannelCmd(htim->Instance, Channel, TIM_CCxN_DISABLE);
1318:Drivers/STM32F7xx_HAL_Driver/Src/stm32f7xx_hal_tim_ex.c **** 
1319:Drivers/STM32F7xx_HAL_Driver/Src/stm32f7xx_hal_tim_ex.c ****     /* Disable the TIM Break interrupt (only if no more channel is active) */
1320:Drivers/STM32F7xx_HAL_Driver/Src/stm32f7xx_hal_tim_ex.c ****     tmpccer = htim->Instance->CCER;
1321:Drivers/STM32F7xx_HAL_Driver/Src/stm32f7xx_hal_tim_ex.c ****     if ((tmpccer & (TIM_CCER_CC1NE | TIM_CCER_CC2NE | TIM_CCER_CC3NE)) == (uint32_t)RESET)
1322:Drivers/STM32F7xx_HAL_Driver/Src/stm32f7xx_hal_tim_ex.c ****     {
1323:Drivers/STM32F7xx_HAL_Driver/Src/stm32f7xx_hal_tim_ex.c ****       __HAL_TIM_DISABLE_IT(htim, TIM_IT_BREAK);
1324:Drivers/STM32F7xx_HAL_Driver/Src/stm32f7xx_hal_tim_ex.c ****     }
1325:Drivers/STM32F7xx_HAL_Driver/Src/stm32f7xx_hal_tim_ex.c **** 
1326:Drivers/STM32F7xx_HAL_Driver/Src/stm32f7xx_hal_tim_ex.c ****     /* Disable the Main Output */
1327:Drivers/STM32F7xx_HAL_Driver/Src/stm32f7xx_hal_tim_ex.c ****     __HAL_TIM_MOE_DISABLE(htim);
1328:Drivers/STM32F7xx_HAL_Driver/Src/stm32f7xx_hal_tim_ex.c **** 
1329:Drivers/STM32F7xx_HAL_Driver/Src/stm32f7xx_hal_tim_ex.c ****     /* Disable the Peripheral */
1330:Drivers/STM32F7xx_HAL_Driver/Src/stm32f7xx_hal_tim_ex.c ****     __HAL_TIM_DISABLE(htim);
1331:Drivers/STM32F7xx_HAL_Driver/Src/stm32f7xx_hal_tim_ex.c **** 
1332:Drivers/STM32F7xx_HAL_Driver/Src/stm32f7xx_hal_tim_ex.c ****     /* Set the TIM complementary channel state */
1333:Drivers/STM32F7xx_HAL_Driver/Src/stm32f7xx_hal_tim_ex.c ****     TIM_CHANNEL_N_STATE_SET(htim, Channel, HAL_TIM_CHANNEL_STATE_READY);
1334:Drivers/STM32F7xx_HAL_Driver/Src/stm32f7xx_hal_tim_ex.c ****   }
1335:Drivers/STM32F7xx_HAL_Driver/Src/stm32f7xx_hal_tim_ex.c **** 
1336:Drivers/STM32F7xx_HAL_Driver/Src/stm32f7xx_hal_tim_ex.c ****   /* Return function status */
1337:Drivers/STM32F7xx_HAL_Driver/Src/stm32f7xx_hal_tim_ex.c ****   return status;
1338:Drivers/STM32F7xx_HAL_Driver/Src/stm32f7xx_hal_tim_ex.c **** }
1339:Drivers/STM32F7xx_HAL_Driver/Src/stm32f7xx_hal_tim_ex.c **** 
1340:Drivers/STM32F7xx_HAL_Driver/Src/stm32f7xx_hal_tim_ex.c **** /**
1341:Drivers/STM32F7xx_HAL_Driver/Src/stm32f7xx_hal_tim_ex.c ****   * @brief  Starts the TIM PWM signal generation in DMA mode on the
1342:Drivers/STM32F7xx_HAL_Driver/Src/stm32f7xx_hal_tim_ex.c ****   *         complementary output
ARM GAS  /tmp/ccJkDeps.s 			page 25


1343:Drivers/STM32F7xx_HAL_Driver/Src/stm32f7xx_hal_tim_ex.c ****   * @param  htim TIM handle
1344:Drivers/STM32F7xx_HAL_Driver/Src/stm32f7xx_hal_tim_ex.c ****   * @param  Channel TIM Channel to be enabled
1345:Drivers/STM32F7xx_HAL_Driver/Src/stm32f7xx_hal_tim_ex.c ****   *          This parameter can be one of the following values:
1346:Drivers/STM32F7xx_HAL_Driver/Src/stm32f7xx_hal_tim_ex.c ****   *            @arg TIM_CHANNEL_1: TIM Channel 1 selected
1347:Drivers/STM32F7xx_HAL_Driver/Src/stm32f7xx_hal_tim_ex.c ****   *            @arg TIM_CHANNEL_2: TIM Channel 2 selected
1348:Drivers/STM32F7xx_HAL_Driver/Src/stm32f7xx_hal_tim_ex.c ****   *            @arg TIM_CHANNEL_3: TIM Channel 3 selected
1349:Drivers/STM32F7xx_HAL_Driver/Src/stm32f7xx_hal_tim_ex.c ****   * @param  pData The source Buffer address.
1350:Drivers/STM32F7xx_HAL_Driver/Src/stm32f7xx_hal_tim_ex.c ****   * @param  Length The length of data to be transferred from memory to TIM peripheral
1351:Drivers/STM32F7xx_HAL_Driver/Src/stm32f7xx_hal_tim_ex.c ****   * @retval HAL status
1352:Drivers/STM32F7xx_HAL_Driver/Src/stm32f7xx_hal_tim_ex.c ****   */
1353:Drivers/STM32F7xx_HAL_Driver/Src/stm32f7xx_hal_tim_ex.c **** HAL_StatusTypeDef HAL_TIMEx_PWMN_Start_DMA(TIM_HandleTypeDef *htim, uint32_t Channel, const uint32_
1354:Drivers/STM32F7xx_HAL_Driver/Src/stm32f7xx_hal_tim_ex.c ****                                            uint16_t Length)
1355:Drivers/STM32F7xx_HAL_Driver/Src/stm32f7xx_hal_tim_ex.c **** {
1356:Drivers/STM32F7xx_HAL_Driver/Src/stm32f7xx_hal_tim_ex.c ****   HAL_StatusTypeDef status = HAL_OK;
1357:Drivers/STM32F7xx_HAL_Driver/Src/stm32f7xx_hal_tim_ex.c ****   uint32_t tmpsmcr;
1358:Drivers/STM32F7xx_HAL_Driver/Src/stm32f7xx_hal_tim_ex.c **** 
1359:Drivers/STM32F7xx_HAL_Driver/Src/stm32f7xx_hal_tim_ex.c ****   /* Check the parameters */
1360:Drivers/STM32F7xx_HAL_Driver/Src/stm32f7xx_hal_tim_ex.c ****   assert_param(IS_TIM_CCXN_INSTANCE(htim->Instance, Channel));
1361:Drivers/STM32F7xx_HAL_Driver/Src/stm32f7xx_hal_tim_ex.c **** 
1362:Drivers/STM32F7xx_HAL_Driver/Src/stm32f7xx_hal_tim_ex.c ****   /* Set the TIM complementary channel state */
1363:Drivers/STM32F7xx_HAL_Driver/Src/stm32f7xx_hal_tim_ex.c ****   if (TIM_CHANNEL_N_STATE_GET(htim, Channel) == HAL_TIM_CHANNEL_STATE_BUSY)
1364:Drivers/STM32F7xx_HAL_Driver/Src/stm32f7xx_hal_tim_ex.c ****   {
1365:Drivers/STM32F7xx_HAL_Driver/Src/stm32f7xx_hal_tim_ex.c ****     return HAL_BUSY;
1366:Drivers/STM32F7xx_HAL_Driver/Src/stm32f7xx_hal_tim_ex.c ****   }
1367:Drivers/STM32F7xx_HAL_Driver/Src/stm32f7xx_hal_tim_ex.c ****   else if (TIM_CHANNEL_N_STATE_GET(htim, Channel) == HAL_TIM_CHANNEL_STATE_READY)
1368:Drivers/STM32F7xx_HAL_Driver/Src/stm32f7xx_hal_tim_ex.c ****   {
1369:Drivers/STM32F7xx_HAL_Driver/Src/stm32f7xx_hal_tim_ex.c ****     if ((pData == NULL) || (Length == 0U))
1370:Drivers/STM32F7xx_HAL_Driver/Src/stm32f7xx_hal_tim_ex.c ****     {
1371:Drivers/STM32F7xx_HAL_Driver/Src/stm32f7xx_hal_tim_ex.c ****       return HAL_ERROR;
1372:Drivers/STM32F7xx_HAL_Driver/Src/stm32f7xx_hal_tim_ex.c ****     }
1373:Drivers/STM32F7xx_HAL_Driver/Src/stm32f7xx_hal_tim_ex.c ****     else
1374:Drivers/STM32F7xx_HAL_Driver/Src/stm32f7xx_hal_tim_ex.c ****     {
1375:Drivers/STM32F7xx_HAL_Driver/Src/stm32f7xx_hal_tim_ex.c ****       TIM_CHANNEL_N_STATE_SET(htim, Channel, HAL_TIM_CHANNEL_STATE_BUSY);
1376:Drivers/STM32F7xx_HAL_Driver/Src/stm32f7xx_hal_tim_ex.c ****     }
1377:Drivers/STM32F7xx_HAL_Driver/Src/stm32f7xx_hal_tim_ex.c ****   }
1378:Drivers/STM32F7xx_HAL_Driver/Src/stm32f7xx_hal_tim_ex.c ****   else
1379:Drivers/STM32F7xx_HAL_Driver/Src/stm32f7xx_hal_tim_ex.c ****   {
1380:Drivers/STM32F7xx_HAL_Driver/Src/stm32f7xx_hal_tim_ex.c ****     return HAL_ERROR;
1381:Drivers/STM32F7xx_HAL_Driver/Src/stm32f7xx_hal_tim_ex.c ****   }
1382:Drivers/STM32F7xx_HAL_Driver/Src/stm32f7xx_hal_tim_ex.c **** 
1383:Drivers/STM32F7xx_HAL_Driver/Src/stm32f7xx_hal_tim_ex.c ****   switch (Channel)
1384:Drivers/STM32F7xx_HAL_Driver/Src/stm32f7xx_hal_tim_ex.c ****   {
1385:Drivers/STM32F7xx_HAL_Driver/Src/stm32f7xx_hal_tim_ex.c ****     case TIM_CHANNEL_1:
1386:Drivers/STM32F7xx_HAL_Driver/Src/stm32f7xx_hal_tim_ex.c ****     {
1387:Drivers/STM32F7xx_HAL_Driver/Src/stm32f7xx_hal_tim_ex.c ****       /* Set the DMA compare callbacks */
1388:Drivers/STM32F7xx_HAL_Driver/Src/stm32f7xx_hal_tim_ex.c ****       htim->hdma[TIM_DMA_ID_CC1]->XferCpltCallback = TIM_DMADelayPulseNCplt;
1389:Drivers/STM32F7xx_HAL_Driver/Src/stm32f7xx_hal_tim_ex.c ****       htim->hdma[TIM_DMA_ID_CC1]->XferHalfCpltCallback = TIM_DMADelayPulseHalfCplt;
1390:Drivers/STM32F7xx_HAL_Driver/Src/stm32f7xx_hal_tim_ex.c **** 
1391:Drivers/STM32F7xx_HAL_Driver/Src/stm32f7xx_hal_tim_ex.c ****       /* Set the DMA error callback */
1392:Drivers/STM32F7xx_HAL_Driver/Src/stm32f7xx_hal_tim_ex.c ****       htim->hdma[TIM_DMA_ID_CC1]->XferErrorCallback = TIM_DMAErrorCCxN ;
1393:Drivers/STM32F7xx_HAL_Driver/Src/stm32f7xx_hal_tim_ex.c **** 
1394:Drivers/STM32F7xx_HAL_Driver/Src/stm32f7xx_hal_tim_ex.c ****       /* Enable the DMA stream */
1395:Drivers/STM32F7xx_HAL_Driver/Src/stm32f7xx_hal_tim_ex.c ****       if (HAL_DMA_Start_IT(htim->hdma[TIM_DMA_ID_CC1], (uint32_t)pData, (uint32_t)&htim->Instance->
1396:Drivers/STM32F7xx_HAL_Driver/Src/stm32f7xx_hal_tim_ex.c ****                            Length) != HAL_OK)
1397:Drivers/STM32F7xx_HAL_Driver/Src/stm32f7xx_hal_tim_ex.c ****       {
1398:Drivers/STM32F7xx_HAL_Driver/Src/stm32f7xx_hal_tim_ex.c ****         /* Return error status */
1399:Drivers/STM32F7xx_HAL_Driver/Src/stm32f7xx_hal_tim_ex.c ****         return HAL_ERROR;
ARM GAS  /tmp/ccJkDeps.s 			page 26


1400:Drivers/STM32F7xx_HAL_Driver/Src/stm32f7xx_hal_tim_ex.c ****       }
1401:Drivers/STM32F7xx_HAL_Driver/Src/stm32f7xx_hal_tim_ex.c ****       /* Enable the TIM Capture/Compare 1 DMA request */
1402:Drivers/STM32F7xx_HAL_Driver/Src/stm32f7xx_hal_tim_ex.c ****       __HAL_TIM_ENABLE_DMA(htim, TIM_DMA_CC1);
1403:Drivers/STM32F7xx_HAL_Driver/Src/stm32f7xx_hal_tim_ex.c ****       break;
1404:Drivers/STM32F7xx_HAL_Driver/Src/stm32f7xx_hal_tim_ex.c ****     }
1405:Drivers/STM32F7xx_HAL_Driver/Src/stm32f7xx_hal_tim_ex.c **** 
1406:Drivers/STM32F7xx_HAL_Driver/Src/stm32f7xx_hal_tim_ex.c ****     case TIM_CHANNEL_2:
1407:Drivers/STM32F7xx_HAL_Driver/Src/stm32f7xx_hal_tim_ex.c ****     {
1408:Drivers/STM32F7xx_HAL_Driver/Src/stm32f7xx_hal_tim_ex.c ****       /* Set the DMA compare callbacks */
1409:Drivers/STM32F7xx_HAL_Driver/Src/stm32f7xx_hal_tim_ex.c ****       htim->hdma[TIM_DMA_ID_CC2]->XferCpltCallback = TIM_DMADelayPulseNCplt;
1410:Drivers/STM32F7xx_HAL_Driver/Src/stm32f7xx_hal_tim_ex.c ****       htim->hdma[TIM_DMA_ID_CC2]->XferHalfCpltCallback = TIM_DMADelayPulseHalfCplt;
1411:Drivers/STM32F7xx_HAL_Driver/Src/stm32f7xx_hal_tim_ex.c **** 
1412:Drivers/STM32F7xx_HAL_Driver/Src/stm32f7xx_hal_tim_ex.c ****       /* Set the DMA error callback */
1413:Drivers/STM32F7xx_HAL_Driver/Src/stm32f7xx_hal_tim_ex.c ****       htim->hdma[TIM_DMA_ID_CC2]->XferErrorCallback = TIM_DMAErrorCCxN ;
1414:Drivers/STM32F7xx_HAL_Driver/Src/stm32f7xx_hal_tim_ex.c **** 
1415:Drivers/STM32F7xx_HAL_Driver/Src/stm32f7xx_hal_tim_ex.c ****       /* Enable the DMA stream */
1416:Drivers/STM32F7xx_HAL_Driver/Src/stm32f7xx_hal_tim_ex.c ****       if (HAL_DMA_Start_IT(htim->hdma[TIM_DMA_ID_CC2], (uint32_t)pData, (uint32_t)&htim->Instance->
1417:Drivers/STM32F7xx_HAL_Driver/Src/stm32f7xx_hal_tim_ex.c ****                            Length) != HAL_OK)
1418:Drivers/STM32F7xx_HAL_Driver/Src/stm32f7xx_hal_tim_ex.c ****       {
1419:Drivers/STM32F7xx_HAL_Driver/Src/stm32f7xx_hal_tim_ex.c ****         /* Return error status */
1420:Drivers/STM32F7xx_HAL_Driver/Src/stm32f7xx_hal_tim_ex.c ****         return HAL_ERROR;
1421:Drivers/STM32F7xx_HAL_Driver/Src/stm32f7xx_hal_tim_ex.c ****       }
1422:Drivers/STM32F7xx_HAL_Driver/Src/stm32f7xx_hal_tim_ex.c ****       /* Enable the TIM Capture/Compare 2 DMA request */
1423:Drivers/STM32F7xx_HAL_Driver/Src/stm32f7xx_hal_tim_ex.c ****       __HAL_TIM_ENABLE_DMA(htim, TIM_DMA_CC2);
1424:Drivers/STM32F7xx_HAL_Driver/Src/stm32f7xx_hal_tim_ex.c ****       break;
1425:Drivers/STM32F7xx_HAL_Driver/Src/stm32f7xx_hal_tim_ex.c ****     }
1426:Drivers/STM32F7xx_HAL_Driver/Src/stm32f7xx_hal_tim_ex.c **** 
1427:Drivers/STM32F7xx_HAL_Driver/Src/stm32f7xx_hal_tim_ex.c ****     case TIM_CHANNEL_3:
1428:Drivers/STM32F7xx_HAL_Driver/Src/stm32f7xx_hal_tim_ex.c ****     {
1429:Drivers/STM32F7xx_HAL_Driver/Src/stm32f7xx_hal_tim_ex.c ****       /* Set the DMA compare callbacks */
1430:Drivers/STM32F7xx_HAL_Driver/Src/stm32f7xx_hal_tim_ex.c ****       htim->hdma[TIM_DMA_ID_CC3]->XferCpltCallback = TIM_DMADelayPulseNCplt;
1431:Drivers/STM32F7xx_HAL_Driver/Src/stm32f7xx_hal_tim_ex.c ****       htim->hdma[TIM_DMA_ID_CC3]->XferHalfCpltCallback = TIM_DMADelayPulseHalfCplt;
1432:Drivers/STM32F7xx_HAL_Driver/Src/stm32f7xx_hal_tim_ex.c **** 
1433:Drivers/STM32F7xx_HAL_Driver/Src/stm32f7xx_hal_tim_ex.c ****       /* Set the DMA error callback */
1434:Drivers/STM32F7xx_HAL_Driver/Src/stm32f7xx_hal_tim_ex.c ****       htim->hdma[TIM_DMA_ID_CC3]->XferErrorCallback = TIM_DMAErrorCCxN ;
1435:Drivers/STM32F7xx_HAL_Driver/Src/stm32f7xx_hal_tim_ex.c **** 
1436:Drivers/STM32F7xx_HAL_Driver/Src/stm32f7xx_hal_tim_ex.c ****       /* Enable the DMA stream */
1437:Drivers/STM32F7xx_HAL_Driver/Src/stm32f7xx_hal_tim_ex.c ****       if (HAL_DMA_Start_IT(htim->hdma[TIM_DMA_ID_CC3], (uint32_t)pData, (uint32_t)&htim->Instance->
1438:Drivers/STM32F7xx_HAL_Driver/Src/stm32f7xx_hal_tim_ex.c ****                            Length) != HAL_OK)
1439:Drivers/STM32F7xx_HAL_Driver/Src/stm32f7xx_hal_tim_ex.c ****       {
1440:Drivers/STM32F7xx_HAL_Driver/Src/stm32f7xx_hal_tim_ex.c ****         /* Return error status */
1441:Drivers/STM32F7xx_HAL_Driver/Src/stm32f7xx_hal_tim_ex.c ****         return HAL_ERROR;
1442:Drivers/STM32F7xx_HAL_Driver/Src/stm32f7xx_hal_tim_ex.c ****       }
1443:Drivers/STM32F7xx_HAL_Driver/Src/stm32f7xx_hal_tim_ex.c ****       /* Enable the TIM Capture/Compare 3 DMA request */
1444:Drivers/STM32F7xx_HAL_Driver/Src/stm32f7xx_hal_tim_ex.c ****       __HAL_TIM_ENABLE_DMA(htim, TIM_DMA_CC3);
1445:Drivers/STM32F7xx_HAL_Driver/Src/stm32f7xx_hal_tim_ex.c ****       break;
1446:Drivers/STM32F7xx_HAL_Driver/Src/stm32f7xx_hal_tim_ex.c ****     }
1447:Drivers/STM32F7xx_HAL_Driver/Src/stm32f7xx_hal_tim_ex.c **** 
1448:Drivers/STM32F7xx_HAL_Driver/Src/stm32f7xx_hal_tim_ex.c ****     default:
1449:Drivers/STM32F7xx_HAL_Driver/Src/stm32f7xx_hal_tim_ex.c ****       status = HAL_ERROR;
1450:Drivers/STM32F7xx_HAL_Driver/Src/stm32f7xx_hal_tim_ex.c ****       break;
1451:Drivers/STM32F7xx_HAL_Driver/Src/stm32f7xx_hal_tim_ex.c ****   }
1452:Drivers/STM32F7xx_HAL_Driver/Src/stm32f7xx_hal_tim_ex.c **** 
1453:Drivers/STM32F7xx_HAL_Driver/Src/stm32f7xx_hal_tim_ex.c ****   if (status == HAL_OK)
1454:Drivers/STM32F7xx_HAL_Driver/Src/stm32f7xx_hal_tim_ex.c ****   {
1455:Drivers/STM32F7xx_HAL_Driver/Src/stm32f7xx_hal_tim_ex.c ****     /* Enable the complementary PWM output  */
1456:Drivers/STM32F7xx_HAL_Driver/Src/stm32f7xx_hal_tim_ex.c ****     TIM_CCxNChannelCmd(htim->Instance, Channel, TIM_CCxN_ENABLE);
ARM GAS  /tmp/ccJkDeps.s 			page 27


1457:Drivers/STM32F7xx_HAL_Driver/Src/stm32f7xx_hal_tim_ex.c **** 
1458:Drivers/STM32F7xx_HAL_Driver/Src/stm32f7xx_hal_tim_ex.c ****     /* Enable the Main Output */
1459:Drivers/STM32F7xx_HAL_Driver/Src/stm32f7xx_hal_tim_ex.c ****     __HAL_TIM_MOE_ENABLE(htim);
1460:Drivers/STM32F7xx_HAL_Driver/Src/stm32f7xx_hal_tim_ex.c **** 
1461:Drivers/STM32F7xx_HAL_Driver/Src/stm32f7xx_hal_tim_ex.c ****     /* Enable the Peripheral, except in trigger mode where enable is automatically done with trigge
1462:Drivers/STM32F7xx_HAL_Driver/Src/stm32f7xx_hal_tim_ex.c ****     if (IS_TIM_SLAVE_INSTANCE(htim->Instance))
1463:Drivers/STM32F7xx_HAL_Driver/Src/stm32f7xx_hal_tim_ex.c ****     {
1464:Drivers/STM32F7xx_HAL_Driver/Src/stm32f7xx_hal_tim_ex.c ****       tmpsmcr = htim->Instance->SMCR & TIM_SMCR_SMS;
1465:Drivers/STM32F7xx_HAL_Driver/Src/stm32f7xx_hal_tim_ex.c ****       if (!IS_TIM_SLAVEMODE_TRIGGER_ENABLED(tmpsmcr))
1466:Drivers/STM32F7xx_HAL_Driver/Src/stm32f7xx_hal_tim_ex.c ****       {
1467:Drivers/STM32F7xx_HAL_Driver/Src/stm32f7xx_hal_tim_ex.c ****         __HAL_TIM_ENABLE(htim);
1468:Drivers/STM32F7xx_HAL_Driver/Src/stm32f7xx_hal_tim_ex.c ****       }
1469:Drivers/STM32F7xx_HAL_Driver/Src/stm32f7xx_hal_tim_ex.c ****     }
1470:Drivers/STM32F7xx_HAL_Driver/Src/stm32f7xx_hal_tim_ex.c ****     else
1471:Drivers/STM32F7xx_HAL_Driver/Src/stm32f7xx_hal_tim_ex.c ****     {
1472:Drivers/STM32F7xx_HAL_Driver/Src/stm32f7xx_hal_tim_ex.c ****       __HAL_TIM_ENABLE(htim);
1473:Drivers/STM32F7xx_HAL_Driver/Src/stm32f7xx_hal_tim_ex.c ****     }
1474:Drivers/STM32F7xx_HAL_Driver/Src/stm32f7xx_hal_tim_ex.c ****   }
1475:Drivers/STM32F7xx_HAL_Driver/Src/stm32f7xx_hal_tim_ex.c **** 
1476:Drivers/STM32F7xx_HAL_Driver/Src/stm32f7xx_hal_tim_ex.c ****   /* Return function status */
1477:Drivers/STM32F7xx_HAL_Driver/Src/stm32f7xx_hal_tim_ex.c ****   return status;
1478:Drivers/STM32F7xx_HAL_Driver/Src/stm32f7xx_hal_tim_ex.c **** }
1479:Drivers/STM32F7xx_HAL_Driver/Src/stm32f7xx_hal_tim_ex.c **** 
1480:Drivers/STM32F7xx_HAL_Driver/Src/stm32f7xx_hal_tim_ex.c **** /**
1481:Drivers/STM32F7xx_HAL_Driver/Src/stm32f7xx_hal_tim_ex.c ****   * @brief  Stops the TIM PWM signal generation in DMA mode on the complementary
1482:Drivers/STM32F7xx_HAL_Driver/Src/stm32f7xx_hal_tim_ex.c ****   *         output
1483:Drivers/STM32F7xx_HAL_Driver/Src/stm32f7xx_hal_tim_ex.c ****   * @param  htim TIM handle
1484:Drivers/STM32F7xx_HAL_Driver/Src/stm32f7xx_hal_tim_ex.c ****   * @param  Channel TIM Channel to be disabled
1485:Drivers/STM32F7xx_HAL_Driver/Src/stm32f7xx_hal_tim_ex.c ****   *          This parameter can be one of the following values:
1486:Drivers/STM32F7xx_HAL_Driver/Src/stm32f7xx_hal_tim_ex.c ****   *            @arg TIM_CHANNEL_1: TIM Channel 1 selected
1487:Drivers/STM32F7xx_HAL_Driver/Src/stm32f7xx_hal_tim_ex.c ****   *            @arg TIM_CHANNEL_2: TIM Channel 2 selected
1488:Drivers/STM32F7xx_HAL_Driver/Src/stm32f7xx_hal_tim_ex.c ****   *            @arg TIM_CHANNEL_3: TIM Channel 3 selected
1489:Drivers/STM32F7xx_HAL_Driver/Src/stm32f7xx_hal_tim_ex.c ****   * @retval HAL status
1490:Drivers/STM32F7xx_HAL_Driver/Src/stm32f7xx_hal_tim_ex.c ****   */
1491:Drivers/STM32F7xx_HAL_Driver/Src/stm32f7xx_hal_tim_ex.c **** HAL_StatusTypeDef HAL_TIMEx_PWMN_Stop_DMA(TIM_HandleTypeDef *htim, uint32_t Channel)
1492:Drivers/STM32F7xx_HAL_Driver/Src/stm32f7xx_hal_tim_ex.c **** {
1493:Drivers/STM32F7xx_HAL_Driver/Src/stm32f7xx_hal_tim_ex.c ****   HAL_StatusTypeDef status = HAL_OK;
1494:Drivers/STM32F7xx_HAL_Driver/Src/stm32f7xx_hal_tim_ex.c **** 
1495:Drivers/STM32F7xx_HAL_Driver/Src/stm32f7xx_hal_tim_ex.c ****   /* Check the parameters */
1496:Drivers/STM32F7xx_HAL_Driver/Src/stm32f7xx_hal_tim_ex.c ****   assert_param(IS_TIM_CCXN_INSTANCE(htim->Instance, Channel));
1497:Drivers/STM32F7xx_HAL_Driver/Src/stm32f7xx_hal_tim_ex.c **** 
1498:Drivers/STM32F7xx_HAL_Driver/Src/stm32f7xx_hal_tim_ex.c ****   switch (Channel)
1499:Drivers/STM32F7xx_HAL_Driver/Src/stm32f7xx_hal_tim_ex.c ****   {
1500:Drivers/STM32F7xx_HAL_Driver/Src/stm32f7xx_hal_tim_ex.c ****     case TIM_CHANNEL_1:
1501:Drivers/STM32F7xx_HAL_Driver/Src/stm32f7xx_hal_tim_ex.c ****     {
1502:Drivers/STM32F7xx_HAL_Driver/Src/stm32f7xx_hal_tim_ex.c ****       /* Disable the TIM Capture/Compare 1 DMA request */
1503:Drivers/STM32F7xx_HAL_Driver/Src/stm32f7xx_hal_tim_ex.c ****       __HAL_TIM_DISABLE_DMA(htim, TIM_DMA_CC1);
1504:Drivers/STM32F7xx_HAL_Driver/Src/stm32f7xx_hal_tim_ex.c ****       (void)HAL_DMA_Abort_IT(htim->hdma[TIM_DMA_ID_CC1]);
1505:Drivers/STM32F7xx_HAL_Driver/Src/stm32f7xx_hal_tim_ex.c ****       break;
1506:Drivers/STM32F7xx_HAL_Driver/Src/stm32f7xx_hal_tim_ex.c ****     }
1507:Drivers/STM32F7xx_HAL_Driver/Src/stm32f7xx_hal_tim_ex.c **** 
1508:Drivers/STM32F7xx_HAL_Driver/Src/stm32f7xx_hal_tim_ex.c ****     case TIM_CHANNEL_2:
1509:Drivers/STM32F7xx_HAL_Driver/Src/stm32f7xx_hal_tim_ex.c ****     {
1510:Drivers/STM32F7xx_HAL_Driver/Src/stm32f7xx_hal_tim_ex.c ****       /* Disable the TIM Capture/Compare 2 DMA request */
1511:Drivers/STM32F7xx_HAL_Driver/Src/stm32f7xx_hal_tim_ex.c ****       __HAL_TIM_DISABLE_DMA(htim, TIM_DMA_CC2);
1512:Drivers/STM32F7xx_HAL_Driver/Src/stm32f7xx_hal_tim_ex.c ****       (void)HAL_DMA_Abort_IT(htim->hdma[TIM_DMA_ID_CC2]);
1513:Drivers/STM32F7xx_HAL_Driver/Src/stm32f7xx_hal_tim_ex.c ****       break;
ARM GAS  /tmp/ccJkDeps.s 			page 28


1514:Drivers/STM32F7xx_HAL_Driver/Src/stm32f7xx_hal_tim_ex.c ****     }
1515:Drivers/STM32F7xx_HAL_Driver/Src/stm32f7xx_hal_tim_ex.c **** 
1516:Drivers/STM32F7xx_HAL_Driver/Src/stm32f7xx_hal_tim_ex.c ****     case TIM_CHANNEL_3:
1517:Drivers/STM32F7xx_HAL_Driver/Src/stm32f7xx_hal_tim_ex.c ****     {
1518:Drivers/STM32F7xx_HAL_Driver/Src/stm32f7xx_hal_tim_ex.c ****       /* Disable the TIM Capture/Compare 3 DMA request */
1519:Drivers/STM32F7xx_HAL_Driver/Src/stm32f7xx_hal_tim_ex.c ****       __HAL_TIM_DISABLE_DMA(htim, TIM_DMA_CC3);
1520:Drivers/STM32F7xx_HAL_Driver/Src/stm32f7xx_hal_tim_ex.c ****       (void)HAL_DMA_Abort_IT(htim->hdma[TIM_DMA_ID_CC3]);
1521:Drivers/STM32F7xx_HAL_Driver/Src/stm32f7xx_hal_tim_ex.c ****       break;
1522:Drivers/STM32F7xx_HAL_Driver/Src/stm32f7xx_hal_tim_ex.c ****     }
1523:Drivers/STM32F7xx_HAL_Driver/Src/stm32f7xx_hal_tim_ex.c **** 
1524:Drivers/STM32F7xx_HAL_Driver/Src/stm32f7xx_hal_tim_ex.c ****     default:
1525:Drivers/STM32F7xx_HAL_Driver/Src/stm32f7xx_hal_tim_ex.c ****       status = HAL_ERROR;
1526:Drivers/STM32F7xx_HAL_Driver/Src/stm32f7xx_hal_tim_ex.c ****       break;
1527:Drivers/STM32F7xx_HAL_Driver/Src/stm32f7xx_hal_tim_ex.c ****   }
1528:Drivers/STM32F7xx_HAL_Driver/Src/stm32f7xx_hal_tim_ex.c **** 
1529:Drivers/STM32F7xx_HAL_Driver/Src/stm32f7xx_hal_tim_ex.c ****   if (status == HAL_OK)
1530:Drivers/STM32F7xx_HAL_Driver/Src/stm32f7xx_hal_tim_ex.c ****   {
1531:Drivers/STM32F7xx_HAL_Driver/Src/stm32f7xx_hal_tim_ex.c ****     /* Disable the complementary PWM output */
1532:Drivers/STM32F7xx_HAL_Driver/Src/stm32f7xx_hal_tim_ex.c ****     TIM_CCxNChannelCmd(htim->Instance, Channel, TIM_CCxN_DISABLE);
1533:Drivers/STM32F7xx_HAL_Driver/Src/stm32f7xx_hal_tim_ex.c **** 
1534:Drivers/STM32F7xx_HAL_Driver/Src/stm32f7xx_hal_tim_ex.c ****     /* Disable the Main Output */
1535:Drivers/STM32F7xx_HAL_Driver/Src/stm32f7xx_hal_tim_ex.c ****     __HAL_TIM_MOE_DISABLE(htim);
1536:Drivers/STM32F7xx_HAL_Driver/Src/stm32f7xx_hal_tim_ex.c **** 
1537:Drivers/STM32F7xx_HAL_Driver/Src/stm32f7xx_hal_tim_ex.c ****     /* Disable the Peripheral */
1538:Drivers/STM32F7xx_HAL_Driver/Src/stm32f7xx_hal_tim_ex.c ****     __HAL_TIM_DISABLE(htim);
1539:Drivers/STM32F7xx_HAL_Driver/Src/stm32f7xx_hal_tim_ex.c **** 
1540:Drivers/STM32F7xx_HAL_Driver/Src/stm32f7xx_hal_tim_ex.c ****     /* Set the TIM complementary channel state */
1541:Drivers/STM32F7xx_HAL_Driver/Src/stm32f7xx_hal_tim_ex.c ****     TIM_CHANNEL_N_STATE_SET(htim, Channel, HAL_TIM_CHANNEL_STATE_READY);
1542:Drivers/STM32F7xx_HAL_Driver/Src/stm32f7xx_hal_tim_ex.c ****   }
1543:Drivers/STM32F7xx_HAL_Driver/Src/stm32f7xx_hal_tim_ex.c **** 
1544:Drivers/STM32F7xx_HAL_Driver/Src/stm32f7xx_hal_tim_ex.c ****   /* Return function status */
1545:Drivers/STM32F7xx_HAL_Driver/Src/stm32f7xx_hal_tim_ex.c ****   return status;
1546:Drivers/STM32F7xx_HAL_Driver/Src/stm32f7xx_hal_tim_ex.c **** }
1547:Drivers/STM32F7xx_HAL_Driver/Src/stm32f7xx_hal_tim_ex.c **** 
1548:Drivers/STM32F7xx_HAL_Driver/Src/stm32f7xx_hal_tim_ex.c **** /**
1549:Drivers/STM32F7xx_HAL_Driver/Src/stm32f7xx_hal_tim_ex.c ****   * @}
1550:Drivers/STM32F7xx_HAL_Driver/Src/stm32f7xx_hal_tim_ex.c ****   */
1551:Drivers/STM32F7xx_HAL_Driver/Src/stm32f7xx_hal_tim_ex.c **** 
1552:Drivers/STM32F7xx_HAL_Driver/Src/stm32f7xx_hal_tim_ex.c **** /** @defgroup TIMEx_Exported_Functions_Group4 Extended Timer Complementary One Pulse functions
1553:Drivers/STM32F7xx_HAL_Driver/Src/stm32f7xx_hal_tim_ex.c ****   * @brief    Timer Complementary One Pulse functions
1554:Drivers/STM32F7xx_HAL_Driver/Src/stm32f7xx_hal_tim_ex.c ****   *
1555:Drivers/STM32F7xx_HAL_Driver/Src/stm32f7xx_hal_tim_ex.c **** @verbatim
1556:Drivers/STM32F7xx_HAL_Driver/Src/stm32f7xx_hal_tim_ex.c ****   ==============================================================================
1557:Drivers/STM32F7xx_HAL_Driver/Src/stm32f7xx_hal_tim_ex.c ****                 ##### Timer Complementary One Pulse functions #####
1558:Drivers/STM32F7xx_HAL_Driver/Src/stm32f7xx_hal_tim_ex.c ****   ==============================================================================
1559:Drivers/STM32F7xx_HAL_Driver/Src/stm32f7xx_hal_tim_ex.c ****   [..]
1560:Drivers/STM32F7xx_HAL_Driver/Src/stm32f7xx_hal_tim_ex.c ****     This section provides functions allowing to:
1561:Drivers/STM32F7xx_HAL_Driver/Src/stm32f7xx_hal_tim_ex.c ****     (+) Start the Complementary One Pulse generation.
1562:Drivers/STM32F7xx_HAL_Driver/Src/stm32f7xx_hal_tim_ex.c ****     (+) Stop the Complementary One Pulse.
1563:Drivers/STM32F7xx_HAL_Driver/Src/stm32f7xx_hal_tim_ex.c ****     (+) Start the Complementary One Pulse and enable interrupts.
1564:Drivers/STM32F7xx_HAL_Driver/Src/stm32f7xx_hal_tim_ex.c ****     (+) Stop the Complementary One Pulse and disable interrupts.
1565:Drivers/STM32F7xx_HAL_Driver/Src/stm32f7xx_hal_tim_ex.c **** 
1566:Drivers/STM32F7xx_HAL_Driver/Src/stm32f7xx_hal_tim_ex.c **** @endverbatim
1567:Drivers/STM32F7xx_HAL_Driver/Src/stm32f7xx_hal_tim_ex.c ****   * @{
1568:Drivers/STM32F7xx_HAL_Driver/Src/stm32f7xx_hal_tim_ex.c ****   */
1569:Drivers/STM32F7xx_HAL_Driver/Src/stm32f7xx_hal_tim_ex.c **** 
1570:Drivers/STM32F7xx_HAL_Driver/Src/stm32f7xx_hal_tim_ex.c **** /**
ARM GAS  /tmp/ccJkDeps.s 			page 29


1571:Drivers/STM32F7xx_HAL_Driver/Src/stm32f7xx_hal_tim_ex.c ****   * @brief  Starts the TIM One Pulse signal generation on the complementary
1572:Drivers/STM32F7xx_HAL_Driver/Src/stm32f7xx_hal_tim_ex.c ****   *         output.
1573:Drivers/STM32F7xx_HAL_Driver/Src/stm32f7xx_hal_tim_ex.c ****   * @note OutputChannel must match the pulse output channel chosen when calling
1574:Drivers/STM32F7xx_HAL_Driver/Src/stm32f7xx_hal_tim_ex.c ****   *       @ref HAL_TIM_OnePulse_ConfigChannel().
1575:Drivers/STM32F7xx_HAL_Driver/Src/stm32f7xx_hal_tim_ex.c ****   * @param  htim TIM One Pulse handle
1576:Drivers/STM32F7xx_HAL_Driver/Src/stm32f7xx_hal_tim_ex.c ****   * @param  OutputChannel pulse output channel to enable
1577:Drivers/STM32F7xx_HAL_Driver/Src/stm32f7xx_hal_tim_ex.c ****   *          This parameter can be one of the following values:
1578:Drivers/STM32F7xx_HAL_Driver/Src/stm32f7xx_hal_tim_ex.c ****   *            @arg TIM_CHANNEL_1: TIM Channel 1 selected
1579:Drivers/STM32F7xx_HAL_Driver/Src/stm32f7xx_hal_tim_ex.c ****   *            @arg TIM_CHANNEL_2: TIM Channel 2 selected
1580:Drivers/STM32F7xx_HAL_Driver/Src/stm32f7xx_hal_tim_ex.c ****   * @retval HAL status
1581:Drivers/STM32F7xx_HAL_Driver/Src/stm32f7xx_hal_tim_ex.c ****   */
1582:Drivers/STM32F7xx_HAL_Driver/Src/stm32f7xx_hal_tim_ex.c **** HAL_StatusTypeDef HAL_TIMEx_OnePulseN_Start(TIM_HandleTypeDef *htim, uint32_t OutputChannel)
1583:Drivers/STM32F7xx_HAL_Driver/Src/stm32f7xx_hal_tim_ex.c **** {
1584:Drivers/STM32F7xx_HAL_Driver/Src/stm32f7xx_hal_tim_ex.c ****   uint32_t input_channel = (OutputChannel == TIM_CHANNEL_1) ? TIM_CHANNEL_2 : TIM_CHANNEL_1;
1585:Drivers/STM32F7xx_HAL_Driver/Src/stm32f7xx_hal_tim_ex.c ****   HAL_TIM_ChannelStateTypeDef channel_1_state = TIM_CHANNEL_STATE_GET(htim, TIM_CHANNEL_1);
1586:Drivers/STM32F7xx_HAL_Driver/Src/stm32f7xx_hal_tim_ex.c ****   HAL_TIM_ChannelStateTypeDef channel_2_state = TIM_CHANNEL_STATE_GET(htim, TIM_CHANNEL_2);
1587:Drivers/STM32F7xx_HAL_Driver/Src/stm32f7xx_hal_tim_ex.c ****   HAL_TIM_ChannelStateTypeDef complementary_channel_1_state = TIM_CHANNEL_N_STATE_GET(htim, TIM_CHA
1588:Drivers/STM32F7xx_HAL_Driver/Src/stm32f7xx_hal_tim_ex.c ****   HAL_TIM_ChannelStateTypeDef complementary_channel_2_state = TIM_CHANNEL_N_STATE_GET(htim, TIM_CHA
1589:Drivers/STM32F7xx_HAL_Driver/Src/stm32f7xx_hal_tim_ex.c **** 
1590:Drivers/STM32F7xx_HAL_Driver/Src/stm32f7xx_hal_tim_ex.c ****   /* Check the parameters */
1591:Drivers/STM32F7xx_HAL_Driver/Src/stm32f7xx_hal_tim_ex.c ****   assert_param(IS_TIM_CCXN_INSTANCE(htim->Instance, OutputChannel));
1592:Drivers/STM32F7xx_HAL_Driver/Src/stm32f7xx_hal_tim_ex.c **** 
1593:Drivers/STM32F7xx_HAL_Driver/Src/stm32f7xx_hal_tim_ex.c ****   /* Check the TIM channels state */
1594:Drivers/STM32F7xx_HAL_Driver/Src/stm32f7xx_hal_tim_ex.c ****   if ((channel_1_state != HAL_TIM_CHANNEL_STATE_READY)
1595:Drivers/STM32F7xx_HAL_Driver/Src/stm32f7xx_hal_tim_ex.c ****       || (channel_2_state != HAL_TIM_CHANNEL_STATE_READY)
1596:Drivers/STM32F7xx_HAL_Driver/Src/stm32f7xx_hal_tim_ex.c ****       || (complementary_channel_1_state != HAL_TIM_CHANNEL_STATE_READY)
1597:Drivers/STM32F7xx_HAL_Driver/Src/stm32f7xx_hal_tim_ex.c ****       || (complementary_channel_2_state != HAL_TIM_CHANNEL_STATE_READY))
1598:Drivers/STM32F7xx_HAL_Driver/Src/stm32f7xx_hal_tim_ex.c ****   {
1599:Drivers/STM32F7xx_HAL_Driver/Src/stm32f7xx_hal_tim_ex.c ****     return HAL_ERROR;
1600:Drivers/STM32F7xx_HAL_Driver/Src/stm32f7xx_hal_tim_ex.c ****   }
1601:Drivers/STM32F7xx_HAL_Driver/Src/stm32f7xx_hal_tim_ex.c **** 
1602:Drivers/STM32F7xx_HAL_Driver/Src/stm32f7xx_hal_tim_ex.c ****   /* Set the TIM channels state */
1603:Drivers/STM32F7xx_HAL_Driver/Src/stm32f7xx_hal_tim_ex.c ****   TIM_CHANNEL_STATE_SET(htim, TIM_CHANNEL_1, HAL_TIM_CHANNEL_STATE_BUSY);
1604:Drivers/STM32F7xx_HAL_Driver/Src/stm32f7xx_hal_tim_ex.c ****   TIM_CHANNEL_STATE_SET(htim, TIM_CHANNEL_2, HAL_TIM_CHANNEL_STATE_BUSY);
1605:Drivers/STM32F7xx_HAL_Driver/Src/stm32f7xx_hal_tim_ex.c ****   TIM_CHANNEL_N_STATE_SET(htim, TIM_CHANNEL_1, HAL_TIM_CHANNEL_STATE_BUSY);
1606:Drivers/STM32F7xx_HAL_Driver/Src/stm32f7xx_hal_tim_ex.c ****   TIM_CHANNEL_N_STATE_SET(htim, TIM_CHANNEL_2, HAL_TIM_CHANNEL_STATE_BUSY);
1607:Drivers/STM32F7xx_HAL_Driver/Src/stm32f7xx_hal_tim_ex.c **** 
1608:Drivers/STM32F7xx_HAL_Driver/Src/stm32f7xx_hal_tim_ex.c ****   /* Enable the complementary One Pulse output channel and the Input Capture channel */
1609:Drivers/STM32F7xx_HAL_Driver/Src/stm32f7xx_hal_tim_ex.c ****   TIM_CCxNChannelCmd(htim->Instance, OutputChannel, TIM_CCxN_ENABLE);
1610:Drivers/STM32F7xx_HAL_Driver/Src/stm32f7xx_hal_tim_ex.c ****   TIM_CCxChannelCmd(htim->Instance, input_channel, TIM_CCx_ENABLE);
1611:Drivers/STM32F7xx_HAL_Driver/Src/stm32f7xx_hal_tim_ex.c **** 
1612:Drivers/STM32F7xx_HAL_Driver/Src/stm32f7xx_hal_tim_ex.c ****   /* Enable the Main Output */
1613:Drivers/STM32F7xx_HAL_Driver/Src/stm32f7xx_hal_tim_ex.c ****   __HAL_TIM_MOE_ENABLE(htim);
1614:Drivers/STM32F7xx_HAL_Driver/Src/stm32f7xx_hal_tim_ex.c **** 
1615:Drivers/STM32F7xx_HAL_Driver/Src/stm32f7xx_hal_tim_ex.c ****   /* Return function status */
1616:Drivers/STM32F7xx_HAL_Driver/Src/stm32f7xx_hal_tim_ex.c ****   return HAL_OK;
1617:Drivers/STM32F7xx_HAL_Driver/Src/stm32f7xx_hal_tim_ex.c **** }
1618:Drivers/STM32F7xx_HAL_Driver/Src/stm32f7xx_hal_tim_ex.c **** 
1619:Drivers/STM32F7xx_HAL_Driver/Src/stm32f7xx_hal_tim_ex.c **** /**
1620:Drivers/STM32F7xx_HAL_Driver/Src/stm32f7xx_hal_tim_ex.c ****   * @brief  Stops the TIM One Pulse signal generation on the complementary
1621:Drivers/STM32F7xx_HAL_Driver/Src/stm32f7xx_hal_tim_ex.c ****   *         output.
1622:Drivers/STM32F7xx_HAL_Driver/Src/stm32f7xx_hal_tim_ex.c ****   * @note OutputChannel must match the pulse output channel chosen when calling
1623:Drivers/STM32F7xx_HAL_Driver/Src/stm32f7xx_hal_tim_ex.c ****   *       @ref HAL_TIM_OnePulse_ConfigChannel().
1624:Drivers/STM32F7xx_HAL_Driver/Src/stm32f7xx_hal_tim_ex.c ****   * @param  htim TIM One Pulse handle
1625:Drivers/STM32F7xx_HAL_Driver/Src/stm32f7xx_hal_tim_ex.c ****   * @param  OutputChannel pulse output channel to disable
1626:Drivers/STM32F7xx_HAL_Driver/Src/stm32f7xx_hal_tim_ex.c ****   *          This parameter can be one of the following values:
1627:Drivers/STM32F7xx_HAL_Driver/Src/stm32f7xx_hal_tim_ex.c ****   *            @arg TIM_CHANNEL_1: TIM Channel 1 selected
ARM GAS  /tmp/ccJkDeps.s 			page 30


1628:Drivers/STM32F7xx_HAL_Driver/Src/stm32f7xx_hal_tim_ex.c ****   *            @arg TIM_CHANNEL_2: TIM Channel 2 selected
1629:Drivers/STM32F7xx_HAL_Driver/Src/stm32f7xx_hal_tim_ex.c ****   * @retval HAL status
1630:Drivers/STM32F7xx_HAL_Driver/Src/stm32f7xx_hal_tim_ex.c ****   */
1631:Drivers/STM32F7xx_HAL_Driver/Src/stm32f7xx_hal_tim_ex.c **** HAL_StatusTypeDef HAL_TIMEx_OnePulseN_Stop(TIM_HandleTypeDef *htim, uint32_t OutputChannel)
1632:Drivers/STM32F7xx_HAL_Driver/Src/stm32f7xx_hal_tim_ex.c **** {
1633:Drivers/STM32F7xx_HAL_Driver/Src/stm32f7xx_hal_tim_ex.c ****   uint32_t input_channel = (OutputChannel == TIM_CHANNEL_1) ? TIM_CHANNEL_2 : TIM_CHANNEL_1;
1634:Drivers/STM32F7xx_HAL_Driver/Src/stm32f7xx_hal_tim_ex.c **** 
1635:Drivers/STM32F7xx_HAL_Driver/Src/stm32f7xx_hal_tim_ex.c ****   /* Check the parameters */
1636:Drivers/STM32F7xx_HAL_Driver/Src/stm32f7xx_hal_tim_ex.c ****   assert_param(IS_TIM_CCXN_INSTANCE(htim->Instance, OutputChannel));
1637:Drivers/STM32F7xx_HAL_Driver/Src/stm32f7xx_hal_tim_ex.c **** 
1638:Drivers/STM32F7xx_HAL_Driver/Src/stm32f7xx_hal_tim_ex.c ****   /* Disable the complementary One Pulse output channel and the Input Capture channel */
1639:Drivers/STM32F7xx_HAL_Driver/Src/stm32f7xx_hal_tim_ex.c ****   TIM_CCxNChannelCmd(htim->Instance, OutputChannel, TIM_CCxN_DISABLE);
1640:Drivers/STM32F7xx_HAL_Driver/Src/stm32f7xx_hal_tim_ex.c ****   TIM_CCxChannelCmd(htim->Instance, input_channel, TIM_CCx_DISABLE);
1641:Drivers/STM32F7xx_HAL_Driver/Src/stm32f7xx_hal_tim_ex.c **** 
1642:Drivers/STM32F7xx_HAL_Driver/Src/stm32f7xx_hal_tim_ex.c ****   /* Disable the Main Output */
1643:Drivers/STM32F7xx_HAL_Driver/Src/stm32f7xx_hal_tim_ex.c ****   __HAL_TIM_MOE_DISABLE(htim);
1644:Drivers/STM32F7xx_HAL_Driver/Src/stm32f7xx_hal_tim_ex.c **** 
1645:Drivers/STM32F7xx_HAL_Driver/Src/stm32f7xx_hal_tim_ex.c ****   /* Disable the Peripheral */
1646:Drivers/STM32F7xx_HAL_Driver/Src/stm32f7xx_hal_tim_ex.c ****   __HAL_TIM_DISABLE(htim);
1647:Drivers/STM32F7xx_HAL_Driver/Src/stm32f7xx_hal_tim_ex.c **** 
1648:Drivers/STM32F7xx_HAL_Driver/Src/stm32f7xx_hal_tim_ex.c ****   /* Set the TIM  channels state */
1649:Drivers/STM32F7xx_HAL_Driver/Src/stm32f7xx_hal_tim_ex.c ****   TIM_CHANNEL_STATE_SET(htim, TIM_CHANNEL_1, HAL_TIM_CHANNEL_STATE_READY);
1650:Drivers/STM32F7xx_HAL_Driver/Src/stm32f7xx_hal_tim_ex.c ****   TIM_CHANNEL_STATE_SET(htim, TIM_CHANNEL_2, HAL_TIM_CHANNEL_STATE_READY);
1651:Drivers/STM32F7xx_HAL_Driver/Src/stm32f7xx_hal_tim_ex.c ****   TIM_CHANNEL_N_STATE_SET(htim, TIM_CHANNEL_1, HAL_TIM_CHANNEL_STATE_READY);
1652:Drivers/STM32F7xx_HAL_Driver/Src/stm32f7xx_hal_tim_ex.c ****   TIM_CHANNEL_N_STATE_SET(htim, TIM_CHANNEL_2, HAL_TIM_CHANNEL_STATE_READY);
1653:Drivers/STM32F7xx_HAL_Driver/Src/stm32f7xx_hal_tim_ex.c **** 
1654:Drivers/STM32F7xx_HAL_Driver/Src/stm32f7xx_hal_tim_ex.c ****   /* Return function status */
1655:Drivers/STM32F7xx_HAL_Driver/Src/stm32f7xx_hal_tim_ex.c ****   return HAL_OK;
1656:Drivers/STM32F7xx_HAL_Driver/Src/stm32f7xx_hal_tim_ex.c **** }
1657:Drivers/STM32F7xx_HAL_Driver/Src/stm32f7xx_hal_tim_ex.c **** 
1658:Drivers/STM32F7xx_HAL_Driver/Src/stm32f7xx_hal_tim_ex.c **** /**
1659:Drivers/STM32F7xx_HAL_Driver/Src/stm32f7xx_hal_tim_ex.c ****   * @brief  Starts the TIM One Pulse signal generation in interrupt mode on the
1660:Drivers/STM32F7xx_HAL_Driver/Src/stm32f7xx_hal_tim_ex.c ****   *         complementary channel.
1661:Drivers/STM32F7xx_HAL_Driver/Src/stm32f7xx_hal_tim_ex.c ****   * @note OutputChannel must match the pulse output channel chosen when calling
1662:Drivers/STM32F7xx_HAL_Driver/Src/stm32f7xx_hal_tim_ex.c ****   *       @ref HAL_TIM_OnePulse_ConfigChannel().
1663:Drivers/STM32F7xx_HAL_Driver/Src/stm32f7xx_hal_tim_ex.c ****   * @param  htim TIM One Pulse handle
1664:Drivers/STM32F7xx_HAL_Driver/Src/stm32f7xx_hal_tim_ex.c ****   * @param  OutputChannel pulse output channel to enable
1665:Drivers/STM32F7xx_HAL_Driver/Src/stm32f7xx_hal_tim_ex.c ****   *          This parameter can be one of the following values:
1666:Drivers/STM32F7xx_HAL_Driver/Src/stm32f7xx_hal_tim_ex.c ****   *            @arg TIM_CHANNEL_1: TIM Channel 1 selected
1667:Drivers/STM32F7xx_HAL_Driver/Src/stm32f7xx_hal_tim_ex.c ****   *            @arg TIM_CHANNEL_2: TIM Channel 2 selected
1668:Drivers/STM32F7xx_HAL_Driver/Src/stm32f7xx_hal_tim_ex.c ****   * @retval HAL status
1669:Drivers/STM32F7xx_HAL_Driver/Src/stm32f7xx_hal_tim_ex.c ****   */
1670:Drivers/STM32F7xx_HAL_Driver/Src/stm32f7xx_hal_tim_ex.c **** HAL_StatusTypeDef HAL_TIMEx_OnePulseN_Start_IT(TIM_HandleTypeDef *htim, uint32_t OutputChannel)
1671:Drivers/STM32F7xx_HAL_Driver/Src/stm32f7xx_hal_tim_ex.c **** {
1672:Drivers/STM32F7xx_HAL_Driver/Src/stm32f7xx_hal_tim_ex.c ****   uint32_t input_channel = (OutputChannel == TIM_CHANNEL_1) ? TIM_CHANNEL_2 : TIM_CHANNEL_1;
1673:Drivers/STM32F7xx_HAL_Driver/Src/stm32f7xx_hal_tim_ex.c ****   HAL_TIM_ChannelStateTypeDef channel_1_state = TIM_CHANNEL_STATE_GET(htim, TIM_CHANNEL_1);
1674:Drivers/STM32F7xx_HAL_Driver/Src/stm32f7xx_hal_tim_ex.c ****   HAL_TIM_ChannelStateTypeDef channel_2_state = TIM_CHANNEL_STATE_GET(htim, TIM_CHANNEL_2);
1675:Drivers/STM32F7xx_HAL_Driver/Src/stm32f7xx_hal_tim_ex.c ****   HAL_TIM_ChannelStateTypeDef complementary_channel_1_state = TIM_CHANNEL_N_STATE_GET(htim, TIM_CHA
1676:Drivers/STM32F7xx_HAL_Driver/Src/stm32f7xx_hal_tim_ex.c ****   HAL_TIM_ChannelStateTypeDef complementary_channel_2_state = TIM_CHANNEL_N_STATE_GET(htim, TIM_CHA
1677:Drivers/STM32F7xx_HAL_Driver/Src/stm32f7xx_hal_tim_ex.c **** 
1678:Drivers/STM32F7xx_HAL_Driver/Src/stm32f7xx_hal_tim_ex.c ****   /* Check the parameters */
1679:Drivers/STM32F7xx_HAL_Driver/Src/stm32f7xx_hal_tim_ex.c ****   assert_param(IS_TIM_CCXN_INSTANCE(htim->Instance, OutputChannel));
1680:Drivers/STM32F7xx_HAL_Driver/Src/stm32f7xx_hal_tim_ex.c **** 
1681:Drivers/STM32F7xx_HAL_Driver/Src/stm32f7xx_hal_tim_ex.c ****   /* Check the TIM channels state */
1682:Drivers/STM32F7xx_HAL_Driver/Src/stm32f7xx_hal_tim_ex.c ****   if ((channel_1_state != HAL_TIM_CHANNEL_STATE_READY)
1683:Drivers/STM32F7xx_HAL_Driver/Src/stm32f7xx_hal_tim_ex.c ****       || (channel_2_state != HAL_TIM_CHANNEL_STATE_READY)
1684:Drivers/STM32F7xx_HAL_Driver/Src/stm32f7xx_hal_tim_ex.c ****       || (complementary_channel_1_state != HAL_TIM_CHANNEL_STATE_READY)
ARM GAS  /tmp/ccJkDeps.s 			page 31


1685:Drivers/STM32F7xx_HAL_Driver/Src/stm32f7xx_hal_tim_ex.c ****       || (complementary_channel_2_state != HAL_TIM_CHANNEL_STATE_READY))
1686:Drivers/STM32F7xx_HAL_Driver/Src/stm32f7xx_hal_tim_ex.c ****   {
1687:Drivers/STM32F7xx_HAL_Driver/Src/stm32f7xx_hal_tim_ex.c ****     return HAL_ERROR;
1688:Drivers/STM32F7xx_HAL_Driver/Src/stm32f7xx_hal_tim_ex.c ****   }
1689:Drivers/STM32F7xx_HAL_Driver/Src/stm32f7xx_hal_tim_ex.c **** 
1690:Drivers/STM32F7xx_HAL_Driver/Src/stm32f7xx_hal_tim_ex.c ****   /* Set the TIM channels state */
1691:Drivers/STM32F7xx_HAL_Driver/Src/stm32f7xx_hal_tim_ex.c ****   TIM_CHANNEL_STATE_SET(htim, TIM_CHANNEL_1, HAL_TIM_CHANNEL_STATE_BUSY);
1692:Drivers/STM32F7xx_HAL_Driver/Src/stm32f7xx_hal_tim_ex.c ****   TIM_CHANNEL_STATE_SET(htim, TIM_CHANNEL_2, HAL_TIM_CHANNEL_STATE_BUSY);
1693:Drivers/STM32F7xx_HAL_Driver/Src/stm32f7xx_hal_tim_ex.c ****   TIM_CHANNEL_N_STATE_SET(htim, TIM_CHANNEL_1, HAL_TIM_CHANNEL_STATE_BUSY);
1694:Drivers/STM32F7xx_HAL_Driver/Src/stm32f7xx_hal_tim_ex.c ****   TIM_CHANNEL_N_STATE_SET(htim, TIM_CHANNEL_2, HAL_TIM_CHANNEL_STATE_BUSY);
1695:Drivers/STM32F7xx_HAL_Driver/Src/stm32f7xx_hal_tim_ex.c **** 
1696:Drivers/STM32F7xx_HAL_Driver/Src/stm32f7xx_hal_tim_ex.c ****   /* Enable the TIM Capture/Compare 1 interrupt */
1697:Drivers/STM32F7xx_HAL_Driver/Src/stm32f7xx_hal_tim_ex.c ****   __HAL_TIM_ENABLE_IT(htim, TIM_IT_CC1);
1698:Drivers/STM32F7xx_HAL_Driver/Src/stm32f7xx_hal_tim_ex.c **** 
1699:Drivers/STM32F7xx_HAL_Driver/Src/stm32f7xx_hal_tim_ex.c ****   /* Enable the TIM Capture/Compare 2 interrupt */
1700:Drivers/STM32F7xx_HAL_Driver/Src/stm32f7xx_hal_tim_ex.c ****   __HAL_TIM_ENABLE_IT(htim, TIM_IT_CC2);
1701:Drivers/STM32F7xx_HAL_Driver/Src/stm32f7xx_hal_tim_ex.c **** 
1702:Drivers/STM32F7xx_HAL_Driver/Src/stm32f7xx_hal_tim_ex.c ****   /* Enable the complementary One Pulse output channel and the Input Capture channel */
1703:Drivers/STM32F7xx_HAL_Driver/Src/stm32f7xx_hal_tim_ex.c ****   TIM_CCxNChannelCmd(htim->Instance, OutputChannel, TIM_CCxN_ENABLE);
1704:Drivers/STM32F7xx_HAL_Driver/Src/stm32f7xx_hal_tim_ex.c ****   TIM_CCxChannelCmd(htim->Instance, input_channel, TIM_CCx_ENABLE);
1705:Drivers/STM32F7xx_HAL_Driver/Src/stm32f7xx_hal_tim_ex.c **** 
1706:Drivers/STM32F7xx_HAL_Driver/Src/stm32f7xx_hal_tim_ex.c ****   /* Enable the Main Output */
1707:Drivers/STM32F7xx_HAL_Driver/Src/stm32f7xx_hal_tim_ex.c ****   __HAL_TIM_MOE_ENABLE(htim);
1708:Drivers/STM32F7xx_HAL_Driver/Src/stm32f7xx_hal_tim_ex.c **** 
1709:Drivers/STM32F7xx_HAL_Driver/Src/stm32f7xx_hal_tim_ex.c ****   /* Return function status */
1710:Drivers/STM32F7xx_HAL_Driver/Src/stm32f7xx_hal_tim_ex.c ****   return HAL_OK;
1711:Drivers/STM32F7xx_HAL_Driver/Src/stm32f7xx_hal_tim_ex.c **** }
1712:Drivers/STM32F7xx_HAL_Driver/Src/stm32f7xx_hal_tim_ex.c **** 
1713:Drivers/STM32F7xx_HAL_Driver/Src/stm32f7xx_hal_tim_ex.c **** /**
1714:Drivers/STM32F7xx_HAL_Driver/Src/stm32f7xx_hal_tim_ex.c ****   * @brief  Stops the TIM One Pulse signal generation in interrupt mode on the
1715:Drivers/STM32F7xx_HAL_Driver/Src/stm32f7xx_hal_tim_ex.c ****   *         complementary channel.
1716:Drivers/STM32F7xx_HAL_Driver/Src/stm32f7xx_hal_tim_ex.c ****   * @note OutputChannel must match the pulse output channel chosen when calling
1717:Drivers/STM32F7xx_HAL_Driver/Src/stm32f7xx_hal_tim_ex.c ****   *       @ref HAL_TIM_OnePulse_ConfigChannel().
1718:Drivers/STM32F7xx_HAL_Driver/Src/stm32f7xx_hal_tim_ex.c ****   * @param  htim TIM One Pulse handle
1719:Drivers/STM32F7xx_HAL_Driver/Src/stm32f7xx_hal_tim_ex.c ****   * @param  OutputChannel pulse output channel to disable
1720:Drivers/STM32F7xx_HAL_Driver/Src/stm32f7xx_hal_tim_ex.c ****   *          This parameter can be one of the following values:
1721:Drivers/STM32F7xx_HAL_Driver/Src/stm32f7xx_hal_tim_ex.c ****   *            @arg TIM_CHANNEL_1: TIM Channel 1 selected
1722:Drivers/STM32F7xx_HAL_Driver/Src/stm32f7xx_hal_tim_ex.c ****   *            @arg TIM_CHANNEL_2: TIM Channel 2 selected
1723:Drivers/STM32F7xx_HAL_Driver/Src/stm32f7xx_hal_tim_ex.c ****   * @retval HAL status
1724:Drivers/STM32F7xx_HAL_Driver/Src/stm32f7xx_hal_tim_ex.c ****   */
1725:Drivers/STM32F7xx_HAL_Driver/Src/stm32f7xx_hal_tim_ex.c **** HAL_StatusTypeDef HAL_TIMEx_OnePulseN_Stop_IT(TIM_HandleTypeDef *htim, uint32_t OutputChannel)
1726:Drivers/STM32F7xx_HAL_Driver/Src/stm32f7xx_hal_tim_ex.c **** {
1727:Drivers/STM32F7xx_HAL_Driver/Src/stm32f7xx_hal_tim_ex.c ****   uint32_t input_channel = (OutputChannel == TIM_CHANNEL_1) ? TIM_CHANNEL_2 : TIM_CHANNEL_1;
1728:Drivers/STM32F7xx_HAL_Driver/Src/stm32f7xx_hal_tim_ex.c **** 
1729:Drivers/STM32F7xx_HAL_Driver/Src/stm32f7xx_hal_tim_ex.c ****   /* Check the parameters */
1730:Drivers/STM32F7xx_HAL_Driver/Src/stm32f7xx_hal_tim_ex.c ****   assert_param(IS_TIM_CCXN_INSTANCE(htim->Instance, OutputChannel));
1731:Drivers/STM32F7xx_HAL_Driver/Src/stm32f7xx_hal_tim_ex.c **** 
1732:Drivers/STM32F7xx_HAL_Driver/Src/stm32f7xx_hal_tim_ex.c ****   /* Disable the TIM Capture/Compare 1 interrupt */
1733:Drivers/STM32F7xx_HAL_Driver/Src/stm32f7xx_hal_tim_ex.c ****   __HAL_TIM_DISABLE_IT(htim, TIM_IT_CC1);
1734:Drivers/STM32F7xx_HAL_Driver/Src/stm32f7xx_hal_tim_ex.c **** 
1735:Drivers/STM32F7xx_HAL_Driver/Src/stm32f7xx_hal_tim_ex.c ****   /* Disable the TIM Capture/Compare 2 interrupt */
1736:Drivers/STM32F7xx_HAL_Driver/Src/stm32f7xx_hal_tim_ex.c ****   __HAL_TIM_DISABLE_IT(htim, TIM_IT_CC2);
1737:Drivers/STM32F7xx_HAL_Driver/Src/stm32f7xx_hal_tim_ex.c **** 
1738:Drivers/STM32F7xx_HAL_Driver/Src/stm32f7xx_hal_tim_ex.c ****   /* Disable the complementary One Pulse output channel and the Input Capture channel */
1739:Drivers/STM32F7xx_HAL_Driver/Src/stm32f7xx_hal_tim_ex.c ****   TIM_CCxNChannelCmd(htim->Instance, OutputChannel, TIM_CCxN_DISABLE);
1740:Drivers/STM32F7xx_HAL_Driver/Src/stm32f7xx_hal_tim_ex.c ****   TIM_CCxChannelCmd(htim->Instance, input_channel, TIM_CCx_DISABLE);
1741:Drivers/STM32F7xx_HAL_Driver/Src/stm32f7xx_hal_tim_ex.c **** 
ARM GAS  /tmp/ccJkDeps.s 			page 32


1742:Drivers/STM32F7xx_HAL_Driver/Src/stm32f7xx_hal_tim_ex.c ****   /* Disable the Main Output */
1743:Drivers/STM32F7xx_HAL_Driver/Src/stm32f7xx_hal_tim_ex.c ****   __HAL_TIM_MOE_DISABLE(htim);
1744:Drivers/STM32F7xx_HAL_Driver/Src/stm32f7xx_hal_tim_ex.c **** 
1745:Drivers/STM32F7xx_HAL_Driver/Src/stm32f7xx_hal_tim_ex.c ****   /* Disable the Peripheral */
1746:Drivers/STM32F7xx_HAL_Driver/Src/stm32f7xx_hal_tim_ex.c ****   __HAL_TIM_DISABLE(htim);
1747:Drivers/STM32F7xx_HAL_Driver/Src/stm32f7xx_hal_tim_ex.c **** 
1748:Drivers/STM32F7xx_HAL_Driver/Src/stm32f7xx_hal_tim_ex.c ****   /* Set the TIM  channels state */
1749:Drivers/STM32F7xx_HAL_Driver/Src/stm32f7xx_hal_tim_ex.c ****   TIM_CHANNEL_STATE_SET(htim, TIM_CHANNEL_1, HAL_TIM_CHANNEL_STATE_READY);
1750:Drivers/STM32F7xx_HAL_Driver/Src/stm32f7xx_hal_tim_ex.c ****   TIM_CHANNEL_STATE_SET(htim, TIM_CHANNEL_2, HAL_TIM_CHANNEL_STATE_READY);
1751:Drivers/STM32F7xx_HAL_Driver/Src/stm32f7xx_hal_tim_ex.c ****   TIM_CHANNEL_N_STATE_SET(htim, TIM_CHANNEL_1, HAL_TIM_CHANNEL_STATE_READY);
1752:Drivers/STM32F7xx_HAL_Driver/Src/stm32f7xx_hal_tim_ex.c ****   TIM_CHANNEL_N_STATE_SET(htim, TIM_CHANNEL_2, HAL_TIM_CHANNEL_STATE_READY);
1753:Drivers/STM32F7xx_HAL_Driver/Src/stm32f7xx_hal_tim_ex.c **** 
1754:Drivers/STM32F7xx_HAL_Driver/Src/stm32f7xx_hal_tim_ex.c ****   /* Return function status */
1755:Drivers/STM32F7xx_HAL_Driver/Src/stm32f7xx_hal_tim_ex.c ****   return HAL_OK;
1756:Drivers/STM32F7xx_HAL_Driver/Src/stm32f7xx_hal_tim_ex.c **** }
1757:Drivers/STM32F7xx_HAL_Driver/Src/stm32f7xx_hal_tim_ex.c **** 
1758:Drivers/STM32F7xx_HAL_Driver/Src/stm32f7xx_hal_tim_ex.c **** /**
1759:Drivers/STM32F7xx_HAL_Driver/Src/stm32f7xx_hal_tim_ex.c ****   * @}
1760:Drivers/STM32F7xx_HAL_Driver/Src/stm32f7xx_hal_tim_ex.c ****   */
1761:Drivers/STM32F7xx_HAL_Driver/Src/stm32f7xx_hal_tim_ex.c **** 
1762:Drivers/STM32F7xx_HAL_Driver/Src/stm32f7xx_hal_tim_ex.c **** /** @defgroup TIMEx_Exported_Functions_Group5 Extended Peripheral Control functions
1763:Drivers/STM32F7xx_HAL_Driver/Src/stm32f7xx_hal_tim_ex.c ****   * @brief    Peripheral Control functions
1764:Drivers/STM32F7xx_HAL_Driver/Src/stm32f7xx_hal_tim_ex.c ****   *
1765:Drivers/STM32F7xx_HAL_Driver/Src/stm32f7xx_hal_tim_ex.c **** @verbatim
1766:Drivers/STM32F7xx_HAL_Driver/Src/stm32f7xx_hal_tim_ex.c ****   ==============================================================================
1767:Drivers/STM32F7xx_HAL_Driver/Src/stm32f7xx_hal_tim_ex.c ****                     ##### Peripheral Control functions #####
1768:Drivers/STM32F7xx_HAL_Driver/Src/stm32f7xx_hal_tim_ex.c ****   ==============================================================================
1769:Drivers/STM32F7xx_HAL_Driver/Src/stm32f7xx_hal_tim_ex.c ****   [..]
1770:Drivers/STM32F7xx_HAL_Driver/Src/stm32f7xx_hal_tim_ex.c ****     This section provides functions allowing to:
1771:Drivers/STM32F7xx_HAL_Driver/Src/stm32f7xx_hal_tim_ex.c ****       (+) Configure the commutation event in case of use of the Hall sensor interface.
1772:Drivers/STM32F7xx_HAL_Driver/Src/stm32f7xx_hal_tim_ex.c ****       (+) Configure Output channels for OC and PWM mode.
1773:Drivers/STM32F7xx_HAL_Driver/Src/stm32f7xx_hal_tim_ex.c **** 
1774:Drivers/STM32F7xx_HAL_Driver/Src/stm32f7xx_hal_tim_ex.c ****       (+) Configure Complementary channels, break features and dead time.
1775:Drivers/STM32F7xx_HAL_Driver/Src/stm32f7xx_hal_tim_ex.c ****       (+) Configure Master synchronization.
1776:Drivers/STM32F7xx_HAL_Driver/Src/stm32f7xx_hal_tim_ex.c ****       (+) Configure timer remapping capabilities.
1777:Drivers/STM32F7xx_HAL_Driver/Src/stm32f7xx_hal_tim_ex.c ****       (+) Enable or disable channel grouping.
1778:Drivers/STM32F7xx_HAL_Driver/Src/stm32f7xx_hal_tim_ex.c **** 
1779:Drivers/STM32F7xx_HAL_Driver/Src/stm32f7xx_hal_tim_ex.c **** @endverbatim
1780:Drivers/STM32F7xx_HAL_Driver/Src/stm32f7xx_hal_tim_ex.c ****   * @{
1781:Drivers/STM32F7xx_HAL_Driver/Src/stm32f7xx_hal_tim_ex.c ****   */
1782:Drivers/STM32F7xx_HAL_Driver/Src/stm32f7xx_hal_tim_ex.c **** 
1783:Drivers/STM32F7xx_HAL_Driver/Src/stm32f7xx_hal_tim_ex.c **** /**
1784:Drivers/STM32F7xx_HAL_Driver/Src/stm32f7xx_hal_tim_ex.c ****   * @brief  Configure the TIM commutation event sequence.
1785:Drivers/STM32F7xx_HAL_Driver/Src/stm32f7xx_hal_tim_ex.c ****   * @note  This function is mandatory to use the commutation event in order to
1786:Drivers/STM32F7xx_HAL_Driver/Src/stm32f7xx_hal_tim_ex.c ****   *        update the configuration at each commutation detection on the TRGI input of the Timer,
1787:Drivers/STM32F7xx_HAL_Driver/Src/stm32f7xx_hal_tim_ex.c ****   *        the typical use of this feature is with the use of another Timer(interface Timer)
1788:Drivers/STM32F7xx_HAL_Driver/Src/stm32f7xx_hal_tim_ex.c ****   *        configured in Hall sensor interface, this interface Timer will generate the
1789:Drivers/STM32F7xx_HAL_Driver/Src/stm32f7xx_hal_tim_ex.c ****   *        commutation at its TRGO output (connected to Timer used in this function) each time
1790:Drivers/STM32F7xx_HAL_Driver/Src/stm32f7xx_hal_tim_ex.c ****   *        the TI1 of the Interface Timer detect a commutation at its input TI1.
1791:Drivers/STM32F7xx_HAL_Driver/Src/stm32f7xx_hal_tim_ex.c ****   * @param  htim TIM handle
1792:Drivers/STM32F7xx_HAL_Driver/Src/stm32f7xx_hal_tim_ex.c ****   * @param  InputTrigger the Internal trigger corresponding to the Timer Interfacing with the Hall 
1793:Drivers/STM32F7xx_HAL_Driver/Src/stm32f7xx_hal_tim_ex.c ****   *          This parameter can be one of the following values:
1794:Drivers/STM32F7xx_HAL_Driver/Src/stm32f7xx_hal_tim_ex.c ****   *            @arg TIM_TS_ITR0: Internal trigger 0 selected
1795:Drivers/STM32F7xx_HAL_Driver/Src/stm32f7xx_hal_tim_ex.c ****   *            @arg TIM_TS_ITR1: Internal trigger 1 selected
1796:Drivers/STM32F7xx_HAL_Driver/Src/stm32f7xx_hal_tim_ex.c ****   *            @arg TIM_TS_ITR2: Internal trigger 2 selected
1797:Drivers/STM32F7xx_HAL_Driver/Src/stm32f7xx_hal_tim_ex.c ****   *            @arg TIM_TS_ITR3: Internal trigger 3 selected
1798:Drivers/STM32F7xx_HAL_Driver/Src/stm32f7xx_hal_tim_ex.c ****   *            @arg TIM_TS_NONE: No trigger is needed
ARM GAS  /tmp/ccJkDeps.s 			page 33


1799:Drivers/STM32F7xx_HAL_Driver/Src/stm32f7xx_hal_tim_ex.c ****   * @param  CommutationSource the Commutation Event source
1800:Drivers/STM32F7xx_HAL_Driver/Src/stm32f7xx_hal_tim_ex.c ****   *          This parameter can be one of the following values:
1801:Drivers/STM32F7xx_HAL_Driver/Src/stm32f7xx_hal_tim_ex.c ****   *            @arg TIM_COMMUTATION_TRGI: Commutation source is the TRGI of the Interface Timer
1802:Drivers/STM32F7xx_HAL_Driver/Src/stm32f7xx_hal_tim_ex.c ****   *            @arg TIM_COMMUTATION_SOFTWARE:  Commutation source is set by software using the COMG
1803:Drivers/STM32F7xx_HAL_Driver/Src/stm32f7xx_hal_tim_ex.c ****   * @retval HAL status
1804:Drivers/STM32F7xx_HAL_Driver/Src/stm32f7xx_hal_tim_ex.c ****   */
1805:Drivers/STM32F7xx_HAL_Driver/Src/stm32f7xx_hal_tim_ex.c **** HAL_StatusTypeDef HAL_TIMEx_ConfigCommutEvent(TIM_HandleTypeDef *htim, uint32_t  InputTrigger,
1806:Drivers/STM32F7xx_HAL_Driver/Src/stm32f7xx_hal_tim_ex.c ****                                               uint32_t  CommutationSource)
1807:Drivers/STM32F7xx_HAL_Driver/Src/stm32f7xx_hal_tim_ex.c **** {
1808:Drivers/STM32F7xx_HAL_Driver/Src/stm32f7xx_hal_tim_ex.c ****   /* Check the parameters */
1809:Drivers/STM32F7xx_HAL_Driver/Src/stm32f7xx_hal_tim_ex.c ****   assert_param(IS_TIM_COMMUTATION_EVENT_INSTANCE(htim->Instance));
1810:Drivers/STM32F7xx_HAL_Driver/Src/stm32f7xx_hal_tim_ex.c ****   assert_param(IS_TIM_INTERNAL_TRIGGEREVENT_SELECTION(InputTrigger));
1811:Drivers/STM32F7xx_HAL_Driver/Src/stm32f7xx_hal_tim_ex.c **** 
1812:Drivers/STM32F7xx_HAL_Driver/Src/stm32f7xx_hal_tim_ex.c ****   __HAL_LOCK(htim);
1813:Drivers/STM32F7xx_HAL_Driver/Src/stm32f7xx_hal_tim_ex.c **** 
1814:Drivers/STM32F7xx_HAL_Driver/Src/stm32f7xx_hal_tim_ex.c ****   if ((InputTrigger == TIM_TS_ITR0) || (InputTrigger == TIM_TS_ITR1) ||
1815:Drivers/STM32F7xx_HAL_Driver/Src/stm32f7xx_hal_tim_ex.c ****       (InputTrigger == TIM_TS_ITR2) || (InputTrigger == TIM_TS_ITR3))
1816:Drivers/STM32F7xx_HAL_Driver/Src/stm32f7xx_hal_tim_ex.c ****   {
1817:Drivers/STM32F7xx_HAL_Driver/Src/stm32f7xx_hal_tim_ex.c ****     /* Select the Input trigger */
1818:Drivers/STM32F7xx_HAL_Driver/Src/stm32f7xx_hal_tim_ex.c ****     htim->Instance->SMCR &= ~TIM_SMCR_TS;
1819:Drivers/STM32F7xx_HAL_Driver/Src/stm32f7xx_hal_tim_ex.c ****     htim->Instance->SMCR |= InputTrigger;
1820:Drivers/STM32F7xx_HAL_Driver/Src/stm32f7xx_hal_tim_ex.c ****   }
1821:Drivers/STM32F7xx_HAL_Driver/Src/stm32f7xx_hal_tim_ex.c **** 
1822:Drivers/STM32F7xx_HAL_Driver/Src/stm32f7xx_hal_tim_ex.c ****   /* Select the Capture Compare preload feature */
1823:Drivers/STM32F7xx_HAL_Driver/Src/stm32f7xx_hal_tim_ex.c ****   htim->Instance->CR2 |= TIM_CR2_CCPC;
1824:Drivers/STM32F7xx_HAL_Driver/Src/stm32f7xx_hal_tim_ex.c ****   /* Select the Commutation event source */
1825:Drivers/STM32F7xx_HAL_Driver/Src/stm32f7xx_hal_tim_ex.c ****   htim->Instance->CR2 &= ~TIM_CR2_CCUS;
1826:Drivers/STM32F7xx_HAL_Driver/Src/stm32f7xx_hal_tim_ex.c ****   htim->Instance->CR2 |= CommutationSource;
1827:Drivers/STM32F7xx_HAL_Driver/Src/stm32f7xx_hal_tim_ex.c **** 
1828:Drivers/STM32F7xx_HAL_Driver/Src/stm32f7xx_hal_tim_ex.c ****   /* Disable Commutation Interrupt */
1829:Drivers/STM32F7xx_HAL_Driver/Src/stm32f7xx_hal_tim_ex.c ****   __HAL_TIM_DISABLE_IT(htim, TIM_IT_COM);
1830:Drivers/STM32F7xx_HAL_Driver/Src/stm32f7xx_hal_tim_ex.c **** 
1831:Drivers/STM32F7xx_HAL_Driver/Src/stm32f7xx_hal_tim_ex.c ****   /* Disable Commutation DMA request */
1832:Drivers/STM32F7xx_HAL_Driver/Src/stm32f7xx_hal_tim_ex.c ****   __HAL_TIM_DISABLE_DMA(htim, TIM_DMA_COM);
1833:Drivers/STM32F7xx_HAL_Driver/Src/stm32f7xx_hal_tim_ex.c **** 
1834:Drivers/STM32F7xx_HAL_Driver/Src/stm32f7xx_hal_tim_ex.c ****   __HAL_UNLOCK(htim);
1835:Drivers/STM32F7xx_HAL_Driver/Src/stm32f7xx_hal_tim_ex.c **** 
1836:Drivers/STM32F7xx_HAL_Driver/Src/stm32f7xx_hal_tim_ex.c ****   return HAL_OK;
1837:Drivers/STM32F7xx_HAL_Driver/Src/stm32f7xx_hal_tim_ex.c **** }
1838:Drivers/STM32F7xx_HAL_Driver/Src/stm32f7xx_hal_tim_ex.c **** 
1839:Drivers/STM32F7xx_HAL_Driver/Src/stm32f7xx_hal_tim_ex.c **** /**
1840:Drivers/STM32F7xx_HAL_Driver/Src/stm32f7xx_hal_tim_ex.c ****   * @brief  Configure the TIM commutation event sequence with interrupt.
1841:Drivers/STM32F7xx_HAL_Driver/Src/stm32f7xx_hal_tim_ex.c ****   * @note  This function is mandatory to use the commutation event in order to
1842:Drivers/STM32F7xx_HAL_Driver/Src/stm32f7xx_hal_tim_ex.c ****   *        update the configuration at each commutation detection on the TRGI input of the Timer,
1843:Drivers/STM32F7xx_HAL_Driver/Src/stm32f7xx_hal_tim_ex.c ****   *        the typical use of this feature is with the use of another Timer(interface Timer)
1844:Drivers/STM32F7xx_HAL_Driver/Src/stm32f7xx_hal_tim_ex.c ****   *        configured in Hall sensor interface, this interface Timer will generate the
1845:Drivers/STM32F7xx_HAL_Driver/Src/stm32f7xx_hal_tim_ex.c ****   *        commutation at its TRGO output (connected to Timer used in this function) each time
1846:Drivers/STM32F7xx_HAL_Driver/Src/stm32f7xx_hal_tim_ex.c ****   *        the TI1 of the Interface Timer detect a commutation at its input TI1.
1847:Drivers/STM32F7xx_HAL_Driver/Src/stm32f7xx_hal_tim_ex.c ****   * @param  htim TIM handle
1848:Drivers/STM32F7xx_HAL_Driver/Src/stm32f7xx_hal_tim_ex.c ****   * @param  InputTrigger the Internal trigger corresponding to the Timer Interfacing with the Hall 
1849:Drivers/STM32F7xx_HAL_Driver/Src/stm32f7xx_hal_tim_ex.c ****   *          This parameter can be one of the following values:
1850:Drivers/STM32F7xx_HAL_Driver/Src/stm32f7xx_hal_tim_ex.c ****   *            @arg TIM_TS_ITR0: Internal trigger 0 selected
1851:Drivers/STM32F7xx_HAL_Driver/Src/stm32f7xx_hal_tim_ex.c ****   *            @arg TIM_TS_ITR1: Internal trigger 1 selected
1852:Drivers/STM32F7xx_HAL_Driver/Src/stm32f7xx_hal_tim_ex.c ****   *            @arg TIM_TS_ITR2: Internal trigger 2 selected
1853:Drivers/STM32F7xx_HAL_Driver/Src/stm32f7xx_hal_tim_ex.c ****   *            @arg TIM_TS_ITR3: Internal trigger 3 selected
1854:Drivers/STM32F7xx_HAL_Driver/Src/stm32f7xx_hal_tim_ex.c ****   *            @arg TIM_TS_NONE: No trigger is needed
1855:Drivers/STM32F7xx_HAL_Driver/Src/stm32f7xx_hal_tim_ex.c ****   * @param  CommutationSource the Commutation Event source
ARM GAS  /tmp/ccJkDeps.s 			page 34


1856:Drivers/STM32F7xx_HAL_Driver/Src/stm32f7xx_hal_tim_ex.c ****   *          This parameter can be one of the following values:
1857:Drivers/STM32F7xx_HAL_Driver/Src/stm32f7xx_hal_tim_ex.c ****   *            @arg TIM_COMMUTATION_TRGI: Commutation source is the TRGI of the Interface Timer
1858:Drivers/STM32F7xx_HAL_Driver/Src/stm32f7xx_hal_tim_ex.c ****   *            @arg TIM_COMMUTATION_SOFTWARE:  Commutation source is set by software using the COMG
1859:Drivers/STM32F7xx_HAL_Driver/Src/stm32f7xx_hal_tim_ex.c ****   * @retval HAL status
1860:Drivers/STM32F7xx_HAL_Driver/Src/stm32f7xx_hal_tim_ex.c ****   */
1861:Drivers/STM32F7xx_HAL_Driver/Src/stm32f7xx_hal_tim_ex.c **** HAL_StatusTypeDef HAL_TIMEx_ConfigCommutEvent_IT(TIM_HandleTypeDef *htim, uint32_t  InputTrigger,
1862:Drivers/STM32F7xx_HAL_Driver/Src/stm32f7xx_hal_tim_ex.c ****                                                  uint32_t  CommutationSource)
1863:Drivers/STM32F7xx_HAL_Driver/Src/stm32f7xx_hal_tim_ex.c **** {
1864:Drivers/STM32F7xx_HAL_Driver/Src/stm32f7xx_hal_tim_ex.c ****   /* Check the parameters */
1865:Drivers/STM32F7xx_HAL_Driver/Src/stm32f7xx_hal_tim_ex.c ****   assert_param(IS_TIM_COMMUTATION_EVENT_INSTANCE(htim->Instance));
1866:Drivers/STM32F7xx_HAL_Driver/Src/stm32f7xx_hal_tim_ex.c ****   assert_param(IS_TIM_INTERNAL_TRIGGEREVENT_SELECTION(InputTrigger));
1867:Drivers/STM32F7xx_HAL_Driver/Src/stm32f7xx_hal_tim_ex.c **** 
1868:Drivers/STM32F7xx_HAL_Driver/Src/stm32f7xx_hal_tim_ex.c ****   __HAL_LOCK(htim);
1869:Drivers/STM32F7xx_HAL_Driver/Src/stm32f7xx_hal_tim_ex.c **** 
1870:Drivers/STM32F7xx_HAL_Driver/Src/stm32f7xx_hal_tim_ex.c ****   if ((InputTrigger == TIM_TS_ITR0) || (InputTrigger == TIM_TS_ITR1) ||
1871:Drivers/STM32F7xx_HAL_Driver/Src/stm32f7xx_hal_tim_ex.c ****       (InputTrigger == TIM_TS_ITR2) || (InputTrigger == TIM_TS_ITR3))
1872:Drivers/STM32F7xx_HAL_Driver/Src/stm32f7xx_hal_tim_ex.c ****   {
1873:Drivers/STM32F7xx_HAL_Driver/Src/stm32f7xx_hal_tim_ex.c ****     /* Select the Input trigger */
1874:Drivers/STM32F7xx_HAL_Driver/Src/stm32f7xx_hal_tim_ex.c ****     htim->Instance->SMCR &= ~TIM_SMCR_TS;
1875:Drivers/STM32F7xx_HAL_Driver/Src/stm32f7xx_hal_tim_ex.c ****     htim->Instance->SMCR |= InputTrigger;
1876:Drivers/STM32F7xx_HAL_Driver/Src/stm32f7xx_hal_tim_ex.c ****   }
1877:Drivers/STM32F7xx_HAL_Driver/Src/stm32f7xx_hal_tim_ex.c **** 
1878:Drivers/STM32F7xx_HAL_Driver/Src/stm32f7xx_hal_tim_ex.c ****   /* Select the Capture Compare preload feature */
1879:Drivers/STM32F7xx_HAL_Driver/Src/stm32f7xx_hal_tim_ex.c ****   htim->Instance->CR2 |= TIM_CR2_CCPC;
1880:Drivers/STM32F7xx_HAL_Driver/Src/stm32f7xx_hal_tim_ex.c ****   /* Select the Commutation event source */
1881:Drivers/STM32F7xx_HAL_Driver/Src/stm32f7xx_hal_tim_ex.c ****   htim->Instance->CR2 &= ~TIM_CR2_CCUS;
1882:Drivers/STM32F7xx_HAL_Driver/Src/stm32f7xx_hal_tim_ex.c ****   htim->Instance->CR2 |= CommutationSource;
1883:Drivers/STM32F7xx_HAL_Driver/Src/stm32f7xx_hal_tim_ex.c **** 
1884:Drivers/STM32F7xx_HAL_Driver/Src/stm32f7xx_hal_tim_ex.c ****   /* Disable Commutation DMA request */
1885:Drivers/STM32F7xx_HAL_Driver/Src/stm32f7xx_hal_tim_ex.c ****   __HAL_TIM_DISABLE_DMA(htim, TIM_DMA_COM);
1886:Drivers/STM32F7xx_HAL_Driver/Src/stm32f7xx_hal_tim_ex.c **** 
1887:Drivers/STM32F7xx_HAL_Driver/Src/stm32f7xx_hal_tim_ex.c ****   /* Enable the Commutation Interrupt */
1888:Drivers/STM32F7xx_HAL_Driver/Src/stm32f7xx_hal_tim_ex.c ****   __HAL_TIM_ENABLE_IT(htim, TIM_IT_COM);
1889:Drivers/STM32F7xx_HAL_Driver/Src/stm32f7xx_hal_tim_ex.c **** 
1890:Drivers/STM32F7xx_HAL_Driver/Src/stm32f7xx_hal_tim_ex.c ****   __HAL_UNLOCK(htim);
1891:Drivers/STM32F7xx_HAL_Driver/Src/stm32f7xx_hal_tim_ex.c **** 
1892:Drivers/STM32F7xx_HAL_Driver/Src/stm32f7xx_hal_tim_ex.c ****   return HAL_OK;
1893:Drivers/STM32F7xx_HAL_Driver/Src/stm32f7xx_hal_tim_ex.c **** }
1894:Drivers/STM32F7xx_HAL_Driver/Src/stm32f7xx_hal_tim_ex.c **** 
1895:Drivers/STM32F7xx_HAL_Driver/Src/stm32f7xx_hal_tim_ex.c **** /**
1896:Drivers/STM32F7xx_HAL_Driver/Src/stm32f7xx_hal_tim_ex.c ****   * @brief  Configure the TIM commutation event sequence with DMA.
1897:Drivers/STM32F7xx_HAL_Driver/Src/stm32f7xx_hal_tim_ex.c ****   * @note  This function is mandatory to use the commutation event in order to
1898:Drivers/STM32F7xx_HAL_Driver/Src/stm32f7xx_hal_tim_ex.c ****   *        update the configuration at each commutation detection on the TRGI input of the Timer,
1899:Drivers/STM32F7xx_HAL_Driver/Src/stm32f7xx_hal_tim_ex.c ****   *        the typical use of this feature is with the use of another Timer(interface Timer)
1900:Drivers/STM32F7xx_HAL_Driver/Src/stm32f7xx_hal_tim_ex.c ****   *        configured in Hall sensor interface, this interface Timer will generate the
1901:Drivers/STM32F7xx_HAL_Driver/Src/stm32f7xx_hal_tim_ex.c ****   *        commutation at its TRGO output (connected to Timer used in this function) each time
1902:Drivers/STM32F7xx_HAL_Driver/Src/stm32f7xx_hal_tim_ex.c ****   *        the TI1 of the Interface Timer detect a commutation at its input TI1.
1903:Drivers/STM32F7xx_HAL_Driver/Src/stm32f7xx_hal_tim_ex.c ****   * @note  The user should configure the DMA in his own software, in This function only the COMDE b
1904:Drivers/STM32F7xx_HAL_Driver/Src/stm32f7xx_hal_tim_ex.c ****   * @param  htim TIM handle
1905:Drivers/STM32F7xx_HAL_Driver/Src/stm32f7xx_hal_tim_ex.c ****   * @param  InputTrigger the Internal trigger corresponding to the Timer Interfacing with the Hall 
1906:Drivers/STM32F7xx_HAL_Driver/Src/stm32f7xx_hal_tim_ex.c ****   *          This parameter can be one of the following values:
1907:Drivers/STM32F7xx_HAL_Driver/Src/stm32f7xx_hal_tim_ex.c ****   *            @arg TIM_TS_ITR0: Internal trigger 0 selected
1908:Drivers/STM32F7xx_HAL_Driver/Src/stm32f7xx_hal_tim_ex.c ****   *            @arg TIM_TS_ITR1: Internal trigger 1 selected
1909:Drivers/STM32F7xx_HAL_Driver/Src/stm32f7xx_hal_tim_ex.c ****   *            @arg TIM_TS_ITR2: Internal trigger 2 selected
1910:Drivers/STM32F7xx_HAL_Driver/Src/stm32f7xx_hal_tim_ex.c ****   *            @arg TIM_TS_ITR3: Internal trigger 3 selected
1911:Drivers/STM32F7xx_HAL_Driver/Src/stm32f7xx_hal_tim_ex.c ****   *            @arg TIM_TS_NONE: No trigger is needed
1912:Drivers/STM32F7xx_HAL_Driver/Src/stm32f7xx_hal_tim_ex.c ****   * @param  CommutationSource the Commutation Event source
ARM GAS  /tmp/ccJkDeps.s 			page 35


1913:Drivers/STM32F7xx_HAL_Driver/Src/stm32f7xx_hal_tim_ex.c ****   *          This parameter can be one of the following values:
1914:Drivers/STM32F7xx_HAL_Driver/Src/stm32f7xx_hal_tim_ex.c ****   *            @arg TIM_COMMUTATION_TRGI: Commutation source is the TRGI of the Interface Timer
1915:Drivers/STM32F7xx_HAL_Driver/Src/stm32f7xx_hal_tim_ex.c ****   *            @arg TIM_COMMUTATION_SOFTWARE:  Commutation source is set by software using the COMG
1916:Drivers/STM32F7xx_HAL_Driver/Src/stm32f7xx_hal_tim_ex.c ****   * @retval HAL status
1917:Drivers/STM32F7xx_HAL_Driver/Src/stm32f7xx_hal_tim_ex.c ****   */
1918:Drivers/STM32F7xx_HAL_Driver/Src/stm32f7xx_hal_tim_ex.c **** HAL_StatusTypeDef HAL_TIMEx_ConfigCommutEvent_DMA(TIM_HandleTypeDef *htim, uint32_t  InputTrigger,
1919:Drivers/STM32F7xx_HAL_Driver/Src/stm32f7xx_hal_tim_ex.c ****                                                   uint32_t  CommutationSource)
1920:Drivers/STM32F7xx_HAL_Driver/Src/stm32f7xx_hal_tim_ex.c **** {
1921:Drivers/STM32F7xx_HAL_Driver/Src/stm32f7xx_hal_tim_ex.c ****   /* Check the parameters */
1922:Drivers/STM32F7xx_HAL_Driver/Src/stm32f7xx_hal_tim_ex.c ****   assert_param(IS_TIM_COMMUTATION_EVENT_INSTANCE(htim->Instance));
1923:Drivers/STM32F7xx_HAL_Driver/Src/stm32f7xx_hal_tim_ex.c ****   assert_param(IS_TIM_INTERNAL_TRIGGEREVENT_SELECTION(InputTrigger));
1924:Drivers/STM32F7xx_HAL_Driver/Src/stm32f7xx_hal_tim_ex.c **** 
1925:Drivers/STM32F7xx_HAL_Driver/Src/stm32f7xx_hal_tim_ex.c ****   __HAL_LOCK(htim);
1926:Drivers/STM32F7xx_HAL_Driver/Src/stm32f7xx_hal_tim_ex.c **** 
1927:Drivers/STM32F7xx_HAL_Driver/Src/stm32f7xx_hal_tim_ex.c ****   if ((InputTrigger == TIM_TS_ITR0) || (InputTrigger == TIM_TS_ITR1) ||
1928:Drivers/STM32F7xx_HAL_Driver/Src/stm32f7xx_hal_tim_ex.c ****       (InputTrigger == TIM_TS_ITR2) || (InputTrigger == TIM_TS_ITR3))
1929:Drivers/STM32F7xx_HAL_Driver/Src/stm32f7xx_hal_tim_ex.c ****   {
1930:Drivers/STM32F7xx_HAL_Driver/Src/stm32f7xx_hal_tim_ex.c ****     /* Select the Input trigger */
1931:Drivers/STM32F7xx_HAL_Driver/Src/stm32f7xx_hal_tim_ex.c ****     htim->Instance->SMCR &= ~TIM_SMCR_TS;
1932:Drivers/STM32F7xx_HAL_Driver/Src/stm32f7xx_hal_tim_ex.c ****     htim->Instance->SMCR |= InputTrigger;
1933:Drivers/STM32F7xx_HAL_Driver/Src/stm32f7xx_hal_tim_ex.c ****   }
1934:Drivers/STM32F7xx_HAL_Driver/Src/stm32f7xx_hal_tim_ex.c **** 
1935:Drivers/STM32F7xx_HAL_Driver/Src/stm32f7xx_hal_tim_ex.c ****   /* Select the Capture Compare preload feature */
1936:Drivers/STM32F7xx_HAL_Driver/Src/stm32f7xx_hal_tim_ex.c ****   htim->Instance->CR2 |= TIM_CR2_CCPC;
1937:Drivers/STM32F7xx_HAL_Driver/Src/stm32f7xx_hal_tim_ex.c ****   /* Select the Commutation event source */
1938:Drivers/STM32F7xx_HAL_Driver/Src/stm32f7xx_hal_tim_ex.c ****   htim->Instance->CR2 &= ~TIM_CR2_CCUS;
1939:Drivers/STM32F7xx_HAL_Driver/Src/stm32f7xx_hal_tim_ex.c ****   htim->Instance->CR2 |= CommutationSource;
1940:Drivers/STM32F7xx_HAL_Driver/Src/stm32f7xx_hal_tim_ex.c **** 
1941:Drivers/STM32F7xx_HAL_Driver/Src/stm32f7xx_hal_tim_ex.c ****   /* Enable the Commutation DMA Request */
1942:Drivers/STM32F7xx_HAL_Driver/Src/stm32f7xx_hal_tim_ex.c ****   /* Set the DMA Commutation Callback */
1943:Drivers/STM32F7xx_HAL_Driver/Src/stm32f7xx_hal_tim_ex.c ****   htim->hdma[TIM_DMA_ID_COMMUTATION]->XferCpltCallback = TIMEx_DMACommutationCplt;
1944:Drivers/STM32F7xx_HAL_Driver/Src/stm32f7xx_hal_tim_ex.c ****   htim->hdma[TIM_DMA_ID_COMMUTATION]->XferHalfCpltCallback = TIMEx_DMACommutationHalfCplt;
1945:Drivers/STM32F7xx_HAL_Driver/Src/stm32f7xx_hal_tim_ex.c ****   /* Set the DMA error callback */
1946:Drivers/STM32F7xx_HAL_Driver/Src/stm32f7xx_hal_tim_ex.c ****   htim->hdma[TIM_DMA_ID_COMMUTATION]->XferErrorCallback = TIM_DMAError;
1947:Drivers/STM32F7xx_HAL_Driver/Src/stm32f7xx_hal_tim_ex.c **** 
1948:Drivers/STM32F7xx_HAL_Driver/Src/stm32f7xx_hal_tim_ex.c ****   /* Disable Commutation Interrupt */
1949:Drivers/STM32F7xx_HAL_Driver/Src/stm32f7xx_hal_tim_ex.c ****   __HAL_TIM_DISABLE_IT(htim, TIM_IT_COM);
1950:Drivers/STM32F7xx_HAL_Driver/Src/stm32f7xx_hal_tim_ex.c **** 
1951:Drivers/STM32F7xx_HAL_Driver/Src/stm32f7xx_hal_tim_ex.c ****   /* Enable the Commutation DMA Request */
1952:Drivers/STM32F7xx_HAL_Driver/Src/stm32f7xx_hal_tim_ex.c ****   __HAL_TIM_ENABLE_DMA(htim, TIM_DMA_COM);
1953:Drivers/STM32F7xx_HAL_Driver/Src/stm32f7xx_hal_tim_ex.c **** 
1954:Drivers/STM32F7xx_HAL_Driver/Src/stm32f7xx_hal_tim_ex.c ****   __HAL_UNLOCK(htim);
1955:Drivers/STM32F7xx_HAL_Driver/Src/stm32f7xx_hal_tim_ex.c **** 
1956:Drivers/STM32F7xx_HAL_Driver/Src/stm32f7xx_hal_tim_ex.c ****   return HAL_OK;
1957:Drivers/STM32F7xx_HAL_Driver/Src/stm32f7xx_hal_tim_ex.c **** }
1958:Drivers/STM32F7xx_HAL_Driver/Src/stm32f7xx_hal_tim_ex.c **** 
1959:Drivers/STM32F7xx_HAL_Driver/Src/stm32f7xx_hal_tim_ex.c **** /**
1960:Drivers/STM32F7xx_HAL_Driver/Src/stm32f7xx_hal_tim_ex.c ****   * @brief  Configures the TIM in master mode.
1961:Drivers/STM32F7xx_HAL_Driver/Src/stm32f7xx_hal_tim_ex.c ****   * @param  htim TIM handle.
1962:Drivers/STM32F7xx_HAL_Driver/Src/stm32f7xx_hal_tim_ex.c ****   * @param  sMasterConfig pointer to a TIM_MasterConfigTypeDef structure that
1963:Drivers/STM32F7xx_HAL_Driver/Src/stm32f7xx_hal_tim_ex.c ****   *         contains the selected trigger output (TRGO) and the Master/Slave
1964:Drivers/STM32F7xx_HAL_Driver/Src/stm32f7xx_hal_tim_ex.c ****   *         mode.
1965:Drivers/STM32F7xx_HAL_Driver/Src/stm32f7xx_hal_tim_ex.c ****   * @retval HAL status
1966:Drivers/STM32F7xx_HAL_Driver/Src/stm32f7xx_hal_tim_ex.c ****   */
1967:Drivers/STM32F7xx_HAL_Driver/Src/stm32f7xx_hal_tim_ex.c **** HAL_StatusTypeDef HAL_TIMEx_MasterConfigSynchronization(TIM_HandleTypeDef *htim,
1968:Drivers/STM32F7xx_HAL_Driver/Src/stm32f7xx_hal_tim_ex.c ****                                                         const TIM_MasterConfigTypeDef *sMasterConfi
1969:Drivers/STM32F7xx_HAL_Driver/Src/stm32f7xx_hal_tim_ex.c **** {
ARM GAS  /tmp/ccJkDeps.s 			page 36


1970:Drivers/STM32F7xx_HAL_Driver/Src/stm32f7xx_hal_tim_ex.c ****   uint32_t tmpcr2;
1971:Drivers/STM32F7xx_HAL_Driver/Src/stm32f7xx_hal_tim_ex.c ****   uint32_t tmpsmcr;
1972:Drivers/STM32F7xx_HAL_Driver/Src/stm32f7xx_hal_tim_ex.c **** 
1973:Drivers/STM32F7xx_HAL_Driver/Src/stm32f7xx_hal_tim_ex.c ****   /* Check the parameters */
1974:Drivers/STM32F7xx_HAL_Driver/Src/stm32f7xx_hal_tim_ex.c ****   assert_param(IS_TIM_MASTER_INSTANCE(htim->Instance));
1975:Drivers/STM32F7xx_HAL_Driver/Src/stm32f7xx_hal_tim_ex.c ****   assert_param(IS_TIM_TRGO_SOURCE(sMasterConfig->MasterOutputTrigger));
1976:Drivers/STM32F7xx_HAL_Driver/Src/stm32f7xx_hal_tim_ex.c ****   assert_param(IS_TIM_MSM_STATE(sMasterConfig->MasterSlaveMode));
1977:Drivers/STM32F7xx_HAL_Driver/Src/stm32f7xx_hal_tim_ex.c **** 
1978:Drivers/STM32F7xx_HAL_Driver/Src/stm32f7xx_hal_tim_ex.c ****   /* Check input state */
1979:Drivers/STM32F7xx_HAL_Driver/Src/stm32f7xx_hal_tim_ex.c ****   __HAL_LOCK(htim);
1980:Drivers/STM32F7xx_HAL_Driver/Src/stm32f7xx_hal_tim_ex.c **** 
1981:Drivers/STM32F7xx_HAL_Driver/Src/stm32f7xx_hal_tim_ex.c ****   /* Change the handler state */
1982:Drivers/STM32F7xx_HAL_Driver/Src/stm32f7xx_hal_tim_ex.c ****   htim->State = HAL_TIM_STATE_BUSY;
1983:Drivers/STM32F7xx_HAL_Driver/Src/stm32f7xx_hal_tim_ex.c **** 
1984:Drivers/STM32F7xx_HAL_Driver/Src/stm32f7xx_hal_tim_ex.c ****   /* Get the TIMx CR2 register value */
1985:Drivers/STM32F7xx_HAL_Driver/Src/stm32f7xx_hal_tim_ex.c ****   tmpcr2 = htim->Instance->CR2;
1986:Drivers/STM32F7xx_HAL_Driver/Src/stm32f7xx_hal_tim_ex.c **** 
1987:Drivers/STM32F7xx_HAL_Driver/Src/stm32f7xx_hal_tim_ex.c ****   /* Get the TIMx SMCR register value */
1988:Drivers/STM32F7xx_HAL_Driver/Src/stm32f7xx_hal_tim_ex.c ****   tmpsmcr = htim->Instance->SMCR;
1989:Drivers/STM32F7xx_HAL_Driver/Src/stm32f7xx_hal_tim_ex.c **** 
1990:Drivers/STM32F7xx_HAL_Driver/Src/stm32f7xx_hal_tim_ex.c ****   /* If the timer supports ADC synchronization through TRGO2, set the master mode selection 2 */
1991:Drivers/STM32F7xx_HAL_Driver/Src/stm32f7xx_hal_tim_ex.c ****   if (IS_TIM_TRGO2_INSTANCE(htim->Instance))
1992:Drivers/STM32F7xx_HAL_Driver/Src/stm32f7xx_hal_tim_ex.c ****   {
1993:Drivers/STM32F7xx_HAL_Driver/Src/stm32f7xx_hal_tim_ex.c ****     /* Check the parameters */
1994:Drivers/STM32F7xx_HAL_Driver/Src/stm32f7xx_hal_tim_ex.c ****     assert_param(IS_TIM_TRGO2_SOURCE(sMasterConfig->MasterOutputTrigger2));
1995:Drivers/STM32F7xx_HAL_Driver/Src/stm32f7xx_hal_tim_ex.c **** 
1996:Drivers/STM32F7xx_HAL_Driver/Src/stm32f7xx_hal_tim_ex.c ****     /* Clear the MMS2 bits */
1997:Drivers/STM32F7xx_HAL_Driver/Src/stm32f7xx_hal_tim_ex.c ****     tmpcr2 &= ~TIM_CR2_MMS2;
1998:Drivers/STM32F7xx_HAL_Driver/Src/stm32f7xx_hal_tim_ex.c ****     /* Select the TRGO2 source*/
1999:Drivers/STM32F7xx_HAL_Driver/Src/stm32f7xx_hal_tim_ex.c ****     tmpcr2 |= sMasterConfig->MasterOutputTrigger2;
2000:Drivers/STM32F7xx_HAL_Driver/Src/stm32f7xx_hal_tim_ex.c ****   }
2001:Drivers/STM32F7xx_HAL_Driver/Src/stm32f7xx_hal_tim_ex.c **** 
2002:Drivers/STM32F7xx_HAL_Driver/Src/stm32f7xx_hal_tim_ex.c ****   /* Reset the MMS Bits */
2003:Drivers/STM32F7xx_HAL_Driver/Src/stm32f7xx_hal_tim_ex.c ****   tmpcr2 &= ~TIM_CR2_MMS;
2004:Drivers/STM32F7xx_HAL_Driver/Src/stm32f7xx_hal_tim_ex.c ****   /* Select the TRGO source */
2005:Drivers/STM32F7xx_HAL_Driver/Src/stm32f7xx_hal_tim_ex.c ****   tmpcr2 |=  sMasterConfig->MasterOutputTrigger;
2006:Drivers/STM32F7xx_HAL_Driver/Src/stm32f7xx_hal_tim_ex.c **** 
2007:Drivers/STM32F7xx_HAL_Driver/Src/stm32f7xx_hal_tim_ex.c ****   /* Update TIMx CR2 */
2008:Drivers/STM32F7xx_HAL_Driver/Src/stm32f7xx_hal_tim_ex.c ****   htim->Instance->CR2 = tmpcr2;
2009:Drivers/STM32F7xx_HAL_Driver/Src/stm32f7xx_hal_tim_ex.c **** 
2010:Drivers/STM32F7xx_HAL_Driver/Src/stm32f7xx_hal_tim_ex.c ****   if (IS_TIM_SLAVE_INSTANCE(htim->Instance))
2011:Drivers/STM32F7xx_HAL_Driver/Src/stm32f7xx_hal_tim_ex.c ****   {
2012:Drivers/STM32F7xx_HAL_Driver/Src/stm32f7xx_hal_tim_ex.c ****     /* Reset the MSM Bit */
2013:Drivers/STM32F7xx_HAL_Driver/Src/stm32f7xx_hal_tim_ex.c ****     tmpsmcr &= ~TIM_SMCR_MSM;
2014:Drivers/STM32F7xx_HAL_Driver/Src/stm32f7xx_hal_tim_ex.c ****     /* Set master mode */
2015:Drivers/STM32F7xx_HAL_Driver/Src/stm32f7xx_hal_tim_ex.c ****     tmpsmcr |= sMasterConfig->MasterSlaveMode;
2016:Drivers/STM32F7xx_HAL_Driver/Src/stm32f7xx_hal_tim_ex.c **** 
2017:Drivers/STM32F7xx_HAL_Driver/Src/stm32f7xx_hal_tim_ex.c ****     /* Update TIMx SMCR */
2018:Drivers/STM32F7xx_HAL_Driver/Src/stm32f7xx_hal_tim_ex.c ****     htim->Instance->SMCR = tmpsmcr;
2019:Drivers/STM32F7xx_HAL_Driver/Src/stm32f7xx_hal_tim_ex.c ****   }
2020:Drivers/STM32F7xx_HAL_Driver/Src/stm32f7xx_hal_tim_ex.c **** 
2021:Drivers/STM32F7xx_HAL_Driver/Src/stm32f7xx_hal_tim_ex.c ****   /* Change the htim state */
2022:Drivers/STM32F7xx_HAL_Driver/Src/stm32f7xx_hal_tim_ex.c ****   htim->State = HAL_TIM_STATE_READY;
2023:Drivers/STM32F7xx_HAL_Driver/Src/stm32f7xx_hal_tim_ex.c **** 
2024:Drivers/STM32F7xx_HAL_Driver/Src/stm32f7xx_hal_tim_ex.c ****   __HAL_UNLOCK(htim);
2025:Drivers/STM32F7xx_HAL_Driver/Src/stm32f7xx_hal_tim_ex.c **** 
2026:Drivers/STM32F7xx_HAL_Driver/Src/stm32f7xx_hal_tim_ex.c ****   return HAL_OK;
ARM GAS  /tmp/ccJkDeps.s 			page 37


2027:Drivers/STM32F7xx_HAL_Driver/Src/stm32f7xx_hal_tim_ex.c **** }
2028:Drivers/STM32F7xx_HAL_Driver/Src/stm32f7xx_hal_tim_ex.c **** 
2029:Drivers/STM32F7xx_HAL_Driver/Src/stm32f7xx_hal_tim_ex.c **** /**
2030:Drivers/STM32F7xx_HAL_Driver/Src/stm32f7xx_hal_tim_ex.c ****   * @brief  Configures the Break feature, dead time, Lock level, OSSI/OSSR State
2031:Drivers/STM32F7xx_HAL_Driver/Src/stm32f7xx_hal_tim_ex.c ****   *         and the AOE(automatic output enable).
2032:Drivers/STM32F7xx_HAL_Driver/Src/stm32f7xx_hal_tim_ex.c ****   * @param  htim TIM handle
2033:Drivers/STM32F7xx_HAL_Driver/Src/stm32f7xx_hal_tim_ex.c ****   * @param  sBreakDeadTimeConfig pointer to a TIM_ConfigBreakDeadConfigTypeDef structure that
2034:Drivers/STM32F7xx_HAL_Driver/Src/stm32f7xx_hal_tim_ex.c ****   *         contains the BDTR Register configuration  information for the TIM peripheral.
2035:Drivers/STM32F7xx_HAL_Driver/Src/stm32f7xx_hal_tim_ex.c ****   * @note   Interrupts can be generated when an active level is detected on the
2036:Drivers/STM32F7xx_HAL_Driver/Src/stm32f7xx_hal_tim_ex.c ****   *         break input, the break 2 input or the system break input. Break
2037:Drivers/STM32F7xx_HAL_Driver/Src/stm32f7xx_hal_tim_ex.c ****   *         interrupt can be enabled by calling the @ref __HAL_TIM_ENABLE_IT macro.
2038:Drivers/STM32F7xx_HAL_Driver/Src/stm32f7xx_hal_tim_ex.c ****   * @retval HAL status
2039:Drivers/STM32F7xx_HAL_Driver/Src/stm32f7xx_hal_tim_ex.c ****   */
2040:Drivers/STM32F7xx_HAL_Driver/Src/stm32f7xx_hal_tim_ex.c **** HAL_StatusTypeDef HAL_TIMEx_ConfigBreakDeadTime(TIM_HandleTypeDef *htim,
2041:Drivers/STM32F7xx_HAL_Driver/Src/stm32f7xx_hal_tim_ex.c ****                                                 const TIM_BreakDeadTimeConfigTypeDef *sBreakDeadTim
2042:Drivers/STM32F7xx_HAL_Driver/Src/stm32f7xx_hal_tim_ex.c **** {
2043:Drivers/STM32F7xx_HAL_Driver/Src/stm32f7xx_hal_tim_ex.c ****   /* Keep this variable initialized to 0 as it is used to configure BDTR register */
2044:Drivers/STM32F7xx_HAL_Driver/Src/stm32f7xx_hal_tim_ex.c ****   uint32_t tmpbdtr = 0U;
2045:Drivers/STM32F7xx_HAL_Driver/Src/stm32f7xx_hal_tim_ex.c **** 
2046:Drivers/STM32F7xx_HAL_Driver/Src/stm32f7xx_hal_tim_ex.c ****   /* Check the parameters */
2047:Drivers/STM32F7xx_HAL_Driver/Src/stm32f7xx_hal_tim_ex.c ****   assert_param(IS_TIM_BREAK_INSTANCE(htim->Instance));
2048:Drivers/STM32F7xx_HAL_Driver/Src/stm32f7xx_hal_tim_ex.c ****   assert_param(IS_TIM_OSSR_STATE(sBreakDeadTimeConfig->OffStateRunMode));
2049:Drivers/STM32F7xx_HAL_Driver/Src/stm32f7xx_hal_tim_ex.c ****   assert_param(IS_TIM_OSSI_STATE(sBreakDeadTimeConfig->OffStateIDLEMode));
2050:Drivers/STM32F7xx_HAL_Driver/Src/stm32f7xx_hal_tim_ex.c ****   assert_param(IS_TIM_LOCK_LEVEL(sBreakDeadTimeConfig->LockLevel));
2051:Drivers/STM32F7xx_HAL_Driver/Src/stm32f7xx_hal_tim_ex.c ****   assert_param(IS_TIM_DEADTIME(sBreakDeadTimeConfig->DeadTime));
2052:Drivers/STM32F7xx_HAL_Driver/Src/stm32f7xx_hal_tim_ex.c ****   assert_param(IS_TIM_BREAK_STATE(sBreakDeadTimeConfig->BreakState));
2053:Drivers/STM32F7xx_HAL_Driver/Src/stm32f7xx_hal_tim_ex.c ****   assert_param(IS_TIM_BREAK_POLARITY(sBreakDeadTimeConfig->BreakPolarity));
2054:Drivers/STM32F7xx_HAL_Driver/Src/stm32f7xx_hal_tim_ex.c ****   assert_param(IS_TIM_BREAK_FILTER(sBreakDeadTimeConfig->BreakFilter));
2055:Drivers/STM32F7xx_HAL_Driver/Src/stm32f7xx_hal_tim_ex.c ****   assert_param(IS_TIM_AUTOMATIC_OUTPUT_STATE(sBreakDeadTimeConfig->AutomaticOutput));
2056:Drivers/STM32F7xx_HAL_Driver/Src/stm32f7xx_hal_tim_ex.c **** 
2057:Drivers/STM32F7xx_HAL_Driver/Src/stm32f7xx_hal_tim_ex.c ****   /* Check input state */
2058:Drivers/STM32F7xx_HAL_Driver/Src/stm32f7xx_hal_tim_ex.c ****   __HAL_LOCK(htim);
2059:Drivers/STM32F7xx_HAL_Driver/Src/stm32f7xx_hal_tim_ex.c **** 
2060:Drivers/STM32F7xx_HAL_Driver/Src/stm32f7xx_hal_tim_ex.c ****   /* Set the Lock level, the Break enable Bit and the Polarity, the OSSR State,
2061:Drivers/STM32F7xx_HAL_Driver/Src/stm32f7xx_hal_tim_ex.c ****      the OSSI State, the dead time value and the Automatic Output Enable Bit */
2062:Drivers/STM32F7xx_HAL_Driver/Src/stm32f7xx_hal_tim_ex.c **** 
2063:Drivers/STM32F7xx_HAL_Driver/Src/stm32f7xx_hal_tim_ex.c ****   /* Set the BDTR bits */
2064:Drivers/STM32F7xx_HAL_Driver/Src/stm32f7xx_hal_tim_ex.c ****   MODIFY_REG(tmpbdtr, TIM_BDTR_DTG, sBreakDeadTimeConfig->DeadTime);
2065:Drivers/STM32F7xx_HAL_Driver/Src/stm32f7xx_hal_tim_ex.c ****   MODIFY_REG(tmpbdtr, TIM_BDTR_LOCK, sBreakDeadTimeConfig->LockLevel);
2066:Drivers/STM32F7xx_HAL_Driver/Src/stm32f7xx_hal_tim_ex.c ****   MODIFY_REG(tmpbdtr, TIM_BDTR_OSSI, sBreakDeadTimeConfig->OffStateIDLEMode);
2067:Drivers/STM32F7xx_HAL_Driver/Src/stm32f7xx_hal_tim_ex.c ****   MODIFY_REG(tmpbdtr, TIM_BDTR_OSSR, sBreakDeadTimeConfig->OffStateRunMode);
2068:Drivers/STM32F7xx_HAL_Driver/Src/stm32f7xx_hal_tim_ex.c ****   MODIFY_REG(tmpbdtr, TIM_BDTR_BKE, sBreakDeadTimeConfig->BreakState);
2069:Drivers/STM32F7xx_HAL_Driver/Src/stm32f7xx_hal_tim_ex.c ****   MODIFY_REG(tmpbdtr, TIM_BDTR_BKP, sBreakDeadTimeConfig->BreakPolarity);
2070:Drivers/STM32F7xx_HAL_Driver/Src/stm32f7xx_hal_tim_ex.c ****   MODIFY_REG(tmpbdtr, TIM_BDTR_AOE, sBreakDeadTimeConfig->AutomaticOutput);
2071:Drivers/STM32F7xx_HAL_Driver/Src/stm32f7xx_hal_tim_ex.c ****   MODIFY_REG(tmpbdtr, TIM_BDTR_BKF, (sBreakDeadTimeConfig->BreakFilter << TIM_BDTR_BKF_Pos));
2072:Drivers/STM32F7xx_HAL_Driver/Src/stm32f7xx_hal_tim_ex.c **** 
2073:Drivers/STM32F7xx_HAL_Driver/Src/stm32f7xx_hal_tim_ex.c ****   if (IS_TIM_BKIN2_INSTANCE(htim->Instance))
2074:Drivers/STM32F7xx_HAL_Driver/Src/stm32f7xx_hal_tim_ex.c ****   {
2075:Drivers/STM32F7xx_HAL_Driver/Src/stm32f7xx_hal_tim_ex.c ****     /* Check the parameters */
2076:Drivers/STM32F7xx_HAL_Driver/Src/stm32f7xx_hal_tim_ex.c ****     assert_param(IS_TIM_BREAK2_STATE(sBreakDeadTimeConfig->Break2State));
2077:Drivers/STM32F7xx_HAL_Driver/Src/stm32f7xx_hal_tim_ex.c ****     assert_param(IS_TIM_BREAK2_POLARITY(sBreakDeadTimeConfig->Break2Polarity));
2078:Drivers/STM32F7xx_HAL_Driver/Src/stm32f7xx_hal_tim_ex.c ****     assert_param(IS_TIM_BREAK_FILTER(sBreakDeadTimeConfig->Break2Filter));
2079:Drivers/STM32F7xx_HAL_Driver/Src/stm32f7xx_hal_tim_ex.c **** 
2080:Drivers/STM32F7xx_HAL_Driver/Src/stm32f7xx_hal_tim_ex.c ****     /* Set the BREAK2 input related BDTR bits */
2081:Drivers/STM32F7xx_HAL_Driver/Src/stm32f7xx_hal_tim_ex.c ****     MODIFY_REG(tmpbdtr, TIM_BDTR_BK2F, (sBreakDeadTimeConfig->Break2Filter << TIM_BDTR_BK2F_Pos));
2082:Drivers/STM32F7xx_HAL_Driver/Src/stm32f7xx_hal_tim_ex.c ****     MODIFY_REG(tmpbdtr, TIM_BDTR_BK2E, sBreakDeadTimeConfig->Break2State);
2083:Drivers/STM32F7xx_HAL_Driver/Src/stm32f7xx_hal_tim_ex.c ****     MODIFY_REG(tmpbdtr, TIM_BDTR_BK2P, sBreakDeadTimeConfig->Break2Polarity);
ARM GAS  /tmp/ccJkDeps.s 			page 38


2084:Drivers/STM32F7xx_HAL_Driver/Src/stm32f7xx_hal_tim_ex.c ****   }
2085:Drivers/STM32F7xx_HAL_Driver/Src/stm32f7xx_hal_tim_ex.c **** 
2086:Drivers/STM32F7xx_HAL_Driver/Src/stm32f7xx_hal_tim_ex.c ****   /* Set TIMx_BDTR */
2087:Drivers/STM32F7xx_HAL_Driver/Src/stm32f7xx_hal_tim_ex.c ****   htim->Instance->BDTR = tmpbdtr;
2088:Drivers/STM32F7xx_HAL_Driver/Src/stm32f7xx_hal_tim_ex.c **** 
2089:Drivers/STM32F7xx_HAL_Driver/Src/stm32f7xx_hal_tim_ex.c ****   __HAL_UNLOCK(htim);
2090:Drivers/STM32F7xx_HAL_Driver/Src/stm32f7xx_hal_tim_ex.c **** 
2091:Drivers/STM32F7xx_HAL_Driver/Src/stm32f7xx_hal_tim_ex.c ****   return HAL_OK;
2092:Drivers/STM32F7xx_HAL_Driver/Src/stm32f7xx_hal_tim_ex.c **** }
2093:Drivers/STM32F7xx_HAL_Driver/Src/stm32f7xx_hal_tim_ex.c **** #if defined(TIM_BREAK_INPUT_SUPPORT)
2094:Drivers/STM32F7xx_HAL_Driver/Src/stm32f7xx_hal_tim_ex.c **** 
2095:Drivers/STM32F7xx_HAL_Driver/Src/stm32f7xx_hal_tim_ex.c **** /**
2096:Drivers/STM32F7xx_HAL_Driver/Src/stm32f7xx_hal_tim_ex.c ****   * @brief  Configures the break input source.
2097:Drivers/STM32F7xx_HAL_Driver/Src/stm32f7xx_hal_tim_ex.c ****   * @param  htim TIM handle.
2098:Drivers/STM32F7xx_HAL_Driver/Src/stm32f7xx_hal_tim_ex.c ****   * @param  BreakInput Break input to configure
2099:Drivers/STM32F7xx_HAL_Driver/Src/stm32f7xx_hal_tim_ex.c ****   *          This parameter can be one of the following values:
2100:Drivers/STM32F7xx_HAL_Driver/Src/stm32f7xx_hal_tim_ex.c ****   *            @arg TIM_BREAKINPUT_BRK: Timer break input
2101:Drivers/STM32F7xx_HAL_Driver/Src/stm32f7xx_hal_tim_ex.c ****   *            @arg TIM_BREAKINPUT_BRK2: Timer break 2 input
2102:Drivers/STM32F7xx_HAL_Driver/Src/stm32f7xx_hal_tim_ex.c ****   * @param  sBreakInputConfig Break input source configuration
2103:Drivers/STM32F7xx_HAL_Driver/Src/stm32f7xx_hal_tim_ex.c ****   * @retval HAL status
2104:Drivers/STM32F7xx_HAL_Driver/Src/stm32f7xx_hal_tim_ex.c ****   */
2105:Drivers/STM32F7xx_HAL_Driver/Src/stm32f7xx_hal_tim_ex.c **** HAL_StatusTypeDef HAL_TIMEx_ConfigBreakInput(TIM_HandleTypeDef *htim,
2106:Drivers/STM32F7xx_HAL_Driver/Src/stm32f7xx_hal_tim_ex.c ****                                              uint32_t BreakInput,
2107:Drivers/STM32F7xx_HAL_Driver/Src/stm32f7xx_hal_tim_ex.c ****                                              const TIMEx_BreakInputConfigTypeDef *sBreakInputConfig
2108:Drivers/STM32F7xx_HAL_Driver/Src/stm32f7xx_hal_tim_ex.c **** 
2109:Drivers/STM32F7xx_HAL_Driver/Src/stm32f7xx_hal_tim_ex.c **** {
2110:Drivers/STM32F7xx_HAL_Driver/Src/stm32f7xx_hal_tim_ex.c ****   HAL_StatusTypeDef status = HAL_OK;
2111:Drivers/STM32F7xx_HAL_Driver/Src/stm32f7xx_hal_tim_ex.c ****   uint32_t tmporx;
2112:Drivers/STM32F7xx_HAL_Driver/Src/stm32f7xx_hal_tim_ex.c ****   uint32_t bkin_enable_mask;
2113:Drivers/STM32F7xx_HAL_Driver/Src/stm32f7xx_hal_tim_ex.c ****   uint32_t bkin_polarity_mask;
2114:Drivers/STM32F7xx_HAL_Driver/Src/stm32f7xx_hal_tim_ex.c ****   uint32_t bkin_enable_bitpos;
2115:Drivers/STM32F7xx_HAL_Driver/Src/stm32f7xx_hal_tim_ex.c ****   uint32_t bkin_polarity_bitpos;
2116:Drivers/STM32F7xx_HAL_Driver/Src/stm32f7xx_hal_tim_ex.c **** 
2117:Drivers/STM32F7xx_HAL_Driver/Src/stm32f7xx_hal_tim_ex.c ****   /* Check the parameters */
2118:Drivers/STM32F7xx_HAL_Driver/Src/stm32f7xx_hal_tim_ex.c ****   assert_param(IS_TIM_BREAK_INSTANCE(htim->Instance));
2119:Drivers/STM32F7xx_HAL_Driver/Src/stm32f7xx_hal_tim_ex.c ****   assert_param(IS_TIM_BREAKINPUT(BreakInput));
2120:Drivers/STM32F7xx_HAL_Driver/Src/stm32f7xx_hal_tim_ex.c ****   assert_param(IS_TIM_BREAKINPUTSOURCE(sBreakInputConfig->Source));
2121:Drivers/STM32F7xx_HAL_Driver/Src/stm32f7xx_hal_tim_ex.c ****   assert_param(IS_TIM_BREAKINPUTSOURCE_STATE(sBreakInputConfig->Enable));
2122:Drivers/STM32F7xx_HAL_Driver/Src/stm32f7xx_hal_tim_ex.c **** #if defined(DFSDM1_Channel0)
2123:Drivers/STM32F7xx_HAL_Driver/Src/stm32f7xx_hal_tim_ex.c ****   if (sBreakInputConfig->Source != TIM_BREAKINPUTSOURCE_DFSDM1)
2124:Drivers/STM32F7xx_HAL_Driver/Src/stm32f7xx_hal_tim_ex.c ****   {
2125:Drivers/STM32F7xx_HAL_Driver/Src/stm32f7xx_hal_tim_ex.c ****     assert_param(IS_TIM_BREAKINPUTSOURCE_POLARITY(sBreakInputConfig->Polarity));
2126:Drivers/STM32F7xx_HAL_Driver/Src/stm32f7xx_hal_tim_ex.c ****   }
2127:Drivers/STM32F7xx_HAL_Driver/Src/stm32f7xx_hal_tim_ex.c **** #else
2128:Drivers/STM32F7xx_HAL_Driver/Src/stm32f7xx_hal_tim_ex.c ****   assert_param(IS_TIM_BREAKINPUTSOURCE_POLARITY(sBreakInputConfig->Polarity));
2129:Drivers/STM32F7xx_HAL_Driver/Src/stm32f7xx_hal_tim_ex.c **** #endif /* DFSDM1_Channel0 */
2130:Drivers/STM32F7xx_HAL_Driver/Src/stm32f7xx_hal_tim_ex.c **** 
2131:Drivers/STM32F7xx_HAL_Driver/Src/stm32f7xx_hal_tim_ex.c ****   /* Check input state */
2132:Drivers/STM32F7xx_HAL_Driver/Src/stm32f7xx_hal_tim_ex.c ****   __HAL_LOCK(htim);
2133:Drivers/STM32F7xx_HAL_Driver/Src/stm32f7xx_hal_tim_ex.c **** 
2134:Drivers/STM32F7xx_HAL_Driver/Src/stm32f7xx_hal_tim_ex.c ****   switch (sBreakInputConfig->Source)
2135:Drivers/STM32F7xx_HAL_Driver/Src/stm32f7xx_hal_tim_ex.c ****   {
2136:Drivers/STM32F7xx_HAL_Driver/Src/stm32f7xx_hal_tim_ex.c ****     case TIM_BREAKINPUTSOURCE_BKIN:
2137:Drivers/STM32F7xx_HAL_Driver/Src/stm32f7xx_hal_tim_ex.c ****     {
2138:Drivers/STM32F7xx_HAL_Driver/Src/stm32f7xx_hal_tim_ex.c ****       bkin_enable_mask = TIM1_AF1_BKINE;
2139:Drivers/STM32F7xx_HAL_Driver/Src/stm32f7xx_hal_tim_ex.c ****       bkin_enable_bitpos = TIM1_AF1_BKINE_Pos;
2140:Drivers/STM32F7xx_HAL_Driver/Src/stm32f7xx_hal_tim_ex.c ****       bkin_polarity_mask = TIM1_AF1_BKINP;
ARM GAS  /tmp/ccJkDeps.s 			page 39


2141:Drivers/STM32F7xx_HAL_Driver/Src/stm32f7xx_hal_tim_ex.c ****       bkin_polarity_bitpos = TIM1_AF1_BKINP_Pos;
2142:Drivers/STM32F7xx_HAL_Driver/Src/stm32f7xx_hal_tim_ex.c ****       break;
2143:Drivers/STM32F7xx_HAL_Driver/Src/stm32f7xx_hal_tim_ex.c ****     }
2144:Drivers/STM32F7xx_HAL_Driver/Src/stm32f7xx_hal_tim_ex.c **** #if defined(DFSDM1_Channel0)
2145:Drivers/STM32F7xx_HAL_Driver/Src/stm32f7xx_hal_tim_ex.c ****     case TIM_BREAKINPUTSOURCE_DFSDM1:
2146:Drivers/STM32F7xx_HAL_Driver/Src/stm32f7xx_hal_tim_ex.c ****     {
2147:Drivers/STM32F7xx_HAL_Driver/Src/stm32f7xx_hal_tim_ex.c ****       bkin_enable_mask = TIM1_AF1_BKDF1BKE;
2148:Drivers/STM32F7xx_HAL_Driver/Src/stm32f7xx_hal_tim_ex.c ****       bkin_enable_bitpos = TIM1_AF1_BKDF1BKE_Pos;
2149:Drivers/STM32F7xx_HAL_Driver/Src/stm32f7xx_hal_tim_ex.c ****       bkin_polarity_mask = 0U;
2150:Drivers/STM32F7xx_HAL_Driver/Src/stm32f7xx_hal_tim_ex.c ****       bkin_polarity_bitpos = 0U;
2151:Drivers/STM32F7xx_HAL_Driver/Src/stm32f7xx_hal_tim_ex.c ****       break;
2152:Drivers/STM32F7xx_HAL_Driver/Src/stm32f7xx_hal_tim_ex.c ****     }
2153:Drivers/STM32F7xx_HAL_Driver/Src/stm32f7xx_hal_tim_ex.c **** #endif /* DFSDM1_Channel0 */
2154:Drivers/STM32F7xx_HAL_Driver/Src/stm32f7xx_hal_tim_ex.c **** 
2155:Drivers/STM32F7xx_HAL_Driver/Src/stm32f7xx_hal_tim_ex.c ****     default:
2156:Drivers/STM32F7xx_HAL_Driver/Src/stm32f7xx_hal_tim_ex.c ****     {
2157:Drivers/STM32F7xx_HAL_Driver/Src/stm32f7xx_hal_tim_ex.c ****       bkin_enable_mask = 0U;
2158:Drivers/STM32F7xx_HAL_Driver/Src/stm32f7xx_hal_tim_ex.c ****       bkin_polarity_mask = 0U;
2159:Drivers/STM32F7xx_HAL_Driver/Src/stm32f7xx_hal_tim_ex.c ****       bkin_enable_bitpos = 0U;
2160:Drivers/STM32F7xx_HAL_Driver/Src/stm32f7xx_hal_tim_ex.c ****       bkin_polarity_bitpos = 0U;
2161:Drivers/STM32F7xx_HAL_Driver/Src/stm32f7xx_hal_tim_ex.c ****       break;
2162:Drivers/STM32F7xx_HAL_Driver/Src/stm32f7xx_hal_tim_ex.c ****     }
2163:Drivers/STM32F7xx_HAL_Driver/Src/stm32f7xx_hal_tim_ex.c ****   }
2164:Drivers/STM32F7xx_HAL_Driver/Src/stm32f7xx_hal_tim_ex.c **** 
2165:Drivers/STM32F7xx_HAL_Driver/Src/stm32f7xx_hal_tim_ex.c ****   switch (BreakInput)
2166:Drivers/STM32F7xx_HAL_Driver/Src/stm32f7xx_hal_tim_ex.c ****   {
2167:Drivers/STM32F7xx_HAL_Driver/Src/stm32f7xx_hal_tim_ex.c ****     case TIM_BREAKINPUT_BRK:
2168:Drivers/STM32F7xx_HAL_Driver/Src/stm32f7xx_hal_tim_ex.c ****     {
2169:Drivers/STM32F7xx_HAL_Driver/Src/stm32f7xx_hal_tim_ex.c ****       /* Get the TIMx_AF1 register value */
2170:Drivers/STM32F7xx_HAL_Driver/Src/stm32f7xx_hal_tim_ex.c ****       tmporx = htim->Instance->AF1;
2171:Drivers/STM32F7xx_HAL_Driver/Src/stm32f7xx_hal_tim_ex.c **** 
2172:Drivers/STM32F7xx_HAL_Driver/Src/stm32f7xx_hal_tim_ex.c ****       /* Enable the break input */
2173:Drivers/STM32F7xx_HAL_Driver/Src/stm32f7xx_hal_tim_ex.c ****       tmporx &= ~bkin_enable_mask;
2174:Drivers/STM32F7xx_HAL_Driver/Src/stm32f7xx_hal_tim_ex.c ****       tmporx |= (sBreakInputConfig->Enable << bkin_enable_bitpos) & bkin_enable_mask;
2175:Drivers/STM32F7xx_HAL_Driver/Src/stm32f7xx_hal_tim_ex.c **** 
2176:Drivers/STM32F7xx_HAL_Driver/Src/stm32f7xx_hal_tim_ex.c ****       /* Set the break input polarity */
2177:Drivers/STM32F7xx_HAL_Driver/Src/stm32f7xx_hal_tim_ex.c **** #if defined(DFSDM1_Channel0)
2178:Drivers/STM32F7xx_HAL_Driver/Src/stm32f7xx_hal_tim_ex.c ****       if (sBreakInputConfig->Source != TIM_BREAKINPUTSOURCE_DFSDM1)
2179:Drivers/STM32F7xx_HAL_Driver/Src/stm32f7xx_hal_tim_ex.c **** #endif /* DFSDM1_Channel0 */
2180:Drivers/STM32F7xx_HAL_Driver/Src/stm32f7xx_hal_tim_ex.c ****       {
2181:Drivers/STM32F7xx_HAL_Driver/Src/stm32f7xx_hal_tim_ex.c ****         tmporx &= ~bkin_polarity_mask;
2182:Drivers/STM32F7xx_HAL_Driver/Src/stm32f7xx_hal_tim_ex.c ****         tmporx |= (sBreakInputConfig->Polarity << bkin_polarity_bitpos) & bkin_polarity_mask;
2183:Drivers/STM32F7xx_HAL_Driver/Src/stm32f7xx_hal_tim_ex.c ****       }
2184:Drivers/STM32F7xx_HAL_Driver/Src/stm32f7xx_hal_tim_ex.c **** 
2185:Drivers/STM32F7xx_HAL_Driver/Src/stm32f7xx_hal_tim_ex.c ****       /* Set TIMx_AF1 */
2186:Drivers/STM32F7xx_HAL_Driver/Src/stm32f7xx_hal_tim_ex.c ****       htim->Instance->AF1 = tmporx;
2187:Drivers/STM32F7xx_HAL_Driver/Src/stm32f7xx_hal_tim_ex.c ****       break;
2188:Drivers/STM32F7xx_HAL_Driver/Src/stm32f7xx_hal_tim_ex.c ****     }
2189:Drivers/STM32F7xx_HAL_Driver/Src/stm32f7xx_hal_tim_ex.c ****     case TIM_BREAKINPUT_BRK2:
2190:Drivers/STM32F7xx_HAL_Driver/Src/stm32f7xx_hal_tim_ex.c ****     {
2191:Drivers/STM32F7xx_HAL_Driver/Src/stm32f7xx_hal_tim_ex.c ****       /* Get the TIMx_AF2 register value */
2192:Drivers/STM32F7xx_HAL_Driver/Src/stm32f7xx_hal_tim_ex.c ****       tmporx = htim->Instance->AF2;
2193:Drivers/STM32F7xx_HAL_Driver/Src/stm32f7xx_hal_tim_ex.c **** 
2194:Drivers/STM32F7xx_HAL_Driver/Src/stm32f7xx_hal_tim_ex.c ****       /* Enable the break input */
2195:Drivers/STM32F7xx_HAL_Driver/Src/stm32f7xx_hal_tim_ex.c ****       tmporx &= ~bkin_enable_mask;
2196:Drivers/STM32F7xx_HAL_Driver/Src/stm32f7xx_hal_tim_ex.c ****       tmporx |= (sBreakInputConfig->Enable << bkin_enable_bitpos) & bkin_enable_mask;
2197:Drivers/STM32F7xx_HAL_Driver/Src/stm32f7xx_hal_tim_ex.c **** 
ARM GAS  /tmp/ccJkDeps.s 			page 40


2198:Drivers/STM32F7xx_HAL_Driver/Src/stm32f7xx_hal_tim_ex.c ****       /* Set the break input polarity */
2199:Drivers/STM32F7xx_HAL_Driver/Src/stm32f7xx_hal_tim_ex.c **** #if defined(DFSDM1_Channel0)
2200:Drivers/STM32F7xx_HAL_Driver/Src/stm32f7xx_hal_tim_ex.c ****       if (sBreakInputConfig->Source != TIM_BREAKINPUTSOURCE_DFSDM1)
2201:Drivers/STM32F7xx_HAL_Driver/Src/stm32f7xx_hal_tim_ex.c **** #endif /* DFSDM1_Channel0 */
2202:Drivers/STM32F7xx_HAL_Driver/Src/stm32f7xx_hal_tim_ex.c ****       {
2203:Drivers/STM32F7xx_HAL_Driver/Src/stm32f7xx_hal_tim_ex.c ****         tmporx &= ~bkin_polarity_mask;
2204:Drivers/STM32F7xx_HAL_Driver/Src/stm32f7xx_hal_tim_ex.c ****         tmporx |= (sBreakInputConfig->Polarity << bkin_polarity_bitpos) & bkin_polarity_mask;
2205:Drivers/STM32F7xx_HAL_Driver/Src/stm32f7xx_hal_tim_ex.c ****       }
2206:Drivers/STM32F7xx_HAL_Driver/Src/stm32f7xx_hal_tim_ex.c **** 
2207:Drivers/STM32F7xx_HAL_Driver/Src/stm32f7xx_hal_tim_ex.c ****       /* Set TIMx_AF2 */
2208:Drivers/STM32F7xx_HAL_Driver/Src/stm32f7xx_hal_tim_ex.c ****       htim->Instance->AF2 = tmporx;
2209:Drivers/STM32F7xx_HAL_Driver/Src/stm32f7xx_hal_tim_ex.c ****       break;
2210:Drivers/STM32F7xx_HAL_Driver/Src/stm32f7xx_hal_tim_ex.c ****     }
2211:Drivers/STM32F7xx_HAL_Driver/Src/stm32f7xx_hal_tim_ex.c ****     default:
2212:Drivers/STM32F7xx_HAL_Driver/Src/stm32f7xx_hal_tim_ex.c ****       status = HAL_ERROR;
2213:Drivers/STM32F7xx_HAL_Driver/Src/stm32f7xx_hal_tim_ex.c ****       break;
2214:Drivers/STM32F7xx_HAL_Driver/Src/stm32f7xx_hal_tim_ex.c ****   }
2215:Drivers/STM32F7xx_HAL_Driver/Src/stm32f7xx_hal_tim_ex.c **** 
2216:Drivers/STM32F7xx_HAL_Driver/Src/stm32f7xx_hal_tim_ex.c ****   __HAL_UNLOCK(htim);
2217:Drivers/STM32F7xx_HAL_Driver/Src/stm32f7xx_hal_tim_ex.c **** 
2218:Drivers/STM32F7xx_HAL_Driver/Src/stm32f7xx_hal_tim_ex.c ****   return status;
2219:Drivers/STM32F7xx_HAL_Driver/Src/stm32f7xx_hal_tim_ex.c **** }
2220:Drivers/STM32F7xx_HAL_Driver/Src/stm32f7xx_hal_tim_ex.c **** #endif /*TIM_BREAK_INPUT_SUPPORT */
2221:Drivers/STM32F7xx_HAL_Driver/Src/stm32f7xx_hal_tim_ex.c **** 
2222:Drivers/STM32F7xx_HAL_Driver/Src/stm32f7xx_hal_tim_ex.c **** /**
2223:Drivers/STM32F7xx_HAL_Driver/Src/stm32f7xx_hal_tim_ex.c ****   * @brief  Configures the TIMx Remapping input capabilities.
2224:Drivers/STM32F7xx_HAL_Driver/Src/stm32f7xx_hal_tim_ex.c ****   * @param  htim TIM handle.
2225:Drivers/STM32F7xx_HAL_Driver/Src/stm32f7xx_hal_tim_ex.c ****   * @param  Remap specifies the TIM remapping source.
2226:Drivers/STM32F7xx_HAL_Driver/Src/stm32f7xx_hal_tim_ex.c ****   *          This parameter can be one of the following values:
2227:Drivers/STM32F7xx_HAL_Driver/Src/stm32f7xx_hal_tim_ex.c ****   *            @arg TIM_TIM2_TIM8_TRGO: TIM2 ITR1 input is connected to TIM8 Trigger output(default
2228:Drivers/STM32F7xx_HAL_Driver/Src/stm32f7xx_hal_tim_ex.c ****   *            @arg TIM_TIM2_ETH_PTP:   TIM2 ITR1 input is connected to ETH PTP trigger output.
2229:Drivers/STM32F7xx_HAL_Driver/Src/stm32f7xx_hal_tim_ex.c ****   *            @arg TIM_TIM2_USBFS_SOF: TIM2 ITR1 input is connected to USB FS SOF.
2230:Drivers/STM32F7xx_HAL_Driver/Src/stm32f7xx_hal_tim_ex.c ****   *            @arg TIM_TIM2_USBHS_SOF: TIM2 ITR1 input is connected to USB HS SOF.
2231:Drivers/STM32F7xx_HAL_Driver/Src/stm32f7xx_hal_tim_ex.c ****   *            @arg TIM_TIM5_GPIO:      TIM5 CH4 input is connected to dedicated Timer pin(default)
2232:Drivers/STM32F7xx_HAL_Driver/Src/stm32f7xx_hal_tim_ex.c ****   *            @arg TIM_TIM5_LSI:       TIM5 CH4 input is connected to LSI clock.
2233:Drivers/STM32F7xx_HAL_Driver/Src/stm32f7xx_hal_tim_ex.c ****   *            @arg TIM_TIM5_LSE:       TIM5 CH4 input is connected to LSE clock.
2234:Drivers/STM32F7xx_HAL_Driver/Src/stm32f7xx_hal_tim_ex.c ****   *            @arg TIM_TIM5_RTC:       TIM5 CH4 input is connected to RTC Output event.
2235:Drivers/STM32F7xx_HAL_Driver/Src/stm32f7xx_hal_tim_ex.c ****   *            @arg TIM_TIM11_GPIO:     TIM11 CH4 input is connected to dedicated Timer pin(default
2236:Drivers/STM32F7xx_HAL_Driver/Src/stm32f7xx_hal_tim_ex.c ****   *            @arg TIM_TIM11_SPDIF:    SPDIF Frame synchronous
2237:Drivers/STM32F7xx_HAL_Driver/Src/stm32f7xx_hal_tim_ex.c ****   *            @arg TIM_TIM11_HSE:      TIM11 CH4 input is connected to HSE_RTC clock
2238:Drivers/STM32F7xx_HAL_Driver/Src/stm32f7xx_hal_tim_ex.c ****   *                                     (HSE divided by a programmable prescaler)
2239:Drivers/STM32F7xx_HAL_Driver/Src/stm32f7xx_hal_tim_ex.c ****   *            @arg TIM_TIM11_MCO1:     TIM11 CH1 input is connected to MCO1
2240:Drivers/STM32F7xx_HAL_Driver/Src/stm32f7xx_hal_tim_ex.c ****   *
2241:Drivers/STM32F7xx_HAL_Driver/Src/stm32f7xx_hal_tim_ex.c ****   * @retval HAL status
2242:Drivers/STM32F7xx_HAL_Driver/Src/stm32f7xx_hal_tim_ex.c ****   */
2243:Drivers/STM32F7xx_HAL_Driver/Src/stm32f7xx_hal_tim_ex.c **** HAL_StatusTypeDef HAL_TIMEx_RemapConfig(TIM_HandleTypeDef *htim, uint32_t Remap)
2244:Drivers/STM32F7xx_HAL_Driver/Src/stm32f7xx_hal_tim_ex.c **** {
2245:Drivers/STM32F7xx_HAL_Driver/Src/stm32f7xx_hal_tim_ex.c ****   /* Check parameters */
2246:Drivers/STM32F7xx_HAL_Driver/Src/stm32f7xx_hal_tim_ex.c ****   assert_param(IS_TIM_REMAP_INSTANCE(htim->Instance));
2247:Drivers/STM32F7xx_HAL_Driver/Src/stm32f7xx_hal_tim_ex.c ****   assert_param(IS_TIM_REMAP(Remap));
2248:Drivers/STM32F7xx_HAL_Driver/Src/stm32f7xx_hal_tim_ex.c **** 
2249:Drivers/STM32F7xx_HAL_Driver/Src/stm32f7xx_hal_tim_ex.c ****   __HAL_LOCK(htim);
2250:Drivers/STM32F7xx_HAL_Driver/Src/stm32f7xx_hal_tim_ex.c **** 
2251:Drivers/STM32F7xx_HAL_Driver/Src/stm32f7xx_hal_tim_ex.c ****   /* Set the Timer remapping configuration */
2252:Drivers/STM32F7xx_HAL_Driver/Src/stm32f7xx_hal_tim_ex.c ****   htim->Instance->OR = Remap;
2253:Drivers/STM32F7xx_HAL_Driver/Src/stm32f7xx_hal_tim_ex.c **** 
2254:Drivers/STM32F7xx_HAL_Driver/Src/stm32f7xx_hal_tim_ex.c ****   htim->State = HAL_TIM_STATE_READY;
ARM GAS  /tmp/ccJkDeps.s 			page 41


2255:Drivers/STM32F7xx_HAL_Driver/Src/stm32f7xx_hal_tim_ex.c **** 
2256:Drivers/STM32F7xx_HAL_Driver/Src/stm32f7xx_hal_tim_ex.c ****   __HAL_UNLOCK(htim);
2257:Drivers/STM32F7xx_HAL_Driver/Src/stm32f7xx_hal_tim_ex.c **** 
2258:Drivers/STM32F7xx_HAL_Driver/Src/stm32f7xx_hal_tim_ex.c ****   return HAL_OK;
2259:Drivers/STM32F7xx_HAL_Driver/Src/stm32f7xx_hal_tim_ex.c **** }
2260:Drivers/STM32F7xx_HAL_Driver/Src/stm32f7xx_hal_tim_ex.c **** 
2261:Drivers/STM32F7xx_HAL_Driver/Src/stm32f7xx_hal_tim_ex.c **** /**
2262:Drivers/STM32F7xx_HAL_Driver/Src/stm32f7xx_hal_tim_ex.c ****   * @brief  Group channel 5 and channel 1, 2 or 3
2263:Drivers/STM32F7xx_HAL_Driver/Src/stm32f7xx_hal_tim_ex.c ****   * @param  htim TIM handle.
2264:Drivers/STM32F7xx_HAL_Driver/Src/stm32f7xx_hal_tim_ex.c ****   * @param  Channels specifies the reference signal(s) the OC5REF is combined with.
2265:Drivers/STM32F7xx_HAL_Driver/Src/stm32f7xx_hal_tim_ex.c ****   *         This parameter can be any combination of the following values:
2266:Drivers/STM32F7xx_HAL_Driver/Src/stm32f7xx_hal_tim_ex.c ****   *         TIM_GROUPCH5_NONE: No effect of OC5REF on OC1REFC, OC2REFC and OC3REFC
2267:Drivers/STM32F7xx_HAL_Driver/Src/stm32f7xx_hal_tim_ex.c ****   *         TIM_GROUPCH5_OC1REFC: OC1REFC is the logical AND of OC1REFC and OC5REF
2268:Drivers/STM32F7xx_HAL_Driver/Src/stm32f7xx_hal_tim_ex.c ****   *         TIM_GROUPCH5_OC2REFC: OC2REFC is the logical AND of OC2REFC and OC5REF
2269:Drivers/STM32F7xx_HAL_Driver/Src/stm32f7xx_hal_tim_ex.c ****   *         TIM_GROUPCH5_OC3REFC: OC3REFC is the logical AND of OC3REFC and OC5REF
2270:Drivers/STM32F7xx_HAL_Driver/Src/stm32f7xx_hal_tim_ex.c ****   * @retval HAL status
2271:Drivers/STM32F7xx_HAL_Driver/Src/stm32f7xx_hal_tim_ex.c ****   */
2272:Drivers/STM32F7xx_HAL_Driver/Src/stm32f7xx_hal_tim_ex.c **** HAL_StatusTypeDef HAL_TIMEx_GroupChannel5(TIM_HandleTypeDef *htim, uint32_t Channels)
2273:Drivers/STM32F7xx_HAL_Driver/Src/stm32f7xx_hal_tim_ex.c **** {
2274:Drivers/STM32F7xx_HAL_Driver/Src/stm32f7xx_hal_tim_ex.c ****   /* Check parameters */
2275:Drivers/STM32F7xx_HAL_Driver/Src/stm32f7xx_hal_tim_ex.c ****   assert_param(IS_TIM_COMBINED3PHASEPWM_INSTANCE(htim->Instance));
2276:Drivers/STM32F7xx_HAL_Driver/Src/stm32f7xx_hal_tim_ex.c ****   assert_param(IS_TIM_GROUPCH5(Channels));
2277:Drivers/STM32F7xx_HAL_Driver/Src/stm32f7xx_hal_tim_ex.c **** 
2278:Drivers/STM32F7xx_HAL_Driver/Src/stm32f7xx_hal_tim_ex.c ****   /* Process Locked */
2279:Drivers/STM32F7xx_HAL_Driver/Src/stm32f7xx_hal_tim_ex.c ****   __HAL_LOCK(htim);
2280:Drivers/STM32F7xx_HAL_Driver/Src/stm32f7xx_hal_tim_ex.c **** 
2281:Drivers/STM32F7xx_HAL_Driver/Src/stm32f7xx_hal_tim_ex.c ****   htim->State = HAL_TIM_STATE_BUSY;
2282:Drivers/STM32F7xx_HAL_Driver/Src/stm32f7xx_hal_tim_ex.c **** 
2283:Drivers/STM32F7xx_HAL_Driver/Src/stm32f7xx_hal_tim_ex.c ****   /* Clear GC5Cx bit fields */
2284:Drivers/STM32F7xx_HAL_Driver/Src/stm32f7xx_hal_tim_ex.c ****   htim->Instance->CCR5 &= ~(TIM_CCR5_GC5C3 | TIM_CCR5_GC5C2 | TIM_CCR5_GC5C1);
2285:Drivers/STM32F7xx_HAL_Driver/Src/stm32f7xx_hal_tim_ex.c **** 
2286:Drivers/STM32F7xx_HAL_Driver/Src/stm32f7xx_hal_tim_ex.c ****   /* Set GC5Cx bit fields */
2287:Drivers/STM32F7xx_HAL_Driver/Src/stm32f7xx_hal_tim_ex.c ****   htim->Instance->CCR5 |= Channels;
2288:Drivers/STM32F7xx_HAL_Driver/Src/stm32f7xx_hal_tim_ex.c **** 
2289:Drivers/STM32F7xx_HAL_Driver/Src/stm32f7xx_hal_tim_ex.c ****   /* Change the htim state */
2290:Drivers/STM32F7xx_HAL_Driver/Src/stm32f7xx_hal_tim_ex.c ****   htim->State = HAL_TIM_STATE_READY;
2291:Drivers/STM32F7xx_HAL_Driver/Src/stm32f7xx_hal_tim_ex.c **** 
2292:Drivers/STM32F7xx_HAL_Driver/Src/stm32f7xx_hal_tim_ex.c ****   __HAL_UNLOCK(htim);
2293:Drivers/STM32F7xx_HAL_Driver/Src/stm32f7xx_hal_tim_ex.c **** 
2294:Drivers/STM32F7xx_HAL_Driver/Src/stm32f7xx_hal_tim_ex.c ****   return HAL_OK;
2295:Drivers/STM32F7xx_HAL_Driver/Src/stm32f7xx_hal_tim_ex.c **** }
2296:Drivers/STM32F7xx_HAL_Driver/Src/stm32f7xx_hal_tim_ex.c **** 
2297:Drivers/STM32F7xx_HAL_Driver/Src/stm32f7xx_hal_tim_ex.c **** /**
2298:Drivers/STM32F7xx_HAL_Driver/Src/stm32f7xx_hal_tim_ex.c ****   * @}
2299:Drivers/STM32F7xx_HAL_Driver/Src/stm32f7xx_hal_tim_ex.c ****   */
2300:Drivers/STM32F7xx_HAL_Driver/Src/stm32f7xx_hal_tim_ex.c **** 
2301:Drivers/STM32F7xx_HAL_Driver/Src/stm32f7xx_hal_tim_ex.c **** /** @defgroup TIMEx_Exported_Functions_Group6 Extended Callbacks functions
2302:Drivers/STM32F7xx_HAL_Driver/Src/stm32f7xx_hal_tim_ex.c ****   * @brief    Extended Callbacks functions
2303:Drivers/STM32F7xx_HAL_Driver/Src/stm32f7xx_hal_tim_ex.c ****   *
2304:Drivers/STM32F7xx_HAL_Driver/Src/stm32f7xx_hal_tim_ex.c **** @verbatim
2305:Drivers/STM32F7xx_HAL_Driver/Src/stm32f7xx_hal_tim_ex.c ****   ==============================================================================
2306:Drivers/STM32F7xx_HAL_Driver/Src/stm32f7xx_hal_tim_ex.c ****                     ##### Extended Callbacks functions #####
2307:Drivers/STM32F7xx_HAL_Driver/Src/stm32f7xx_hal_tim_ex.c ****   ==============================================================================
2308:Drivers/STM32F7xx_HAL_Driver/Src/stm32f7xx_hal_tim_ex.c ****   [..]
2309:Drivers/STM32F7xx_HAL_Driver/Src/stm32f7xx_hal_tim_ex.c ****     This section provides Extended TIM callback functions:
2310:Drivers/STM32F7xx_HAL_Driver/Src/stm32f7xx_hal_tim_ex.c ****     (+) Timer Commutation callback
2311:Drivers/STM32F7xx_HAL_Driver/Src/stm32f7xx_hal_tim_ex.c ****     (+) Timer Break callback
ARM GAS  /tmp/ccJkDeps.s 			page 42


2312:Drivers/STM32F7xx_HAL_Driver/Src/stm32f7xx_hal_tim_ex.c **** 
2313:Drivers/STM32F7xx_HAL_Driver/Src/stm32f7xx_hal_tim_ex.c **** @endverbatim
2314:Drivers/STM32F7xx_HAL_Driver/Src/stm32f7xx_hal_tim_ex.c ****   * @{
2315:Drivers/STM32F7xx_HAL_Driver/Src/stm32f7xx_hal_tim_ex.c ****   */
2316:Drivers/STM32F7xx_HAL_Driver/Src/stm32f7xx_hal_tim_ex.c **** 
2317:Drivers/STM32F7xx_HAL_Driver/Src/stm32f7xx_hal_tim_ex.c **** /**
2318:Drivers/STM32F7xx_HAL_Driver/Src/stm32f7xx_hal_tim_ex.c ****   * @brief  Hall commutation changed callback in non-blocking mode
2319:Drivers/STM32F7xx_HAL_Driver/Src/stm32f7xx_hal_tim_ex.c ****   * @param  htim TIM handle
2320:Drivers/STM32F7xx_HAL_Driver/Src/stm32f7xx_hal_tim_ex.c ****   * @retval None
2321:Drivers/STM32F7xx_HAL_Driver/Src/stm32f7xx_hal_tim_ex.c ****   */
2322:Drivers/STM32F7xx_HAL_Driver/Src/stm32f7xx_hal_tim_ex.c **** __weak void HAL_TIMEx_CommutCallback(TIM_HandleTypeDef *htim)
2323:Drivers/STM32F7xx_HAL_Driver/Src/stm32f7xx_hal_tim_ex.c **** {
2324:Drivers/STM32F7xx_HAL_Driver/Src/stm32f7xx_hal_tim_ex.c ****   /* Prevent unused argument(s) compilation warning */
2325:Drivers/STM32F7xx_HAL_Driver/Src/stm32f7xx_hal_tim_ex.c ****   UNUSED(htim);
2326:Drivers/STM32F7xx_HAL_Driver/Src/stm32f7xx_hal_tim_ex.c **** 
2327:Drivers/STM32F7xx_HAL_Driver/Src/stm32f7xx_hal_tim_ex.c ****   /* NOTE : This function should not be modified, when the callback is needed,
2328:Drivers/STM32F7xx_HAL_Driver/Src/stm32f7xx_hal_tim_ex.c ****             the HAL_TIMEx_CommutCallback could be implemented in the user file
2329:Drivers/STM32F7xx_HAL_Driver/Src/stm32f7xx_hal_tim_ex.c ****    */
2330:Drivers/STM32F7xx_HAL_Driver/Src/stm32f7xx_hal_tim_ex.c **** }
2331:Drivers/STM32F7xx_HAL_Driver/Src/stm32f7xx_hal_tim_ex.c **** /**
2332:Drivers/STM32F7xx_HAL_Driver/Src/stm32f7xx_hal_tim_ex.c ****   * @brief  Hall commutation changed half complete callback in non-blocking mode
2333:Drivers/STM32F7xx_HAL_Driver/Src/stm32f7xx_hal_tim_ex.c ****   * @param  htim TIM handle
2334:Drivers/STM32F7xx_HAL_Driver/Src/stm32f7xx_hal_tim_ex.c ****   * @retval None
2335:Drivers/STM32F7xx_HAL_Driver/Src/stm32f7xx_hal_tim_ex.c ****   */
2336:Drivers/STM32F7xx_HAL_Driver/Src/stm32f7xx_hal_tim_ex.c **** __weak void HAL_TIMEx_CommutHalfCpltCallback(TIM_HandleTypeDef *htim)
2337:Drivers/STM32F7xx_HAL_Driver/Src/stm32f7xx_hal_tim_ex.c **** {
2338:Drivers/STM32F7xx_HAL_Driver/Src/stm32f7xx_hal_tim_ex.c ****   /* Prevent unused argument(s) compilation warning */
2339:Drivers/STM32F7xx_HAL_Driver/Src/stm32f7xx_hal_tim_ex.c ****   UNUSED(htim);
2340:Drivers/STM32F7xx_HAL_Driver/Src/stm32f7xx_hal_tim_ex.c **** 
2341:Drivers/STM32F7xx_HAL_Driver/Src/stm32f7xx_hal_tim_ex.c ****   /* NOTE : This function should not be modified, when the callback is needed,
2342:Drivers/STM32F7xx_HAL_Driver/Src/stm32f7xx_hal_tim_ex.c ****             the HAL_TIMEx_CommutHalfCpltCallback could be implemented in the user file
2343:Drivers/STM32F7xx_HAL_Driver/Src/stm32f7xx_hal_tim_ex.c ****    */
2344:Drivers/STM32F7xx_HAL_Driver/Src/stm32f7xx_hal_tim_ex.c **** }
2345:Drivers/STM32F7xx_HAL_Driver/Src/stm32f7xx_hal_tim_ex.c **** 
2346:Drivers/STM32F7xx_HAL_Driver/Src/stm32f7xx_hal_tim_ex.c **** /**
2347:Drivers/STM32F7xx_HAL_Driver/Src/stm32f7xx_hal_tim_ex.c ****   * @brief  Hall Break detection callback in non-blocking mode
2348:Drivers/STM32F7xx_HAL_Driver/Src/stm32f7xx_hal_tim_ex.c ****   * @param  htim TIM handle
2349:Drivers/STM32F7xx_HAL_Driver/Src/stm32f7xx_hal_tim_ex.c ****   * @retval None
2350:Drivers/STM32F7xx_HAL_Driver/Src/stm32f7xx_hal_tim_ex.c ****   */
2351:Drivers/STM32F7xx_HAL_Driver/Src/stm32f7xx_hal_tim_ex.c **** __weak void HAL_TIMEx_BreakCallback(TIM_HandleTypeDef *htim)
2352:Drivers/STM32F7xx_HAL_Driver/Src/stm32f7xx_hal_tim_ex.c **** {
2353:Drivers/STM32F7xx_HAL_Driver/Src/stm32f7xx_hal_tim_ex.c ****   /* Prevent unused argument(s) compilation warning */
2354:Drivers/STM32F7xx_HAL_Driver/Src/stm32f7xx_hal_tim_ex.c ****   UNUSED(htim);
2355:Drivers/STM32F7xx_HAL_Driver/Src/stm32f7xx_hal_tim_ex.c **** 
2356:Drivers/STM32F7xx_HAL_Driver/Src/stm32f7xx_hal_tim_ex.c ****   /* NOTE : This function should not be modified, when the callback is needed,
2357:Drivers/STM32F7xx_HAL_Driver/Src/stm32f7xx_hal_tim_ex.c ****             the HAL_TIMEx_BreakCallback could be implemented in the user file
2358:Drivers/STM32F7xx_HAL_Driver/Src/stm32f7xx_hal_tim_ex.c ****    */
2359:Drivers/STM32F7xx_HAL_Driver/Src/stm32f7xx_hal_tim_ex.c **** }
2360:Drivers/STM32F7xx_HAL_Driver/Src/stm32f7xx_hal_tim_ex.c **** 
2361:Drivers/STM32F7xx_HAL_Driver/Src/stm32f7xx_hal_tim_ex.c **** /**
2362:Drivers/STM32F7xx_HAL_Driver/Src/stm32f7xx_hal_tim_ex.c ****   * @brief  Hall Break2 detection callback in non blocking mode
2363:Drivers/STM32F7xx_HAL_Driver/Src/stm32f7xx_hal_tim_ex.c ****   * @param  htim: TIM handle
2364:Drivers/STM32F7xx_HAL_Driver/Src/stm32f7xx_hal_tim_ex.c ****   * @retval None
2365:Drivers/STM32F7xx_HAL_Driver/Src/stm32f7xx_hal_tim_ex.c ****   */
2366:Drivers/STM32F7xx_HAL_Driver/Src/stm32f7xx_hal_tim_ex.c **** __weak void HAL_TIMEx_Break2Callback(TIM_HandleTypeDef *htim)
2367:Drivers/STM32F7xx_HAL_Driver/Src/stm32f7xx_hal_tim_ex.c **** {
2368:Drivers/STM32F7xx_HAL_Driver/Src/stm32f7xx_hal_tim_ex.c ****   /* Prevent unused argument(s) compilation warning */
ARM GAS  /tmp/ccJkDeps.s 			page 43


2369:Drivers/STM32F7xx_HAL_Driver/Src/stm32f7xx_hal_tim_ex.c ****   UNUSED(htim);
2370:Drivers/STM32F7xx_HAL_Driver/Src/stm32f7xx_hal_tim_ex.c **** 
2371:Drivers/STM32F7xx_HAL_Driver/Src/stm32f7xx_hal_tim_ex.c ****   /* NOTE : This function Should not be modified, when the callback is needed,
2372:Drivers/STM32F7xx_HAL_Driver/Src/stm32f7xx_hal_tim_ex.c ****             the HAL_TIMEx_Break2Callback could be implemented in the user file
2373:Drivers/STM32F7xx_HAL_Driver/Src/stm32f7xx_hal_tim_ex.c ****    */
2374:Drivers/STM32F7xx_HAL_Driver/Src/stm32f7xx_hal_tim_ex.c **** }
2375:Drivers/STM32F7xx_HAL_Driver/Src/stm32f7xx_hal_tim_ex.c **** /**
2376:Drivers/STM32F7xx_HAL_Driver/Src/stm32f7xx_hal_tim_ex.c ****   * @}
2377:Drivers/STM32F7xx_HAL_Driver/Src/stm32f7xx_hal_tim_ex.c ****   */
2378:Drivers/STM32F7xx_HAL_Driver/Src/stm32f7xx_hal_tim_ex.c **** 
2379:Drivers/STM32F7xx_HAL_Driver/Src/stm32f7xx_hal_tim_ex.c **** /** @defgroup TIMEx_Exported_Functions_Group7 Extended Peripheral State functions
2380:Drivers/STM32F7xx_HAL_Driver/Src/stm32f7xx_hal_tim_ex.c ****   * @brief    Extended Peripheral State functions
2381:Drivers/STM32F7xx_HAL_Driver/Src/stm32f7xx_hal_tim_ex.c ****   *
2382:Drivers/STM32F7xx_HAL_Driver/Src/stm32f7xx_hal_tim_ex.c **** @verbatim
2383:Drivers/STM32F7xx_HAL_Driver/Src/stm32f7xx_hal_tim_ex.c ****   ==============================================================================
2384:Drivers/STM32F7xx_HAL_Driver/Src/stm32f7xx_hal_tim_ex.c ****                 ##### Extended Peripheral State functions #####
2385:Drivers/STM32F7xx_HAL_Driver/Src/stm32f7xx_hal_tim_ex.c ****   ==============================================================================
2386:Drivers/STM32F7xx_HAL_Driver/Src/stm32f7xx_hal_tim_ex.c ****   [..]
2387:Drivers/STM32F7xx_HAL_Driver/Src/stm32f7xx_hal_tim_ex.c ****     This subsection permits to get in run-time the status of the peripheral
2388:Drivers/STM32F7xx_HAL_Driver/Src/stm32f7xx_hal_tim_ex.c ****     and the data flow.
2389:Drivers/STM32F7xx_HAL_Driver/Src/stm32f7xx_hal_tim_ex.c **** 
2390:Drivers/STM32F7xx_HAL_Driver/Src/stm32f7xx_hal_tim_ex.c **** @endverbatim
2391:Drivers/STM32F7xx_HAL_Driver/Src/stm32f7xx_hal_tim_ex.c ****   * @{
2392:Drivers/STM32F7xx_HAL_Driver/Src/stm32f7xx_hal_tim_ex.c ****   */
2393:Drivers/STM32F7xx_HAL_Driver/Src/stm32f7xx_hal_tim_ex.c **** 
2394:Drivers/STM32F7xx_HAL_Driver/Src/stm32f7xx_hal_tim_ex.c **** /**
2395:Drivers/STM32F7xx_HAL_Driver/Src/stm32f7xx_hal_tim_ex.c ****   * @brief  Return the TIM Hall Sensor interface handle state.
2396:Drivers/STM32F7xx_HAL_Driver/Src/stm32f7xx_hal_tim_ex.c ****   * @param  htim TIM Hall Sensor handle
2397:Drivers/STM32F7xx_HAL_Driver/Src/stm32f7xx_hal_tim_ex.c ****   * @retval HAL state
2398:Drivers/STM32F7xx_HAL_Driver/Src/stm32f7xx_hal_tim_ex.c ****   */
2399:Drivers/STM32F7xx_HAL_Driver/Src/stm32f7xx_hal_tim_ex.c **** HAL_TIM_StateTypeDef HAL_TIMEx_HallSensor_GetState(const TIM_HandleTypeDef *htim)
2400:Drivers/STM32F7xx_HAL_Driver/Src/stm32f7xx_hal_tim_ex.c **** {
2401:Drivers/STM32F7xx_HAL_Driver/Src/stm32f7xx_hal_tim_ex.c ****   return htim->State;
2402:Drivers/STM32F7xx_HAL_Driver/Src/stm32f7xx_hal_tim_ex.c **** }
2403:Drivers/STM32F7xx_HAL_Driver/Src/stm32f7xx_hal_tim_ex.c **** 
2404:Drivers/STM32F7xx_HAL_Driver/Src/stm32f7xx_hal_tim_ex.c **** /**
2405:Drivers/STM32F7xx_HAL_Driver/Src/stm32f7xx_hal_tim_ex.c ****   * @brief  Return actual state of the TIM complementary channel.
2406:Drivers/STM32F7xx_HAL_Driver/Src/stm32f7xx_hal_tim_ex.c ****   * @param  htim TIM handle
2407:Drivers/STM32F7xx_HAL_Driver/Src/stm32f7xx_hal_tim_ex.c ****   * @param  ChannelN TIM Complementary channel
2408:Drivers/STM32F7xx_HAL_Driver/Src/stm32f7xx_hal_tim_ex.c ****   *          This parameter can be one of the following values:
2409:Drivers/STM32F7xx_HAL_Driver/Src/stm32f7xx_hal_tim_ex.c ****   *            @arg TIM_CHANNEL_1: TIM Channel 1
2410:Drivers/STM32F7xx_HAL_Driver/Src/stm32f7xx_hal_tim_ex.c ****   *            @arg TIM_CHANNEL_2: TIM Channel 2
2411:Drivers/STM32F7xx_HAL_Driver/Src/stm32f7xx_hal_tim_ex.c ****   *            @arg TIM_CHANNEL_3: TIM Channel 3
2412:Drivers/STM32F7xx_HAL_Driver/Src/stm32f7xx_hal_tim_ex.c ****   * @retval TIM Complementary channel state
2413:Drivers/STM32F7xx_HAL_Driver/Src/stm32f7xx_hal_tim_ex.c ****   */
2414:Drivers/STM32F7xx_HAL_Driver/Src/stm32f7xx_hal_tim_ex.c **** HAL_TIM_ChannelStateTypeDef HAL_TIMEx_GetChannelNState(const TIM_HandleTypeDef *htim,  uint32_t Cha
2415:Drivers/STM32F7xx_HAL_Driver/Src/stm32f7xx_hal_tim_ex.c **** {
2416:Drivers/STM32F7xx_HAL_Driver/Src/stm32f7xx_hal_tim_ex.c ****   HAL_TIM_ChannelStateTypeDef channel_state;
2417:Drivers/STM32F7xx_HAL_Driver/Src/stm32f7xx_hal_tim_ex.c **** 
2418:Drivers/STM32F7xx_HAL_Driver/Src/stm32f7xx_hal_tim_ex.c ****   /* Check the parameters */
2419:Drivers/STM32F7xx_HAL_Driver/Src/stm32f7xx_hal_tim_ex.c ****   assert_param(IS_TIM_CCXN_INSTANCE(htim->Instance, ChannelN));
2420:Drivers/STM32F7xx_HAL_Driver/Src/stm32f7xx_hal_tim_ex.c **** 
2421:Drivers/STM32F7xx_HAL_Driver/Src/stm32f7xx_hal_tim_ex.c ****   channel_state = TIM_CHANNEL_N_STATE_GET(htim, ChannelN);
2422:Drivers/STM32F7xx_HAL_Driver/Src/stm32f7xx_hal_tim_ex.c **** 
2423:Drivers/STM32F7xx_HAL_Driver/Src/stm32f7xx_hal_tim_ex.c ****   return channel_state;
2424:Drivers/STM32F7xx_HAL_Driver/Src/stm32f7xx_hal_tim_ex.c **** }
2425:Drivers/STM32F7xx_HAL_Driver/Src/stm32f7xx_hal_tim_ex.c **** /**
ARM GAS  /tmp/ccJkDeps.s 			page 44


2426:Drivers/STM32F7xx_HAL_Driver/Src/stm32f7xx_hal_tim_ex.c ****   * @}
2427:Drivers/STM32F7xx_HAL_Driver/Src/stm32f7xx_hal_tim_ex.c ****   */
2428:Drivers/STM32F7xx_HAL_Driver/Src/stm32f7xx_hal_tim_ex.c **** 
2429:Drivers/STM32F7xx_HAL_Driver/Src/stm32f7xx_hal_tim_ex.c **** /**
2430:Drivers/STM32F7xx_HAL_Driver/Src/stm32f7xx_hal_tim_ex.c ****   * @}
2431:Drivers/STM32F7xx_HAL_Driver/Src/stm32f7xx_hal_tim_ex.c ****   */
2432:Drivers/STM32F7xx_HAL_Driver/Src/stm32f7xx_hal_tim_ex.c **** 
2433:Drivers/STM32F7xx_HAL_Driver/Src/stm32f7xx_hal_tim_ex.c **** /* Private functions ---------------------------------------------------------*/
2434:Drivers/STM32F7xx_HAL_Driver/Src/stm32f7xx_hal_tim_ex.c **** /** @defgroup TIMEx_Private_Functions TIM Extended Private Functions
2435:Drivers/STM32F7xx_HAL_Driver/Src/stm32f7xx_hal_tim_ex.c ****   * @{
2436:Drivers/STM32F7xx_HAL_Driver/Src/stm32f7xx_hal_tim_ex.c ****   */
2437:Drivers/STM32F7xx_HAL_Driver/Src/stm32f7xx_hal_tim_ex.c **** 
2438:Drivers/STM32F7xx_HAL_Driver/Src/stm32f7xx_hal_tim_ex.c **** /**
2439:Drivers/STM32F7xx_HAL_Driver/Src/stm32f7xx_hal_tim_ex.c ****   * @brief  TIM DMA Commutation callback.
2440:Drivers/STM32F7xx_HAL_Driver/Src/stm32f7xx_hal_tim_ex.c ****   * @param  hdma pointer to DMA handle.
2441:Drivers/STM32F7xx_HAL_Driver/Src/stm32f7xx_hal_tim_ex.c ****   * @retval None
2442:Drivers/STM32F7xx_HAL_Driver/Src/stm32f7xx_hal_tim_ex.c ****   */
2443:Drivers/STM32F7xx_HAL_Driver/Src/stm32f7xx_hal_tim_ex.c **** void TIMEx_DMACommutationCplt(DMA_HandleTypeDef *hdma)
2444:Drivers/STM32F7xx_HAL_Driver/Src/stm32f7xx_hal_tim_ex.c **** {
2445:Drivers/STM32F7xx_HAL_Driver/Src/stm32f7xx_hal_tim_ex.c ****   TIM_HandleTypeDef *htim = (TIM_HandleTypeDef *)((DMA_HandleTypeDef *)hdma)->Parent;
2446:Drivers/STM32F7xx_HAL_Driver/Src/stm32f7xx_hal_tim_ex.c **** 
2447:Drivers/STM32F7xx_HAL_Driver/Src/stm32f7xx_hal_tim_ex.c ****   /* Change the htim state */
2448:Drivers/STM32F7xx_HAL_Driver/Src/stm32f7xx_hal_tim_ex.c ****   htim->State = HAL_TIM_STATE_READY;
2449:Drivers/STM32F7xx_HAL_Driver/Src/stm32f7xx_hal_tim_ex.c **** 
2450:Drivers/STM32F7xx_HAL_Driver/Src/stm32f7xx_hal_tim_ex.c **** #if (USE_HAL_TIM_REGISTER_CALLBACKS == 1)
2451:Drivers/STM32F7xx_HAL_Driver/Src/stm32f7xx_hal_tim_ex.c ****   htim->CommutationCallback(htim);
2452:Drivers/STM32F7xx_HAL_Driver/Src/stm32f7xx_hal_tim_ex.c **** #else
2453:Drivers/STM32F7xx_HAL_Driver/Src/stm32f7xx_hal_tim_ex.c ****   HAL_TIMEx_CommutCallback(htim);
2454:Drivers/STM32F7xx_HAL_Driver/Src/stm32f7xx_hal_tim_ex.c **** #endif /* USE_HAL_TIM_REGISTER_CALLBACKS */
2455:Drivers/STM32F7xx_HAL_Driver/Src/stm32f7xx_hal_tim_ex.c **** }
2456:Drivers/STM32F7xx_HAL_Driver/Src/stm32f7xx_hal_tim_ex.c **** 
2457:Drivers/STM32F7xx_HAL_Driver/Src/stm32f7xx_hal_tim_ex.c **** /**
2458:Drivers/STM32F7xx_HAL_Driver/Src/stm32f7xx_hal_tim_ex.c ****   * @brief  TIM DMA Commutation half complete callback.
2459:Drivers/STM32F7xx_HAL_Driver/Src/stm32f7xx_hal_tim_ex.c ****   * @param  hdma pointer to DMA handle.
2460:Drivers/STM32F7xx_HAL_Driver/Src/stm32f7xx_hal_tim_ex.c ****   * @retval None
2461:Drivers/STM32F7xx_HAL_Driver/Src/stm32f7xx_hal_tim_ex.c ****   */
2462:Drivers/STM32F7xx_HAL_Driver/Src/stm32f7xx_hal_tim_ex.c **** void TIMEx_DMACommutationHalfCplt(DMA_HandleTypeDef *hdma)
2463:Drivers/STM32F7xx_HAL_Driver/Src/stm32f7xx_hal_tim_ex.c **** {
2464:Drivers/STM32F7xx_HAL_Driver/Src/stm32f7xx_hal_tim_ex.c ****   TIM_HandleTypeDef *htim = (TIM_HandleTypeDef *)((DMA_HandleTypeDef *)hdma)->Parent;
2465:Drivers/STM32F7xx_HAL_Driver/Src/stm32f7xx_hal_tim_ex.c **** 
2466:Drivers/STM32F7xx_HAL_Driver/Src/stm32f7xx_hal_tim_ex.c ****   /* Change the htim state */
2467:Drivers/STM32F7xx_HAL_Driver/Src/stm32f7xx_hal_tim_ex.c ****   htim->State = HAL_TIM_STATE_READY;
2468:Drivers/STM32F7xx_HAL_Driver/Src/stm32f7xx_hal_tim_ex.c **** 
2469:Drivers/STM32F7xx_HAL_Driver/Src/stm32f7xx_hal_tim_ex.c **** #if (USE_HAL_TIM_REGISTER_CALLBACKS == 1)
2470:Drivers/STM32F7xx_HAL_Driver/Src/stm32f7xx_hal_tim_ex.c ****   htim->CommutationHalfCpltCallback(htim);
2471:Drivers/STM32F7xx_HAL_Driver/Src/stm32f7xx_hal_tim_ex.c **** #else
2472:Drivers/STM32F7xx_HAL_Driver/Src/stm32f7xx_hal_tim_ex.c ****   HAL_TIMEx_CommutHalfCpltCallback(htim);
2473:Drivers/STM32F7xx_HAL_Driver/Src/stm32f7xx_hal_tim_ex.c **** #endif /* USE_HAL_TIM_REGISTER_CALLBACKS */
2474:Drivers/STM32F7xx_HAL_Driver/Src/stm32f7xx_hal_tim_ex.c **** }
2475:Drivers/STM32F7xx_HAL_Driver/Src/stm32f7xx_hal_tim_ex.c **** 
2476:Drivers/STM32F7xx_HAL_Driver/Src/stm32f7xx_hal_tim_ex.c **** 
2477:Drivers/STM32F7xx_HAL_Driver/Src/stm32f7xx_hal_tim_ex.c **** /**
2478:Drivers/STM32F7xx_HAL_Driver/Src/stm32f7xx_hal_tim_ex.c ****   * @brief  TIM DMA Delay Pulse complete callback (complementary channel).
2479:Drivers/STM32F7xx_HAL_Driver/Src/stm32f7xx_hal_tim_ex.c ****   * @param  hdma pointer to DMA handle.
2480:Drivers/STM32F7xx_HAL_Driver/Src/stm32f7xx_hal_tim_ex.c ****   * @retval None
2481:Drivers/STM32F7xx_HAL_Driver/Src/stm32f7xx_hal_tim_ex.c ****   */
2482:Drivers/STM32F7xx_HAL_Driver/Src/stm32f7xx_hal_tim_ex.c **** static void TIM_DMADelayPulseNCplt(DMA_HandleTypeDef *hdma)
ARM GAS  /tmp/ccJkDeps.s 			page 45


2483:Drivers/STM32F7xx_HAL_Driver/Src/stm32f7xx_hal_tim_ex.c **** {
2484:Drivers/STM32F7xx_HAL_Driver/Src/stm32f7xx_hal_tim_ex.c ****   TIM_HandleTypeDef *htim = (TIM_HandleTypeDef *)((DMA_HandleTypeDef *)hdma)->Parent;
2485:Drivers/STM32F7xx_HAL_Driver/Src/stm32f7xx_hal_tim_ex.c **** 
2486:Drivers/STM32F7xx_HAL_Driver/Src/stm32f7xx_hal_tim_ex.c ****   if (hdma == htim->hdma[TIM_DMA_ID_CC1])
2487:Drivers/STM32F7xx_HAL_Driver/Src/stm32f7xx_hal_tim_ex.c ****   {
2488:Drivers/STM32F7xx_HAL_Driver/Src/stm32f7xx_hal_tim_ex.c ****     htim->Channel = HAL_TIM_ACTIVE_CHANNEL_1;
2489:Drivers/STM32F7xx_HAL_Driver/Src/stm32f7xx_hal_tim_ex.c **** 
2490:Drivers/STM32F7xx_HAL_Driver/Src/stm32f7xx_hal_tim_ex.c ****     if (hdma->Init.Mode == DMA_NORMAL)
2491:Drivers/STM32F7xx_HAL_Driver/Src/stm32f7xx_hal_tim_ex.c ****     {
2492:Drivers/STM32F7xx_HAL_Driver/Src/stm32f7xx_hal_tim_ex.c ****       TIM_CHANNEL_N_STATE_SET(htim, TIM_CHANNEL_1, HAL_TIM_CHANNEL_STATE_READY);
2493:Drivers/STM32F7xx_HAL_Driver/Src/stm32f7xx_hal_tim_ex.c ****     }
2494:Drivers/STM32F7xx_HAL_Driver/Src/stm32f7xx_hal_tim_ex.c ****   }
2495:Drivers/STM32F7xx_HAL_Driver/Src/stm32f7xx_hal_tim_ex.c ****   else if (hdma == htim->hdma[TIM_DMA_ID_CC2])
2496:Drivers/STM32F7xx_HAL_Driver/Src/stm32f7xx_hal_tim_ex.c ****   {
2497:Drivers/STM32F7xx_HAL_Driver/Src/stm32f7xx_hal_tim_ex.c ****     htim->Channel = HAL_TIM_ACTIVE_CHANNEL_2;
2498:Drivers/STM32F7xx_HAL_Driver/Src/stm32f7xx_hal_tim_ex.c **** 
2499:Drivers/STM32F7xx_HAL_Driver/Src/stm32f7xx_hal_tim_ex.c ****     if (hdma->Init.Mode == DMA_NORMAL)
2500:Drivers/STM32F7xx_HAL_Driver/Src/stm32f7xx_hal_tim_ex.c ****     {
2501:Drivers/STM32F7xx_HAL_Driver/Src/stm32f7xx_hal_tim_ex.c ****       TIM_CHANNEL_N_STATE_SET(htim, TIM_CHANNEL_2, HAL_TIM_CHANNEL_STATE_READY);
2502:Drivers/STM32F7xx_HAL_Driver/Src/stm32f7xx_hal_tim_ex.c ****     }
2503:Drivers/STM32F7xx_HAL_Driver/Src/stm32f7xx_hal_tim_ex.c ****   }
2504:Drivers/STM32F7xx_HAL_Driver/Src/stm32f7xx_hal_tim_ex.c ****   else if (hdma == htim->hdma[TIM_DMA_ID_CC3])
2505:Drivers/STM32F7xx_HAL_Driver/Src/stm32f7xx_hal_tim_ex.c ****   {
2506:Drivers/STM32F7xx_HAL_Driver/Src/stm32f7xx_hal_tim_ex.c ****     htim->Channel = HAL_TIM_ACTIVE_CHANNEL_3;
2507:Drivers/STM32F7xx_HAL_Driver/Src/stm32f7xx_hal_tim_ex.c **** 
2508:Drivers/STM32F7xx_HAL_Driver/Src/stm32f7xx_hal_tim_ex.c ****     if (hdma->Init.Mode == DMA_NORMAL)
2509:Drivers/STM32F7xx_HAL_Driver/Src/stm32f7xx_hal_tim_ex.c ****     {
2510:Drivers/STM32F7xx_HAL_Driver/Src/stm32f7xx_hal_tim_ex.c ****       TIM_CHANNEL_N_STATE_SET(htim, TIM_CHANNEL_3, HAL_TIM_CHANNEL_STATE_READY);
2511:Drivers/STM32F7xx_HAL_Driver/Src/stm32f7xx_hal_tim_ex.c ****     }
2512:Drivers/STM32F7xx_HAL_Driver/Src/stm32f7xx_hal_tim_ex.c ****   }
2513:Drivers/STM32F7xx_HAL_Driver/Src/stm32f7xx_hal_tim_ex.c ****   else if (hdma == htim->hdma[TIM_DMA_ID_CC4])
2514:Drivers/STM32F7xx_HAL_Driver/Src/stm32f7xx_hal_tim_ex.c ****   {
2515:Drivers/STM32F7xx_HAL_Driver/Src/stm32f7xx_hal_tim_ex.c ****     htim->Channel = HAL_TIM_ACTIVE_CHANNEL_4;
2516:Drivers/STM32F7xx_HAL_Driver/Src/stm32f7xx_hal_tim_ex.c **** 
2517:Drivers/STM32F7xx_HAL_Driver/Src/stm32f7xx_hal_tim_ex.c ****     if (hdma->Init.Mode == DMA_NORMAL)
2518:Drivers/STM32F7xx_HAL_Driver/Src/stm32f7xx_hal_tim_ex.c ****     {
2519:Drivers/STM32F7xx_HAL_Driver/Src/stm32f7xx_hal_tim_ex.c ****       TIM_CHANNEL_N_STATE_SET(htim, TIM_CHANNEL_4, HAL_TIM_CHANNEL_STATE_READY);
2520:Drivers/STM32F7xx_HAL_Driver/Src/stm32f7xx_hal_tim_ex.c ****     }
2521:Drivers/STM32F7xx_HAL_Driver/Src/stm32f7xx_hal_tim_ex.c ****   }
2522:Drivers/STM32F7xx_HAL_Driver/Src/stm32f7xx_hal_tim_ex.c ****   else
2523:Drivers/STM32F7xx_HAL_Driver/Src/stm32f7xx_hal_tim_ex.c ****   {
2524:Drivers/STM32F7xx_HAL_Driver/Src/stm32f7xx_hal_tim_ex.c ****     /* nothing to do */
2525:Drivers/STM32F7xx_HAL_Driver/Src/stm32f7xx_hal_tim_ex.c ****   }
2526:Drivers/STM32F7xx_HAL_Driver/Src/stm32f7xx_hal_tim_ex.c **** 
2527:Drivers/STM32F7xx_HAL_Driver/Src/stm32f7xx_hal_tim_ex.c **** #if (USE_HAL_TIM_REGISTER_CALLBACKS == 1)
2528:Drivers/STM32F7xx_HAL_Driver/Src/stm32f7xx_hal_tim_ex.c ****   htim->PWM_PulseFinishedCallback(htim);
2529:Drivers/STM32F7xx_HAL_Driver/Src/stm32f7xx_hal_tim_ex.c **** #else
2530:Drivers/STM32F7xx_HAL_Driver/Src/stm32f7xx_hal_tim_ex.c ****   HAL_TIM_PWM_PulseFinishedCallback(htim);
2531:Drivers/STM32F7xx_HAL_Driver/Src/stm32f7xx_hal_tim_ex.c **** #endif /* USE_HAL_TIM_REGISTER_CALLBACKS */
2532:Drivers/STM32F7xx_HAL_Driver/Src/stm32f7xx_hal_tim_ex.c **** 
2533:Drivers/STM32F7xx_HAL_Driver/Src/stm32f7xx_hal_tim_ex.c ****   htim->Channel = HAL_TIM_ACTIVE_CHANNEL_CLEARED;
2534:Drivers/STM32F7xx_HAL_Driver/Src/stm32f7xx_hal_tim_ex.c **** }
2535:Drivers/STM32F7xx_HAL_Driver/Src/stm32f7xx_hal_tim_ex.c **** 
2536:Drivers/STM32F7xx_HAL_Driver/Src/stm32f7xx_hal_tim_ex.c **** /**
2537:Drivers/STM32F7xx_HAL_Driver/Src/stm32f7xx_hal_tim_ex.c ****   * @brief  TIM DMA error callback (complementary channel)
2538:Drivers/STM32F7xx_HAL_Driver/Src/stm32f7xx_hal_tim_ex.c ****   * @param  hdma pointer to DMA handle.
2539:Drivers/STM32F7xx_HAL_Driver/Src/stm32f7xx_hal_tim_ex.c ****   * @retval None
ARM GAS  /tmp/ccJkDeps.s 			page 46


2540:Drivers/STM32F7xx_HAL_Driver/Src/stm32f7xx_hal_tim_ex.c ****   */
2541:Drivers/STM32F7xx_HAL_Driver/Src/stm32f7xx_hal_tim_ex.c **** static void TIM_DMAErrorCCxN(DMA_HandleTypeDef *hdma)
2542:Drivers/STM32F7xx_HAL_Driver/Src/stm32f7xx_hal_tim_ex.c **** {
2543:Drivers/STM32F7xx_HAL_Driver/Src/stm32f7xx_hal_tim_ex.c ****   TIM_HandleTypeDef *htim = (TIM_HandleTypeDef *)((DMA_HandleTypeDef *)hdma)->Parent;
2544:Drivers/STM32F7xx_HAL_Driver/Src/stm32f7xx_hal_tim_ex.c **** 
2545:Drivers/STM32F7xx_HAL_Driver/Src/stm32f7xx_hal_tim_ex.c ****   if (hdma == htim->hdma[TIM_DMA_ID_CC1])
2546:Drivers/STM32F7xx_HAL_Driver/Src/stm32f7xx_hal_tim_ex.c ****   {
2547:Drivers/STM32F7xx_HAL_Driver/Src/stm32f7xx_hal_tim_ex.c ****     htim->Channel = HAL_TIM_ACTIVE_CHANNEL_1;
2548:Drivers/STM32F7xx_HAL_Driver/Src/stm32f7xx_hal_tim_ex.c ****     TIM_CHANNEL_N_STATE_SET(htim, TIM_CHANNEL_1, HAL_TIM_CHANNEL_STATE_READY);
2549:Drivers/STM32F7xx_HAL_Driver/Src/stm32f7xx_hal_tim_ex.c ****   }
2550:Drivers/STM32F7xx_HAL_Driver/Src/stm32f7xx_hal_tim_ex.c ****   else if (hdma == htim->hdma[TIM_DMA_ID_CC2])
2551:Drivers/STM32F7xx_HAL_Driver/Src/stm32f7xx_hal_tim_ex.c ****   {
2552:Drivers/STM32F7xx_HAL_Driver/Src/stm32f7xx_hal_tim_ex.c ****     htim->Channel = HAL_TIM_ACTIVE_CHANNEL_2;
2553:Drivers/STM32F7xx_HAL_Driver/Src/stm32f7xx_hal_tim_ex.c ****     TIM_CHANNEL_N_STATE_SET(htim, TIM_CHANNEL_2, HAL_TIM_CHANNEL_STATE_READY);
2554:Drivers/STM32F7xx_HAL_Driver/Src/stm32f7xx_hal_tim_ex.c ****   }
2555:Drivers/STM32F7xx_HAL_Driver/Src/stm32f7xx_hal_tim_ex.c ****   else if (hdma == htim->hdma[TIM_DMA_ID_CC3])
2556:Drivers/STM32F7xx_HAL_Driver/Src/stm32f7xx_hal_tim_ex.c ****   {
2557:Drivers/STM32F7xx_HAL_Driver/Src/stm32f7xx_hal_tim_ex.c ****     htim->Channel = HAL_TIM_ACTIVE_CHANNEL_3;
2558:Drivers/STM32F7xx_HAL_Driver/Src/stm32f7xx_hal_tim_ex.c ****     TIM_CHANNEL_N_STATE_SET(htim, TIM_CHANNEL_3, HAL_TIM_CHANNEL_STATE_READY);
2559:Drivers/STM32F7xx_HAL_Driver/Src/stm32f7xx_hal_tim_ex.c ****   }
2560:Drivers/STM32F7xx_HAL_Driver/Src/stm32f7xx_hal_tim_ex.c ****   else
2561:Drivers/STM32F7xx_HAL_Driver/Src/stm32f7xx_hal_tim_ex.c ****   {
2562:Drivers/STM32F7xx_HAL_Driver/Src/stm32f7xx_hal_tim_ex.c ****     /* nothing to do */
2563:Drivers/STM32F7xx_HAL_Driver/Src/stm32f7xx_hal_tim_ex.c ****   }
2564:Drivers/STM32F7xx_HAL_Driver/Src/stm32f7xx_hal_tim_ex.c **** 
2565:Drivers/STM32F7xx_HAL_Driver/Src/stm32f7xx_hal_tim_ex.c **** #if (USE_HAL_TIM_REGISTER_CALLBACKS == 1)
2566:Drivers/STM32F7xx_HAL_Driver/Src/stm32f7xx_hal_tim_ex.c ****   htim->ErrorCallback(htim);
2567:Drivers/STM32F7xx_HAL_Driver/Src/stm32f7xx_hal_tim_ex.c **** #else
2568:Drivers/STM32F7xx_HAL_Driver/Src/stm32f7xx_hal_tim_ex.c ****   HAL_TIM_ErrorCallback(htim);
2569:Drivers/STM32F7xx_HAL_Driver/Src/stm32f7xx_hal_tim_ex.c **** #endif /* USE_HAL_TIM_REGISTER_CALLBACKS */
2570:Drivers/STM32F7xx_HAL_Driver/Src/stm32f7xx_hal_tim_ex.c **** 
2571:Drivers/STM32F7xx_HAL_Driver/Src/stm32f7xx_hal_tim_ex.c ****   htim->Channel = HAL_TIM_ACTIVE_CHANNEL_CLEARED;
2572:Drivers/STM32F7xx_HAL_Driver/Src/stm32f7xx_hal_tim_ex.c **** }
2573:Drivers/STM32F7xx_HAL_Driver/Src/stm32f7xx_hal_tim_ex.c **** 
2574:Drivers/STM32F7xx_HAL_Driver/Src/stm32f7xx_hal_tim_ex.c **** /**
2575:Drivers/STM32F7xx_HAL_Driver/Src/stm32f7xx_hal_tim_ex.c ****   * @brief  Enables or disables the TIM Capture Compare Channel xN.
2576:Drivers/STM32F7xx_HAL_Driver/Src/stm32f7xx_hal_tim_ex.c ****   * @param  TIMx to select the TIM peripheral
2577:Drivers/STM32F7xx_HAL_Driver/Src/stm32f7xx_hal_tim_ex.c ****   * @param  Channel specifies the TIM Channel
2578:Drivers/STM32F7xx_HAL_Driver/Src/stm32f7xx_hal_tim_ex.c ****   *          This parameter can be one of the following values:
2579:Drivers/STM32F7xx_HAL_Driver/Src/stm32f7xx_hal_tim_ex.c ****   *            @arg TIM_CHANNEL_1: TIM Channel 1
2580:Drivers/STM32F7xx_HAL_Driver/Src/stm32f7xx_hal_tim_ex.c ****   *            @arg TIM_CHANNEL_2: TIM Channel 2
2581:Drivers/STM32F7xx_HAL_Driver/Src/stm32f7xx_hal_tim_ex.c ****   *            @arg TIM_CHANNEL_3: TIM Channel 3
2582:Drivers/STM32F7xx_HAL_Driver/Src/stm32f7xx_hal_tim_ex.c ****   * @param  ChannelNState specifies the TIM Channel CCxNE bit new state.
2583:Drivers/STM32F7xx_HAL_Driver/Src/stm32f7xx_hal_tim_ex.c ****   *          This parameter can be: TIM_CCxN_ENABLE or TIM_CCxN_Disable.
2584:Drivers/STM32F7xx_HAL_Driver/Src/stm32f7xx_hal_tim_ex.c ****   * @retval None
2585:Drivers/STM32F7xx_HAL_Driver/Src/stm32f7xx_hal_tim_ex.c ****   */
2586:Drivers/STM32F7xx_HAL_Driver/Src/stm32f7xx_hal_tim_ex.c **** static void TIM_CCxNChannelCmd(TIM_TypeDef *TIMx, uint32_t Channel, uint32_t ChannelNState)
2587:Drivers/STM32F7xx_HAL_Driver/Src/stm32f7xx_hal_tim_ex.c **** {
  28              		.loc 1 2587 1 view -0
  29              		.cfi_startproc
  30              		@ args = 0, pretend = 0, frame = 0
  31              		@ frame_needed = 0, uses_anonymous_args = 0
  32              		@ link register save eliminated.
2588:Drivers/STM32F7xx_HAL_Driver/Src/stm32f7xx_hal_tim_ex.c ****   uint32_t tmp;
  33              		.loc 1 2588 3 view .LVU1
2589:Drivers/STM32F7xx_HAL_Driver/Src/stm32f7xx_hal_tim_ex.c **** 
2590:Drivers/STM32F7xx_HAL_Driver/Src/stm32f7xx_hal_tim_ex.c ****   tmp = TIM_CCER_CC1NE << (Channel & 0x1FU); /* 0x1FU = 31 bits max shift */
ARM GAS  /tmp/ccJkDeps.s 			page 47


  34              		.loc 1 2590 3 view .LVU2
  35              		.loc 1 2590 36 is_stmt 0 view .LVU3
  36 0000 01F01F01 		and	r1, r1, #31
  37              	.LVL1:
  38              		.loc 1 2590 7 view .LVU4
  39 0004 4FF0040C 		mov	ip, #4
  40 0008 0CFA01FC 		lsl	ip, ip, r1
  41              	.LVL2:
2591:Drivers/STM32F7xx_HAL_Driver/Src/stm32f7xx_hal_tim_ex.c **** 
2592:Drivers/STM32F7xx_HAL_Driver/Src/stm32f7xx_hal_tim_ex.c ****   /* Reset the CCxNE Bit */
2593:Drivers/STM32F7xx_HAL_Driver/Src/stm32f7xx_hal_tim_ex.c ****   TIMx->CCER &=  ~tmp;
  42              		.loc 1 2593 3 is_stmt 1 view .LVU5
  43              		.loc 1 2593 7 is_stmt 0 view .LVU6
  44 000c 036A     		ldr	r3, [r0, #32]
  45              		.loc 1 2593 14 view .LVU7
  46 000e 23EA0C03 		bic	r3, r3, ip
  47 0012 0362     		str	r3, [r0, #32]
2594:Drivers/STM32F7xx_HAL_Driver/Src/stm32f7xx_hal_tim_ex.c **** 
2595:Drivers/STM32F7xx_HAL_Driver/Src/stm32f7xx_hal_tim_ex.c ****   /* Set or reset the CCxNE Bit */
2596:Drivers/STM32F7xx_HAL_Driver/Src/stm32f7xx_hal_tim_ex.c ****   TIMx->CCER |= (uint32_t)(ChannelNState << (Channel & 0x1FU)); /* 0x1FU = 31 bits max shift */
  48              		.loc 1 2596 3 is_stmt 1 view .LVU8
  49              		.loc 1 2596 7 is_stmt 0 view .LVU9
  50 0014 036A     		ldr	r3, [r0, #32]
  51              		.loc 1 2596 42 view .LVU10
  52 0016 8A40     		lsls	r2, r2, r1
  53              	.LVL3:
  54              		.loc 1 2596 14 view .LVU11
  55 0018 1343     		orrs	r3, r3, r2
  56 001a 0362     		str	r3, [r0, #32]
2597:Drivers/STM32F7xx_HAL_Driver/Src/stm32f7xx_hal_tim_ex.c **** }
  57              		.loc 1 2597 1 view .LVU12
  58 001c 7047     		bx	lr
  59              		.cfi_endproc
  60              	.LFE185:
  62              		.section	.text.TIM_DMAErrorCCxN,"ax",%progbits
  63              		.align	1
  64              		.syntax unified
  65              		.thumb
  66              		.thumb_func
  68              	TIM_DMAErrorCCxN:
  69              	.LVL4:
  70              	.LFB184:
2542:Drivers/STM32F7xx_HAL_Driver/Src/stm32f7xx_hal_tim_ex.c ****   TIM_HandleTypeDef *htim = (TIM_HandleTypeDef *)((DMA_HandleTypeDef *)hdma)->Parent;
  71              		.loc 1 2542 1 is_stmt 1 view -0
  72              		.cfi_startproc
  73              		@ args = 0, pretend = 0, frame = 0
  74              		@ frame_needed = 0, uses_anonymous_args = 0
2542:Drivers/STM32F7xx_HAL_Driver/Src/stm32f7xx_hal_tim_ex.c ****   TIM_HandleTypeDef *htim = (TIM_HandleTypeDef *)((DMA_HandleTypeDef *)hdma)->Parent;
  75              		.loc 1 2542 1 is_stmt 0 view .LVU14
  76 0000 10B5     		push	{r4, lr}
  77              	.LCFI0:
  78              		.cfi_def_cfa_offset 8
  79              		.cfi_offset 4, -8
  80              		.cfi_offset 14, -4
2543:Drivers/STM32F7xx_HAL_Driver/Src/stm32f7xx_hal_tim_ex.c **** 
  81              		.loc 1 2543 3 is_stmt 1 view .LVU15
2543:Drivers/STM32F7xx_HAL_Driver/Src/stm32f7xx_hal_tim_ex.c **** 
ARM GAS  /tmp/ccJkDeps.s 			page 48


  82              		.loc 1 2543 22 is_stmt 0 view .LVU16
  83 0002 846B     		ldr	r4, [r0, #56]
  84              	.LVL5:
2545:Drivers/STM32F7xx_HAL_Driver/Src/stm32f7xx_hal_tim_ex.c ****   {
  85              		.loc 1 2545 3 is_stmt 1 view .LVU17
2545:Drivers/STM32F7xx_HAL_Driver/Src/stm32f7xx_hal_tim_ex.c ****   {
  86              		.loc 1 2545 25 is_stmt 0 view .LVU18
  87 0004 636A     		ldr	r3, [r4, #36]
2545:Drivers/STM32F7xx_HAL_Driver/Src/stm32f7xx_hal_tim_ex.c ****   {
  88              		.loc 1 2545 6 view .LVU19
  89 0006 8342     		cmp	r3, r0
  90 0008 0BD0     		beq	.L7
2550:Drivers/STM32F7xx_HAL_Driver/Src/stm32f7xx_hal_tim_ex.c ****   {
  91              		.loc 1 2550 8 is_stmt 1 view .LVU20
2550:Drivers/STM32F7xx_HAL_Driver/Src/stm32f7xx_hal_tim_ex.c ****   {
  92              		.loc 1 2550 30 is_stmt 0 view .LVU21
  93 000a A36A     		ldr	r3, [r4, #40]
2550:Drivers/STM32F7xx_HAL_Driver/Src/stm32f7xx_hal_tim_ex.c ****   {
  94              		.loc 1 2550 11 view .LVU22
  95 000c 8342     		cmp	r3, r0
  96 000e 0DD0     		beq	.L8
2555:Drivers/STM32F7xx_HAL_Driver/Src/stm32f7xx_hal_tim_ex.c ****   {
  97              		.loc 1 2555 8 is_stmt 1 view .LVU23
2555:Drivers/STM32F7xx_HAL_Driver/Src/stm32f7xx_hal_tim_ex.c ****   {
  98              		.loc 1 2555 30 is_stmt 0 view .LVU24
  99 0010 E36A     		ldr	r3, [r4, #44]
2555:Drivers/STM32F7xx_HAL_Driver/Src/stm32f7xx_hal_tim_ex.c ****   {
 100              		.loc 1 2555 11 view .LVU25
 101 0012 8342     		cmp	r3, r0
 102 0014 10D0     		beq	.L9
 103              	.L4:
2563:Drivers/STM32F7xx_HAL_Driver/Src/stm32f7xx_hal_tim_ex.c **** 
 104              		.loc 1 2563 3 is_stmt 1 view .LVU26
2568:Drivers/STM32F7xx_HAL_Driver/Src/stm32f7xx_hal_tim_ex.c **** #endif /* USE_HAL_TIM_REGISTER_CALLBACKS */
 105              		.loc 1 2568 3 view .LVU27
 106 0016 2046     		mov	r0, r4
 107              	.LVL6:
2568:Drivers/STM32F7xx_HAL_Driver/Src/stm32f7xx_hal_tim_ex.c **** #endif /* USE_HAL_TIM_REGISTER_CALLBACKS */
 108              		.loc 1 2568 3 is_stmt 0 view .LVU28
 109 0018 FFF7FEFF 		bl	HAL_TIM_ErrorCallback
 110              	.LVL7:
2571:Drivers/STM32F7xx_HAL_Driver/Src/stm32f7xx_hal_tim_ex.c **** }
 111              		.loc 1 2571 3 is_stmt 1 view .LVU29
2571:Drivers/STM32F7xx_HAL_Driver/Src/stm32f7xx_hal_tim_ex.c **** }
 112              		.loc 1 2571 17 is_stmt 0 view .LVU30
 113 001c 0023     		movs	r3, #0
 114 001e 2377     		strb	r3, [r4, #28]
2572:Drivers/STM32F7xx_HAL_Driver/Src/stm32f7xx_hal_tim_ex.c **** 
 115              		.loc 1 2572 1 view .LVU31
 116 0020 10BD     		pop	{r4, pc}
 117              	.LVL8:
 118              	.L7:
2547:Drivers/STM32F7xx_HAL_Driver/Src/stm32f7xx_hal_tim_ex.c ****     TIM_CHANNEL_N_STATE_SET(htim, TIM_CHANNEL_1, HAL_TIM_CHANNEL_STATE_READY);
 119              		.loc 1 2547 5 is_stmt 1 view .LVU32
2547:Drivers/STM32F7xx_HAL_Driver/Src/stm32f7xx_hal_tim_ex.c ****     TIM_CHANNEL_N_STATE_SET(htim, TIM_CHANNEL_1, HAL_TIM_CHANNEL_STATE_READY);
 120              		.loc 1 2547 19 is_stmt 0 view .LVU33
 121 0022 0123     		movs	r3, #1
ARM GAS  /tmp/ccJkDeps.s 			page 49


 122 0024 2377     		strb	r3, [r4, #28]
2548:Drivers/STM32F7xx_HAL_Driver/Src/stm32f7xx_hal_tim_ex.c ****   }
 123              		.loc 1 2548 5 is_stmt 1 view .LVU34
 124 0026 84F84430 		strb	r3, [r4, #68]
 125 002a F4E7     		b	.L4
 126              	.L8:
2552:Drivers/STM32F7xx_HAL_Driver/Src/stm32f7xx_hal_tim_ex.c ****     TIM_CHANNEL_N_STATE_SET(htim, TIM_CHANNEL_2, HAL_TIM_CHANNEL_STATE_READY);
 127              		.loc 1 2552 5 view .LVU35
2552:Drivers/STM32F7xx_HAL_Driver/Src/stm32f7xx_hal_tim_ex.c ****     TIM_CHANNEL_N_STATE_SET(htim, TIM_CHANNEL_2, HAL_TIM_CHANNEL_STATE_READY);
 128              		.loc 1 2552 19 is_stmt 0 view .LVU36
 129 002c 0223     		movs	r3, #2
 130 002e 2377     		strb	r3, [r4, #28]
2553:Drivers/STM32F7xx_HAL_Driver/Src/stm32f7xx_hal_tim_ex.c ****   }
 131              		.loc 1 2553 5 is_stmt 1 view .LVU37
 132 0030 0123     		movs	r3, #1
 133 0032 84F84530 		strb	r3, [r4, #69]
 134 0036 EEE7     		b	.L4
 135              	.L9:
2557:Drivers/STM32F7xx_HAL_Driver/Src/stm32f7xx_hal_tim_ex.c ****     TIM_CHANNEL_N_STATE_SET(htim, TIM_CHANNEL_3, HAL_TIM_CHANNEL_STATE_READY);
 136              		.loc 1 2557 5 view .LVU38
2557:Drivers/STM32F7xx_HAL_Driver/Src/stm32f7xx_hal_tim_ex.c ****     TIM_CHANNEL_N_STATE_SET(htim, TIM_CHANNEL_3, HAL_TIM_CHANNEL_STATE_READY);
 137              		.loc 1 2557 19 is_stmt 0 view .LVU39
 138 0038 0423     		movs	r3, #4
 139 003a 2377     		strb	r3, [r4, #28]
2558:Drivers/STM32F7xx_HAL_Driver/Src/stm32f7xx_hal_tim_ex.c ****   }
 140              		.loc 1 2558 5 is_stmt 1 view .LVU40
 141 003c 0123     		movs	r3, #1
 142 003e 84F84630 		strb	r3, [r4, #70]
 143 0042 E8E7     		b	.L4
 144              		.cfi_endproc
 145              	.LFE184:
 147              		.section	.text.TIM_DMADelayPulseNCplt,"ax",%progbits
 148              		.align	1
 149              		.syntax unified
 150              		.thumb
 151              		.thumb_func
 153              	TIM_DMADelayPulseNCplt:
 154              	.LVL9:
 155              	.LFB183:
2483:Drivers/STM32F7xx_HAL_Driver/Src/stm32f7xx_hal_tim_ex.c ****   TIM_HandleTypeDef *htim = (TIM_HandleTypeDef *)((DMA_HandleTypeDef *)hdma)->Parent;
 156              		.loc 1 2483 1 view -0
 157              		.cfi_startproc
 158              		@ args = 0, pretend = 0, frame = 0
 159              		@ frame_needed = 0, uses_anonymous_args = 0
2483:Drivers/STM32F7xx_HAL_Driver/Src/stm32f7xx_hal_tim_ex.c ****   TIM_HandleTypeDef *htim = (TIM_HandleTypeDef *)((DMA_HandleTypeDef *)hdma)->Parent;
 160              		.loc 1 2483 1 is_stmt 0 view .LVU42
 161 0000 10B5     		push	{r4, lr}
 162              	.LCFI1:
 163              		.cfi_def_cfa_offset 8
 164              		.cfi_offset 4, -8
 165              		.cfi_offset 14, -4
2484:Drivers/STM32F7xx_HAL_Driver/Src/stm32f7xx_hal_tim_ex.c **** 
 166              		.loc 1 2484 3 is_stmt 1 view .LVU43
2484:Drivers/STM32F7xx_HAL_Driver/Src/stm32f7xx_hal_tim_ex.c **** 
 167              		.loc 1 2484 22 is_stmt 0 view .LVU44
 168 0002 846B     		ldr	r4, [r0, #56]
 169              	.LVL10:
ARM GAS  /tmp/ccJkDeps.s 			page 50


2486:Drivers/STM32F7xx_HAL_Driver/Src/stm32f7xx_hal_tim_ex.c ****   {
 170              		.loc 1 2486 3 is_stmt 1 view .LVU45
2486:Drivers/STM32F7xx_HAL_Driver/Src/stm32f7xx_hal_tim_ex.c ****   {
 171              		.loc 1 2486 25 is_stmt 0 view .LVU46
 172 0004 636A     		ldr	r3, [r4, #36]
2486:Drivers/STM32F7xx_HAL_Driver/Src/stm32f7xx_hal_tim_ex.c ****   {
 173              		.loc 1 2486 6 view .LVU47
 174 0006 8342     		cmp	r3, r0
 175 0008 0ED0     		beq	.L16
2495:Drivers/STM32F7xx_HAL_Driver/Src/stm32f7xx_hal_tim_ex.c ****   {
 176              		.loc 1 2495 8 is_stmt 1 view .LVU48
2495:Drivers/STM32F7xx_HAL_Driver/Src/stm32f7xx_hal_tim_ex.c ****   {
 177              		.loc 1 2495 30 is_stmt 0 view .LVU49
 178 000a A36A     		ldr	r3, [r4, #40]
2495:Drivers/STM32F7xx_HAL_Driver/Src/stm32f7xx_hal_tim_ex.c ****   {
 179              		.loc 1 2495 11 view .LVU50
 180 000c 8342     		cmp	r3, r0
 181 000e 14D0     		beq	.L17
2504:Drivers/STM32F7xx_HAL_Driver/Src/stm32f7xx_hal_tim_ex.c ****   {
 182              		.loc 1 2504 8 is_stmt 1 view .LVU51
2504:Drivers/STM32F7xx_HAL_Driver/Src/stm32f7xx_hal_tim_ex.c ****   {
 183              		.loc 1 2504 30 is_stmt 0 view .LVU52
 184 0010 E36A     		ldr	r3, [r4, #44]
2504:Drivers/STM32F7xx_HAL_Driver/Src/stm32f7xx_hal_tim_ex.c ****   {
 185              		.loc 1 2504 11 view .LVU53
 186 0012 8342     		cmp	r3, r0
 187 0014 1AD0     		beq	.L18
2513:Drivers/STM32F7xx_HAL_Driver/Src/stm32f7xx_hal_tim_ex.c ****   {
 188              		.loc 1 2513 8 is_stmt 1 view .LVU54
2513:Drivers/STM32F7xx_HAL_Driver/Src/stm32f7xx_hal_tim_ex.c ****   {
 189              		.loc 1 2513 30 is_stmt 0 view .LVU55
 190 0016 236B     		ldr	r3, [r4, #48]
2513:Drivers/STM32F7xx_HAL_Driver/Src/stm32f7xx_hal_tim_ex.c ****   {
 191              		.loc 1 2513 11 view .LVU56
 192 0018 8342     		cmp	r3, r0
 193 001a 20D0     		beq	.L19
 194              	.L12:
2525:Drivers/STM32F7xx_HAL_Driver/Src/stm32f7xx_hal_tim_ex.c **** 
 195              		.loc 1 2525 3 is_stmt 1 view .LVU57
2530:Drivers/STM32F7xx_HAL_Driver/Src/stm32f7xx_hal_tim_ex.c **** #endif /* USE_HAL_TIM_REGISTER_CALLBACKS */
 196              		.loc 1 2530 3 view .LVU58
 197 001c 2046     		mov	r0, r4
 198              	.LVL11:
2530:Drivers/STM32F7xx_HAL_Driver/Src/stm32f7xx_hal_tim_ex.c **** #endif /* USE_HAL_TIM_REGISTER_CALLBACKS */
 199              		.loc 1 2530 3 is_stmt 0 view .LVU59
 200 001e FFF7FEFF 		bl	HAL_TIM_PWM_PulseFinishedCallback
 201              	.LVL12:
2533:Drivers/STM32F7xx_HAL_Driver/Src/stm32f7xx_hal_tim_ex.c **** }
 202              		.loc 1 2533 3 is_stmt 1 view .LVU60
2533:Drivers/STM32F7xx_HAL_Driver/Src/stm32f7xx_hal_tim_ex.c **** }
 203              		.loc 1 2533 17 is_stmt 0 view .LVU61
 204 0022 0023     		movs	r3, #0
 205 0024 2377     		strb	r3, [r4, #28]
2534:Drivers/STM32F7xx_HAL_Driver/Src/stm32f7xx_hal_tim_ex.c **** 
 206              		.loc 1 2534 1 view .LVU62
 207 0026 10BD     		pop	{r4, pc}
 208              	.LVL13:
ARM GAS  /tmp/ccJkDeps.s 			page 51


 209              	.L16:
2488:Drivers/STM32F7xx_HAL_Driver/Src/stm32f7xx_hal_tim_ex.c **** 
 210              		.loc 1 2488 5 is_stmt 1 view .LVU63
2488:Drivers/STM32F7xx_HAL_Driver/Src/stm32f7xx_hal_tim_ex.c **** 
 211              		.loc 1 2488 19 is_stmt 0 view .LVU64
 212 0028 0123     		movs	r3, #1
 213 002a 2377     		strb	r3, [r4, #28]
2490:Drivers/STM32F7xx_HAL_Driver/Src/stm32f7xx_hal_tim_ex.c ****     {
 214              		.loc 1 2490 5 is_stmt 1 view .LVU65
2490:Drivers/STM32F7xx_HAL_Driver/Src/stm32f7xx_hal_tim_ex.c ****     {
 215              		.loc 1 2490 19 is_stmt 0 view .LVU66
 216 002c C369     		ldr	r3, [r0, #28]
2490:Drivers/STM32F7xx_HAL_Driver/Src/stm32f7xx_hal_tim_ex.c ****     {
 217              		.loc 1 2490 8 view .LVU67
 218 002e 002B     		cmp	r3, #0
 219 0030 F4D1     		bne	.L12
2492:Drivers/STM32F7xx_HAL_Driver/Src/stm32f7xx_hal_tim_ex.c ****     }
 220              		.loc 1 2492 7 is_stmt 1 view .LVU68
 221 0032 0123     		movs	r3, #1
 222 0034 84F84430 		strb	r3, [r4, #68]
 223 0038 F0E7     		b	.L12
 224              	.L17:
2497:Drivers/STM32F7xx_HAL_Driver/Src/stm32f7xx_hal_tim_ex.c **** 
 225              		.loc 1 2497 5 view .LVU69
2497:Drivers/STM32F7xx_HAL_Driver/Src/stm32f7xx_hal_tim_ex.c **** 
 226              		.loc 1 2497 19 is_stmt 0 view .LVU70
 227 003a 0223     		movs	r3, #2
 228 003c 2377     		strb	r3, [r4, #28]
2499:Drivers/STM32F7xx_HAL_Driver/Src/stm32f7xx_hal_tim_ex.c ****     {
 229              		.loc 1 2499 5 is_stmt 1 view .LVU71
2499:Drivers/STM32F7xx_HAL_Driver/Src/stm32f7xx_hal_tim_ex.c ****     {
 230              		.loc 1 2499 19 is_stmt 0 view .LVU72
 231 003e C369     		ldr	r3, [r0, #28]
2499:Drivers/STM32F7xx_HAL_Driver/Src/stm32f7xx_hal_tim_ex.c ****     {
 232              		.loc 1 2499 8 view .LVU73
 233 0040 002B     		cmp	r3, #0
 234 0042 EBD1     		bne	.L12
2501:Drivers/STM32F7xx_HAL_Driver/Src/stm32f7xx_hal_tim_ex.c ****     }
 235              		.loc 1 2501 7 is_stmt 1 view .LVU74
 236 0044 0123     		movs	r3, #1
 237 0046 84F84530 		strb	r3, [r4, #69]
 238 004a E7E7     		b	.L12
 239              	.L18:
2506:Drivers/STM32F7xx_HAL_Driver/Src/stm32f7xx_hal_tim_ex.c **** 
 240              		.loc 1 2506 5 view .LVU75
2506:Drivers/STM32F7xx_HAL_Driver/Src/stm32f7xx_hal_tim_ex.c **** 
 241              		.loc 1 2506 19 is_stmt 0 view .LVU76
 242 004c 0423     		movs	r3, #4
 243 004e 2377     		strb	r3, [r4, #28]
2508:Drivers/STM32F7xx_HAL_Driver/Src/stm32f7xx_hal_tim_ex.c ****     {
 244              		.loc 1 2508 5 is_stmt 1 view .LVU77
2508:Drivers/STM32F7xx_HAL_Driver/Src/stm32f7xx_hal_tim_ex.c ****     {
 245              		.loc 1 2508 19 is_stmt 0 view .LVU78
 246 0050 C369     		ldr	r3, [r0, #28]
2508:Drivers/STM32F7xx_HAL_Driver/Src/stm32f7xx_hal_tim_ex.c ****     {
 247              		.loc 1 2508 8 view .LVU79
 248 0052 002B     		cmp	r3, #0
ARM GAS  /tmp/ccJkDeps.s 			page 52


 249 0054 E2D1     		bne	.L12
2510:Drivers/STM32F7xx_HAL_Driver/Src/stm32f7xx_hal_tim_ex.c ****     }
 250              		.loc 1 2510 7 is_stmt 1 view .LVU80
 251 0056 0123     		movs	r3, #1
 252 0058 84F84630 		strb	r3, [r4, #70]
 253 005c DEE7     		b	.L12
 254              	.L19:
2515:Drivers/STM32F7xx_HAL_Driver/Src/stm32f7xx_hal_tim_ex.c **** 
 255              		.loc 1 2515 5 view .LVU81
2515:Drivers/STM32F7xx_HAL_Driver/Src/stm32f7xx_hal_tim_ex.c **** 
 256              		.loc 1 2515 19 is_stmt 0 view .LVU82
 257 005e 0823     		movs	r3, #8
 258 0060 2377     		strb	r3, [r4, #28]
2517:Drivers/STM32F7xx_HAL_Driver/Src/stm32f7xx_hal_tim_ex.c ****     {
 259              		.loc 1 2517 5 is_stmt 1 view .LVU83
2517:Drivers/STM32F7xx_HAL_Driver/Src/stm32f7xx_hal_tim_ex.c ****     {
 260              		.loc 1 2517 19 is_stmt 0 view .LVU84
 261 0062 C369     		ldr	r3, [r0, #28]
2517:Drivers/STM32F7xx_HAL_Driver/Src/stm32f7xx_hal_tim_ex.c ****     {
 262              		.loc 1 2517 8 view .LVU85
 263 0064 002B     		cmp	r3, #0
 264 0066 D9D1     		bne	.L12
2519:Drivers/STM32F7xx_HAL_Driver/Src/stm32f7xx_hal_tim_ex.c ****     }
 265              		.loc 1 2519 7 is_stmt 1 view .LVU86
 266 0068 0123     		movs	r3, #1
 267 006a 84F84730 		strb	r3, [r4, #71]
 268 006e D5E7     		b	.L12
 269              		.cfi_endproc
 270              	.LFE183:
 272              		.section	.text.HAL_TIMEx_HallSensor_MspInit,"ax",%progbits
 273              		.align	1
 274              		.weak	HAL_TIMEx_HallSensor_MspInit
 275              		.syntax unified
 276              		.thumb
 277              		.thumb_func
 279              	HAL_TIMEx_HallSensor_MspInit:
 280              	.LVL14:
 281              	.LFB143:
 287:Drivers/STM32F7xx_HAL_Driver/Src/stm32f7xx_hal_tim_ex.c ****   /* Prevent unused argument(s) compilation warning */
 282              		.loc 1 287 1 view -0
 283              		.cfi_startproc
 284              		@ args = 0, pretend = 0, frame = 0
 285              		@ frame_needed = 0, uses_anonymous_args = 0
 286              		@ link register save eliminated.
 289:Drivers/STM32F7xx_HAL_Driver/Src/stm32f7xx_hal_tim_ex.c **** 
 287              		.loc 1 289 3 view .LVU88
 294:Drivers/STM32F7xx_HAL_Driver/Src/stm32f7xx_hal_tim_ex.c **** 
 288              		.loc 1 294 1 is_stmt 0 view .LVU89
 289 0000 7047     		bx	lr
 290              		.cfi_endproc
 291              	.LFE143:
 293              		.section	.text.HAL_TIMEx_HallSensor_Init,"ax",%progbits
 294              		.align	1
 295              		.global	HAL_TIMEx_HallSensor_Init
 296              		.syntax unified
 297              		.thumb
 298              		.thumb_func
ARM GAS  /tmp/ccJkDeps.s 			page 53


 300              	HAL_TIMEx_HallSensor_Init:
 301              	.LVL15:
 302              	.LFB141:
 140:Drivers/STM32F7xx_HAL_Driver/Src/stm32f7xx_hal_tim_ex.c ****   TIM_OC_InitTypeDef OC_Config;
 303              		.loc 1 140 1 is_stmt 1 view -0
 304              		.cfi_startproc
 305              		@ args = 0, pretend = 0, frame = 32
 306              		@ frame_needed = 0, uses_anonymous_args = 0
 141:Drivers/STM32F7xx_HAL_Driver/Src/stm32f7xx_hal_tim_ex.c **** 
 307              		.loc 1 141 3 view .LVU91
 144:Drivers/STM32F7xx_HAL_Driver/Src/stm32f7xx_hal_tim_ex.c ****   {
 308              		.loc 1 144 3 view .LVU92
 144:Drivers/STM32F7xx_HAL_Driver/Src/stm32f7xx_hal_tim_ex.c ****   {
 309              		.loc 1 144 6 is_stmt 0 view .LVU93
 310 0000 0028     		cmp	r0, #0
 311 0002 65D0     		beq	.L24
 140:Drivers/STM32F7xx_HAL_Driver/Src/stm32f7xx_hal_tim_ex.c ****   TIM_OC_InitTypeDef OC_Config;
 312              		.loc 1 140 1 view .LVU94
 313 0004 70B5     		push	{r4, r5, r6, lr}
 314              	.LCFI2:
 315              		.cfi_def_cfa_offset 16
 316              		.cfi_offset 4, -16
 317              		.cfi_offset 5, -12
 318              		.cfi_offset 6, -8
 319              		.cfi_offset 14, -4
 320 0006 88B0     		sub	sp, sp, #32
 321              	.LCFI3:
 322              		.cfi_def_cfa_offset 48
 323 0008 0E46     		mov	r6, r1
 324 000a 0446     		mov	r4, r0
 150:Drivers/STM32F7xx_HAL_Driver/Src/stm32f7xx_hal_tim_ex.c ****   assert_param(IS_TIM_COUNTER_MODE(htim->Init.CounterMode));
 325              		.loc 1 150 3 is_stmt 1 view .LVU95
 151:Drivers/STM32F7xx_HAL_Driver/Src/stm32f7xx_hal_tim_ex.c ****   assert_param(IS_TIM_CLOCKDIVISION_DIV(htim->Init.ClockDivision));
 326              		.loc 1 151 3 view .LVU96
 152:Drivers/STM32F7xx_HAL_Driver/Src/stm32f7xx_hal_tim_ex.c ****   assert_param(IS_TIM_AUTORELOAD_PRELOAD(htim->Init.AutoReloadPreload));
 327              		.loc 1 152 3 view .LVU97
 153:Drivers/STM32F7xx_HAL_Driver/Src/stm32f7xx_hal_tim_ex.c ****   assert_param(IS_TIM_IC_POLARITY(sConfig->IC1Polarity));
 328              		.loc 1 153 3 view .LVU98
 154:Drivers/STM32F7xx_HAL_Driver/Src/stm32f7xx_hal_tim_ex.c ****   assert_param(IS_TIM_PERIOD(htim, htim->Init.Period));
 329              		.loc 1 154 3 view .LVU99
 155:Drivers/STM32F7xx_HAL_Driver/Src/stm32f7xx_hal_tim_ex.c ****   assert_param(IS_TIM_IC_PRESCALER(sConfig->IC1Prescaler));
 330              		.loc 1 155 3 view .LVU100
 156:Drivers/STM32F7xx_HAL_Driver/Src/stm32f7xx_hal_tim_ex.c ****   assert_param(IS_TIM_IC_FILTER(sConfig->IC1Filter));
 331              		.loc 1 156 3 view .LVU101
 157:Drivers/STM32F7xx_HAL_Driver/Src/stm32f7xx_hal_tim_ex.c **** 
 332              		.loc 1 157 3 view .LVU102
 159:Drivers/STM32F7xx_HAL_Driver/Src/stm32f7xx_hal_tim_ex.c ****   {
 333              		.loc 1 159 3 view .LVU103
 159:Drivers/STM32F7xx_HAL_Driver/Src/stm32f7xx_hal_tim_ex.c ****   {
 334              		.loc 1 159 11 is_stmt 0 view .LVU104
 335 000c 90F83D30 		ldrb	r3, [r0, #61]	@ zero_extendqisi2
 159:Drivers/STM32F7xx_HAL_Driver/Src/stm32f7xx_hal_tim_ex.c ****   {
 336              		.loc 1 159 6 view .LVU105
 337 0010 002B     		cmp	r3, #0
 338 0012 58D0     		beq	.L29
 339              	.LVL16:
 340              	.L23:
ARM GAS  /tmp/ccJkDeps.s 			page 54


 181:Drivers/STM32F7xx_HAL_Driver/Src/stm32f7xx_hal_tim_ex.c **** 
 341              		.loc 1 181 3 is_stmt 1 view .LVU106
 181:Drivers/STM32F7xx_HAL_Driver/Src/stm32f7xx_hal_tim_ex.c **** 
 342              		.loc 1 181 15 is_stmt 0 view .LVU107
 343 0014 0223     		movs	r3, #2
 344 0016 84F83D30 		strb	r3, [r4, #61]
 184:Drivers/STM32F7xx_HAL_Driver/Src/stm32f7xx_hal_tim_ex.c **** 
 345              		.loc 1 184 3 is_stmt 1 view .LVU108
 184:Drivers/STM32F7xx_HAL_Driver/Src/stm32f7xx_hal_tim_ex.c **** 
 346              		.loc 1 184 38 is_stmt 0 view .LVU109
 347 001a 2146     		mov	r1, r4
 184:Drivers/STM32F7xx_HAL_Driver/Src/stm32f7xx_hal_tim_ex.c **** 
 348              		.loc 1 184 3 view .LVU110
 349 001c 51F8040B 		ldr	r0, [r1], #4
 350 0020 FFF7FEFF 		bl	TIM_Base_SetConfig
 351              	.LVL17:
 187:Drivers/STM32F7xx_HAL_Driver/Src/stm32f7xx_hal_tim_ex.c **** 
 352              		.loc 1 187 3 is_stmt 1 view .LVU111
 353 0024 B368     		ldr	r3, [r6, #8]
 354 0026 0322     		movs	r2, #3
 355 0028 3168     		ldr	r1, [r6]
 356 002a 2068     		ldr	r0, [r4]
 357 002c FFF7FEFF 		bl	TIM_TI1_SetConfig
 358              	.LVL18:
 190:Drivers/STM32F7xx_HAL_Driver/Src/stm32f7xx_hal_tim_ex.c ****   /* Set the IC1PSC value */
 359              		.loc 1 190 3 view .LVU112
 190:Drivers/STM32F7xx_HAL_Driver/Src/stm32f7xx_hal_tim_ex.c ****   /* Set the IC1PSC value */
 360              		.loc 1 190 7 is_stmt 0 view .LVU113
 361 0030 2268     		ldr	r2, [r4]
 190:Drivers/STM32F7xx_HAL_Driver/Src/stm32f7xx_hal_tim_ex.c ****   /* Set the IC1PSC value */
 362              		.loc 1 190 17 view .LVU114
 363 0032 9369     		ldr	r3, [r2, #24]
 190:Drivers/STM32F7xx_HAL_Driver/Src/stm32f7xx_hal_tim_ex.c ****   /* Set the IC1PSC value */
 364              		.loc 1 190 25 view .LVU115
 365 0034 23F00C03 		bic	r3, r3, #12
 366 0038 9361     		str	r3, [r2, #24]
 192:Drivers/STM32F7xx_HAL_Driver/Src/stm32f7xx_hal_tim_ex.c **** 
 367              		.loc 1 192 3 is_stmt 1 view .LVU116
 192:Drivers/STM32F7xx_HAL_Driver/Src/stm32f7xx_hal_tim_ex.c **** 
 368              		.loc 1 192 7 is_stmt 0 view .LVU117
 369 003a 2268     		ldr	r2, [r4]
 192:Drivers/STM32F7xx_HAL_Driver/Src/stm32f7xx_hal_tim_ex.c **** 
 370              		.loc 1 192 17 view .LVU118
 371 003c 9369     		ldr	r3, [r2, #24]
 192:Drivers/STM32F7xx_HAL_Driver/Src/stm32f7xx_hal_tim_ex.c **** 
 372              		.loc 1 192 35 view .LVU119
 373 003e 7168     		ldr	r1, [r6, #4]
 192:Drivers/STM32F7xx_HAL_Driver/Src/stm32f7xx_hal_tim_ex.c **** 
 374              		.loc 1 192 25 view .LVU120
 375 0040 0B43     		orrs	r3, r3, r1
 376 0042 9361     		str	r3, [r2, #24]
 195:Drivers/STM32F7xx_HAL_Driver/Src/stm32f7xx_hal_tim_ex.c **** 
 377              		.loc 1 195 3 is_stmt 1 view .LVU121
 195:Drivers/STM32F7xx_HAL_Driver/Src/stm32f7xx_hal_tim_ex.c **** 
 378              		.loc 1 195 7 is_stmt 0 view .LVU122
 379 0044 2268     		ldr	r2, [r4]
 195:Drivers/STM32F7xx_HAL_Driver/Src/stm32f7xx_hal_tim_ex.c **** 
ARM GAS  /tmp/ccJkDeps.s 			page 55


 380              		.loc 1 195 17 view .LVU123
 381 0046 5368     		ldr	r3, [r2, #4]
 195:Drivers/STM32F7xx_HAL_Driver/Src/stm32f7xx_hal_tim_ex.c **** 
 382              		.loc 1 195 23 view .LVU124
 383 0048 43F08003 		orr	r3, r3, #128
 384 004c 5360     		str	r3, [r2, #4]
 198:Drivers/STM32F7xx_HAL_Driver/Src/stm32f7xx_hal_tim_ex.c ****   htim->Instance->SMCR |= TIM_TS_TI1F_ED;
 385              		.loc 1 198 3 is_stmt 1 view .LVU125
 198:Drivers/STM32F7xx_HAL_Driver/Src/stm32f7xx_hal_tim_ex.c ****   htim->Instance->SMCR |= TIM_TS_TI1F_ED;
 386              		.loc 1 198 7 is_stmt 0 view .LVU126
 387 004e 2268     		ldr	r2, [r4]
 198:Drivers/STM32F7xx_HAL_Driver/Src/stm32f7xx_hal_tim_ex.c ****   htim->Instance->SMCR |= TIM_TS_TI1F_ED;
 388              		.loc 1 198 17 view .LVU127
 389 0050 9368     		ldr	r3, [r2, #8]
 198:Drivers/STM32F7xx_HAL_Driver/Src/stm32f7xx_hal_tim_ex.c ****   htim->Instance->SMCR |= TIM_TS_TI1F_ED;
 390              		.loc 1 198 24 view .LVU128
 391 0052 23F07003 		bic	r3, r3, #112
 392 0056 9360     		str	r3, [r2, #8]
 199:Drivers/STM32F7xx_HAL_Driver/Src/stm32f7xx_hal_tim_ex.c **** 
 393              		.loc 1 199 3 is_stmt 1 view .LVU129
 199:Drivers/STM32F7xx_HAL_Driver/Src/stm32f7xx_hal_tim_ex.c **** 
 394              		.loc 1 199 7 is_stmt 0 view .LVU130
 395 0058 2268     		ldr	r2, [r4]
 199:Drivers/STM32F7xx_HAL_Driver/Src/stm32f7xx_hal_tim_ex.c **** 
 396              		.loc 1 199 17 view .LVU131
 397 005a 9368     		ldr	r3, [r2, #8]
 199:Drivers/STM32F7xx_HAL_Driver/Src/stm32f7xx_hal_tim_ex.c **** 
 398              		.loc 1 199 24 view .LVU132
 399 005c 43F04003 		orr	r3, r3, #64
 400 0060 9360     		str	r3, [r2, #8]
 202:Drivers/STM32F7xx_HAL_Driver/Src/stm32f7xx_hal_tim_ex.c ****   htim->Instance->SMCR |= TIM_SLAVEMODE_RESET;
 401              		.loc 1 202 3 is_stmt 1 view .LVU133
 202:Drivers/STM32F7xx_HAL_Driver/Src/stm32f7xx_hal_tim_ex.c ****   htim->Instance->SMCR |= TIM_SLAVEMODE_RESET;
 402              		.loc 1 202 7 is_stmt 0 view .LVU134
 403 0062 2268     		ldr	r2, [r4]
 202:Drivers/STM32F7xx_HAL_Driver/Src/stm32f7xx_hal_tim_ex.c ****   htim->Instance->SMCR |= TIM_SLAVEMODE_RESET;
 404              		.loc 1 202 17 view .LVU135
 405 0064 9168     		ldr	r1, [r2, #8]
 202:Drivers/STM32F7xx_HAL_Driver/Src/stm32f7xx_hal_tim_ex.c ****   htim->Instance->SMCR |= TIM_SLAVEMODE_RESET;
 406              		.loc 1 202 24 view .LVU136
 407 0066 1B4B     		ldr	r3, .L30
 408 0068 0B40     		ands	r3, r3, r1
 409 006a 9360     		str	r3, [r2, #8]
 203:Drivers/STM32F7xx_HAL_Driver/Src/stm32f7xx_hal_tim_ex.c **** 
 410              		.loc 1 203 3 is_stmt 1 view .LVU137
 203:Drivers/STM32F7xx_HAL_Driver/Src/stm32f7xx_hal_tim_ex.c **** 
 411              		.loc 1 203 7 is_stmt 0 view .LVU138
 412 006c 2268     		ldr	r2, [r4]
 203:Drivers/STM32F7xx_HAL_Driver/Src/stm32f7xx_hal_tim_ex.c **** 
 413              		.loc 1 203 17 view .LVU139
 414 006e 9368     		ldr	r3, [r2, #8]
 203:Drivers/STM32F7xx_HAL_Driver/Src/stm32f7xx_hal_tim_ex.c **** 
 415              		.loc 1 203 24 view .LVU140
 416 0070 43F00403 		orr	r3, r3, #4
 417 0074 9360     		str	r3, [r2, #8]
 206:Drivers/STM32F7xx_HAL_Driver/Src/stm32f7xx_hal_tim_ex.c ****   OC_Config.OCIdleState = TIM_OCIDLESTATE_RESET;
 418              		.loc 1 206 3 is_stmt 1 view .LVU141
ARM GAS  /tmp/ccJkDeps.s 			page 56


 206:Drivers/STM32F7xx_HAL_Driver/Src/stm32f7xx_hal_tim_ex.c ****   OC_Config.OCIdleState = TIM_OCIDLESTATE_RESET;
 419              		.loc 1 206 24 is_stmt 0 view .LVU142
 420 0076 0025     		movs	r5, #0
 421 0078 0595     		str	r5, [sp, #20]
 207:Drivers/STM32F7xx_HAL_Driver/Src/stm32f7xx_hal_tim_ex.c ****   OC_Config.OCMode = TIM_OCMODE_PWM2;
 422              		.loc 1 207 3 is_stmt 1 view .LVU143
 207:Drivers/STM32F7xx_HAL_Driver/Src/stm32f7xx_hal_tim_ex.c ****   OC_Config.OCMode = TIM_OCMODE_PWM2;
 423              		.loc 1 207 25 is_stmt 0 view .LVU144
 424 007a 0695     		str	r5, [sp, #24]
 208:Drivers/STM32F7xx_HAL_Driver/Src/stm32f7xx_hal_tim_ex.c ****   OC_Config.OCNIdleState = TIM_OCNIDLESTATE_RESET;
 425              		.loc 1 208 3 is_stmt 1 view .LVU145
 208:Drivers/STM32F7xx_HAL_Driver/Src/stm32f7xx_hal_tim_ex.c ****   OC_Config.OCNIdleState = TIM_OCNIDLESTATE_RESET;
 426              		.loc 1 208 20 is_stmt 0 view .LVU146
 427 007c 7023     		movs	r3, #112
 428 007e 0193     		str	r3, [sp, #4]
 209:Drivers/STM32F7xx_HAL_Driver/Src/stm32f7xx_hal_tim_ex.c ****   OC_Config.OCNPolarity = TIM_OCNPOLARITY_HIGH;
 429              		.loc 1 209 3 is_stmt 1 view .LVU147
 209:Drivers/STM32F7xx_HAL_Driver/Src/stm32f7xx_hal_tim_ex.c ****   OC_Config.OCNPolarity = TIM_OCNPOLARITY_HIGH;
 430              		.loc 1 209 26 is_stmt 0 view .LVU148
 431 0080 0795     		str	r5, [sp, #28]
 210:Drivers/STM32F7xx_HAL_Driver/Src/stm32f7xx_hal_tim_ex.c ****   OC_Config.OCPolarity = TIM_OCPOLARITY_HIGH;
 432              		.loc 1 210 3 is_stmt 1 view .LVU149
 210:Drivers/STM32F7xx_HAL_Driver/Src/stm32f7xx_hal_tim_ex.c ****   OC_Config.OCPolarity = TIM_OCPOLARITY_HIGH;
 433              		.loc 1 210 25 is_stmt 0 view .LVU150
 434 0082 0495     		str	r5, [sp, #16]
 211:Drivers/STM32F7xx_HAL_Driver/Src/stm32f7xx_hal_tim_ex.c ****   OC_Config.Pulse = sConfig->Commutation_Delay;
 435              		.loc 1 211 3 is_stmt 1 view .LVU151
 211:Drivers/STM32F7xx_HAL_Driver/Src/stm32f7xx_hal_tim_ex.c ****   OC_Config.Pulse = sConfig->Commutation_Delay;
 436              		.loc 1 211 24 is_stmt 0 view .LVU152
 437 0084 0395     		str	r5, [sp, #12]
 212:Drivers/STM32F7xx_HAL_Driver/Src/stm32f7xx_hal_tim_ex.c **** 
 438              		.loc 1 212 3 is_stmt 1 view .LVU153
 212:Drivers/STM32F7xx_HAL_Driver/Src/stm32f7xx_hal_tim_ex.c **** 
 439              		.loc 1 212 28 is_stmt 0 view .LVU154
 440 0086 F368     		ldr	r3, [r6, #12]
 212:Drivers/STM32F7xx_HAL_Driver/Src/stm32f7xx_hal_tim_ex.c **** 
 441              		.loc 1 212 19 view .LVU155
 442 0088 0293     		str	r3, [sp, #8]
 214:Drivers/STM32F7xx_HAL_Driver/Src/stm32f7xx_hal_tim_ex.c **** 
 443              		.loc 1 214 3 is_stmt 1 view .LVU156
 444 008a 01A9     		add	r1, sp, #4
 445 008c 2068     		ldr	r0, [r4]
 446 008e FFF7FEFF 		bl	TIM_OC2_SetConfig
 447              	.LVL19:
 218:Drivers/STM32F7xx_HAL_Driver/Src/stm32f7xx_hal_tim_ex.c ****   htim->Instance->CR2 |= TIM_TRGO_OC2REF;
 448              		.loc 1 218 3 view .LVU157
 218:Drivers/STM32F7xx_HAL_Driver/Src/stm32f7xx_hal_tim_ex.c ****   htim->Instance->CR2 |= TIM_TRGO_OC2REF;
 449              		.loc 1 218 7 is_stmt 0 view .LVU158
 450 0092 2268     		ldr	r2, [r4]
 218:Drivers/STM32F7xx_HAL_Driver/Src/stm32f7xx_hal_tim_ex.c ****   htim->Instance->CR2 |= TIM_TRGO_OC2REF;
 451              		.loc 1 218 17 view .LVU159
 452 0094 5368     		ldr	r3, [r2, #4]
 218:Drivers/STM32F7xx_HAL_Driver/Src/stm32f7xx_hal_tim_ex.c ****   htim->Instance->CR2 |= TIM_TRGO_OC2REF;
 453              		.loc 1 218 23 view .LVU160
 454 0096 23F07003 		bic	r3, r3, #112
 455 009a 5360     		str	r3, [r2, #4]
 219:Drivers/STM32F7xx_HAL_Driver/Src/stm32f7xx_hal_tim_ex.c **** 
ARM GAS  /tmp/ccJkDeps.s 			page 57


 456              		.loc 1 219 3 is_stmt 1 view .LVU161
 219:Drivers/STM32F7xx_HAL_Driver/Src/stm32f7xx_hal_tim_ex.c **** 
 457              		.loc 1 219 7 is_stmt 0 view .LVU162
 458 009c 2268     		ldr	r2, [r4]
 219:Drivers/STM32F7xx_HAL_Driver/Src/stm32f7xx_hal_tim_ex.c **** 
 459              		.loc 1 219 17 view .LVU163
 460 009e 5368     		ldr	r3, [r2, #4]
 219:Drivers/STM32F7xx_HAL_Driver/Src/stm32f7xx_hal_tim_ex.c **** 
 461              		.loc 1 219 23 view .LVU164
 462 00a0 43F05003 		orr	r3, r3, #80
 463 00a4 5360     		str	r3, [r2, #4]
 222:Drivers/STM32F7xx_HAL_Driver/Src/stm32f7xx_hal_tim_ex.c **** 
 464              		.loc 1 222 3 is_stmt 1 view .LVU165
 222:Drivers/STM32F7xx_HAL_Driver/Src/stm32f7xx_hal_tim_ex.c **** 
 465              		.loc 1 222 23 is_stmt 0 view .LVU166
 466 00a6 0123     		movs	r3, #1
 467 00a8 84F84830 		strb	r3, [r4, #72]
 225:Drivers/STM32F7xx_HAL_Driver/Src/stm32f7xx_hal_tim_ex.c ****   TIM_CHANNEL_STATE_SET(htim, TIM_CHANNEL_2, HAL_TIM_CHANNEL_STATE_READY);
 468              		.loc 1 225 3 is_stmt 1 view .LVU167
 469 00ac 84F83E30 		strb	r3, [r4, #62]
 226:Drivers/STM32F7xx_HAL_Driver/Src/stm32f7xx_hal_tim_ex.c ****   TIM_CHANNEL_N_STATE_SET(htim, TIM_CHANNEL_1, HAL_TIM_CHANNEL_STATE_READY);
 470              		.loc 1 226 3 view .LVU168
 471 00b0 84F83F30 		strb	r3, [r4, #63]
 227:Drivers/STM32F7xx_HAL_Driver/Src/stm32f7xx_hal_tim_ex.c ****   TIM_CHANNEL_N_STATE_SET(htim, TIM_CHANNEL_2, HAL_TIM_CHANNEL_STATE_READY);
 472              		.loc 1 227 3 view .LVU169
 473 00b4 84F84430 		strb	r3, [r4, #68]
 228:Drivers/STM32F7xx_HAL_Driver/Src/stm32f7xx_hal_tim_ex.c **** 
 474              		.loc 1 228 3 view .LVU170
 475 00b8 84F84530 		strb	r3, [r4, #69]
 231:Drivers/STM32F7xx_HAL_Driver/Src/stm32f7xx_hal_tim_ex.c **** 
 476              		.loc 1 231 3 view .LVU171
 231:Drivers/STM32F7xx_HAL_Driver/Src/stm32f7xx_hal_tim_ex.c **** 
 477              		.loc 1 231 15 is_stmt 0 view .LVU172
 478 00bc 84F83D30 		strb	r3, [r4, #61]
 233:Drivers/STM32F7xx_HAL_Driver/Src/stm32f7xx_hal_tim_ex.c **** }
 479              		.loc 1 233 3 is_stmt 1 view .LVU173
 233:Drivers/STM32F7xx_HAL_Driver/Src/stm32f7xx_hal_tim_ex.c **** }
 480              		.loc 1 233 10 is_stmt 0 view .LVU174
 481 00c0 2846     		mov	r0, r5
 234:Drivers/STM32F7xx_HAL_Driver/Src/stm32f7xx_hal_tim_ex.c **** 
 482              		.loc 1 234 1 view .LVU175
 483 00c2 08B0     		add	sp, sp, #32
 484              	.LCFI4:
 485              		.cfi_remember_state
 486              		.cfi_def_cfa_offset 16
 487              		@ sp needed
 488 00c4 70BD     		pop	{r4, r5, r6, pc}
 489              	.LVL20:
 490              	.L29:
 491              	.LCFI5:
 492              		.cfi_restore_state
 162:Drivers/STM32F7xx_HAL_Driver/Src/stm32f7xx_hal_tim_ex.c **** 
 493              		.loc 1 162 5 is_stmt 1 view .LVU176
 162:Drivers/STM32F7xx_HAL_Driver/Src/stm32f7xx_hal_tim_ex.c **** 
 494              		.loc 1 162 16 is_stmt 0 view .LVU177
 495 00c6 80F83C30 		strb	r3, [r0, #60]
 176:Drivers/STM32F7xx_HAL_Driver/Src/stm32f7xx_hal_tim_ex.c **** #endif /* USE_HAL_TIM_REGISTER_CALLBACKS */
ARM GAS  /tmp/ccJkDeps.s 			page 58


 496              		.loc 1 176 5 is_stmt 1 view .LVU178
 497 00ca FFF7FEFF 		bl	HAL_TIMEx_HallSensor_MspInit
 498              	.LVL21:
 176:Drivers/STM32F7xx_HAL_Driver/Src/stm32f7xx_hal_tim_ex.c **** #endif /* USE_HAL_TIM_REGISTER_CALLBACKS */
 499              		.loc 1 176 5 is_stmt 0 view .LVU179
 500 00ce A1E7     		b	.L23
 501              	.LVL22:
 502              	.L24:
 503              	.LCFI6:
 504              		.cfi_def_cfa_offset 0
 505              		.cfi_restore 4
 506              		.cfi_restore 5
 507              		.cfi_restore 6
 508              		.cfi_restore 14
 146:Drivers/STM32F7xx_HAL_Driver/Src/stm32f7xx_hal_tim_ex.c ****   }
 509              		.loc 1 146 12 view .LVU180
 510 00d0 0120     		movs	r0, #1
 511              	.LVL23:
 234:Drivers/STM32F7xx_HAL_Driver/Src/stm32f7xx_hal_tim_ex.c **** 
 512              		.loc 1 234 1 view .LVU181
 513 00d2 7047     		bx	lr
 514              	.L31:
 515              		.align	2
 516              	.L30:
 517 00d4 F8FFFEFF 		.word	-65544
 518              		.cfi_endproc
 519              	.LFE141:
 521              		.section	.text.HAL_TIMEx_HallSensor_MspDeInit,"ax",%progbits
 522              		.align	1
 523              		.weak	HAL_TIMEx_HallSensor_MspDeInit
 524              		.syntax unified
 525              		.thumb
 526              		.thumb_func
 528              	HAL_TIMEx_HallSensor_MspDeInit:
 529              	.LVL24:
 530              	.LFB144:
 302:Drivers/STM32F7xx_HAL_Driver/Src/stm32f7xx_hal_tim_ex.c ****   /* Prevent unused argument(s) compilation warning */
 531              		.loc 1 302 1 is_stmt 1 view -0
 532              		.cfi_startproc
 533              		@ args = 0, pretend = 0, frame = 0
 534              		@ frame_needed = 0, uses_anonymous_args = 0
 535              		@ link register save eliminated.
 304:Drivers/STM32F7xx_HAL_Driver/Src/stm32f7xx_hal_tim_ex.c **** 
 536              		.loc 1 304 3 view .LVU183
 309:Drivers/STM32F7xx_HAL_Driver/Src/stm32f7xx_hal_tim_ex.c **** 
 537              		.loc 1 309 1 is_stmt 0 view .LVU184
 538 0000 7047     		bx	lr
 539              		.cfi_endproc
 540              	.LFE144:
 542              		.section	.text.HAL_TIMEx_HallSensor_DeInit,"ax",%progbits
 543              		.align	1
 544              		.global	HAL_TIMEx_HallSensor_DeInit
 545              		.syntax unified
 546              		.thumb
 547              		.thumb_func
 549              	HAL_TIMEx_HallSensor_DeInit:
 550              	.LVL25:
ARM GAS  /tmp/ccJkDeps.s 			page 59


 551              	.LFB142:
 242:Drivers/STM32F7xx_HAL_Driver/Src/stm32f7xx_hal_tim_ex.c ****   /* Check the parameters */
 552              		.loc 1 242 1 is_stmt 1 view -0
 553              		.cfi_startproc
 554              		@ args = 0, pretend = 0, frame = 0
 555              		@ frame_needed = 0, uses_anonymous_args = 0
 242:Drivers/STM32F7xx_HAL_Driver/Src/stm32f7xx_hal_tim_ex.c ****   /* Check the parameters */
 556              		.loc 1 242 1 is_stmt 0 view .LVU186
 557 0000 10B5     		push	{r4, lr}
 558              	.LCFI7:
 559              		.cfi_def_cfa_offset 8
 560              		.cfi_offset 4, -8
 561              		.cfi_offset 14, -4
 562 0002 0446     		mov	r4, r0
 244:Drivers/STM32F7xx_HAL_Driver/Src/stm32f7xx_hal_tim_ex.c **** 
 563              		.loc 1 244 3 is_stmt 1 view .LVU187
 246:Drivers/STM32F7xx_HAL_Driver/Src/stm32f7xx_hal_tim_ex.c **** 
 564              		.loc 1 246 3 view .LVU188
 246:Drivers/STM32F7xx_HAL_Driver/Src/stm32f7xx_hal_tim_ex.c **** 
 565              		.loc 1 246 15 is_stmt 0 view .LVU189
 566 0004 0223     		movs	r3, #2
 567 0006 80F83D30 		strb	r3, [r0, #61]
 249:Drivers/STM32F7xx_HAL_Driver/Src/stm32f7xx_hal_tim_ex.c **** 
 568              		.loc 1 249 3 is_stmt 1 view .LVU190
 249:Drivers/STM32F7xx_HAL_Driver/Src/stm32f7xx_hal_tim_ex.c **** 
 569              		.loc 1 249 3 view .LVU191
 570 000a 0368     		ldr	r3, [r0]
 571 000c 196A     		ldr	r1, [r3, #32]
 572 000e 41F21112 		movw	r2, #4369
 573 0012 1142     		tst	r1, r2
 574 0014 08D1     		bne	.L34
 249:Drivers/STM32F7xx_HAL_Driver/Src/stm32f7xx_hal_tim_ex.c **** 
 575              		.loc 1 249 3 discriminator 1 view .LVU192
 576 0016 196A     		ldr	r1, [r3, #32]
 577 0018 40F24442 		movw	r2, #1092
 578 001c 1142     		tst	r1, r2
 579 001e 03D1     		bne	.L34
 249:Drivers/STM32F7xx_HAL_Driver/Src/stm32f7xx_hal_tim_ex.c **** 
 580              		.loc 1 249 3 discriminator 3 view .LVU193
 581 0020 1A68     		ldr	r2, [r3]
 582 0022 22F00102 		bic	r2, r2, #1
 583 0026 1A60     		str	r2, [r3]
 584              	.L34:
 249:Drivers/STM32F7xx_HAL_Driver/Src/stm32f7xx_hal_tim_ex.c **** 
 585              		.loc 1 249 3 discriminator 5 view .LVU194
 260:Drivers/STM32F7xx_HAL_Driver/Src/stm32f7xx_hal_tim_ex.c **** #endif /* USE_HAL_TIM_REGISTER_CALLBACKS */
 586              		.loc 1 260 3 discriminator 5 view .LVU195
 587 0028 2046     		mov	r0, r4
 588              	.LVL26:
 260:Drivers/STM32F7xx_HAL_Driver/Src/stm32f7xx_hal_tim_ex.c **** #endif /* USE_HAL_TIM_REGISTER_CALLBACKS */
 589              		.loc 1 260 3 is_stmt 0 discriminator 5 view .LVU196
 590 002a FFF7FEFF 		bl	HAL_TIMEx_HallSensor_MspDeInit
 591              	.LVL27:
 264:Drivers/STM32F7xx_HAL_Driver/Src/stm32f7xx_hal_tim_ex.c **** 
 592              		.loc 1 264 3 is_stmt 1 discriminator 5 view .LVU197
 264:Drivers/STM32F7xx_HAL_Driver/Src/stm32f7xx_hal_tim_ex.c **** 
 593              		.loc 1 264 23 is_stmt 0 discriminator 5 view .LVU198
ARM GAS  /tmp/ccJkDeps.s 			page 60


 594 002e 0020     		movs	r0, #0
 595 0030 84F84800 		strb	r0, [r4, #72]
 267:Drivers/STM32F7xx_HAL_Driver/Src/stm32f7xx_hal_tim_ex.c ****   TIM_CHANNEL_STATE_SET(htim, TIM_CHANNEL_2, HAL_TIM_CHANNEL_STATE_RESET);
 596              		.loc 1 267 3 is_stmt 1 discriminator 5 view .LVU199
 597 0034 84F83E00 		strb	r0, [r4, #62]
 268:Drivers/STM32F7xx_HAL_Driver/Src/stm32f7xx_hal_tim_ex.c ****   TIM_CHANNEL_N_STATE_SET(htim, TIM_CHANNEL_1, HAL_TIM_CHANNEL_STATE_RESET);
 598              		.loc 1 268 3 discriminator 5 view .LVU200
 599 0038 84F83F00 		strb	r0, [r4, #63]
 269:Drivers/STM32F7xx_HAL_Driver/Src/stm32f7xx_hal_tim_ex.c ****   TIM_CHANNEL_N_STATE_SET(htim, TIM_CHANNEL_2, HAL_TIM_CHANNEL_STATE_RESET);
 600              		.loc 1 269 3 discriminator 5 view .LVU201
 601 003c 84F84400 		strb	r0, [r4, #68]
 270:Drivers/STM32F7xx_HAL_Driver/Src/stm32f7xx_hal_tim_ex.c **** 
 602              		.loc 1 270 3 discriminator 5 view .LVU202
 603 0040 84F84500 		strb	r0, [r4, #69]
 273:Drivers/STM32F7xx_HAL_Driver/Src/stm32f7xx_hal_tim_ex.c **** 
 604              		.loc 1 273 3 discriminator 5 view .LVU203
 273:Drivers/STM32F7xx_HAL_Driver/Src/stm32f7xx_hal_tim_ex.c **** 
 605              		.loc 1 273 15 is_stmt 0 discriminator 5 view .LVU204
 606 0044 84F83D00 		strb	r0, [r4, #61]
 276:Drivers/STM32F7xx_HAL_Driver/Src/stm32f7xx_hal_tim_ex.c **** 
 607              		.loc 1 276 3 is_stmt 1 discriminator 5 view .LVU205
 276:Drivers/STM32F7xx_HAL_Driver/Src/stm32f7xx_hal_tim_ex.c **** 
 608              		.loc 1 276 3 discriminator 5 view .LVU206
 609 0048 84F83C00 		strb	r0, [r4, #60]
 276:Drivers/STM32F7xx_HAL_Driver/Src/stm32f7xx_hal_tim_ex.c **** 
 610              		.loc 1 276 3 discriminator 5 view .LVU207
 278:Drivers/STM32F7xx_HAL_Driver/Src/stm32f7xx_hal_tim_ex.c **** }
 611              		.loc 1 278 3 discriminator 5 view .LVU208
 279:Drivers/STM32F7xx_HAL_Driver/Src/stm32f7xx_hal_tim_ex.c **** 
 612              		.loc 1 279 1 is_stmt 0 discriminator 5 view .LVU209
 613 004c 10BD     		pop	{r4, pc}
 279:Drivers/STM32F7xx_HAL_Driver/Src/stm32f7xx_hal_tim_ex.c **** 
 614              		.loc 1 279 1 discriminator 5 view .LVU210
 615              		.cfi_endproc
 616              	.LFE142:
 618              		.section	.text.HAL_TIMEx_HallSensor_Start,"ax",%progbits
 619              		.align	1
 620              		.global	HAL_TIMEx_HallSensor_Start
 621              		.syntax unified
 622              		.thumb
 623              		.thumb_func
 625              	HAL_TIMEx_HallSensor_Start:
 626              	.LVL28:
 627              	.LFB145:
 317:Drivers/STM32F7xx_HAL_Driver/Src/stm32f7xx_hal_tim_ex.c ****   uint32_t tmpsmcr;
 628              		.loc 1 317 1 is_stmt 1 view -0
 629              		.cfi_startproc
 630              		@ args = 0, pretend = 0, frame = 0
 631              		@ frame_needed = 0, uses_anonymous_args = 0
 317:Drivers/STM32F7xx_HAL_Driver/Src/stm32f7xx_hal_tim_ex.c ****   uint32_t tmpsmcr;
 632              		.loc 1 317 1 is_stmt 0 view .LVU212
 633 0000 10B5     		push	{r4, lr}
 634              	.LCFI8:
 635              		.cfi_def_cfa_offset 8
 636              		.cfi_offset 4, -8
 637              		.cfi_offset 14, -4
 638 0002 0446     		mov	r4, r0
ARM GAS  /tmp/ccJkDeps.s 			page 61


 318:Drivers/STM32F7xx_HAL_Driver/Src/stm32f7xx_hal_tim_ex.c ****   HAL_TIM_ChannelStateTypeDef channel_1_state = TIM_CHANNEL_STATE_GET(htim, TIM_CHANNEL_1);
 639              		.loc 1 318 3 is_stmt 1 view .LVU213
 319:Drivers/STM32F7xx_HAL_Driver/Src/stm32f7xx_hal_tim_ex.c ****   HAL_TIM_ChannelStateTypeDef channel_2_state = TIM_CHANNEL_STATE_GET(htim, TIM_CHANNEL_2);
 640              		.loc 1 319 3 view .LVU214
 319:Drivers/STM32F7xx_HAL_Driver/Src/stm32f7xx_hal_tim_ex.c ****   HAL_TIM_ChannelStateTypeDef channel_2_state = TIM_CHANNEL_STATE_GET(htim, TIM_CHANNEL_2);
 641              		.loc 1 319 31 is_stmt 0 view .LVU215
 642 0004 90F83E10 		ldrb	r1, [r0, #62]	@ zero_extendqisi2
 643 0008 C9B2     		uxtb	r1, r1
 644              	.LVL29:
 320:Drivers/STM32F7xx_HAL_Driver/Src/stm32f7xx_hal_tim_ex.c ****   HAL_TIM_ChannelStateTypeDef complementary_channel_1_state = TIM_CHANNEL_N_STATE_GET(htim, TIM_CHA
 645              		.loc 1 320 3 is_stmt 1 view .LVU216
 320:Drivers/STM32F7xx_HAL_Driver/Src/stm32f7xx_hal_tim_ex.c ****   HAL_TIM_ChannelStateTypeDef complementary_channel_1_state = TIM_CHANNEL_N_STATE_GET(htim, TIM_CHA
 646              		.loc 1 320 31 is_stmt 0 view .LVU217
 647 000a 90F83F20 		ldrb	r2, [r0, #63]	@ zero_extendqisi2
 648 000e D2B2     		uxtb	r2, r2
 649              	.LVL30:
 321:Drivers/STM32F7xx_HAL_Driver/Src/stm32f7xx_hal_tim_ex.c ****   HAL_TIM_ChannelStateTypeDef complementary_channel_2_state = TIM_CHANNEL_N_STATE_GET(htim, TIM_CHA
 650              		.loc 1 321 3 is_stmt 1 view .LVU218
 321:Drivers/STM32F7xx_HAL_Driver/Src/stm32f7xx_hal_tim_ex.c ****   HAL_TIM_ChannelStateTypeDef complementary_channel_2_state = TIM_CHANNEL_N_STATE_GET(htim, TIM_CHA
 651              		.loc 1 321 31 is_stmt 0 view .LVU219
 652 0010 90F84430 		ldrb	r3, [r0, #68]	@ zero_extendqisi2
 653 0014 D8B2     		uxtb	r0, r3
 654              	.LVL31:
 322:Drivers/STM32F7xx_HAL_Driver/Src/stm32f7xx_hal_tim_ex.c **** 
 655              		.loc 1 322 3 is_stmt 1 view .LVU220
 322:Drivers/STM32F7xx_HAL_Driver/Src/stm32f7xx_hal_tim_ex.c **** 
 656              		.loc 1 322 31 is_stmt 0 view .LVU221
 657 0016 94F84530 		ldrb	r3, [r4, #69]	@ zero_extendqisi2
 658              	.LVL32:
 325:Drivers/STM32F7xx_HAL_Driver/Src/stm32f7xx_hal_tim_ex.c **** 
 659              		.loc 1 325 3 is_stmt 1 view .LVU222
 328:Drivers/STM32F7xx_HAL_Driver/Src/stm32f7xx_hal_tim_ex.c ****       || (channel_2_state != HAL_TIM_CHANNEL_STATE_READY)
 660              		.loc 1 328 3 view .LVU223
 328:Drivers/STM32F7xx_HAL_Driver/Src/stm32f7xx_hal_tim_ex.c ****       || (channel_2_state != HAL_TIM_CHANNEL_STATE_READY)
 661              		.loc 1 328 6 is_stmt 0 view .LVU224
 662 001a 012A     		cmp	r2, #1
 663 001c 08BF     		it	eq
 664 001e 0129     		cmpeq	r1, #1
 665 0020 48D1     		bne	.L40
 666 0022 DBB2     		uxtb	r3, r3
 331:Drivers/STM32F7xx_HAL_Driver/Src/stm32f7xx_hal_tim_ex.c ****   {
 667              		.loc 1 331 41 view .LVU225
 668 0024 013B     		subs	r3, r3, #1
 669              	.LVL33:
 331:Drivers/STM32F7xx_HAL_Driver/Src/stm32f7xx_hal_tim_ex.c ****   {
 670              		.loc 1 331 41 view .LVU226
 671 0026 18BF     		it	ne
 672 0028 0123     		movne	r3, #1
 673              	.LVL34:
 331:Drivers/STM32F7xx_HAL_Driver/Src/stm32f7xx_hal_tim_ex.c ****   {
 674              		.loc 1 331 7 view .LVU227
 675 002a 0128     		cmp	r0, #1
 676 002c 44D1     		bne	.L41
 677 002e 002B     		cmp	r3, #0
 678 0030 42D1     		bne	.L41
 337:Drivers/STM32F7xx_HAL_Driver/Src/stm32f7xx_hal_tim_ex.c ****   TIM_CHANNEL_STATE_SET(htim, TIM_CHANNEL_2, HAL_TIM_CHANNEL_STATE_BUSY);
 679              		.loc 1 337 3 is_stmt 1 view .LVU228
ARM GAS  /tmp/ccJkDeps.s 			page 62


 680 0032 0223     		movs	r3, #2
 681 0034 84F83E30 		strb	r3, [r4, #62]
 338:Drivers/STM32F7xx_HAL_Driver/Src/stm32f7xx_hal_tim_ex.c ****   TIM_CHANNEL_N_STATE_SET(htim, TIM_CHANNEL_1, HAL_TIM_CHANNEL_STATE_BUSY);
 682              		.loc 1 338 3 view .LVU229
 683 0038 84F83F30 		strb	r3, [r4, #63]
 339:Drivers/STM32F7xx_HAL_Driver/Src/stm32f7xx_hal_tim_ex.c ****   TIM_CHANNEL_N_STATE_SET(htim, TIM_CHANNEL_2, HAL_TIM_CHANNEL_STATE_BUSY);
 684              		.loc 1 339 3 view .LVU230
 685 003c 84F84430 		strb	r3, [r4, #68]
 340:Drivers/STM32F7xx_HAL_Driver/Src/stm32f7xx_hal_tim_ex.c **** 
 686              		.loc 1 340 3 view .LVU231
 687 0040 84F84530 		strb	r3, [r4, #69]
 345:Drivers/STM32F7xx_HAL_Driver/Src/stm32f7xx_hal_tim_ex.c **** 
 688              		.loc 1 345 3 view .LVU232
 689 0044 0122     		movs	r2, #1
 690              	.LVL35:
 345:Drivers/STM32F7xx_HAL_Driver/Src/stm32f7xx_hal_tim_ex.c **** 
 691              		.loc 1 345 3 is_stmt 0 view .LVU233
 692 0046 0021     		movs	r1, #0
 693              	.LVL36:
 345:Drivers/STM32F7xx_HAL_Driver/Src/stm32f7xx_hal_tim_ex.c **** 
 694              		.loc 1 345 3 view .LVU234
 695 0048 2068     		ldr	r0, [r4]
 696              	.LVL37:
 345:Drivers/STM32F7xx_HAL_Driver/Src/stm32f7xx_hal_tim_ex.c **** 
 697              		.loc 1 345 3 view .LVU235
 698 004a FFF7FEFF 		bl	TIM_CCxChannelCmd
 699              	.LVL38:
 348:Drivers/STM32F7xx_HAL_Driver/Src/stm32f7xx_hal_tim_ex.c ****   {
 700              		.loc 1 348 3 is_stmt 1 view .LVU236
 348:Drivers/STM32F7xx_HAL_Driver/Src/stm32f7xx_hal_tim_ex.c ****   {
 701              		.loc 1 348 7 is_stmt 0 view .LVU237
 702 004e 2368     		ldr	r3, [r4]
 348:Drivers/STM32F7xx_HAL_Driver/Src/stm32f7xx_hal_tim_ex.c ****   {
 703              		.loc 1 348 6 view .LVU238
 704 0050 1B4A     		ldr	r2, .L44
 705 0052 B3F1804F 		cmp	r3, #1073741824
 706 0056 18BF     		it	ne
 707 0058 9342     		cmpne	r3, r2
 708 005a 1DD0     		beq	.L38
 348:Drivers/STM32F7xx_HAL_Driver/Src/stm32f7xx_hal_tim_ex.c ****   {
 709              		.loc 1 348 7 discriminator 1 view .LVU239
 710 005c A2F57C42 		sub	r2, r2, #64512
 711 0060 9342     		cmp	r3, r2
 712 0062 19D0     		beq	.L38
 348:Drivers/STM32F7xx_HAL_Driver/Src/stm32f7xx_hal_tim_ex.c ****   {
 713              		.loc 1 348 7 discriminator 2 view .LVU240
 714 0064 02F58062 		add	r2, r2, #1024
 715 0068 9342     		cmp	r3, r2
 716 006a 15D0     		beq	.L38
 348:Drivers/STM32F7xx_HAL_Driver/Src/stm32f7xx_hal_tim_ex.c ****   {
 717              		.loc 1 348 7 discriminator 3 view .LVU241
 718 006c 02F58062 		add	r2, r2, #1024
 719 0070 9342     		cmp	r3, r2
 720 0072 11D0     		beq	.L38
 348:Drivers/STM32F7xx_HAL_Driver/Src/stm32f7xx_hal_tim_ex.c ****   {
 721              		.loc 1 348 7 discriminator 4 view .LVU242
 722 0074 02F57842 		add	r2, r2, #63488
ARM GAS  /tmp/ccJkDeps.s 			page 63


 723 0078 9342     		cmp	r3, r2
 724 007a 0DD0     		beq	.L38
 348:Drivers/STM32F7xx_HAL_Driver/Src/stm32f7xx_hal_tim_ex.c ****   {
 725              		.loc 1 348 7 discriminator 5 view .LVU243
 726 007c 02F57052 		add	r2, r2, #15360
 727 0080 9342     		cmp	r3, r2
 728 0082 09D0     		beq	.L38
 348:Drivers/STM32F7xx_HAL_Driver/Src/stm32f7xx_hal_tim_ex.c ****   {
 729              		.loc 1 348 7 discriminator 6 view .LVU244
 730 0084 A2F59432 		sub	r2, r2, #75776
 731 0088 9342     		cmp	r3, r2
 732 008a 05D0     		beq	.L38
 358:Drivers/STM32F7xx_HAL_Driver/Src/stm32f7xx_hal_tim_ex.c ****   }
 733              		.loc 1 358 5 is_stmt 1 view .LVU245
 734 008c 1A68     		ldr	r2, [r3]
 735 008e 42F00102 		orr	r2, r2, #1
 736 0092 1A60     		str	r2, [r3]
 362:Drivers/STM32F7xx_HAL_Driver/Src/stm32f7xx_hal_tim_ex.c **** }
 737              		.loc 1 362 10 is_stmt 0 view .LVU246
 738 0094 0020     		movs	r0, #0
 739 0096 0EE0     		b	.L37
 740              	.L38:
 350:Drivers/STM32F7xx_HAL_Driver/Src/stm32f7xx_hal_tim_ex.c ****     if (!IS_TIM_SLAVEMODE_TRIGGER_ENABLED(tmpsmcr))
 741              		.loc 1 350 5 is_stmt 1 view .LVU247
 350:Drivers/STM32F7xx_HAL_Driver/Src/stm32f7xx_hal_tim_ex.c ****     if (!IS_TIM_SLAVEMODE_TRIGGER_ENABLED(tmpsmcr))
 742              		.loc 1 350 29 is_stmt 0 view .LVU248
 743 0098 9968     		ldr	r1, [r3, #8]
 350:Drivers/STM32F7xx_HAL_Driver/Src/stm32f7xx_hal_tim_ex.c ****     if (!IS_TIM_SLAVEMODE_TRIGGER_ENABLED(tmpsmcr))
 744              		.loc 1 350 13 view .LVU249
 745 009a 0A4A     		ldr	r2, .L44+4
 746 009c 0A40     		ands	r2, r2, r1
 747              	.LVL39:
 351:Drivers/STM32F7xx_HAL_Driver/Src/stm32f7xx_hal_tim_ex.c ****     {
 748              		.loc 1 351 5 is_stmt 1 view .LVU250
 351:Drivers/STM32F7xx_HAL_Driver/Src/stm32f7xx_hal_tim_ex.c ****     {
 749              		.loc 1 351 8 is_stmt 0 view .LVU251
 750 009e 062A     		cmp	r2, #6
 751 00a0 18BF     		it	ne
 752 00a2 B2F5803F 		cmpne	r2, #65536
 753 00a6 09D0     		beq	.L42
 353:Drivers/STM32F7xx_HAL_Driver/Src/stm32f7xx_hal_tim_ex.c ****     }
 754              		.loc 1 353 7 is_stmt 1 view .LVU252
 755 00a8 1A68     		ldr	r2, [r3]
 756              	.LVL40:
 353:Drivers/STM32F7xx_HAL_Driver/Src/stm32f7xx_hal_tim_ex.c ****     }
 757              		.loc 1 353 7 is_stmt 0 view .LVU253
 758 00aa 42F00102 		orr	r2, r2, #1
 759 00ae 1A60     		str	r2, [r3]
 362:Drivers/STM32F7xx_HAL_Driver/Src/stm32f7xx_hal_tim_ex.c **** }
 760              		.loc 1 362 10 view .LVU254
 761 00b0 0020     		movs	r0, #0
 762 00b2 00E0     		b	.L37
 763              	.LVL41:
 764              	.L40:
 333:Drivers/STM32F7xx_HAL_Driver/Src/stm32f7xx_hal_tim_ex.c ****   }
 765              		.loc 1 333 12 view .LVU255
 766 00b4 0120     		movs	r0, #1
ARM GAS  /tmp/ccJkDeps.s 			page 64


 767              	.LVL42:
 768              	.L37:
 363:Drivers/STM32F7xx_HAL_Driver/Src/stm32f7xx_hal_tim_ex.c **** 
 769              		.loc 1 363 1 view .LVU256
 770 00b6 10BD     		pop	{r4, pc}
 771              	.LVL43:
 772              	.L41:
 333:Drivers/STM32F7xx_HAL_Driver/Src/stm32f7xx_hal_tim_ex.c ****   }
 773              		.loc 1 333 12 view .LVU257
 774 00b8 0120     		movs	r0, #1
 775              	.LVL44:
 333:Drivers/STM32F7xx_HAL_Driver/Src/stm32f7xx_hal_tim_ex.c ****   }
 776              		.loc 1 333 12 view .LVU258
 777 00ba FCE7     		b	.L37
 778              	.LVL45:
 779              	.L42:
 362:Drivers/STM32F7xx_HAL_Driver/Src/stm32f7xx_hal_tim_ex.c **** }
 780              		.loc 1 362 10 view .LVU259
 781 00bc 0020     		movs	r0, #0
 782 00be FAE7     		b	.L37
 783              	.L45:
 784              		.align	2
 785              	.L44:
 786 00c0 00000140 		.word	1073807360
 787 00c4 07000100 		.word	65543
 788              		.cfi_endproc
 789              	.LFE145:
 791              		.section	.text.HAL_TIMEx_HallSensor_Stop,"ax",%progbits
 792              		.align	1
 793              		.global	HAL_TIMEx_HallSensor_Stop
 794              		.syntax unified
 795              		.thumb
 796              		.thumb_func
 798              	HAL_TIMEx_HallSensor_Stop:
 799              	.LVL46:
 800              	.LFB146:
 371:Drivers/STM32F7xx_HAL_Driver/Src/stm32f7xx_hal_tim_ex.c ****   /* Check the parameters */
 801              		.loc 1 371 1 is_stmt 1 view -0
 802              		.cfi_startproc
 803              		@ args = 0, pretend = 0, frame = 0
 804              		@ frame_needed = 0, uses_anonymous_args = 0
 371:Drivers/STM32F7xx_HAL_Driver/Src/stm32f7xx_hal_tim_ex.c ****   /* Check the parameters */
 805              		.loc 1 371 1 is_stmt 0 view .LVU261
 806 0000 10B5     		push	{r4, lr}
 807              	.LCFI9:
 808              		.cfi_def_cfa_offset 8
 809              		.cfi_offset 4, -8
 810              		.cfi_offset 14, -4
 811 0002 0446     		mov	r4, r0
 373:Drivers/STM32F7xx_HAL_Driver/Src/stm32f7xx_hal_tim_ex.c **** 
 812              		.loc 1 373 3 is_stmt 1 view .LVU262
 378:Drivers/STM32F7xx_HAL_Driver/Src/stm32f7xx_hal_tim_ex.c **** 
 813              		.loc 1 378 3 view .LVU263
 814 0004 0022     		movs	r2, #0
 815 0006 1146     		mov	r1, r2
 816 0008 0068     		ldr	r0, [r0]
 817              	.LVL47:
ARM GAS  /tmp/ccJkDeps.s 			page 65


 378:Drivers/STM32F7xx_HAL_Driver/Src/stm32f7xx_hal_tim_ex.c **** 
 818              		.loc 1 378 3 is_stmt 0 view .LVU264
 819 000a FFF7FEFF 		bl	TIM_CCxChannelCmd
 820              	.LVL48:
 381:Drivers/STM32F7xx_HAL_Driver/Src/stm32f7xx_hal_tim_ex.c **** 
 821              		.loc 1 381 3 is_stmt 1 view .LVU265
 381:Drivers/STM32F7xx_HAL_Driver/Src/stm32f7xx_hal_tim_ex.c **** 
 822              		.loc 1 381 3 view .LVU266
 823 000e 2368     		ldr	r3, [r4]
 824 0010 196A     		ldr	r1, [r3, #32]
 825 0012 41F21112 		movw	r2, #4369
 826 0016 1142     		tst	r1, r2
 827 0018 08D1     		bne	.L47
 381:Drivers/STM32F7xx_HAL_Driver/Src/stm32f7xx_hal_tim_ex.c **** 
 828              		.loc 1 381 3 discriminator 1 view .LVU267
 829 001a 196A     		ldr	r1, [r3, #32]
 830 001c 40F24442 		movw	r2, #1092
 831 0020 1142     		tst	r1, r2
 832 0022 03D1     		bne	.L47
 381:Drivers/STM32F7xx_HAL_Driver/Src/stm32f7xx_hal_tim_ex.c **** 
 833              		.loc 1 381 3 discriminator 3 view .LVU268
 834 0024 1A68     		ldr	r2, [r3]
 835 0026 22F00102 		bic	r2, r2, #1
 836 002a 1A60     		str	r2, [r3]
 837              	.L47:
 381:Drivers/STM32F7xx_HAL_Driver/Src/stm32f7xx_hal_tim_ex.c **** 
 838              		.loc 1 381 3 discriminator 5 view .LVU269
 384:Drivers/STM32F7xx_HAL_Driver/Src/stm32f7xx_hal_tim_ex.c ****   TIM_CHANNEL_STATE_SET(htim, TIM_CHANNEL_2, HAL_TIM_CHANNEL_STATE_READY);
 839              		.loc 1 384 3 discriminator 5 view .LVU270
 840 002c 0123     		movs	r3, #1
 841 002e 84F83E30 		strb	r3, [r4, #62]
 385:Drivers/STM32F7xx_HAL_Driver/Src/stm32f7xx_hal_tim_ex.c ****   TIM_CHANNEL_N_STATE_SET(htim, TIM_CHANNEL_1, HAL_TIM_CHANNEL_STATE_READY);
 842              		.loc 1 385 3 discriminator 5 view .LVU271
 843 0032 84F83F30 		strb	r3, [r4, #63]
 386:Drivers/STM32F7xx_HAL_Driver/Src/stm32f7xx_hal_tim_ex.c ****   TIM_CHANNEL_N_STATE_SET(htim, TIM_CHANNEL_2, HAL_TIM_CHANNEL_STATE_READY);
 844              		.loc 1 386 3 discriminator 5 view .LVU272
 845 0036 84F84430 		strb	r3, [r4, #68]
 387:Drivers/STM32F7xx_HAL_Driver/Src/stm32f7xx_hal_tim_ex.c **** 
 846              		.loc 1 387 3 discriminator 5 view .LVU273
 847 003a 84F84530 		strb	r3, [r4, #69]
 390:Drivers/STM32F7xx_HAL_Driver/Src/stm32f7xx_hal_tim_ex.c **** }
 848              		.loc 1 390 3 discriminator 5 view .LVU274
 391:Drivers/STM32F7xx_HAL_Driver/Src/stm32f7xx_hal_tim_ex.c **** 
 849              		.loc 1 391 1 is_stmt 0 discriminator 5 view .LVU275
 850 003e 0020     		movs	r0, #0
 851 0040 10BD     		pop	{r4, pc}
 391:Drivers/STM32F7xx_HAL_Driver/Src/stm32f7xx_hal_tim_ex.c **** 
 852              		.loc 1 391 1 discriminator 5 view .LVU276
 853              		.cfi_endproc
 854              	.LFE146:
 856              		.section	.text.HAL_TIMEx_HallSensor_Start_IT,"ax",%progbits
 857              		.align	1
 858              		.global	HAL_TIMEx_HallSensor_Start_IT
 859              		.syntax unified
 860              		.thumb
 861              		.thumb_func
 863              	HAL_TIMEx_HallSensor_Start_IT:
ARM GAS  /tmp/ccJkDeps.s 			page 66


 864              	.LVL49:
 865              	.LFB147:
 399:Drivers/STM32F7xx_HAL_Driver/Src/stm32f7xx_hal_tim_ex.c ****   uint32_t tmpsmcr;
 866              		.loc 1 399 1 is_stmt 1 view -0
 867              		.cfi_startproc
 868              		@ args = 0, pretend = 0, frame = 0
 869              		@ frame_needed = 0, uses_anonymous_args = 0
 399:Drivers/STM32F7xx_HAL_Driver/Src/stm32f7xx_hal_tim_ex.c ****   uint32_t tmpsmcr;
 870              		.loc 1 399 1 is_stmt 0 view .LVU278
 871 0000 10B5     		push	{r4, lr}
 872              	.LCFI10:
 873              		.cfi_def_cfa_offset 8
 874              		.cfi_offset 4, -8
 875              		.cfi_offset 14, -4
 876 0002 0446     		mov	r4, r0
 400:Drivers/STM32F7xx_HAL_Driver/Src/stm32f7xx_hal_tim_ex.c ****   HAL_TIM_ChannelStateTypeDef channel_1_state = TIM_CHANNEL_STATE_GET(htim, TIM_CHANNEL_1);
 877              		.loc 1 400 3 is_stmt 1 view .LVU279
 401:Drivers/STM32F7xx_HAL_Driver/Src/stm32f7xx_hal_tim_ex.c ****   HAL_TIM_ChannelStateTypeDef channel_2_state = TIM_CHANNEL_STATE_GET(htim, TIM_CHANNEL_2);
 878              		.loc 1 401 3 view .LVU280
 401:Drivers/STM32F7xx_HAL_Driver/Src/stm32f7xx_hal_tim_ex.c ****   HAL_TIM_ChannelStateTypeDef channel_2_state = TIM_CHANNEL_STATE_GET(htim, TIM_CHANNEL_2);
 879              		.loc 1 401 31 is_stmt 0 view .LVU281
 880 0004 90F83E10 		ldrb	r1, [r0, #62]	@ zero_extendqisi2
 881 0008 C9B2     		uxtb	r1, r1
 882              	.LVL50:
 402:Drivers/STM32F7xx_HAL_Driver/Src/stm32f7xx_hal_tim_ex.c ****   HAL_TIM_ChannelStateTypeDef complementary_channel_1_state = TIM_CHANNEL_N_STATE_GET(htim, TIM_CHA
 883              		.loc 1 402 3 is_stmt 1 view .LVU282
 402:Drivers/STM32F7xx_HAL_Driver/Src/stm32f7xx_hal_tim_ex.c ****   HAL_TIM_ChannelStateTypeDef complementary_channel_1_state = TIM_CHANNEL_N_STATE_GET(htim, TIM_CHA
 884              		.loc 1 402 31 is_stmt 0 view .LVU283
 885 000a 90F83F20 		ldrb	r2, [r0, #63]	@ zero_extendqisi2
 886 000e D2B2     		uxtb	r2, r2
 887              	.LVL51:
 403:Drivers/STM32F7xx_HAL_Driver/Src/stm32f7xx_hal_tim_ex.c ****   HAL_TIM_ChannelStateTypeDef complementary_channel_2_state = TIM_CHANNEL_N_STATE_GET(htim, TIM_CHA
 888              		.loc 1 403 3 is_stmt 1 view .LVU284
 403:Drivers/STM32F7xx_HAL_Driver/Src/stm32f7xx_hal_tim_ex.c ****   HAL_TIM_ChannelStateTypeDef complementary_channel_2_state = TIM_CHANNEL_N_STATE_GET(htim, TIM_CHA
 889              		.loc 1 403 31 is_stmt 0 view .LVU285
 890 0010 90F84430 		ldrb	r3, [r0, #68]	@ zero_extendqisi2
 891 0014 D8B2     		uxtb	r0, r3
 892              	.LVL52:
 404:Drivers/STM32F7xx_HAL_Driver/Src/stm32f7xx_hal_tim_ex.c **** 
 893              		.loc 1 404 3 is_stmt 1 view .LVU286
 404:Drivers/STM32F7xx_HAL_Driver/Src/stm32f7xx_hal_tim_ex.c **** 
 894              		.loc 1 404 31 is_stmt 0 view .LVU287
 895 0016 94F84530 		ldrb	r3, [r4, #69]	@ zero_extendqisi2
 896              	.LVL53:
 407:Drivers/STM32F7xx_HAL_Driver/Src/stm32f7xx_hal_tim_ex.c **** 
 897              		.loc 1 407 3 is_stmt 1 view .LVU288
 410:Drivers/STM32F7xx_HAL_Driver/Src/stm32f7xx_hal_tim_ex.c ****       || (channel_2_state != HAL_TIM_CHANNEL_STATE_READY)
 898              		.loc 1 410 3 view .LVU289
 410:Drivers/STM32F7xx_HAL_Driver/Src/stm32f7xx_hal_tim_ex.c ****       || (channel_2_state != HAL_TIM_CHANNEL_STATE_READY)
 899              		.loc 1 410 6 is_stmt 0 view .LVU290
 900 001a 012A     		cmp	r2, #1
 901 001c 08BF     		it	eq
 902 001e 0129     		cmpeq	r1, #1
 903 0020 4DD1     		bne	.L53
 904 0022 DBB2     		uxtb	r3, r3
 413:Drivers/STM32F7xx_HAL_Driver/Src/stm32f7xx_hal_tim_ex.c ****   {
 905              		.loc 1 413 41 view .LVU291
ARM GAS  /tmp/ccJkDeps.s 			page 67


 906 0024 013B     		subs	r3, r3, #1
 907              	.LVL54:
 413:Drivers/STM32F7xx_HAL_Driver/Src/stm32f7xx_hal_tim_ex.c ****   {
 908              		.loc 1 413 41 view .LVU292
 909 0026 18BF     		it	ne
 910 0028 0123     		movne	r3, #1
 911              	.LVL55:
 413:Drivers/STM32F7xx_HAL_Driver/Src/stm32f7xx_hal_tim_ex.c ****   {
 912              		.loc 1 413 7 view .LVU293
 913 002a 0128     		cmp	r0, #1
 914 002c 49D1     		bne	.L54
 915 002e 002B     		cmp	r3, #0
 916 0030 47D1     		bne	.L54
 419:Drivers/STM32F7xx_HAL_Driver/Src/stm32f7xx_hal_tim_ex.c ****   TIM_CHANNEL_STATE_SET(htim, TIM_CHANNEL_2, HAL_TIM_CHANNEL_STATE_BUSY);
 917              		.loc 1 419 3 is_stmt 1 view .LVU294
 918 0032 0223     		movs	r3, #2
 919 0034 84F83E30 		strb	r3, [r4, #62]
 420:Drivers/STM32F7xx_HAL_Driver/Src/stm32f7xx_hal_tim_ex.c ****   TIM_CHANNEL_N_STATE_SET(htim, TIM_CHANNEL_1, HAL_TIM_CHANNEL_STATE_BUSY);
 920              		.loc 1 420 3 view .LVU295
 921 0038 84F83F30 		strb	r3, [r4, #63]
 421:Drivers/STM32F7xx_HAL_Driver/Src/stm32f7xx_hal_tim_ex.c ****   TIM_CHANNEL_N_STATE_SET(htim, TIM_CHANNEL_2, HAL_TIM_CHANNEL_STATE_BUSY);
 922              		.loc 1 421 3 view .LVU296
 923 003c 84F84430 		strb	r3, [r4, #68]
 422:Drivers/STM32F7xx_HAL_Driver/Src/stm32f7xx_hal_tim_ex.c **** 
 924              		.loc 1 422 3 view .LVU297
 925 0040 84F84530 		strb	r3, [r4, #69]
 425:Drivers/STM32F7xx_HAL_Driver/Src/stm32f7xx_hal_tim_ex.c **** 
 926              		.loc 1 425 3 view .LVU298
 927 0044 2268     		ldr	r2, [r4]
 928              	.LVL56:
 425:Drivers/STM32F7xx_HAL_Driver/Src/stm32f7xx_hal_tim_ex.c **** 
 929              		.loc 1 425 3 is_stmt 0 view .LVU299
 930 0046 D368     		ldr	r3, [r2, #12]
 931 0048 43F00203 		orr	r3, r3, #2
 932 004c D360     		str	r3, [r2, #12]
 430:Drivers/STM32F7xx_HAL_Driver/Src/stm32f7xx_hal_tim_ex.c **** 
 933              		.loc 1 430 3 is_stmt 1 view .LVU300
 934 004e 0122     		movs	r2, #1
 935 0050 0021     		movs	r1, #0
 936              	.LVL57:
 430:Drivers/STM32F7xx_HAL_Driver/Src/stm32f7xx_hal_tim_ex.c **** 
 937              		.loc 1 430 3 is_stmt 0 view .LVU301
 938 0052 2068     		ldr	r0, [r4]
 939              	.LVL58:
 430:Drivers/STM32F7xx_HAL_Driver/Src/stm32f7xx_hal_tim_ex.c **** 
 940              		.loc 1 430 3 view .LVU302
 941 0054 FFF7FEFF 		bl	TIM_CCxChannelCmd
 942              	.LVL59:
 433:Drivers/STM32F7xx_HAL_Driver/Src/stm32f7xx_hal_tim_ex.c ****   {
 943              		.loc 1 433 3 is_stmt 1 view .LVU303
 433:Drivers/STM32F7xx_HAL_Driver/Src/stm32f7xx_hal_tim_ex.c ****   {
 944              		.loc 1 433 7 is_stmt 0 view .LVU304
 945 0058 2368     		ldr	r3, [r4]
 433:Drivers/STM32F7xx_HAL_Driver/Src/stm32f7xx_hal_tim_ex.c ****   {
 946              		.loc 1 433 6 view .LVU305
 947 005a 1C4A     		ldr	r2, .L57
 948 005c B3F1804F 		cmp	r3, #1073741824
ARM GAS  /tmp/ccJkDeps.s 			page 68


 949 0060 18BF     		it	ne
 950 0062 9342     		cmpne	r3, r2
 951 0064 1DD0     		beq	.L51
 433:Drivers/STM32F7xx_HAL_Driver/Src/stm32f7xx_hal_tim_ex.c ****   {
 952              		.loc 1 433 7 discriminator 1 view .LVU306
 953 0066 A2F57C42 		sub	r2, r2, #64512
 954 006a 9342     		cmp	r3, r2
 955 006c 19D0     		beq	.L51
 433:Drivers/STM32F7xx_HAL_Driver/Src/stm32f7xx_hal_tim_ex.c ****   {
 956              		.loc 1 433 7 discriminator 2 view .LVU307
 957 006e 02F58062 		add	r2, r2, #1024
 958 0072 9342     		cmp	r3, r2
 959 0074 15D0     		beq	.L51
 433:Drivers/STM32F7xx_HAL_Driver/Src/stm32f7xx_hal_tim_ex.c ****   {
 960              		.loc 1 433 7 discriminator 3 view .LVU308
 961 0076 02F58062 		add	r2, r2, #1024
 962 007a 9342     		cmp	r3, r2
 963 007c 11D0     		beq	.L51
 433:Drivers/STM32F7xx_HAL_Driver/Src/stm32f7xx_hal_tim_ex.c ****   {
 964              		.loc 1 433 7 discriminator 4 view .LVU309
 965 007e 02F57842 		add	r2, r2, #63488
 966 0082 9342     		cmp	r3, r2
 967 0084 0DD0     		beq	.L51
 433:Drivers/STM32F7xx_HAL_Driver/Src/stm32f7xx_hal_tim_ex.c ****   {
 968              		.loc 1 433 7 discriminator 5 view .LVU310
 969 0086 02F57052 		add	r2, r2, #15360
 970 008a 9342     		cmp	r3, r2
 971 008c 09D0     		beq	.L51
 433:Drivers/STM32F7xx_HAL_Driver/Src/stm32f7xx_hal_tim_ex.c ****   {
 972              		.loc 1 433 7 discriminator 6 view .LVU311
 973 008e A2F59432 		sub	r2, r2, #75776
 974 0092 9342     		cmp	r3, r2
 975 0094 05D0     		beq	.L51
 443:Drivers/STM32F7xx_HAL_Driver/Src/stm32f7xx_hal_tim_ex.c ****   }
 976              		.loc 1 443 5 is_stmt 1 view .LVU312
 977 0096 1A68     		ldr	r2, [r3]
 978 0098 42F00102 		orr	r2, r2, #1
 979 009c 1A60     		str	r2, [r3]
 447:Drivers/STM32F7xx_HAL_Driver/Src/stm32f7xx_hal_tim_ex.c **** }
 980              		.loc 1 447 10 is_stmt 0 view .LVU313
 981 009e 0020     		movs	r0, #0
 982 00a0 0EE0     		b	.L50
 983              	.L51:
 435:Drivers/STM32F7xx_HAL_Driver/Src/stm32f7xx_hal_tim_ex.c ****     if (!IS_TIM_SLAVEMODE_TRIGGER_ENABLED(tmpsmcr))
 984              		.loc 1 435 5 is_stmt 1 view .LVU314
 435:Drivers/STM32F7xx_HAL_Driver/Src/stm32f7xx_hal_tim_ex.c ****     if (!IS_TIM_SLAVEMODE_TRIGGER_ENABLED(tmpsmcr))
 985              		.loc 1 435 29 is_stmt 0 view .LVU315
 986 00a2 9968     		ldr	r1, [r3, #8]
 435:Drivers/STM32F7xx_HAL_Driver/Src/stm32f7xx_hal_tim_ex.c ****     if (!IS_TIM_SLAVEMODE_TRIGGER_ENABLED(tmpsmcr))
 987              		.loc 1 435 13 view .LVU316
 988 00a4 0A4A     		ldr	r2, .L57+4
 989 00a6 0A40     		ands	r2, r2, r1
 990              	.LVL60:
 436:Drivers/STM32F7xx_HAL_Driver/Src/stm32f7xx_hal_tim_ex.c ****     {
 991              		.loc 1 436 5 is_stmt 1 view .LVU317
 436:Drivers/STM32F7xx_HAL_Driver/Src/stm32f7xx_hal_tim_ex.c ****     {
 992              		.loc 1 436 8 is_stmt 0 view .LVU318
ARM GAS  /tmp/ccJkDeps.s 			page 69


 993 00a8 062A     		cmp	r2, #6
 994 00aa 18BF     		it	ne
 995 00ac B2F5803F 		cmpne	r2, #65536
 996 00b0 09D0     		beq	.L55
 438:Drivers/STM32F7xx_HAL_Driver/Src/stm32f7xx_hal_tim_ex.c ****     }
 997              		.loc 1 438 7 is_stmt 1 view .LVU319
 998 00b2 1A68     		ldr	r2, [r3]
 999              	.LVL61:
 438:Drivers/STM32F7xx_HAL_Driver/Src/stm32f7xx_hal_tim_ex.c ****     }
 1000              		.loc 1 438 7 is_stmt 0 view .LVU320
 1001 00b4 42F00102 		orr	r2, r2, #1
 1002 00b8 1A60     		str	r2, [r3]
 447:Drivers/STM32F7xx_HAL_Driver/Src/stm32f7xx_hal_tim_ex.c **** }
 1003              		.loc 1 447 10 view .LVU321
 1004 00ba 0020     		movs	r0, #0
 1005 00bc 00E0     		b	.L50
 1006              	.LVL62:
 1007              	.L53:
 415:Drivers/STM32F7xx_HAL_Driver/Src/stm32f7xx_hal_tim_ex.c ****   }
 1008              		.loc 1 415 12 view .LVU322
 1009 00be 0120     		movs	r0, #1
 1010              	.LVL63:
 1011              	.L50:
 448:Drivers/STM32F7xx_HAL_Driver/Src/stm32f7xx_hal_tim_ex.c **** 
 1012              		.loc 1 448 1 view .LVU323
 1013 00c0 10BD     		pop	{r4, pc}
 1014              	.LVL64:
 1015              	.L54:
 415:Drivers/STM32F7xx_HAL_Driver/Src/stm32f7xx_hal_tim_ex.c ****   }
 1016              		.loc 1 415 12 view .LVU324
 1017 00c2 0120     		movs	r0, #1
 1018              	.LVL65:
 415:Drivers/STM32F7xx_HAL_Driver/Src/stm32f7xx_hal_tim_ex.c ****   }
 1019              		.loc 1 415 12 view .LVU325
 1020 00c4 FCE7     		b	.L50
 1021              	.LVL66:
 1022              	.L55:
 447:Drivers/STM32F7xx_HAL_Driver/Src/stm32f7xx_hal_tim_ex.c **** }
 1023              		.loc 1 447 10 view .LVU326
 1024 00c6 0020     		movs	r0, #0
 1025 00c8 FAE7     		b	.L50
 1026              	.L58:
 1027 00ca 00BF     		.align	2
 1028              	.L57:
 1029 00cc 00000140 		.word	1073807360
 1030 00d0 07000100 		.word	65543
 1031              		.cfi_endproc
 1032              	.LFE147:
 1034              		.section	.text.HAL_TIMEx_HallSensor_Stop_IT,"ax",%progbits
 1035              		.align	1
 1036              		.global	HAL_TIMEx_HallSensor_Stop_IT
 1037              		.syntax unified
 1038              		.thumb
 1039              		.thumb_func
 1041              	HAL_TIMEx_HallSensor_Stop_IT:
 1042              	.LVL67:
 1043              	.LFB148:
ARM GAS  /tmp/ccJkDeps.s 			page 70


 456:Drivers/STM32F7xx_HAL_Driver/Src/stm32f7xx_hal_tim_ex.c ****   /* Check the parameters */
 1044              		.loc 1 456 1 is_stmt 1 view -0
 1045              		.cfi_startproc
 1046              		@ args = 0, pretend = 0, frame = 0
 1047              		@ frame_needed = 0, uses_anonymous_args = 0
 456:Drivers/STM32F7xx_HAL_Driver/Src/stm32f7xx_hal_tim_ex.c ****   /* Check the parameters */
 1048              		.loc 1 456 1 is_stmt 0 view .LVU328
 1049 0000 10B5     		push	{r4, lr}
 1050              	.LCFI11:
 1051              		.cfi_def_cfa_offset 8
 1052              		.cfi_offset 4, -8
 1053              		.cfi_offset 14, -4
 1054 0002 0446     		mov	r4, r0
 458:Drivers/STM32F7xx_HAL_Driver/Src/stm32f7xx_hal_tim_ex.c **** 
 1055              		.loc 1 458 3 is_stmt 1 view .LVU329
 463:Drivers/STM32F7xx_HAL_Driver/Src/stm32f7xx_hal_tim_ex.c **** 
 1056              		.loc 1 463 3 view .LVU330
 1057 0004 0022     		movs	r2, #0
 1058 0006 1146     		mov	r1, r2
 1059 0008 0068     		ldr	r0, [r0]
 1060              	.LVL68:
 463:Drivers/STM32F7xx_HAL_Driver/Src/stm32f7xx_hal_tim_ex.c **** 
 1061              		.loc 1 463 3 is_stmt 0 view .LVU331
 1062 000a FFF7FEFF 		bl	TIM_CCxChannelCmd
 1063              	.LVL69:
 466:Drivers/STM32F7xx_HAL_Driver/Src/stm32f7xx_hal_tim_ex.c **** 
 1064              		.loc 1 466 3 is_stmt 1 view .LVU332
 1065 000e 2268     		ldr	r2, [r4]
 1066 0010 D368     		ldr	r3, [r2, #12]
 1067 0012 23F00203 		bic	r3, r3, #2
 1068 0016 D360     		str	r3, [r2, #12]
 469:Drivers/STM32F7xx_HAL_Driver/Src/stm32f7xx_hal_tim_ex.c **** 
 1069              		.loc 1 469 3 view .LVU333
 469:Drivers/STM32F7xx_HAL_Driver/Src/stm32f7xx_hal_tim_ex.c **** 
 1070              		.loc 1 469 3 view .LVU334
 1071 0018 2368     		ldr	r3, [r4]
 1072 001a 196A     		ldr	r1, [r3, #32]
 1073 001c 41F21112 		movw	r2, #4369
 1074 0020 1142     		tst	r1, r2
 1075 0022 08D1     		bne	.L60
 469:Drivers/STM32F7xx_HAL_Driver/Src/stm32f7xx_hal_tim_ex.c **** 
 1076              		.loc 1 469 3 discriminator 1 view .LVU335
 1077 0024 196A     		ldr	r1, [r3, #32]
 1078 0026 40F24442 		movw	r2, #1092
 1079 002a 1142     		tst	r1, r2
 1080 002c 03D1     		bne	.L60
 469:Drivers/STM32F7xx_HAL_Driver/Src/stm32f7xx_hal_tim_ex.c **** 
 1081              		.loc 1 469 3 discriminator 3 view .LVU336
 1082 002e 1A68     		ldr	r2, [r3]
 1083 0030 22F00102 		bic	r2, r2, #1
 1084 0034 1A60     		str	r2, [r3]
 1085              	.L60:
 469:Drivers/STM32F7xx_HAL_Driver/Src/stm32f7xx_hal_tim_ex.c **** 
 1086              		.loc 1 469 3 discriminator 5 view .LVU337
 472:Drivers/STM32F7xx_HAL_Driver/Src/stm32f7xx_hal_tim_ex.c ****   TIM_CHANNEL_STATE_SET(htim, TIM_CHANNEL_2, HAL_TIM_CHANNEL_STATE_READY);
 1087              		.loc 1 472 3 discriminator 5 view .LVU338
 1088 0036 0123     		movs	r3, #1
ARM GAS  /tmp/ccJkDeps.s 			page 71


 1089 0038 84F83E30 		strb	r3, [r4, #62]
 473:Drivers/STM32F7xx_HAL_Driver/Src/stm32f7xx_hal_tim_ex.c ****   TIM_CHANNEL_N_STATE_SET(htim, TIM_CHANNEL_1, HAL_TIM_CHANNEL_STATE_READY);
 1090              		.loc 1 473 3 discriminator 5 view .LVU339
 1091 003c 84F83F30 		strb	r3, [r4, #63]
 474:Drivers/STM32F7xx_HAL_Driver/Src/stm32f7xx_hal_tim_ex.c ****   TIM_CHANNEL_N_STATE_SET(htim, TIM_CHANNEL_2, HAL_TIM_CHANNEL_STATE_READY);
 1092              		.loc 1 474 3 discriminator 5 view .LVU340
 1093 0040 84F84430 		strb	r3, [r4, #68]
 475:Drivers/STM32F7xx_HAL_Driver/Src/stm32f7xx_hal_tim_ex.c **** 
 1094              		.loc 1 475 3 discriminator 5 view .LVU341
 1095 0044 84F84530 		strb	r3, [r4, #69]
 478:Drivers/STM32F7xx_HAL_Driver/Src/stm32f7xx_hal_tim_ex.c **** }
 1096              		.loc 1 478 3 discriminator 5 view .LVU342
 479:Drivers/STM32F7xx_HAL_Driver/Src/stm32f7xx_hal_tim_ex.c **** 
 1097              		.loc 1 479 1 is_stmt 0 discriminator 5 view .LVU343
 1098 0048 0020     		movs	r0, #0
 1099 004a 10BD     		pop	{r4, pc}
 479:Drivers/STM32F7xx_HAL_Driver/Src/stm32f7xx_hal_tim_ex.c **** 
 1100              		.loc 1 479 1 discriminator 5 view .LVU344
 1101              		.cfi_endproc
 1102              	.LFE148:
 1104              		.section	.text.HAL_TIMEx_HallSensor_Start_DMA,"ax",%progbits
 1105              		.align	1
 1106              		.global	HAL_TIMEx_HallSensor_Start_DMA
 1107              		.syntax unified
 1108              		.thumb
 1109              		.thumb_func
 1111              	HAL_TIMEx_HallSensor_Start_DMA:
 1112              	.LVL70:
 1113              	.LFB149:
 489:Drivers/STM32F7xx_HAL_Driver/Src/stm32f7xx_hal_tim_ex.c ****   uint32_t tmpsmcr;
 1114              		.loc 1 489 1 is_stmt 1 view -0
 1115              		.cfi_startproc
 1116              		@ args = 0, pretend = 0, frame = 0
 1117              		@ frame_needed = 0, uses_anonymous_args = 0
 489:Drivers/STM32F7xx_HAL_Driver/Src/stm32f7xx_hal_tim_ex.c ****   uint32_t tmpsmcr;
 1118              		.loc 1 489 1 is_stmt 0 view .LVU346
 1119 0000 70B5     		push	{r4, r5, r6, lr}
 1120              	.LCFI12:
 1121              		.cfi_def_cfa_offset 16
 1122              		.cfi_offset 4, -16
 1123              		.cfi_offset 5, -12
 1124              		.cfi_offset 6, -8
 1125              		.cfi_offset 14, -4
 1126 0002 0446     		mov	r4, r0
 490:Drivers/STM32F7xx_HAL_Driver/Src/stm32f7xx_hal_tim_ex.c ****   HAL_TIM_ChannelStateTypeDef channel_1_state = TIM_CHANNEL_STATE_GET(htim, TIM_CHANNEL_1);
 1127              		.loc 1 490 3 is_stmt 1 view .LVU347
 491:Drivers/STM32F7xx_HAL_Driver/Src/stm32f7xx_hal_tim_ex.c ****   HAL_TIM_ChannelStateTypeDef complementary_channel_1_state = TIM_CHANNEL_N_STATE_GET(htim, TIM_CHA
 1128              		.loc 1 491 3 view .LVU348
 491:Drivers/STM32F7xx_HAL_Driver/Src/stm32f7xx_hal_tim_ex.c ****   HAL_TIM_ChannelStateTypeDef complementary_channel_1_state = TIM_CHANNEL_N_STATE_GET(htim, TIM_CHA
 1129              		.loc 1 491 31 is_stmt 0 view .LVU349
 1130 0004 90F83EC0 		ldrb	ip, [r0, #62]	@ zero_extendqisi2
 1131 0008 5FFA8CFC 		uxtb	ip, ip
 1132              	.LVL71:
 492:Drivers/STM32F7xx_HAL_Driver/Src/stm32f7xx_hal_tim_ex.c **** 
 1133              		.loc 1 492 3 is_stmt 1 view .LVU350
 492:Drivers/STM32F7xx_HAL_Driver/Src/stm32f7xx_hal_tim_ex.c **** 
 1134              		.loc 1 492 31 is_stmt 0 view .LVU351
ARM GAS  /tmp/ccJkDeps.s 			page 72


 1135 000c 90F84400 		ldrb	r0, [r0, #68]	@ zero_extendqisi2
 1136              	.LVL72:
 492:Drivers/STM32F7xx_HAL_Driver/Src/stm32f7xx_hal_tim_ex.c **** 
 1137              		.loc 1 492 31 view .LVU352
 1138 0010 C0B2     		uxtb	r0, r0
 1139              	.LVL73:
 495:Drivers/STM32F7xx_HAL_Driver/Src/stm32f7xx_hal_tim_ex.c **** 
 1140              		.loc 1 495 3 is_stmt 1 view .LVU353
 498:Drivers/STM32F7xx_HAL_Driver/Src/stm32f7xx_hal_tim_ex.c ****       || (complementary_channel_1_state == HAL_TIM_CHANNEL_STATE_BUSY))
 1141              		.loc 1 498 3 view .LVU354
 498:Drivers/STM32F7xx_HAL_Driver/Src/stm32f7xx_hal_tim_ex.c ****       || (complementary_channel_1_state == HAL_TIM_CHANNEL_STATE_BUSY))
 1142              		.loc 1 498 6 is_stmt 0 view .LVU355
 1143 0012 0228     		cmp	r0, #2
 1144 0014 18BF     		it	ne
 1145 0016 BCF1020F 		cmpne	ip, #2
 1146 001a 5ED0     		beq	.L66
 1147 001c 0E46     		mov	r6, r1
 1148 001e 1546     		mov	r5, r2
 503:Drivers/STM32F7xx_HAL_Driver/Src/stm32f7xx_hal_tim_ex.c ****            && (complementary_channel_1_state == HAL_TIM_CHANNEL_STATE_READY))
 1149              		.loc 1 503 8 is_stmt 1 view .LVU356
 503:Drivers/STM32F7xx_HAL_Driver/Src/stm32f7xx_hal_tim_ex.c ****            && (complementary_channel_1_state == HAL_TIM_CHANNEL_STATE_READY))
 1150              		.loc 1 503 11 is_stmt 0 view .LVU357
 1151 0020 BCF1010F 		cmp	ip, #1
 1152 0024 08BF     		it	eq
 1153 0026 0128     		cmpeq	r0, #1
 1154 0028 59D1     		bne	.L67
 506:Drivers/STM32F7xx_HAL_Driver/Src/stm32f7xx_hal_tim_ex.c ****     {
 1155              		.loc 1 506 5 is_stmt 1 view .LVU358
 506:Drivers/STM32F7xx_HAL_Driver/Src/stm32f7xx_hal_tim_ex.c ****     {
 1156              		.loc 1 506 8 is_stmt 0 view .LVU359
 1157 002a 002A     		cmp	r2, #0
 1158 002c 18BF     		it	ne
 1159 002e 0029     		cmpne	r1, #0
 1160 0030 01D1     		bne	.L71
 508:Drivers/STM32F7xx_HAL_Driver/Src/stm32f7xx_hal_tim_ex.c ****     }
 1161              		.loc 1 508 14 view .LVU360
 1162 0032 0120     		movs	r0, #1
 1163              	.LVL74:
 508:Drivers/STM32F7xx_HAL_Driver/Src/stm32f7xx_hal_tim_ex.c ****     }
 1164              		.loc 1 508 14 view .LVU361
 1165 0034 54E0     		b	.L63
 1166              	.LVL75:
 1167              	.L71:
 512:Drivers/STM32F7xx_HAL_Driver/Src/stm32f7xx_hal_tim_ex.c ****       TIM_CHANNEL_N_STATE_SET(htim, TIM_CHANNEL_1, HAL_TIM_CHANNEL_STATE_BUSY);
 1168              		.loc 1 512 7 is_stmt 1 view .LVU362
 1169 0036 0223     		movs	r3, #2
 1170 0038 84F83E30 		strb	r3, [r4, #62]
 513:Drivers/STM32F7xx_HAL_Driver/Src/stm32f7xx_hal_tim_ex.c ****     }
 1171              		.loc 1 513 7 view .LVU363
 1172 003c 84F84430 		strb	r3, [r4, #68]
 524:Drivers/STM32F7xx_HAL_Driver/Src/stm32f7xx_hal_tim_ex.c **** 
 1173              		.loc 1 524 3 view .LVU364
 1174 0040 0122     		movs	r2, #1
 1175              	.LVL76:
 524:Drivers/STM32F7xx_HAL_Driver/Src/stm32f7xx_hal_tim_ex.c **** 
 1176              		.loc 1 524 3 is_stmt 0 view .LVU365
 1177 0042 0021     		movs	r1, #0
ARM GAS  /tmp/ccJkDeps.s 			page 73


 1178              	.LVL77:
 524:Drivers/STM32F7xx_HAL_Driver/Src/stm32f7xx_hal_tim_ex.c **** 
 1179              		.loc 1 524 3 view .LVU366
 1180 0044 2068     		ldr	r0, [r4]
 1181              	.LVL78:
 524:Drivers/STM32F7xx_HAL_Driver/Src/stm32f7xx_hal_tim_ex.c **** 
 1182              		.loc 1 524 3 view .LVU367
 1183 0046 FFF7FEFF 		bl	TIM_CCxChannelCmd
 1184              	.LVL79:
 527:Drivers/STM32F7xx_HAL_Driver/Src/stm32f7xx_hal_tim_ex.c ****   htim->hdma[TIM_DMA_ID_CC1]->XferHalfCpltCallback = TIM_DMACaptureHalfCplt;
 1185              		.loc 1 527 3 is_stmt 1 view .LVU368
 527:Drivers/STM32F7xx_HAL_Driver/Src/stm32f7xx_hal_tim_ex.c ****   htim->hdma[TIM_DMA_ID_CC1]->XferHalfCpltCallback = TIM_DMACaptureHalfCplt;
 1186              		.loc 1 527 13 is_stmt 0 view .LVU369
 1187 004a 636A     		ldr	r3, [r4, #36]
 527:Drivers/STM32F7xx_HAL_Driver/Src/stm32f7xx_hal_tim_ex.c ****   htim->hdma[TIM_DMA_ID_CC1]->XferHalfCpltCallback = TIM_DMACaptureHalfCplt;
 1188              		.loc 1 527 48 view .LVU370
 1189 004c 264A     		ldr	r2, .L72
 1190 004e DA63     		str	r2, [r3, #60]
 528:Drivers/STM32F7xx_HAL_Driver/Src/stm32f7xx_hal_tim_ex.c ****   /* Set the DMA error callback */
 1191              		.loc 1 528 3 is_stmt 1 view .LVU371
 528:Drivers/STM32F7xx_HAL_Driver/Src/stm32f7xx_hal_tim_ex.c ****   /* Set the DMA error callback */
 1192              		.loc 1 528 13 is_stmt 0 view .LVU372
 1193 0050 636A     		ldr	r3, [r4, #36]
 528:Drivers/STM32F7xx_HAL_Driver/Src/stm32f7xx_hal_tim_ex.c ****   /* Set the DMA error callback */
 1194              		.loc 1 528 52 view .LVU373
 1195 0052 264A     		ldr	r2, .L72+4
 1196 0054 1A64     		str	r2, [r3, #64]
 530:Drivers/STM32F7xx_HAL_Driver/Src/stm32f7xx_hal_tim_ex.c **** 
 1197              		.loc 1 530 3 is_stmt 1 view .LVU374
 530:Drivers/STM32F7xx_HAL_Driver/Src/stm32f7xx_hal_tim_ex.c **** 
 1198              		.loc 1 530 13 is_stmt 0 view .LVU375
 1199 0056 636A     		ldr	r3, [r4, #36]
 530:Drivers/STM32F7xx_HAL_Driver/Src/stm32f7xx_hal_tim_ex.c **** 
 1200              		.loc 1 530 49 view .LVU376
 1201 0058 254A     		ldr	r2, .L72+8
 1202 005a DA64     		str	r2, [r3, #76]
 533:Drivers/STM32F7xx_HAL_Driver/Src/stm32f7xx_hal_tim_ex.c ****   {
 1203              		.loc 1 533 3 is_stmt 1 view .LVU377
 533:Drivers/STM32F7xx_HAL_Driver/Src/stm32f7xx_hal_tim_ex.c ****   {
 1204              		.loc 1 533 67 is_stmt 0 view .LVU378
 1205 005c 2168     		ldr	r1, [r4]
 533:Drivers/STM32F7xx_HAL_Driver/Src/stm32f7xx_hal_tim_ex.c ****   {
 1206              		.loc 1 533 7 view .LVU379
 1207 005e 2B46     		mov	r3, r5
 1208 0060 3246     		mov	r2, r6
 1209 0062 3431     		adds	r1, r1, #52
 1210 0064 606A     		ldr	r0, [r4, #36]
 1211 0066 FFF7FEFF 		bl	HAL_DMA_Start_IT
 1212              	.LVL80:
 533:Drivers/STM32F7xx_HAL_Driver/Src/stm32f7xx_hal_tim_ex.c ****   {
 1213              		.loc 1 533 6 view .LVU380
 1214 006a 0028     		cmp	r0, #0
 1215 006c 39D1     		bne	.L69
 539:Drivers/STM32F7xx_HAL_Driver/Src/stm32f7xx_hal_tim_ex.c **** 
 1216              		.loc 1 539 3 is_stmt 1 view .LVU381
 1217 006e 2268     		ldr	r2, [r4]
 1218 0070 D368     		ldr	r3, [r2, #12]
ARM GAS  /tmp/ccJkDeps.s 			page 74


 1219 0072 43F40073 		orr	r3, r3, #512
 1220 0076 D360     		str	r3, [r2, #12]
 542:Drivers/STM32F7xx_HAL_Driver/Src/stm32f7xx_hal_tim_ex.c ****   {
 1221              		.loc 1 542 3 view .LVU382
 542:Drivers/STM32F7xx_HAL_Driver/Src/stm32f7xx_hal_tim_ex.c ****   {
 1222              		.loc 1 542 7 is_stmt 0 view .LVU383
 1223 0078 2368     		ldr	r3, [r4]
 542:Drivers/STM32F7xx_HAL_Driver/Src/stm32f7xx_hal_tim_ex.c ****   {
 1224              		.loc 1 542 6 view .LVU384
 1225 007a 1E4A     		ldr	r2, .L72+12
 1226 007c B3F1804F 		cmp	r3, #1073741824
 1227 0080 18BF     		it	ne
 1228 0082 9342     		cmpne	r3, r2
 1229 0084 1CD0     		beq	.L64
 542:Drivers/STM32F7xx_HAL_Driver/Src/stm32f7xx_hal_tim_ex.c ****   {
 1230              		.loc 1 542 7 discriminator 1 view .LVU385
 1231 0086 A2F57C42 		sub	r2, r2, #64512
 1232 008a 9342     		cmp	r3, r2
 1233 008c 18D0     		beq	.L64
 542:Drivers/STM32F7xx_HAL_Driver/Src/stm32f7xx_hal_tim_ex.c ****   {
 1234              		.loc 1 542 7 discriminator 2 view .LVU386
 1235 008e 02F58062 		add	r2, r2, #1024
 1236 0092 9342     		cmp	r3, r2
 1237 0094 14D0     		beq	.L64
 542:Drivers/STM32F7xx_HAL_Driver/Src/stm32f7xx_hal_tim_ex.c ****   {
 1238              		.loc 1 542 7 discriminator 3 view .LVU387
 1239 0096 02F58062 		add	r2, r2, #1024
 1240 009a 9342     		cmp	r3, r2
 1241 009c 10D0     		beq	.L64
 542:Drivers/STM32F7xx_HAL_Driver/Src/stm32f7xx_hal_tim_ex.c ****   {
 1242              		.loc 1 542 7 discriminator 4 view .LVU388
 1243 009e 02F57842 		add	r2, r2, #63488
 1244 00a2 9342     		cmp	r3, r2
 1245 00a4 0CD0     		beq	.L64
 542:Drivers/STM32F7xx_HAL_Driver/Src/stm32f7xx_hal_tim_ex.c ****   {
 1246              		.loc 1 542 7 discriminator 5 view .LVU389
 1247 00a6 02F57052 		add	r2, r2, #15360
 1248 00aa 9342     		cmp	r3, r2
 1249 00ac 08D0     		beq	.L64
 542:Drivers/STM32F7xx_HAL_Driver/Src/stm32f7xx_hal_tim_ex.c ****   {
 1250              		.loc 1 542 7 discriminator 6 view .LVU390
 1251 00ae A2F59432 		sub	r2, r2, #75776
 1252 00b2 9342     		cmp	r3, r2
 1253 00b4 04D0     		beq	.L64
 552:Drivers/STM32F7xx_HAL_Driver/Src/stm32f7xx_hal_tim_ex.c ****   }
 1254              		.loc 1 552 5 is_stmt 1 view .LVU391
 1255 00b6 1A68     		ldr	r2, [r3]
 1256 00b8 42F00102 		orr	r2, r2, #1
 1257 00bc 1A60     		str	r2, [r3]
 1258 00be 0FE0     		b	.L63
 1259              	.L64:
 544:Drivers/STM32F7xx_HAL_Driver/Src/stm32f7xx_hal_tim_ex.c ****     if (!IS_TIM_SLAVEMODE_TRIGGER_ENABLED(tmpsmcr))
 1260              		.loc 1 544 5 view .LVU392
 544:Drivers/STM32F7xx_HAL_Driver/Src/stm32f7xx_hal_tim_ex.c ****     if (!IS_TIM_SLAVEMODE_TRIGGER_ENABLED(tmpsmcr))
 1261              		.loc 1 544 29 is_stmt 0 view .LVU393
 1262 00c0 9968     		ldr	r1, [r3, #8]
 544:Drivers/STM32F7xx_HAL_Driver/Src/stm32f7xx_hal_tim_ex.c ****     if (!IS_TIM_SLAVEMODE_TRIGGER_ENABLED(tmpsmcr))
ARM GAS  /tmp/ccJkDeps.s 			page 75


 1263              		.loc 1 544 13 view .LVU394
 1264 00c2 0D4A     		ldr	r2, .L72+16
 1265 00c4 0A40     		ands	r2, r2, r1
 1266              	.LVL81:
 545:Drivers/STM32F7xx_HAL_Driver/Src/stm32f7xx_hal_tim_ex.c ****     {
 1267              		.loc 1 545 5 is_stmt 1 view .LVU395
 545:Drivers/STM32F7xx_HAL_Driver/Src/stm32f7xx_hal_tim_ex.c ****     {
 1268              		.loc 1 545 8 is_stmt 0 view .LVU396
 1269 00c6 062A     		cmp	r2, #6
 1270 00c8 18BF     		it	ne
 1271 00ca B2F5803F 		cmpne	r2, #65536
 1272 00ce 07D0     		beq	.L63
 547:Drivers/STM32F7xx_HAL_Driver/Src/stm32f7xx_hal_tim_ex.c ****     }
 1273              		.loc 1 547 7 is_stmt 1 view .LVU397
 1274 00d0 1A68     		ldr	r2, [r3]
 1275              	.LVL82:
 547:Drivers/STM32F7xx_HAL_Driver/Src/stm32f7xx_hal_tim_ex.c ****     }
 1276              		.loc 1 547 7 is_stmt 0 view .LVU398
 1277 00d2 42F00102 		orr	r2, r2, #1
 1278 00d6 1A60     		str	r2, [r3]
 1279 00d8 02E0     		b	.L63
 1280              	.LVL83:
 1281              	.L66:
 501:Drivers/STM32F7xx_HAL_Driver/Src/stm32f7xx_hal_tim_ex.c ****   }
 1282              		.loc 1 501 12 view .LVU399
 1283 00da 0220     		movs	r0, #2
 1284              	.LVL84:
 501:Drivers/STM32F7xx_HAL_Driver/Src/stm32f7xx_hal_tim_ex.c ****   }
 1285              		.loc 1 501 12 view .LVU400
 1286 00dc 00E0     		b	.L63
 1287              	.LVL85:
 1288              	.L67:
 518:Drivers/STM32F7xx_HAL_Driver/Src/stm32f7xx_hal_tim_ex.c ****   }
 1289              		.loc 1 518 12 view .LVU401
 1290 00de 0120     		movs	r0, #1
 1291              	.LVL86:
 1292              	.L63:
 557:Drivers/STM32F7xx_HAL_Driver/Src/stm32f7xx_hal_tim_ex.c **** 
 1293              		.loc 1 557 1 view .LVU402
 1294 00e0 70BD     		pop	{r4, r5, r6, pc}
 1295              	.LVL87:
 1296              	.L69:
 536:Drivers/STM32F7xx_HAL_Driver/Src/stm32f7xx_hal_tim_ex.c ****   }
 1297              		.loc 1 536 12 view .LVU403
 1298 00e2 0120     		movs	r0, #1
 1299 00e4 FCE7     		b	.L63
 1300              	.L73:
 1301 00e6 00BF     		.align	2
 1302              	.L72:
 1303 00e8 00000000 		.word	TIM_DMACaptureCplt
 1304 00ec 00000000 		.word	TIM_DMACaptureHalfCplt
 1305 00f0 00000000 		.word	TIM_DMAError
 1306 00f4 00000140 		.word	1073807360
 1307 00f8 07000100 		.word	65543
 1308              		.cfi_endproc
 1309              	.LFE149:
 1311              		.section	.text.HAL_TIMEx_HallSensor_Stop_DMA,"ax",%progbits
ARM GAS  /tmp/ccJkDeps.s 			page 76


 1312              		.align	1
 1313              		.global	HAL_TIMEx_HallSensor_Stop_DMA
 1314              		.syntax unified
 1315              		.thumb
 1316              		.thumb_func
 1318              	HAL_TIMEx_HallSensor_Stop_DMA:
 1319              	.LVL88:
 1320              	.LFB150:
 565:Drivers/STM32F7xx_HAL_Driver/Src/stm32f7xx_hal_tim_ex.c ****   /* Check the parameters */
 1321              		.loc 1 565 1 is_stmt 1 view -0
 1322              		.cfi_startproc
 1323              		@ args = 0, pretend = 0, frame = 0
 1324              		@ frame_needed = 0, uses_anonymous_args = 0
 565:Drivers/STM32F7xx_HAL_Driver/Src/stm32f7xx_hal_tim_ex.c ****   /* Check the parameters */
 1325              		.loc 1 565 1 is_stmt 0 view .LVU405
 1326 0000 10B5     		push	{r4, lr}
 1327              	.LCFI13:
 1328              		.cfi_def_cfa_offset 8
 1329              		.cfi_offset 4, -8
 1330              		.cfi_offset 14, -4
 1331 0002 0446     		mov	r4, r0
 567:Drivers/STM32F7xx_HAL_Driver/Src/stm32f7xx_hal_tim_ex.c **** 
 1332              		.loc 1 567 3 is_stmt 1 view .LVU406
 572:Drivers/STM32F7xx_HAL_Driver/Src/stm32f7xx_hal_tim_ex.c **** 
 1333              		.loc 1 572 3 view .LVU407
 1334 0004 0022     		movs	r2, #0
 1335 0006 1146     		mov	r1, r2
 1336 0008 0068     		ldr	r0, [r0]
 1337              	.LVL89:
 572:Drivers/STM32F7xx_HAL_Driver/Src/stm32f7xx_hal_tim_ex.c **** 
 1338              		.loc 1 572 3 is_stmt 0 view .LVU408
 1339 000a FFF7FEFF 		bl	TIM_CCxChannelCmd
 1340              	.LVL90:
 576:Drivers/STM32F7xx_HAL_Driver/Src/stm32f7xx_hal_tim_ex.c **** 
 1341              		.loc 1 576 3 is_stmt 1 view .LVU409
 1342 000e 2268     		ldr	r2, [r4]
 1343 0010 D368     		ldr	r3, [r2, #12]
 1344 0012 23F40073 		bic	r3, r3, #512
 1345 0016 D360     		str	r3, [r2, #12]
 578:Drivers/STM32F7xx_HAL_Driver/Src/stm32f7xx_hal_tim_ex.c **** 
 1346              		.loc 1 578 3 view .LVU410
 578:Drivers/STM32F7xx_HAL_Driver/Src/stm32f7xx_hal_tim_ex.c **** 
 1347              		.loc 1 578 9 is_stmt 0 view .LVU411
 1348 0018 606A     		ldr	r0, [r4, #36]
 1349 001a FFF7FEFF 		bl	HAL_DMA_Abort_IT
 1350              	.LVL91:
 581:Drivers/STM32F7xx_HAL_Driver/Src/stm32f7xx_hal_tim_ex.c **** 
 1351              		.loc 1 581 3 is_stmt 1 view .LVU412
 581:Drivers/STM32F7xx_HAL_Driver/Src/stm32f7xx_hal_tim_ex.c **** 
 1352              		.loc 1 581 3 view .LVU413
 1353 001e 2368     		ldr	r3, [r4]
 1354 0020 196A     		ldr	r1, [r3, #32]
 1355 0022 41F21112 		movw	r2, #4369
 1356 0026 1142     		tst	r1, r2
 1357 0028 08D1     		bne	.L75
 581:Drivers/STM32F7xx_HAL_Driver/Src/stm32f7xx_hal_tim_ex.c **** 
 1358              		.loc 1 581 3 discriminator 1 view .LVU414
ARM GAS  /tmp/ccJkDeps.s 			page 77


 1359 002a 196A     		ldr	r1, [r3, #32]
 1360 002c 40F24442 		movw	r2, #1092
 1361 0030 1142     		tst	r1, r2
 1362 0032 03D1     		bne	.L75
 581:Drivers/STM32F7xx_HAL_Driver/Src/stm32f7xx_hal_tim_ex.c **** 
 1363              		.loc 1 581 3 discriminator 3 view .LVU415
 1364 0034 1A68     		ldr	r2, [r3]
 1365 0036 22F00102 		bic	r2, r2, #1
 1366 003a 1A60     		str	r2, [r3]
 1367              	.L75:
 581:Drivers/STM32F7xx_HAL_Driver/Src/stm32f7xx_hal_tim_ex.c **** 
 1368              		.loc 1 581 3 discriminator 5 view .LVU416
 584:Drivers/STM32F7xx_HAL_Driver/Src/stm32f7xx_hal_tim_ex.c ****   TIM_CHANNEL_N_STATE_SET(htim, TIM_CHANNEL_1, HAL_TIM_CHANNEL_STATE_READY);
 1369              		.loc 1 584 3 discriminator 5 view .LVU417
 1370 003c 0123     		movs	r3, #1
 1371 003e 84F83E30 		strb	r3, [r4, #62]
 585:Drivers/STM32F7xx_HAL_Driver/Src/stm32f7xx_hal_tim_ex.c **** 
 1372              		.loc 1 585 3 discriminator 5 view .LVU418
 1373 0042 84F84430 		strb	r3, [r4, #68]
 588:Drivers/STM32F7xx_HAL_Driver/Src/stm32f7xx_hal_tim_ex.c **** }
 1374              		.loc 1 588 3 discriminator 5 view .LVU419
 589:Drivers/STM32F7xx_HAL_Driver/Src/stm32f7xx_hal_tim_ex.c **** 
 1375              		.loc 1 589 1 is_stmt 0 discriminator 5 view .LVU420
 1376 0046 0020     		movs	r0, #0
 1377 0048 10BD     		pop	{r4, pc}
 589:Drivers/STM32F7xx_HAL_Driver/Src/stm32f7xx_hal_tim_ex.c **** 
 1378              		.loc 1 589 1 discriminator 5 view .LVU421
 1379              		.cfi_endproc
 1380              	.LFE150:
 1382              		.section	.text.HAL_TIMEx_OCN_Start,"ax",%progbits
 1383              		.align	1
 1384              		.global	HAL_TIMEx_OCN_Start
 1385              		.syntax unified
 1386              		.thumb
 1387              		.thumb_func
 1389              	HAL_TIMEx_OCN_Start:
 1390              	.LVL92:
 1391              	.LFB151:
 627:Drivers/STM32F7xx_HAL_Driver/Src/stm32f7xx_hal_tim_ex.c ****   uint32_t tmpsmcr;
 1392              		.loc 1 627 1 is_stmt 1 view -0
 1393              		.cfi_startproc
 1394              		@ args = 0, pretend = 0, frame = 0
 1395              		@ frame_needed = 0, uses_anonymous_args = 0
 627:Drivers/STM32F7xx_HAL_Driver/Src/stm32f7xx_hal_tim_ex.c ****   uint32_t tmpsmcr;
 1396              		.loc 1 627 1 is_stmt 0 view .LVU423
 1397 0000 10B5     		push	{r4, lr}
 1398              	.LCFI14:
 1399              		.cfi_def_cfa_offset 8
 1400              		.cfi_offset 4, -8
 1401              		.cfi_offset 14, -4
 1402 0002 0446     		mov	r4, r0
 628:Drivers/STM32F7xx_HAL_Driver/Src/stm32f7xx_hal_tim_ex.c **** 
 1403              		.loc 1 628 3 is_stmt 1 view .LVU424
 631:Drivers/STM32F7xx_HAL_Driver/Src/stm32f7xx_hal_tim_ex.c **** 
 1404              		.loc 1 631 3 view .LVU425
 634:Drivers/STM32F7xx_HAL_Driver/Src/stm32f7xx_hal_tim_ex.c ****   {
 1405              		.loc 1 634 3 view .LVU426
ARM GAS  /tmp/ccJkDeps.s 			page 78


 634:Drivers/STM32F7xx_HAL_Driver/Src/stm32f7xx_hal_tim_ex.c ****   {
 1406              		.loc 1 634 46 is_stmt 0 view .LVU427
 1407 0004 0846     		mov	r0, r1
 1408              	.LVL93:
 634:Drivers/STM32F7xx_HAL_Driver/Src/stm32f7xx_hal_tim_ex.c ****   {
 1409              		.loc 1 634 46 view .LVU428
 1410 0006 0029     		cmp	r1, #0
 1411 0008 3BD1     		bne	.L78
 634:Drivers/STM32F7xx_HAL_Driver/Src/stm32f7xx_hal_tim_ex.c ****   {
 1412              		.loc 1 634 7 discriminator 1 view .LVU429
 1413 000a 94F84430 		ldrb	r3, [r4, #68]	@ zero_extendqisi2
 1414 000e DBB2     		uxtb	r3, r3
 634:Drivers/STM32F7xx_HAL_Driver/Src/stm32f7xx_hal_tim_ex.c ****   {
 1415              		.loc 1 634 46 discriminator 1 view .LVU430
 1416 0010 013B     		subs	r3, r3, #1
 1417 0012 18BF     		it	ne
 1418 0014 0123     		movne	r3, #1
 1419              	.L79:
 634:Drivers/STM32F7xx_HAL_Driver/Src/stm32f7xx_hal_tim_ex.c ****   {
 1420              		.loc 1 634 6 discriminator 12 view .LVU431
 1421 0016 002B     		cmp	r3, #0
 1422 0018 6AD1     		bne	.L89
 640:Drivers/STM32F7xx_HAL_Driver/Src/stm32f7xx_hal_tim_ex.c **** 
 1423              		.loc 1 640 3 is_stmt 1 view .LVU432
 1424 001a 0028     		cmp	r0, #0
 1425 001c 4AD1     		bne	.L83
 640:Drivers/STM32F7xx_HAL_Driver/Src/stm32f7xx_hal_tim_ex.c **** 
 1426              		.loc 1 640 3 is_stmt 0 discriminator 1 view .LVU433
 1427 001e 0223     		movs	r3, #2
 1428 0020 84F84430 		strb	r3, [r4, #68]
 1429              	.L84:
 643:Drivers/STM32F7xx_HAL_Driver/Src/stm32f7xx_hal_tim_ex.c **** 
 1430              		.loc 1 643 3 is_stmt 1 view .LVU434
 1431 0024 0422     		movs	r2, #4
 1432 0026 0146     		mov	r1, r0
 1433              	.LVL94:
 643:Drivers/STM32F7xx_HAL_Driver/Src/stm32f7xx_hal_tim_ex.c **** 
 1434              		.loc 1 643 3 is_stmt 0 view .LVU435
 1435 0028 2068     		ldr	r0, [r4]
 1436              	.LVL95:
 643:Drivers/STM32F7xx_HAL_Driver/Src/stm32f7xx_hal_tim_ex.c **** 
 1437              		.loc 1 643 3 view .LVU436
 1438 002a FFF7FEFF 		bl	TIM_CCxNChannelCmd
 1439              	.LVL96:
 646:Drivers/STM32F7xx_HAL_Driver/Src/stm32f7xx_hal_tim_ex.c **** 
 1440              		.loc 1 646 3 is_stmt 1 view .LVU437
 1441 002e 2268     		ldr	r2, [r4]
 1442 0030 536C     		ldr	r3, [r2, #68]
 1443 0032 43F40043 		orr	r3, r3, #32768
 1444 0036 5364     		str	r3, [r2, #68]
 649:Drivers/STM32F7xx_HAL_Driver/Src/stm32f7xx_hal_tim_ex.c ****   {
 1445              		.loc 1 649 3 view .LVU438
 649:Drivers/STM32F7xx_HAL_Driver/Src/stm32f7xx_hal_tim_ex.c ****   {
 1446              		.loc 1 649 7 is_stmt 0 view .LVU439
 1447 0038 2368     		ldr	r3, [r4]
 649:Drivers/STM32F7xx_HAL_Driver/Src/stm32f7xx_hal_tim_ex.c ****   {
 1448              		.loc 1 649 6 view .LVU440
ARM GAS  /tmp/ccJkDeps.s 			page 79


 1449 003a 2F4A     		ldr	r2, .L96
 1450 003c B3F1804F 		cmp	r3, #1073741824
 1451 0040 18BF     		it	ne
 1452 0042 9342     		cmpne	r3, r2
 1453 0044 46D0     		beq	.L87
 649:Drivers/STM32F7xx_HAL_Driver/Src/stm32f7xx_hal_tim_ex.c ****   {
 1454              		.loc 1 649 7 discriminator 1 view .LVU441
 1455 0046 A2F57C42 		sub	r2, r2, #64512
 1456 004a 9342     		cmp	r3, r2
 1457 004c 42D0     		beq	.L87
 649:Drivers/STM32F7xx_HAL_Driver/Src/stm32f7xx_hal_tim_ex.c ****   {
 1458              		.loc 1 649 7 discriminator 2 view .LVU442
 1459 004e 02F58062 		add	r2, r2, #1024
 1460 0052 9342     		cmp	r3, r2
 1461 0054 3ED0     		beq	.L87
 649:Drivers/STM32F7xx_HAL_Driver/Src/stm32f7xx_hal_tim_ex.c ****   {
 1462              		.loc 1 649 7 discriminator 3 view .LVU443
 1463 0056 02F58062 		add	r2, r2, #1024
 1464 005a 9342     		cmp	r3, r2
 1465 005c 3AD0     		beq	.L87
 649:Drivers/STM32F7xx_HAL_Driver/Src/stm32f7xx_hal_tim_ex.c ****   {
 1466              		.loc 1 649 7 discriminator 4 view .LVU444
 1467 005e 02F57842 		add	r2, r2, #63488
 1468 0062 9342     		cmp	r3, r2
 1469 0064 36D0     		beq	.L87
 649:Drivers/STM32F7xx_HAL_Driver/Src/stm32f7xx_hal_tim_ex.c ****   {
 1470              		.loc 1 649 7 discriminator 5 view .LVU445
 1471 0066 02F57052 		add	r2, r2, #15360
 1472 006a 9342     		cmp	r3, r2
 1473 006c 32D0     		beq	.L87
 649:Drivers/STM32F7xx_HAL_Driver/Src/stm32f7xx_hal_tim_ex.c ****   {
 1474              		.loc 1 649 7 discriminator 6 view .LVU446
 1475 006e A2F59432 		sub	r2, r2, #75776
 1476 0072 9342     		cmp	r3, r2
 1477 0074 2ED0     		beq	.L87
 659:Drivers/STM32F7xx_HAL_Driver/Src/stm32f7xx_hal_tim_ex.c ****   }
 1478              		.loc 1 659 5 is_stmt 1 view .LVU447
 1479 0076 1A68     		ldr	r2, [r3]
 1480 0078 42F00102 		orr	r2, r2, #1
 1481 007c 1A60     		str	r2, [r3]
 663:Drivers/STM32F7xx_HAL_Driver/Src/stm32f7xx_hal_tim_ex.c **** }
 1482              		.loc 1 663 10 is_stmt 0 view .LVU448
 1483 007e 0020     		movs	r0, #0
 1484 0080 37E0     		b	.L82
 1485              	.LVL97:
 1486              	.L78:
 634:Drivers/STM32F7xx_HAL_Driver/Src/stm32f7xx_hal_tim_ex.c ****   {
 1487              		.loc 1 634 46 discriminator 2 view .LVU449
 1488 0082 0429     		cmp	r1, #4
 1489 0084 08D0     		beq	.L92
 634:Drivers/STM32F7xx_HAL_Driver/Src/stm32f7xx_hal_tim_ex.c ****   {
 1490              		.loc 1 634 46 discriminator 5 view .LVU450
 1491 0086 0829     		cmp	r1, #8
 1492 0088 0DD0     		beq	.L93
 634:Drivers/STM32F7xx_HAL_Driver/Src/stm32f7xx_hal_tim_ex.c ****   {
 1493              		.loc 1 634 7 discriminator 8 view .LVU451
 1494 008a 94F84730 		ldrb	r3, [r4, #71]	@ zero_extendqisi2
ARM GAS  /tmp/ccJkDeps.s 			page 80


 1495 008e DBB2     		uxtb	r3, r3
 634:Drivers/STM32F7xx_HAL_Driver/Src/stm32f7xx_hal_tim_ex.c ****   {
 1496              		.loc 1 634 46 discriminator 8 view .LVU452
 1497 0090 013B     		subs	r3, r3, #1
 1498 0092 18BF     		it	ne
 1499 0094 0123     		movne	r3, #1
 1500 0096 BEE7     		b	.L79
 1501              	.L92:
 634:Drivers/STM32F7xx_HAL_Driver/Src/stm32f7xx_hal_tim_ex.c ****   {
 1502              		.loc 1 634 7 discriminator 4 view .LVU453
 1503 0098 94F84530 		ldrb	r3, [r4, #69]	@ zero_extendqisi2
 1504 009c DBB2     		uxtb	r3, r3
 634:Drivers/STM32F7xx_HAL_Driver/Src/stm32f7xx_hal_tim_ex.c ****   {
 1505              		.loc 1 634 46 discriminator 4 view .LVU454
 1506 009e 013B     		subs	r3, r3, #1
 1507 00a0 18BF     		it	ne
 1508 00a2 0123     		movne	r3, #1
 1509 00a4 B7E7     		b	.L79
 1510              	.L93:
 634:Drivers/STM32F7xx_HAL_Driver/Src/stm32f7xx_hal_tim_ex.c ****   {
 1511              		.loc 1 634 7 discriminator 7 view .LVU455
 1512 00a6 94F84630 		ldrb	r3, [r4, #70]	@ zero_extendqisi2
 1513 00aa DBB2     		uxtb	r3, r3
 634:Drivers/STM32F7xx_HAL_Driver/Src/stm32f7xx_hal_tim_ex.c ****   {
 1514              		.loc 1 634 46 discriminator 7 view .LVU456
 1515 00ac 013B     		subs	r3, r3, #1
 1516 00ae 18BF     		it	ne
 1517 00b0 0123     		movne	r3, #1
 1518 00b2 B0E7     		b	.L79
 1519              	.L83:
 640:Drivers/STM32F7xx_HAL_Driver/Src/stm32f7xx_hal_tim_ex.c **** 
 1520              		.loc 1 640 3 discriminator 2 view .LVU457
 1521 00b4 0428     		cmp	r0, #4
 1522 00b6 05D0     		beq	.L94
 640:Drivers/STM32F7xx_HAL_Driver/Src/stm32f7xx_hal_tim_ex.c **** 
 1523              		.loc 1 640 3 discriminator 4 view .LVU458
 1524 00b8 0828     		cmp	r0, #8
 1525 00ba 07D0     		beq	.L95
 640:Drivers/STM32F7xx_HAL_Driver/Src/stm32f7xx_hal_tim_ex.c **** 
 1526              		.loc 1 640 3 discriminator 7 view .LVU459
 1527 00bc 0223     		movs	r3, #2
 1528 00be 84F84730 		strb	r3, [r4, #71]
 1529 00c2 AFE7     		b	.L84
 1530              	.L94:
 640:Drivers/STM32F7xx_HAL_Driver/Src/stm32f7xx_hal_tim_ex.c **** 
 1531              		.loc 1 640 3 discriminator 3 view .LVU460
 1532 00c4 0223     		movs	r3, #2
 1533 00c6 84F84530 		strb	r3, [r4, #69]
 1534 00ca ABE7     		b	.L84
 1535              	.L95:
 640:Drivers/STM32F7xx_HAL_Driver/Src/stm32f7xx_hal_tim_ex.c **** 
 1536              		.loc 1 640 3 discriminator 6 view .LVU461
 1537 00cc 0223     		movs	r3, #2
 1538 00ce 84F84630 		strb	r3, [r4, #70]
 1539 00d2 A7E7     		b	.L84
 1540              	.LVL98:
 1541              	.L87:
ARM GAS  /tmp/ccJkDeps.s 			page 81


 651:Drivers/STM32F7xx_HAL_Driver/Src/stm32f7xx_hal_tim_ex.c ****     if (!IS_TIM_SLAVEMODE_TRIGGER_ENABLED(tmpsmcr))
 1542              		.loc 1 651 5 is_stmt 1 view .LVU462
 651:Drivers/STM32F7xx_HAL_Driver/Src/stm32f7xx_hal_tim_ex.c ****     if (!IS_TIM_SLAVEMODE_TRIGGER_ENABLED(tmpsmcr))
 1543              		.loc 1 651 29 is_stmt 0 view .LVU463
 1544 00d4 9968     		ldr	r1, [r3, #8]
 651:Drivers/STM32F7xx_HAL_Driver/Src/stm32f7xx_hal_tim_ex.c ****     if (!IS_TIM_SLAVEMODE_TRIGGER_ENABLED(tmpsmcr))
 1545              		.loc 1 651 13 view .LVU464
 1546 00d6 094A     		ldr	r2, .L96+4
 1547 00d8 0A40     		ands	r2, r2, r1
 1548              	.LVL99:
 652:Drivers/STM32F7xx_HAL_Driver/Src/stm32f7xx_hal_tim_ex.c ****     {
 1549              		.loc 1 652 5 is_stmt 1 view .LVU465
 652:Drivers/STM32F7xx_HAL_Driver/Src/stm32f7xx_hal_tim_ex.c ****     {
 1550              		.loc 1 652 8 is_stmt 0 view .LVU466
 1551 00da 062A     		cmp	r2, #6
 1552 00dc 18BF     		it	ne
 1553 00de B2F5803F 		cmpne	r2, #65536
 1554 00e2 07D0     		beq	.L90
 654:Drivers/STM32F7xx_HAL_Driver/Src/stm32f7xx_hal_tim_ex.c ****     }
 1555              		.loc 1 654 7 is_stmt 1 view .LVU467
 1556 00e4 1A68     		ldr	r2, [r3]
 1557              	.LVL100:
 654:Drivers/STM32F7xx_HAL_Driver/Src/stm32f7xx_hal_tim_ex.c ****     }
 1558              		.loc 1 654 7 is_stmt 0 view .LVU468
 1559 00e6 42F00102 		orr	r2, r2, #1
 1560 00ea 1A60     		str	r2, [r3]
 663:Drivers/STM32F7xx_HAL_Driver/Src/stm32f7xx_hal_tim_ex.c **** }
 1561              		.loc 1 663 10 view .LVU469
 1562 00ec 0020     		movs	r0, #0
 1563 00ee 00E0     		b	.L82
 1564              	.LVL101:
 1565              	.L89:
 636:Drivers/STM32F7xx_HAL_Driver/Src/stm32f7xx_hal_tim_ex.c ****   }
 1566              		.loc 1 636 12 view .LVU470
 1567 00f0 0120     		movs	r0, #1
 1568              	.LVL102:
 1569              	.L82:
 664:Drivers/STM32F7xx_HAL_Driver/Src/stm32f7xx_hal_tim_ex.c **** 
 1570              		.loc 1 664 1 view .LVU471
 1571 00f2 10BD     		pop	{r4, pc}
 1572              	.LVL103:
 1573              	.L90:
 663:Drivers/STM32F7xx_HAL_Driver/Src/stm32f7xx_hal_tim_ex.c **** }
 1574              		.loc 1 663 10 view .LVU472
 1575 00f4 0020     		movs	r0, #0
 1576 00f6 FCE7     		b	.L82
 1577              	.L97:
 1578              		.align	2
 1579              	.L96:
 1580 00f8 00000140 		.word	1073807360
 1581 00fc 07000100 		.word	65543
 1582              		.cfi_endproc
 1583              	.LFE151:
 1585              		.section	.text.HAL_TIMEx_OCN_Stop,"ax",%progbits
 1586              		.align	1
 1587              		.global	HAL_TIMEx_OCN_Stop
 1588              		.syntax unified
ARM GAS  /tmp/ccJkDeps.s 			page 82


 1589              		.thumb
 1590              		.thumb_func
 1592              	HAL_TIMEx_OCN_Stop:
 1593              	.LVL104:
 1594              	.LFB152:
 678:Drivers/STM32F7xx_HAL_Driver/Src/stm32f7xx_hal_tim_ex.c ****   /* Check the parameters */
 1595              		.loc 1 678 1 is_stmt 1 view -0
 1596              		.cfi_startproc
 1597              		@ args = 0, pretend = 0, frame = 0
 1598              		@ frame_needed = 0, uses_anonymous_args = 0
 678:Drivers/STM32F7xx_HAL_Driver/Src/stm32f7xx_hal_tim_ex.c ****   /* Check the parameters */
 1599              		.loc 1 678 1 is_stmt 0 view .LVU474
 1600 0000 38B5     		push	{r3, r4, r5, lr}
 1601              	.LCFI15:
 1602              		.cfi_def_cfa_offset 16
 1603              		.cfi_offset 3, -16
 1604              		.cfi_offset 4, -12
 1605              		.cfi_offset 5, -8
 1606              		.cfi_offset 14, -4
 1607 0002 0446     		mov	r4, r0
 1608 0004 0D46     		mov	r5, r1
 680:Drivers/STM32F7xx_HAL_Driver/Src/stm32f7xx_hal_tim_ex.c **** 
 1609              		.loc 1 680 3 is_stmt 1 view .LVU475
 683:Drivers/STM32F7xx_HAL_Driver/Src/stm32f7xx_hal_tim_ex.c **** 
 1610              		.loc 1 683 3 view .LVU476
 1611 0006 0022     		movs	r2, #0
 1612 0008 0068     		ldr	r0, [r0]
 1613              	.LVL105:
 683:Drivers/STM32F7xx_HAL_Driver/Src/stm32f7xx_hal_tim_ex.c **** 
 1614              		.loc 1 683 3 is_stmt 0 view .LVU477
 1615 000a FFF7FEFF 		bl	TIM_CCxNChannelCmd
 1616              	.LVL106:
 686:Drivers/STM32F7xx_HAL_Driver/Src/stm32f7xx_hal_tim_ex.c **** 
 1617              		.loc 1 686 3 is_stmt 1 view .LVU478
 686:Drivers/STM32F7xx_HAL_Driver/Src/stm32f7xx_hal_tim_ex.c **** 
 1618              		.loc 1 686 3 view .LVU479
 1619 000e 2368     		ldr	r3, [r4]
 1620 0010 196A     		ldr	r1, [r3, #32]
 1621 0012 41F21112 		movw	r2, #4369
 1622 0016 1142     		tst	r1, r2
 1623 0018 08D1     		bne	.L99
 686:Drivers/STM32F7xx_HAL_Driver/Src/stm32f7xx_hal_tim_ex.c **** 
 1624              		.loc 1 686 3 discriminator 1 view .LVU480
 1625 001a 196A     		ldr	r1, [r3, #32]
 1626 001c 40F24442 		movw	r2, #1092
 1627 0020 1142     		tst	r1, r2
 1628 0022 03D1     		bne	.L99
 686:Drivers/STM32F7xx_HAL_Driver/Src/stm32f7xx_hal_tim_ex.c **** 
 1629              		.loc 1 686 3 discriminator 3 view .LVU481
 1630 0024 5A6C     		ldr	r2, [r3, #68]
 1631 0026 22F40042 		bic	r2, r2, #32768
 1632 002a 5A64     		str	r2, [r3, #68]
 1633              	.L99:
 686:Drivers/STM32F7xx_HAL_Driver/Src/stm32f7xx_hal_tim_ex.c **** 
 1634              		.loc 1 686 3 discriminator 5 view .LVU482
 689:Drivers/STM32F7xx_HAL_Driver/Src/stm32f7xx_hal_tim_ex.c **** 
 1635              		.loc 1 689 3 discriminator 5 view .LVU483
ARM GAS  /tmp/ccJkDeps.s 			page 83


 689:Drivers/STM32F7xx_HAL_Driver/Src/stm32f7xx_hal_tim_ex.c **** 
 1636              		.loc 1 689 3 discriminator 5 view .LVU484
 1637 002c 2368     		ldr	r3, [r4]
 1638 002e 196A     		ldr	r1, [r3, #32]
 1639 0030 41F21112 		movw	r2, #4369
 1640 0034 1142     		tst	r1, r2
 1641 0036 08D1     		bne	.L100
 689:Drivers/STM32F7xx_HAL_Driver/Src/stm32f7xx_hal_tim_ex.c **** 
 1642              		.loc 1 689 3 discriminator 1 view .LVU485
 1643 0038 196A     		ldr	r1, [r3, #32]
 1644 003a 40F24442 		movw	r2, #1092
 1645 003e 1142     		tst	r1, r2
 1646 0040 03D1     		bne	.L100
 689:Drivers/STM32F7xx_HAL_Driver/Src/stm32f7xx_hal_tim_ex.c **** 
 1647              		.loc 1 689 3 discriminator 3 view .LVU486
 1648 0042 1A68     		ldr	r2, [r3]
 1649 0044 22F00102 		bic	r2, r2, #1
 1650 0048 1A60     		str	r2, [r3]
 1651              	.L100:
 689:Drivers/STM32F7xx_HAL_Driver/Src/stm32f7xx_hal_tim_ex.c **** 
 1652              		.loc 1 689 3 discriminator 5 view .LVU487
 692:Drivers/STM32F7xx_HAL_Driver/Src/stm32f7xx_hal_tim_ex.c **** 
 1653              		.loc 1 692 3 discriminator 5 view .LVU488
 1654 004a 25B9     		cbnz	r5, .L101
 692:Drivers/STM32F7xx_HAL_Driver/Src/stm32f7xx_hal_tim_ex.c **** 
 1655              		.loc 1 692 3 is_stmt 0 discriminator 1 view .LVU489
 1656 004c 0123     		movs	r3, #1
 1657 004e 84F84430 		strb	r3, [r4, #68]
 1658              	.L102:
 695:Drivers/STM32F7xx_HAL_Driver/Src/stm32f7xx_hal_tim_ex.c **** }
 1659              		.loc 1 695 3 is_stmt 1 view .LVU490
 696:Drivers/STM32F7xx_HAL_Driver/Src/stm32f7xx_hal_tim_ex.c **** 
 1660              		.loc 1 696 1 is_stmt 0 view .LVU491
 1661 0052 0020     		movs	r0, #0
 1662 0054 38BD     		pop	{r3, r4, r5, pc}
 1663              	.LVL107:
 1664              	.L101:
 692:Drivers/STM32F7xx_HAL_Driver/Src/stm32f7xx_hal_tim_ex.c **** 
 1665              		.loc 1 692 3 discriminator 2 view .LVU492
 1666 0056 042D     		cmp	r5, #4
 1667 0058 05D0     		beq	.L106
 692:Drivers/STM32F7xx_HAL_Driver/Src/stm32f7xx_hal_tim_ex.c **** 
 1668              		.loc 1 692 3 discriminator 4 view .LVU493
 1669 005a 082D     		cmp	r5, #8
 1670 005c 07D0     		beq	.L107
 692:Drivers/STM32F7xx_HAL_Driver/Src/stm32f7xx_hal_tim_ex.c **** 
 1671              		.loc 1 692 3 discriminator 7 view .LVU494
 1672 005e 0123     		movs	r3, #1
 1673 0060 84F84730 		strb	r3, [r4, #71]
 1674 0064 F5E7     		b	.L102
 1675              	.L106:
 692:Drivers/STM32F7xx_HAL_Driver/Src/stm32f7xx_hal_tim_ex.c **** 
 1676              		.loc 1 692 3 discriminator 3 view .LVU495
 1677 0066 0123     		movs	r3, #1
 1678 0068 84F84530 		strb	r3, [r4, #69]
 1679 006c F1E7     		b	.L102
 1680              	.L107:
ARM GAS  /tmp/ccJkDeps.s 			page 84


 692:Drivers/STM32F7xx_HAL_Driver/Src/stm32f7xx_hal_tim_ex.c **** 
 1681              		.loc 1 692 3 discriminator 6 view .LVU496
 1682 006e 0123     		movs	r3, #1
 1683 0070 84F84630 		strb	r3, [r4, #70]
 1684 0074 EDE7     		b	.L102
 1685              		.cfi_endproc
 1686              	.LFE152:
 1688              		.section	.text.HAL_TIMEx_OCN_Start_IT,"ax",%progbits
 1689              		.align	1
 1690              		.global	HAL_TIMEx_OCN_Start_IT
 1691              		.syntax unified
 1692              		.thumb
 1693              		.thumb_func
 1695              	HAL_TIMEx_OCN_Start_IT:
 1696              	.LVL108:
 1697              	.LFB153:
 710:Drivers/STM32F7xx_HAL_Driver/Src/stm32f7xx_hal_tim_ex.c ****   HAL_StatusTypeDef status = HAL_OK;
 1698              		.loc 1 710 1 is_stmt 1 view -0
 1699              		.cfi_startproc
 1700              		@ args = 0, pretend = 0, frame = 0
 1701              		@ frame_needed = 0, uses_anonymous_args = 0
 710:Drivers/STM32F7xx_HAL_Driver/Src/stm32f7xx_hal_tim_ex.c ****   HAL_StatusTypeDef status = HAL_OK;
 1702              		.loc 1 710 1 is_stmt 0 view .LVU498
 1703 0000 10B5     		push	{r4, lr}
 1704              	.LCFI16:
 1705              		.cfi_def_cfa_offset 8
 1706              		.cfi_offset 4, -8
 1707              		.cfi_offset 14, -4
 1708 0002 0446     		mov	r4, r0
 711:Drivers/STM32F7xx_HAL_Driver/Src/stm32f7xx_hal_tim_ex.c ****   uint32_t tmpsmcr;
 1709              		.loc 1 711 3 is_stmt 1 view .LVU499
 1710              	.LVL109:
 712:Drivers/STM32F7xx_HAL_Driver/Src/stm32f7xx_hal_tim_ex.c **** 
 1711              		.loc 1 712 3 view .LVU500
 715:Drivers/STM32F7xx_HAL_Driver/Src/stm32f7xx_hal_tim_ex.c **** 
 1712              		.loc 1 715 3 view .LVU501
 718:Drivers/STM32F7xx_HAL_Driver/Src/stm32f7xx_hal_tim_ex.c ****   {
 1713              		.loc 1 718 3 view .LVU502
 718:Drivers/STM32F7xx_HAL_Driver/Src/stm32f7xx_hal_tim_ex.c ****   {
 1714              		.loc 1 718 46 is_stmt 0 view .LVU503
 1715 0004 0846     		mov	r0, r1
 1716              	.LVL110:
 718:Drivers/STM32F7xx_HAL_Driver/Src/stm32f7xx_hal_tim_ex.c ****   {
 1717              		.loc 1 718 46 view .LVU504
 1718 0006 0029     		cmp	r1, #0
 1719 0008 46D1     		bne	.L109
 718:Drivers/STM32F7xx_HAL_Driver/Src/stm32f7xx_hal_tim_ex.c ****   {
 1720              		.loc 1 718 7 discriminator 1 view .LVU505
 1721 000a 94F84430 		ldrb	r3, [r4, #68]	@ zero_extendqisi2
 1722 000e DBB2     		uxtb	r3, r3
 718:Drivers/STM32F7xx_HAL_Driver/Src/stm32f7xx_hal_tim_ex.c ****   {
 1723              		.loc 1 718 46 discriminator 1 view .LVU506
 1724 0010 013B     		subs	r3, r3, #1
 1725 0012 18BF     		it	ne
 1726 0014 0123     		movne	r3, #1
 1727              	.L110:
 718:Drivers/STM32F7xx_HAL_Driver/Src/stm32f7xx_hal_tim_ex.c ****   {
ARM GAS  /tmp/ccJkDeps.s 			page 85


 1728              		.loc 1 718 6 discriminator 12 view .LVU507
 1729 0016 002B     		cmp	r3, #0
 1730 0018 40F08680 		bne	.L123
 724:Drivers/STM32F7xx_HAL_Driver/Src/stm32f7xx_hal_tim_ex.c **** 
 1731              		.loc 1 724 3 is_stmt 1 view .LVU508
 1732 001c 0028     		cmp	r0, #0
 1733 001e 54D1     		bne	.L114
 1734 0020 0223     		movs	r3, #2
 1735 0022 84F84430 		strb	r3, [r4, #68]
 726:Drivers/STM32F7xx_HAL_Driver/Src/stm32f7xx_hal_tim_ex.c ****   {
 1736              		.loc 1 726 3 view .LVU509
 1737              	.L115:
 731:Drivers/STM32F7xx_HAL_Driver/Src/stm32f7xx_hal_tim_ex.c ****       break;
 1738              		.loc 1 731 7 view .LVU510
 1739 0026 2268     		ldr	r2, [r4]
 1740 0028 D368     		ldr	r3, [r2, #12]
 1741 002a 43F00203 		orr	r3, r3, #2
 1742 002e D360     		str	r3, [r2, #12]
 732:Drivers/STM32F7xx_HAL_Driver/Src/stm32f7xx_hal_tim_ex.c ****     }
 1743              		.loc 1 732 7 view .LVU511
 755:Drivers/STM32F7xx_HAL_Driver/Src/stm32f7xx_hal_tim_ex.c ****   {
 1744              		.loc 1 755 3 view .LVU512
 1745              	.L120:
 758:Drivers/STM32F7xx_HAL_Driver/Src/stm32f7xx_hal_tim_ex.c **** 
 1746              		.loc 1 758 5 view .LVU513
 1747 0030 2268     		ldr	r2, [r4]
 1748 0032 D368     		ldr	r3, [r2, #12]
 1749 0034 43F08003 		orr	r3, r3, #128
 1750 0038 D360     		str	r3, [r2, #12]
 761:Drivers/STM32F7xx_HAL_Driver/Src/stm32f7xx_hal_tim_ex.c **** 
 1751              		.loc 1 761 5 view .LVU514
 1752 003a 0422     		movs	r2, #4
 1753 003c 0146     		mov	r1, r0
 1754              	.LVL111:
 761:Drivers/STM32F7xx_HAL_Driver/Src/stm32f7xx_hal_tim_ex.c **** 
 1755              		.loc 1 761 5 is_stmt 0 view .LVU515
 1756 003e 2068     		ldr	r0, [r4]
 1757              	.LVL112:
 761:Drivers/STM32F7xx_HAL_Driver/Src/stm32f7xx_hal_tim_ex.c **** 
 1758              		.loc 1 761 5 view .LVU516
 1759 0040 FFF7FEFF 		bl	TIM_CCxNChannelCmd
 1760              	.LVL113:
 764:Drivers/STM32F7xx_HAL_Driver/Src/stm32f7xx_hal_tim_ex.c **** 
 1761              		.loc 1 764 5 is_stmt 1 view .LVU517
 1762 0044 2268     		ldr	r2, [r4]
 1763 0046 536C     		ldr	r3, [r2, #68]
 1764 0048 43F40043 		orr	r3, r3, #32768
 1765 004c 5364     		str	r3, [r2, #68]
 767:Drivers/STM32F7xx_HAL_Driver/Src/stm32f7xx_hal_tim_ex.c ****     {
 1766              		.loc 1 767 5 view .LVU518
 767:Drivers/STM32F7xx_HAL_Driver/Src/stm32f7xx_hal_tim_ex.c ****     {
 1767              		.loc 1 767 9 is_stmt 0 view .LVU519
 1768 004e 2368     		ldr	r3, [r4]
 767:Drivers/STM32F7xx_HAL_Driver/Src/stm32f7xx_hal_tim_ex.c ****     {
 1769              		.loc 1 767 8 view .LVU520
 1770 0050 374A     		ldr	r2, .L131
 1771 0052 B3F1804F 		cmp	r3, #1073741824
ARM GAS  /tmp/ccJkDeps.s 			page 86


 1772 0056 18BF     		it	ne
 1773 0058 9342     		cmpne	r3, r2
 1774 005a 57D0     		beq	.L121
 767:Drivers/STM32F7xx_HAL_Driver/Src/stm32f7xx_hal_tim_ex.c ****     {
 1775              		.loc 1 767 9 discriminator 1 view .LVU521
 1776 005c A2F57C42 		sub	r2, r2, #64512
 1777 0060 9342     		cmp	r3, r2
 1778 0062 53D0     		beq	.L121
 767:Drivers/STM32F7xx_HAL_Driver/Src/stm32f7xx_hal_tim_ex.c ****     {
 1779              		.loc 1 767 9 discriminator 2 view .LVU522
 1780 0064 02F58062 		add	r2, r2, #1024
 1781 0068 9342     		cmp	r3, r2
 1782 006a 4FD0     		beq	.L121
 767:Drivers/STM32F7xx_HAL_Driver/Src/stm32f7xx_hal_tim_ex.c ****     {
 1783              		.loc 1 767 9 discriminator 3 view .LVU523
 1784 006c 02F58062 		add	r2, r2, #1024
 1785 0070 9342     		cmp	r3, r2
 1786 0072 4BD0     		beq	.L121
 767:Drivers/STM32F7xx_HAL_Driver/Src/stm32f7xx_hal_tim_ex.c ****     {
 1787              		.loc 1 767 9 discriminator 4 view .LVU524
 1788 0074 02F57842 		add	r2, r2, #63488
 1789 0078 9342     		cmp	r3, r2
 1790 007a 47D0     		beq	.L121
 767:Drivers/STM32F7xx_HAL_Driver/Src/stm32f7xx_hal_tim_ex.c ****     {
 1791              		.loc 1 767 9 discriminator 5 view .LVU525
 1792 007c 02F57052 		add	r2, r2, #15360
 1793 0080 9342     		cmp	r3, r2
 1794 0082 43D0     		beq	.L121
 767:Drivers/STM32F7xx_HAL_Driver/Src/stm32f7xx_hal_tim_ex.c ****     {
 1795              		.loc 1 767 9 discriminator 6 view .LVU526
 1796 0084 A2F59432 		sub	r2, r2, #75776
 1797 0088 9342     		cmp	r3, r2
 1798 008a 3FD0     		beq	.L121
 777:Drivers/STM32F7xx_HAL_Driver/Src/stm32f7xx_hal_tim_ex.c ****     }
 1799              		.loc 1 777 7 is_stmt 1 view .LVU527
 1800 008c 1A68     		ldr	r2, [r3]
 1801 008e 42F00102 		orr	r2, r2, #1
 1802 0092 1A60     		str	r2, [r3]
 1803 0094 0020     		movs	r0, #0
 1804 0096 48E0     		b	.L113
 1805              	.LVL114:
 1806              	.L109:
 718:Drivers/STM32F7xx_HAL_Driver/Src/stm32f7xx_hal_tim_ex.c ****   {
 1807              		.loc 1 718 46 is_stmt 0 discriminator 2 view .LVU528
 1808 0098 0429     		cmp	r1, #4
 1809 009a 08D0     		beq	.L127
 718:Drivers/STM32F7xx_HAL_Driver/Src/stm32f7xx_hal_tim_ex.c ****   {
 1810              		.loc 1 718 46 discriminator 5 view .LVU529
 1811 009c 0829     		cmp	r1, #8
 1812 009e 0DD0     		beq	.L128
 718:Drivers/STM32F7xx_HAL_Driver/Src/stm32f7xx_hal_tim_ex.c ****   {
 1813              		.loc 1 718 7 discriminator 8 view .LVU530
 1814 00a0 94F84730 		ldrb	r3, [r4, #71]	@ zero_extendqisi2
 1815 00a4 DBB2     		uxtb	r3, r3
 718:Drivers/STM32F7xx_HAL_Driver/Src/stm32f7xx_hal_tim_ex.c ****   {
 1816              		.loc 1 718 46 discriminator 8 view .LVU531
 1817 00a6 013B     		subs	r3, r3, #1
ARM GAS  /tmp/ccJkDeps.s 			page 87


 1818 00a8 18BF     		it	ne
 1819 00aa 0123     		movne	r3, #1
 1820 00ac B3E7     		b	.L110
 1821              	.L127:
 718:Drivers/STM32F7xx_HAL_Driver/Src/stm32f7xx_hal_tim_ex.c ****   {
 1822              		.loc 1 718 7 discriminator 4 view .LVU532
 1823 00ae 94F84530 		ldrb	r3, [r4, #69]	@ zero_extendqisi2
 1824 00b2 DBB2     		uxtb	r3, r3
 718:Drivers/STM32F7xx_HAL_Driver/Src/stm32f7xx_hal_tim_ex.c ****   {
 1825              		.loc 1 718 46 discriminator 4 view .LVU533
 1826 00b4 013B     		subs	r3, r3, #1
 1827 00b6 18BF     		it	ne
 1828 00b8 0123     		movne	r3, #1
 1829 00ba ACE7     		b	.L110
 1830              	.L128:
 718:Drivers/STM32F7xx_HAL_Driver/Src/stm32f7xx_hal_tim_ex.c ****   {
 1831              		.loc 1 718 7 discriminator 7 view .LVU534
 1832 00bc 94F84630 		ldrb	r3, [r4, #70]	@ zero_extendqisi2
 1833 00c0 DBB2     		uxtb	r3, r3
 718:Drivers/STM32F7xx_HAL_Driver/Src/stm32f7xx_hal_tim_ex.c ****   {
 1834              		.loc 1 718 46 discriminator 7 view .LVU535
 1835 00c2 013B     		subs	r3, r3, #1
 1836 00c4 18BF     		it	ne
 1837 00c6 0123     		movne	r3, #1
 1838 00c8 A5E7     		b	.L110
 1839              	.L114:
 724:Drivers/STM32F7xx_HAL_Driver/Src/stm32f7xx_hal_tim_ex.c **** 
 1840              		.loc 1 724 3 discriminator 2 view .LVU536
 1841 00ca 0428     		cmp	r0, #4
 1842 00cc 0CD0     		beq	.L129
 724:Drivers/STM32F7xx_HAL_Driver/Src/stm32f7xx_hal_tim_ex.c **** 
 1843              		.loc 1 724 3 discriminator 4 view .LVU537
 1844 00ce 0828     		cmp	r0, #8
 1845 00d0 13D0     		beq	.L130
 724:Drivers/STM32F7xx_HAL_Driver/Src/stm32f7xx_hal_tim_ex.c **** 
 1846              		.loc 1 724 3 discriminator 7 view .LVU538
 1847 00d2 0223     		movs	r3, #2
 1848 00d4 84F84730 		strb	r3, [r4, #71]
 726:Drivers/STM32F7xx_HAL_Driver/Src/stm32f7xx_hal_tim_ex.c ****   {
 1849              		.loc 1 726 3 is_stmt 1 discriminator 7 view .LVU539
 1850 00d8 0428     		cmp	r0, #4
 1851 00da 08D0     		beq	.L117
 726:Drivers/STM32F7xx_HAL_Driver/Src/stm32f7xx_hal_tim_ex.c ****   {
 1852              		.loc 1 726 3 is_stmt 0 view .LVU540
 1853 00dc 0828     		cmp	r0, #8
 1854 00de 0FD0     		beq	.L119
 1855 00e0 0028     		cmp	r0, #0
 1856 00e2 A0D0     		beq	.L115
 1857 00e4 0120     		movs	r0, #1
 1858              	.LVL115:
 726:Drivers/STM32F7xx_HAL_Driver/Src/stm32f7xx_hal_tim_ex.c ****   {
 1859              		.loc 1 726 3 view .LVU541
 1860 00e6 20E0     		b	.L113
 1861              	.LVL116:
 1862              	.L129:
 724:Drivers/STM32F7xx_HAL_Driver/Src/stm32f7xx_hal_tim_ex.c **** 
 1863              		.loc 1 724 3 view .LVU542
ARM GAS  /tmp/ccJkDeps.s 			page 88


 1864 00e8 0223     		movs	r3, #2
 1865 00ea 84F84530 		strb	r3, [r4, #69]
 726:Drivers/STM32F7xx_HAL_Driver/Src/stm32f7xx_hal_tim_ex.c ****   {
 1866              		.loc 1 726 3 is_stmt 1 view .LVU543
 1867              	.L117:
 738:Drivers/STM32F7xx_HAL_Driver/Src/stm32f7xx_hal_tim_ex.c ****       break;
 1868              		.loc 1 738 7 view .LVU544
 1869 00ee 2268     		ldr	r2, [r4]
 1870 00f0 D368     		ldr	r3, [r2, #12]
 1871 00f2 43F00403 		orr	r3, r3, #4
 1872 00f6 D360     		str	r3, [r2, #12]
 739:Drivers/STM32F7xx_HAL_Driver/Src/stm32f7xx_hal_tim_ex.c ****     }
 1873              		.loc 1 739 7 view .LVU545
 755:Drivers/STM32F7xx_HAL_Driver/Src/stm32f7xx_hal_tim_ex.c ****   {
 1874              		.loc 1 755 3 view .LVU546
 1875 00f8 9AE7     		b	.L120
 1876              	.L130:
 724:Drivers/STM32F7xx_HAL_Driver/Src/stm32f7xx_hal_tim_ex.c **** 
 1877              		.loc 1 724 3 is_stmt 0 view .LVU547
 1878 00fa 0223     		movs	r3, #2
 1879 00fc 84F84630 		strb	r3, [r4, #70]
 726:Drivers/STM32F7xx_HAL_Driver/Src/stm32f7xx_hal_tim_ex.c ****   {
 1880              		.loc 1 726 3 is_stmt 1 view .LVU548
 1881              	.L119:
 745:Drivers/STM32F7xx_HAL_Driver/Src/stm32f7xx_hal_tim_ex.c ****       break;
 1882              		.loc 1 745 7 view .LVU549
 1883 0100 2268     		ldr	r2, [r4]
 1884 0102 D368     		ldr	r3, [r2, #12]
 1885 0104 43F00803 		orr	r3, r3, #8
 1886 0108 D360     		str	r3, [r2, #12]
 746:Drivers/STM32F7xx_HAL_Driver/Src/stm32f7xx_hal_tim_ex.c ****     }
 1887              		.loc 1 746 7 view .LVU550
 755:Drivers/STM32F7xx_HAL_Driver/Src/stm32f7xx_hal_tim_ex.c ****   {
 1888              		.loc 1 755 3 view .LVU551
 1889 010a 91E7     		b	.L120
 1890              	.LVL117:
 1891              	.L121:
 769:Drivers/STM32F7xx_HAL_Driver/Src/stm32f7xx_hal_tim_ex.c ****       if (!IS_TIM_SLAVEMODE_TRIGGER_ENABLED(tmpsmcr))
 1892              		.loc 1 769 7 view .LVU552
 769:Drivers/STM32F7xx_HAL_Driver/Src/stm32f7xx_hal_tim_ex.c ****       if (!IS_TIM_SLAVEMODE_TRIGGER_ENABLED(tmpsmcr))
 1893              		.loc 1 769 31 is_stmt 0 view .LVU553
 1894 010c 9968     		ldr	r1, [r3, #8]
 769:Drivers/STM32F7xx_HAL_Driver/Src/stm32f7xx_hal_tim_ex.c ****       if (!IS_TIM_SLAVEMODE_TRIGGER_ENABLED(tmpsmcr))
 1895              		.loc 1 769 15 view .LVU554
 1896 010e 094A     		ldr	r2, .L131+4
 1897 0110 0A40     		ands	r2, r2, r1
 1898              	.LVL118:
 770:Drivers/STM32F7xx_HAL_Driver/Src/stm32f7xx_hal_tim_ex.c ****       {
 1899              		.loc 1 770 7 is_stmt 1 view .LVU555
 770:Drivers/STM32F7xx_HAL_Driver/Src/stm32f7xx_hal_tim_ex.c ****       {
 1900              		.loc 1 770 10 is_stmt 0 view .LVU556
 1901 0112 062A     		cmp	r2, #6
 1902 0114 18BF     		it	ne
 1903 0116 B2F5803F 		cmpne	r2, #65536
 1904 011a 07D0     		beq	.L125
 772:Drivers/STM32F7xx_HAL_Driver/Src/stm32f7xx_hal_tim_ex.c ****       }
 1905              		.loc 1 772 9 is_stmt 1 view .LVU557
ARM GAS  /tmp/ccJkDeps.s 			page 89


 1906 011c 1A68     		ldr	r2, [r3]
 1907              	.LVL119:
 772:Drivers/STM32F7xx_HAL_Driver/Src/stm32f7xx_hal_tim_ex.c ****       }
 1908              		.loc 1 772 9 is_stmt 0 view .LVU558
 1909 011e 42F00102 		orr	r2, r2, #1
 1910 0122 1A60     		str	r2, [r3]
 1911 0124 0020     		movs	r0, #0
 1912 0126 00E0     		b	.L113
 1913              	.LVL120:
 1914              	.L123:
 720:Drivers/STM32F7xx_HAL_Driver/Src/stm32f7xx_hal_tim_ex.c ****   }
 1915              		.loc 1 720 12 view .LVU559
 1916 0128 0120     		movs	r0, #1
 1917              	.LVL121:
 1918              	.L113:
 783:Drivers/STM32F7xx_HAL_Driver/Src/stm32f7xx_hal_tim_ex.c **** 
 1919              		.loc 1 783 1 view .LVU560
 1920 012a 10BD     		pop	{r4, pc}
 1921              	.LVL122:
 1922              	.L125:
 783:Drivers/STM32F7xx_HAL_Driver/Src/stm32f7xx_hal_tim_ex.c **** 
 1923              		.loc 1 783 1 view .LVU561
 1924 012c 0020     		movs	r0, #0
 1925 012e FCE7     		b	.L113
 1926              	.L132:
 1927              		.align	2
 1928              	.L131:
 1929 0130 00000140 		.word	1073807360
 1930 0134 07000100 		.word	65543
 1931              		.cfi_endproc
 1932              	.LFE153:
 1934              		.section	.text.HAL_TIMEx_OCN_Stop_IT,"ax",%progbits
 1935              		.align	1
 1936              		.global	HAL_TIMEx_OCN_Stop_IT
 1937              		.syntax unified
 1938              		.thumb
 1939              		.thumb_func
 1941              	HAL_TIMEx_OCN_Stop_IT:
 1942              	.LVL123:
 1943              	.LFB154:
 797:Drivers/STM32F7xx_HAL_Driver/Src/stm32f7xx_hal_tim_ex.c ****   HAL_StatusTypeDef status = HAL_OK;
 1944              		.loc 1 797 1 is_stmt 1 view -0
 1945              		.cfi_startproc
 1946              		@ args = 0, pretend = 0, frame = 0
 1947              		@ frame_needed = 0, uses_anonymous_args = 0
 797:Drivers/STM32F7xx_HAL_Driver/Src/stm32f7xx_hal_tim_ex.c ****   HAL_StatusTypeDef status = HAL_OK;
 1948              		.loc 1 797 1 is_stmt 0 view .LVU563
 1949 0000 38B5     		push	{r3, r4, r5, lr}
 1950              	.LCFI17:
 1951              		.cfi_def_cfa_offset 16
 1952              		.cfi_offset 3, -16
 1953              		.cfi_offset 4, -12
 1954              		.cfi_offset 5, -8
 1955              		.cfi_offset 14, -4
 1956 0002 0546     		mov	r5, r0
 1957 0004 0C46     		mov	r4, r1
 798:Drivers/STM32F7xx_HAL_Driver/Src/stm32f7xx_hal_tim_ex.c ****   uint32_t tmpccer;
ARM GAS  /tmp/ccJkDeps.s 			page 90


 1958              		.loc 1 798 3 is_stmt 1 view .LVU564
 1959              	.LVL124:
 799:Drivers/STM32F7xx_HAL_Driver/Src/stm32f7xx_hal_tim_ex.c **** 
 1960              		.loc 1 799 3 view .LVU565
 802:Drivers/STM32F7xx_HAL_Driver/Src/stm32f7xx_hal_tim_ex.c **** 
 1961              		.loc 1 802 3 view .LVU566
 804:Drivers/STM32F7xx_HAL_Driver/Src/stm32f7xx_hal_tim_ex.c ****   {
 1962              		.loc 1 804 3 view .LVU567
 1963 0006 0429     		cmp	r1, #4
 1964 0008 3CD0     		beq	.L134
 1965 000a 0829     		cmp	r1, #8
 1966 000c 40D0     		beq	.L135
 1967 000e 09B1     		cbz	r1, .L146
 1968 0010 0120     		movs	r0, #1
 1969              	.LVL125:
 1970              	.L136:
 855:Drivers/STM32F7xx_HAL_Driver/Src/stm32f7xx_hal_tim_ex.c **** }
 1971              		.loc 1 855 3 view .LVU568
 856:Drivers/STM32F7xx_HAL_Driver/Src/stm32f7xx_hal_tim_ex.c **** 
 1972              		.loc 1 856 1 is_stmt 0 view .LVU569
 1973 0012 38BD     		pop	{r3, r4, r5, pc}
 1974              	.LVL126:
 1975              	.L146:
 809:Drivers/STM32F7xx_HAL_Driver/Src/stm32f7xx_hal_tim_ex.c ****       break;
 1976              		.loc 1 809 7 is_stmt 1 view .LVU570
 1977 0014 0268     		ldr	r2, [r0]
 1978 0016 D368     		ldr	r3, [r2, #12]
 1979 0018 23F00203 		bic	r3, r3, #2
 1980 001c D360     		str	r3, [r2, #12]
 810:Drivers/STM32F7xx_HAL_Driver/Src/stm32f7xx_hal_tim_ex.c ****     }
 1981              		.loc 1 810 7 view .LVU571
 832:Drivers/STM32F7xx_HAL_Driver/Src/stm32f7xx_hal_tim_ex.c ****   {
 1982              		.loc 1 832 3 view .LVU572
 1983              	.L137:
 835:Drivers/STM32F7xx_HAL_Driver/Src/stm32f7xx_hal_tim_ex.c **** 
 1984              		.loc 1 835 5 view .LVU573
 1985 001e 0022     		movs	r2, #0
 1986 0020 2146     		mov	r1, r4
 1987              	.LVL127:
 835:Drivers/STM32F7xx_HAL_Driver/Src/stm32f7xx_hal_tim_ex.c **** 
 1988              		.loc 1 835 5 is_stmt 0 view .LVU574
 1989 0022 2868     		ldr	r0, [r5]
 1990              	.LVL128:
 835:Drivers/STM32F7xx_HAL_Driver/Src/stm32f7xx_hal_tim_ex.c **** 
 1991              		.loc 1 835 5 view .LVU575
 1992 0024 FFF7FEFF 		bl	TIM_CCxNChannelCmd
 1993              	.LVL129:
 838:Drivers/STM32F7xx_HAL_Driver/Src/stm32f7xx_hal_tim_ex.c ****     if ((tmpccer & (TIM_CCER_CC1NE | TIM_CCER_CC2NE | TIM_CCER_CC3NE)) == (uint32_t)RESET)
 1994              		.loc 1 838 5 is_stmt 1 view .LVU576
 838:Drivers/STM32F7xx_HAL_Driver/Src/stm32f7xx_hal_tim_ex.c ****     if ((tmpccer & (TIM_CCER_CC1NE | TIM_CCER_CC2NE | TIM_CCER_CC3NE)) == (uint32_t)RESET)
 1995              		.loc 1 838 19 is_stmt 0 view .LVU577
 1996 0028 2B68     		ldr	r3, [r5]
 838:Drivers/STM32F7xx_HAL_Driver/Src/stm32f7xx_hal_tim_ex.c ****     if ((tmpccer & (TIM_CCER_CC1NE | TIM_CCER_CC2NE | TIM_CCER_CC3NE)) == (uint32_t)RESET)
 1997              		.loc 1 838 13 view .LVU578
 1998 002a 196A     		ldr	r1, [r3, #32]
 1999              	.LVL130:
 839:Drivers/STM32F7xx_HAL_Driver/Src/stm32f7xx_hal_tim_ex.c ****     {
ARM GAS  /tmp/ccJkDeps.s 			page 91


 2000              		.loc 1 839 5 is_stmt 1 view .LVU579
 839:Drivers/STM32F7xx_HAL_Driver/Src/stm32f7xx_hal_tim_ex.c ****     {
 2001              		.loc 1 839 8 is_stmt 0 view .LVU580
 2002 002c 40F24442 		movw	r2, #1092
 2003 0030 1142     		tst	r1, r2
 2004 0032 03D1     		bne	.L138
 841:Drivers/STM32F7xx_HAL_Driver/Src/stm32f7xx_hal_tim_ex.c ****     }
 2005              		.loc 1 841 7 is_stmt 1 view .LVU581
 2006 0034 DA68     		ldr	r2, [r3, #12]
 2007 0036 22F08002 		bic	r2, r2, #128
 2008 003a DA60     		str	r2, [r3, #12]
 2009              	.L138:
 845:Drivers/STM32F7xx_HAL_Driver/Src/stm32f7xx_hal_tim_ex.c **** 
 2010              		.loc 1 845 5 view .LVU582
 845:Drivers/STM32F7xx_HAL_Driver/Src/stm32f7xx_hal_tim_ex.c **** 
 2011              		.loc 1 845 5 view .LVU583
 2012 003c 2B68     		ldr	r3, [r5]
 2013 003e 196A     		ldr	r1, [r3, #32]
 2014              	.LVL131:
 845:Drivers/STM32F7xx_HAL_Driver/Src/stm32f7xx_hal_tim_ex.c **** 
 2015              		.loc 1 845 5 is_stmt 0 view .LVU584
 2016 0040 41F21112 		movw	r2, #4369
 2017 0044 1142     		tst	r1, r2
 2018 0046 08D1     		bne	.L139
 845:Drivers/STM32F7xx_HAL_Driver/Src/stm32f7xx_hal_tim_ex.c **** 
 2019              		.loc 1 845 5 is_stmt 1 discriminator 1 view .LVU585
 2020 0048 196A     		ldr	r1, [r3, #32]
 2021 004a 40F24442 		movw	r2, #1092
 2022 004e 1142     		tst	r1, r2
 2023 0050 03D1     		bne	.L139
 845:Drivers/STM32F7xx_HAL_Driver/Src/stm32f7xx_hal_tim_ex.c **** 
 2024              		.loc 1 845 5 discriminator 3 view .LVU586
 2025 0052 5A6C     		ldr	r2, [r3, #68]
 2026 0054 22F40042 		bic	r2, r2, #32768
 2027 0058 5A64     		str	r2, [r3, #68]
 2028              	.L139:
 845:Drivers/STM32F7xx_HAL_Driver/Src/stm32f7xx_hal_tim_ex.c **** 
 2029              		.loc 1 845 5 discriminator 5 view .LVU587
 848:Drivers/STM32F7xx_HAL_Driver/Src/stm32f7xx_hal_tim_ex.c **** 
 2030              		.loc 1 848 5 discriminator 5 view .LVU588
 848:Drivers/STM32F7xx_HAL_Driver/Src/stm32f7xx_hal_tim_ex.c **** 
 2031              		.loc 1 848 5 discriminator 5 view .LVU589
 2032 005a 2B68     		ldr	r3, [r5]
 2033 005c 196A     		ldr	r1, [r3, #32]
 2034 005e 41F21112 		movw	r2, #4369
 2035 0062 1142     		tst	r1, r2
 2036 0064 08D1     		bne	.L140
 848:Drivers/STM32F7xx_HAL_Driver/Src/stm32f7xx_hal_tim_ex.c **** 
 2037              		.loc 1 848 5 discriminator 1 view .LVU590
 2038 0066 196A     		ldr	r1, [r3, #32]
 2039 0068 40F24442 		movw	r2, #1092
 2040 006c 1142     		tst	r1, r2
 2041 006e 03D1     		bne	.L140
 848:Drivers/STM32F7xx_HAL_Driver/Src/stm32f7xx_hal_tim_ex.c **** 
 2042              		.loc 1 848 5 discriminator 3 view .LVU591
 2043 0070 1A68     		ldr	r2, [r3]
 2044 0072 22F00102 		bic	r2, r2, #1
ARM GAS  /tmp/ccJkDeps.s 			page 92


 2045 0076 1A60     		str	r2, [r3]
 2046              	.L140:
 848:Drivers/STM32F7xx_HAL_Driver/Src/stm32f7xx_hal_tim_ex.c **** 
 2047              		.loc 1 848 5 discriminator 5 view .LVU592
 851:Drivers/STM32F7xx_HAL_Driver/Src/stm32f7xx_hal_tim_ex.c ****   }
 2048              		.loc 1 851 5 discriminator 5 view .LVU593
 2049 0078 84B9     		cbnz	r4, .L141
 851:Drivers/STM32F7xx_HAL_Driver/Src/stm32f7xx_hal_tim_ex.c ****   }
 2050              		.loc 1 851 5 is_stmt 0 discriminator 1 view .LVU594
 2051 007a 0123     		movs	r3, #1
 2052 007c 85F84430 		strb	r3, [r5, #68]
 2053 0080 0020     		movs	r0, #0
 2054 0082 C6E7     		b	.L136
 2055              	.LVL132:
 2056              	.L134:
 816:Drivers/STM32F7xx_HAL_Driver/Src/stm32f7xx_hal_tim_ex.c ****       break;
 2057              		.loc 1 816 7 is_stmt 1 view .LVU595
 2058 0084 0268     		ldr	r2, [r0]
 2059 0086 D368     		ldr	r3, [r2, #12]
 2060 0088 23F00403 		bic	r3, r3, #4
 2061 008c D360     		str	r3, [r2, #12]
 817:Drivers/STM32F7xx_HAL_Driver/Src/stm32f7xx_hal_tim_ex.c ****     }
 2062              		.loc 1 817 7 view .LVU596
 832:Drivers/STM32F7xx_HAL_Driver/Src/stm32f7xx_hal_tim_ex.c ****   {
 2063              		.loc 1 832 3 view .LVU597
 2064 008e C6E7     		b	.L137
 2065              	.L135:
 823:Drivers/STM32F7xx_HAL_Driver/Src/stm32f7xx_hal_tim_ex.c ****       break;
 2066              		.loc 1 823 7 view .LVU598
 2067 0090 0268     		ldr	r2, [r0]
 2068 0092 D368     		ldr	r3, [r2, #12]
 2069 0094 23F00803 		bic	r3, r3, #8
 2070 0098 D360     		str	r3, [r2, #12]
 824:Drivers/STM32F7xx_HAL_Driver/Src/stm32f7xx_hal_tim_ex.c ****     }
 2071              		.loc 1 824 7 view .LVU599
 832:Drivers/STM32F7xx_HAL_Driver/Src/stm32f7xx_hal_tim_ex.c ****   {
 2072              		.loc 1 832 3 view .LVU600
 2073 009a C0E7     		b	.L137
 2074              	.LVL133:
 2075              	.L141:
 851:Drivers/STM32F7xx_HAL_Driver/Src/stm32f7xx_hal_tim_ex.c ****   }
 2076              		.loc 1 851 5 is_stmt 0 discriminator 2 view .LVU601
 2077 009c 042C     		cmp	r4, #4
 2078 009e 06D0     		beq	.L147
 851:Drivers/STM32F7xx_HAL_Driver/Src/stm32f7xx_hal_tim_ex.c ****   }
 2079              		.loc 1 851 5 discriminator 4 view .LVU602
 2080 00a0 082C     		cmp	r4, #8
 2081 00a2 09D0     		beq	.L148
 851:Drivers/STM32F7xx_HAL_Driver/Src/stm32f7xx_hal_tim_ex.c ****   }
 2082              		.loc 1 851 5 discriminator 7 view .LVU603
 2083 00a4 0123     		movs	r3, #1
 2084 00a6 85F84730 		strb	r3, [r5, #71]
 2085 00aa 0020     		movs	r0, #0
 2086 00ac B1E7     		b	.L136
 2087              	.L147:
 851:Drivers/STM32F7xx_HAL_Driver/Src/stm32f7xx_hal_tim_ex.c ****   }
 2088              		.loc 1 851 5 discriminator 3 view .LVU604
ARM GAS  /tmp/ccJkDeps.s 			page 93


 2089 00ae 0123     		movs	r3, #1
 2090 00b0 85F84530 		strb	r3, [r5, #69]
 2091 00b4 0020     		movs	r0, #0
 2092 00b6 ACE7     		b	.L136
 2093              	.L148:
 851:Drivers/STM32F7xx_HAL_Driver/Src/stm32f7xx_hal_tim_ex.c ****   }
 2094              		.loc 1 851 5 discriminator 6 view .LVU605
 2095 00b8 0123     		movs	r3, #1
 2096 00ba 85F84630 		strb	r3, [r5, #70]
 2097 00be 0020     		movs	r0, #0
 2098 00c0 A7E7     		b	.L136
 2099              		.cfi_endproc
 2100              	.LFE154:
 2102              		.section	.text.HAL_TIMEx_OCN_Start_DMA,"ax",%progbits
 2103              		.align	1
 2104              		.global	HAL_TIMEx_OCN_Start_DMA
 2105              		.syntax unified
 2106              		.thumb
 2107              		.thumb_func
 2109              	HAL_TIMEx_OCN_Start_DMA:
 2110              	.LVL134:
 2111              	.LFB155:
 873:Drivers/STM32F7xx_HAL_Driver/Src/stm32f7xx_hal_tim_ex.c ****   HAL_StatusTypeDef status = HAL_OK;
 2112              		.loc 1 873 1 is_stmt 1 view -0
 2113              		.cfi_startproc
 2114              		@ args = 0, pretend = 0, frame = 0
 2115              		@ frame_needed = 0, uses_anonymous_args = 0
 873:Drivers/STM32F7xx_HAL_Driver/Src/stm32f7xx_hal_tim_ex.c ****   HAL_StatusTypeDef status = HAL_OK;
 2116              		.loc 1 873 1 is_stmt 0 view .LVU607
 2117 0000 38B5     		push	{r3, r4, r5, lr}
 2118              	.LCFI18:
 2119              		.cfi_def_cfa_offset 16
 2120              		.cfi_offset 3, -16
 2121              		.cfi_offset 4, -12
 2122              		.cfi_offset 5, -8
 2123              		.cfi_offset 14, -4
 2124 0002 0446     		mov	r4, r0
 2125 0004 9446     		mov	ip, r2
 874:Drivers/STM32F7xx_HAL_Driver/Src/stm32f7xx_hal_tim_ex.c ****   uint32_t tmpsmcr;
 2126              		.loc 1 874 3 is_stmt 1 view .LVU608
 2127              	.LVL135:
 875:Drivers/STM32F7xx_HAL_Driver/Src/stm32f7xx_hal_tim_ex.c **** 
 2128              		.loc 1 875 3 view .LVU609
 878:Drivers/STM32F7xx_HAL_Driver/Src/stm32f7xx_hal_tim_ex.c **** 
 2129              		.loc 1 878 3 view .LVU610
 881:Drivers/STM32F7xx_HAL_Driver/Src/stm32f7xx_hal_tim_ex.c ****   {
 2130              		.loc 1 881 3 view .LVU611
 881:Drivers/STM32F7xx_HAL_Driver/Src/stm32f7xx_hal_tim_ex.c ****   {
 2131              		.loc 1 881 46 is_stmt 0 view .LVU612
 2132 0006 0D46     		mov	r5, r1
 2133 0008 0029     		cmp	r1, #0
 2134 000a 6ED1     		bne	.L150
 881:Drivers/STM32F7xx_HAL_Driver/Src/stm32f7xx_hal_tim_ex.c ****   {
 2135              		.loc 1 881 7 discriminator 1 view .LVU613
 2136 000c 90F84400 		ldrb	r0, [r0, #68]	@ zero_extendqisi2
 2137              	.LVL136:
 881:Drivers/STM32F7xx_HAL_Driver/Src/stm32f7xx_hal_tim_ex.c ****   {
ARM GAS  /tmp/ccJkDeps.s 			page 94


 2138              		.loc 1 881 7 discriminator 1 view .LVU614
 2139 0010 C0B2     		uxtb	r0, r0
 881:Drivers/STM32F7xx_HAL_Driver/Src/stm32f7xx_hal_tim_ex.c ****   {
 2140              		.loc 1 881 46 discriminator 1 view .LVU615
 2141 0012 0228     		cmp	r0, #2
 2142 0014 14BF     		ite	ne
 2143 0016 0020     		movne	r0, #0
 2144 0018 0120     		moveq	r0, #1
 2145              	.L151:
 881:Drivers/STM32F7xx_HAL_Driver/Src/stm32f7xx_hal_tim_ex.c ****   {
 2146              		.loc 1 881 6 discriminator 12 view .LVU616
 2147 001a 0028     		cmp	r0, #0
 2148 001c 40F0EE80 		bne	.L168
 885:Drivers/STM32F7xx_HAL_Driver/Src/stm32f7xx_hal_tim_ex.c ****   {
 2149              		.loc 1 885 8 is_stmt 1 view .LVU617
 885:Drivers/STM32F7xx_HAL_Driver/Src/stm32f7xx_hal_tim_ex.c ****   {
 2150              		.loc 1 885 51 is_stmt 0 view .LVU618
 2151 0020 002D     		cmp	r5, #0
 2152 0022 7ED1     		bne	.L155
 885:Drivers/STM32F7xx_HAL_Driver/Src/stm32f7xx_hal_tim_ex.c ****   {
 2153              		.loc 1 885 12 discriminator 1 view .LVU619
 2154 0024 94F84420 		ldrb	r2, [r4, #68]	@ zero_extendqisi2
 2155              	.LVL137:
 885:Drivers/STM32F7xx_HAL_Driver/Src/stm32f7xx_hal_tim_ex.c ****   {
 2156              		.loc 1 885 12 discriminator 1 view .LVU620
 2157 0028 D2B2     		uxtb	r2, r2
 885:Drivers/STM32F7xx_HAL_Driver/Src/stm32f7xx_hal_tim_ex.c ****   {
 2158              		.loc 1 885 51 discriminator 1 view .LVU621
 2159 002a 012A     		cmp	r2, #1
 2160 002c 14BF     		ite	ne
 2161 002e 0022     		movne	r2, #0
 2162 0030 0122     		moveq	r2, #1
 2163              	.L156:
 885:Drivers/STM32F7xx_HAL_Driver/Src/stm32f7xx_hal_tim_ex.c ****   {
 2164              		.loc 1 885 11 discriminator 12 view .LVU622
 2165 0032 002A     		cmp	r2, #0
 2166 0034 00F0E480 		beq	.L169
 887:Drivers/STM32F7xx_HAL_Driver/Src/stm32f7xx_hal_tim_ex.c ****     {
 2167              		.loc 1 887 5 is_stmt 1 view .LVU623
 887:Drivers/STM32F7xx_HAL_Driver/Src/stm32f7xx_hal_tim_ex.c ****     {
 2168              		.loc 1 887 8 is_stmt 0 view .LVU624
 2169 0038 002B     		cmp	r3, #0
 2170 003a 18BF     		it	ne
 2171 003c BCF1000F 		cmpne	ip, #0
 2172 0040 00F0E080 		beq	.L170
 893:Drivers/STM32F7xx_HAL_Driver/Src/stm32f7xx_hal_tim_ex.c ****     }
 2173              		.loc 1 893 7 is_stmt 1 view .LVU625
 2174 0044 002D     		cmp	r5, #0
 2175 0046 40F08880 		bne	.L159
 2176 004a 0222     		movs	r2, #2
 2177 004c 84F84420 		strb	r2, [r4, #68]
 901:Drivers/STM32F7xx_HAL_Driver/Src/stm32f7xx_hal_tim_ex.c ****   {
 2178              		.loc 1 901 3 view .LVU626
 2179              	.L160:
 906:Drivers/STM32F7xx_HAL_Driver/Src/stm32f7xx_hal_tim_ex.c ****       htim->hdma[TIM_DMA_ID_CC1]->XferHalfCpltCallback = TIM_DMADelayPulseHalfCplt;
 2180              		.loc 1 906 7 view .LVU627
 906:Drivers/STM32F7xx_HAL_Driver/Src/stm32f7xx_hal_tim_ex.c ****       htim->hdma[TIM_DMA_ID_CC1]->XferHalfCpltCallback = TIM_DMADelayPulseHalfCplt;
ARM GAS  /tmp/ccJkDeps.s 			page 95


 2181              		.loc 1 906 17 is_stmt 0 view .LVU628
 2182 0050 626A     		ldr	r2, [r4, #36]
 906:Drivers/STM32F7xx_HAL_Driver/Src/stm32f7xx_hal_tim_ex.c ****       htim->hdma[TIM_DMA_ID_CC1]->XferHalfCpltCallback = TIM_DMADelayPulseHalfCplt;
 2183              		.loc 1 906 52 view .LVU629
 2184 0052 7149     		ldr	r1, .L183
 2185              	.LVL138:
 906:Drivers/STM32F7xx_HAL_Driver/Src/stm32f7xx_hal_tim_ex.c ****       htim->hdma[TIM_DMA_ID_CC1]->XferHalfCpltCallback = TIM_DMADelayPulseHalfCplt;
 2186              		.loc 1 906 52 view .LVU630
 2187 0054 D163     		str	r1, [r2, #60]
 907:Drivers/STM32F7xx_HAL_Driver/Src/stm32f7xx_hal_tim_ex.c **** 
 2188              		.loc 1 907 7 is_stmt 1 view .LVU631
 907:Drivers/STM32F7xx_HAL_Driver/Src/stm32f7xx_hal_tim_ex.c **** 
 2189              		.loc 1 907 17 is_stmt 0 view .LVU632
 2190 0056 626A     		ldr	r2, [r4, #36]
 907:Drivers/STM32F7xx_HAL_Driver/Src/stm32f7xx_hal_tim_ex.c **** 
 2191              		.loc 1 907 56 view .LVU633
 2192 0058 7049     		ldr	r1, .L183+4
 2193 005a 1164     		str	r1, [r2, #64]
 910:Drivers/STM32F7xx_HAL_Driver/Src/stm32f7xx_hal_tim_ex.c **** 
 2194              		.loc 1 910 7 is_stmt 1 view .LVU634
 910:Drivers/STM32F7xx_HAL_Driver/Src/stm32f7xx_hal_tim_ex.c **** 
 2195              		.loc 1 910 17 is_stmt 0 view .LVU635
 2196 005c 626A     		ldr	r2, [r4, #36]
 910:Drivers/STM32F7xx_HAL_Driver/Src/stm32f7xx_hal_tim_ex.c **** 
 2197              		.loc 1 910 53 view .LVU636
 2198 005e 7049     		ldr	r1, .L183+8
 2199 0060 D164     		str	r1, [r2, #76]
 913:Drivers/STM32F7xx_HAL_Driver/Src/stm32f7xx_hal_tim_ex.c ****                            Length) != HAL_OK)
 2200              		.loc 1 913 7 is_stmt 1 view .LVU637
 913:Drivers/STM32F7xx_HAL_Driver/Src/stm32f7xx_hal_tim_ex.c ****                            Length) != HAL_OK)
 2201              		.loc 1 913 88 is_stmt 0 view .LVU638
 2202 0062 2268     		ldr	r2, [r4]
 913:Drivers/STM32F7xx_HAL_Driver/Src/stm32f7xx_hal_tim_ex.c ****                            Length) != HAL_OK)
 2203              		.loc 1 913 11 view .LVU639
 2204 0064 3432     		adds	r2, r2, #52
 2205 0066 6146     		mov	r1, ip
 2206 0068 606A     		ldr	r0, [r4, #36]
 2207 006a FFF7FEFF 		bl	HAL_DMA_Start_IT
 2208              	.LVL139:
 913:Drivers/STM32F7xx_HAL_Driver/Src/stm32f7xx_hal_tim_ex.c ****                            Length) != HAL_OK)
 2209              		.loc 1 913 10 view .LVU640
 2210 006e 0028     		cmp	r0, #0
 2211 0070 40F0CA80 		bne	.L172
 920:Drivers/STM32F7xx_HAL_Driver/Src/stm32f7xx_hal_tim_ex.c ****       break;
 2212              		.loc 1 920 7 is_stmt 1 view .LVU641
 2213 0074 2268     		ldr	r2, [r4]
 2214 0076 D368     		ldr	r3, [r2, #12]
 2215 0078 43F40073 		orr	r3, r3, #512
 2216 007c D360     		str	r3, [r2, #12]
 921:Drivers/STM32F7xx_HAL_Driver/Src/stm32f7xx_hal_tim_ex.c ****     }
 2217              		.loc 1 921 7 view .LVU642
 971:Drivers/STM32F7xx_HAL_Driver/Src/stm32f7xx_hal_tim_ex.c ****   {
 2218              		.loc 1 971 3 view .LVU643
 2219              	.L165:
 974:Drivers/STM32F7xx_HAL_Driver/Src/stm32f7xx_hal_tim_ex.c **** 
 2220              		.loc 1 974 5 view .LVU644
 2221 007e 0422     		movs	r2, #4
ARM GAS  /tmp/ccJkDeps.s 			page 96


 2222 0080 2946     		mov	r1, r5
 2223 0082 2068     		ldr	r0, [r4]
 2224 0084 FFF7FEFF 		bl	TIM_CCxNChannelCmd
 2225              	.LVL140:
 977:Drivers/STM32F7xx_HAL_Driver/Src/stm32f7xx_hal_tim_ex.c **** 
 2226              		.loc 1 977 5 view .LVU645
 2227 0088 2268     		ldr	r2, [r4]
 2228 008a 536C     		ldr	r3, [r2, #68]
 2229 008c 43F40043 		orr	r3, r3, #32768
 2230 0090 5364     		str	r3, [r2, #68]
 980:Drivers/STM32F7xx_HAL_Driver/Src/stm32f7xx_hal_tim_ex.c ****     {
 2231              		.loc 1 980 5 view .LVU646
 980:Drivers/STM32F7xx_HAL_Driver/Src/stm32f7xx_hal_tim_ex.c ****     {
 2232              		.loc 1 980 9 is_stmt 0 view .LVU647
 2233 0092 2368     		ldr	r3, [r4]
 980:Drivers/STM32F7xx_HAL_Driver/Src/stm32f7xx_hal_tim_ex.c ****     {
 2234              		.loc 1 980 8 view .LVU648
 2235 0094 634A     		ldr	r2, .L183+12
 2236 0096 B3F1804F 		cmp	r3, #1073741824
 2237 009a 18BF     		it	ne
 2238 009c 9342     		cmpne	r3, r2
 2239 009e 00F09F80 		beq	.L166
 980:Drivers/STM32F7xx_HAL_Driver/Src/stm32f7xx_hal_tim_ex.c ****     {
 2240              		.loc 1 980 9 discriminator 1 view .LVU649
 2241 00a2 A2F57C42 		sub	r2, r2, #64512
 2242 00a6 9342     		cmp	r3, r2
 2243 00a8 00F09A80 		beq	.L166
 980:Drivers/STM32F7xx_HAL_Driver/Src/stm32f7xx_hal_tim_ex.c ****     {
 2244              		.loc 1 980 9 discriminator 2 view .LVU650
 2245 00ac 02F58062 		add	r2, r2, #1024
 2246 00b0 9342     		cmp	r3, r2
 2247 00b2 00F09580 		beq	.L166
 980:Drivers/STM32F7xx_HAL_Driver/Src/stm32f7xx_hal_tim_ex.c ****     {
 2248              		.loc 1 980 9 discriminator 3 view .LVU651
 2249 00b6 02F58062 		add	r2, r2, #1024
 2250 00ba 9342     		cmp	r3, r2
 2251 00bc 00F09080 		beq	.L166
 980:Drivers/STM32F7xx_HAL_Driver/Src/stm32f7xx_hal_tim_ex.c ****     {
 2252              		.loc 1 980 9 discriminator 4 view .LVU652
 2253 00c0 02F57842 		add	r2, r2, #63488
 2254 00c4 9342     		cmp	r3, r2
 2255 00c6 00F08B80 		beq	.L166
 980:Drivers/STM32F7xx_HAL_Driver/Src/stm32f7xx_hal_tim_ex.c ****     {
 2256              		.loc 1 980 9 discriminator 5 view .LVU653
 2257 00ca 02F57052 		add	r2, r2, #15360
 2258 00ce 9342     		cmp	r3, r2
 2259 00d0 00F08680 		beq	.L166
 980:Drivers/STM32F7xx_HAL_Driver/Src/stm32f7xx_hal_tim_ex.c ****     {
 2260              		.loc 1 980 9 discriminator 6 view .LVU654
 2261 00d4 A2F59432 		sub	r2, r2, #75776
 2262 00d8 9342     		cmp	r3, r2
 2263 00da 00F08180 		beq	.L166
 990:Drivers/STM32F7xx_HAL_Driver/Src/stm32f7xx_hal_tim_ex.c ****     }
 2264              		.loc 1 990 7 is_stmt 1 view .LVU655
 2265 00de 1A68     		ldr	r2, [r3]
 2266 00e0 42F00102 		orr	r2, r2, #1
 2267 00e4 1A60     		str	r2, [r3]
ARM GAS  /tmp/ccJkDeps.s 			page 97


 2268 00e6 0020     		movs	r0, #0
 2269 00e8 8BE0     		b	.L154
 2270              	.LVL141:
 2271              	.L150:
 881:Drivers/STM32F7xx_HAL_Driver/Src/stm32f7xx_hal_tim_ex.c ****   {
 2272              		.loc 1 881 46 is_stmt 0 discriminator 2 view .LVU656
 2273 00ea 0429     		cmp	r1, #4
 2274 00ec 09D0     		beq	.L177
 881:Drivers/STM32F7xx_HAL_Driver/Src/stm32f7xx_hal_tim_ex.c ****   {
 2275              		.loc 1 881 46 discriminator 5 view .LVU657
 2276 00ee 0829     		cmp	r1, #8
 2277 00f0 0FD0     		beq	.L178
 881:Drivers/STM32F7xx_HAL_Driver/Src/stm32f7xx_hal_tim_ex.c ****   {
 2278              		.loc 1 881 7 discriminator 8 view .LVU658
 2279 00f2 90F84700 		ldrb	r0, [r0, #71]	@ zero_extendqisi2
 2280              	.LVL142:
 881:Drivers/STM32F7xx_HAL_Driver/Src/stm32f7xx_hal_tim_ex.c ****   {
 2281              		.loc 1 881 7 discriminator 8 view .LVU659
 2282 00f6 C0B2     		uxtb	r0, r0
 881:Drivers/STM32F7xx_HAL_Driver/Src/stm32f7xx_hal_tim_ex.c ****   {
 2283              		.loc 1 881 46 discriminator 8 view .LVU660
 2284 00f8 0228     		cmp	r0, #2
 2285 00fa 14BF     		ite	ne
 2286 00fc 0020     		movne	r0, #0
 2287 00fe 0120     		moveq	r0, #1
 2288 0100 8BE7     		b	.L151
 2289              	.LVL143:
 2290              	.L177:
 881:Drivers/STM32F7xx_HAL_Driver/Src/stm32f7xx_hal_tim_ex.c ****   {
 2291              		.loc 1 881 7 discriminator 4 view .LVU661
 2292 0102 90F84500 		ldrb	r0, [r0, #69]	@ zero_extendqisi2
 2293              	.LVL144:
 881:Drivers/STM32F7xx_HAL_Driver/Src/stm32f7xx_hal_tim_ex.c ****   {
 2294              		.loc 1 881 7 discriminator 4 view .LVU662
 2295 0106 C0B2     		uxtb	r0, r0
 881:Drivers/STM32F7xx_HAL_Driver/Src/stm32f7xx_hal_tim_ex.c ****   {
 2296              		.loc 1 881 46 discriminator 4 view .LVU663
 2297 0108 0228     		cmp	r0, #2
 2298 010a 14BF     		ite	ne
 2299 010c 0020     		movne	r0, #0
 2300 010e 0120     		moveq	r0, #1
 2301 0110 83E7     		b	.L151
 2302              	.LVL145:
 2303              	.L178:
 881:Drivers/STM32F7xx_HAL_Driver/Src/stm32f7xx_hal_tim_ex.c ****   {
 2304              		.loc 1 881 7 discriminator 7 view .LVU664
 2305 0112 90F84600 		ldrb	r0, [r0, #70]	@ zero_extendqisi2
 2306              	.LVL146:
 881:Drivers/STM32F7xx_HAL_Driver/Src/stm32f7xx_hal_tim_ex.c ****   {
 2307              		.loc 1 881 7 discriminator 7 view .LVU665
 2308 0116 C0B2     		uxtb	r0, r0
 881:Drivers/STM32F7xx_HAL_Driver/Src/stm32f7xx_hal_tim_ex.c ****   {
 2309              		.loc 1 881 46 discriminator 7 view .LVU666
 2310 0118 0228     		cmp	r0, #2
 2311 011a 14BF     		ite	ne
 2312 011c 0020     		movne	r0, #0
 2313 011e 0120     		moveq	r0, #1
ARM GAS  /tmp/ccJkDeps.s 			page 98


 2314 0120 7BE7     		b	.L151
 2315              	.L155:
 885:Drivers/STM32F7xx_HAL_Driver/Src/stm32f7xx_hal_tim_ex.c ****   {
 2316              		.loc 1 885 51 discriminator 2 view .LVU667
 2317 0122 042D     		cmp	r5, #4
 2318 0124 09D0     		beq	.L179
 885:Drivers/STM32F7xx_HAL_Driver/Src/stm32f7xx_hal_tim_ex.c ****   {
 2319              		.loc 1 885 51 discriminator 5 view .LVU668
 2320 0126 082D     		cmp	r5, #8
 2321 0128 0FD0     		beq	.L180
 885:Drivers/STM32F7xx_HAL_Driver/Src/stm32f7xx_hal_tim_ex.c ****   {
 2322              		.loc 1 885 12 discriminator 8 view .LVU669
 2323 012a 94F84720 		ldrb	r2, [r4, #71]	@ zero_extendqisi2
 2324              	.LVL147:
 885:Drivers/STM32F7xx_HAL_Driver/Src/stm32f7xx_hal_tim_ex.c ****   {
 2325              		.loc 1 885 12 discriminator 8 view .LVU670
 2326 012e D2B2     		uxtb	r2, r2
 885:Drivers/STM32F7xx_HAL_Driver/Src/stm32f7xx_hal_tim_ex.c ****   {
 2327              		.loc 1 885 51 discriminator 8 view .LVU671
 2328 0130 012A     		cmp	r2, #1
 2329 0132 14BF     		ite	ne
 2330 0134 0022     		movne	r2, #0
 2331 0136 0122     		moveq	r2, #1
 2332 0138 7BE7     		b	.L156
 2333              	.LVL148:
 2334              	.L179:
 885:Drivers/STM32F7xx_HAL_Driver/Src/stm32f7xx_hal_tim_ex.c ****   {
 2335              		.loc 1 885 12 discriminator 4 view .LVU672
 2336 013a 94F84520 		ldrb	r2, [r4, #69]	@ zero_extendqisi2
 2337              	.LVL149:
 885:Drivers/STM32F7xx_HAL_Driver/Src/stm32f7xx_hal_tim_ex.c ****   {
 2338              		.loc 1 885 12 discriminator 4 view .LVU673
 2339 013e D2B2     		uxtb	r2, r2
 885:Drivers/STM32F7xx_HAL_Driver/Src/stm32f7xx_hal_tim_ex.c ****   {
 2340              		.loc 1 885 51 discriminator 4 view .LVU674
 2341 0140 012A     		cmp	r2, #1
 2342 0142 14BF     		ite	ne
 2343 0144 0022     		movne	r2, #0
 2344 0146 0122     		moveq	r2, #1
 2345 0148 73E7     		b	.L156
 2346              	.LVL150:
 2347              	.L180:
 885:Drivers/STM32F7xx_HAL_Driver/Src/stm32f7xx_hal_tim_ex.c ****   {
 2348              		.loc 1 885 12 discriminator 7 view .LVU675
 2349 014a 94F84620 		ldrb	r2, [r4, #70]	@ zero_extendqisi2
 2350              	.LVL151:
 885:Drivers/STM32F7xx_HAL_Driver/Src/stm32f7xx_hal_tim_ex.c ****   {
 2351              		.loc 1 885 12 discriminator 7 view .LVU676
 2352 014e D2B2     		uxtb	r2, r2
 885:Drivers/STM32F7xx_HAL_Driver/Src/stm32f7xx_hal_tim_ex.c ****   {
 2353              		.loc 1 885 51 discriminator 7 view .LVU677
 2354 0150 012A     		cmp	r2, #1
 2355 0152 14BF     		ite	ne
 2356 0154 0022     		movne	r2, #0
 2357 0156 0122     		moveq	r2, #1
 2358 0158 6BE7     		b	.L156
 2359              	.L159:
ARM GAS  /tmp/ccJkDeps.s 			page 99


 893:Drivers/STM32F7xx_HAL_Driver/Src/stm32f7xx_hal_tim_ex.c ****     }
 2360              		.loc 1 893 7 discriminator 2 view .LVU678
 2361 015a 042D     		cmp	r5, #4
 2362 015c 0DD0     		beq	.L181
 893:Drivers/STM32F7xx_HAL_Driver/Src/stm32f7xx_hal_tim_ex.c ****     }
 2363              		.loc 1 893 7 discriminator 4 view .LVU679
 2364 015e 082D     		cmp	r5, #8
 2365 0160 25D0     		beq	.L182
 893:Drivers/STM32F7xx_HAL_Driver/Src/stm32f7xx_hal_tim_ex.c ****     }
 2366              		.loc 1 893 7 discriminator 7 view .LVU680
 2367 0162 0222     		movs	r2, #2
 2368 0164 84F84720 		strb	r2, [r4, #71]
 901:Drivers/STM32F7xx_HAL_Driver/Src/stm32f7xx_hal_tim_ex.c ****   {
 2369              		.loc 1 901 3 is_stmt 1 discriminator 7 view .LVU681
 2370 0168 042D     		cmp	r5, #4
 2371 016a 09D0     		beq	.L162
 901:Drivers/STM32F7xx_HAL_Driver/Src/stm32f7xx_hal_tim_ex.c ****   {
 2372              		.loc 1 901 3 is_stmt 0 view .LVU682
 2373 016c 082D     		cmp	r5, #8
 2374 016e 21D0     		beq	.L164
 2375 0170 002D     		cmp	r5, #0
 2376 0172 3FF46DAF 		beq	.L160
 2377 0176 0120     		movs	r0, #1
 2378 0178 43E0     		b	.L154
 2379              	.L181:
 893:Drivers/STM32F7xx_HAL_Driver/Src/stm32f7xx_hal_tim_ex.c ****     }
 2380              		.loc 1 893 7 view .LVU683
 2381 017a 0222     		movs	r2, #2
 2382 017c 84F84520 		strb	r2, [r4, #69]
 901:Drivers/STM32F7xx_HAL_Driver/Src/stm32f7xx_hal_tim_ex.c ****   {
 2383              		.loc 1 901 3 is_stmt 1 view .LVU684
 2384              	.L162:
 927:Drivers/STM32F7xx_HAL_Driver/Src/stm32f7xx_hal_tim_ex.c ****       htim->hdma[TIM_DMA_ID_CC2]->XferHalfCpltCallback = TIM_DMADelayPulseHalfCplt;
 2385              		.loc 1 927 7 view .LVU685
 927:Drivers/STM32F7xx_HAL_Driver/Src/stm32f7xx_hal_tim_ex.c ****       htim->hdma[TIM_DMA_ID_CC2]->XferHalfCpltCallback = TIM_DMADelayPulseHalfCplt;
 2386              		.loc 1 927 17 is_stmt 0 view .LVU686
 2387 0180 A26A     		ldr	r2, [r4, #40]
 927:Drivers/STM32F7xx_HAL_Driver/Src/stm32f7xx_hal_tim_ex.c ****       htim->hdma[TIM_DMA_ID_CC2]->XferHalfCpltCallback = TIM_DMADelayPulseHalfCplt;
 2388              		.loc 1 927 52 view .LVU687
 2389 0182 2549     		ldr	r1, .L183
 2390              	.LVL152:
 927:Drivers/STM32F7xx_HAL_Driver/Src/stm32f7xx_hal_tim_ex.c ****       htim->hdma[TIM_DMA_ID_CC2]->XferHalfCpltCallback = TIM_DMADelayPulseHalfCplt;
 2391              		.loc 1 927 52 view .LVU688
 2392 0184 D163     		str	r1, [r2, #60]
 928:Drivers/STM32F7xx_HAL_Driver/Src/stm32f7xx_hal_tim_ex.c **** 
 2393              		.loc 1 928 7 is_stmt 1 view .LVU689
 928:Drivers/STM32F7xx_HAL_Driver/Src/stm32f7xx_hal_tim_ex.c **** 
 2394              		.loc 1 928 17 is_stmt 0 view .LVU690
 2395 0186 A26A     		ldr	r2, [r4, #40]
 928:Drivers/STM32F7xx_HAL_Driver/Src/stm32f7xx_hal_tim_ex.c **** 
 2396              		.loc 1 928 56 view .LVU691
 2397 0188 2449     		ldr	r1, .L183+4
 2398 018a 1164     		str	r1, [r2, #64]
 931:Drivers/STM32F7xx_HAL_Driver/Src/stm32f7xx_hal_tim_ex.c **** 
 2399              		.loc 1 931 7 is_stmt 1 view .LVU692
 931:Drivers/STM32F7xx_HAL_Driver/Src/stm32f7xx_hal_tim_ex.c **** 
 2400              		.loc 1 931 17 is_stmt 0 view .LVU693
ARM GAS  /tmp/ccJkDeps.s 			page 100


 2401 018c A26A     		ldr	r2, [r4, #40]
 931:Drivers/STM32F7xx_HAL_Driver/Src/stm32f7xx_hal_tim_ex.c **** 
 2402              		.loc 1 931 53 view .LVU694
 2403 018e 2449     		ldr	r1, .L183+8
 2404 0190 D164     		str	r1, [r2, #76]
 934:Drivers/STM32F7xx_HAL_Driver/Src/stm32f7xx_hal_tim_ex.c ****                            Length) != HAL_OK)
 2405              		.loc 1 934 7 is_stmt 1 view .LVU695
 934:Drivers/STM32F7xx_HAL_Driver/Src/stm32f7xx_hal_tim_ex.c ****                            Length) != HAL_OK)
 2406              		.loc 1 934 88 is_stmt 0 view .LVU696
 2407 0192 2268     		ldr	r2, [r4]
 934:Drivers/STM32F7xx_HAL_Driver/Src/stm32f7xx_hal_tim_ex.c ****                            Length) != HAL_OK)
 2408              		.loc 1 934 11 view .LVU697
 2409 0194 3832     		adds	r2, r2, #56
 2410 0196 6146     		mov	r1, ip
 2411 0198 A06A     		ldr	r0, [r4, #40]
 2412 019a FFF7FEFF 		bl	HAL_DMA_Start_IT
 2413              	.LVL153:
 934:Drivers/STM32F7xx_HAL_Driver/Src/stm32f7xx_hal_tim_ex.c ****                            Length) != HAL_OK)
 2414              		.loc 1 934 10 view .LVU698
 2415 019e 0028     		cmp	r0, #0
 2416 01a0 34D1     		bne	.L173
 941:Drivers/STM32F7xx_HAL_Driver/Src/stm32f7xx_hal_tim_ex.c ****       break;
 2417              		.loc 1 941 7 is_stmt 1 view .LVU699
 2418 01a2 2268     		ldr	r2, [r4]
 2419 01a4 D368     		ldr	r3, [r2, #12]
 2420 01a6 43F48063 		orr	r3, r3, #1024
 2421 01aa D360     		str	r3, [r2, #12]
 942:Drivers/STM32F7xx_HAL_Driver/Src/stm32f7xx_hal_tim_ex.c ****     }
 2422              		.loc 1 942 7 view .LVU700
 971:Drivers/STM32F7xx_HAL_Driver/Src/stm32f7xx_hal_tim_ex.c ****   {
 2423              		.loc 1 971 3 view .LVU701
 2424 01ac 67E7     		b	.L165
 2425              	.LVL154:
 2426              	.L182:
 893:Drivers/STM32F7xx_HAL_Driver/Src/stm32f7xx_hal_tim_ex.c ****     }
 2427              		.loc 1 893 7 is_stmt 0 view .LVU702
 2428 01ae 0222     		movs	r2, #2
 2429 01b0 84F84620 		strb	r2, [r4, #70]
 901:Drivers/STM32F7xx_HAL_Driver/Src/stm32f7xx_hal_tim_ex.c ****   {
 2430              		.loc 1 901 3 is_stmt 1 view .LVU703
 2431              	.L164:
 948:Drivers/STM32F7xx_HAL_Driver/Src/stm32f7xx_hal_tim_ex.c ****       htim->hdma[TIM_DMA_ID_CC3]->XferHalfCpltCallback = TIM_DMADelayPulseHalfCplt;
 2432              		.loc 1 948 7 view .LVU704
 948:Drivers/STM32F7xx_HAL_Driver/Src/stm32f7xx_hal_tim_ex.c ****       htim->hdma[TIM_DMA_ID_CC3]->XferHalfCpltCallback = TIM_DMADelayPulseHalfCplt;
 2433              		.loc 1 948 17 is_stmt 0 view .LVU705
 2434 01b4 E26A     		ldr	r2, [r4, #44]
 948:Drivers/STM32F7xx_HAL_Driver/Src/stm32f7xx_hal_tim_ex.c ****       htim->hdma[TIM_DMA_ID_CC3]->XferHalfCpltCallback = TIM_DMADelayPulseHalfCplt;
 2435              		.loc 1 948 52 view .LVU706
 2436 01b6 1849     		ldr	r1, .L183
 2437              	.LVL155:
 948:Drivers/STM32F7xx_HAL_Driver/Src/stm32f7xx_hal_tim_ex.c ****       htim->hdma[TIM_DMA_ID_CC3]->XferHalfCpltCallback = TIM_DMADelayPulseHalfCplt;
 2438              		.loc 1 948 52 view .LVU707
 2439 01b8 D163     		str	r1, [r2, #60]
 949:Drivers/STM32F7xx_HAL_Driver/Src/stm32f7xx_hal_tim_ex.c **** 
 2440              		.loc 1 949 7 is_stmt 1 view .LVU708
 949:Drivers/STM32F7xx_HAL_Driver/Src/stm32f7xx_hal_tim_ex.c **** 
 2441              		.loc 1 949 17 is_stmt 0 view .LVU709
ARM GAS  /tmp/ccJkDeps.s 			page 101


 2442 01ba E26A     		ldr	r2, [r4, #44]
 949:Drivers/STM32F7xx_HAL_Driver/Src/stm32f7xx_hal_tim_ex.c **** 
 2443              		.loc 1 949 56 view .LVU710
 2444 01bc 1749     		ldr	r1, .L183+4
 2445 01be 1164     		str	r1, [r2, #64]
 952:Drivers/STM32F7xx_HAL_Driver/Src/stm32f7xx_hal_tim_ex.c **** 
 2446              		.loc 1 952 7 is_stmt 1 view .LVU711
 952:Drivers/STM32F7xx_HAL_Driver/Src/stm32f7xx_hal_tim_ex.c **** 
 2447              		.loc 1 952 17 is_stmt 0 view .LVU712
 2448 01c0 E26A     		ldr	r2, [r4, #44]
 952:Drivers/STM32F7xx_HAL_Driver/Src/stm32f7xx_hal_tim_ex.c **** 
 2449              		.loc 1 952 53 view .LVU713
 2450 01c2 1749     		ldr	r1, .L183+8
 2451 01c4 D164     		str	r1, [r2, #76]
 955:Drivers/STM32F7xx_HAL_Driver/Src/stm32f7xx_hal_tim_ex.c ****                            Length) != HAL_OK)
 2452              		.loc 1 955 7 is_stmt 1 view .LVU714
 955:Drivers/STM32F7xx_HAL_Driver/Src/stm32f7xx_hal_tim_ex.c ****                            Length) != HAL_OK)
 2453              		.loc 1 955 88 is_stmt 0 view .LVU715
 2454 01c6 2268     		ldr	r2, [r4]
 955:Drivers/STM32F7xx_HAL_Driver/Src/stm32f7xx_hal_tim_ex.c ****                            Length) != HAL_OK)
 2455              		.loc 1 955 11 view .LVU716
 2456 01c8 3C32     		adds	r2, r2, #60
 2457 01ca 6146     		mov	r1, ip
 2458 01cc E06A     		ldr	r0, [r4, #44]
 2459 01ce FFF7FEFF 		bl	HAL_DMA_Start_IT
 2460              	.LVL156:
 955:Drivers/STM32F7xx_HAL_Driver/Src/stm32f7xx_hal_tim_ex.c ****                            Length) != HAL_OK)
 2461              		.loc 1 955 10 view .LVU717
 2462 01d2 E8B9     		cbnz	r0, .L174
 962:Drivers/STM32F7xx_HAL_Driver/Src/stm32f7xx_hal_tim_ex.c ****       break;
 2463              		.loc 1 962 7 is_stmt 1 view .LVU718
 2464 01d4 2268     		ldr	r2, [r4]
 2465 01d6 D368     		ldr	r3, [r2, #12]
 2466 01d8 43F40063 		orr	r3, r3, #2048
 2467 01dc D360     		str	r3, [r2, #12]
 963:Drivers/STM32F7xx_HAL_Driver/Src/stm32f7xx_hal_tim_ex.c ****     }
 2468              		.loc 1 963 7 view .LVU719
 971:Drivers/STM32F7xx_HAL_Driver/Src/stm32f7xx_hal_tim_ex.c ****   {
 2469              		.loc 1 971 3 view .LVU720
 2470 01de 4EE7     		b	.L165
 2471              	.L166:
 982:Drivers/STM32F7xx_HAL_Driver/Src/stm32f7xx_hal_tim_ex.c ****       if (!IS_TIM_SLAVEMODE_TRIGGER_ENABLED(tmpsmcr))
 2472              		.loc 1 982 7 view .LVU721
 982:Drivers/STM32F7xx_HAL_Driver/Src/stm32f7xx_hal_tim_ex.c ****       if (!IS_TIM_SLAVEMODE_TRIGGER_ENABLED(tmpsmcr))
 2473              		.loc 1 982 31 is_stmt 0 view .LVU722
 2474 01e0 9968     		ldr	r1, [r3, #8]
 982:Drivers/STM32F7xx_HAL_Driver/Src/stm32f7xx_hal_tim_ex.c ****       if (!IS_TIM_SLAVEMODE_TRIGGER_ENABLED(tmpsmcr))
 2475              		.loc 1 982 15 view .LVU723
 2476 01e2 114A     		ldr	r2, .L183+16
 2477 01e4 0A40     		ands	r2, r2, r1
 2478              	.LVL157:
 983:Drivers/STM32F7xx_HAL_Driver/Src/stm32f7xx_hal_tim_ex.c ****       {
 2479              		.loc 1 983 7 is_stmt 1 view .LVU724
 983:Drivers/STM32F7xx_HAL_Driver/Src/stm32f7xx_hal_tim_ex.c ****       {
 2480              		.loc 1 983 10 is_stmt 0 view .LVU725
 2481 01e6 062A     		cmp	r2, #6
 2482 01e8 18BF     		it	ne
ARM GAS  /tmp/ccJkDeps.s 			page 102


 2483 01ea B2F5803F 		cmpne	r2, #65536
 2484 01ee 11D0     		beq	.L175
 985:Drivers/STM32F7xx_HAL_Driver/Src/stm32f7xx_hal_tim_ex.c ****       }
 2485              		.loc 1 985 9 is_stmt 1 view .LVU726
 2486 01f0 1A68     		ldr	r2, [r3]
 2487              	.LVL158:
 985:Drivers/STM32F7xx_HAL_Driver/Src/stm32f7xx_hal_tim_ex.c ****       }
 2488              		.loc 1 985 9 is_stmt 0 view .LVU727
 2489 01f2 42F00102 		orr	r2, r2, #1
 2490 01f6 1A60     		str	r2, [r3]
 2491 01f8 0020     		movs	r0, #0
 2492 01fa 02E0     		b	.L154
 2493              	.LVL159:
 2494              	.L168:
 883:Drivers/STM32F7xx_HAL_Driver/Src/stm32f7xx_hal_tim_ex.c ****   }
 2495              		.loc 1 883 12 view .LVU728
 2496 01fc 0220     		movs	r0, #2
 2497 01fe 00E0     		b	.L154
 2498              	.LVL160:
 2499              	.L169:
 898:Drivers/STM32F7xx_HAL_Driver/Src/stm32f7xx_hal_tim_ex.c ****   }
 2500              		.loc 1 898 12 view .LVU729
 2501 0200 0120     		movs	r0, #1
 2502              	.LVL161:
 2503              	.L154:
 996:Drivers/STM32F7xx_HAL_Driver/Src/stm32f7xx_hal_tim_ex.c **** 
 2504              		.loc 1 996 1 view .LVU730
 2505 0202 38BD     		pop	{r3, r4, r5, pc}
 2506              	.LVL162:
 2507              	.L170:
 889:Drivers/STM32F7xx_HAL_Driver/Src/stm32f7xx_hal_tim_ex.c ****     }
 2508              		.loc 1 889 14 view .LVU731
 2509 0204 0120     		movs	r0, #1
 2510 0206 FCE7     		b	.L154
 2511              	.LVL163:
 2512              	.L172:
 917:Drivers/STM32F7xx_HAL_Driver/Src/stm32f7xx_hal_tim_ex.c ****       }
 2513              		.loc 1 917 16 view .LVU732
 2514 0208 0120     		movs	r0, #1
 2515 020a FAE7     		b	.L154
 2516              	.L173:
 938:Drivers/STM32F7xx_HAL_Driver/Src/stm32f7xx_hal_tim_ex.c ****       }
 2517              		.loc 1 938 16 view .LVU733
 2518 020c 0120     		movs	r0, #1
 2519 020e F8E7     		b	.L154
 2520              	.L174:
 959:Drivers/STM32F7xx_HAL_Driver/Src/stm32f7xx_hal_tim_ex.c ****       }
 2521              		.loc 1 959 16 view .LVU734
 2522 0210 0120     		movs	r0, #1
 2523 0212 F6E7     		b	.L154
 2524              	.LVL164:
 2525              	.L175:
 959:Drivers/STM32F7xx_HAL_Driver/Src/stm32f7xx_hal_tim_ex.c ****       }
 2526              		.loc 1 959 16 view .LVU735
 2527 0214 0020     		movs	r0, #0
 2528 0216 F4E7     		b	.L154
 2529              	.L184:
ARM GAS  /tmp/ccJkDeps.s 			page 103


 2530              		.align	2
 2531              	.L183:
 2532 0218 00000000 		.word	TIM_DMADelayPulseNCplt
 2533 021c 00000000 		.word	TIM_DMADelayPulseHalfCplt
 2534 0220 00000000 		.word	TIM_DMAErrorCCxN
 2535 0224 00000140 		.word	1073807360
 2536 0228 07000100 		.word	65543
 2537              		.cfi_endproc
 2538              	.LFE155:
 2540              		.section	.text.HAL_TIMEx_OCN_Stop_DMA,"ax",%progbits
 2541              		.align	1
 2542              		.global	HAL_TIMEx_OCN_Stop_DMA
 2543              		.syntax unified
 2544              		.thumb
 2545              		.thumb_func
 2547              	HAL_TIMEx_OCN_Stop_DMA:
 2548              	.LVL165:
 2549              	.LFB156:
1010:Drivers/STM32F7xx_HAL_Driver/Src/stm32f7xx_hal_tim_ex.c ****   HAL_StatusTypeDef status = HAL_OK;
 2550              		.loc 1 1010 1 is_stmt 1 view -0
 2551              		.cfi_startproc
 2552              		@ args = 0, pretend = 0, frame = 0
 2553              		@ frame_needed = 0, uses_anonymous_args = 0
1010:Drivers/STM32F7xx_HAL_Driver/Src/stm32f7xx_hal_tim_ex.c ****   HAL_StatusTypeDef status = HAL_OK;
 2554              		.loc 1 1010 1 is_stmt 0 view .LVU737
 2555 0000 38B5     		push	{r3, r4, r5, lr}
 2556              	.LCFI19:
 2557              		.cfi_def_cfa_offset 16
 2558              		.cfi_offset 3, -16
 2559              		.cfi_offset 4, -12
 2560              		.cfi_offset 5, -8
 2561              		.cfi_offset 14, -4
 2562 0002 0546     		mov	r5, r0
 2563 0004 0C46     		mov	r4, r1
1011:Drivers/STM32F7xx_HAL_Driver/Src/stm32f7xx_hal_tim_ex.c **** 
 2564              		.loc 1 1011 3 is_stmt 1 view .LVU738
 2565              	.LVL166:
1014:Drivers/STM32F7xx_HAL_Driver/Src/stm32f7xx_hal_tim_ex.c **** 
 2566              		.loc 1 1014 3 view .LVU739
1016:Drivers/STM32F7xx_HAL_Driver/Src/stm32f7xx_hal_tim_ex.c ****   {
 2567              		.loc 1 1016 3 view .LVU740
 2568 0006 0429     		cmp	r1, #4
 2569 0008 35D0     		beq	.L186
 2570 000a 0829     		cmp	r1, #8
 2571 000c 3CD0     		beq	.L187
 2572 000e 09B1     		cbz	r1, .L197
 2573 0010 0120     		movs	r0, #1
 2574              	.LVL167:
 2575              	.L188:
1063:Drivers/STM32F7xx_HAL_Driver/Src/stm32f7xx_hal_tim_ex.c **** }
 2576              		.loc 1 1063 3 view .LVU741
1064:Drivers/STM32F7xx_HAL_Driver/Src/stm32f7xx_hal_tim_ex.c **** 
 2577              		.loc 1 1064 1 is_stmt 0 view .LVU742
 2578 0012 38BD     		pop	{r3, r4, r5, pc}
 2579              	.LVL168:
 2580              	.L197:
1021:Drivers/STM32F7xx_HAL_Driver/Src/stm32f7xx_hal_tim_ex.c ****       (void)HAL_DMA_Abort_IT(htim->hdma[TIM_DMA_ID_CC1]);
ARM GAS  /tmp/ccJkDeps.s 			page 104


 2581              		.loc 1 1021 7 is_stmt 1 view .LVU743
 2582 0014 0268     		ldr	r2, [r0]
 2583 0016 D368     		ldr	r3, [r2, #12]
 2584 0018 23F40073 		bic	r3, r3, #512
 2585 001c D360     		str	r3, [r2, #12]
1022:Drivers/STM32F7xx_HAL_Driver/Src/stm32f7xx_hal_tim_ex.c ****       break;
 2586              		.loc 1 1022 7 view .LVU744
1022:Drivers/STM32F7xx_HAL_Driver/Src/stm32f7xx_hal_tim_ex.c ****       break;
 2587              		.loc 1 1022 13 is_stmt 0 view .LVU745
 2588 001e 406A     		ldr	r0, [r0, #36]
 2589              	.LVL169:
1022:Drivers/STM32F7xx_HAL_Driver/Src/stm32f7xx_hal_tim_ex.c ****       break;
 2590              		.loc 1 1022 13 view .LVU746
 2591 0020 FFF7FEFF 		bl	HAL_DMA_Abort_IT
 2592              	.LVL170:
1023:Drivers/STM32F7xx_HAL_Driver/Src/stm32f7xx_hal_tim_ex.c ****     }
 2593              		.loc 1 1023 7 is_stmt 1 view .LVU747
1047:Drivers/STM32F7xx_HAL_Driver/Src/stm32f7xx_hal_tim_ex.c ****   {
 2594              		.loc 1 1047 3 view .LVU748
 2595              	.L189:
1050:Drivers/STM32F7xx_HAL_Driver/Src/stm32f7xx_hal_tim_ex.c **** 
 2596              		.loc 1 1050 5 view .LVU749
 2597 0024 0022     		movs	r2, #0
 2598 0026 2146     		mov	r1, r4
 2599 0028 2868     		ldr	r0, [r5]
 2600 002a FFF7FEFF 		bl	TIM_CCxNChannelCmd
 2601              	.LVL171:
1053:Drivers/STM32F7xx_HAL_Driver/Src/stm32f7xx_hal_tim_ex.c **** 
 2602              		.loc 1 1053 5 view .LVU750
1053:Drivers/STM32F7xx_HAL_Driver/Src/stm32f7xx_hal_tim_ex.c **** 
 2603              		.loc 1 1053 5 view .LVU751
 2604 002e 2B68     		ldr	r3, [r5]
 2605 0030 196A     		ldr	r1, [r3, #32]
 2606 0032 41F21112 		movw	r2, #4369
 2607 0036 1142     		tst	r1, r2
 2608 0038 08D1     		bne	.L190
1053:Drivers/STM32F7xx_HAL_Driver/Src/stm32f7xx_hal_tim_ex.c **** 
 2609              		.loc 1 1053 5 discriminator 1 view .LVU752
 2610 003a 196A     		ldr	r1, [r3, #32]
 2611 003c 40F24442 		movw	r2, #1092
 2612 0040 1142     		tst	r1, r2
 2613 0042 03D1     		bne	.L190
1053:Drivers/STM32F7xx_HAL_Driver/Src/stm32f7xx_hal_tim_ex.c **** 
 2614              		.loc 1 1053 5 discriminator 3 view .LVU753
 2615 0044 5A6C     		ldr	r2, [r3, #68]
 2616 0046 22F40042 		bic	r2, r2, #32768
 2617 004a 5A64     		str	r2, [r3, #68]
 2618              	.L190:
1053:Drivers/STM32F7xx_HAL_Driver/Src/stm32f7xx_hal_tim_ex.c **** 
 2619              		.loc 1 1053 5 discriminator 5 view .LVU754
1056:Drivers/STM32F7xx_HAL_Driver/Src/stm32f7xx_hal_tim_ex.c **** 
 2620              		.loc 1 1056 5 discriminator 5 view .LVU755
1056:Drivers/STM32F7xx_HAL_Driver/Src/stm32f7xx_hal_tim_ex.c **** 
 2621              		.loc 1 1056 5 discriminator 5 view .LVU756
 2622 004c 2B68     		ldr	r3, [r5]
 2623 004e 196A     		ldr	r1, [r3, #32]
 2624 0050 41F21112 		movw	r2, #4369
ARM GAS  /tmp/ccJkDeps.s 			page 105


 2625 0054 1142     		tst	r1, r2
 2626 0056 08D1     		bne	.L191
1056:Drivers/STM32F7xx_HAL_Driver/Src/stm32f7xx_hal_tim_ex.c **** 
 2627              		.loc 1 1056 5 discriminator 1 view .LVU757
 2628 0058 196A     		ldr	r1, [r3, #32]
 2629 005a 40F24442 		movw	r2, #1092
 2630 005e 1142     		tst	r1, r2
 2631 0060 03D1     		bne	.L191
1056:Drivers/STM32F7xx_HAL_Driver/Src/stm32f7xx_hal_tim_ex.c **** 
 2632              		.loc 1 1056 5 discriminator 3 view .LVU758
 2633 0062 1A68     		ldr	r2, [r3]
 2634 0064 22F00102 		bic	r2, r2, #1
 2635 0068 1A60     		str	r2, [r3]
 2636              	.L191:
1056:Drivers/STM32F7xx_HAL_Driver/Src/stm32f7xx_hal_tim_ex.c **** 
 2637              		.loc 1 1056 5 discriminator 5 view .LVU759
1059:Drivers/STM32F7xx_HAL_Driver/Src/stm32f7xx_hal_tim_ex.c ****   }
 2638              		.loc 1 1059 5 discriminator 5 view .LVU760
 2639 006a B4B9     		cbnz	r4, .L192
1059:Drivers/STM32F7xx_HAL_Driver/Src/stm32f7xx_hal_tim_ex.c ****   }
 2640              		.loc 1 1059 5 is_stmt 0 discriminator 1 view .LVU761
 2641 006c 0123     		movs	r3, #1
 2642 006e 85F84430 		strb	r3, [r5, #68]
 2643 0072 0020     		movs	r0, #0
 2644 0074 CDE7     		b	.L188
 2645              	.LVL172:
 2646              	.L186:
1029:Drivers/STM32F7xx_HAL_Driver/Src/stm32f7xx_hal_tim_ex.c ****       (void)HAL_DMA_Abort_IT(htim->hdma[TIM_DMA_ID_CC2]);
 2647              		.loc 1 1029 7 is_stmt 1 view .LVU762
 2648 0076 0268     		ldr	r2, [r0]
 2649 0078 D368     		ldr	r3, [r2, #12]
 2650 007a 23F48063 		bic	r3, r3, #1024
 2651 007e D360     		str	r3, [r2, #12]
1030:Drivers/STM32F7xx_HAL_Driver/Src/stm32f7xx_hal_tim_ex.c ****       break;
 2652              		.loc 1 1030 7 view .LVU763
1030:Drivers/STM32F7xx_HAL_Driver/Src/stm32f7xx_hal_tim_ex.c ****       break;
 2653              		.loc 1 1030 13 is_stmt 0 view .LVU764
 2654 0080 806A     		ldr	r0, [r0, #40]
 2655              	.LVL173:
1030:Drivers/STM32F7xx_HAL_Driver/Src/stm32f7xx_hal_tim_ex.c ****       break;
 2656              		.loc 1 1030 13 view .LVU765
 2657 0082 FFF7FEFF 		bl	HAL_DMA_Abort_IT
 2658              	.LVL174:
1031:Drivers/STM32F7xx_HAL_Driver/Src/stm32f7xx_hal_tim_ex.c ****     }
 2659              		.loc 1 1031 7 is_stmt 1 view .LVU766
1047:Drivers/STM32F7xx_HAL_Driver/Src/stm32f7xx_hal_tim_ex.c ****   {
 2660              		.loc 1 1047 3 view .LVU767
 2661 0086 CDE7     		b	.L189
 2662              	.LVL175:
 2663              	.L187:
1037:Drivers/STM32F7xx_HAL_Driver/Src/stm32f7xx_hal_tim_ex.c ****       (void)HAL_DMA_Abort_IT(htim->hdma[TIM_DMA_ID_CC3]);
 2664              		.loc 1 1037 7 view .LVU768
 2665 0088 0268     		ldr	r2, [r0]
 2666 008a D368     		ldr	r3, [r2, #12]
 2667 008c 23F40063 		bic	r3, r3, #2048
 2668 0090 D360     		str	r3, [r2, #12]
1038:Drivers/STM32F7xx_HAL_Driver/Src/stm32f7xx_hal_tim_ex.c ****       break;
ARM GAS  /tmp/ccJkDeps.s 			page 106


 2669              		.loc 1 1038 7 view .LVU769
1038:Drivers/STM32F7xx_HAL_Driver/Src/stm32f7xx_hal_tim_ex.c ****       break;
 2670              		.loc 1 1038 13 is_stmt 0 view .LVU770
 2671 0092 C06A     		ldr	r0, [r0, #44]
 2672              	.LVL176:
1038:Drivers/STM32F7xx_HAL_Driver/Src/stm32f7xx_hal_tim_ex.c ****       break;
 2673              		.loc 1 1038 13 view .LVU771
 2674 0094 FFF7FEFF 		bl	HAL_DMA_Abort_IT
 2675              	.LVL177:
1039:Drivers/STM32F7xx_HAL_Driver/Src/stm32f7xx_hal_tim_ex.c ****     }
 2676              		.loc 1 1039 7 is_stmt 1 view .LVU772
1047:Drivers/STM32F7xx_HAL_Driver/Src/stm32f7xx_hal_tim_ex.c ****   {
 2677              		.loc 1 1047 3 view .LVU773
 2678 0098 C4E7     		b	.L189
 2679              	.L192:
1059:Drivers/STM32F7xx_HAL_Driver/Src/stm32f7xx_hal_tim_ex.c ****   }
 2680              		.loc 1 1059 5 is_stmt 0 discriminator 2 view .LVU774
 2681 009a 042C     		cmp	r4, #4
 2682 009c 06D0     		beq	.L198
1059:Drivers/STM32F7xx_HAL_Driver/Src/stm32f7xx_hal_tim_ex.c ****   }
 2683              		.loc 1 1059 5 discriminator 4 view .LVU775
 2684 009e 082C     		cmp	r4, #8
 2685 00a0 09D0     		beq	.L199
1059:Drivers/STM32F7xx_HAL_Driver/Src/stm32f7xx_hal_tim_ex.c ****   }
 2686              		.loc 1 1059 5 discriminator 7 view .LVU776
 2687 00a2 0123     		movs	r3, #1
 2688 00a4 85F84730 		strb	r3, [r5, #71]
 2689 00a8 0020     		movs	r0, #0
 2690 00aa B2E7     		b	.L188
 2691              	.L198:
1059:Drivers/STM32F7xx_HAL_Driver/Src/stm32f7xx_hal_tim_ex.c ****   }
 2692              		.loc 1 1059 5 discriminator 3 view .LVU777
 2693 00ac 0123     		movs	r3, #1
 2694 00ae 85F84530 		strb	r3, [r5, #69]
 2695 00b2 0020     		movs	r0, #0
 2696 00b4 ADE7     		b	.L188
 2697              	.L199:
1059:Drivers/STM32F7xx_HAL_Driver/Src/stm32f7xx_hal_tim_ex.c ****   }
 2698              		.loc 1 1059 5 discriminator 6 view .LVU778
 2699 00b6 0123     		movs	r3, #1
 2700 00b8 85F84630 		strb	r3, [r5, #70]
 2701 00bc 0020     		movs	r0, #0
 2702 00be A8E7     		b	.L188
 2703              		.cfi_endproc
 2704              	.LFE156:
 2706              		.section	.text.HAL_TIMEx_PWMN_Start,"ax",%progbits
 2707              		.align	1
 2708              		.global	HAL_TIMEx_PWMN_Start
 2709              		.syntax unified
 2710              		.thumb
 2711              		.thumb_func
 2713              	HAL_TIMEx_PWMN_Start:
 2714              	.LVL178:
 2715              	.LFB157:
1111:Drivers/STM32F7xx_HAL_Driver/Src/stm32f7xx_hal_tim_ex.c ****   uint32_t tmpsmcr;
 2716              		.loc 1 1111 1 is_stmt 1 view -0
 2717              		.cfi_startproc
ARM GAS  /tmp/ccJkDeps.s 			page 107


 2718              		@ args = 0, pretend = 0, frame = 0
 2719              		@ frame_needed = 0, uses_anonymous_args = 0
1111:Drivers/STM32F7xx_HAL_Driver/Src/stm32f7xx_hal_tim_ex.c ****   uint32_t tmpsmcr;
 2720              		.loc 1 1111 1 is_stmt 0 view .LVU780
 2721 0000 10B5     		push	{r4, lr}
 2722              	.LCFI20:
 2723              		.cfi_def_cfa_offset 8
 2724              		.cfi_offset 4, -8
 2725              		.cfi_offset 14, -4
 2726 0002 0446     		mov	r4, r0
1112:Drivers/STM32F7xx_HAL_Driver/Src/stm32f7xx_hal_tim_ex.c **** 
 2727              		.loc 1 1112 3 is_stmt 1 view .LVU781
1115:Drivers/STM32F7xx_HAL_Driver/Src/stm32f7xx_hal_tim_ex.c **** 
 2728              		.loc 1 1115 3 view .LVU782
1118:Drivers/STM32F7xx_HAL_Driver/Src/stm32f7xx_hal_tim_ex.c ****   {
 2729              		.loc 1 1118 3 view .LVU783
1118:Drivers/STM32F7xx_HAL_Driver/Src/stm32f7xx_hal_tim_ex.c ****   {
 2730              		.loc 1 1118 46 is_stmt 0 view .LVU784
 2731 0004 0846     		mov	r0, r1
 2732              	.LVL179:
1118:Drivers/STM32F7xx_HAL_Driver/Src/stm32f7xx_hal_tim_ex.c ****   {
 2733              		.loc 1 1118 46 view .LVU785
 2734 0006 0029     		cmp	r1, #0
 2735 0008 3BD1     		bne	.L201
1118:Drivers/STM32F7xx_HAL_Driver/Src/stm32f7xx_hal_tim_ex.c ****   {
 2736              		.loc 1 1118 7 discriminator 1 view .LVU786
 2737 000a 94F84430 		ldrb	r3, [r4, #68]	@ zero_extendqisi2
 2738 000e DBB2     		uxtb	r3, r3
1118:Drivers/STM32F7xx_HAL_Driver/Src/stm32f7xx_hal_tim_ex.c ****   {
 2739              		.loc 1 1118 46 discriminator 1 view .LVU787
 2740 0010 013B     		subs	r3, r3, #1
 2741 0012 18BF     		it	ne
 2742 0014 0123     		movne	r3, #1
 2743              	.L202:
1118:Drivers/STM32F7xx_HAL_Driver/Src/stm32f7xx_hal_tim_ex.c ****   {
 2744              		.loc 1 1118 6 discriminator 12 view .LVU788
 2745 0016 002B     		cmp	r3, #0
 2746 0018 6AD1     		bne	.L212
1124:Drivers/STM32F7xx_HAL_Driver/Src/stm32f7xx_hal_tim_ex.c **** 
 2747              		.loc 1 1124 3 is_stmt 1 view .LVU789
 2748 001a 0028     		cmp	r0, #0
 2749 001c 4AD1     		bne	.L206
1124:Drivers/STM32F7xx_HAL_Driver/Src/stm32f7xx_hal_tim_ex.c **** 
 2750              		.loc 1 1124 3 is_stmt 0 discriminator 1 view .LVU790
 2751 001e 0223     		movs	r3, #2
 2752 0020 84F84430 		strb	r3, [r4, #68]
 2753              	.L207:
1127:Drivers/STM32F7xx_HAL_Driver/Src/stm32f7xx_hal_tim_ex.c **** 
 2754              		.loc 1 1127 3 is_stmt 1 view .LVU791
 2755 0024 0422     		movs	r2, #4
 2756 0026 0146     		mov	r1, r0
 2757              	.LVL180:
1127:Drivers/STM32F7xx_HAL_Driver/Src/stm32f7xx_hal_tim_ex.c **** 
 2758              		.loc 1 1127 3 is_stmt 0 view .LVU792
 2759 0028 2068     		ldr	r0, [r4]
 2760              	.LVL181:
1127:Drivers/STM32F7xx_HAL_Driver/Src/stm32f7xx_hal_tim_ex.c **** 
ARM GAS  /tmp/ccJkDeps.s 			page 108


 2761              		.loc 1 1127 3 view .LVU793
 2762 002a FFF7FEFF 		bl	TIM_CCxNChannelCmd
 2763              	.LVL182:
1130:Drivers/STM32F7xx_HAL_Driver/Src/stm32f7xx_hal_tim_ex.c **** 
 2764              		.loc 1 1130 3 is_stmt 1 view .LVU794
 2765 002e 2268     		ldr	r2, [r4]
 2766 0030 536C     		ldr	r3, [r2, #68]
 2767 0032 43F40043 		orr	r3, r3, #32768
 2768 0036 5364     		str	r3, [r2, #68]
1133:Drivers/STM32F7xx_HAL_Driver/Src/stm32f7xx_hal_tim_ex.c ****   {
 2769              		.loc 1 1133 3 view .LVU795
1133:Drivers/STM32F7xx_HAL_Driver/Src/stm32f7xx_hal_tim_ex.c ****   {
 2770              		.loc 1 1133 7 is_stmt 0 view .LVU796
 2771 0038 2368     		ldr	r3, [r4]
1133:Drivers/STM32F7xx_HAL_Driver/Src/stm32f7xx_hal_tim_ex.c ****   {
 2772              		.loc 1 1133 6 view .LVU797
 2773 003a 2F4A     		ldr	r2, .L219
 2774 003c B3F1804F 		cmp	r3, #1073741824
 2775 0040 18BF     		it	ne
 2776 0042 9342     		cmpne	r3, r2
 2777 0044 46D0     		beq	.L210
1133:Drivers/STM32F7xx_HAL_Driver/Src/stm32f7xx_hal_tim_ex.c ****   {
 2778              		.loc 1 1133 7 discriminator 1 view .LVU798
 2779 0046 A2F57C42 		sub	r2, r2, #64512
 2780 004a 9342     		cmp	r3, r2
 2781 004c 42D0     		beq	.L210
1133:Drivers/STM32F7xx_HAL_Driver/Src/stm32f7xx_hal_tim_ex.c ****   {
 2782              		.loc 1 1133 7 discriminator 2 view .LVU799
 2783 004e 02F58062 		add	r2, r2, #1024
 2784 0052 9342     		cmp	r3, r2
 2785 0054 3ED0     		beq	.L210
1133:Drivers/STM32F7xx_HAL_Driver/Src/stm32f7xx_hal_tim_ex.c ****   {
 2786              		.loc 1 1133 7 discriminator 3 view .LVU800
 2787 0056 02F58062 		add	r2, r2, #1024
 2788 005a 9342     		cmp	r3, r2
 2789 005c 3AD0     		beq	.L210
1133:Drivers/STM32F7xx_HAL_Driver/Src/stm32f7xx_hal_tim_ex.c ****   {
 2790              		.loc 1 1133 7 discriminator 4 view .LVU801
 2791 005e 02F57842 		add	r2, r2, #63488
 2792 0062 9342     		cmp	r3, r2
 2793 0064 36D0     		beq	.L210
1133:Drivers/STM32F7xx_HAL_Driver/Src/stm32f7xx_hal_tim_ex.c ****   {
 2794              		.loc 1 1133 7 discriminator 5 view .LVU802
 2795 0066 02F57052 		add	r2, r2, #15360
 2796 006a 9342     		cmp	r3, r2
 2797 006c 32D0     		beq	.L210
1133:Drivers/STM32F7xx_HAL_Driver/Src/stm32f7xx_hal_tim_ex.c ****   {
 2798              		.loc 1 1133 7 discriminator 6 view .LVU803
 2799 006e A2F59432 		sub	r2, r2, #75776
 2800 0072 9342     		cmp	r3, r2
 2801 0074 2ED0     		beq	.L210
1143:Drivers/STM32F7xx_HAL_Driver/Src/stm32f7xx_hal_tim_ex.c ****   }
 2802              		.loc 1 1143 5 is_stmt 1 view .LVU804
 2803 0076 1A68     		ldr	r2, [r3]
 2804 0078 42F00102 		orr	r2, r2, #1
 2805 007c 1A60     		str	r2, [r3]
1147:Drivers/STM32F7xx_HAL_Driver/Src/stm32f7xx_hal_tim_ex.c **** }
ARM GAS  /tmp/ccJkDeps.s 			page 109


 2806              		.loc 1 1147 10 is_stmt 0 view .LVU805
 2807 007e 0020     		movs	r0, #0
 2808 0080 37E0     		b	.L205
 2809              	.LVL183:
 2810              	.L201:
1118:Drivers/STM32F7xx_HAL_Driver/Src/stm32f7xx_hal_tim_ex.c ****   {
 2811              		.loc 1 1118 46 discriminator 2 view .LVU806
 2812 0082 0429     		cmp	r1, #4
 2813 0084 08D0     		beq	.L215
1118:Drivers/STM32F7xx_HAL_Driver/Src/stm32f7xx_hal_tim_ex.c ****   {
 2814              		.loc 1 1118 46 discriminator 5 view .LVU807
 2815 0086 0829     		cmp	r1, #8
 2816 0088 0DD0     		beq	.L216
1118:Drivers/STM32F7xx_HAL_Driver/Src/stm32f7xx_hal_tim_ex.c ****   {
 2817              		.loc 1 1118 7 discriminator 8 view .LVU808
 2818 008a 94F84730 		ldrb	r3, [r4, #71]	@ zero_extendqisi2
 2819 008e DBB2     		uxtb	r3, r3
1118:Drivers/STM32F7xx_HAL_Driver/Src/stm32f7xx_hal_tim_ex.c ****   {
 2820              		.loc 1 1118 46 discriminator 8 view .LVU809
 2821 0090 013B     		subs	r3, r3, #1
 2822 0092 18BF     		it	ne
 2823 0094 0123     		movne	r3, #1
 2824 0096 BEE7     		b	.L202
 2825              	.L215:
1118:Drivers/STM32F7xx_HAL_Driver/Src/stm32f7xx_hal_tim_ex.c ****   {
 2826              		.loc 1 1118 7 discriminator 4 view .LVU810
 2827 0098 94F84530 		ldrb	r3, [r4, #69]	@ zero_extendqisi2
 2828 009c DBB2     		uxtb	r3, r3
1118:Drivers/STM32F7xx_HAL_Driver/Src/stm32f7xx_hal_tim_ex.c ****   {
 2829              		.loc 1 1118 46 discriminator 4 view .LVU811
 2830 009e 013B     		subs	r3, r3, #1
 2831 00a0 18BF     		it	ne
 2832 00a2 0123     		movne	r3, #1
 2833 00a4 B7E7     		b	.L202
 2834              	.L216:
1118:Drivers/STM32F7xx_HAL_Driver/Src/stm32f7xx_hal_tim_ex.c ****   {
 2835              		.loc 1 1118 7 discriminator 7 view .LVU812
 2836 00a6 94F84630 		ldrb	r3, [r4, #70]	@ zero_extendqisi2
 2837 00aa DBB2     		uxtb	r3, r3
1118:Drivers/STM32F7xx_HAL_Driver/Src/stm32f7xx_hal_tim_ex.c ****   {
 2838              		.loc 1 1118 46 discriminator 7 view .LVU813
 2839 00ac 013B     		subs	r3, r3, #1
 2840 00ae 18BF     		it	ne
 2841 00b0 0123     		movne	r3, #1
 2842 00b2 B0E7     		b	.L202
 2843              	.L206:
1124:Drivers/STM32F7xx_HAL_Driver/Src/stm32f7xx_hal_tim_ex.c **** 
 2844              		.loc 1 1124 3 discriminator 2 view .LVU814
 2845 00b4 0428     		cmp	r0, #4
 2846 00b6 05D0     		beq	.L217
1124:Drivers/STM32F7xx_HAL_Driver/Src/stm32f7xx_hal_tim_ex.c **** 
 2847              		.loc 1 1124 3 discriminator 4 view .LVU815
 2848 00b8 0828     		cmp	r0, #8
 2849 00ba 07D0     		beq	.L218
1124:Drivers/STM32F7xx_HAL_Driver/Src/stm32f7xx_hal_tim_ex.c **** 
 2850              		.loc 1 1124 3 discriminator 7 view .LVU816
 2851 00bc 0223     		movs	r3, #2
ARM GAS  /tmp/ccJkDeps.s 			page 110


 2852 00be 84F84730 		strb	r3, [r4, #71]
 2853 00c2 AFE7     		b	.L207
 2854              	.L217:
1124:Drivers/STM32F7xx_HAL_Driver/Src/stm32f7xx_hal_tim_ex.c **** 
 2855              		.loc 1 1124 3 discriminator 3 view .LVU817
 2856 00c4 0223     		movs	r3, #2
 2857 00c6 84F84530 		strb	r3, [r4, #69]
 2858 00ca ABE7     		b	.L207
 2859              	.L218:
1124:Drivers/STM32F7xx_HAL_Driver/Src/stm32f7xx_hal_tim_ex.c **** 
 2860              		.loc 1 1124 3 discriminator 6 view .LVU818
 2861 00cc 0223     		movs	r3, #2
 2862 00ce 84F84630 		strb	r3, [r4, #70]
 2863 00d2 A7E7     		b	.L207
 2864              	.LVL184:
 2865              	.L210:
1135:Drivers/STM32F7xx_HAL_Driver/Src/stm32f7xx_hal_tim_ex.c ****     if (!IS_TIM_SLAVEMODE_TRIGGER_ENABLED(tmpsmcr))
 2866              		.loc 1 1135 5 is_stmt 1 view .LVU819
1135:Drivers/STM32F7xx_HAL_Driver/Src/stm32f7xx_hal_tim_ex.c ****     if (!IS_TIM_SLAVEMODE_TRIGGER_ENABLED(tmpsmcr))
 2867              		.loc 1 1135 29 is_stmt 0 view .LVU820
 2868 00d4 9968     		ldr	r1, [r3, #8]
1135:Drivers/STM32F7xx_HAL_Driver/Src/stm32f7xx_hal_tim_ex.c ****     if (!IS_TIM_SLAVEMODE_TRIGGER_ENABLED(tmpsmcr))
 2869              		.loc 1 1135 13 view .LVU821
 2870 00d6 094A     		ldr	r2, .L219+4
 2871 00d8 0A40     		ands	r2, r2, r1
 2872              	.LVL185:
1136:Drivers/STM32F7xx_HAL_Driver/Src/stm32f7xx_hal_tim_ex.c ****     {
 2873              		.loc 1 1136 5 is_stmt 1 view .LVU822
1136:Drivers/STM32F7xx_HAL_Driver/Src/stm32f7xx_hal_tim_ex.c ****     {
 2874              		.loc 1 1136 8 is_stmt 0 view .LVU823
 2875 00da 062A     		cmp	r2, #6
 2876 00dc 18BF     		it	ne
 2877 00de B2F5803F 		cmpne	r2, #65536
 2878 00e2 07D0     		beq	.L213
1138:Drivers/STM32F7xx_HAL_Driver/Src/stm32f7xx_hal_tim_ex.c ****     }
 2879              		.loc 1 1138 7 is_stmt 1 view .LVU824
 2880 00e4 1A68     		ldr	r2, [r3]
 2881              	.LVL186:
1138:Drivers/STM32F7xx_HAL_Driver/Src/stm32f7xx_hal_tim_ex.c ****     }
 2882              		.loc 1 1138 7 is_stmt 0 view .LVU825
 2883 00e6 42F00102 		orr	r2, r2, #1
 2884 00ea 1A60     		str	r2, [r3]
1147:Drivers/STM32F7xx_HAL_Driver/Src/stm32f7xx_hal_tim_ex.c **** }
 2885              		.loc 1 1147 10 view .LVU826
 2886 00ec 0020     		movs	r0, #0
 2887 00ee 00E0     		b	.L205
 2888              	.LVL187:
 2889              	.L212:
1120:Drivers/STM32F7xx_HAL_Driver/Src/stm32f7xx_hal_tim_ex.c ****   }
 2890              		.loc 1 1120 12 view .LVU827
 2891 00f0 0120     		movs	r0, #1
 2892              	.LVL188:
 2893              	.L205:
1148:Drivers/STM32F7xx_HAL_Driver/Src/stm32f7xx_hal_tim_ex.c **** 
 2894              		.loc 1 1148 1 view .LVU828
 2895 00f2 10BD     		pop	{r4, pc}
 2896              	.LVL189:
ARM GAS  /tmp/ccJkDeps.s 			page 111


 2897              	.L213:
1147:Drivers/STM32F7xx_HAL_Driver/Src/stm32f7xx_hal_tim_ex.c **** }
 2898              		.loc 1 1147 10 view .LVU829
 2899 00f4 0020     		movs	r0, #0
 2900 00f6 FCE7     		b	.L205
 2901              	.L220:
 2902              		.align	2
 2903              	.L219:
 2904 00f8 00000140 		.word	1073807360
 2905 00fc 07000100 		.word	65543
 2906              		.cfi_endproc
 2907              	.LFE157:
 2909              		.section	.text.HAL_TIMEx_PWMN_Stop,"ax",%progbits
 2910              		.align	1
 2911              		.global	HAL_TIMEx_PWMN_Stop
 2912              		.syntax unified
 2913              		.thumb
 2914              		.thumb_func
 2916              	HAL_TIMEx_PWMN_Stop:
 2917              	.LVL190:
 2918              	.LFB158:
1161:Drivers/STM32F7xx_HAL_Driver/Src/stm32f7xx_hal_tim_ex.c ****   /* Check the parameters */
 2919              		.loc 1 1161 1 is_stmt 1 view -0
 2920              		.cfi_startproc
 2921              		@ args = 0, pretend = 0, frame = 0
 2922              		@ frame_needed = 0, uses_anonymous_args = 0
1161:Drivers/STM32F7xx_HAL_Driver/Src/stm32f7xx_hal_tim_ex.c ****   /* Check the parameters */
 2923              		.loc 1 1161 1 is_stmt 0 view .LVU831
 2924 0000 38B5     		push	{r3, r4, r5, lr}
 2925              	.LCFI21:
 2926              		.cfi_def_cfa_offset 16
 2927              		.cfi_offset 3, -16
 2928              		.cfi_offset 4, -12
 2929              		.cfi_offset 5, -8
 2930              		.cfi_offset 14, -4
 2931 0002 0446     		mov	r4, r0
 2932 0004 0D46     		mov	r5, r1
1163:Drivers/STM32F7xx_HAL_Driver/Src/stm32f7xx_hal_tim_ex.c **** 
 2933              		.loc 1 1163 3 is_stmt 1 view .LVU832
1166:Drivers/STM32F7xx_HAL_Driver/Src/stm32f7xx_hal_tim_ex.c **** 
 2934              		.loc 1 1166 3 view .LVU833
 2935 0006 0022     		movs	r2, #0
 2936 0008 0068     		ldr	r0, [r0]
 2937              	.LVL191:
1166:Drivers/STM32F7xx_HAL_Driver/Src/stm32f7xx_hal_tim_ex.c **** 
 2938              		.loc 1 1166 3 is_stmt 0 view .LVU834
 2939 000a FFF7FEFF 		bl	TIM_CCxNChannelCmd
 2940              	.LVL192:
1169:Drivers/STM32F7xx_HAL_Driver/Src/stm32f7xx_hal_tim_ex.c **** 
 2941              		.loc 1 1169 3 is_stmt 1 view .LVU835
1169:Drivers/STM32F7xx_HAL_Driver/Src/stm32f7xx_hal_tim_ex.c **** 
 2942              		.loc 1 1169 3 view .LVU836
 2943 000e 2368     		ldr	r3, [r4]
 2944 0010 196A     		ldr	r1, [r3, #32]
 2945 0012 41F21112 		movw	r2, #4369
 2946 0016 1142     		tst	r1, r2
 2947 0018 08D1     		bne	.L222
ARM GAS  /tmp/ccJkDeps.s 			page 112


1169:Drivers/STM32F7xx_HAL_Driver/Src/stm32f7xx_hal_tim_ex.c **** 
 2948              		.loc 1 1169 3 discriminator 1 view .LVU837
 2949 001a 196A     		ldr	r1, [r3, #32]
 2950 001c 40F24442 		movw	r2, #1092
 2951 0020 1142     		tst	r1, r2
 2952 0022 03D1     		bne	.L222
1169:Drivers/STM32F7xx_HAL_Driver/Src/stm32f7xx_hal_tim_ex.c **** 
 2953              		.loc 1 1169 3 discriminator 3 view .LVU838
 2954 0024 5A6C     		ldr	r2, [r3, #68]
 2955 0026 22F40042 		bic	r2, r2, #32768
 2956 002a 5A64     		str	r2, [r3, #68]
 2957              	.L222:
1169:Drivers/STM32F7xx_HAL_Driver/Src/stm32f7xx_hal_tim_ex.c **** 
 2958              		.loc 1 1169 3 discriminator 5 view .LVU839
1172:Drivers/STM32F7xx_HAL_Driver/Src/stm32f7xx_hal_tim_ex.c **** 
 2959              		.loc 1 1172 3 discriminator 5 view .LVU840
1172:Drivers/STM32F7xx_HAL_Driver/Src/stm32f7xx_hal_tim_ex.c **** 
 2960              		.loc 1 1172 3 discriminator 5 view .LVU841
 2961 002c 2368     		ldr	r3, [r4]
 2962 002e 196A     		ldr	r1, [r3, #32]
 2963 0030 41F21112 		movw	r2, #4369
 2964 0034 1142     		tst	r1, r2
 2965 0036 08D1     		bne	.L223
1172:Drivers/STM32F7xx_HAL_Driver/Src/stm32f7xx_hal_tim_ex.c **** 
 2966              		.loc 1 1172 3 discriminator 1 view .LVU842
 2967 0038 196A     		ldr	r1, [r3, #32]
 2968 003a 40F24442 		movw	r2, #1092
 2969 003e 1142     		tst	r1, r2
 2970 0040 03D1     		bne	.L223
1172:Drivers/STM32F7xx_HAL_Driver/Src/stm32f7xx_hal_tim_ex.c **** 
 2971              		.loc 1 1172 3 discriminator 3 view .LVU843
 2972 0042 1A68     		ldr	r2, [r3]
 2973 0044 22F00102 		bic	r2, r2, #1
 2974 0048 1A60     		str	r2, [r3]
 2975              	.L223:
1172:Drivers/STM32F7xx_HAL_Driver/Src/stm32f7xx_hal_tim_ex.c **** 
 2976              		.loc 1 1172 3 discriminator 5 view .LVU844
1175:Drivers/STM32F7xx_HAL_Driver/Src/stm32f7xx_hal_tim_ex.c **** 
 2977              		.loc 1 1175 3 discriminator 5 view .LVU845
 2978 004a 25B9     		cbnz	r5, .L224
1175:Drivers/STM32F7xx_HAL_Driver/Src/stm32f7xx_hal_tim_ex.c **** 
 2979              		.loc 1 1175 3 is_stmt 0 discriminator 1 view .LVU846
 2980 004c 0123     		movs	r3, #1
 2981 004e 84F84430 		strb	r3, [r4, #68]
 2982              	.L225:
1178:Drivers/STM32F7xx_HAL_Driver/Src/stm32f7xx_hal_tim_ex.c **** }
 2983              		.loc 1 1178 3 is_stmt 1 view .LVU847
1179:Drivers/STM32F7xx_HAL_Driver/Src/stm32f7xx_hal_tim_ex.c **** 
 2984              		.loc 1 1179 1 is_stmt 0 view .LVU848
 2985 0052 0020     		movs	r0, #0
 2986 0054 38BD     		pop	{r3, r4, r5, pc}
 2987              	.LVL193:
 2988              	.L224:
1175:Drivers/STM32F7xx_HAL_Driver/Src/stm32f7xx_hal_tim_ex.c **** 
 2989              		.loc 1 1175 3 discriminator 2 view .LVU849
 2990 0056 042D     		cmp	r5, #4
 2991 0058 05D0     		beq	.L229
ARM GAS  /tmp/ccJkDeps.s 			page 113


1175:Drivers/STM32F7xx_HAL_Driver/Src/stm32f7xx_hal_tim_ex.c **** 
 2992              		.loc 1 1175 3 discriminator 4 view .LVU850
 2993 005a 082D     		cmp	r5, #8
 2994 005c 07D0     		beq	.L230
1175:Drivers/STM32F7xx_HAL_Driver/Src/stm32f7xx_hal_tim_ex.c **** 
 2995              		.loc 1 1175 3 discriminator 7 view .LVU851
 2996 005e 0123     		movs	r3, #1
 2997 0060 84F84730 		strb	r3, [r4, #71]
 2998 0064 F5E7     		b	.L225
 2999              	.L229:
1175:Drivers/STM32F7xx_HAL_Driver/Src/stm32f7xx_hal_tim_ex.c **** 
 3000              		.loc 1 1175 3 discriminator 3 view .LVU852
 3001 0066 0123     		movs	r3, #1
 3002 0068 84F84530 		strb	r3, [r4, #69]
 3003 006c F1E7     		b	.L225
 3004              	.L230:
1175:Drivers/STM32F7xx_HAL_Driver/Src/stm32f7xx_hal_tim_ex.c **** 
 3005              		.loc 1 1175 3 discriminator 6 view .LVU853
 3006 006e 0123     		movs	r3, #1
 3007 0070 84F84630 		strb	r3, [r4, #70]
 3008 0074 EDE7     		b	.L225
 3009              		.cfi_endproc
 3010              	.LFE158:
 3012              		.section	.text.HAL_TIMEx_PWMN_Start_IT,"ax",%progbits
 3013              		.align	1
 3014              		.global	HAL_TIMEx_PWMN_Start_IT
 3015              		.syntax unified
 3016              		.thumb
 3017              		.thumb_func
 3019              	HAL_TIMEx_PWMN_Start_IT:
 3020              	.LVL194:
 3021              	.LFB159:
1193:Drivers/STM32F7xx_HAL_Driver/Src/stm32f7xx_hal_tim_ex.c ****   HAL_StatusTypeDef status = HAL_OK;
 3022              		.loc 1 1193 1 is_stmt 1 view -0
 3023              		.cfi_startproc
 3024              		@ args = 0, pretend = 0, frame = 0
 3025              		@ frame_needed = 0, uses_anonymous_args = 0
1193:Drivers/STM32F7xx_HAL_Driver/Src/stm32f7xx_hal_tim_ex.c ****   HAL_StatusTypeDef status = HAL_OK;
 3026              		.loc 1 1193 1 is_stmt 0 view .LVU855
 3027 0000 10B5     		push	{r4, lr}
 3028              	.LCFI22:
 3029              		.cfi_def_cfa_offset 8
 3030              		.cfi_offset 4, -8
 3031              		.cfi_offset 14, -4
 3032 0002 0446     		mov	r4, r0
1194:Drivers/STM32F7xx_HAL_Driver/Src/stm32f7xx_hal_tim_ex.c ****   uint32_t tmpsmcr;
 3033              		.loc 1 1194 3 is_stmt 1 view .LVU856
 3034              	.LVL195:
1195:Drivers/STM32F7xx_HAL_Driver/Src/stm32f7xx_hal_tim_ex.c **** 
 3035              		.loc 1 1195 3 view .LVU857
1198:Drivers/STM32F7xx_HAL_Driver/Src/stm32f7xx_hal_tim_ex.c **** 
 3036              		.loc 1 1198 3 view .LVU858
1201:Drivers/STM32F7xx_HAL_Driver/Src/stm32f7xx_hal_tim_ex.c ****   {
 3037              		.loc 1 1201 3 view .LVU859
1201:Drivers/STM32F7xx_HAL_Driver/Src/stm32f7xx_hal_tim_ex.c ****   {
 3038              		.loc 1 1201 46 is_stmt 0 view .LVU860
 3039 0004 0846     		mov	r0, r1
ARM GAS  /tmp/ccJkDeps.s 			page 114


 3040              	.LVL196:
1201:Drivers/STM32F7xx_HAL_Driver/Src/stm32f7xx_hal_tim_ex.c ****   {
 3041              		.loc 1 1201 46 view .LVU861
 3042 0006 0029     		cmp	r1, #0
 3043 0008 46D1     		bne	.L232
1201:Drivers/STM32F7xx_HAL_Driver/Src/stm32f7xx_hal_tim_ex.c ****   {
 3044              		.loc 1 1201 7 discriminator 1 view .LVU862
 3045 000a 94F84430 		ldrb	r3, [r4, #68]	@ zero_extendqisi2
 3046 000e DBB2     		uxtb	r3, r3
1201:Drivers/STM32F7xx_HAL_Driver/Src/stm32f7xx_hal_tim_ex.c ****   {
 3047              		.loc 1 1201 46 discriminator 1 view .LVU863
 3048 0010 013B     		subs	r3, r3, #1
 3049 0012 18BF     		it	ne
 3050 0014 0123     		movne	r3, #1
 3051              	.L233:
1201:Drivers/STM32F7xx_HAL_Driver/Src/stm32f7xx_hal_tim_ex.c ****   {
 3052              		.loc 1 1201 6 discriminator 12 view .LVU864
 3053 0016 002B     		cmp	r3, #0
 3054 0018 40F08680 		bne	.L246
1207:Drivers/STM32F7xx_HAL_Driver/Src/stm32f7xx_hal_tim_ex.c **** 
 3055              		.loc 1 1207 3 is_stmt 1 view .LVU865
 3056 001c 0028     		cmp	r0, #0
 3057 001e 54D1     		bne	.L237
 3058 0020 0223     		movs	r3, #2
 3059 0022 84F84430 		strb	r3, [r4, #68]
1209:Drivers/STM32F7xx_HAL_Driver/Src/stm32f7xx_hal_tim_ex.c ****   {
 3060              		.loc 1 1209 3 view .LVU866
 3061              	.L238:
1214:Drivers/STM32F7xx_HAL_Driver/Src/stm32f7xx_hal_tim_ex.c ****       break;
 3062              		.loc 1 1214 7 view .LVU867
 3063 0026 2268     		ldr	r2, [r4]
 3064 0028 D368     		ldr	r3, [r2, #12]
 3065 002a 43F00203 		orr	r3, r3, #2
 3066 002e D360     		str	r3, [r2, #12]
1215:Drivers/STM32F7xx_HAL_Driver/Src/stm32f7xx_hal_tim_ex.c ****     }
 3067              		.loc 1 1215 7 view .LVU868
1237:Drivers/STM32F7xx_HAL_Driver/Src/stm32f7xx_hal_tim_ex.c ****   {
 3068              		.loc 1 1237 3 view .LVU869
 3069              	.L243:
1240:Drivers/STM32F7xx_HAL_Driver/Src/stm32f7xx_hal_tim_ex.c **** 
 3070              		.loc 1 1240 5 view .LVU870
 3071 0030 2268     		ldr	r2, [r4]
 3072 0032 D368     		ldr	r3, [r2, #12]
 3073 0034 43F08003 		orr	r3, r3, #128
 3074 0038 D360     		str	r3, [r2, #12]
1243:Drivers/STM32F7xx_HAL_Driver/Src/stm32f7xx_hal_tim_ex.c **** 
 3075              		.loc 1 1243 5 view .LVU871
 3076 003a 0422     		movs	r2, #4
 3077 003c 0146     		mov	r1, r0
 3078              	.LVL197:
1243:Drivers/STM32F7xx_HAL_Driver/Src/stm32f7xx_hal_tim_ex.c **** 
 3079              		.loc 1 1243 5 is_stmt 0 view .LVU872
 3080 003e 2068     		ldr	r0, [r4]
 3081              	.LVL198:
1243:Drivers/STM32F7xx_HAL_Driver/Src/stm32f7xx_hal_tim_ex.c **** 
 3082              		.loc 1 1243 5 view .LVU873
 3083 0040 FFF7FEFF 		bl	TIM_CCxNChannelCmd
ARM GAS  /tmp/ccJkDeps.s 			page 115


 3084              	.LVL199:
1246:Drivers/STM32F7xx_HAL_Driver/Src/stm32f7xx_hal_tim_ex.c **** 
 3085              		.loc 1 1246 5 is_stmt 1 view .LVU874
 3086 0044 2268     		ldr	r2, [r4]
 3087 0046 536C     		ldr	r3, [r2, #68]
 3088 0048 43F40043 		orr	r3, r3, #32768
 3089 004c 5364     		str	r3, [r2, #68]
1249:Drivers/STM32F7xx_HAL_Driver/Src/stm32f7xx_hal_tim_ex.c ****     {
 3090              		.loc 1 1249 5 view .LVU875
1249:Drivers/STM32F7xx_HAL_Driver/Src/stm32f7xx_hal_tim_ex.c ****     {
 3091              		.loc 1 1249 9 is_stmt 0 view .LVU876
 3092 004e 2368     		ldr	r3, [r4]
1249:Drivers/STM32F7xx_HAL_Driver/Src/stm32f7xx_hal_tim_ex.c ****     {
 3093              		.loc 1 1249 8 view .LVU877
 3094 0050 374A     		ldr	r2, .L254
 3095 0052 B3F1804F 		cmp	r3, #1073741824
 3096 0056 18BF     		it	ne
 3097 0058 9342     		cmpne	r3, r2
 3098 005a 57D0     		beq	.L244
1249:Drivers/STM32F7xx_HAL_Driver/Src/stm32f7xx_hal_tim_ex.c ****     {
 3099              		.loc 1 1249 9 discriminator 1 view .LVU878
 3100 005c A2F57C42 		sub	r2, r2, #64512
 3101 0060 9342     		cmp	r3, r2
 3102 0062 53D0     		beq	.L244
1249:Drivers/STM32F7xx_HAL_Driver/Src/stm32f7xx_hal_tim_ex.c ****     {
 3103              		.loc 1 1249 9 discriminator 2 view .LVU879
 3104 0064 02F58062 		add	r2, r2, #1024
 3105 0068 9342     		cmp	r3, r2
 3106 006a 4FD0     		beq	.L244
1249:Drivers/STM32F7xx_HAL_Driver/Src/stm32f7xx_hal_tim_ex.c ****     {
 3107              		.loc 1 1249 9 discriminator 3 view .LVU880
 3108 006c 02F58062 		add	r2, r2, #1024
 3109 0070 9342     		cmp	r3, r2
 3110 0072 4BD0     		beq	.L244
1249:Drivers/STM32F7xx_HAL_Driver/Src/stm32f7xx_hal_tim_ex.c ****     {
 3111              		.loc 1 1249 9 discriminator 4 view .LVU881
 3112 0074 02F57842 		add	r2, r2, #63488
 3113 0078 9342     		cmp	r3, r2
 3114 007a 47D0     		beq	.L244
1249:Drivers/STM32F7xx_HAL_Driver/Src/stm32f7xx_hal_tim_ex.c ****     {
 3115              		.loc 1 1249 9 discriminator 5 view .LVU882
 3116 007c 02F57052 		add	r2, r2, #15360
 3117 0080 9342     		cmp	r3, r2
 3118 0082 43D0     		beq	.L244
1249:Drivers/STM32F7xx_HAL_Driver/Src/stm32f7xx_hal_tim_ex.c ****     {
 3119              		.loc 1 1249 9 discriminator 6 view .LVU883
 3120 0084 A2F59432 		sub	r2, r2, #75776
 3121 0088 9342     		cmp	r3, r2
 3122 008a 3FD0     		beq	.L244
1259:Drivers/STM32F7xx_HAL_Driver/Src/stm32f7xx_hal_tim_ex.c ****     }
 3123              		.loc 1 1259 7 is_stmt 1 view .LVU884
 3124 008c 1A68     		ldr	r2, [r3]
 3125 008e 42F00102 		orr	r2, r2, #1
 3126 0092 1A60     		str	r2, [r3]
 3127 0094 0020     		movs	r0, #0
 3128 0096 48E0     		b	.L236
 3129              	.LVL200:
ARM GAS  /tmp/ccJkDeps.s 			page 116


 3130              	.L232:
1201:Drivers/STM32F7xx_HAL_Driver/Src/stm32f7xx_hal_tim_ex.c ****   {
 3131              		.loc 1 1201 46 is_stmt 0 discriminator 2 view .LVU885
 3132 0098 0429     		cmp	r1, #4
 3133 009a 08D0     		beq	.L250
1201:Drivers/STM32F7xx_HAL_Driver/Src/stm32f7xx_hal_tim_ex.c ****   {
 3134              		.loc 1 1201 46 discriminator 5 view .LVU886
 3135 009c 0829     		cmp	r1, #8
 3136 009e 0DD0     		beq	.L251
1201:Drivers/STM32F7xx_HAL_Driver/Src/stm32f7xx_hal_tim_ex.c ****   {
 3137              		.loc 1 1201 7 discriminator 8 view .LVU887
 3138 00a0 94F84730 		ldrb	r3, [r4, #71]	@ zero_extendqisi2
 3139 00a4 DBB2     		uxtb	r3, r3
1201:Drivers/STM32F7xx_HAL_Driver/Src/stm32f7xx_hal_tim_ex.c ****   {
 3140              		.loc 1 1201 46 discriminator 8 view .LVU888
 3141 00a6 013B     		subs	r3, r3, #1
 3142 00a8 18BF     		it	ne
 3143 00aa 0123     		movne	r3, #1
 3144 00ac B3E7     		b	.L233
 3145              	.L250:
1201:Drivers/STM32F7xx_HAL_Driver/Src/stm32f7xx_hal_tim_ex.c ****   {
 3146              		.loc 1 1201 7 discriminator 4 view .LVU889
 3147 00ae 94F84530 		ldrb	r3, [r4, #69]	@ zero_extendqisi2
 3148 00b2 DBB2     		uxtb	r3, r3
1201:Drivers/STM32F7xx_HAL_Driver/Src/stm32f7xx_hal_tim_ex.c ****   {
 3149              		.loc 1 1201 46 discriminator 4 view .LVU890
 3150 00b4 013B     		subs	r3, r3, #1
 3151 00b6 18BF     		it	ne
 3152 00b8 0123     		movne	r3, #1
 3153 00ba ACE7     		b	.L233
 3154              	.L251:
1201:Drivers/STM32F7xx_HAL_Driver/Src/stm32f7xx_hal_tim_ex.c ****   {
 3155              		.loc 1 1201 7 discriminator 7 view .LVU891
 3156 00bc 94F84630 		ldrb	r3, [r4, #70]	@ zero_extendqisi2
 3157 00c0 DBB2     		uxtb	r3, r3
1201:Drivers/STM32F7xx_HAL_Driver/Src/stm32f7xx_hal_tim_ex.c ****   {
 3158              		.loc 1 1201 46 discriminator 7 view .LVU892
 3159 00c2 013B     		subs	r3, r3, #1
 3160 00c4 18BF     		it	ne
 3161 00c6 0123     		movne	r3, #1
 3162 00c8 A5E7     		b	.L233
 3163              	.L237:
1207:Drivers/STM32F7xx_HAL_Driver/Src/stm32f7xx_hal_tim_ex.c **** 
 3164              		.loc 1 1207 3 discriminator 2 view .LVU893
 3165 00ca 0428     		cmp	r0, #4
 3166 00cc 0CD0     		beq	.L252
1207:Drivers/STM32F7xx_HAL_Driver/Src/stm32f7xx_hal_tim_ex.c **** 
 3167              		.loc 1 1207 3 discriminator 4 view .LVU894
 3168 00ce 0828     		cmp	r0, #8
 3169 00d0 13D0     		beq	.L253
1207:Drivers/STM32F7xx_HAL_Driver/Src/stm32f7xx_hal_tim_ex.c **** 
 3170              		.loc 1 1207 3 discriminator 7 view .LVU895
 3171 00d2 0223     		movs	r3, #2
 3172 00d4 84F84730 		strb	r3, [r4, #71]
1209:Drivers/STM32F7xx_HAL_Driver/Src/stm32f7xx_hal_tim_ex.c ****   {
 3173              		.loc 1 1209 3 is_stmt 1 discriminator 7 view .LVU896
 3174 00d8 0428     		cmp	r0, #4
ARM GAS  /tmp/ccJkDeps.s 			page 117


 3175 00da 08D0     		beq	.L240
1209:Drivers/STM32F7xx_HAL_Driver/Src/stm32f7xx_hal_tim_ex.c ****   {
 3176              		.loc 1 1209 3 is_stmt 0 view .LVU897
 3177 00dc 0828     		cmp	r0, #8
 3178 00de 0FD0     		beq	.L242
 3179 00e0 0028     		cmp	r0, #0
 3180 00e2 A0D0     		beq	.L238
 3181 00e4 0120     		movs	r0, #1
 3182              	.LVL201:
1209:Drivers/STM32F7xx_HAL_Driver/Src/stm32f7xx_hal_tim_ex.c ****   {
 3183              		.loc 1 1209 3 view .LVU898
 3184 00e6 20E0     		b	.L236
 3185              	.LVL202:
 3186              	.L252:
1207:Drivers/STM32F7xx_HAL_Driver/Src/stm32f7xx_hal_tim_ex.c **** 
 3187              		.loc 1 1207 3 view .LVU899
 3188 00e8 0223     		movs	r3, #2
 3189 00ea 84F84530 		strb	r3, [r4, #69]
1209:Drivers/STM32F7xx_HAL_Driver/Src/stm32f7xx_hal_tim_ex.c ****   {
 3190              		.loc 1 1209 3 is_stmt 1 view .LVU900
 3191              	.L240:
1221:Drivers/STM32F7xx_HAL_Driver/Src/stm32f7xx_hal_tim_ex.c ****       break;
 3192              		.loc 1 1221 7 view .LVU901
 3193 00ee 2268     		ldr	r2, [r4]
 3194 00f0 D368     		ldr	r3, [r2, #12]
 3195 00f2 43F00403 		orr	r3, r3, #4
 3196 00f6 D360     		str	r3, [r2, #12]
1222:Drivers/STM32F7xx_HAL_Driver/Src/stm32f7xx_hal_tim_ex.c ****     }
 3197              		.loc 1 1222 7 view .LVU902
1237:Drivers/STM32F7xx_HAL_Driver/Src/stm32f7xx_hal_tim_ex.c ****   {
 3198              		.loc 1 1237 3 view .LVU903
 3199 00f8 9AE7     		b	.L243
 3200              	.L253:
1207:Drivers/STM32F7xx_HAL_Driver/Src/stm32f7xx_hal_tim_ex.c **** 
 3201              		.loc 1 1207 3 is_stmt 0 view .LVU904
 3202 00fa 0223     		movs	r3, #2
 3203 00fc 84F84630 		strb	r3, [r4, #70]
1209:Drivers/STM32F7xx_HAL_Driver/Src/stm32f7xx_hal_tim_ex.c ****   {
 3204              		.loc 1 1209 3 is_stmt 1 view .LVU905
 3205              	.L242:
1228:Drivers/STM32F7xx_HAL_Driver/Src/stm32f7xx_hal_tim_ex.c ****       break;
 3206              		.loc 1 1228 7 view .LVU906
 3207 0100 2268     		ldr	r2, [r4]
 3208 0102 D368     		ldr	r3, [r2, #12]
 3209 0104 43F00803 		orr	r3, r3, #8
 3210 0108 D360     		str	r3, [r2, #12]
1229:Drivers/STM32F7xx_HAL_Driver/Src/stm32f7xx_hal_tim_ex.c ****     }
 3211              		.loc 1 1229 7 view .LVU907
1237:Drivers/STM32F7xx_HAL_Driver/Src/stm32f7xx_hal_tim_ex.c ****   {
 3212              		.loc 1 1237 3 view .LVU908
 3213 010a 91E7     		b	.L243
 3214              	.LVL203:
 3215              	.L244:
1251:Drivers/STM32F7xx_HAL_Driver/Src/stm32f7xx_hal_tim_ex.c ****       if (!IS_TIM_SLAVEMODE_TRIGGER_ENABLED(tmpsmcr))
 3216              		.loc 1 1251 7 view .LVU909
1251:Drivers/STM32F7xx_HAL_Driver/Src/stm32f7xx_hal_tim_ex.c ****       if (!IS_TIM_SLAVEMODE_TRIGGER_ENABLED(tmpsmcr))
 3217              		.loc 1 1251 31 is_stmt 0 view .LVU910
ARM GAS  /tmp/ccJkDeps.s 			page 118


 3218 010c 9968     		ldr	r1, [r3, #8]
1251:Drivers/STM32F7xx_HAL_Driver/Src/stm32f7xx_hal_tim_ex.c ****       if (!IS_TIM_SLAVEMODE_TRIGGER_ENABLED(tmpsmcr))
 3219              		.loc 1 1251 15 view .LVU911
 3220 010e 094A     		ldr	r2, .L254+4
 3221 0110 0A40     		ands	r2, r2, r1
 3222              	.LVL204:
1252:Drivers/STM32F7xx_HAL_Driver/Src/stm32f7xx_hal_tim_ex.c ****       {
 3223              		.loc 1 1252 7 is_stmt 1 view .LVU912
1252:Drivers/STM32F7xx_HAL_Driver/Src/stm32f7xx_hal_tim_ex.c ****       {
 3224              		.loc 1 1252 10 is_stmt 0 view .LVU913
 3225 0112 062A     		cmp	r2, #6
 3226 0114 18BF     		it	ne
 3227 0116 B2F5803F 		cmpne	r2, #65536
 3228 011a 07D0     		beq	.L248
1254:Drivers/STM32F7xx_HAL_Driver/Src/stm32f7xx_hal_tim_ex.c ****       }
 3229              		.loc 1 1254 9 is_stmt 1 view .LVU914
 3230 011c 1A68     		ldr	r2, [r3]
 3231              	.LVL205:
1254:Drivers/STM32F7xx_HAL_Driver/Src/stm32f7xx_hal_tim_ex.c ****       }
 3232              		.loc 1 1254 9 is_stmt 0 view .LVU915
 3233 011e 42F00102 		orr	r2, r2, #1
 3234 0122 1A60     		str	r2, [r3]
 3235 0124 0020     		movs	r0, #0
 3236 0126 00E0     		b	.L236
 3237              	.LVL206:
 3238              	.L246:
1203:Drivers/STM32F7xx_HAL_Driver/Src/stm32f7xx_hal_tim_ex.c ****   }
 3239              		.loc 1 1203 12 view .LVU916
 3240 0128 0120     		movs	r0, #1
 3241              	.LVL207:
 3242              	.L236:
1265:Drivers/STM32F7xx_HAL_Driver/Src/stm32f7xx_hal_tim_ex.c **** 
 3243              		.loc 1 1265 1 view .LVU917
 3244 012a 10BD     		pop	{r4, pc}
 3245              	.LVL208:
 3246              	.L248:
1265:Drivers/STM32F7xx_HAL_Driver/Src/stm32f7xx_hal_tim_ex.c **** 
 3247              		.loc 1 1265 1 view .LVU918
 3248 012c 0020     		movs	r0, #0
 3249 012e FCE7     		b	.L236
 3250              	.L255:
 3251              		.align	2
 3252              	.L254:
 3253 0130 00000140 		.word	1073807360
 3254 0134 07000100 		.word	65543
 3255              		.cfi_endproc
 3256              	.LFE159:
 3258              		.section	.text.HAL_TIMEx_PWMN_Stop_IT,"ax",%progbits
 3259              		.align	1
 3260              		.global	HAL_TIMEx_PWMN_Stop_IT
 3261              		.syntax unified
 3262              		.thumb
 3263              		.thumb_func
 3265              	HAL_TIMEx_PWMN_Stop_IT:
 3266              	.LVL209:
 3267              	.LFB160:
1279:Drivers/STM32F7xx_HAL_Driver/Src/stm32f7xx_hal_tim_ex.c ****   HAL_StatusTypeDef status = HAL_OK;
ARM GAS  /tmp/ccJkDeps.s 			page 119


 3268              		.loc 1 1279 1 is_stmt 1 view -0
 3269              		.cfi_startproc
 3270              		@ args = 0, pretend = 0, frame = 0
 3271              		@ frame_needed = 0, uses_anonymous_args = 0
1279:Drivers/STM32F7xx_HAL_Driver/Src/stm32f7xx_hal_tim_ex.c ****   HAL_StatusTypeDef status = HAL_OK;
 3272              		.loc 1 1279 1 is_stmt 0 view .LVU920
 3273 0000 38B5     		push	{r3, r4, r5, lr}
 3274              	.LCFI23:
 3275              		.cfi_def_cfa_offset 16
 3276              		.cfi_offset 3, -16
 3277              		.cfi_offset 4, -12
 3278              		.cfi_offset 5, -8
 3279              		.cfi_offset 14, -4
 3280 0002 0546     		mov	r5, r0
 3281 0004 0C46     		mov	r4, r1
1280:Drivers/STM32F7xx_HAL_Driver/Src/stm32f7xx_hal_tim_ex.c ****   uint32_t tmpccer;
 3282              		.loc 1 1280 3 is_stmt 1 view .LVU921
 3283              	.LVL210:
1281:Drivers/STM32F7xx_HAL_Driver/Src/stm32f7xx_hal_tim_ex.c **** 
 3284              		.loc 1 1281 3 view .LVU922
1284:Drivers/STM32F7xx_HAL_Driver/Src/stm32f7xx_hal_tim_ex.c **** 
 3285              		.loc 1 1284 3 view .LVU923
1286:Drivers/STM32F7xx_HAL_Driver/Src/stm32f7xx_hal_tim_ex.c ****   {
 3286              		.loc 1 1286 3 view .LVU924
 3287 0006 0429     		cmp	r1, #4
 3288 0008 3CD0     		beq	.L257
 3289 000a 0829     		cmp	r1, #8
 3290 000c 40D0     		beq	.L258
 3291 000e 09B1     		cbz	r1, .L269
 3292 0010 0120     		movs	r0, #1
 3293              	.LVL211:
 3294              	.L259:
1337:Drivers/STM32F7xx_HAL_Driver/Src/stm32f7xx_hal_tim_ex.c **** }
 3295              		.loc 1 1337 3 view .LVU925
1338:Drivers/STM32F7xx_HAL_Driver/Src/stm32f7xx_hal_tim_ex.c **** 
 3296              		.loc 1 1338 1 is_stmt 0 view .LVU926
 3297 0012 38BD     		pop	{r3, r4, r5, pc}
 3298              	.LVL212:
 3299              	.L269:
1291:Drivers/STM32F7xx_HAL_Driver/Src/stm32f7xx_hal_tim_ex.c ****       break;
 3300              		.loc 1 1291 7 is_stmt 1 view .LVU927
 3301 0014 0268     		ldr	r2, [r0]
 3302 0016 D368     		ldr	r3, [r2, #12]
 3303 0018 23F00203 		bic	r3, r3, #2
 3304 001c D360     		str	r3, [r2, #12]
1292:Drivers/STM32F7xx_HAL_Driver/Src/stm32f7xx_hal_tim_ex.c ****     }
 3305              		.loc 1 1292 7 view .LVU928
1314:Drivers/STM32F7xx_HAL_Driver/Src/stm32f7xx_hal_tim_ex.c ****   {
 3306              		.loc 1 1314 3 view .LVU929
 3307              	.L260:
1317:Drivers/STM32F7xx_HAL_Driver/Src/stm32f7xx_hal_tim_ex.c **** 
 3308              		.loc 1 1317 5 view .LVU930
 3309 001e 0022     		movs	r2, #0
 3310 0020 2146     		mov	r1, r4
 3311              	.LVL213:
1317:Drivers/STM32F7xx_HAL_Driver/Src/stm32f7xx_hal_tim_ex.c **** 
 3312              		.loc 1 1317 5 is_stmt 0 view .LVU931
ARM GAS  /tmp/ccJkDeps.s 			page 120


 3313 0022 2868     		ldr	r0, [r5]
 3314              	.LVL214:
1317:Drivers/STM32F7xx_HAL_Driver/Src/stm32f7xx_hal_tim_ex.c **** 
 3315              		.loc 1 1317 5 view .LVU932
 3316 0024 FFF7FEFF 		bl	TIM_CCxNChannelCmd
 3317              	.LVL215:
1320:Drivers/STM32F7xx_HAL_Driver/Src/stm32f7xx_hal_tim_ex.c ****     if ((tmpccer & (TIM_CCER_CC1NE | TIM_CCER_CC2NE | TIM_CCER_CC3NE)) == (uint32_t)RESET)
 3318              		.loc 1 1320 5 is_stmt 1 view .LVU933
1320:Drivers/STM32F7xx_HAL_Driver/Src/stm32f7xx_hal_tim_ex.c ****     if ((tmpccer & (TIM_CCER_CC1NE | TIM_CCER_CC2NE | TIM_CCER_CC3NE)) == (uint32_t)RESET)
 3319              		.loc 1 1320 19 is_stmt 0 view .LVU934
 3320 0028 2B68     		ldr	r3, [r5]
1320:Drivers/STM32F7xx_HAL_Driver/Src/stm32f7xx_hal_tim_ex.c ****     if ((tmpccer & (TIM_CCER_CC1NE | TIM_CCER_CC2NE | TIM_CCER_CC3NE)) == (uint32_t)RESET)
 3321              		.loc 1 1320 13 view .LVU935
 3322 002a 196A     		ldr	r1, [r3, #32]
 3323              	.LVL216:
1321:Drivers/STM32F7xx_HAL_Driver/Src/stm32f7xx_hal_tim_ex.c ****     {
 3324              		.loc 1 1321 5 is_stmt 1 view .LVU936
1321:Drivers/STM32F7xx_HAL_Driver/Src/stm32f7xx_hal_tim_ex.c ****     {
 3325              		.loc 1 1321 8 is_stmt 0 view .LVU937
 3326 002c 40F24442 		movw	r2, #1092
 3327 0030 1142     		tst	r1, r2
 3328 0032 03D1     		bne	.L261
1323:Drivers/STM32F7xx_HAL_Driver/Src/stm32f7xx_hal_tim_ex.c ****     }
 3329              		.loc 1 1323 7 is_stmt 1 view .LVU938
 3330 0034 DA68     		ldr	r2, [r3, #12]
 3331 0036 22F08002 		bic	r2, r2, #128
 3332 003a DA60     		str	r2, [r3, #12]
 3333              	.L261:
1327:Drivers/STM32F7xx_HAL_Driver/Src/stm32f7xx_hal_tim_ex.c **** 
 3334              		.loc 1 1327 5 view .LVU939
1327:Drivers/STM32F7xx_HAL_Driver/Src/stm32f7xx_hal_tim_ex.c **** 
 3335              		.loc 1 1327 5 view .LVU940
 3336 003c 2B68     		ldr	r3, [r5]
 3337 003e 196A     		ldr	r1, [r3, #32]
 3338              	.LVL217:
1327:Drivers/STM32F7xx_HAL_Driver/Src/stm32f7xx_hal_tim_ex.c **** 
 3339              		.loc 1 1327 5 is_stmt 0 view .LVU941
 3340 0040 41F21112 		movw	r2, #4369
 3341 0044 1142     		tst	r1, r2
 3342 0046 08D1     		bne	.L262
1327:Drivers/STM32F7xx_HAL_Driver/Src/stm32f7xx_hal_tim_ex.c **** 
 3343              		.loc 1 1327 5 is_stmt 1 discriminator 1 view .LVU942
 3344 0048 196A     		ldr	r1, [r3, #32]
 3345 004a 40F24442 		movw	r2, #1092
 3346 004e 1142     		tst	r1, r2
 3347 0050 03D1     		bne	.L262
1327:Drivers/STM32F7xx_HAL_Driver/Src/stm32f7xx_hal_tim_ex.c **** 
 3348              		.loc 1 1327 5 discriminator 3 view .LVU943
 3349 0052 5A6C     		ldr	r2, [r3, #68]
 3350 0054 22F40042 		bic	r2, r2, #32768
 3351 0058 5A64     		str	r2, [r3, #68]
 3352              	.L262:
1327:Drivers/STM32F7xx_HAL_Driver/Src/stm32f7xx_hal_tim_ex.c **** 
 3353              		.loc 1 1327 5 discriminator 5 view .LVU944
1330:Drivers/STM32F7xx_HAL_Driver/Src/stm32f7xx_hal_tim_ex.c **** 
 3354              		.loc 1 1330 5 discriminator 5 view .LVU945
1330:Drivers/STM32F7xx_HAL_Driver/Src/stm32f7xx_hal_tim_ex.c **** 
ARM GAS  /tmp/ccJkDeps.s 			page 121


 3355              		.loc 1 1330 5 discriminator 5 view .LVU946
 3356 005a 2B68     		ldr	r3, [r5]
 3357 005c 196A     		ldr	r1, [r3, #32]
 3358 005e 41F21112 		movw	r2, #4369
 3359 0062 1142     		tst	r1, r2
 3360 0064 08D1     		bne	.L263
1330:Drivers/STM32F7xx_HAL_Driver/Src/stm32f7xx_hal_tim_ex.c **** 
 3361              		.loc 1 1330 5 discriminator 1 view .LVU947
 3362 0066 196A     		ldr	r1, [r3, #32]
 3363 0068 40F24442 		movw	r2, #1092
 3364 006c 1142     		tst	r1, r2
 3365 006e 03D1     		bne	.L263
1330:Drivers/STM32F7xx_HAL_Driver/Src/stm32f7xx_hal_tim_ex.c **** 
 3366              		.loc 1 1330 5 discriminator 3 view .LVU948
 3367 0070 1A68     		ldr	r2, [r3]
 3368 0072 22F00102 		bic	r2, r2, #1
 3369 0076 1A60     		str	r2, [r3]
 3370              	.L263:
1330:Drivers/STM32F7xx_HAL_Driver/Src/stm32f7xx_hal_tim_ex.c **** 
 3371              		.loc 1 1330 5 discriminator 5 view .LVU949
1333:Drivers/STM32F7xx_HAL_Driver/Src/stm32f7xx_hal_tim_ex.c ****   }
 3372              		.loc 1 1333 5 discriminator 5 view .LVU950
 3373 0078 84B9     		cbnz	r4, .L264
1333:Drivers/STM32F7xx_HAL_Driver/Src/stm32f7xx_hal_tim_ex.c ****   }
 3374              		.loc 1 1333 5 is_stmt 0 discriminator 1 view .LVU951
 3375 007a 0123     		movs	r3, #1
 3376 007c 85F84430 		strb	r3, [r5, #68]
 3377 0080 0020     		movs	r0, #0
 3378 0082 C6E7     		b	.L259
 3379              	.LVL218:
 3380              	.L257:
1298:Drivers/STM32F7xx_HAL_Driver/Src/stm32f7xx_hal_tim_ex.c ****       break;
 3381              		.loc 1 1298 7 is_stmt 1 view .LVU952
 3382 0084 0268     		ldr	r2, [r0]
 3383 0086 D368     		ldr	r3, [r2, #12]
 3384 0088 23F00403 		bic	r3, r3, #4
 3385 008c D360     		str	r3, [r2, #12]
1299:Drivers/STM32F7xx_HAL_Driver/Src/stm32f7xx_hal_tim_ex.c ****     }
 3386              		.loc 1 1299 7 view .LVU953
1314:Drivers/STM32F7xx_HAL_Driver/Src/stm32f7xx_hal_tim_ex.c ****   {
 3387              		.loc 1 1314 3 view .LVU954
 3388 008e C6E7     		b	.L260
 3389              	.L258:
1305:Drivers/STM32F7xx_HAL_Driver/Src/stm32f7xx_hal_tim_ex.c ****       break;
 3390              		.loc 1 1305 7 view .LVU955
 3391 0090 0268     		ldr	r2, [r0]
 3392 0092 D368     		ldr	r3, [r2, #12]
 3393 0094 23F00803 		bic	r3, r3, #8
 3394 0098 D360     		str	r3, [r2, #12]
1306:Drivers/STM32F7xx_HAL_Driver/Src/stm32f7xx_hal_tim_ex.c ****     }
 3395              		.loc 1 1306 7 view .LVU956
1314:Drivers/STM32F7xx_HAL_Driver/Src/stm32f7xx_hal_tim_ex.c ****   {
 3396              		.loc 1 1314 3 view .LVU957
 3397 009a C0E7     		b	.L260
 3398              	.LVL219:
 3399              	.L264:
1333:Drivers/STM32F7xx_HAL_Driver/Src/stm32f7xx_hal_tim_ex.c ****   }
ARM GAS  /tmp/ccJkDeps.s 			page 122


 3400              		.loc 1 1333 5 is_stmt 0 discriminator 2 view .LVU958
 3401 009c 042C     		cmp	r4, #4
 3402 009e 06D0     		beq	.L270
1333:Drivers/STM32F7xx_HAL_Driver/Src/stm32f7xx_hal_tim_ex.c ****   }
 3403              		.loc 1 1333 5 discriminator 4 view .LVU959
 3404 00a0 082C     		cmp	r4, #8
 3405 00a2 09D0     		beq	.L271
1333:Drivers/STM32F7xx_HAL_Driver/Src/stm32f7xx_hal_tim_ex.c ****   }
 3406              		.loc 1 1333 5 discriminator 7 view .LVU960
 3407 00a4 0123     		movs	r3, #1
 3408 00a6 85F84730 		strb	r3, [r5, #71]
 3409 00aa 0020     		movs	r0, #0
 3410 00ac B1E7     		b	.L259
 3411              	.L270:
1333:Drivers/STM32F7xx_HAL_Driver/Src/stm32f7xx_hal_tim_ex.c ****   }
 3412              		.loc 1 1333 5 discriminator 3 view .LVU961
 3413 00ae 0123     		movs	r3, #1
 3414 00b0 85F84530 		strb	r3, [r5, #69]
 3415 00b4 0020     		movs	r0, #0
 3416 00b6 ACE7     		b	.L259
 3417              	.L271:
1333:Drivers/STM32F7xx_HAL_Driver/Src/stm32f7xx_hal_tim_ex.c ****   }
 3418              		.loc 1 1333 5 discriminator 6 view .LVU962
 3419 00b8 0123     		movs	r3, #1
 3420 00ba 85F84630 		strb	r3, [r5, #70]
 3421 00be 0020     		movs	r0, #0
 3422 00c0 A7E7     		b	.L259
 3423              		.cfi_endproc
 3424              	.LFE160:
 3426              		.section	.text.HAL_TIMEx_PWMN_Start_DMA,"ax",%progbits
 3427              		.align	1
 3428              		.global	HAL_TIMEx_PWMN_Start_DMA
 3429              		.syntax unified
 3430              		.thumb
 3431              		.thumb_func
 3433              	HAL_TIMEx_PWMN_Start_DMA:
 3434              	.LVL220:
 3435              	.LFB161:
1355:Drivers/STM32F7xx_HAL_Driver/Src/stm32f7xx_hal_tim_ex.c ****   HAL_StatusTypeDef status = HAL_OK;
 3436              		.loc 1 1355 1 is_stmt 1 view -0
 3437              		.cfi_startproc
 3438              		@ args = 0, pretend = 0, frame = 0
 3439              		@ frame_needed = 0, uses_anonymous_args = 0
1355:Drivers/STM32F7xx_HAL_Driver/Src/stm32f7xx_hal_tim_ex.c ****   HAL_StatusTypeDef status = HAL_OK;
 3440              		.loc 1 1355 1 is_stmt 0 view .LVU964
 3441 0000 38B5     		push	{r3, r4, r5, lr}
 3442              	.LCFI24:
 3443              		.cfi_def_cfa_offset 16
 3444              		.cfi_offset 3, -16
 3445              		.cfi_offset 4, -12
 3446              		.cfi_offset 5, -8
 3447              		.cfi_offset 14, -4
 3448 0002 0446     		mov	r4, r0
 3449 0004 9446     		mov	ip, r2
1356:Drivers/STM32F7xx_HAL_Driver/Src/stm32f7xx_hal_tim_ex.c ****   uint32_t tmpsmcr;
 3450              		.loc 1 1356 3 is_stmt 1 view .LVU965
 3451              	.LVL221:
ARM GAS  /tmp/ccJkDeps.s 			page 123


1357:Drivers/STM32F7xx_HAL_Driver/Src/stm32f7xx_hal_tim_ex.c **** 
 3452              		.loc 1 1357 3 view .LVU966
1360:Drivers/STM32F7xx_HAL_Driver/Src/stm32f7xx_hal_tim_ex.c **** 
 3453              		.loc 1 1360 3 view .LVU967
1363:Drivers/STM32F7xx_HAL_Driver/Src/stm32f7xx_hal_tim_ex.c ****   {
 3454              		.loc 1 1363 3 view .LVU968
1363:Drivers/STM32F7xx_HAL_Driver/Src/stm32f7xx_hal_tim_ex.c ****   {
 3455              		.loc 1 1363 46 is_stmt 0 view .LVU969
 3456 0006 0D46     		mov	r5, r1
 3457 0008 0029     		cmp	r1, #0
 3458 000a 6ED1     		bne	.L273
1363:Drivers/STM32F7xx_HAL_Driver/Src/stm32f7xx_hal_tim_ex.c ****   {
 3459              		.loc 1 1363 7 discriminator 1 view .LVU970
 3460 000c 90F84400 		ldrb	r0, [r0, #68]	@ zero_extendqisi2
 3461              	.LVL222:
1363:Drivers/STM32F7xx_HAL_Driver/Src/stm32f7xx_hal_tim_ex.c ****   {
 3462              		.loc 1 1363 7 discriminator 1 view .LVU971
 3463 0010 C0B2     		uxtb	r0, r0
1363:Drivers/STM32F7xx_HAL_Driver/Src/stm32f7xx_hal_tim_ex.c ****   {
 3464              		.loc 1 1363 46 discriminator 1 view .LVU972
 3465 0012 0228     		cmp	r0, #2
 3466 0014 14BF     		ite	ne
 3467 0016 0020     		movne	r0, #0
 3468 0018 0120     		moveq	r0, #1
 3469              	.L274:
1363:Drivers/STM32F7xx_HAL_Driver/Src/stm32f7xx_hal_tim_ex.c ****   {
 3470              		.loc 1 1363 6 discriminator 12 view .LVU973
 3471 001a 0028     		cmp	r0, #0
 3472 001c 40F0EE80 		bne	.L291
1367:Drivers/STM32F7xx_HAL_Driver/Src/stm32f7xx_hal_tim_ex.c ****   {
 3473              		.loc 1 1367 8 is_stmt 1 view .LVU974
1367:Drivers/STM32F7xx_HAL_Driver/Src/stm32f7xx_hal_tim_ex.c ****   {
 3474              		.loc 1 1367 51 is_stmt 0 view .LVU975
 3475 0020 002D     		cmp	r5, #0
 3476 0022 7ED1     		bne	.L278
1367:Drivers/STM32F7xx_HAL_Driver/Src/stm32f7xx_hal_tim_ex.c ****   {
 3477              		.loc 1 1367 12 discriminator 1 view .LVU976
 3478 0024 94F84420 		ldrb	r2, [r4, #68]	@ zero_extendqisi2
 3479              	.LVL223:
1367:Drivers/STM32F7xx_HAL_Driver/Src/stm32f7xx_hal_tim_ex.c ****   {
 3480              		.loc 1 1367 12 discriminator 1 view .LVU977
 3481 0028 D2B2     		uxtb	r2, r2
1367:Drivers/STM32F7xx_HAL_Driver/Src/stm32f7xx_hal_tim_ex.c ****   {
 3482              		.loc 1 1367 51 discriminator 1 view .LVU978
 3483 002a 012A     		cmp	r2, #1
 3484 002c 14BF     		ite	ne
 3485 002e 0022     		movne	r2, #0
 3486 0030 0122     		moveq	r2, #1
 3487              	.L279:
1367:Drivers/STM32F7xx_HAL_Driver/Src/stm32f7xx_hal_tim_ex.c ****   {
 3488              		.loc 1 1367 11 discriminator 12 view .LVU979
 3489 0032 002A     		cmp	r2, #0
 3490 0034 00F0E480 		beq	.L292
1369:Drivers/STM32F7xx_HAL_Driver/Src/stm32f7xx_hal_tim_ex.c ****     {
 3491              		.loc 1 1369 5 is_stmt 1 view .LVU980
1369:Drivers/STM32F7xx_HAL_Driver/Src/stm32f7xx_hal_tim_ex.c ****     {
 3492              		.loc 1 1369 8 is_stmt 0 view .LVU981
ARM GAS  /tmp/ccJkDeps.s 			page 124


 3493 0038 002B     		cmp	r3, #0
 3494 003a 18BF     		it	ne
 3495 003c BCF1000F 		cmpne	ip, #0
 3496 0040 00F0E080 		beq	.L293
1375:Drivers/STM32F7xx_HAL_Driver/Src/stm32f7xx_hal_tim_ex.c ****     }
 3497              		.loc 1 1375 7 is_stmt 1 view .LVU982
 3498 0044 002D     		cmp	r5, #0
 3499 0046 40F08880 		bne	.L282
 3500 004a 0222     		movs	r2, #2
 3501 004c 84F84420 		strb	r2, [r4, #68]
1383:Drivers/STM32F7xx_HAL_Driver/Src/stm32f7xx_hal_tim_ex.c ****   {
 3502              		.loc 1 1383 3 view .LVU983
 3503              	.L283:
1388:Drivers/STM32F7xx_HAL_Driver/Src/stm32f7xx_hal_tim_ex.c ****       htim->hdma[TIM_DMA_ID_CC1]->XferHalfCpltCallback = TIM_DMADelayPulseHalfCplt;
 3504              		.loc 1 1388 7 view .LVU984
1388:Drivers/STM32F7xx_HAL_Driver/Src/stm32f7xx_hal_tim_ex.c ****       htim->hdma[TIM_DMA_ID_CC1]->XferHalfCpltCallback = TIM_DMADelayPulseHalfCplt;
 3505              		.loc 1 1388 17 is_stmt 0 view .LVU985
 3506 0050 626A     		ldr	r2, [r4, #36]
1388:Drivers/STM32F7xx_HAL_Driver/Src/stm32f7xx_hal_tim_ex.c ****       htim->hdma[TIM_DMA_ID_CC1]->XferHalfCpltCallback = TIM_DMADelayPulseHalfCplt;
 3507              		.loc 1 1388 52 view .LVU986
 3508 0052 7149     		ldr	r1, .L306
 3509              	.LVL224:
1388:Drivers/STM32F7xx_HAL_Driver/Src/stm32f7xx_hal_tim_ex.c ****       htim->hdma[TIM_DMA_ID_CC1]->XferHalfCpltCallback = TIM_DMADelayPulseHalfCplt;
 3510              		.loc 1 1388 52 view .LVU987
 3511 0054 D163     		str	r1, [r2, #60]
1389:Drivers/STM32F7xx_HAL_Driver/Src/stm32f7xx_hal_tim_ex.c **** 
 3512              		.loc 1 1389 7 is_stmt 1 view .LVU988
1389:Drivers/STM32F7xx_HAL_Driver/Src/stm32f7xx_hal_tim_ex.c **** 
 3513              		.loc 1 1389 17 is_stmt 0 view .LVU989
 3514 0056 626A     		ldr	r2, [r4, #36]
1389:Drivers/STM32F7xx_HAL_Driver/Src/stm32f7xx_hal_tim_ex.c **** 
 3515              		.loc 1 1389 56 view .LVU990
 3516 0058 7049     		ldr	r1, .L306+4
 3517 005a 1164     		str	r1, [r2, #64]
1392:Drivers/STM32F7xx_HAL_Driver/Src/stm32f7xx_hal_tim_ex.c **** 
 3518              		.loc 1 1392 7 is_stmt 1 view .LVU991
1392:Drivers/STM32F7xx_HAL_Driver/Src/stm32f7xx_hal_tim_ex.c **** 
 3519              		.loc 1 1392 17 is_stmt 0 view .LVU992
 3520 005c 626A     		ldr	r2, [r4, #36]
1392:Drivers/STM32F7xx_HAL_Driver/Src/stm32f7xx_hal_tim_ex.c **** 
 3521              		.loc 1 1392 53 view .LVU993
 3522 005e 7049     		ldr	r1, .L306+8
 3523 0060 D164     		str	r1, [r2, #76]
1395:Drivers/STM32F7xx_HAL_Driver/Src/stm32f7xx_hal_tim_ex.c ****                            Length) != HAL_OK)
 3524              		.loc 1 1395 7 is_stmt 1 view .LVU994
1395:Drivers/STM32F7xx_HAL_Driver/Src/stm32f7xx_hal_tim_ex.c ****                            Length) != HAL_OK)
 3525              		.loc 1 1395 88 is_stmt 0 view .LVU995
 3526 0062 2268     		ldr	r2, [r4]
1395:Drivers/STM32F7xx_HAL_Driver/Src/stm32f7xx_hal_tim_ex.c ****                            Length) != HAL_OK)
 3527              		.loc 1 1395 11 view .LVU996
 3528 0064 3432     		adds	r2, r2, #52
 3529 0066 6146     		mov	r1, ip
 3530 0068 606A     		ldr	r0, [r4, #36]
 3531 006a FFF7FEFF 		bl	HAL_DMA_Start_IT
 3532              	.LVL225:
1395:Drivers/STM32F7xx_HAL_Driver/Src/stm32f7xx_hal_tim_ex.c ****                            Length) != HAL_OK)
 3533              		.loc 1 1395 10 view .LVU997
ARM GAS  /tmp/ccJkDeps.s 			page 125


 3534 006e 0028     		cmp	r0, #0
 3535 0070 40F0CA80 		bne	.L295
1402:Drivers/STM32F7xx_HAL_Driver/Src/stm32f7xx_hal_tim_ex.c ****       break;
 3536              		.loc 1 1402 7 is_stmt 1 view .LVU998
 3537 0074 2268     		ldr	r2, [r4]
 3538 0076 D368     		ldr	r3, [r2, #12]
 3539 0078 43F40073 		orr	r3, r3, #512
 3540 007c D360     		str	r3, [r2, #12]
1403:Drivers/STM32F7xx_HAL_Driver/Src/stm32f7xx_hal_tim_ex.c ****     }
 3541              		.loc 1 1403 7 view .LVU999
1453:Drivers/STM32F7xx_HAL_Driver/Src/stm32f7xx_hal_tim_ex.c ****   {
 3542              		.loc 1 1453 3 view .LVU1000
 3543              	.L288:
1456:Drivers/STM32F7xx_HAL_Driver/Src/stm32f7xx_hal_tim_ex.c **** 
 3544              		.loc 1 1456 5 view .LVU1001
 3545 007e 0422     		movs	r2, #4
 3546 0080 2946     		mov	r1, r5
 3547 0082 2068     		ldr	r0, [r4]
 3548 0084 FFF7FEFF 		bl	TIM_CCxNChannelCmd
 3549              	.LVL226:
1459:Drivers/STM32F7xx_HAL_Driver/Src/stm32f7xx_hal_tim_ex.c **** 
 3550              		.loc 1 1459 5 view .LVU1002
 3551 0088 2268     		ldr	r2, [r4]
 3552 008a 536C     		ldr	r3, [r2, #68]
 3553 008c 43F40043 		orr	r3, r3, #32768
 3554 0090 5364     		str	r3, [r2, #68]
1462:Drivers/STM32F7xx_HAL_Driver/Src/stm32f7xx_hal_tim_ex.c ****     {
 3555              		.loc 1 1462 5 view .LVU1003
1462:Drivers/STM32F7xx_HAL_Driver/Src/stm32f7xx_hal_tim_ex.c ****     {
 3556              		.loc 1 1462 9 is_stmt 0 view .LVU1004
 3557 0092 2368     		ldr	r3, [r4]
1462:Drivers/STM32F7xx_HAL_Driver/Src/stm32f7xx_hal_tim_ex.c ****     {
 3558              		.loc 1 1462 8 view .LVU1005
 3559 0094 634A     		ldr	r2, .L306+12
 3560 0096 B3F1804F 		cmp	r3, #1073741824
 3561 009a 18BF     		it	ne
 3562 009c 9342     		cmpne	r3, r2
 3563 009e 00F09F80 		beq	.L289
1462:Drivers/STM32F7xx_HAL_Driver/Src/stm32f7xx_hal_tim_ex.c ****     {
 3564              		.loc 1 1462 9 discriminator 1 view .LVU1006
 3565 00a2 A2F57C42 		sub	r2, r2, #64512
 3566 00a6 9342     		cmp	r3, r2
 3567 00a8 00F09A80 		beq	.L289
1462:Drivers/STM32F7xx_HAL_Driver/Src/stm32f7xx_hal_tim_ex.c ****     {
 3568              		.loc 1 1462 9 discriminator 2 view .LVU1007
 3569 00ac 02F58062 		add	r2, r2, #1024
 3570 00b0 9342     		cmp	r3, r2
 3571 00b2 00F09580 		beq	.L289
1462:Drivers/STM32F7xx_HAL_Driver/Src/stm32f7xx_hal_tim_ex.c ****     {
 3572              		.loc 1 1462 9 discriminator 3 view .LVU1008
 3573 00b6 02F58062 		add	r2, r2, #1024
 3574 00ba 9342     		cmp	r3, r2
 3575 00bc 00F09080 		beq	.L289
1462:Drivers/STM32F7xx_HAL_Driver/Src/stm32f7xx_hal_tim_ex.c ****     {
 3576              		.loc 1 1462 9 discriminator 4 view .LVU1009
 3577 00c0 02F57842 		add	r2, r2, #63488
 3578 00c4 9342     		cmp	r3, r2
ARM GAS  /tmp/ccJkDeps.s 			page 126


 3579 00c6 00F08B80 		beq	.L289
1462:Drivers/STM32F7xx_HAL_Driver/Src/stm32f7xx_hal_tim_ex.c ****     {
 3580              		.loc 1 1462 9 discriminator 5 view .LVU1010
 3581 00ca 02F57052 		add	r2, r2, #15360
 3582 00ce 9342     		cmp	r3, r2
 3583 00d0 00F08680 		beq	.L289
1462:Drivers/STM32F7xx_HAL_Driver/Src/stm32f7xx_hal_tim_ex.c ****     {
 3584              		.loc 1 1462 9 discriminator 6 view .LVU1011
 3585 00d4 A2F59432 		sub	r2, r2, #75776
 3586 00d8 9342     		cmp	r3, r2
 3587 00da 00F08180 		beq	.L289
1472:Drivers/STM32F7xx_HAL_Driver/Src/stm32f7xx_hal_tim_ex.c ****     }
 3588              		.loc 1 1472 7 is_stmt 1 view .LVU1012
 3589 00de 1A68     		ldr	r2, [r3]
 3590 00e0 42F00102 		orr	r2, r2, #1
 3591 00e4 1A60     		str	r2, [r3]
 3592 00e6 0020     		movs	r0, #0
 3593 00e8 8BE0     		b	.L277
 3594              	.LVL227:
 3595              	.L273:
1363:Drivers/STM32F7xx_HAL_Driver/Src/stm32f7xx_hal_tim_ex.c ****   {
 3596              		.loc 1 1363 46 is_stmt 0 discriminator 2 view .LVU1013
 3597 00ea 0429     		cmp	r1, #4
 3598 00ec 09D0     		beq	.L300
1363:Drivers/STM32F7xx_HAL_Driver/Src/stm32f7xx_hal_tim_ex.c ****   {
 3599              		.loc 1 1363 46 discriminator 5 view .LVU1014
 3600 00ee 0829     		cmp	r1, #8
 3601 00f0 0FD0     		beq	.L301
1363:Drivers/STM32F7xx_HAL_Driver/Src/stm32f7xx_hal_tim_ex.c ****   {
 3602              		.loc 1 1363 7 discriminator 8 view .LVU1015
 3603 00f2 90F84700 		ldrb	r0, [r0, #71]	@ zero_extendqisi2
 3604              	.LVL228:
1363:Drivers/STM32F7xx_HAL_Driver/Src/stm32f7xx_hal_tim_ex.c ****   {
 3605              		.loc 1 1363 7 discriminator 8 view .LVU1016
 3606 00f6 C0B2     		uxtb	r0, r0
1363:Drivers/STM32F7xx_HAL_Driver/Src/stm32f7xx_hal_tim_ex.c ****   {
 3607              		.loc 1 1363 46 discriminator 8 view .LVU1017
 3608 00f8 0228     		cmp	r0, #2
 3609 00fa 14BF     		ite	ne
 3610 00fc 0020     		movne	r0, #0
 3611 00fe 0120     		moveq	r0, #1
 3612 0100 8BE7     		b	.L274
 3613              	.LVL229:
 3614              	.L300:
1363:Drivers/STM32F7xx_HAL_Driver/Src/stm32f7xx_hal_tim_ex.c ****   {
 3615              		.loc 1 1363 7 discriminator 4 view .LVU1018
 3616 0102 90F84500 		ldrb	r0, [r0, #69]	@ zero_extendqisi2
 3617              	.LVL230:
1363:Drivers/STM32F7xx_HAL_Driver/Src/stm32f7xx_hal_tim_ex.c ****   {
 3618              		.loc 1 1363 7 discriminator 4 view .LVU1019
 3619 0106 C0B2     		uxtb	r0, r0
1363:Drivers/STM32F7xx_HAL_Driver/Src/stm32f7xx_hal_tim_ex.c ****   {
 3620              		.loc 1 1363 46 discriminator 4 view .LVU1020
 3621 0108 0228     		cmp	r0, #2
 3622 010a 14BF     		ite	ne
 3623 010c 0020     		movne	r0, #0
 3624 010e 0120     		moveq	r0, #1
ARM GAS  /tmp/ccJkDeps.s 			page 127


 3625 0110 83E7     		b	.L274
 3626              	.LVL231:
 3627              	.L301:
1363:Drivers/STM32F7xx_HAL_Driver/Src/stm32f7xx_hal_tim_ex.c ****   {
 3628              		.loc 1 1363 7 discriminator 7 view .LVU1021
 3629 0112 90F84600 		ldrb	r0, [r0, #70]	@ zero_extendqisi2
 3630              	.LVL232:
1363:Drivers/STM32F7xx_HAL_Driver/Src/stm32f7xx_hal_tim_ex.c ****   {
 3631              		.loc 1 1363 7 discriminator 7 view .LVU1022
 3632 0116 C0B2     		uxtb	r0, r0
1363:Drivers/STM32F7xx_HAL_Driver/Src/stm32f7xx_hal_tim_ex.c ****   {
 3633              		.loc 1 1363 46 discriminator 7 view .LVU1023
 3634 0118 0228     		cmp	r0, #2
 3635 011a 14BF     		ite	ne
 3636 011c 0020     		movne	r0, #0
 3637 011e 0120     		moveq	r0, #1
 3638 0120 7BE7     		b	.L274
 3639              	.L278:
1367:Drivers/STM32F7xx_HAL_Driver/Src/stm32f7xx_hal_tim_ex.c ****   {
 3640              		.loc 1 1367 51 discriminator 2 view .LVU1024
 3641 0122 042D     		cmp	r5, #4
 3642 0124 09D0     		beq	.L302
1367:Drivers/STM32F7xx_HAL_Driver/Src/stm32f7xx_hal_tim_ex.c ****   {
 3643              		.loc 1 1367 51 discriminator 5 view .LVU1025
 3644 0126 082D     		cmp	r5, #8
 3645 0128 0FD0     		beq	.L303
1367:Drivers/STM32F7xx_HAL_Driver/Src/stm32f7xx_hal_tim_ex.c ****   {
 3646              		.loc 1 1367 12 discriminator 8 view .LVU1026
 3647 012a 94F84720 		ldrb	r2, [r4, #71]	@ zero_extendqisi2
 3648              	.LVL233:
1367:Drivers/STM32F7xx_HAL_Driver/Src/stm32f7xx_hal_tim_ex.c ****   {
 3649              		.loc 1 1367 12 discriminator 8 view .LVU1027
 3650 012e D2B2     		uxtb	r2, r2
1367:Drivers/STM32F7xx_HAL_Driver/Src/stm32f7xx_hal_tim_ex.c ****   {
 3651              		.loc 1 1367 51 discriminator 8 view .LVU1028
 3652 0130 012A     		cmp	r2, #1
 3653 0132 14BF     		ite	ne
 3654 0134 0022     		movne	r2, #0
 3655 0136 0122     		moveq	r2, #1
 3656 0138 7BE7     		b	.L279
 3657              	.LVL234:
 3658              	.L302:
1367:Drivers/STM32F7xx_HAL_Driver/Src/stm32f7xx_hal_tim_ex.c ****   {
 3659              		.loc 1 1367 12 discriminator 4 view .LVU1029
 3660 013a 94F84520 		ldrb	r2, [r4, #69]	@ zero_extendqisi2
 3661              	.LVL235:
1367:Drivers/STM32F7xx_HAL_Driver/Src/stm32f7xx_hal_tim_ex.c ****   {
 3662              		.loc 1 1367 12 discriminator 4 view .LVU1030
 3663 013e D2B2     		uxtb	r2, r2
1367:Drivers/STM32F7xx_HAL_Driver/Src/stm32f7xx_hal_tim_ex.c ****   {
 3664              		.loc 1 1367 51 discriminator 4 view .LVU1031
 3665 0140 012A     		cmp	r2, #1
 3666 0142 14BF     		ite	ne
 3667 0144 0022     		movne	r2, #0
 3668 0146 0122     		moveq	r2, #1
 3669 0148 73E7     		b	.L279
 3670              	.LVL236:
ARM GAS  /tmp/ccJkDeps.s 			page 128


 3671              	.L303:
1367:Drivers/STM32F7xx_HAL_Driver/Src/stm32f7xx_hal_tim_ex.c ****   {
 3672              		.loc 1 1367 12 discriminator 7 view .LVU1032
 3673 014a 94F84620 		ldrb	r2, [r4, #70]	@ zero_extendqisi2
 3674              	.LVL237:
1367:Drivers/STM32F7xx_HAL_Driver/Src/stm32f7xx_hal_tim_ex.c ****   {
 3675              		.loc 1 1367 12 discriminator 7 view .LVU1033
 3676 014e D2B2     		uxtb	r2, r2
1367:Drivers/STM32F7xx_HAL_Driver/Src/stm32f7xx_hal_tim_ex.c ****   {
 3677              		.loc 1 1367 51 discriminator 7 view .LVU1034
 3678 0150 012A     		cmp	r2, #1
 3679 0152 14BF     		ite	ne
 3680 0154 0022     		movne	r2, #0
 3681 0156 0122     		moveq	r2, #1
 3682 0158 6BE7     		b	.L279
 3683              	.L282:
1375:Drivers/STM32F7xx_HAL_Driver/Src/stm32f7xx_hal_tim_ex.c ****     }
 3684              		.loc 1 1375 7 discriminator 2 view .LVU1035
 3685 015a 042D     		cmp	r5, #4
 3686 015c 0DD0     		beq	.L304
1375:Drivers/STM32F7xx_HAL_Driver/Src/stm32f7xx_hal_tim_ex.c ****     }
 3687              		.loc 1 1375 7 discriminator 4 view .LVU1036
 3688 015e 082D     		cmp	r5, #8
 3689 0160 25D0     		beq	.L305
1375:Drivers/STM32F7xx_HAL_Driver/Src/stm32f7xx_hal_tim_ex.c ****     }
 3690              		.loc 1 1375 7 discriminator 7 view .LVU1037
 3691 0162 0222     		movs	r2, #2
 3692 0164 84F84720 		strb	r2, [r4, #71]
1383:Drivers/STM32F7xx_HAL_Driver/Src/stm32f7xx_hal_tim_ex.c ****   {
 3693              		.loc 1 1383 3 is_stmt 1 discriminator 7 view .LVU1038
 3694 0168 042D     		cmp	r5, #4
 3695 016a 09D0     		beq	.L285
1383:Drivers/STM32F7xx_HAL_Driver/Src/stm32f7xx_hal_tim_ex.c ****   {
 3696              		.loc 1 1383 3 is_stmt 0 view .LVU1039
 3697 016c 082D     		cmp	r5, #8
 3698 016e 21D0     		beq	.L287
 3699 0170 002D     		cmp	r5, #0
 3700 0172 3FF46DAF 		beq	.L283
 3701 0176 0120     		movs	r0, #1
 3702 0178 43E0     		b	.L277
 3703              	.L304:
1375:Drivers/STM32F7xx_HAL_Driver/Src/stm32f7xx_hal_tim_ex.c ****     }
 3704              		.loc 1 1375 7 view .LVU1040
 3705 017a 0222     		movs	r2, #2
 3706 017c 84F84520 		strb	r2, [r4, #69]
1383:Drivers/STM32F7xx_HAL_Driver/Src/stm32f7xx_hal_tim_ex.c ****   {
 3707              		.loc 1 1383 3 is_stmt 1 view .LVU1041
 3708              	.L285:
1409:Drivers/STM32F7xx_HAL_Driver/Src/stm32f7xx_hal_tim_ex.c ****       htim->hdma[TIM_DMA_ID_CC2]->XferHalfCpltCallback = TIM_DMADelayPulseHalfCplt;
 3709              		.loc 1 1409 7 view .LVU1042
1409:Drivers/STM32F7xx_HAL_Driver/Src/stm32f7xx_hal_tim_ex.c ****       htim->hdma[TIM_DMA_ID_CC2]->XferHalfCpltCallback = TIM_DMADelayPulseHalfCplt;
 3710              		.loc 1 1409 17 is_stmt 0 view .LVU1043
 3711 0180 A26A     		ldr	r2, [r4, #40]
1409:Drivers/STM32F7xx_HAL_Driver/Src/stm32f7xx_hal_tim_ex.c ****       htim->hdma[TIM_DMA_ID_CC2]->XferHalfCpltCallback = TIM_DMADelayPulseHalfCplt;
 3712              		.loc 1 1409 52 view .LVU1044
 3713 0182 2549     		ldr	r1, .L306
 3714              	.LVL238:
ARM GAS  /tmp/ccJkDeps.s 			page 129


1409:Drivers/STM32F7xx_HAL_Driver/Src/stm32f7xx_hal_tim_ex.c ****       htim->hdma[TIM_DMA_ID_CC2]->XferHalfCpltCallback = TIM_DMADelayPulseHalfCplt;
 3715              		.loc 1 1409 52 view .LVU1045
 3716 0184 D163     		str	r1, [r2, #60]
1410:Drivers/STM32F7xx_HAL_Driver/Src/stm32f7xx_hal_tim_ex.c **** 
 3717              		.loc 1 1410 7 is_stmt 1 view .LVU1046
1410:Drivers/STM32F7xx_HAL_Driver/Src/stm32f7xx_hal_tim_ex.c **** 
 3718              		.loc 1 1410 17 is_stmt 0 view .LVU1047
 3719 0186 A26A     		ldr	r2, [r4, #40]
1410:Drivers/STM32F7xx_HAL_Driver/Src/stm32f7xx_hal_tim_ex.c **** 
 3720              		.loc 1 1410 56 view .LVU1048
 3721 0188 2449     		ldr	r1, .L306+4
 3722 018a 1164     		str	r1, [r2, #64]
1413:Drivers/STM32F7xx_HAL_Driver/Src/stm32f7xx_hal_tim_ex.c **** 
 3723              		.loc 1 1413 7 is_stmt 1 view .LVU1049
1413:Drivers/STM32F7xx_HAL_Driver/Src/stm32f7xx_hal_tim_ex.c **** 
 3724              		.loc 1 1413 17 is_stmt 0 view .LVU1050
 3725 018c A26A     		ldr	r2, [r4, #40]
1413:Drivers/STM32F7xx_HAL_Driver/Src/stm32f7xx_hal_tim_ex.c **** 
 3726              		.loc 1 1413 53 view .LVU1051
 3727 018e 2449     		ldr	r1, .L306+8
 3728 0190 D164     		str	r1, [r2, #76]
1416:Drivers/STM32F7xx_HAL_Driver/Src/stm32f7xx_hal_tim_ex.c ****                            Length) != HAL_OK)
 3729              		.loc 1 1416 7 is_stmt 1 view .LVU1052
1416:Drivers/STM32F7xx_HAL_Driver/Src/stm32f7xx_hal_tim_ex.c ****                            Length) != HAL_OK)
 3730              		.loc 1 1416 88 is_stmt 0 view .LVU1053
 3731 0192 2268     		ldr	r2, [r4]
1416:Drivers/STM32F7xx_HAL_Driver/Src/stm32f7xx_hal_tim_ex.c ****                            Length) != HAL_OK)
 3732              		.loc 1 1416 11 view .LVU1054
 3733 0194 3832     		adds	r2, r2, #56
 3734 0196 6146     		mov	r1, ip
 3735 0198 A06A     		ldr	r0, [r4, #40]
 3736 019a FFF7FEFF 		bl	HAL_DMA_Start_IT
 3737              	.LVL239:
1416:Drivers/STM32F7xx_HAL_Driver/Src/stm32f7xx_hal_tim_ex.c ****                            Length) != HAL_OK)
 3738              		.loc 1 1416 10 view .LVU1055
 3739 019e 0028     		cmp	r0, #0
 3740 01a0 34D1     		bne	.L296
1423:Drivers/STM32F7xx_HAL_Driver/Src/stm32f7xx_hal_tim_ex.c ****       break;
 3741              		.loc 1 1423 7 is_stmt 1 view .LVU1056
 3742 01a2 2268     		ldr	r2, [r4]
 3743 01a4 D368     		ldr	r3, [r2, #12]
 3744 01a6 43F48063 		orr	r3, r3, #1024
 3745 01aa D360     		str	r3, [r2, #12]
1424:Drivers/STM32F7xx_HAL_Driver/Src/stm32f7xx_hal_tim_ex.c ****     }
 3746              		.loc 1 1424 7 view .LVU1057
1453:Drivers/STM32F7xx_HAL_Driver/Src/stm32f7xx_hal_tim_ex.c ****   {
 3747              		.loc 1 1453 3 view .LVU1058
 3748 01ac 67E7     		b	.L288
 3749              	.LVL240:
 3750              	.L305:
1375:Drivers/STM32F7xx_HAL_Driver/Src/stm32f7xx_hal_tim_ex.c ****     }
 3751              		.loc 1 1375 7 is_stmt 0 view .LVU1059
 3752 01ae 0222     		movs	r2, #2
 3753 01b0 84F84620 		strb	r2, [r4, #70]
1383:Drivers/STM32F7xx_HAL_Driver/Src/stm32f7xx_hal_tim_ex.c ****   {
 3754              		.loc 1 1383 3 is_stmt 1 view .LVU1060
 3755              	.L287:
ARM GAS  /tmp/ccJkDeps.s 			page 130


1430:Drivers/STM32F7xx_HAL_Driver/Src/stm32f7xx_hal_tim_ex.c ****       htim->hdma[TIM_DMA_ID_CC3]->XferHalfCpltCallback = TIM_DMADelayPulseHalfCplt;
 3756              		.loc 1 1430 7 view .LVU1061
1430:Drivers/STM32F7xx_HAL_Driver/Src/stm32f7xx_hal_tim_ex.c ****       htim->hdma[TIM_DMA_ID_CC3]->XferHalfCpltCallback = TIM_DMADelayPulseHalfCplt;
 3757              		.loc 1 1430 17 is_stmt 0 view .LVU1062
 3758 01b4 E26A     		ldr	r2, [r4, #44]
1430:Drivers/STM32F7xx_HAL_Driver/Src/stm32f7xx_hal_tim_ex.c ****       htim->hdma[TIM_DMA_ID_CC3]->XferHalfCpltCallback = TIM_DMADelayPulseHalfCplt;
 3759              		.loc 1 1430 52 view .LVU1063
 3760 01b6 1849     		ldr	r1, .L306
 3761              	.LVL241:
1430:Drivers/STM32F7xx_HAL_Driver/Src/stm32f7xx_hal_tim_ex.c ****       htim->hdma[TIM_DMA_ID_CC3]->XferHalfCpltCallback = TIM_DMADelayPulseHalfCplt;
 3762              		.loc 1 1430 52 view .LVU1064
 3763 01b8 D163     		str	r1, [r2, #60]
1431:Drivers/STM32F7xx_HAL_Driver/Src/stm32f7xx_hal_tim_ex.c **** 
 3764              		.loc 1 1431 7 is_stmt 1 view .LVU1065
1431:Drivers/STM32F7xx_HAL_Driver/Src/stm32f7xx_hal_tim_ex.c **** 
 3765              		.loc 1 1431 17 is_stmt 0 view .LVU1066
 3766 01ba E26A     		ldr	r2, [r4, #44]
1431:Drivers/STM32F7xx_HAL_Driver/Src/stm32f7xx_hal_tim_ex.c **** 
 3767              		.loc 1 1431 56 view .LVU1067
 3768 01bc 1749     		ldr	r1, .L306+4
 3769 01be 1164     		str	r1, [r2, #64]
1434:Drivers/STM32F7xx_HAL_Driver/Src/stm32f7xx_hal_tim_ex.c **** 
 3770              		.loc 1 1434 7 is_stmt 1 view .LVU1068
1434:Drivers/STM32F7xx_HAL_Driver/Src/stm32f7xx_hal_tim_ex.c **** 
 3771              		.loc 1 1434 17 is_stmt 0 view .LVU1069
 3772 01c0 E26A     		ldr	r2, [r4, #44]
1434:Drivers/STM32F7xx_HAL_Driver/Src/stm32f7xx_hal_tim_ex.c **** 
 3773              		.loc 1 1434 53 view .LVU1070
 3774 01c2 1749     		ldr	r1, .L306+8
 3775 01c4 D164     		str	r1, [r2, #76]
1437:Drivers/STM32F7xx_HAL_Driver/Src/stm32f7xx_hal_tim_ex.c ****                            Length) != HAL_OK)
 3776              		.loc 1 1437 7 is_stmt 1 view .LVU1071
1437:Drivers/STM32F7xx_HAL_Driver/Src/stm32f7xx_hal_tim_ex.c ****                            Length) != HAL_OK)
 3777              		.loc 1 1437 88 is_stmt 0 view .LVU1072
 3778 01c6 2268     		ldr	r2, [r4]
1437:Drivers/STM32F7xx_HAL_Driver/Src/stm32f7xx_hal_tim_ex.c ****                            Length) != HAL_OK)
 3779              		.loc 1 1437 11 view .LVU1073
 3780 01c8 3C32     		adds	r2, r2, #60
 3781 01ca 6146     		mov	r1, ip
 3782 01cc E06A     		ldr	r0, [r4, #44]
 3783 01ce FFF7FEFF 		bl	HAL_DMA_Start_IT
 3784              	.LVL242:
1437:Drivers/STM32F7xx_HAL_Driver/Src/stm32f7xx_hal_tim_ex.c ****                            Length) != HAL_OK)
 3785              		.loc 1 1437 10 view .LVU1074
 3786 01d2 E8B9     		cbnz	r0, .L297
1444:Drivers/STM32F7xx_HAL_Driver/Src/stm32f7xx_hal_tim_ex.c ****       break;
 3787              		.loc 1 1444 7 is_stmt 1 view .LVU1075
 3788 01d4 2268     		ldr	r2, [r4]
 3789 01d6 D368     		ldr	r3, [r2, #12]
 3790 01d8 43F40063 		orr	r3, r3, #2048
 3791 01dc D360     		str	r3, [r2, #12]
1445:Drivers/STM32F7xx_HAL_Driver/Src/stm32f7xx_hal_tim_ex.c ****     }
 3792              		.loc 1 1445 7 view .LVU1076
1453:Drivers/STM32F7xx_HAL_Driver/Src/stm32f7xx_hal_tim_ex.c ****   {
 3793              		.loc 1 1453 3 view .LVU1077
 3794 01de 4EE7     		b	.L288
 3795              	.L289:
ARM GAS  /tmp/ccJkDeps.s 			page 131


1464:Drivers/STM32F7xx_HAL_Driver/Src/stm32f7xx_hal_tim_ex.c ****       if (!IS_TIM_SLAVEMODE_TRIGGER_ENABLED(tmpsmcr))
 3796              		.loc 1 1464 7 view .LVU1078
1464:Drivers/STM32F7xx_HAL_Driver/Src/stm32f7xx_hal_tim_ex.c ****       if (!IS_TIM_SLAVEMODE_TRIGGER_ENABLED(tmpsmcr))
 3797              		.loc 1 1464 31 is_stmt 0 view .LVU1079
 3798 01e0 9968     		ldr	r1, [r3, #8]
1464:Drivers/STM32F7xx_HAL_Driver/Src/stm32f7xx_hal_tim_ex.c ****       if (!IS_TIM_SLAVEMODE_TRIGGER_ENABLED(tmpsmcr))
 3799              		.loc 1 1464 15 view .LVU1080
 3800 01e2 114A     		ldr	r2, .L306+16
 3801 01e4 0A40     		ands	r2, r2, r1
 3802              	.LVL243:
1465:Drivers/STM32F7xx_HAL_Driver/Src/stm32f7xx_hal_tim_ex.c ****       {
 3803              		.loc 1 1465 7 is_stmt 1 view .LVU1081
1465:Drivers/STM32F7xx_HAL_Driver/Src/stm32f7xx_hal_tim_ex.c ****       {
 3804              		.loc 1 1465 10 is_stmt 0 view .LVU1082
 3805 01e6 062A     		cmp	r2, #6
 3806 01e8 18BF     		it	ne
 3807 01ea B2F5803F 		cmpne	r2, #65536
 3808 01ee 11D0     		beq	.L298
1467:Drivers/STM32F7xx_HAL_Driver/Src/stm32f7xx_hal_tim_ex.c ****       }
 3809              		.loc 1 1467 9 is_stmt 1 view .LVU1083
 3810 01f0 1A68     		ldr	r2, [r3]
 3811              	.LVL244:
1467:Drivers/STM32F7xx_HAL_Driver/Src/stm32f7xx_hal_tim_ex.c ****       }
 3812              		.loc 1 1467 9 is_stmt 0 view .LVU1084
 3813 01f2 42F00102 		orr	r2, r2, #1
 3814 01f6 1A60     		str	r2, [r3]
 3815 01f8 0020     		movs	r0, #0
 3816 01fa 02E0     		b	.L277
 3817              	.LVL245:
 3818              	.L291:
1365:Drivers/STM32F7xx_HAL_Driver/Src/stm32f7xx_hal_tim_ex.c ****   }
 3819              		.loc 1 1365 12 view .LVU1085
 3820 01fc 0220     		movs	r0, #2
 3821 01fe 00E0     		b	.L277
 3822              	.LVL246:
 3823              	.L292:
1380:Drivers/STM32F7xx_HAL_Driver/Src/stm32f7xx_hal_tim_ex.c ****   }
 3824              		.loc 1 1380 12 view .LVU1086
 3825 0200 0120     		movs	r0, #1
 3826              	.LVL247:
 3827              	.L277:
1478:Drivers/STM32F7xx_HAL_Driver/Src/stm32f7xx_hal_tim_ex.c **** 
 3828              		.loc 1 1478 1 view .LVU1087
 3829 0202 38BD     		pop	{r3, r4, r5, pc}
 3830              	.LVL248:
 3831              	.L293:
1371:Drivers/STM32F7xx_HAL_Driver/Src/stm32f7xx_hal_tim_ex.c ****     }
 3832              		.loc 1 1371 14 view .LVU1088
 3833 0204 0120     		movs	r0, #1
 3834 0206 FCE7     		b	.L277
 3835              	.LVL249:
 3836              	.L295:
1399:Drivers/STM32F7xx_HAL_Driver/Src/stm32f7xx_hal_tim_ex.c ****       }
 3837              		.loc 1 1399 16 view .LVU1089
 3838 0208 0120     		movs	r0, #1
 3839 020a FAE7     		b	.L277
 3840              	.L296:
ARM GAS  /tmp/ccJkDeps.s 			page 132


1420:Drivers/STM32F7xx_HAL_Driver/Src/stm32f7xx_hal_tim_ex.c ****       }
 3841              		.loc 1 1420 16 view .LVU1090
 3842 020c 0120     		movs	r0, #1
 3843 020e F8E7     		b	.L277
 3844              	.L297:
1441:Drivers/STM32F7xx_HAL_Driver/Src/stm32f7xx_hal_tim_ex.c ****       }
 3845              		.loc 1 1441 16 view .LVU1091
 3846 0210 0120     		movs	r0, #1
 3847 0212 F6E7     		b	.L277
 3848              	.LVL250:
 3849              	.L298:
1441:Drivers/STM32F7xx_HAL_Driver/Src/stm32f7xx_hal_tim_ex.c ****       }
 3850              		.loc 1 1441 16 view .LVU1092
 3851 0214 0020     		movs	r0, #0
 3852 0216 F4E7     		b	.L277
 3853              	.L307:
 3854              		.align	2
 3855              	.L306:
 3856 0218 00000000 		.word	TIM_DMADelayPulseNCplt
 3857 021c 00000000 		.word	TIM_DMADelayPulseHalfCplt
 3858 0220 00000000 		.word	TIM_DMAErrorCCxN
 3859 0224 00000140 		.word	1073807360
 3860 0228 07000100 		.word	65543
 3861              		.cfi_endproc
 3862              	.LFE161:
 3864              		.section	.text.HAL_TIMEx_PWMN_Stop_DMA,"ax",%progbits
 3865              		.align	1
 3866              		.global	HAL_TIMEx_PWMN_Stop_DMA
 3867              		.syntax unified
 3868              		.thumb
 3869              		.thumb_func
 3871              	HAL_TIMEx_PWMN_Stop_DMA:
 3872              	.LVL251:
 3873              	.LFB162:
1492:Drivers/STM32F7xx_HAL_Driver/Src/stm32f7xx_hal_tim_ex.c ****   HAL_StatusTypeDef status = HAL_OK;
 3874              		.loc 1 1492 1 is_stmt 1 view -0
 3875              		.cfi_startproc
 3876              		@ args = 0, pretend = 0, frame = 0
 3877              		@ frame_needed = 0, uses_anonymous_args = 0
1492:Drivers/STM32F7xx_HAL_Driver/Src/stm32f7xx_hal_tim_ex.c ****   HAL_StatusTypeDef status = HAL_OK;
 3878              		.loc 1 1492 1 is_stmt 0 view .LVU1094
 3879 0000 38B5     		push	{r3, r4, r5, lr}
 3880              	.LCFI25:
 3881              		.cfi_def_cfa_offset 16
 3882              		.cfi_offset 3, -16
 3883              		.cfi_offset 4, -12
 3884              		.cfi_offset 5, -8
 3885              		.cfi_offset 14, -4
 3886 0002 0546     		mov	r5, r0
 3887 0004 0C46     		mov	r4, r1
1493:Drivers/STM32F7xx_HAL_Driver/Src/stm32f7xx_hal_tim_ex.c **** 
 3888              		.loc 1 1493 3 is_stmt 1 view .LVU1095
 3889              	.LVL252:
1496:Drivers/STM32F7xx_HAL_Driver/Src/stm32f7xx_hal_tim_ex.c **** 
 3890              		.loc 1 1496 3 view .LVU1096
1498:Drivers/STM32F7xx_HAL_Driver/Src/stm32f7xx_hal_tim_ex.c ****   {
 3891              		.loc 1 1498 3 view .LVU1097
ARM GAS  /tmp/ccJkDeps.s 			page 133


 3892 0006 0429     		cmp	r1, #4
 3893 0008 35D0     		beq	.L309
 3894 000a 0829     		cmp	r1, #8
 3895 000c 3CD0     		beq	.L310
 3896 000e 09B1     		cbz	r1, .L320
 3897 0010 0120     		movs	r0, #1
 3898              	.LVL253:
 3899              	.L311:
1545:Drivers/STM32F7xx_HAL_Driver/Src/stm32f7xx_hal_tim_ex.c **** }
 3900              		.loc 1 1545 3 view .LVU1098
1546:Drivers/STM32F7xx_HAL_Driver/Src/stm32f7xx_hal_tim_ex.c **** 
 3901              		.loc 1 1546 1 is_stmt 0 view .LVU1099
 3902 0012 38BD     		pop	{r3, r4, r5, pc}
 3903              	.LVL254:
 3904              	.L320:
1503:Drivers/STM32F7xx_HAL_Driver/Src/stm32f7xx_hal_tim_ex.c ****       (void)HAL_DMA_Abort_IT(htim->hdma[TIM_DMA_ID_CC1]);
 3905              		.loc 1 1503 7 is_stmt 1 view .LVU1100
 3906 0014 0268     		ldr	r2, [r0]
 3907 0016 D368     		ldr	r3, [r2, #12]
 3908 0018 23F40073 		bic	r3, r3, #512
 3909 001c D360     		str	r3, [r2, #12]
1504:Drivers/STM32F7xx_HAL_Driver/Src/stm32f7xx_hal_tim_ex.c ****       break;
 3910              		.loc 1 1504 7 view .LVU1101
1504:Drivers/STM32F7xx_HAL_Driver/Src/stm32f7xx_hal_tim_ex.c ****       break;
 3911              		.loc 1 1504 13 is_stmt 0 view .LVU1102
 3912 001e 406A     		ldr	r0, [r0, #36]
 3913              	.LVL255:
1504:Drivers/STM32F7xx_HAL_Driver/Src/stm32f7xx_hal_tim_ex.c ****       break;
 3914              		.loc 1 1504 13 view .LVU1103
 3915 0020 FFF7FEFF 		bl	HAL_DMA_Abort_IT
 3916              	.LVL256:
1505:Drivers/STM32F7xx_HAL_Driver/Src/stm32f7xx_hal_tim_ex.c ****     }
 3917              		.loc 1 1505 7 is_stmt 1 view .LVU1104
1529:Drivers/STM32F7xx_HAL_Driver/Src/stm32f7xx_hal_tim_ex.c ****   {
 3918              		.loc 1 1529 3 view .LVU1105
 3919              	.L312:
1532:Drivers/STM32F7xx_HAL_Driver/Src/stm32f7xx_hal_tim_ex.c **** 
 3920              		.loc 1 1532 5 view .LVU1106
 3921 0024 0022     		movs	r2, #0
 3922 0026 2146     		mov	r1, r4
 3923 0028 2868     		ldr	r0, [r5]
 3924 002a FFF7FEFF 		bl	TIM_CCxNChannelCmd
 3925              	.LVL257:
1535:Drivers/STM32F7xx_HAL_Driver/Src/stm32f7xx_hal_tim_ex.c **** 
 3926              		.loc 1 1535 5 view .LVU1107
1535:Drivers/STM32F7xx_HAL_Driver/Src/stm32f7xx_hal_tim_ex.c **** 
 3927              		.loc 1 1535 5 view .LVU1108
 3928 002e 2B68     		ldr	r3, [r5]
 3929 0030 196A     		ldr	r1, [r3, #32]
 3930 0032 41F21112 		movw	r2, #4369
 3931 0036 1142     		tst	r1, r2
 3932 0038 08D1     		bne	.L313
1535:Drivers/STM32F7xx_HAL_Driver/Src/stm32f7xx_hal_tim_ex.c **** 
 3933              		.loc 1 1535 5 discriminator 1 view .LVU1109
 3934 003a 196A     		ldr	r1, [r3, #32]
 3935 003c 40F24442 		movw	r2, #1092
 3936 0040 1142     		tst	r1, r2
ARM GAS  /tmp/ccJkDeps.s 			page 134


 3937 0042 03D1     		bne	.L313
1535:Drivers/STM32F7xx_HAL_Driver/Src/stm32f7xx_hal_tim_ex.c **** 
 3938              		.loc 1 1535 5 discriminator 3 view .LVU1110
 3939 0044 5A6C     		ldr	r2, [r3, #68]
 3940 0046 22F40042 		bic	r2, r2, #32768
 3941 004a 5A64     		str	r2, [r3, #68]
 3942              	.L313:
1535:Drivers/STM32F7xx_HAL_Driver/Src/stm32f7xx_hal_tim_ex.c **** 
 3943              		.loc 1 1535 5 discriminator 5 view .LVU1111
1538:Drivers/STM32F7xx_HAL_Driver/Src/stm32f7xx_hal_tim_ex.c **** 
 3944              		.loc 1 1538 5 discriminator 5 view .LVU1112
1538:Drivers/STM32F7xx_HAL_Driver/Src/stm32f7xx_hal_tim_ex.c **** 
 3945              		.loc 1 1538 5 discriminator 5 view .LVU1113
 3946 004c 2B68     		ldr	r3, [r5]
 3947 004e 196A     		ldr	r1, [r3, #32]
 3948 0050 41F21112 		movw	r2, #4369
 3949 0054 1142     		tst	r1, r2
 3950 0056 08D1     		bne	.L314
1538:Drivers/STM32F7xx_HAL_Driver/Src/stm32f7xx_hal_tim_ex.c **** 
 3951              		.loc 1 1538 5 discriminator 1 view .LVU1114
 3952 0058 196A     		ldr	r1, [r3, #32]
 3953 005a 40F24442 		movw	r2, #1092
 3954 005e 1142     		tst	r1, r2
 3955 0060 03D1     		bne	.L314
1538:Drivers/STM32F7xx_HAL_Driver/Src/stm32f7xx_hal_tim_ex.c **** 
 3956              		.loc 1 1538 5 discriminator 3 view .LVU1115
 3957 0062 1A68     		ldr	r2, [r3]
 3958 0064 22F00102 		bic	r2, r2, #1
 3959 0068 1A60     		str	r2, [r3]
 3960              	.L314:
1538:Drivers/STM32F7xx_HAL_Driver/Src/stm32f7xx_hal_tim_ex.c **** 
 3961              		.loc 1 1538 5 discriminator 5 view .LVU1116
1541:Drivers/STM32F7xx_HAL_Driver/Src/stm32f7xx_hal_tim_ex.c ****   }
 3962              		.loc 1 1541 5 discriminator 5 view .LVU1117
 3963 006a B4B9     		cbnz	r4, .L315
1541:Drivers/STM32F7xx_HAL_Driver/Src/stm32f7xx_hal_tim_ex.c ****   }
 3964              		.loc 1 1541 5 is_stmt 0 discriminator 1 view .LVU1118
 3965 006c 0123     		movs	r3, #1
 3966 006e 85F84430 		strb	r3, [r5, #68]
 3967 0072 0020     		movs	r0, #0
 3968 0074 CDE7     		b	.L311
 3969              	.LVL258:
 3970              	.L309:
1511:Drivers/STM32F7xx_HAL_Driver/Src/stm32f7xx_hal_tim_ex.c ****       (void)HAL_DMA_Abort_IT(htim->hdma[TIM_DMA_ID_CC2]);
 3971              		.loc 1 1511 7 is_stmt 1 view .LVU1119
 3972 0076 0268     		ldr	r2, [r0]
 3973 0078 D368     		ldr	r3, [r2, #12]
 3974 007a 23F48063 		bic	r3, r3, #1024
 3975 007e D360     		str	r3, [r2, #12]
1512:Drivers/STM32F7xx_HAL_Driver/Src/stm32f7xx_hal_tim_ex.c ****       break;
 3976              		.loc 1 1512 7 view .LVU1120
1512:Drivers/STM32F7xx_HAL_Driver/Src/stm32f7xx_hal_tim_ex.c ****       break;
 3977              		.loc 1 1512 13 is_stmt 0 view .LVU1121
 3978 0080 806A     		ldr	r0, [r0, #40]
 3979              	.LVL259:
1512:Drivers/STM32F7xx_HAL_Driver/Src/stm32f7xx_hal_tim_ex.c ****       break;
 3980              		.loc 1 1512 13 view .LVU1122
ARM GAS  /tmp/ccJkDeps.s 			page 135


 3981 0082 FFF7FEFF 		bl	HAL_DMA_Abort_IT
 3982              	.LVL260:
1513:Drivers/STM32F7xx_HAL_Driver/Src/stm32f7xx_hal_tim_ex.c ****     }
 3983              		.loc 1 1513 7 is_stmt 1 view .LVU1123
1529:Drivers/STM32F7xx_HAL_Driver/Src/stm32f7xx_hal_tim_ex.c ****   {
 3984              		.loc 1 1529 3 view .LVU1124
 3985 0086 CDE7     		b	.L312
 3986              	.LVL261:
 3987              	.L310:
1519:Drivers/STM32F7xx_HAL_Driver/Src/stm32f7xx_hal_tim_ex.c ****       (void)HAL_DMA_Abort_IT(htim->hdma[TIM_DMA_ID_CC3]);
 3988              		.loc 1 1519 7 view .LVU1125
 3989 0088 0268     		ldr	r2, [r0]
 3990 008a D368     		ldr	r3, [r2, #12]
 3991 008c 23F40063 		bic	r3, r3, #2048
 3992 0090 D360     		str	r3, [r2, #12]
1520:Drivers/STM32F7xx_HAL_Driver/Src/stm32f7xx_hal_tim_ex.c ****       break;
 3993              		.loc 1 1520 7 view .LVU1126
1520:Drivers/STM32F7xx_HAL_Driver/Src/stm32f7xx_hal_tim_ex.c ****       break;
 3994              		.loc 1 1520 13 is_stmt 0 view .LVU1127
 3995 0092 C06A     		ldr	r0, [r0, #44]
 3996              	.LVL262:
1520:Drivers/STM32F7xx_HAL_Driver/Src/stm32f7xx_hal_tim_ex.c ****       break;
 3997              		.loc 1 1520 13 view .LVU1128
 3998 0094 FFF7FEFF 		bl	HAL_DMA_Abort_IT
 3999              	.LVL263:
1521:Drivers/STM32F7xx_HAL_Driver/Src/stm32f7xx_hal_tim_ex.c ****     }
 4000              		.loc 1 1521 7 is_stmt 1 view .LVU1129
1529:Drivers/STM32F7xx_HAL_Driver/Src/stm32f7xx_hal_tim_ex.c ****   {
 4001              		.loc 1 1529 3 view .LVU1130
 4002 0098 C4E7     		b	.L312
 4003              	.L315:
1541:Drivers/STM32F7xx_HAL_Driver/Src/stm32f7xx_hal_tim_ex.c ****   }
 4004              		.loc 1 1541 5 is_stmt 0 discriminator 2 view .LVU1131
 4005 009a 042C     		cmp	r4, #4
 4006 009c 06D0     		beq	.L321
1541:Drivers/STM32F7xx_HAL_Driver/Src/stm32f7xx_hal_tim_ex.c ****   }
 4007              		.loc 1 1541 5 discriminator 4 view .LVU1132
 4008 009e 082C     		cmp	r4, #8
 4009 00a0 09D0     		beq	.L322
1541:Drivers/STM32F7xx_HAL_Driver/Src/stm32f7xx_hal_tim_ex.c ****   }
 4010              		.loc 1 1541 5 discriminator 7 view .LVU1133
 4011 00a2 0123     		movs	r3, #1
 4012 00a4 85F84730 		strb	r3, [r5, #71]
 4013 00a8 0020     		movs	r0, #0
 4014 00aa B2E7     		b	.L311
 4015              	.L321:
1541:Drivers/STM32F7xx_HAL_Driver/Src/stm32f7xx_hal_tim_ex.c ****   }
 4016              		.loc 1 1541 5 discriminator 3 view .LVU1134
 4017 00ac 0123     		movs	r3, #1
 4018 00ae 85F84530 		strb	r3, [r5, #69]
 4019 00b2 0020     		movs	r0, #0
 4020 00b4 ADE7     		b	.L311
 4021              	.L322:
1541:Drivers/STM32F7xx_HAL_Driver/Src/stm32f7xx_hal_tim_ex.c ****   }
 4022              		.loc 1 1541 5 discriminator 6 view .LVU1135
 4023 00b6 0123     		movs	r3, #1
 4024 00b8 85F84630 		strb	r3, [r5, #70]
ARM GAS  /tmp/ccJkDeps.s 			page 136


 4025 00bc 0020     		movs	r0, #0
 4026 00be A8E7     		b	.L311
 4027              		.cfi_endproc
 4028              	.LFE162:
 4030              		.section	.text.HAL_TIMEx_OnePulseN_Start,"ax",%progbits
 4031              		.align	1
 4032              		.global	HAL_TIMEx_OnePulseN_Start
 4033              		.syntax unified
 4034              		.thumb
 4035              		.thumb_func
 4037              	HAL_TIMEx_OnePulseN_Start:
 4038              	.LVL264:
 4039              	.LFB163:
1583:Drivers/STM32F7xx_HAL_Driver/Src/stm32f7xx_hal_tim_ex.c ****   uint32_t input_channel = (OutputChannel == TIM_CHANNEL_1) ? TIM_CHANNEL_2 : TIM_CHANNEL_1;
 4040              		.loc 1 1583 1 is_stmt 1 view -0
 4041              		.cfi_startproc
 4042              		@ args = 0, pretend = 0, frame = 0
 4043              		@ frame_needed = 0, uses_anonymous_args = 0
1583:Drivers/STM32F7xx_HAL_Driver/Src/stm32f7xx_hal_tim_ex.c ****   uint32_t input_channel = (OutputChannel == TIM_CHANNEL_1) ? TIM_CHANNEL_2 : TIM_CHANNEL_1;
 4044              		.loc 1 1583 1 is_stmt 0 view .LVU1137
 4045 0000 38B5     		push	{r3, r4, r5, lr}
 4046              	.LCFI26:
 4047              		.cfi_def_cfa_offset 16
 4048              		.cfi_offset 3, -16
 4049              		.cfi_offset 4, -12
 4050              		.cfi_offset 5, -8
 4051              		.cfi_offset 14, -4
 4052 0002 0446     		mov	r4, r0
1584:Drivers/STM32F7xx_HAL_Driver/Src/stm32f7xx_hal_tim_ex.c ****   HAL_TIM_ChannelStateTypeDef channel_1_state = TIM_CHANNEL_STATE_GET(htim, TIM_CHANNEL_1);
 4053              		.loc 1 1584 3 is_stmt 1 view .LVU1138
1584:Drivers/STM32F7xx_HAL_Driver/Src/stm32f7xx_hal_tim_ex.c ****   HAL_TIM_ChannelStateTypeDef channel_1_state = TIM_CHANNEL_STATE_GET(htim, TIM_CHANNEL_1);
 4054              		.loc 1 1584 77 is_stmt 0 view .LVU1139
 4055 0004 8E46     		mov	lr, r1
 4056 0006 91BB     		cbnz	r1, .L326
 4057 0008 0425     		movs	r5, #4
 4058              	.L324:
 4059              	.LVL265:
1585:Drivers/STM32F7xx_HAL_Driver/Src/stm32f7xx_hal_tim_ex.c ****   HAL_TIM_ChannelStateTypeDef channel_2_state = TIM_CHANNEL_STATE_GET(htim, TIM_CHANNEL_2);
 4060              		.loc 1 1585 3 is_stmt 1 discriminator 4 view .LVU1140
1585:Drivers/STM32F7xx_HAL_Driver/Src/stm32f7xx_hal_tim_ex.c ****   HAL_TIM_ChannelStateTypeDef channel_2_state = TIM_CHANNEL_STATE_GET(htim, TIM_CHANNEL_2);
 4061              		.loc 1 1585 31 is_stmt 0 discriminator 4 view .LVU1141
 4062 000a 94F83E00 		ldrb	r0, [r4, #62]	@ zero_extendqisi2
 4063              	.LVL266:
1585:Drivers/STM32F7xx_HAL_Driver/Src/stm32f7xx_hal_tim_ex.c ****   HAL_TIM_ChannelStateTypeDef channel_2_state = TIM_CHANNEL_STATE_GET(htim, TIM_CHANNEL_2);
 4064              		.loc 1 1585 31 discriminator 4 view .LVU1142
 4065 000e C0B2     		uxtb	r0, r0
 4066              	.LVL267:
1586:Drivers/STM32F7xx_HAL_Driver/Src/stm32f7xx_hal_tim_ex.c ****   HAL_TIM_ChannelStateTypeDef complementary_channel_1_state = TIM_CHANNEL_N_STATE_GET(htim, TIM_CHA
 4067              		.loc 1 1586 3 is_stmt 1 discriminator 4 view .LVU1143
1586:Drivers/STM32F7xx_HAL_Driver/Src/stm32f7xx_hal_tim_ex.c ****   HAL_TIM_ChannelStateTypeDef complementary_channel_1_state = TIM_CHANNEL_N_STATE_GET(htim, TIM_CHA
 4068              		.loc 1 1586 31 is_stmt 0 discriminator 4 view .LVU1144
 4069 0010 94F83F20 		ldrb	r2, [r4, #63]	@ zero_extendqisi2
 4070 0014 D2B2     		uxtb	r2, r2
 4071              	.LVL268:
1587:Drivers/STM32F7xx_HAL_Driver/Src/stm32f7xx_hal_tim_ex.c ****   HAL_TIM_ChannelStateTypeDef complementary_channel_2_state = TIM_CHANNEL_N_STATE_GET(htim, TIM_CHA
 4072              		.loc 1 1587 3 is_stmt 1 discriminator 4 view .LVU1145
1587:Drivers/STM32F7xx_HAL_Driver/Src/stm32f7xx_hal_tim_ex.c ****   HAL_TIM_ChannelStateTypeDef complementary_channel_2_state = TIM_CHANNEL_N_STATE_GET(htim, TIM_CHA
ARM GAS  /tmp/ccJkDeps.s 			page 137


 4073              		.loc 1 1587 31 is_stmt 0 discriminator 4 view .LVU1146
 4074 0016 94F84430 		ldrb	r3, [r4, #68]	@ zero_extendqisi2
 4075 001a 5FFA83FC 		uxtb	ip, r3
 4076              	.LVL269:
1588:Drivers/STM32F7xx_HAL_Driver/Src/stm32f7xx_hal_tim_ex.c **** 
 4077              		.loc 1 1588 3 is_stmt 1 discriminator 4 view .LVU1147
1588:Drivers/STM32F7xx_HAL_Driver/Src/stm32f7xx_hal_tim_ex.c **** 
 4078              		.loc 1 1588 31 is_stmt 0 discriminator 4 view .LVU1148
 4079 001e 94F84530 		ldrb	r3, [r4, #69]	@ zero_extendqisi2
 4080 0022 DBB2     		uxtb	r3, r3
 4081              	.LVL270:
1591:Drivers/STM32F7xx_HAL_Driver/Src/stm32f7xx_hal_tim_ex.c **** 
 4082              		.loc 1 1591 3 is_stmt 1 discriminator 4 view .LVU1149
1594:Drivers/STM32F7xx_HAL_Driver/Src/stm32f7xx_hal_tim_ex.c ****       || (channel_2_state != HAL_TIM_CHANNEL_STATE_READY)
 4083              		.loc 1 1594 3 discriminator 4 view .LVU1150
1594:Drivers/STM32F7xx_HAL_Driver/Src/stm32f7xx_hal_tim_ex.c ****       || (channel_2_state != HAL_TIM_CHANNEL_STATE_READY)
 4084              		.loc 1 1594 6 is_stmt 0 discriminator 4 view .LVU1151
 4085 0024 012A     		cmp	r2, #1
 4086 0026 08BF     		it	eq
 4087 0028 0128     		cmpeq	r0, #1
 4088 002a 22D1     		bne	.L327
1597:Drivers/STM32F7xx_HAL_Driver/Src/stm32f7xx_hal_tim_ex.c ****   {
 4089              		.loc 1 1597 41 view .LVU1152
 4090 002c 013B     		subs	r3, r3, #1
 4091              	.LVL271:
1597:Drivers/STM32F7xx_HAL_Driver/Src/stm32f7xx_hal_tim_ex.c ****   {
 4092              		.loc 1 1597 41 view .LVU1153
 4093 002e 18BF     		it	ne
 4094 0030 0123     		movne	r3, #1
 4095              	.LVL272:
1597:Drivers/STM32F7xx_HAL_Driver/Src/stm32f7xx_hal_tim_ex.c ****   {
 4096              		.loc 1 1597 7 view .LVU1154
 4097 0032 BCF1010F 		cmp	ip, #1
 4098 0036 1ED1     		bne	.L328
 4099 0038 EBB9     		cbnz	r3, .L328
1603:Drivers/STM32F7xx_HAL_Driver/Src/stm32f7xx_hal_tim_ex.c ****   TIM_CHANNEL_STATE_SET(htim, TIM_CHANNEL_2, HAL_TIM_CHANNEL_STATE_BUSY);
 4100              		.loc 1 1603 3 is_stmt 1 view .LVU1155
 4101 003a 0223     		movs	r3, #2
 4102 003c 84F83E30 		strb	r3, [r4, #62]
1604:Drivers/STM32F7xx_HAL_Driver/Src/stm32f7xx_hal_tim_ex.c ****   TIM_CHANNEL_N_STATE_SET(htim, TIM_CHANNEL_1, HAL_TIM_CHANNEL_STATE_BUSY);
 4103              		.loc 1 1604 3 view .LVU1156
 4104 0040 84F83F30 		strb	r3, [r4, #63]
1605:Drivers/STM32F7xx_HAL_Driver/Src/stm32f7xx_hal_tim_ex.c ****   TIM_CHANNEL_N_STATE_SET(htim, TIM_CHANNEL_2, HAL_TIM_CHANNEL_STATE_BUSY);
 4105              		.loc 1 1605 3 view .LVU1157
 4106 0044 84F84430 		strb	r3, [r4, #68]
1606:Drivers/STM32F7xx_HAL_Driver/Src/stm32f7xx_hal_tim_ex.c **** 
 4107              		.loc 1 1606 3 view .LVU1158
 4108 0048 84F84530 		strb	r3, [r4, #69]
1609:Drivers/STM32F7xx_HAL_Driver/Src/stm32f7xx_hal_tim_ex.c ****   TIM_CCxChannelCmd(htim->Instance, input_channel, TIM_CCx_ENABLE);
 4109              		.loc 1 1609 3 view .LVU1159
 4110 004c 0422     		movs	r2, #4
 4111              	.LVL273:
1609:Drivers/STM32F7xx_HAL_Driver/Src/stm32f7xx_hal_tim_ex.c ****   TIM_CCxChannelCmd(htim->Instance, input_channel, TIM_CCx_ENABLE);
 4112              		.loc 1 1609 3 is_stmt 0 view .LVU1160
 4113 004e 7146     		mov	r1, lr
 4114              	.LVL274:
1609:Drivers/STM32F7xx_HAL_Driver/Src/stm32f7xx_hal_tim_ex.c ****   TIM_CCxChannelCmd(htim->Instance, input_channel, TIM_CCx_ENABLE);
ARM GAS  /tmp/ccJkDeps.s 			page 138


 4115              		.loc 1 1609 3 view .LVU1161
 4116 0050 2068     		ldr	r0, [r4]
 4117              	.LVL275:
1609:Drivers/STM32F7xx_HAL_Driver/Src/stm32f7xx_hal_tim_ex.c ****   TIM_CCxChannelCmd(htim->Instance, input_channel, TIM_CCx_ENABLE);
 4118              		.loc 1 1609 3 view .LVU1162
 4119 0052 FFF7FEFF 		bl	TIM_CCxNChannelCmd
 4120              	.LVL276:
1610:Drivers/STM32F7xx_HAL_Driver/Src/stm32f7xx_hal_tim_ex.c **** 
 4121              		.loc 1 1610 3 is_stmt 1 view .LVU1163
 4122 0056 0122     		movs	r2, #1
 4123 0058 2946     		mov	r1, r5
 4124 005a 2068     		ldr	r0, [r4]
 4125 005c FFF7FEFF 		bl	TIM_CCxChannelCmd
 4126              	.LVL277:
1613:Drivers/STM32F7xx_HAL_Driver/Src/stm32f7xx_hal_tim_ex.c **** 
 4127              		.loc 1 1613 3 view .LVU1164
 4128 0060 2268     		ldr	r2, [r4]
 4129 0062 536C     		ldr	r3, [r2, #68]
 4130 0064 43F40043 		orr	r3, r3, #32768
 4131 0068 5364     		str	r3, [r2, #68]
1616:Drivers/STM32F7xx_HAL_Driver/Src/stm32f7xx_hal_tim_ex.c **** }
 4132              		.loc 1 1616 3 view .LVU1165
1616:Drivers/STM32F7xx_HAL_Driver/Src/stm32f7xx_hal_tim_ex.c **** }
 4133              		.loc 1 1616 10 is_stmt 0 view .LVU1166
 4134 006a 0020     		movs	r0, #0
 4135 006c 02E0     		b	.L325
 4136              	.LVL278:
 4137              	.L326:
1584:Drivers/STM32F7xx_HAL_Driver/Src/stm32f7xx_hal_tim_ex.c ****   HAL_TIM_ChannelStateTypeDef channel_1_state = TIM_CHANNEL_STATE_GET(htim, TIM_CHANNEL_1);
 4138              		.loc 1 1584 77 view .LVU1167
 4139 006e 0025     		movs	r5, #0
 4140 0070 CBE7     		b	.L324
 4141              	.LVL279:
 4142              	.L327:
1599:Drivers/STM32F7xx_HAL_Driver/Src/stm32f7xx_hal_tim_ex.c ****   }
 4143              		.loc 1 1599 12 view .LVU1168
 4144 0072 0120     		movs	r0, #1
 4145              	.LVL280:
 4146              	.L325:
1617:Drivers/STM32F7xx_HAL_Driver/Src/stm32f7xx_hal_tim_ex.c **** 
 4147              		.loc 1 1617 1 view .LVU1169
 4148 0074 38BD     		pop	{r3, r4, r5, pc}
 4149              	.LVL281:
 4150              	.L328:
1599:Drivers/STM32F7xx_HAL_Driver/Src/stm32f7xx_hal_tim_ex.c ****   }
 4151              		.loc 1 1599 12 view .LVU1170
 4152 0076 0120     		movs	r0, #1
 4153              	.LVL282:
1599:Drivers/STM32F7xx_HAL_Driver/Src/stm32f7xx_hal_tim_ex.c ****   }
 4154              		.loc 1 1599 12 view .LVU1171
 4155 0078 FCE7     		b	.L325
 4156              		.cfi_endproc
 4157              	.LFE163:
 4159              		.section	.text.HAL_TIMEx_OnePulseN_Stop,"ax",%progbits
 4160              		.align	1
 4161              		.global	HAL_TIMEx_OnePulseN_Stop
 4162              		.syntax unified
ARM GAS  /tmp/ccJkDeps.s 			page 139


 4163              		.thumb
 4164              		.thumb_func
 4166              	HAL_TIMEx_OnePulseN_Stop:
 4167              	.LVL283:
 4168              	.LFB164:
1632:Drivers/STM32F7xx_HAL_Driver/Src/stm32f7xx_hal_tim_ex.c ****   uint32_t input_channel = (OutputChannel == TIM_CHANNEL_1) ? TIM_CHANNEL_2 : TIM_CHANNEL_1;
 4169              		.loc 1 1632 1 is_stmt 1 view -0
 4170              		.cfi_startproc
 4171              		@ args = 0, pretend = 0, frame = 0
 4172              		@ frame_needed = 0, uses_anonymous_args = 0
1632:Drivers/STM32F7xx_HAL_Driver/Src/stm32f7xx_hal_tim_ex.c ****   uint32_t input_channel = (OutputChannel == TIM_CHANNEL_1) ? TIM_CHANNEL_2 : TIM_CHANNEL_1;
 4173              		.loc 1 1632 1 is_stmt 0 view .LVU1173
 4174 0000 38B5     		push	{r3, r4, r5, lr}
 4175              	.LCFI27:
 4176              		.cfi_def_cfa_offset 16
 4177              		.cfi_offset 3, -16
 4178              		.cfi_offset 4, -12
 4179              		.cfi_offset 5, -8
 4180              		.cfi_offset 14, -4
 4181 0002 0446     		mov	r4, r0
1633:Drivers/STM32F7xx_HAL_Driver/Src/stm32f7xx_hal_tim_ex.c **** 
 4182              		.loc 1 1633 3 is_stmt 1 view .LVU1174
1633:Drivers/STM32F7xx_HAL_Driver/Src/stm32f7xx_hal_tim_ex.c **** 
 4183              		.loc 1 1633 77 is_stmt 0 view .LVU1175
 4184 0004 0029     		cmp	r1, #0
 4185 0006 32D1     		bne	.L334
 4186 0008 0425     		movs	r5, #4
 4187              	.L331:
 4188              	.LVL284:
1636:Drivers/STM32F7xx_HAL_Driver/Src/stm32f7xx_hal_tim_ex.c **** 
 4189              		.loc 1 1636 3 is_stmt 1 discriminator 4 view .LVU1176
1639:Drivers/STM32F7xx_HAL_Driver/Src/stm32f7xx_hal_tim_ex.c ****   TIM_CCxChannelCmd(htim->Instance, input_channel, TIM_CCx_DISABLE);
 4190              		.loc 1 1639 3 discriminator 4 view .LVU1177
 4191 000a 0022     		movs	r2, #0
 4192 000c 2068     		ldr	r0, [r4]
 4193              	.LVL285:
1639:Drivers/STM32F7xx_HAL_Driver/Src/stm32f7xx_hal_tim_ex.c ****   TIM_CCxChannelCmd(htim->Instance, input_channel, TIM_CCx_DISABLE);
 4194              		.loc 1 1639 3 is_stmt 0 discriminator 4 view .LVU1178
 4195 000e FFF7FEFF 		bl	TIM_CCxNChannelCmd
 4196              	.LVL286:
1640:Drivers/STM32F7xx_HAL_Driver/Src/stm32f7xx_hal_tim_ex.c **** 
 4197              		.loc 1 1640 3 is_stmt 1 discriminator 4 view .LVU1179
 4198 0012 0022     		movs	r2, #0
 4199 0014 2946     		mov	r1, r5
 4200 0016 2068     		ldr	r0, [r4]
 4201 0018 FFF7FEFF 		bl	TIM_CCxChannelCmd
 4202              	.LVL287:
1643:Drivers/STM32F7xx_HAL_Driver/Src/stm32f7xx_hal_tim_ex.c **** 
 4203              		.loc 1 1643 3 discriminator 4 view .LVU1180
1643:Drivers/STM32F7xx_HAL_Driver/Src/stm32f7xx_hal_tim_ex.c **** 
 4204              		.loc 1 1643 3 discriminator 4 view .LVU1181
 4205 001c 2368     		ldr	r3, [r4]
 4206 001e 196A     		ldr	r1, [r3, #32]
 4207 0020 41F21112 		movw	r2, #4369
 4208 0024 1142     		tst	r1, r2
 4209 0026 08D1     		bne	.L332
1643:Drivers/STM32F7xx_HAL_Driver/Src/stm32f7xx_hal_tim_ex.c **** 
ARM GAS  /tmp/ccJkDeps.s 			page 140


 4210              		.loc 1 1643 3 discriminator 1 view .LVU1182
 4211 0028 196A     		ldr	r1, [r3, #32]
 4212 002a 40F24442 		movw	r2, #1092
 4213 002e 1142     		tst	r1, r2
 4214 0030 03D1     		bne	.L332
1643:Drivers/STM32F7xx_HAL_Driver/Src/stm32f7xx_hal_tim_ex.c **** 
 4215              		.loc 1 1643 3 discriminator 3 view .LVU1183
 4216 0032 5A6C     		ldr	r2, [r3, #68]
 4217 0034 22F40042 		bic	r2, r2, #32768
 4218 0038 5A64     		str	r2, [r3, #68]
 4219              	.L332:
1643:Drivers/STM32F7xx_HAL_Driver/Src/stm32f7xx_hal_tim_ex.c **** 
 4220              		.loc 1 1643 3 discriminator 5 view .LVU1184
1646:Drivers/STM32F7xx_HAL_Driver/Src/stm32f7xx_hal_tim_ex.c **** 
 4221              		.loc 1 1646 3 discriminator 5 view .LVU1185
1646:Drivers/STM32F7xx_HAL_Driver/Src/stm32f7xx_hal_tim_ex.c **** 
 4222              		.loc 1 1646 3 discriminator 5 view .LVU1186
 4223 003a 2368     		ldr	r3, [r4]
 4224 003c 196A     		ldr	r1, [r3, #32]
 4225 003e 41F21112 		movw	r2, #4369
 4226 0042 1142     		tst	r1, r2
 4227 0044 08D1     		bne	.L333
1646:Drivers/STM32F7xx_HAL_Driver/Src/stm32f7xx_hal_tim_ex.c **** 
 4228              		.loc 1 1646 3 discriminator 1 view .LVU1187
 4229 0046 196A     		ldr	r1, [r3, #32]
 4230 0048 40F24442 		movw	r2, #1092
 4231 004c 1142     		tst	r1, r2
 4232 004e 03D1     		bne	.L333
1646:Drivers/STM32F7xx_HAL_Driver/Src/stm32f7xx_hal_tim_ex.c **** 
 4233              		.loc 1 1646 3 discriminator 3 view .LVU1188
 4234 0050 1A68     		ldr	r2, [r3]
 4235 0052 22F00102 		bic	r2, r2, #1
 4236 0056 1A60     		str	r2, [r3]
 4237              	.L333:
1646:Drivers/STM32F7xx_HAL_Driver/Src/stm32f7xx_hal_tim_ex.c **** 
 4238              		.loc 1 1646 3 discriminator 5 view .LVU1189
1649:Drivers/STM32F7xx_HAL_Driver/Src/stm32f7xx_hal_tim_ex.c ****   TIM_CHANNEL_STATE_SET(htim, TIM_CHANNEL_2, HAL_TIM_CHANNEL_STATE_READY);
 4239              		.loc 1 1649 3 discriminator 5 view .LVU1190
 4240 0058 0123     		movs	r3, #1
 4241 005a 84F83E30 		strb	r3, [r4, #62]
1650:Drivers/STM32F7xx_HAL_Driver/Src/stm32f7xx_hal_tim_ex.c ****   TIM_CHANNEL_N_STATE_SET(htim, TIM_CHANNEL_1, HAL_TIM_CHANNEL_STATE_READY);
 4242              		.loc 1 1650 3 discriminator 5 view .LVU1191
 4243 005e 84F83F30 		strb	r3, [r4, #63]
1651:Drivers/STM32F7xx_HAL_Driver/Src/stm32f7xx_hal_tim_ex.c ****   TIM_CHANNEL_N_STATE_SET(htim, TIM_CHANNEL_2, HAL_TIM_CHANNEL_STATE_READY);
 4244              		.loc 1 1651 3 discriminator 5 view .LVU1192
 4245 0062 84F84430 		strb	r3, [r4, #68]
1652:Drivers/STM32F7xx_HAL_Driver/Src/stm32f7xx_hal_tim_ex.c **** 
 4246              		.loc 1 1652 3 discriminator 5 view .LVU1193
 4247 0066 84F84530 		strb	r3, [r4, #69]
1655:Drivers/STM32F7xx_HAL_Driver/Src/stm32f7xx_hal_tim_ex.c **** }
 4248              		.loc 1 1655 3 discriminator 5 view .LVU1194
1656:Drivers/STM32F7xx_HAL_Driver/Src/stm32f7xx_hal_tim_ex.c **** 
 4249              		.loc 1 1656 1 is_stmt 0 discriminator 5 view .LVU1195
 4250 006a 0020     		movs	r0, #0
 4251 006c 38BD     		pop	{r3, r4, r5, pc}
 4252              	.LVL288:
 4253              	.L334:
ARM GAS  /tmp/ccJkDeps.s 			page 141


1633:Drivers/STM32F7xx_HAL_Driver/Src/stm32f7xx_hal_tim_ex.c **** 
 4254              		.loc 1 1633 77 view .LVU1196
 4255 006e 0025     		movs	r5, #0
 4256 0070 CBE7     		b	.L331
 4257              		.cfi_endproc
 4258              	.LFE164:
 4260              		.section	.text.HAL_TIMEx_OnePulseN_Start_IT,"ax",%progbits
 4261              		.align	1
 4262              		.global	HAL_TIMEx_OnePulseN_Start_IT
 4263              		.syntax unified
 4264              		.thumb
 4265              		.thumb_func
 4267              	HAL_TIMEx_OnePulseN_Start_IT:
 4268              	.LVL289:
 4269              	.LFB165:
1671:Drivers/STM32F7xx_HAL_Driver/Src/stm32f7xx_hal_tim_ex.c ****   uint32_t input_channel = (OutputChannel == TIM_CHANNEL_1) ? TIM_CHANNEL_2 : TIM_CHANNEL_1;
 4270              		.loc 1 1671 1 is_stmt 1 view -0
 4271              		.cfi_startproc
 4272              		@ args = 0, pretend = 0, frame = 0
 4273              		@ frame_needed = 0, uses_anonymous_args = 0
1671:Drivers/STM32F7xx_HAL_Driver/Src/stm32f7xx_hal_tim_ex.c ****   uint32_t input_channel = (OutputChannel == TIM_CHANNEL_1) ? TIM_CHANNEL_2 : TIM_CHANNEL_1;
 4274              		.loc 1 1671 1 is_stmt 0 view .LVU1198
 4275 0000 38B5     		push	{r3, r4, r5, lr}
 4276              	.LCFI28:
 4277              		.cfi_def_cfa_offset 16
 4278              		.cfi_offset 3, -16
 4279              		.cfi_offset 4, -12
 4280              		.cfi_offset 5, -8
 4281              		.cfi_offset 14, -4
 4282 0002 0446     		mov	r4, r0
1672:Drivers/STM32F7xx_HAL_Driver/Src/stm32f7xx_hal_tim_ex.c ****   HAL_TIM_ChannelStateTypeDef channel_1_state = TIM_CHANNEL_STATE_GET(htim, TIM_CHANNEL_1);
 4283              		.loc 1 1672 3 is_stmt 1 view .LVU1199
1672:Drivers/STM32F7xx_HAL_Driver/Src/stm32f7xx_hal_tim_ex.c ****   HAL_TIM_ChannelStateTypeDef channel_1_state = TIM_CHANNEL_STATE_GET(htim, TIM_CHANNEL_1);
 4284              		.loc 1 1672 77 is_stmt 0 view .LVU1200
 4285 0004 8E46     		mov	lr, r1
 4286 0006 0029     		cmp	r1, #0
 4287 0008 3CD1     		bne	.L339
 4288 000a 0425     		movs	r5, #4
 4289              	.L337:
 4290              	.LVL290:
1673:Drivers/STM32F7xx_HAL_Driver/Src/stm32f7xx_hal_tim_ex.c ****   HAL_TIM_ChannelStateTypeDef channel_2_state = TIM_CHANNEL_STATE_GET(htim, TIM_CHANNEL_2);
 4291              		.loc 1 1673 3 is_stmt 1 discriminator 4 view .LVU1201
1673:Drivers/STM32F7xx_HAL_Driver/Src/stm32f7xx_hal_tim_ex.c ****   HAL_TIM_ChannelStateTypeDef channel_2_state = TIM_CHANNEL_STATE_GET(htim, TIM_CHANNEL_2);
 4292              		.loc 1 1673 31 is_stmt 0 discriminator 4 view .LVU1202
 4293 000c 94F83E00 		ldrb	r0, [r4, #62]	@ zero_extendqisi2
 4294              	.LVL291:
1673:Drivers/STM32F7xx_HAL_Driver/Src/stm32f7xx_hal_tim_ex.c ****   HAL_TIM_ChannelStateTypeDef channel_2_state = TIM_CHANNEL_STATE_GET(htim, TIM_CHANNEL_2);
 4295              		.loc 1 1673 31 discriminator 4 view .LVU1203
 4296 0010 C0B2     		uxtb	r0, r0
 4297              	.LVL292:
1674:Drivers/STM32F7xx_HAL_Driver/Src/stm32f7xx_hal_tim_ex.c ****   HAL_TIM_ChannelStateTypeDef complementary_channel_1_state = TIM_CHANNEL_N_STATE_GET(htim, TIM_CHA
 4298              		.loc 1 1674 3 is_stmt 1 discriminator 4 view .LVU1204
1674:Drivers/STM32F7xx_HAL_Driver/Src/stm32f7xx_hal_tim_ex.c ****   HAL_TIM_ChannelStateTypeDef complementary_channel_1_state = TIM_CHANNEL_N_STATE_GET(htim, TIM_CHA
 4299              		.loc 1 1674 31 is_stmt 0 discriminator 4 view .LVU1205
 4300 0012 94F83F20 		ldrb	r2, [r4, #63]	@ zero_extendqisi2
 4301 0016 D2B2     		uxtb	r2, r2
 4302              	.LVL293:
ARM GAS  /tmp/ccJkDeps.s 			page 142


1675:Drivers/STM32F7xx_HAL_Driver/Src/stm32f7xx_hal_tim_ex.c ****   HAL_TIM_ChannelStateTypeDef complementary_channel_2_state = TIM_CHANNEL_N_STATE_GET(htim, TIM_CHA
 4303              		.loc 1 1675 3 is_stmt 1 discriminator 4 view .LVU1206
1675:Drivers/STM32F7xx_HAL_Driver/Src/stm32f7xx_hal_tim_ex.c ****   HAL_TIM_ChannelStateTypeDef complementary_channel_2_state = TIM_CHANNEL_N_STATE_GET(htim, TIM_CHA
 4304              		.loc 1 1675 31 is_stmt 0 discriminator 4 view .LVU1207
 4305 0018 94F84430 		ldrb	r3, [r4, #68]	@ zero_extendqisi2
 4306 001c 5FFA83FC 		uxtb	ip, r3
 4307              	.LVL294:
1676:Drivers/STM32F7xx_HAL_Driver/Src/stm32f7xx_hal_tim_ex.c **** 
 4308              		.loc 1 1676 3 is_stmt 1 discriminator 4 view .LVU1208
1676:Drivers/STM32F7xx_HAL_Driver/Src/stm32f7xx_hal_tim_ex.c **** 
 4309              		.loc 1 1676 31 is_stmt 0 discriminator 4 view .LVU1209
 4310 0020 94F84530 		ldrb	r3, [r4, #69]	@ zero_extendqisi2
 4311 0024 DBB2     		uxtb	r3, r3
 4312              	.LVL295:
1679:Drivers/STM32F7xx_HAL_Driver/Src/stm32f7xx_hal_tim_ex.c **** 
 4313              		.loc 1 1679 3 is_stmt 1 discriminator 4 view .LVU1210
1682:Drivers/STM32F7xx_HAL_Driver/Src/stm32f7xx_hal_tim_ex.c ****       || (channel_2_state != HAL_TIM_CHANNEL_STATE_READY)
 4314              		.loc 1 1682 3 discriminator 4 view .LVU1211
1682:Drivers/STM32F7xx_HAL_Driver/Src/stm32f7xx_hal_tim_ex.c ****       || (channel_2_state != HAL_TIM_CHANNEL_STATE_READY)
 4315              		.loc 1 1682 6 is_stmt 0 discriminator 4 view .LVU1212
 4316 0026 012A     		cmp	r2, #1
 4317 0028 08BF     		it	eq
 4318 002a 0128     		cmpeq	r0, #1
 4319 002c 2CD1     		bne	.L340
1685:Drivers/STM32F7xx_HAL_Driver/Src/stm32f7xx_hal_tim_ex.c ****   {
 4320              		.loc 1 1685 41 view .LVU1213
 4321 002e 013B     		subs	r3, r3, #1
 4322              	.LVL296:
1685:Drivers/STM32F7xx_HAL_Driver/Src/stm32f7xx_hal_tim_ex.c ****   {
 4323              		.loc 1 1685 41 view .LVU1214
 4324 0030 18BF     		it	ne
 4325 0032 0123     		movne	r3, #1
 4326              	.LVL297:
1685:Drivers/STM32F7xx_HAL_Driver/Src/stm32f7xx_hal_tim_ex.c ****   {
 4327              		.loc 1 1685 7 view .LVU1215
 4328 0034 BCF1010F 		cmp	ip, #1
 4329 0038 28D1     		bne	.L341
 4330 003a 3BBB     		cbnz	r3, .L341
1691:Drivers/STM32F7xx_HAL_Driver/Src/stm32f7xx_hal_tim_ex.c ****   TIM_CHANNEL_STATE_SET(htim, TIM_CHANNEL_2, HAL_TIM_CHANNEL_STATE_BUSY);
 4331              		.loc 1 1691 3 is_stmt 1 view .LVU1216
 4332 003c 0223     		movs	r3, #2
 4333 003e 84F83E30 		strb	r3, [r4, #62]
1692:Drivers/STM32F7xx_HAL_Driver/Src/stm32f7xx_hal_tim_ex.c ****   TIM_CHANNEL_N_STATE_SET(htim, TIM_CHANNEL_1, HAL_TIM_CHANNEL_STATE_BUSY);
 4334              		.loc 1 1692 3 view .LVU1217
 4335 0042 84F83F30 		strb	r3, [r4, #63]
1693:Drivers/STM32F7xx_HAL_Driver/Src/stm32f7xx_hal_tim_ex.c ****   TIM_CHANNEL_N_STATE_SET(htim, TIM_CHANNEL_2, HAL_TIM_CHANNEL_STATE_BUSY);
 4336              		.loc 1 1693 3 view .LVU1218
 4337 0046 84F84430 		strb	r3, [r4, #68]
1694:Drivers/STM32F7xx_HAL_Driver/Src/stm32f7xx_hal_tim_ex.c **** 
 4338              		.loc 1 1694 3 view .LVU1219
 4339 004a 84F84530 		strb	r3, [r4, #69]
1697:Drivers/STM32F7xx_HAL_Driver/Src/stm32f7xx_hal_tim_ex.c **** 
 4340              		.loc 1 1697 3 view .LVU1220
 4341 004e 2268     		ldr	r2, [r4]
 4342              	.LVL298:
1697:Drivers/STM32F7xx_HAL_Driver/Src/stm32f7xx_hal_tim_ex.c **** 
 4343              		.loc 1 1697 3 is_stmt 0 view .LVU1221
ARM GAS  /tmp/ccJkDeps.s 			page 143


 4344 0050 D368     		ldr	r3, [r2, #12]
 4345 0052 43F00203 		orr	r3, r3, #2
 4346 0056 D360     		str	r3, [r2, #12]
1700:Drivers/STM32F7xx_HAL_Driver/Src/stm32f7xx_hal_tim_ex.c **** 
 4347              		.loc 1 1700 3 is_stmt 1 view .LVU1222
 4348 0058 2268     		ldr	r2, [r4]
 4349 005a D368     		ldr	r3, [r2, #12]
 4350 005c 43F00403 		orr	r3, r3, #4
 4351 0060 D360     		str	r3, [r2, #12]
1703:Drivers/STM32F7xx_HAL_Driver/Src/stm32f7xx_hal_tim_ex.c ****   TIM_CCxChannelCmd(htim->Instance, input_channel, TIM_CCx_ENABLE);
 4352              		.loc 1 1703 3 view .LVU1223
 4353 0062 0422     		movs	r2, #4
 4354 0064 7146     		mov	r1, lr
 4355              	.LVL299:
1703:Drivers/STM32F7xx_HAL_Driver/Src/stm32f7xx_hal_tim_ex.c ****   TIM_CCxChannelCmd(htim->Instance, input_channel, TIM_CCx_ENABLE);
 4356              		.loc 1 1703 3 is_stmt 0 view .LVU1224
 4357 0066 2068     		ldr	r0, [r4]
 4358              	.LVL300:
1703:Drivers/STM32F7xx_HAL_Driver/Src/stm32f7xx_hal_tim_ex.c ****   TIM_CCxChannelCmd(htim->Instance, input_channel, TIM_CCx_ENABLE);
 4359              		.loc 1 1703 3 view .LVU1225
 4360 0068 FFF7FEFF 		bl	TIM_CCxNChannelCmd
 4361              	.LVL301:
1704:Drivers/STM32F7xx_HAL_Driver/Src/stm32f7xx_hal_tim_ex.c **** 
 4362              		.loc 1 1704 3 is_stmt 1 view .LVU1226
 4363 006c 0122     		movs	r2, #1
 4364 006e 2946     		mov	r1, r5
 4365 0070 2068     		ldr	r0, [r4]
 4366 0072 FFF7FEFF 		bl	TIM_CCxChannelCmd
 4367              	.LVL302:
1707:Drivers/STM32F7xx_HAL_Driver/Src/stm32f7xx_hal_tim_ex.c **** 
 4368              		.loc 1 1707 3 view .LVU1227
 4369 0076 2268     		ldr	r2, [r4]
 4370 0078 536C     		ldr	r3, [r2, #68]
 4371 007a 43F40043 		orr	r3, r3, #32768
 4372 007e 5364     		str	r3, [r2, #68]
1710:Drivers/STM32F7xx_HAL_Driver/Src/stm32f7xx_hal_tim_ex.c **** }
 4373              		.loc 1 1710 3 view .LVU1228
1710:Drivers/STM32F7xx_HAL_Driver/Src/stm32f7xx_hal_tim_ex.c **** }
 4374              		.loc 1 1710 10 is_stmt 0 view .LVU1229
 4375 0080 0020     		movs	r0, #0
 4376 0082 02E0     		b	.L338
 4377              	.LVL303:
 4378              	.L339:
1672:Drivers/STM32F7xx_HAL_Driver/Src/stm32f7xx_hal_tim_ex.c ****   HAL_TIM_ChannelStateTypeDef channel_1_state = TIM_CHANNEL_STATE_GET(htim, TIM_CHANNEL_1);
 4379              		.loc 1 1672 77 view .LVU1230
 4380 0084 0025     		movs	r5, #0
 4381 0086 C1E7     		b	.L337
 4382              	.LVL304:
 4383              	.L340:
1687:Drivers/STM32F7xx_HAL_Driver/Src/stm32f7xx_hal_tim_ex.c ****   }
 4384              		.loc 1 1687 12 view .LVU1231
 4385 0088 0120     		movs	r0, #1
 4386              	.LVL305:
 4387              	.L338:
1711:Drivers/STM32F7xx_HAL_Driver/Src/stm32f7xx_hal_tim_ex.c **** 
 4388              		.loc 1 1711 1 view .LVU1232
 4389 008a 38BD     		pop	{r3, r4, r5, pc}
ARM GAS  /tmp/ccJkDeps.s 			page 144


 4390              	.LVL306:
 4391              	.L341:
1687:Drivers/STM32F7xx_HAL_Driver/Src/stm32f7xx_hal_tim_ex.c ****   }
 4392              		.loc 1 1687 12 view .LVU1233
 4393 008c 0120     		movs	r0, #1
 4394              	.LVL307:
1687:Drivers/STM32F7xx_HAL_Driver/Src/stm32f7xx_hal_tim_ex.c ****   }
 4395              		.loc 1 1687 12 view .LVU1234
 4396 008e FCE7     		b	.L338
 4397              		.cfi_endproc
 4398              	.LFE165:
 4400              		.section	.text.HAL_TIMEx_OnePulseN_Stop_IT,"ax",%progbits
 4401              		.align	1
 4402              		.global	HAL_TIMEx_OnePulseN_Stop_IT
 4403              		.syntax unified
 4404              		.thumb
 4405              		.thumb_func
 4407              	HAL_TIMEx_OnePulseN_Stop_IT:
 4408              	.LVL308:
 4409              	.LFB166:
1726:Drivers/STM32F7xx_HAL_Driver/Src/stm32f7xx_hal_tim_ex.c ****   uint32_t input_channel = (OutputChannel == TIM_CHANNEL_1) ? TIM_CHANNEL_2 : TIM_CHANNEL_1;
 4410              		.loc 1 1726 1 is_stmt 1 view -0
 4411              		.cfi_startproc
 4412              		@ args = 0, pretend = 0, frame = 0
 4413              		@ frame_needed = 0, uses_anonymous_args = 0
1726:Drivers/STM32F7xx_HAL_Driver/Src/stm32f7xx_hal_tim_ex.c ****   uint32_t input_channel = (OutputChannel == TIM_CHANNEL_1) ? TIM_CHANNEL_2 : TIM_CHANNEL_1;
 4414              		.loc 1 1726 1 is_stmt 0 view .LVU1236
 4415 0000 38B5     		push	{r3, r4, r5, lr}
 4416              	.LCFI29:
 4417              		.cfi_def_cfa_offset 16
 4418              		.cfi_offset 3, -16
 4419              		.cfi_offset 4, -12
 4420              		.cfi_offset 5, -8
 4421              		.cfi_offset 14, -4
 4422 0002 0446     		mov	r4, r0
1727:Drivers/STM32F7xx_HAL_Driver/Src/stm32f7xx_hal_tim_ex.c **** 
 4423              		.loc 1 1727 3 is_stmt 1 view .LVU1237
1727:Drivers/STM32F7xx_HAL_Driver/Src/stm32f7xx_hal_tim_ex.c **** 
 4424              		.loc 1 1727 77 is_stmt 0 view .LVU1238
 4425 0004 0029     		cmp	r1, #0
 4426 0006 3CD1     		bne	.L347
 4427 0008 0425     		movs	r5, #4
 4428              	.L344:
 4429              	.LVL309:
1730:Drivers/STM32F7xx_HAL_Driver/Src/stm32f7xx_hal_tim_ex.c **** 
 4430              		.loc 1 1730 3 is_stmt 1 discriminator 4 view .LVU1239
1733:Drivers/STM32F7xx_HAL_Driver/Src/stm32f7xx_hal_tim_ex.c **** 
 4431              		.loc 1 1733 3 discriminator 4 view .LVU1240
 4432 000a 2268     		ldr	r2, [r4]
 4433 000c D368     		ldr	r3, [r2, #12]
 4434 000e 23F00203 		bic	r3, r3, #2
 4435 0012 D360     		str	r3, [r2, #12]
1736:Drivers/STM32F7xx_HAL_Driver/Src/stm32f7xx_hal_tim_ex.c **** 
 4436              		.loc 1 1736 3 discriminator 4 view .LVU1241
 4437 0014 2268     		ldr	r2, [r4]
 4438 0016 D368     		ldr	r3, [r2, #12]
 4439 0018 23F00403 		bic	r3, r3, #4
ARM GAS  /tmp/ccJkDeps.s 			page 145


 4440 001c D360     		str	r3, [r2, #12]
1739:Drivers/STM32F7xx_HAL_Driver/Src/stm32f7xx_hal_tim_ex.c ****   TIM_CCxChannelCmd(htim->Instance, input_channel, TIM_CCx_DISABLE);
 4441              		.loc 1 1739 3 discriminator 4 view .LVU1242
 4442 001e 0022     		movs	r2, #0
 4443 0020 2068     		ldr	r0, [r4]
 4444              	.LVL310:
1739:Drivers/STM32F7xx_HAL_Driver/Src/stm32f7xx_hal_tim_ex.c ****   TIM_CCxChannelCmd(htim->Instance, input_channel, TIM_CCx_DISABLE);
 4445              		.loc 1 1739 3 is_stmt 0 discriminator 4 view .LVU1243
 4446 0022 FFF7FEFF 		bl	TIM_CCxNChannelCmd
 4447              	.LVL311:
1740:Drivers/STM32F7xx_HAL_Driver/Src/stm32f7xx_hal_tim_ex.c **** 
 4448              		.loc 1 1740 3 is_stmt 1 discriminator 4 view .LVU1244
 4449 0026 0022     		movs	r2, #0
 4450 0028 2946     		mov	r1, r5
 4451 002a 2068     		ldr	r0, [r4]
 4452 002c FFF7FEFF 		bl	TIM_CCxChannelCmd
 4453              	.LVL312:
1743:Drivers/STM32F7xx_HAL_Driver/Src/stm32f7xx_hal_tim_ex.c **** 
 4454              		.loc 1 1743 3 discriminator 4 view .LVU1245
1743:Drivers/STM32F7xx_HAL_Driver/Src/stm32f7xx_hal_tim_ex.c **** 
 4455              		.loc 1 1743 3 discriminator 4 view .LVU1246
 4456 0030 2368     		ldr	r3, [r4]
 4457 0032 196A     		ldr	r1, [r3, #32]
 4458 0034 41F21112 		movw	r2, #4369
 4459 0038 1142     		tst	r1, r2
 4460 003a 08D1     		bne	.L345
1743:Drivers/STM32F7xx_HAL_Driver/Src/stm32f7xx_hal_tim_ex.c **** 
 4461              		.loc 1 1743 3 discriminator 1 view .LVU1247
 4462 003c 196A     		ldr	r1, [r3, #32]
 4463 003e 40F24442 		movw	r2, #1092
 4464 0042 1142     		tst	r1, r2
 4465 0044 03D1     		bne	.L345
1743:Drivers/STM32F7xx_HAL_Driver/Src/stm32f7xx_hal_tim_ex.c **** 
 4466              		.loc 1 1743 3 discriminator 3 view .LVU1248
 4467 0046 5A6C     		ldr	r2, [r3, #68]
 4468 0048 22F40042 		bic	r2, r2, #32768
 4469 004c 5A64     		str	r2, [r3, #68]
 4470              	.L345:
1743:Drivers/STM32F7xx_HAL_Driver/Src/stm32f7xx_hal_tim_ex.c **** 
 4471              		.loc 1 1743 3 discriminator 5 view .LVU1249
1746:Drivers/STM32F7xx_HAL_Driver/Src/stm32f7xx_hal_tim_ex.c **** 
 4472              		.loc 1 1746 3 discriminator 5 view .LVU1250
1746:Drivers/STM32F7xx_HAL_Driver/Src/stm32f7xx_hal_tim_ex.c **** 
 4473              		.loc 1 1746 3 discriminator 5 view .LVU1251
 4474 004e 2368     		ldr	r3, [r4]
 4475 0050 196A     		ldr	r1, [r3, #32]
 4476 0052 41F21112 		movw	r2, #4369
 4477 0056 1142     		tst	r1, r2
 4478 0058 08D1     		bne	.L346
1746:Drivers/STM32F7xx_HAL_Driver/Src/stm32f7xx_hal_tim_ex.c **** 
 4479              		.loc 1 1746 3 discriminator 1 view .LVU1252
 4480 005a 196A     		ldr	r1, [r3, #32]
 4481 005c 40F24442 		movw	r2, #1092
 4482 0060 1142     		tst	r1, r2
 4483 0062 03D1     		bne	.L346
1746:Drivers/STM32F7xx_HAL_Driver/Src/stm32f7xx_hal_tim_ex.c **** 
 4484              		.loc 1 1746 3 discriminator 3 view .LVU1253
ARM GAS  /tmp/ccJkDeps.s 			page 146


 4485 0064 1A68     		ldr	r2, [r3]
 4486 0066 22F00102 		bic	r2, r2, #1
 4487 006a 1A60     		str	r2, [r3]
 4488              	.L346:
1746:Drivers/STM32F7xx_HAL_Driver/Src/stm32f7xx_hal_tim_ex.c **** 
 4489              		.loc 1 1746 3 discriminator 5 view .LVU1254
1749:Drivers/STM32F7xx_HAL_Driver/Src/stm32f7xx_hal_tim_ex.c ****   TIM_CHANNEL_STATE_SET(htim, TIM_CHANNEL_2, HAL_TIM_CHANNEL_STATE_READY);
 4490              		.loc 1 1749 3 discriminator 5 view .LVU1255
 4491 006c 0123     		movs	r3, #1
 4492 006e 84F83E30 		strb	r3, [r4, #62]
1750:Drivers/STM32F7xx_HAL_Driver/Src/stm32f7xx_hal_tim_ex.c ****   TIM_CHANNEL_N_STATE_SET(htim, TIM_CHANNEL_1, HAL_TIM_CHANNEL_STATE_READY);
 4493              		.loc 1 1750 3 discriminator 5 view .LVU1256
 4494 0072 84F83F30 		strb	r3, [r4, #63]
1751:Drivers/STM32F7xx_HAL_Driver/Src/stm32f7xx_hal_tim_ex.c ****   TIM_CHANNEL_N_STATE_SET(htim, TIM_CHANNEL_2, HAL_TIM_CHANNEL_STATE_READY);
 4495              		.loc 1 1751 3 discriminator 5 view .LVU1257
 4496 0076 84F84430 		strb	r3, [r4, #68]
1752:Drivers/STM32F7xx_HAL_Driver/Src/stm32f7xx_hal_tim_ex.c **** 
 4497              		.loc 1 1752 3 discriminator 5 view .LVU1258
 4498 007a 84F84530 		strb	r3, [r4, #69]
1755:Drivers/STM32F7xx_HAL_Driver/Src/stm32f7xx_hal_tim_ex.c **** }
 4499              		.loc 1 1755 3 discriminator 5 view .LVU1259
1756:Drivers/STM32F7xx_HAL_Driver/Src/stm32f7xx_hal_tim_ex.c **** 
 4500              		.loc 1 1756 1 is_stmt 0 discriminator 5 view .LVU1260
 4501 007e 0020     		movs	r0, #0
 4502 0080 38BD     		pop	{r3, r4, r5, pc}
 4503              	.LVL313:
 4504              	.L347:
1727:Drivers/STM32F7xx_HAL_Driver/Src/stm32f7xx_hal_tim_ex.c **** 
 4505              		.loc 1 1727 77 view .LVU1261
 4506 0082 0025     		movs	r5, #0
 4507 0084 C1E7     		b	.L344
 4508              		.cfi_endproc
 4509              	.LFE166:
 4511              		.section	.text.HAL_TIMEx_ConfigCommutEvent,"ax",%progbits
 4512              		.align	1
 4513              		.global	HAL_TIMEx_ConfigCommutEvent
 4514              		.syntax unified
 4515              		.thumb
 4516              		.thumb_func
 4518              	HAL_TIMEx_ConfigCommutEvent:
 4519              	.LVL314:
 4520              	.LFB167:
1807:Drivers/STM32F7xx_HAL_Driver/Src/stm32f7xx_hal_tim_ex.c ****   /* Check the parameters */
 4521              		.loc 1 1807 1 is_stmt 1 view -0
 4522              		.cfi_startproc
 4523              		@ args = 0, pretend = 0, frame = 0
 4524              		@ frame_needed = 0, uses_anonymous_args = 0
 4525              		@ link register save eliminated.
1807:Drivers/STM32F7xx_HAL_Driver/Src/stm32f7xx_hal_tim_ex.c ****   /* Check the parameters */
 4526              		.loc 1 1807 1 is_stmt 0 view .LVU1263
 4527 0000 0346     		mov	r3, r0
1809:Drivers/STM32F7xx_HAL_Driver/Src/stm32f7xx_hal_tim_ex.c ****   assert_param(IS_TIM_INTERNAL_TRIGGEREVENT_SELECTION(InputTrigger));
 4528              		.loc 1 1809 3 is_stmt 1 view .LVU1264
1810:Drivers/STM32F7xx_HAL_Driver/Src/stm32f7xx_hal_tim_ex.c **** 
 4529              		.loc 1 1810 3 view .LVU1265
1812:Drivers/STM32F7xx_HAL_Driver/Src/stm32f7xx_hal_tim_ex.c **** 
 4530              		.loc 1 1812 3 view .LVU1266
ARM GAS  /tmp/ccJkDeps.s 			page 147


1812:Drivers/STM32F7xx_HAL_Driver/Src/stm32f7xx_hal_tim_ex.c **** 
 4531              		.loc 1 1812 3 view .LVU1267
 4532 0002 90F83C00 		ldrb	r0, [r0, #60]	@ zero_extendqisi2
 4533              	.LVL315:
1812:Drivers/STM32F7xx_HAL_Driver/Src/stm32f7xx_hal_tim_ex.c **** 
 4534              		.loc 1 1812 3 is_stmt 0 view .LVU1268
 4535 0006 0128     		cmp	r0, #1
 4536 0008 35D0     		beq	.L354
1807:Drivers/STM32F7xx_HAL_Driver/Src/stm32f7xx_hal_tim_ex.c ****   /* Check the parameters */
 4537              		.loc 1 1807 1 discriminator 2 view .LVU1269
 4538 000a 10B4     		push	{r4}
 4539              	.LCFI30:
 4540              		.cfi_def_cfa_offset 4
 4541              		.cfi_offset 4, -4
1812:Drivers/STM32F7xx_HAL_Driver/Src/stm32f7xx_hal_tim_ex.c **** 
 4542              		.loc 1 1812 3 is_stmt 1 discriminator 2 view .LVU1270
 4543 000c 0120     		movs	r0, #1
 4544 000e 83F83C00 		strb	r0, [r3, #60]
1812:Drivers/STM32F7xx_HAL_Driver/Src/stm32f7xx_hal_tim_ex.c **** 
 4545              		.loc 1 1812 3 discriminator 2 view .LVU1271
1814:Drivers/STM32F7xx_HAL_Driver/Src/stm32f7xx_hal_tim_ex.c ****       (InputTrigger == TIM_TS_ITR2) || (InputTrigger == TIM_TS_ITR3))
 4546              		.loc 1 1814 3 discriminator 2 view .LVU1272
1814:Drivers/STM32F7xx_HAL_Driver/Src/stm32f7xx_hal_tim_ex.c ****       (InputTrigger == TIM_TS_ITR2) || (InputTrigger == TIM_TS_ITR3))
 4547              		.loc 1 1814 6 is_stmt 0 discriminator 2 view .LVU1273
 4548 0012 1029     		cmp	r1, #16
 4549 0014 18BF     		it	ne
 4550 0016 0029     		cmpne	r1, #0
 4551 0018 06D0     		beq	.L351
1815:Drivers/STM32F7xx_HAL_Driver/Src/stm32f7xx_hal_tim_ex.c ****   {
 4552              		.loc 1 1815 54 view .LVU1274
 4553 001a 3029     		cmp	r1, #48
 4554 001c 14BF     		ite	ne
 4555 001e 0020     		movne	r0, #0
 4556 0020 0120     		moveq	r0, #1
1815:Drivers/STM32F7xx_HAL_Driver/Src/stm32f7xx_hal_tim_ex.c ****   {
 4557              		.loc 1 1815 37 view .LVU1275
 4558 0022 2029     		cmp	r1, #32
 4559 0024 00D0     		beq	.L351
 4560 0026 40B1     		cbz	r0, .L352
 4561              	.L351:
1818:Drivers/STM32F7xx_HAL_Driver/Src/stm32f7xx_hal_tim_ex.c ****     htim->Instance->SMCR |= InputTrigger;
 4562              		.loc 1 1818 5 is_stmt 1 view .LVU1276
1818:Drivers/STM32F7xx_HAL_Driver/Src/stm32f7xx_hal_tim_ex.c ****     htim->Instance->SMCR |= InputTrigger;
 4563              		.loc 1 1818 9 is_stmt 0 view .LVU1277
 4564 0028 1C68     		ldr	r4, [r3]
1818:Drivers/STM32F7xx_HAL_Driver/Src/stm32f7xx_hal_tim_ex.c ****     htim->Instance->SMCR |= InputTrigger;
 4565              		.loc 1 1818 19 view .LVU1278
 4566 002a A068     		ldr	r0, [r4, #8]
1818:Drivers/STM32F7xx_HAL_Driver/Src/stm32f7xx_hal_tim_ex.c ****     htim->Instance->SMCR |= InputTrigger;
 4567              		.loc 1 1818 26 view .LVU1279
 4568 002c 20F07000 		bic	r0, r0, #112
 4569 0030 A060     		str	r0, [r4, #8]
1819:Drivers/STM32F7xx_HAL_Driver/Src/stm32f7xx_hal_tim_ex.c ****   }
 4570              		.loc 1 1819 5 is_stmt 1 view .LVU1280
1819:Drivers/STM32F7xx_HAL_Driver/Src/stm32f7xx_hal_tim_ex.c ****   }
 4571              		.loc 1 1819 9 is_stmt 0 view .LVU1281
 4572 0032 1C68     		ldr	r4, [r3]
ARM GAS  /tmp/ccJkDeps.s 			page 148


1819:Drivers/STM32F7xx_HAL_Driver/Src/stm32f7xx_hal_tim_ex.c ****   }
 4573              		.loc 1 1819 19 view .LVU1282
 4574 0034 A068     		ldr	r0, [r4, #8]
1819:Drivers/STM32F7xx_HAL_Driver/Src/stm32f7xx_hal_tim_ex.c ****   }
 4575              		.loc 1 1819 26 view .LVU1283
 4576 0036 0143     		orrs	r1, r1, r0
 4577              	.LVL316:
1819:Drivers/STM32F7xx_HAL_Driver/Src/stm32f7xx_hal_tim_ex.c ****   }
 4578              		.loc 1 1819 26 view .LVU1284
 4579 0038 A160     		str	r1, [r4, #8]
 4580              	.L352:
1823:Drivers/STM32F7xx_HAL_Driver/Src/stm32f7xx_hal_tim_ex.c ****   /* Select the Commutation event source */
 4581              		.loc 1 1823 3 is_stmt 1 view .LVU1285
1823:Drivers/STM32F7xx_HAL_Driver/Src/stm32f7xx_hal_tim_ex.c ****   /* Select the Commutation event source */
 4582              		.loc 1 1823 7 is_stmt 0 view .LVU1286
 4583 003a 1868     		ldr	r0, [r3]
1823:Drivers/STM32F7xx_HAL_Driver/Src/stm32f7xx_hal_tim_ex.c ****   /* Select the Commutation event source */
 4584              		.loc 1 1823 17 view .LVU1287
 4585 003c 4168     		ldr	r1, [r0, #4]
1823:Drivers/STM32F7xx_HAL_Driver/Src/stm32f7xx_hal_tim_ex.c ****   /* Select the Commutation event source */
 4586              		.loc 1 1823 23 view .LVU1288
 4587 003e 41F00101 		orr	r1, r1, #1
 4588 0042 4160     		str	r1, [r0, #4]
1825:Drivers/STM32F7xx_HAL_Driver/Src/stm32f7xx_hal_tim_ex.c ****   htim->Instance->CR2 |= CommutationSource;
 4589              		.loc 1 1825 3 is_stmt 1 view .LVU1289
1825:Drivers/STM32F7xx_HAL_Driver/Src/stm32f7xx_hal_tim_ex.c ****   htim->Instance->CR2 |= CommutationSource;
 4590              		.loc 1 1825 7 is_stmt 0 view .LVU1290
 4591 0044 1868     		ldr	r0, [r3]
1825:Drivers/STM32F7xx_HAL_Driver/Src/stm32f7xx_hal_tim_ex.c ****   htim->Instance->CR2 |= CommutationSource;
 4592              		.loc 1 1825 17 view .LVU1291
 4593 0046 4168     		ldr	r1, [r0, #4]
1825:Drivers/STM32F7xx_HAL_Driver/Src/stm32f7xx_hal_tim_ex.c ****   htim->Instance->CR2 |= CommutationSource;
 4594              		.loc 1 1825 23 view .LVU1292
 4595 0048 21F00401 		bic	r1, r1, #4
 4596 004c 4160     		str	r1, [r0, #4]
1826:Drivers/STM32F7xx_HAL_Driver/Src/stm32f7xx_hal_tim_ex.c **** 
 4597              		.loc 1 1826 3 is_stmt 1 view .LVU1293
1826:Drivers/STM32F7xx_HAL_Driver/Src/stm32f7xx_hal_tim_ex.c **** 
 4598              		.loc 1 1826 7 is_stmt 0 view .LVU1294
 4599 004e 1868     		ldr	r0, [r3]
1826:Drivers/STM32F7xx_HAL_Driver/Src/stm32f7xx_hal_tim_ex.c **** 
 4600              		.loc 1 1826 17 view .LVU1295
 4601 0050 4168     		ldr	r1, [r0, #4]
1826:Drivers/STM32F7xx_HAL_Driver/Src/stm32f7xx_hal_tim_ex.c **** 
 4602              		.loc 1 1826 23 view .LVU1296
 4603 0052 0A43     		orrs	r2, r2, r1
 4604              	.LVL317:
1826:Drivers/STM32F7xx_HAL_Driver/Src/stm32f7xx_hal_tim_ex.c **** 
 4605              		.loc 1 1826 23 view .LVU1297
 4606 0054 4260     		str	r2, [r0, #4]
1829:Drivers/STM32F7xx_HAL_Driver/Src/stm32f7xx_hal_tim_ex.c **** 
 4607              		.loc 1 1829 3 is_stmt 1 view .LVU1298
 4608 0056 1968     		ldr	r1, [r3]
 4609 0058 CA68     		ldr	r2, [r1, #12]
 4610 005a 22F02002 		bic	r2, r2, #32
 4611 005e CA60     		str	r2, [r1, #12]
1832:Drivers/STM32F7xx_HAL_Driver/Src/stm32f7xx_hal_tim_ex.c **** 
ARM GAS  /tmp/ccJkDeps.s 			page 149


 4612              		.loc 1 1832 3 view .LVU1299
 4613 0060 1968     		ldr	r1, [r3]
 4614 0062 CA68     		ldr	r2, [r1, #12]
 4615 0064 22F40052 		bic	r2, r2, #8192
 4616 0068 CA60     		str	r2, [r1, #12]
1834:Drivers/STM32F7xx_HAL_Driver/Src/stm32f7xx_hal_tim_ex.c **** 
 4617              		.loc 1 1834 3 view .LVU1300
1834:Drivers/STM32F7xx_HAL_Driver/Src/stm32f7xx_hal_tim_ex.c **** 
 4618              		.loc 1 1834 3 view .LVU1301
 4619 006a 0020     		movs	r0, #0
 4620 006c 83F83C00 		strb	r0, [r3, #60]
1834:Drivers/STM32F7xx_HAL_Driver/Src/stm32f7xx_hal_tim_ex.c **** 
 4621              		.loc 1 1834 3 view .LVU1302
1836:Drivers/STM32F7xx_HAL_Driver/Src/stm32f7xx_hal_tim_ex.c **** }
 4622              		.loc 1 1836 3 view .LVU1303
1837:Drivers/STM32F7xx_HAL_Driver/Src/stm32f7xx_hal_tim_ex.c **** 
 4623              		.loc 1 1837 1 is_stmt 0 view .LVU1304
 4624 0070 5DF8044B 		ldr	r4, [sp], #4
 4625              	.LCFI31:
 4626              		.cfi_restore 4
 4627              		.cfi_def_cfa_offset 0
 4628 0074 7047     		bx	lr
 4629              	.LVL318:
 4630              	.L354:
1812:Drivers/STM32F7xx_HAL_Driver/Src/stm32f7xx_hal_tim_ex.c **** 
 4631              		.loc 1 1812 3 view .LVU1305
 4632 0076 0220     		movs	r0, #2
1837:Drivers/STM32F7xx_HAL_Driver/Src/stm32f7xx_hal_tim_ex.c **** 
 4633              		.loc 1 1837 1 view .LVU1306
 4634 0078 7047     		bx	lr
 4635              		.cfi_endproc
 4636              	.LFE167:
 4638              		.section	.text.HAL_TIMEx_ConfigCommutEvent_IT,"ax",%progbits
 4639              		.align	1
 4640              		.global	HAL_TIMEx_ConfigCommutEvent_IT
 4641              		.syntax unified
 4642              		.thumb
 4643              		.thumb_func
 4645              	HAL_TIMEx_ConfigCommutEvent_IT:
 4646              	.LVL319:
 4647              	.LFB168:
1863:Drivers/STM32F7xx_HAL_Driver/Src/stm32f7xx_hal_tim_ex.c ****   /* Check the parameters */
 4648              		.loc 1 1863 1 is_stmt 1 view -0
 4649              		.cfi_startproc
 4650              		@ args = 0, pretend = 0, frame = 0
 4651              		@ frame_needed = 0, uses_anonymous_args = 0
 4652              		@ link register save eliminated.
1863:Drivers/STM32F7xx_HAL_Driver/Src/stm32f7xx_hal_tim_ex.c ****   /* Check the parameters */
 4653              		.loc 1 1863 1 is_stmt 0 view .LVU1308
 4654 0000 0346     		mov	r3, r0
1865:Drivers/STM32F7xx_HAL_Driver/Src/stm32f7xx_hal_tim_ex.c ****   assert_param(IS_TIM_INTERNAL_TRIGGEREVENT_SELECTION(InputTrigger));
 4655              		.loc 1 1865 3 is_stmt 1 view .LVU1309
1866:Drivers/STM32F7xx_HAL_Driver/Src/stm32f7xx_hal_tim_ex.c **** 
 4656              		.loc 1 1866 3 view .LVU1310
1868:Drivers/STM32F7xx_HAL_Driver/Src/stm32f7xx_hal_tim_ex.c **** 
 4657              		.loc 1 1868 3 view .LVU1311
1868:Drivers/STM32F7xx_HAL_Driver/Src/stm32f7xx_hal_tim_ex.c **** 
ARM GAS  /tmp/ccJkDeps.s 			page 150


 4658              		.loc 1 1868 3 view .LVU1312
 4659 0002 90F83C00 		ldrb	r0, [r0, #60]	@ zero_extendqisi2
 4660              	.LVL320:
1868:Drivers/STM32F7xx_HAL_Driver/Src/stm32f7xx_hal_tim_ex.c **** 
 4661              		.loc 1 1868 3 is_stmt 0 view .LVU1313
 4662 0006 0128     		cmp	r0, #1
 4663 0008 35D0     		beq	.L364
1863:Drivers/STM32F7xx_HAL_Driver/Src/stm32f7xx_hal_tim_ex.c ****   /* Check the parameters */
 4664              		.loc 1 1863 1 discriminator 2 view .LVU1314
 4665 000a 10B4     		push	{r4}
 4666              	.LCFI32:
 4667              		.cfi_def_cfa_offset 4
 4668              		.cfi_offset 4, -4
1868:Drivers/STM32F7xx_HAL_Driver/Src/stm32f7xx_hal_tim_ex.c **** 
 4669              		.loc 1 1868 3 is_stmt 1 discriminator 2 view .LVU1315
 4670 000c 0120     		movs	r0, #1
 4671 000e 83F83C00 		strb	r0, [r3, #60]
1868:Drivers/STM32F7xx_HAL_Driver/Src/stm32f7xx_hal_tim_ex.c **** 
 4672              		.loc 1 1868 3 discriminator 2 view .LVU1316
1870:Drivers/STM32F7xx_HAL_Driver/Src/stm32f7xx_hal_tim_ex.c ****       (InputTrigger == TIM_TS_ITR2) || (InputTrigger == TIM_TS_ITR3))
 4673              		.loc 1 1870 3 discriminator 2 view .LVU1317
1870:Drivers/STM32F7xx_HAL_Driver/Src/stm32f7xx_hal_tim_ex.c ****       (InputTrigger == TIM_TS_ITR2) || (InputTrigger == TIM_TS_ITR3))
 4674              		.loc 1 1870 6 is_stmt 0 discriminator 2 view .LVU1318
 4675 0012 1029     		cmp	r1, #16
 4676 0014 18BF     		it	ne
 4677 0016 0029     		cmpne	r1, #0
 4678 0018 06D0     		beq	.L361
1871:Drivers/STM32F7xx_HAL_Driver/Src/stm32f7xx_hal_tim_ex.c ****   {
 4679              		.loc 1 1871 54 view .LVU1319
 4680 001a 3029     		cmp	r1, #48
 4681 001c 14BF     		ite	ne
 4682 001e 0020     		movne	r0, #0
 4683 0020 0120     		moveq	r0, #1
1871:Drivers/STM32F7xx_HAL_Driver/Src/stm32f7xx_hal_tim_ex.c ****   {
 4684              		.loc 1 1871 37 view .LVU1320
 4685 0022 2029     		cmp	r1, #32
 4686 0024 00D0     		beq	.L361
 4687 0026 40B1     		cbz	r0, .L362
 4688              	.L361:
1874:Drivers/STM32F7xx_HAL_Driver/Src/stm32f7xx_hal_tim_ex.c ****     htim->Instance->SMCR |= InputTrigger;
 4689              		.loc 1 1874 5 is_stmt 1 view .LVU1321
1874:Drivers/STM32F7xx_HAL_Driver/Src/stm32f7xx_hal_tim_ex.c ****     htim->Instance->SMCR |= InputTrigger;
 4690              		.loc 1 1874 9 is_stmt 0 view .LVU1322
 4691 0028 1C68     		ldr	r4, [r3]
1874:Drivers/STM32F7xx_HAL_Driver/Src/stm32f7xx_hal_tim_ex.c ****     htim->Instance->SMCR |= InputTrigger;
 4692              		.loc 1 1874 19 view .LVU1323
 4693 002a A068     		ldr	r0, [r4, #8]
1874:Drivers/STM32F7xx_HAL_Driver/Src/stm32f7xx_hal_tim_ex.c ****     htim->Instance->SMCR |= InputTrigger;
 4694              		.loc 1 1874 26 view .LVU1324
 4695 002c 20F07000 		bic	r0, r0, #112
 4696 0030 A060     		str	r0, [r4, #8]
1875:Drivers/STM32F7xx_HAL_Driver/Src/stm32f7xx_hal_tim_ex.c ****   }
 4697              		.loc 1 1875 5 is_stmt 1 view .LVU1325
1875:Drivers/STM32F7xx_HAL_Driver/Src/stm32f7xx_hal_tim_ex.c ****   }
 4698              		.loc 1 1875 9 is_stmt 0 view .LVU1326
 4699 0032 1C68     		ldr	r4, [r3]
1875:Drivers/STM32F7xx_HAL_Driver/Src/stm32f7xx_hal_tim_ex.c ****   }
ARM GAS  /tmp/ccJkDeps.s 			page 151


 4700              		.loc 1 1875 19 view .LVU1327
 4701 0034 A068     		ldr	r0, [r4, #8]
1875:Drivers/STM32F7xx_HAL_Driver/Src/stm32f7xx_hal_tim_ex.c ****   }
 4702              		.loc 1 1875 26 view .LVU1328
 4703 0036 0143     		orrs	r1, r1, r0
 4704              	.LVL321:
1875:Drivers/STM32F7xx_HAL_Driver/Src/stm32f7xx_hal_tim_ex.c ****   }
 4705              		.loc 1 1875 26 view .LVU1329
 4706 0038 A160     		str	r1, [r4, #8]
 4707              	.L362:
1879:Drivers/STM32F7xx_HAL_Driver/Src/stm32f7xx_hal_tim_ex.c ****   /* Select the Commutation event source */
 4708              		.loc 1 1879 3 is_stmt 1 view .LVU1330
1879:Drivers/STM32F7xx_HAL_Driver/Src/stm32f7xx_hal_tim_ex.c ****   /* Select the Commutation event source */
 4709              		.loc 1 1879 7 is_stmt 0 view .LVU1331
 4710 003a 1868     		ldr	r0, [r3]
1879:Drivers/STM32F7xx_HAL_Driver/Src/stm32f7xx_hal_tim_ex.c ****   /* Select the Commutation event source */
 4711              		.loc 1 1879 17 view .LVU1332
 4712 003c 4168     		ldr	r1, [r0, #4]
1879:Drivers/STM32F7xx_HAL_Driver/Src/stm32f7xx_hal_tim_ex.c ****   /* Select the Commutation event source */
 4713              		.loc 1 1879 23 view .LVU1333
 4714 003e 41F00101 		orr	r1, r1, #1
 4715 0042 4160     		str	r1, [r0, #4]
1881:Drivers/STM32F7xx_HAL_Driver/Src/stm32f7xx_hal_tim_ex.c ****   htim->Instance->CR2 |= CommutationSource;
 4716              		.loc 1 1881 3 is_stmt 1 view .LVU1334
1881:Drivers/STM32F7xx_HAL_Driver/Src/stm32f7xx_hal_tim_ex.c ****   htim->Instance->CR2 |= CommutationSource;
 4717              		.loc 1 1881 7 is_stmt 0 view .LVU1335
 4718 0044 1868     		ldr	r0, [r3]
1881:Drivers/STM32F7xx_HAL_Driver/Src/stm32f7xx_hal_tim_ex.c ****   htim->Instance->CR2 |= CommutationSource;
 4719              		.loc 1 1881 17 view .LVU1336
 4720 0046 4168     		ldr	r1, [r0, #4]
1881:Drivers/STM32F7xx_HAL_Driver/Src/stm32f7xx_hal_tim_ex.c ****   htim->Instance->CR2 |= CommutationSource;
 4721              		.loc 1 1881 23 view .LVU1337
 4722 0048 21F00401 		bic	r1, r1, #4
 4723 004c 4160     		str	r1, [r0, #4]
1882:Drivers/STM32F7xx_HAL_Driver/Src/stm32f7xx_hal_tim_ex.c **** 
 4724              		.loc 1 1882 3 is_stmt 1 view .LVU1338
1882:Drivers/STM32F7xx_HAL_Driver/Src/stm32f7xx_hal_tim_ex.c **** 
 4725              		.loc 1 1882 7 is_stmt 0 view .LVU1339
 4726 004e 1868     		ldr	r0, [r3]
1882:Drivers/STM32F7xx_HAL_Driver/Src/stm32f7xx_hal_tim_ex.c **** 
 4727              		.loc 1 1882 17 view .LVU1340
 4728 0050 4168     		ldr	r1, [r0, #4]
1882:Drivers/STM32F7xx_HAL_Driver/Src/stm32f7xx_hal_tim_ex.c **** 
 4729              		.loc 1 1882 23 view .LVU1341
 4730 0052 0A43     		orrs	r2, r2, r1
 4731              	.LVL322:
1882:Drivers/STM32F7xx_HAL_Driver/Src/stm32f7xx_hal_tim_ex.c **** 
 4732              		.loc 1 1882 23 view .LVU1342
 4733 0054 4260     		str	r2, [r0, #4]
1885:Drivers/STM32F7xx_HAL_Driver/Src/stm32f7xx_hal_tim_ex.c **** 
 4734              		.loc 1 1885 3 is_stmt 1 view .LVU1343
 4735 0056 1968     		ldr	r1, [r3]
 4736 0058 CA68     		ldr	r2, [r1, #12]
 4737 005a 22F40052 		bic	r2, r2, #8192
 4738 005e CA60     		str	r2, [r1, #12]
1888:Drivers/STM32F7xx_HAL_Driver/Src/stm32f7xx_hal_tim_ex.c **** 
 4739              		.loc 1 1888 3 view .LVU1344
ARM GAS  /tmp/ccJkDeps.s 			page 152


 4740 0060 1968     		ldr	r1, [r3]
 4741 0062 CA68     		ldr	r2, [r1, #12]
 4742 0064 42F02002 		orr	r2, r2, #32
 4743 0068 CA60     		str	r2, [r1, #12]
1890:Drivers/STM32F7xx_HAL_Driver/Src/stm32f7xx_hal_tim_ex.c **** 
 4744              		.loc 1 1890 3 view .LVU1345
1890:Drivers/STM32F7xx_HAL_Driver/Src/stm32f7xx_hal_tim_ex.c **** 
 4745              		.loc 1 1890 3 view .LVU1346
 4746 006a 0020     		movs	r0, #0
 4747 006c 83F83C00 		strb	r0, [r3, #60]
1890:Drivers/STM32F7xx_HAL_Driver/Src/stm32f7xx_hal_tim_ex.c **** 
 4748              		.loc 1 1890 3 view .LVU1347
1892:Drivers/STM32F7xx_HAL_Driver/Src/stm32f7xx_hal_tim_ex.c **** }
 4749              		.loc 1 1892 3 view .LVU1348
1893:Drivers/STM32F7xx_HAL_Driver/Src/stm32f7xx_hal_tim_ex.c **** 
 4750              		.loc 1 1893 1 is_stmt 0 view .LVU1349
 4751 0070 5DF8044B 		ldr	r4, [sp], #4
 4752              	.LCFI33:
 4753              		.cfi_restore 4
 4754              		.cfi_def_cfa_offset 0
 4755 0074 7047     		bx	lr
 4756              	.LVL323:
 4757              	.L364:
1868:Drivers/STM32F7xx_HAL_Driver/Src/stm32f7xx_hal_tim_ex.c **** 
 4758              		.loc 1 1868 3 view .LVU1350
 4759 0076 0220     		movs	r0, #2
1893:Drivers/STM32F7xx_HAL_Driver/Src/stm32f7xx_hal_tim_ex.c **** 
 4760              		.loc 1 1893 1 view .LVU1351
 4761 0078 7047     		bx	lr
 4762              		.cfi_endproc
 4763              	.LFE168:
 4765              		.section	.text.HAL_TIMEx_ConfigCommutEvent_DMA,"ax",%progbits
 4766              		.align	1
 4767              		.global	HAL_TIMEx_ConfigCommutEvent_DMA
 4768              		.syntax unified
 4769              		.thumb
 4770              		.thumb_func
 4772              	HAL_TIMEx_ConfigCommutEvent_DMA:
 4773              	.LVL324:
 4774              	.LFB169:
1920:Drivers/STM32F7xx_HAL_Driver/Src/stm32f7xx_hal_tim_ex.c ****   /* Check the parameters */
 4775              		.loc 1 1920 1 is_stmt 1 view -0
 4776              		.cfi_startproc
 4777              		@ args = 0, pretend = 0, frame = 0
 4778              		@ frame_needed = 0, uses_anonymous_args = 0
 4779              		@ link register save eliminated.
1920:Drivers/STM32F7xx_HAL_Driver/Src/stm32f7xx_hal_tim_ex.c ****   /* Check the parameters */
 4780              		.loc 1 1920 1 is_stmt 0 view .LVU1353
 4781 0000 0346     		mov	r3, r0
1922:Drivers/STM32F7xx_HAL_Driver/Src/stm32f7xx_hal_tim_ex.c ****   assert_param(IS_TIM_INTERNAL_TRIGGEREVENT_SELECTION(InputTrigger));
 4782              		.loc 1 1922 3 is_stmt 1 view .LVU1354
1923:Drivers/STM32F7xx_HAL_Driver/Src/stm32f7xx_hal_tim_ex.c **** 
 4783              		.loc 1 1923 3 view .LVU1355
1925:Drivers/STM32F7xx_HAL_Driver/Src/stm32f7xx_hal_tim_ex.c **** 
 4784              		.loc 1 1925 3 view .LVU1356
1925:Drivers/STM32F7xx_HAL_Driver/Src/stm32f7xx_hal_tim_ex.c **** 
 4785              		.loc 1 1925 3 view .LVU1357
ARM GAS  /tmp/ccJkDeps.s 			page 153


 4786 0002 90F83C00 		ldrb	r0, [r0, #60]	@ zero_extendqisi2
 4787              	.LVL325:
1925:Drivers/STM32F7xx_HAL_Driver/Src/stm32f7xx_hal_tim_ex.c **** 
 4788              		.loc 1 1925 3 is_stmt 0 view .LVU1358
 4789 0006 0128     		cmp	r0, #1
 4790 0008 3ED0     		beq	.L374
1920:Drivers/STM32F7xx_HAL_Driver/Src/stm32f7xx_hal_tim_ex.c ****   /* Check the parameters */
 4791              		.loc 1 1920 1 discriminator 2 view .LVU1359
 4792 000a 10B4     		push	{r4}
 4793              	.LCFI34:
 4794              		.cfi_def_cfa_offset 4
 4795              		.cfi_offset 4, -4
1925:Drivers/STM32F7xx_HAL_Driver/Src/stm32f7xx_hal_tim_ex.c **** 
 4796              		.loc 1 1925 3 is_stmt 1 discriminator 2 view .LVU1360
 4797 000c 0120     		movs	r0, #1
 4798 000e 83F83C00 		strb	r0, [r3, #60]
1925:Drivers/STM32F7xx_HAL_Driver/Src/stm32f7xx_hal_tim_ex.c **** 
 4799              		.loc 1 1925 3 discriminator 2 view .LVU1361
1927:Drivers/STM32F7xx_HAL_Driver/Src/stm32f7xx_hal_tim_ex.c ****       (InputTrigger == TIM_TS_ITR2) || (InputTrigger == TIM_TS_ITR3))
 4800              		.loc 1 1927 3 discriminator 2 view .LVU1362
1927:Drivers/STM32F7xx_HAL_Driver/Src/stm32f7xx_hal_tim_ex.c ****       (InputTrigger == TIM_TS_ITR2) || (InputTrigger == TIM_TS_ITR3))
 4801              		.loc 1 1927 6 is_stmt 0 discriminator 2 view .LVU1363
 4802 0012 1029     		cmp	r1, #16
 4803 0014 18BF     		it	ne
 4804 0016 0029     		cmpne	r1, #0
 4805 0018 06D0     		beq	.L371
1928:Drivers/STM32F7xx_HAL_Driver/Src/stm32f7xx_hal_tim_ex.c ****   {
 4806              		.loc 1 1928 54 view .LVU1364
 4807 001a 3029     		cmp	r1, #48
 4808 001c 14BF     		ite	ne
 4809 001e 0020     		movne	r0, #0
 4810 0020 0120     		moveq	r0, #1
1928:Drivers/STM32F7xx_HAL_Driver/Src/stm32f7xx_hal_tim_ex.c ****   {
 4811              		.loc 1 1928 37 view .LVU1365
 4812 0022 2029     		cmp	r1, #32
 4813 0024 00D0     		beq	.L371
 4814 0026 40B1     		cbz	r0, .L372
 4815              	.L371:
1931:Drivers/STM32F7xx_HAL_Driver/Src/stm32f7xx_hal_tim_ex.c ****     htim->Instance->SMCR |= InputTrigger;
 4816              		.loc 1 1931 5 is_stmt 1 view .LVU1366
1931:Drivers/STM32F7xx_HAL_Driver/Src/stm32f7xx_hal_tim_ex.c ****     htim->Instance->SMCR |= InputTrigger;
 4817              		.loc 1 1931 9 is_stmt 0 view .LVU1367
 4818 0028 1C68     		ldr	r4, [r3]
1931:Drivers/STM32F7xx_HAL_Driver/Src/stm32f7xx_hal_tim_ex.c ****     htim->Instance->SMCR |= InputTrigger;
 4819              		.loc 1 1931 19 view .LVU1368
 4820 002a A068     		ldr	r0, [r4, #8]
1931:Drivers/STM32F7xx_HAL_Driver/Src/stm32f7xx_hal_tim_ex.c ****     htim->Instance->SMCR |= InputTrigger;
 4821              		.loc 1 1931 26 view .LVU1369
 4822 002c 20F07000 		bic	r0, r0, #112
 4823 0030 A060     		str	r0, [r4, #8]
1932:Drivers/STM32F7xx_HAL_Driver/Src/stm32f7xx_hal_tim_ex.c ****   }
 4824              		.loc 1 1932 5 is_stmt 1 view .LVU1370
1932:Drivers/STM32F7xx_HAL_Driver/Src/stm32f7xx_hal_tim_ex.c ****   }
 4825              		.loc 1 1932 9 is_stmt 0 view .LVU1371
 4826 0032 1C68     		ldr	r4, [r3]
1932:Drivers/STM32F7xx_HAL_Driver/Src/stm32f7xx_hal_tim_ex.c ****   }
 4827              		.loc 1 1932 19 view .LVU1372
ARM GAS  /tmp/ccJkDeps.s 			page 154


 4828 0034 A068     		ldr	r0, [r4, #8]
1932:Drivers/STM32F7xx_HAL_Driver/Src/stm32f7xx_hal_tim_ex.c ****   }
 4829              		.loc 1 1932 26 view .LVU1373
 4830 0036 0143     		orrs	r1, r1, r0
 4831              	.LVL326:
1932:Drivers/STM32F7xx_HAL_Driver/Src/stm32f7xx_hal_tim_ex.c ****   }
 4832              		.loc 1 1932 26 view .LVU1374
 4833 0038 A160     		str	r1, [r4, #8]
 4834              	.L372:
1936:Drivers/STM32F7xx_HAL_Driver/Src/stm32f7xx_hal_tim_ex.c ****   /* Select the Commutation event source */
 4835              		.loc 1 1936 3 is_stmt 1 view .LVU1375
1936:Drivers/STM32F7xx_HAL_Driver/Src/stm32f7xx_hal_tim_ex.c ****   /* Select the Commutation event source */
 4836              		.loc 1 1936 7 is_stmt 0 view .LVU1376
 4837 003a 1868     		ldr	r0, [r3]
1936:Drivers/STM32F7xx_HAL_Driver/Src/stm32f7xx_hal_tim_ex.c ****   /* Select the Commutation event source */
 4838              		.loc 1 1936 17 view .LVU1377
 4839 003c 4168     		ldr	r1, [r0, #4]
1936:Drivers/STM32F7xx_HAL_Driver/Src/stm32f7xx_hal_tim_ex.c ****   /* Select the Commutation event source */
 4840              		.loc 1 1936 23 view .LVU1378
 4841 003e 41F00101 		orr	r1, r1, #1
 4842 0042 4160     		str	r1, [r0, #4]
1938:Drivers/STM32F7xx_HAL_Driver/Src/stm32f7xx_hal_tim_ex.c ****   htim->Instance->CR2 |= CommutationSource;
 4843              		.loc 1 1938 3 is_stmt 1 view .LVU1379
1938:Drivers/STM32F7xx_HAL_Driver/Src/stm32f7xx_hal_tim_ex.c ****   htim->Instance->CR2 |= CommutationSource;
 4844              		.loc 1 1938 7 is_stmt 0 view .LVU1380
 4845 0044 1868     		ldr	r0, [r3]
1938:Drivers/STM32F7xx_HAL_Driver/Src/stm32f7xx_hal_tim_ex.c ****   htim->Instance->CR2 |= CommutationSource;
 4846              		.loc 1 1938 17 view .LVU1381
 4847 0046 4168     		ldr	r1, [r0, #4]
1938:Drivers/STM32F7xx_HAL_Driver/Src/stm32f7xx_hal_tim_ex.c ****   htim->Instance->CR2 |= CommutationSource;
 4848              		.loc 1 1938 23 view .LVU1382
 4849 0048 21F00401 		bic	r1, r1, #4
 4850 004c 4160     		str	r1, [r0, #4]
1939:Drivers/STM32F7xx_HAL_Driver/Src/stm32f7xx_hal_tim_ex.c **** 
 4851              		.loc 1 1939 3 is_stmt 1 view .LVU1383
1939:Drivers/STM32F7xx_HAL_Driver/Src/stm32f7xx_hal_tim_ex.c **** 
 4852              		.loc 1 1939 7 is_stmt 0 view .LVU1384
 4853 004e 1868     		ldr	r0, [r3]
1939:Drivers/STM32F7xx_HAL_Driver/Src/stm32f7xx_hal_tim_ex.c **** 
 4854              		.loc 1 1939 17 view .LVU1385
 4855 0050 4168     		ldr	r1, [r0, #4]
1939:Drivers/STM32F7xx_HAL_Driver/Src/stm32f7xx_hal_tim_ex.c **** 
 4856              		.loc 1 1939 23 view .LVU1386
 4857 0052 0A43     		orrs	r2, r2, r1
 4858              	.LVL327:
1939:Drivers/STM32F7xx_HAL_Driver/Src/stm32f7xx_hal_tim_ex.c **** 
 4859              		.loc 1 1939 23 view .LVU1387
 4860 0054 4260     		str	r2, [r0, #4]
1943:Drivers/STM32F7xx_HAL_Driver/Src/stm32f7xx_hal_tim_ex.c ****   htim->hdma[TIM_DMA_ID_COMMUTATION]->XferHalfCpltCallback = TIMEx_DMACommutationHalfCplt;
 4861              		.loc 1 1943 3 is_stmt 1 view .LVU1388
1943:Drivers/STM32F7xx_HAL_Driver/Src/stm32f7xx_hal_tim_ex.c ****   htim->hdma[TIM_DMA_ID_COMMUTATION]->XferHalfCpltCallback = TIMEx_DMACommutationHalfCplt;
 4862              		.loc 1 1943 13 is_stmt 0 view .LVU1389
 4863 0056 5A6B     		ldr	r2, [r3, #52]
1943:Drivers/STM32F7xx_HAL_Driver/Src/stm32f7xx_hal_tim_ex.c ****   htim->hdma[TIM_DMA_ID_COMMUTATION]->XferHalfCpltCallback = TIMEx_DMACommutationHalfCplt;
 4864              		.loc 1 1943 56 view .LVU1390
 4865 0058 0C49     		ldr	r1, .L379
 4866 005a D163     		str	r1, [r2, #60]
ARM GAS  /tmp/ccJkDeps.s 			page 155


1944:Drivers/STM32F7xx_HAL_Driver/Src/stm32f7xx_hal_tim_ex.c ****   /* Set the DMA error callback */
 4867              		.loc 1 1944 3 is_stmt 1 view .LVU1391
1944:Drivers/STM32F7xx_HAL_Driver/Src/stm32f7xx_hal_tim_ex.c ****   /* Set the DMA error callback */
 4868              		.loc 1 1944 13 is_stmt 0 view .LVU1392
 4869 005c 5A6B     		ldr	r2, [r3, #52]
1944:Drivers/STM32F7xx_HAL_Driver/Src/stm32f7xx_hal_tim_ex.c ****   /* Set the DMA error callback */
 4870              		.loc 1 1944 60 view .LVU1393
 4871 005e 0C49     		ldr	r1, .L379+4
 4872 0060 1164     		str	r1, [r2, #64]
1946:Drivers/STM32F7xx_HAL_Driver/Src/stm32f7xx_hal_tim_ex.c **** 
 4873              		.loc 1 1946 3 is_stmt 1 view .LVU1394
1946:Drivers/STM32F7xx_HAL_Driver/Src/stm32f7xx_hal_tim_ex.c **** 
 4874              		.loc 1 1946 13 is_stmt 0 view .LVU1395
 4875 0062 5A6B     		ldr	r2, [r3, #52]
1946:Drivers/STM32F7xx_HAL_Driver/Src/stm32f7xx_hal_tim_ex.c **** 
 4876              		.loc 1 1946 57 view .LVU1396
 4877 0064 0B49     		ldr	r1, .L379+8
 4878 0066 D164     		str	r1, [r2, #76]
1949:Drivers/STM32F7xx_HAL_Driver/Src/stm32f7xx_hal_tim_ex.c **** 
 4879              		.loc 1 1949 3 is_stmt 1 view .LVU1397
 4880 0068 1968     		ldr	r1, [r3]
 4881 006a CA68     		ldr	r2, [r1, #12]
 4882 006c 22F02002 		bic	r2, r2, #32
 4883 0070 CA60     		str	r2, [r1, #12]
1952:Drivers/STM32F7xx_HAL_Driver/Src/stm32f7xx_hal_tim_ex.c **** 
 4884              		.loc 1 1952 3 view .LVU1398
 4885 0072 1968     		ldr	r1, [r3]
 4886 0074 CA68     		ldr	r2, [r1, #12]
 4887 0076 42F40052 		orr	r2, r2, #8192
 4888 007a CA60     		str	r2, [r1, #12]
1954:Drivers/STM32F7xx_HAL_Driver/Src/stm32f7xx_hal_tim_ex.c **** 
 4889              		.loc 1 1954 3 view .LVU1399
1954:Drivers/STM32F7xx_HAL_Driver/Src/stm32f7xx_hal_tim_ex.c **** 
 4890              		.loc 1 1954 3 view .LVU1400
 4891 007c 0020     		movs	r0, #0
 4892 007e 83F83C00 		strb	r0, [r3, #60]
1954:Drivers/STM32F7xx_HAL_Driver/Src/stm32f7xx_hal_tim_ex.c **** 
 4893              		.loc 1 1954 3 view .LVU1401
1956:Drivers/STM32F7xx_HAL_Driver/Src/stm32f7xx_hal_tim_ex.c **** }
 4894              		.loc 1 1956 3 view .LVU1402
1957:Drivers/STM32F7xx_HAL_Driver/Src/stm32f7xx_hal_tim_ex.c **** 
 4895              		.loc 1 1957 1 is_stmt 0 view .LVU1403
 4896 0082 5DF8044B 		ldr	r4, [sp], #4
 4897              	.LCFI35:
 4898              		.cfi_restore 4
 4899              		.cfi_def_cfa_offset 0
 4900 0086 7047     		bx	lr
 4901              	.LVL328:
 4902              	.L374:
1925:Drivers/STM32F7xx_HAL_Driver/Src/stm32f7xx_hal_tim_ex.c **** 
 4903              		.loc 1 1925 3 view .LVU1404
 4904 0088 0220     		movs	r0, #2
1957:Drivers/STM32F7xx_HAL_Driver/Src/stm32f7xx_hal_tim_ex.c **** 
 4905              		.loc 1 1957 1 view .LVU1405
 4906 008a 7047     		bx	lr
 4907              	.L380:
 4908              		.align	2
ARM GAS  /tmp/ccJkDeps.s 			page 156


 4909              	.L379:
 4910 008c 00000000 		.word	TIMEx_DMACommutationCplt
 4911 0090 00000000 		.word	TIMEx_DMACommutationHalfCplt
 4912 0094 00000000 		.word	TIM_DMAError
 4913              		.cfi_endproc
 4914              	.LFE169:
 4916              		.section	.text.HAL_TIMEx_MasterConfigSynchronization,"ax",%progbits
 4917              		.align	1
 4918              		.global	HAL_TIMEx_MasterConfigSynchronization
 4919              		.syntax unified
 4920              		.thumb
 4921              		.thumb_func
 4923              	HAL_TIMEx_MasterConfigSynchronization:
 4924              	.LVL329:
 4925              	.LFB170:
1969:Drivers/STM32F7xx_HAL_Driver/Src/stm32f7xx_hal_tim_ex.c ****   uint32_t tmpcr2;
 4926              		.loc 1 1969 1 is_stmt 1 view -0
 4927              		.cfi_startproc
 4928              		@ args = 0, pretend = 0, frame = 0
 4929              		@ frame_needed = 0, uses_anonymous_args = 0
 4930              		@ link register save eliminated.
1970:Drivers/STM32F7xx_HAL_Driver/Src/stm32f7xx_hal_tim_ex.c ****   uint32_t tmpsmcr;
 4931              		.loc 1 1970 3 view .LVU1407
1971:Drivers/STM32F7xx_HAL_Driver/Src/stm32f7xx_hal_tim_ex.c **** 
 4932              		.loc 1 1971 3 view .LVU1408
1974:Drivers/STM32F7xx_HAL_Driver/Src/stm32f7xx_hal_tim_ex.c ****   assert_param(IS_TIM_TRGO_SOURCE(sMasterConfig->MasterOutputTrigger));
 4933              		.loc 1 1974 3 view .LVU1409
1975:Drivers/STM32F7xx_HAL_Driver/Src/stm32f7xx_hal_tim_ex.c ****   assert_param(IS_TIM_MSM_STATE(sMasterConfig->MasterSlaveMode));
 4934              		.loc 1 1975 3 view .LVU1410
1976:Drivers/STM32F7xx_HAL_Driver/Src/stm32f7xx_hal_tim_ex.c **** 
 4935              		.loc 1 1976 3 view .LVU1411
1979:Drivers/STM32F7xx_HAL_Driver/Src/stm32f7xx_hal_tim_ex.c **** 
 4936              		.loc 1 1979 3 view .LVU1412
1979:Drivers/STM32F7xx_HAL_Driver/Src/stm32f7xx_hal_tim_ex.c **** 
 4937              		.loc 1 1979 3 view .LVU1413
 4938 0000 90F83C20 		ldrb	r2, [r0, #60]	@ zero_extendqisi2
 4939 0004 012A     		cmp	r2, #1
 4940 0006 45D0     		beq	.L386
1969:Drivers/STM32F7xx_HAL_Driver/Src/stm32f7xx_hal_tim_ex.c ****   uint32_t tmpcr2;
 4941              		.loc 1 1969 1 is_stmt 0 discriminator 2 view .LVU1414
 4942 0008 70B4     		push	{r4, r5, r6}
 4943              	.LCFI36:
 4944              		.cfi_def_cfa_offset 12
 4945              		.cfi_offset 4, -12
 4946              		.cfi_offset 5, -8
 4947              		.cfi_offset 6, -4
 4948 000a 0346     		mov	r3, r0
1979:Drivers/STM32F7xx_HAL_Driver/Src/stm32f7xx_hal_tim_ex.c **** 
 4949              		.loc 1 1979 3 is_stmt 1 discriminator 2 view .LVU1415
 4950 000c 0122     		movs	r2, #1
 4951 000e 80F83C20 		strb	r2, [r0, #60]
1979:Drivers/STM32F7xx_HAL_Driver/Src/stm32f7xx_hal_tim_ex.c **** 
 4952              		.loc 1 1979 3 discriminator 2 view .LVU1416
1982:Drivers/STM32F7xx_HAL_Driver/Src/stm32f7xx_hal_tim_ex.c **** 
 4953              		.loc 1 1982 3 discriminator 2 view .LVU1417
1982:Drivers/STM32F7xx_HAL_Driver/Src/stm32f7xx_hal_tim_ex.c **** 
 4954              		.loc 1 1982 15 is_stmt 0 discriminator 2 view .LVU1418
ARM GAS  /tmp/ccJkDeps.s 			page 157


 4955 0012 0222     		movs	r2, #2
 4956 0014 80F83D20 		strb	r2, [r0, #61]
1985:Drivers/STM32F7xx_HAL_Driver/Src/stm32f7xx_hal_tim_ex.c **** 
 4957              		.loc 1 1985 3 is_stmt 1 discriminator 2 view .LVU1419
1985:Drivers/STM32F7xx_HAL_Driver/Src/stm32f7xx_hal_tim_ex.c **** 
 4958              		.loc 1 1985 16 is_stmt 0 discriminator 2 view .LVU1420
 4959 0018 0268     		ldr	r2, [r0]
1985:Drivers/STM32F7xx_HAL_Driver/Src/stm32f7xx_hal_tim_ex.c **** 
 4960              		.loc 1 1985 10 discriminator 2 view .LVU1421
 4961 001a 5068     		ldr	r0, [r2, #4]
 4962              	.LVL330:
1988:Drivers/STM32F7xx_HAL_Driver/Src/stm32f7xx_hal_tim_ex.c **** 
 4963              		.loc 1 1988 3 is_stmt 1 discriminator 2 view .LVU1422
1988:Drivers/STM32F7xx_HAL_Driver/Src/stm32f7xx_hal_tim_ex.c **** 
 4964              		.loc 1 1988 11 is_stmt 0 discriminator 2 view .LVU1423
 4965 001c 9468     		ldr	r4, [r2, #8]
 4966              	.LVL331:
1991:Drivers/STM32F7xx_HAL_Driver/Src/stm32f7xx_hal_tim_ex.c ****   {
 4967              		.loc 1 1991 3 is_stmt 1 discriminator 2 view .LVU1424
1991:Drivers/STM32F7xx_HAL_Driver/Src/stm32f7xx_hal_tim_ex.c ****   {
 4968              		.loc 1 1991 6 is_stmt 0 discriminator 2 view .LVU1425
 4969 001e 1E4E     		ldr	r6, .L391
 4970 0020 1E4D     		ldr	r5, .L391+4
 4971 0022 AA42     		cmp	r2, r5
 4972 0024 18BF     		it	ne
 4973 0026 B242     		cmpne	r2, r6
 4974 0028 03D1     		bne	.L383
1994:Drivers/STM32F7xx_HAL_Driver/Src/stm32f7xx_hal_tim_ex.c **** 
 4975              		.loc 1 1994 5 is_stmt 1 view .LVU1426
1997:Drivers/STM32F7xx_HAL_Driver/Src/stm32f7xx_hal_tim_ex.c ****     /* Select the TRGO2 source*/
 4976              		.loc 1 1997 5 view .LVU1427
1997:Drivers/STM32F7xx_HAL_Driver/Src/stm32f7xx_hal_tim_ex.c ****     /* Select the TRGO2 source*/
 4977              		.loc 1 1997 12 is_stmt 0 view .LVU1428
 4978 002a 20F47000 		bic	r0, r0, #15728640
 4979              	.LVL332:
1999:Drivers/STM32F7xx_HAL_Driver/Src/stm32f7xx_hal_tim_ex.c ****   }
 4980              		.loc 1 1999 5 is_stmt 1 view .LVU1429
1999:Drivers/STM32F7xx_HAL_Driver/Src/stm32f7xx_hal_tim_ex.c ****   }
 4981              		.loc 1 1999 28 is_stmt 0 view .LVU1430
 4982 002e 4D68     		ldr	r5, [r1, #4]
1999:Drivers/STM32F7xx_HAL_Driver/Src/stm32f7xx_hal_tim_ex.c ****   }
 4983              		.loc 1 1999 12 view .LVU1431
 4984 0030 2843     		orrs	r0, r0, r5
 4985              	.LVL333:
 4986              	.L383:
2003:Drivers/STM32F7xx_HAL_Driver/Src/stm32f7xx_hal_tim_ex.c ****   /* Select the TRGO source */
 4987              		.loc 1 2003 3 is_stmt 1 view .LVU1432
2003:Drivers/STM32F7xx_HAL_Driver/Src/stm32f7xx_hal_tim_ex.c ****   /* Select the TRGO source */
 4988              		.loc 1 2003 10 is_stmt 0 view .LVU1433
 4989 0032 20F07000 		bic	r0, r0, #112
 4990              	.LVL334:
2005:Drivers/STM32F7xx_HAL_Driver/Src/stm32f7xx_hal_tim_ex.c **** 
 4991              		.loc 1 2005 3 is_stmt 1 view .LVU1434
2005:Drivers/STM32F7xx_HAL_Driver/Src/stm32f7xx_hal_tim_ex.c **** 
 4992              		.loc 1 2005 10 is_stmt 0 view .LVU1435
 4993 0036 0D68     		ldr	r5, [r1]
 4994 0038 2843     		orrs	r0, r0, r5
ARM GAS  /tmp/ccJkDeps.s 			page 158


 4995              	.LVL335:
2008:Drivers/STM32F7xx_HAL_Driver/Src/stm32f7xx_hal_tim_ex.c **** 
 4996              		.loc 1 2008 3 is_stmt 1 view .LVU1436
2008:Drivers/STM32F7xx_HAL_Driver/Src/stm32f7xx_hal_tim_ex.c **** 
 4997              		.loc 1 2008 23 is_stmt 0 view .LVU1437
 4998 003a 5060     		str	r0, [r2, #4]
2010:Drivers/STM32F7xx_HAL_Driver/Src/stm32f7xx_hal_tim_ex.c ****   {
 4999              		.loc 1 2010 3 is_stmt 1 view .LVU1438
2010:Drivers/STM32F7xx_HAL_Driver/Src/stm32f7xx_hal_tim_ex.c ****   {
 5000              		.loc 1 2010 7 is_stmt 0 view .LVU1439
 5001 003c 1A68     		ldr	r2, [r3]
2010:Drivers/STM32F7xx_HAL_Driver/Src/stm32f7xx_hal_tim_ex.c ****   {
 5002              		.loc 1 2010 6 view .LVU1440
 5003 003e 1648     		ldr	r0, .L391
 5004              	.LVL336:
2010:Drivers/STM32F7xx_HAL_Driver/Src/stm32f7xx_hal_tim_ex.c ****   {
 5005              		.loc 1 2010 6 view .LVU1441
 5006 0040 B2F1804F 		cmp	r2, #1073741824
 5007 0044 18BF     		it	ne
 5008 0046 8242     		cmpne	r2, r0
 5009 0048 17D0     		beq	.L384
2010:Drivers/STM32F7xx_HAL_Driver/Src/stm32f7xx_hal_tim_ex.c ****   {
 5010              		.loc 1 2010 7 discriminator 1 view .LVU1442
 5011 004a A0F57C40 		sub	r0, r0, #64512
 5012 004e 8242     		cmp	r2, r0
 5013 0050 13D0     		beq	.L384
2010:Drivers/STM32F7xx_HAL_Driver/Src/stm32f7xx_hal_tim_ex.c ****   {
 5014              		.loc 1 2010 7 discriminator 2 view .LVU1443
 5015 0052 00F58060 		add	r0, r0, #1024
 5016 0056 8242     		cmp	r2, r0
 5017 0058 0FD0     		beq	.L384
2010:Drivers/STM32F7xx_HAL_Driver/Src/stm32f7xx_hal_tim_ex.c ****   {
 5018              		.loc 1 2010 7 discriminator 3 view .LVU1444
 5019 005a 00F58060 		add	r0, r0, #1024
 5020 005e 8242     		cmp	r2, r0
 5021 0060 0BD0     		beq	.L384
2010:Drivers/STM32F7xx_HAL_Driver/Src/stm32f7xx_hal_tim_ex.c ****   {
 5022              		.loc 1 2010 7 discriminator 4 view .LVU1445
 5023 0062 00F57840 		add	r0, r0, #63488
 5024 0066 8242     		cmp	r2, r0
 5025 0068 07D0     		beq	.L384
2010:Drivers/STM32F7xx_HAL_Driver/Src/stm32f7xx_hal_tim_ex.c ****   {
 5026              		.loc 1 2010 7 discriminator 5 view .LVU1446
 5027 006a 00F57050 		add	r0, r0, #15360
 5028 006e 8242     		cmp	r2, r0
 5029 0070 03D0     		beq	.L384
2010:Drivers/STM32F7xx_HAL_Driver/Src/stm32f7xx_hal_tim_ex.c ****   {
 5030              		.loc 1 2010 7 discriminator 6 view .LVU1447
 5031 0072 A0F59430 		sub	r0, r0, #75776
 5032 0076 8242     		cmp	r2, r0
 5033 0078 04D1     		bne	.L385
 5034              	.L384:
2013:Drivers/STM32F7xx_HAL_Driver/Src/stm32f7xx_hal_tim_ex.c ****     /* Set master mode */
 5035              		.loc 1 2013 5 is_stmt 1 view .LVU1448
2013:Drivers/STM32F7xx_HAL_Driver/Src/stm32f7xx_hal_tim_ex.c ****     /* Set master mode */
 5036              		.loc 1 2013 13 is_stmt 0 view .LVU1449
 5037 007a 24F08004 		bic	r4, r4, #128
ARM GAS  /tmp/ccJkDeps.s 			page 159


 5038              	.LVL337:
2015:Drivers/STM32F7xx_HAL_Driver/Src/stm32f7xx_hal_tim_ex.c **** 
 5039              		.loc 1 2015 5 is_stmt 1 view .LVU1450
2015:Drivers/STM32F7xx_HAL_Driver/Src/stm32f7xx_hal_tim_ex.c **** 
 5040              		.loc 1 2015 29 is_stmt 0 view .LVU1451
 5041 007e 8968     		ldr	r1, [r1, #8]
 5042              	.LVL338:
2015:Drivers/STM32F7xx_HAL_Driver/Src/stm32f7xx_hal_tim_ex.c **** 
 5043              		.loc 1 2015 13 view .LVU1452
 5044 0080 2143     		orrs	r1, r1, r4
 5045              	.LVL339:
2018:Drivers/STM32F7xx_HAL_Driver/Src/stm32f7xx_hal_tim_ex.c ****   }
 5046              		.loc 1 2018 5 is_stmt 1 view .LVU1453
2018:Drivers/STM32F7xx_HAL_Driver/Src/stm32f7xx_hal_tim_ex.c ****   }
 5047              		.loc 1 2018 26 is_stmt 0 view .LVU1454
 5048 0082 9160     		str	r1, [r2, #8]
 5049              	.LVL340:
 5050              	.L385:
2022:Drivers/STM32F7xx_HAL_Driver/Src/stm32f7xx_hal_tim_ex.c **** 
 5051              		.loc 1 2022 3 is_stmt 1 view .LVU1455
2022:Drivers/STM32F7xx_HAL_Driver/Src/stm32f7xx_hal_tim_ex.c **** 
 5052              		.loc 1 2022 15 is_stmt 0 view .LVU1456
 5053 0084 0122     		movs	r2, #1
 5054 0086 83F83D20 		strb	r2, [r3, #61]
2024:Drivers/STM32F7xx_HAL_Driver/Src/stm32f7xx_hal_tim_ex.c **** 
 5055              		.loc 1 2024 3 is_stmt 1 view .LVU1457
2024:Drivers/STM32F7xx_HAL_Driver/Src/stm32f7xx_hal_tim_ex.c **** 
 5056              		.loc 1 2024 3 view .LVU1458
 5057 008a 0020     		movs	r0, #0
 5058 008c 83F83C00 		strb	r0, [r3, #60]
2024:Drivers/STM32F7xx_HAL_Driver/Src/stm32f7xx_hal_tim_ex.c **** 
 5059              		.loc 1 2024 3 view .LVU1459
2026:Drivers/STM32F7xx_HAL_Driver/Src/stm32f7xx_hal_tim_ex.c **** }
 5060              		.loc 1 2026 3 view .LVU1460
2027:Drivers/STM32F7xx_HAL_Driver/Src/stm32f7xx_hal_tim_ex.c **** 
 5061              		.loc 1 2027 1 is_stmt 0 view .LVU1461
 5062 0090 70BC     		pop	{r4, r5, r6}
 5063              	.LCFI37:
 5064              		.cfi_restore 6
 5065              		.cfi_restore 5
 5066              		.cfi_restore 4
 5067              		.cfi_def_cfa_offset 0
 5068 0092 7047     		bx	lr
 5069              	.LVL341:
 5070              	.L386:
1979:Drivers/STM32F7xx_HAL_Driver/Src/stm32f7xx_hal_tim_ex.c **** 
 5071              		.loc 1 1979 3 view .LVU1462
 5072 0094 0220     		movs	r0, #2
 5073              	.LVL342:
2027:Drivers/STM32F7xx_HAL_Driver/Src/stm32f7xx_hal_tim_ex.c **** 
 5074              		.loc 1 2027 1 view .LVU1463
 5075 0096 7047     		bx	lr
 5076              	.L392:
 5077              		.align	2
 5078              	.L391:
 5079 0098 00000140 		.word	1073807360
 5080 009c 00040140 		.word	1073808384
ARM GAS  /tmp/ccJkDeps.s 			page 160


 5081              		.cfi_endproc
 5082              	.LFE170:
 5084              		.section	.text.HAL_TIMEx_ConfigBreakDeadTime,"ax",%progbits
 5085              		.align	1
 5086              		.global	HAL_TIMEx_ConfigBreakDeadTime
 5087              		.syntax unified
 5088              		.thumb
 5089              		.thumb_func
 5091              	HAL_TIMEx_ConfigBreakDeadTime:
 5092              	.LVL343:
 5093              	.LFB171:
2042:Drivers/STM32F7xx_HAL_Driver/Src/stm32f7xx_hal_tim_ex.c ****   /* Keep this variable initialized to 0 as it is used to configure BDTR register */
 5094              		.loc 1 2042 1 is_stmt 1 view -0
 5095              		.cfi_startproc
 5096              		@ args = 0, pretend = 0, frame = 0
 5097              		@ frame_needed = 0, uses_anonymous_args = 0
 5098              		@ link register save eliminated.
2044:Drivers/STM32F7xx_HAL_Driver/Src/stm32f7xx_hal_tim_ex.c **** 
 5099              		.loc 1 2044 3 view .LVU1465
2047:Drivers/STM32F7xx_HAL_Driver/Src/stm32f7xx_hal_tim_ex.c ****   assert_param(IS_TIM_OSSR_STATE(sBreakDeadTimeConfig->OffStateRunMode));
 5100              		.loc 1 2047 3 view .LVU1466
2048:Drivers/STM32F7xx_HAL_Driver/Src/stm32f7xx_hal_tim_ex.c ****   assert_param(IS_TIM_OSSI_STATE(sBreakDeadTimeConfig->OffStateIDLEMode));
 5101              		.loc 1 2048 3 view .LVU1467
2049:Drivers/STM32F7xx_HAL_Driver/Src/stm32f7xx_hal_tim_ex.c ****   assert_param(IS_TIM_LOCK_LEVEL(sBreakDeadTimeConfig->LockLevel));
 5102              		.loc 1 2049 3 view .LVU1468
2050:Drivers/STM32F7xx_HAL_Driver/Src/stm32f7xx_hal_tim_ex.c ****   assert_param(IS_TIM_DEADTIME(sBreakDeadTimeConfig->DeadTime));
 5103              		.loc 1 2050 3 view .LVU1469
2051:Drivers/STM32F7xx_HAL_Driver/Src/stm32f7xx_hal_tim_ex.c ****   assert_param(IS_TIM_BREAK_STATE(sBreakDeadTimeConfig->BreakState));
 5104              		.loc 1 2051 3 view .LVU1470
2052:Drivers/STM32F7xx_HAL_Driver/Src/stm32f7xx_hal_tim_ex.c ****   assert_param(IS_TIM_BREAK_POLARITY(sBreakDeadTimeConfig->BreakPolarity));
 5105              		.loc 1 2052 3 view .LVU1471
2053:Drivers/STM32F7xx_HAL_Driver/Src/stm32f7xx_hal_tim_ex.c ****   assert_param(IS_TIM_BREAK_FILTER(sBreakDeadTimeConfig->BreakFilter));
 5106              		.loc 1 2053 3 view .LVU1472
2054:Drivers/STM32F7xx_HAL_Driver/Src/stm32f7xx_hal_tim_ex.c ****   assert_param(IS_TIM_AUTOMATIC_OUTPUT_STATE(sBreakDeadTimeConfig->AutomaticOutput));
 5107              		.loc 1 2054 3 view .LVU1473
2055:Drivers/STM32F7xx_HAL_Driver/Src/stm32f7xx_hal_tim_ex.c **** 
 5108              		.loc 1 2055 3 view .LVU1474
2058:Drivers/STM32F7xx_HAL_Driver/Src/stm32f7xx_hal_tim_ex.c **** 
 5109              		.loc 1 2058 3 view .LVU1475
2058:Drivers/STM32F7xx_HAL_Driver/Src/stm32f7xx_hal_tim_ex.c **** 
 5110              		.loc 1 2058 3 view .LVU1476
 5111 0000 90F83C30 		ldrb	r3, [r0, #60]	@ zero_extendqisi2
 5112 0004 012B     		cmp	r3, #1
 5113 0006 3CD0     		beq	.L396
2042:Drivers/STM32F7xx_HAL_Driver/Src/stm32f7xx_hal_tim_ex.c ****   /* Keep this variable initialized to 0 as it is used to configure BDTR register */
 5114              		.loc 1 2042 1 is_stmt 0 discriminator 2 view .LVU1477
 5115 0008 30B4     		push	{r4, r5}
 5116              	.LCFI38:
 5117              		.cfi_def_cfa_offset 8
 5118              		.cfi_offset 4, -8
 5119              		.cfi_offset 5, -4
 5120 000a 0246     		mov	r2, r0
2058:Drivers/STM32F7xx_HAL_Driver/Src/stm32f7xx_hal_tim_ex.c **** 
 5121              		.loc 1 2058 3 is_stmt 1 discriminator 2 view .LVU1478
 5122 000c 0123     		movs	r3, #1
 5123 000e 80F83C30 		strb	r3, [r0, #60]
2058:Drivers/STM32F7xx_HAL_Driver/Src/stm32f7xx_hal_tim_ex.c **** 
ARM GAS  /tmp/ccJkDeps.s 			page 161


 5124              		.loc 1 2058 3 discriminator 2 view .LVU1479
2064:Drivers/STM32F7xx_HAL_Driver/Src/stm32f7xx_hal_tim_ex.c ****   MODIFY_REG(tmpbdtr, TIM_BDTR_LOCK, sBreakDeadTimeConfig->LockLevel);
 5125              		.loc 1 2064 3 discriminator 2 view .LVU1480
 5126 0012 CB68     		ldr	r3, [r1, #12]
 5127              	.LVL344:
2065:Drivers/STM32F7xx_HAL_Driver/Src/stm32f7xx_hal_tim_ex.c ****   MODIFY_REG(tmpbdtr, TIM_BDTR_OSSI, sBreakDeadTimeConfig->OffStateIDLEMode);
 5128              		.loc 1 2065 3 discriminator 2 view .LVU1481
 5129 0014 23F44073 		bic	r3, r3, #768
 5130              	.LVL345:
2065:Drivers/STM32F7xx_HAL_Driver/Src/stm32f7xx_hal_tim_ex.c ****   MODIFY_REG(tmpbdtr, TIM_BDTR_OSSI, sBreakDeadTimeConfig->OffStateIDLEMode);
 5131              		.loc 1 2065 3 is_stmt 0 discriminator 2 view .LVU1482
 5132 0018 8868     		ldr	r0, [r1, #8]
 5133              	.LVL346:
2065:Drivers/STM32F7xx_HAL_Driver/Src/stm32f7xx_hal_tim_ex.c ****   MODIFY_REG(tmpbdtr, TIM_BDTR_OSSI, sBreakDeadTimeConfig->OffStateIDLEMode);
 5134              		.loc 1 2065 3 discriminator 2 view .LVU1483
 5135 001a 0343     		orrs	r3, r3, r0
 5136              	.LVL347:
2066:Drivers/STM32F7xx_HAL_Driver/Src/stm32f7xx_hal_tim_ex.c ****   MODIFY_REG(tmpbdtr, TIM_BDTR_OSSR, sBreakDeadTimeConfig->OffStateRunMode);
 5137              		.loc 1 2066 3 is_stmt 1 discriminator 2 view .LVU1484
 5138 001c 23F48063 		bic	r3, r3, #1024
 5139              	.LVL348:
2066:Drivers/STM32F7xx_HAL_Driver/Src/stm32f7xx_hal_tim_ex.c ****   MODIFY_REG(tmpbdtr, TIM_BDTR_OSSR, sBreakDeadTimeConfig->OffStateRunMode);
 5140              		.loc 1 2066 3 is_stmt 0 discriminator 2 view .LVU1485
 5141 0020 4868     		ldr	r0, [r1, #4]
 5142              	.LVL349:
2066:Drivers/STM32F7xx_HAL_Driver/Src/stm32f7xx_hal_tim_ex.c ****   MODIFY_REG(tmpbdtr, TIM_BDTR_OSSR, sBreakDeadTimeConfig->OffStateRunMode);
 5143              		.loc 1 2066 3 discriminator 2 view .LVU1486
 5144 0022 0343     		orrs	r3, r3, r0
 5145              	.LVL350:
2067:Drivers/STM32F7xx_HAL_Driver/Src/stm32f7xx_hal_tim_ex.c ****   MODIFY_REG(tmpbdtr, TIM_BDTR_BKE, sBreakDeadTimeConfig->BreakState);
 5146              		.loc 1 2067 3 is_stmt 1 discriminator 2 view .LVU1487
 5147 0024 23F40063 		bic	r3, r3, #2048
 5148              	.LVL351:
2067:Drivers/STM32F7xx_HAL_Driver/Src/stm32f7xx_hal_tim_ex.c ****   MODIFY_REG(tmpbdtr, TIM_BDTR_BKE, sBreakDeadTimeConfig->BreakState);
 5149              		.loc 1 2067 3 is_stmt 0 discriminator 2 view .LVU1488
 5150 0028 0868     		ldr	r0, [r1]
 5151              	.LVL352:
2067:Drivers/STM32F7xx_HAL_Driver/Src/stm32f7xx_hal_tim_ex.c ****   MODIFY_REG(tmpbdtr, TIM_BDTR_BKE, sBreakDeadTimeConfig->BreakState);
 5152              		.loc 1 2067 3 discriminator 2 view .LVU1489
 5153 002a 0343     		orrs	r3, r3, r0
 5154              	.LVL353:
2068:Drivers/STM32F7xx_HAL_Driver/Src/stm32f7xx_hal_tim_ex.c ****   MODIFY_REG(tmpbdtr, TIM_BDTR_BKP, sBreakDeadTimeConfig->BreakPolarity);
 5155              		.loc 1 2068 3 is_stmt 1 discriminator 2 view .LVU1490
 5156 002c 23F48053 		bic	r3, r3, #4096
 5157              	.LVL354:
2068:Drivers/STM32F7xx_HAL_Driver/Src/stm32f7xx_hal_tim_ex.c ****   MODIFY_REG(tmpbdtr, TIM_BDTR_BKP, sBreakDeadTimeConfig->BreakPolarity);
 5158              		.loc 1 2068 3 is_stmt 0 discriminator 2 view .LVU1491
 5159 0030 0869     		ldr	r0, [r1, #16]
 5160              	.LVL355:
2068:Drivers/STM32F7xx_HAL_Driver/Src/stm32f7xx_hal_tim_ex.c ****   MODIFY_REG(tmpbdtr, TIM_BDTR_BKP, sBreakDeadTimeConfig->BreakPolarity);
 5161              		.loc 1 2068 3 discriminator 2 view .LVU1492
 5162 0032 0343     		orrs	r3, r3, r0
 5163              	.LVL356:
2069:Drivers/STM32F7xx_HAL_Driver/Src/stm32f7xx_hal_tim_ex.c ****   MODIFY_REG(tmpbdtr, TIM_BDTR_AOE, sBreakDeadTimeConfig->AutomaticOutput);
 5164              		.loc 1 2069 3 is_stmt 1 discriminator 2 view .LVU1493
 5165 0034 23F40053 		bic	r3, r3, #8192
 5166              	.LVL357:
ARM GAS  /tmp/ccJkDeps.s 			page 162


2069:Drivers/STM32F7xx_HAL_Driver/Src/stm32f7xx_hal_tim_ex.c ****   MODIFY_REG(tmpbdtr, TIM_BDTR_AOE, sBreakDeadTimeConfig->AutomaticOutput);
 5167              		.loc 1 2069 3 is_stmt 0 discriminator 2 view .LVU1494
 5168 0038 4869     		ldr	r0, [r1, #20]
 5169              	.LVL358:
2069:Drivers/STM32F7xx_HAL_Driver/Src/stm32f7xx_hal_tim_ex.c ****   MODIFY_REG(tmpbdtr, TIM_BDTR_AOE, sBreakDeadTimeConfig->AutomaticOutput);
 5170              		.loc 1 2069 3 discriminator 2 view .LVU1495
 5171 003a 0343     		orrs	r3, r3, r0
 5172              	.LVL359:
2070:Drivers/STM32F7xx_HAL_Driver/Src/stm32f7xx_hal_tim_ex.c ****   MODIFY_REG(tmpbdtr, TIM_BDTR_BKF, (sBreakDeadTimeConfig->BreakFilter << TIM_BDTR_BKF_Pos));
 5173              		.loc 1 2070 3 is_stmt 1 discriminator 2 view .LVU1496
 5174 003c 23F48043 		bic	r3, r3, #16384
 5175              	.LVL360:
2070:Drivers/STM32F7xx_HAL_Driver/Src/stm32f7xx_hal_tim_ex.c ****   MODIFY_REG(tmpbdtr, TIM_BDTR_BKF, (sBreakDeadTimeConfig->BreakFilter << TIM_BDTR_BKF_Pos));
 5176              		.loc 1 2070 3 is_stmt 0 discriminator 2 view .LVU1497
 5177 0040 886A     		ldr	r0, [r1, #40]
 5178              	.LVL361:
2070:Drivers/STM32F7xx_HAL_Driver/Src/stm32f7xx_hal_tim_ex.c ****   MODIFY_REG(tmpbdtr, TIM_BDTR_BKF, (sBreakDeadTimeConfig->BreakFilter << TIM_BDTR_BKF_Pos));
 5179              		.loc 1 2070 3 discriminator 2 view .LVU1498
 5180 0042 0343     		orrs	r3, r3, r0
 5181              	.LVL362:
2071:Drivers/STM32F7xx_HAL_Driver/Src/stm32f7xx_hal_tim_ex.c **** 
 5182              		.loc 1 2071 3 is_stmt 1 discriminator 2 view .LVU1499
 5183 0044 23F47023 		bic	r3, r3, #983040
 5184              	.LVL363:
2071:Drivers/STM32F7xx_HAL_Driver/Src/stm32f7xx_hal_tim_ex.c **** 
 5185              		.loc 1 2071 3 is_stmt 0 discriminator 2 view .LVU1500
 5186 0048 8869     		ldr	r0, [r1, #24]
 5187              	.LVL364:
2071:Drivers/STM32F7xx_HAL_Driver/Src/stm32f7xx_hal_tim_ex.c **** 
 5188              		.loc 1 2071 3 discriminator 2 view .LVU1501
 5189 004a 43EA0043 		orr	r3, r3, r0, lsl #16
 5190              	.LVL365:
2073:Drivers/STM32F7xx_HAL_Driver/Src/stm32f7xx_hal_tim_ex.c ****   {
 5191              		.loc 1 2073 3 is_stmt 1 discriminator 2 view .LVU1502
2073:Drivers/STM32F7xx_HAL_Driver/Src/stm32f7xx_hal_tim_ex.c ****   {
 5192              		.loc 1 2073 7 is_stmt 0 discriminator 2 view .LVU1503
 5193 004e 1068     		ldr	r0, [r2]
2073:Drivers/STM32F7xx_HAL_Driver/Src/stm32f7xx_hal_tim_ex.c ****   {
 5194              		.loc 1 2073 6 discriminator 2 view .LVU1504
 5195 0050 0D4D     		ldr	r5, .L401
 5196 0052 0E4C     		ldr	r4, .L401+4
 5197 0054 A042     		cmp	r0, r4
 5198 0056 18BF     		it	ne
 5199 0058 A842     		cmpne	r0, r5
 5200 005a 0CD1     		bne	.L395
2076:Drivers/STM32F7xx_HAL_Driver/Src/stm32f7xx_hal_tim_ex.c ****     assert_param(IS_TIM_BREAK2_POLARITY(sBreakDeadTimeConfig->Break2Polarity));
 5201              		.loc 1 2076 5 is_stmt 1 view .LVU1505
2077:Drivers/STM32F7xx_HAL_Driver/Src/stm32f7xx_hal_tim_ex.c ****     assert_param(IS_TIM_BREAK_FILTER(sBreakDeadTimeConfig->Break2Filter));
 5202              		.loc 1 2077 5 view .LVU1506
2078:Drivers/STM32F7xx_HAL_Driver/Src/stm32f7xx_hal_tim_ex.c **** 
 5203              		.loc 1 2078 5 view .LVU1507
2081:Drivers/STM32F7xx_HAL_Driver/Src/stm32f7xx_hal_tim_ex.c ****     MODIFY_REG(tmpbdtr, TIM_BDTR_BK2E, sBreakDeadTimeConfig->Break2State);
 5204              		.loc 1 2081 5 view .LVU1508
 5205 005c 23F47003 		bic	r3, r3, #15728640
 5206              	.LVL366:
2081:Drivers/STM32F7xx_HAL_Driver/Src/stm32f7xx_hal_tim_ex.c ****     MODIFY_REG(tmpbdtr, TIM_BDTR_BK2E, sBreakDeadTimeConfig->Break2State);
 5207              		.loc 1 2081 5 is_stmt 0 view .LVU1509
ARM GAS  /tmp/ccJkDeps.s 			page 163


 5208 0060 4C6A     		ldr	r4, [r1, #36]
 5209 0062 43EA0453 		orr	r3, r3, r4, lsl #20
 5210              	.LVL367:
2082:Drivers/STM32F7xx_HAL_Driver/Src/stm32f7xx_hal_tim_ex.c ****     MODIFY_REG(tmpbdtr, TIM_BDTR_BK2P, sBreakDeadTimeConfig->Break2Polarity);
 5211              		.loc 1 2082 5 is_stmt 1 view .LVU1510
 5212 0066 23F08073 		bic	r3, r3, #16777216
 5213              	.LVL368:
2082:Drivers/STM32F7xx_HAL_Driver/Src/stm32f7xx_hal_tim_ex.c ****     MODIFY_REG(tmpbdtr, TIM_BDTR_BK2P, sBreakDeadTimeConfig->Break2Polarity);
 5214              		.loc 1 2082 5 is_stmt 0 view .LVU1511
 5215 006a CC69     		ldr	r4, [r1, #28]
 5216              	.LVL369:
2082:Drivers/STM32F7xx_HAL_Driver/Src/stm32f7xx_hal_tim_ex.c ****     MODIFY_REG(tmpbdtr, TIM_BDTR_BK2P, sBreakDeadTimeConfig->Break2Polarity);
 5217              		.loc 1 2082 5 view .LVU1512
 5218 006c 2343     		orrs	r3, r3, r4
 5219              	.LVL370:
2083:Drivers/STM32F7xx_HAL_Driver/Src/stm32f7xx_hal_tim_ex.c ****   }
 5220              		.loc 1 2083 5 is_stmt 1 view .LVU1513
 5221 006e 23F00073 		bic	r3, r3, #33554432
 5222              	.LVL371:
2083:Drivers/STM32F7xx_HAL_Driver/Src/stm32f7xx_hal_tim_ex.c ****   }
 5223              		.loc 1 2083 5 is_stmt 0 view .LVU1514
 5224 0072 096A     		ldr	r1, [r1, #32]
 5225              	.LVL372:
2083:Drivers/STM32F7xx_HAL_Driver/Src/stm32f7xx_hal_tim_ex.c ****   }
 5226              		.loc 1 2083 5 view .LVU1515
 5227 0074 0B43     		orrs	r3, r3, r1
 5228              	.LVL373:
 5229              	.L395:
2087:Drivers/STM32F7xx_HAL_Driver/Src/stm32f7xx_hal_tim_ex.c **** 
 5230              		.loc 1 2087 3 is_stmt 1 view .LVU1516
2087:Drivers/STM32F7xx_HAL_Driver/Src/stm32f7xx_hal_tim_ex.c **** 
 5231              		.loc 1 2087 24 is_stmt 0 view .LVU1517
 5232 0076 4364     		str	r3, [r0, #68]
2089:Drivers/STM32F7xx_HAL_Driver/Src/stm32f7xx_hal_tim_ex.c **** 
 5233              		.loc 1 2089 3 is_stmt 1 view .LVU1518
2089:Drivers/STM32F7xx_HAL_Driver/Src/stm32f7xx_hal_tim_ex.c **** 
 5234              		.loc 1 2089 3 view .LVU1519
 5235 0078 0020     		movs	r0, #0
 5236 007a 82F83C00 		strb	r0, [r2, #60]
2089:Drivers/STM32F7xx_HAL_Driver/Src/stm32f7xx_hal_tim_ex.c **** 
 5237              		.loc 1 2089 3 view .LVU1520
2091:Drivers/STM32F7xx_HAL_Driver/Src/stm32f7xx_hal_tim_ex.c **** }
 5238              		.loc 1 2091 3 view .LVU1521
2092:Drivers/STM32F7xx_HAL_Driver/Src/stm32f7xx_hal_tim_ex.c **** #if defined(TIM_BREAK_INPUT_SUPPORT)
 5239              		.loc 1 2092 1 is_stmt 0 view .LVU1522
 5240 007e 30BC     		pop	{r4, r5}
 5241              	.LCFI39:
 5242              		.cfi_restore 5
 5243              		.cfi_restore 4
 5244              		.cfi_def_cfa_offset 0
 5245 0080 7047     		bx	lr
 5246              	.LVL374:
 5247              	.L396:
2058:Drivers/STM32F7xx_HAL_Driver/Src/stm32f7xx_hal_tim_ex.c **** 
 5248              		.loc 1 2058 3 view .LVU1523
 5249 0082 0220     		movs	r0, #2
 5250              	.LVL375:
ARM GAS  /tmp/ccJkDeps.s 			page 164


2092:Drivers/STM32F7xx_HAL_Driver/Src/stm32f7xx_hal_tim_ex.c **** #if defined(TIM_BREAK_INPUT_SUPPORT)
 5251              		.loc 1 2092 1 view .LVU1524
 5252 0084 7047     		bx	lr
 5253              	.L402:
 5254 0086 00BF     		.align	2
 5255              	.L401:
 5256 0088 00000140 		.word	1073807360
 5257 008c 00040140 		.word	1073808384
 5258              		.cfi_endproc
 5259              	.LFE171:
 5261              		.section	.text.HAL_TIMEx_ConfigBreakInput,"ax",%progbits
 5262              		.align	1
 5263              		.global	HAL_TIMEx_ConfigBreakInput
 5264              		.syntax unified
 5265              		.thumb
 5266              		.thumb_func
 5268              	HAL_TIMEx_ConfigBreakInput:
 5269              	.LVL376:
 5270              	.LFB172:
2109:Drivers/STM32F7xx_HAL_Driver/Src/stm32f7xx_hal_tim_ex.c ****   HAL_StatusTypeDef status = HAL_OK;
 5271              		.loc 1 2109 1 is_stmt 1 view -0
 5272              		.cfi_startproc
 5273              		@ args = 0, pretend = 0, frame = 0
 5274              		@ frame_needed = 0, uses_anonymous_args = 0
2109:Drivers/STM32F7xx_HAL_Driver/Src/stm32f7xx_hal_tim_ex.c ****   HAL_StatusTypeDef status = HAL_OK;
 5275              		.loc 1 2109 1 is_stmt 0 view .LVU1526
 5276 0000 0346     		mov	r3, r0
2110:Drivers/STM32F7xx_HAL_Driver/Src/stm32f7xx_hal_tim_ex.c ****   uint32_t tmporx;
 5277              		.loc 1 2110 3 is_stmt 1 view .LVU1527
 5278              	.LVL377:
2111:Drivers/STM32F7xx_HAL_Driver/Src/stm32f7xx_hal_tim_ex.c ****   uint32_t bkin_enable_mask;
 5279              		.loc 1 2111 3 view .LVU1528
2112:Drivers/STM32F7xx_HAL_Driver/Src/stm32f7xx_hal_tim_ex.c ****   uint32_t bkin_polarity_mask;
 5280              		.loc 1 2112 3 view .LVU1529
2113:Drivers/STM32F7xx_HAL_Driver/Src/stm32f7xx_hal_tim_ex.c ****   uint32_t bkin_enable_bitpos;
 5281              		.loc 1 2113 3 view .LVU1530
2114:Drivers/STM32F7xx_HAL_Driver/Src/stm32f7xx_hal_tim_ex.c ****   uint32_t bkin_polarity_bitpos;
 5282              		.loc 1 2114 3 view .LVU1531
2115:Drivers/STM32F7xx_HAL_Driver/Src/stm32f7xx_hal_tim_ex.c **** 
 5283              		.loc 1 2115 3 view .LVU1532
2118:Drivers/STM32F7xx_HAL_Driver/Src/stm32f7xx_hal_tim_ex.c ****   assert_param(IS_TIM_BREAKINPUT(BreakInput));
 5284              		.loc 1 2118 3 view .LVU1533
2119:Drivers/STM32F7xx_HAL_Driver/Src/stm32f7xx_hal_tim_ex.c ****   assert_param(IS_TIM_BREAKINPUTSOURCE(sBreakInputConfig->Source));
 5285              		.loc 1 2119 3 view .LVU1534
2120:Drivers/STM32F7xx_HAL_Driver/Src/stm32f7xx_hal_tim_ex.c ****   assert_param(IS_TIM_BREAKINPUTSOURCE_STATE(sBreakInputConfig->Enable));
 5286              		.loc 1 2120 3 view .LVU1535
2121:Drivers/STM32F7xx_HAL_Driver/Src/stm32f7xx_hal_tim_ex.c **** #if defined(DFSDM1_Channel0)
 5287              		.loc 1 2121 3 view .LVU1536
2123:Drivers/STM32F7xx_HAL_Driver/Src/stm32f7xx_hal_tim_ex.c ****   {
 5288              		.loc 1 2123 3 view .LVU1537
2125:Drivers/STM32F7xx_HAL_Driver/Src/stm32f7xx_hal_tim_ex.c ****   }
 5289              		.loc 1 2125 5 view .LVU1538
2132:Drivers/STM32F7xx_HAL_Driver/Src/stm32f7xx_hal_tim_ex.c **** 
 5290              		.loc 1 2132 3 view .LVU1539
2132:Drivers/STM32F7xx_HAL_Driver/Src/stm32f7xx_hal_tim_ex.c **** 
 5291              		.loc 1 2132 3 view .LVU1540
 5292 0002 90F83C00 		ldrb	r0, [r0, #60]	@ zero_extendqisi2
ARM GAS  /tmp/ccJkDeps.s 			page 165


 5293              	.LVL378:
2132:Drivers/STM32F7xx_HAL_Driver/Src/stm32f7xx_hal_tim_ex.c **** 
 5294              		.loc 1 2132 3 is_stmt 0 view .LVU1541
 5295 0006 0128     		cmp	r0, #1
 5296 0008 4AD0     		beq	.L411
2109:Drivers/STM32F7xx_HAL_Driver/Src/stm32f7xx_hal_tim_ex.c ****   HAL_StatusTypeDef status = HAL_OK;
 5297              		.loc 1 2109 1 discriminator 2 view .LVU1542
 5298 000a F0B5     		push	{r4, r5, r6, r7, lr}
 5299              	.LCFI40:
 5300              		.cfi_def_cfa_offset 20
 5301              		.cfi_offset 4, -20
 5302              		.cfi_offset 5, -16
 5303              		.cfi_offset 6, -12
 5304              		.cfi_offset 7, -8
 5305              		.cfi_offset 14, -4
2132:Drivers/STM32F7xx_HAL_Driver/Src/stm32f7xx_hal_tim_ex.c **** 
 5306              		.loc 1 2132 3 is_stmt 1 discriminator 2 view .LVU1543
 5307 000c 0120     		movs	r0, #1
 5308 000e 83F83C00 		strb	r0, [r3, #60]
2132:Drivers/STM32F7xx_HAL_Driver/Src/stm32f7xx_hal_tim_ex.c **** 
 5309              		.loc 1 2132 3 discriminator 2 view .LVU1544
2134:Drivers/STM32F7xx_HAL_Driver/Src/stm32f7xx_hal_tim_ex.c ****   {
 5310              		.loc 1 2134 3 discriminator 2 view .LVU1545
2134:Drivers/STM32F7xx_HAL_Driver/Src/stm32f7xx_hal_tim_ex.c ****   {
 5311              		.loc 1 2134 28 is_stmt 0 discriminator 2 view .LVU1546
 5312 0012 1068     		ldr	r0, [r2]
2134:Drivers/STM32F7xx_HAL_Driver/Src/stm32f7xx_hal_tim_ex.c ****   {
 5313              		.loc 1 2134 3 discriminator 2 view .LVU1547
 5314 0014 0128     		cmp	r0, #1
 5315 0016 10D0     		beq	.L412
2134:Drivers/STM32F7xx_HAL_Driver/Src/stm32f7xx_hal_tim_ex.c ****   {
 5316              		.loc 1 2134 3 view .LVU1548
 5317 0018 0828     		cmp	r0, #8
 5318 001a 15D1     		bne	.L413
2148:Drivers/STM32F7xx_HAL_Driver/Src/stm32f7xx_hal_tim_ex.c ****       bkin_polarity_mask = 0U;
 5319              		.loc 1 2148 26 view .LVU1549
 5320 001c 0546     		mov	r5, r0
2150:Drivers/STM32F7xx_HAL_Driver/Src/stm32f7xx_hal_tim_ex.c ****       break;
 5321              		.loc 1 2150 28 view .LVU1550
 5322 001e 4FF0000C 		mov	ip, #0
2149:Drivers/STM32F7xx_HAL_Driver/Src/stm32f7xx_hal_tim_ex.c ****       bkin_polarity_bitpos = 0U;
 5323              		.loc 1 2149 26 view .LVU1551
 5324 0022 E646     		mov	lr, ip
2147:Drivers/STM32F7xx_HAL_Driver/Src/stm32f7xx_hal_tim_ex.c ****       bkin_enable_bitpos = TIM1_AF1_BKDF1BKE_Pos;
 5325              		.loc 1 2147 24 view .LVU1552
 5326 0024 4FF48074 		mov	r4, #256
 5327              	.L405:
 5328              	.LVL379:
2165:Drivers/STM32F7xx_HAL_Driver/Src/stm32f7xx_hal_tim_ex.c ****   {
 5329              		.loc 1 2165 3 is_stmt 1 view .LVU1553
 5330 0028 0129     		cmp	r1, #1
 5331 002a 13D0     		beq	.L406
 5332 002c 0229     		cmp	r1, #2
 5333 002e 24D0     		beq	.L407
 5334 0030 0120     		movs	r0, #1
 5335              	.LVL380:
 5336              	.L408:
ARM GAS  /tmp/ccJkDeps.s 			page 166


2216:Drivers/STM32F7xx_HAL_Driver/Src/stm32f7xx_hal_tim_ex.c **** 
 5337              		.loc 1 2216 3 view .LVU1554
2216:Drivers/STM32F7xx_HAL_Driver/Src/stm32f7xx_hal_tim_ex.c **** 
 5338              		.loc 1 2216 3 view .LVU1555
 5339 0032 0022     		movs	r2, #0
 5340 0034 83F83C20 		strb	r2, [r3, #60]
2216:Drivers/STM32F7xx_HAL_Driver/Src/stm32f7xx_hal_tim_ex.c **** 
 5341              		.loc 1 2216 3 view .LVU1556
2218:Drivers/STM32F7xx_HAL_Driver/Src/stm32f7xx_hal_tim_ex.c **** }
 5342              		.loc 1 2218 3 view .LVU1557
2219:Drivers/STM32F7xx_HAL_Driver/Src/stm32f7xx_hal_tim_ex.c **** #endif /*TIM_BREAK_INPUT_SUPPORT */
 5343              		.loc 1 2219 1 is_stmt 0 view .LVU1558
 5344 0038 F0BD     		pop	{r4, r5, r6, r7, pc}
 5345              	.LVL381:
 5346              	.L412:
2134:Drivers/STM32F7xx_HAL_Driver/Src/stm32f7xx_hal_tim_ex.c ****   {
 5347              		.loc 1 2134 3 view .LVU1559
 5348 003a 0446     		mov	r4, r0
 5349 003c 4FF0090C 		mov	ip, #9
 5350 0040 0025     		movs	r5, #0
 5351 0042 4FF4007E 		mov	lr, #512
 5352 0046 EFE7     		b	.L405
 5353              	.L413:
2160:Drivers/STM32F7xx_HAL_Driver/Src/stm32f7xx_hal_tim_ex.c ****       break;
 5354              		.loc 1 2160 28 view .LVU1560
 5355 0048 4FF0000C 		mov	ip, #0
2159:Drivers/STM32F7xx_HAL_Driver/Src/stm32f7xx_hal_tim_ex.c ****       bkin_polarity_bitpos = 0U;
 5356              		.loc 1 2159 26 view .LVU1561
 5357 004c 6546     		mov	r5, ip
2158:Drivers/STM32F7xx_HAL_Driver/Src/stm32f7xx_hal_tim_ex.c ****       bkin_enable_bitpos = 0U;
 5358              		.loc 1 2158 26 view .LVU1562
 5359 004e E646     		mov	lr, ip
2157:Drivers/STM32F7xx_HAL_Driver/Src/stm32f7xx_hal_tim_ex.c ****       bkin_polarity_mask = 0U;
 5360              		.loc 1 2157 24 view .LVU1563
 5361 0050 6446     		mov	r4, ip
 5362 0052 E9E7     		b	.L405
 5363              	.LVL382:
 5364              	.L406:
2170:Drivers/STM32F7xx_HAL_Driver/Src/stm32f7xx_hal_tim_ex.c **** 
 5365              		.loc 1 2170 7 is_stmt 1 view .LVU1564
2170:Drivers/STM32F7xx_HAL_Driver/Src/stm32f7xx_hal_tim_ex.c **** 
 5366              		.loc 1 2170 20 is_stmt 0 view .LVU1565
 5367 0054 1E68     		ldr	r6, [r3]
2170:Drivers/STM32F7xx_HAL_Driver/Src/stm32f7xx_hal_tim_ex.c **** 
 5368              		.loc 1 2170 14 view .LVU1566
 5369 0056 376E     		ldr	r7, [r6, #96]
 5370              	.LVL383:
2173:Drivers/STM32F7xx_HAL_Driver/Src/stm32f7xx_hal_tim_ex.c ****       tmporx |= (sBreakInputConfig->Enable << bkin_enable_bitpos) & bkin_enable_mask;
 5371              		.loc 1 2173 7 is_stmt 1 view .LVU1567
2174:Drivers/STM32F7xx_HAL_Driver/Src/stm32f7xx_hal_tim_ex.c **** 
 5372              		.loc 1 2174 7 view .LVU1568
2174:Drivers/STM32F7xx_HAL_Driver/Src/stm32f7xx_hal_tim_ex.c **** 
 5373              		.loc 1 2174 35 is_stmt 0 view .LVU1569
 5374 0058 5168     		ldr	r1, [r2, #4]
 5375              	.LVL384:
2174:Drivers/STM32F7xx_HAL_Driver/Src/stm32f7xx_hal_tim_ex.c **** 
 5376              		.loc 1 2174 44 view .LVU1570
ARM GAS  /tmp/ccJkDeps.s 			page 167


 5377 005a A940     		lsls	r1, r1, r5
 5378 005c 7940     		eors	r1, r1, r7
 5379 005e 2140     		ands	r1, r1, r4
2174:Drivers/STM32F7xx_HAL_Driver/Src/stm32f7xx_hal_tim_ex.c **** 
 5380              		.loc 1 2174 14 view .LVU1571
 5381 0060 7940     		eors	r1, r1, r7
 5382              	.LVL385:
2178:Drivers/STM32F7xx_HAL_Driver/Src/stm32f7xx_hal_tim_ex.c **** #endif /* DFSDM1_Channel0 */
 5383              		.loc 1 2178 7 is_stmt 1 view .LVU1572
2178:Drivers/STM32F7xx_HAL_Driver/Src/stm32f7xx_hal_tim_ex.c **** #endif /* DFSDM1_Channel0 */
 5384              		.loc 1 2178 10 is_stmt 0 view .LVU1573
 5385 0062 0828     		cmp	r0, #8
 5386 0064 06D0     		beq	.L409
2181:Drivers/STM32F7xx_HAL_Driver/Src/stm32f7xx_hal_tim_ex.c ****         tmporx |= (sBreakInputConfig->Polarity << bkin_polarity_bitpos) & bkin_polarity_mask;
 5387              		.loc 1 2181 9 is_stmt 1 view .LVU1574
 5388              	.LVL386:
2182:Drivers/STM32F7xx_HAL_Driver/Src/stm32f7xx_hal_tim_ex.c ****       }
 5389              		.loc 1 2182 9 view .LVU1575
2182:Drivers/STM32F7xx_HAL_Driver/Src/stm32f7xx_hal_tim_ex.c ****       }
 5390              		.loc 1 2182 37 is_stmt 0 view .LVU1576
 5391 0066 9268     		ldr	r2, [r2, #8]
 5392              	.LVL387:
2182:Drivers/STM32F7xx_HAL_Driver/Src/stm32f7xx_hal_tim_ex.c ****       }
 5393              		.loc 1 2182 48 view .LVU1577
 5394 0068 02FA0CF2 		lsl	r2, r2, ip
 5395 006c 4A40     		eors	r2, r2, r1
 5396 006e 02EA0E02 		and	r2, r2, lr
2182:Drivers/STM32F7xx_HAL_Driver/Src/stm32f7xx_hal_tim_ex.c ****       }
 5397              		.loc 1 2182 16 view .LVU1578
 5398 0072 5140     		eors	r1, r1, r2
 5399              	.LVL388:
 5400              	.L409:
2186:Drivers/STM32F7xx_HAL_Driver/Src/stm32f7xx_hal_tim_ex.c ****       break;
 5401              		.loc 1 2186 7 is_stmt 1 view .LVU1579
2186:Drivers/STM32F7xx_HAL_Driver/Src/stm32f7xx_hal_tim_ex.c ****       break;
 5402              		.loc 1 2186 27 is_stmt 0 view .LVU1580
 5403 0074 3166     		str	r1, [r6, #96]
2187:Drivers/STM32F7xx_HAL_Driver/Src/stm32f7xx_hal_tim_ex.c ****     }
 5404              		.loc 1 2187 7 is_stmt 1 view .LVU1581
2110:Drivers/STM32F7xx_HAL_Driver/Src/stm32f7xx_hal_tim_ex.c ****   uint32_t tmporx;
 5405              		.loc 1 2110 21 is_stmt 0 view .LVU1582
 5406 0076 0020     		movs	r0, #0
2187:Drivers/STM32F7xx_HAL_Driver/Src/stm32f7xx_hal_tim_ex.c ****     }
 5407              		.loc 1 2187 7 view .LVU1583
 5408 0078 DBE7     		b	.L408
 5409              	.LVL389:
 5410              	.L407:
2192:Drivers/STM32F7xx_HAL_Driver/Src/stm32f7xx_hal_tim_ex.c **** 
 5411              		.loc 1 2192 7 is_stmt 1 view .LVU1584
2192:Drivers/STM32F7xx_HAL_Driver/Src/stm32f7xx_hal_tim_ex.c **** 
 5412              		.loc 1 2192 20 is_stmt 0 view .LVU1585
 5413 007a 1E68     		ldr	r6, [r3]
2192:Drivers/STM32F7xx_HAL_Driver/Src/stm32f7xx_hal_tim_ex.c **** 
 5414              		.loc 1 2192 14 view .LVU1586
 5415 007c 776E     		ldr	r7, [r6, #100]
 5416              	.LVL390:
2195:Drivers/STM32F7xx_HAL_Driver/Src/stm32f7xx_hal_tim_ex.c ****       tmporx |= (sBreakInputConfig->Enable << bkin_enable_bitpos) & bkin_enable_mask;
ARM GAS  /tmp/ccJkDeps.s 			page 168


 5417              		.loc 1 2195 7 is_stmt 1 view .LVU1587
2196:Drivers/STM32F7xx_HAL_Driver/Src/stm32f7xx_hal_tim_ex.c **** 
 5418              		.loc 1 2196 7 view .LVU1588
2196:Drivers/STM32F7xx_HAL_Driver/Src/stm32f7xx_hal_tim_ex.c **** 
 5419              		.loc 1 2196 35 is_stmt 0 view .LVU1589
 5420 007e 5168     		ldr	r1, [r2, #4]
 5421              	.LVL391:
2196:Drivers/STM32F7xx_HAL_Driver/Src/stm32f7xx_hal_tim_ex.c **** 
 5422              		.loc 1 2196 44 view .LVU1590
 5423 0080 A940     		lsls	r1, r1, r5
 5424 0082 7940     		eors	r1, r1, r7
 5425 0084 2140     		ands	r1, r1, r4
2196:Drivers/STM32F7xx_HAL_Driver/Src/stm32f7xx_hal_tim_ex.c **** 
 5426              		.loc 1 2196 14 view .LVU1591
 5427 0086 7940     		eors	r1, r1, r7
 5428              	.LVL392:
2200:Drivers/STM32F7xx_HAL_Driver/Src/stm32f7xx_hal_tim_ex.c **** #endif /* DFSDM1_Channel0 */
 5429              		.loc 1 2200 7 is_stmt 1 view .LVU1592
2200:Drivers/STM32F7xx_HAL_Driver/Src/stm32f7xx_hal_tim_ex.c **** #endif /* DFSDM1_Channel0 */
 5430              		.loc 1 2200 10 is_stmt 0 view .LVU1593
 5431 0088 0828     		cmp	r0, #8
 5432 008a 06D0     		beq	.L410
2203:Drivers/STM32F7xx_HAL_Driver/Src/stm32f7xx_hal_tim_ex.c ****         tmporx |= (sBreakInputConfig->Polarity << bkin_polarity_bitpos) & bkin_polarity_mask;
 5433              		.loc 1 2203 9 is_stmt 1 view .LVU1594
 5434              	.LVL393:
2204:Drivers/STM32F7xx_HAL_Driver/Src/stm32f7xx_hal_tim_ex.c ****       }
 5435              		.loc 1 2204 9 view .LVU1595
2204:Drivers/STM32F7xx_HAL_Driver/Src/stm32f7xx_hal_tim_ex.c ****       }
 5436              		.loc 1 2204 37 is_stmt 0 view .LVU1596
 5437 008c 9268     		ldr	r2, [r2, #8]
 5438              	.LVL394:
2204:Drivers/STM32F7xx_HAL_Driver/Src/stm32f7xx_hal_tim_ex.c ****       }
 5439              		.loc 1 2204 48 view .LVU1597
 5440 008e 02FA0CF2 		lsl	r2, r2, ip
 5441 0092 4A40     		eors	r2, r2, r1
 5442 0094 02EA0E02 		and	r2, r2, lr
2204:Drivers/STM32F7xx_HAL_Driver/Src/stm32f7xx_hal_tim_ex.c ****       }
 5443              		.loc 1 2204 16 view .LVU1598
 5444 0098 5140     		eors	r1, r1, r2
 5445              	.LVL395:
 5446              	.L410:
2208:Drivers/STM32F7xx_HAL_Driver/Src/stm32f7xx_hal_tim_ex.c ****       break;
 5447              		.loc 1 2208 7 is_stmt 1 view .LVU1599
2208:Drivers/STM32F7xx_HAL_Driver/Src/stm32f7xx_hal_tim_ex.c ****       break;
 5448              		.loc 1 2208 27 is_stmt 0 view .LVU1600
 5449 009a 7166     		str	r1, [r6, #100]
2209:Drivers/STM32F7xx_HAL_Driver/Src/stm32f7xx_hal_tim_ex.c ****     }
 5450              		.loc 1 2209 7 is_stmt 1 view .LVU1601
2110:Drivers/STM32F7xx_HAL_Driver/Src/stm32f7xx_hal_tim_ex.c ****   uint32_t tmporx;
 5451              		.loc 1 2110 21 is_stmt 0 view .LVU1602
 5452 009c 0020     		movs	r0, #0
2209:Drivers/STM32F7xx_HAL_Driver/Src/stm32f7xx_hal_tim_ex.c ****     }
 5453              		.loc 1 2209 7 view .LVU1603
 5454 009e C8E7     		b	.L408
 5455              	.LVL396:
 5456              	.L411:
 5457              	.LCFI41:
ARM GAS  /tmp/ccJkDeps.s 			page 169


 5458              		.cfi_def_cfa_offset 0
 5459              		.cfi_restore 4
 5460              		.cfi_restore 5
 5461              		.cfi_restore 6
 5462              		.cfi_restore 7
 5463              		.cfi_restore 14
2132:Drivers/STM32F7xx_HAL_Driver/Src/stm32f7xx_hal_tim_ex.c **** 
 5464              		.loc 1 2132 3 view .LVU1604
 5465 00a0 0220     		movs	r0, #2
2219:Drivers/STM32F7xx_HAL_Driver/Src/stm32f7xx_hal_tim_ex.c **** #endif /*TIM_BREAK_INPUT_SUPPORT */
 5466              		.loc 1 2219 1 view .LVU1605
 5467 00a2 7047     		bx	lr
 5468              		.cfi_endproc
 5469              	.LFE172:
 5471              		.section	.text.HAL_TIMEx_RemapConfig,"ax",%progbits
 5472              		.align	1
 5473              		.global	HAL_TIMEx_RemapConfig
 5474              		.syntax unified
 5475              		.thumb
 5476              		.thumb_func
 5478              	HAL_TIMEx_RemapConfig:
 5479              	.LVL397:
 5480              	.LFB173:
2244:Drivers/STM32F7xx_HAL_Driver/Src/stm32f7xx_hal_tim_ex.c ****   /* Check parameters */
 5481              		.loc 1 2244 1 is_stmt 1 view -0
 5482              		.cfi_startproc
 5483              		@ args = 0, pretend = 0, frame = 0
 5484              		@ frame_needed = 0, uses_anonymous_args = 0
 5485              		@ link register save eliminated.
2246:Drivers/STM32F7xx_HAL_Driver/Src/stm32f7xx_hal_tim_ex.c ****   assert_param(IS_TIM_REMAP(Remap));
 5486              		.loc 1 2246 3 view .LVU1607
2247:Drivers/STM32F7xx_HAL_Driver/Src/stm32f7xx_hal_tim_ex.c **** 
 5487              		.loc 1 2247 3 view .LVU1608
2249:Drivers/STM32F7xx_HAL_Driver/Src/stm32f7xx_hal_tim_ex.c **** 
 5488              		.loc 1 2249 3 view .LVU1609
2249:Drivers/STM32F7xx_HAL_Driver/Src/stm32f7xx_hal_tim_ex.c **** 
 5489              		.loc 1 2249 3 view .LVU1610
 5490 0000 90F83C30 		ldrb	r3, [r0, #60]	@ zero_extendqisi2
 5491 0004 012B     		cmp	r3, #1
 5492 0006 0BD0     		beq	.L420
2249:Drivers/STM32F7xx_HAL_Driver/Src/stm32f7xx_hal_tim_ex.c **** 
 5493              		.loc 1 2249 3 discriminator 2 view .LVU1611
 5494 0008 0123     		movs	r3, #1
 5495 000a 80F83C30 		strb	r3, [r0, #60]
2249:Drivers/STM32F7xx_HAL_Driver/Src/stm32f7xx_hal_tim_ex.c **** 
 5496              		.loc 1 2249 3 discriminator 2 view .LVU1612
2252:Drivers/STM32F7xx_HAL_Driver/Src/stm32f7xx_hal_tim_ex.c **** 
 5497              		.loc 1 2252 3 discriminator 2 view .LVU1613
2252:Drivers/STM32F7xx_HAL_Driver/Src/stm32f7xx_hal_tim_ex.c **** 
 5498              		.loc 1 2252 7 is_stmt 0 discriminator 2 view .LVU1614
 5499 000e 0268     		ldr	r2, [r0]
2252:Drivers/STM32F7xx_HAL_Driver/Src/stm32f7xx_hal_tim_ex.c **** 
 5500              		.loc 1 2252 22 discriminator 2 view .LVU1615
 5501 0010 1165     		str	r1, [r2, #80]
2254:Drivers/STM32F7xx_HAL_Driver/Src/stm32f7xx_hal_tim_ex.c **** 
 5502              		.loc 1 2254 3 is_stmt 1 discriminator 2 view .LVU1616
2254:Drivers/STM32F7xx_HAL_Driver/Src/stm32f7xx_hal_tim_ex.c **** 
ARM GAS  /tmp/ccJkDeps.s 			page 170


 5503              		.loc 1 2254 15 is_stmt 0 discriminator 2 view .LVU1617
 5504 0012 80F83D30 		strb	r3, [r0, #61]
2256:Drivers/STM32F7xx_HAL_Driver/Src/stm32f7xx_hal_tim_ex.c **** 
 5505              		.loc 1 2256 3 is_stmt 1 discriminator 2 view .LVU1618
2256:Drivers/STM32F7xx_HAL_Driver/Src/stm32f7xx_hal_tim_ex.c **** 
 5506              		.loc 1 2256 3 discriminator 2 view .LVU1619
 5507 0016 0023     		movs	r3, #0
 5508 0018 80F83C30 		strb	r3, [r0, #60]
2256:Drivers/STM32F7xx_HAL_Driver/Src/stm32f7xx_hal_tim_ex.c **** 
 5509              		.loc 1 2256 3 discriminator 2 view .LVU1620
2258:Drivers/STM32F7xx_HAL_Driver/Src/stm32f7xx_hal_tim_ex.c **** }
 5510              		.loc 1 2258 3 discriminator 2 view .LVU1621
2258:Drivers/STM32F7xx_HAL_Driver/Src/stm32f7xx_hal_tim_ex.c **** }
 5511              		.loc 1 2258 10 is_stmt 0 discriminator 2 view .LVU1622
 5512 001c 1846     		mov	r0, r3
 5513              	.LVL398:
2258:Drivers/STM32F7xx_HAL_Driver/Src/stm32f7xx_hal_tim_ex.c **** }
 5514              		.loc 1 2258 10 discriminator 2 view .LVU1623
 5515 001e 7047     		bx	lr
 5516              	.LVL399:
 5517              	.L420:
2249:Drivers/STM32F7xx_HAL_Driver/Src/stm32f7xx_hal_tim_ex.c **** 
 5518              		.loc 1 2249 3 view .LVU1624
 5519 0020 0220     		movs	r0, #2
 5520              	.LVL400:
2259:Drivers/STM32F7xx_HAL_Driver/Src/stm32f7xx_hal_tim_ex.c **** 
 5521              		.loc 1 2259 1 view .LVU1625
 5522 0022 7047     		bx	lr
 5523              		.cfi_endproc
 5524              	.LFE173:
 5526              		.section	.text.HAL_TIMEx_GroupChannel5,"ax",%progbits
 5527              		.align	1
 5528              		.global	HAL_TIMEx_GroupChannel5
 5529              		.syntax unified
 5530              		.thumb
 5531              		.thumb_func
 5533              	HAL_TIMEx_GroupChannel5:
 5534              	.LVL401:
 5535              	.LFB174:
2273:Drivers/STM32F7xx_HAL_Driver/Src/stm32f7xx_hal_tim_ex.c ****   /* Check parameters */
 5536              		.loc 1 2273 1 is_stmt 1 view -0
 5537              		.cfi_startproc
 5538              		@ args = 0, pretend = 0, frame = 0
 5539              		@ frame_needed = 0, uses_anonymous_args = 0
 5540              		@ link register save eliminated.
2275:Drivers/STM32F7xx_HAL_Driver/Src/stm32f7xx_hal_tim_ex.c ****   assert_param(IS_TIM_GROUPCH5(Channels));
 5541              		.loc 1 2275 3 view .LVU1627
2276:Drivers/STM32F7xx_HAL_Driver/Src/stm32f7xx_hal_tim_ex.c **** 
 5542              		.loc 1 2276 3 view .LVU1628
2279:Drivers/STM32F7xx_HAL_Driver/Src/stm32f7xx_hal_tim_ex.c **** 
 5543              		.loc 1 2279 3 view .LVU1629
2279:Drivers/STM32F7xx_HAL_Driver/Src/stm32f7xx_hal_tim_ex.c **** 
 5544              		.loc 1 2279 3 view .LVU1630
 5545 0000 90F83C30 		ldrb	r3, [r0, #60]	@ zero_extendqisi2
 5546 0004 012B     		cmp	r3, #1
 5547 0006 18D0     		beq	.L423
2273:Drivers/STM32F7xx_HAL_Driver/Src/stm32f7xx_hal_tim_ex.c ****   /* Check parameters */
ARM GAS  /tmp/ccJkDeps.s 			page 171


 5548              		.loc 1 2273 1 is_stmt 0 discriminator 2 view .LVU1631
 5549 0008 10B4     		push	{r4}
 5550              	.LCFI42:
 5551              		.cfi_def_cfa_offset 4
 5552              		.cfi_offset 4, -4
2279:Drivers/STM32F7xx_HAL_Driver/Src/stm32f7xx_hal_tim_ex.c **** 
 5553              		.loc 1 2279 3 is_stmt 1 discriminator 2 view .LVU1632
 5554 000a 0122     		movs	r2, #1
 5555 000c 80F83C20 		strb	r2, [r0, #60]
2279:Drivers/STM32F7xx_HAL_Driver/Src/stm32f7xx_hal_tim_ex.c **** 
 5556              		.loc 1 2279 3 discriminator 2 view .LVU1633
2281:Drivers/STM32F7xx_HAL_Driver/Src/stm32f7xx_hal_tim_ex.c **** 
 5557              		.loc 1 2281 3 discriminator 2 view .LVU1634
2281:Drivers/STM32F7xx_HAL_Driver/Src/stm32f7xx_hal_tim_ex.c **** 
 5558              		.loc 1 2281 15 is_stmt 0 discriminator 2 view .LVU1635
 5559 0010 0223     		movs	r3, #2
 5560 0012 80F83D30 		strb	r3, [r0, #61]
2284:Drivers/STM32F7xx_HAL_Driver/Src/stm32f7xx_hal_tim_ex.c **** 
 5561              		.loc 1 2284 3 is_stmt 1 discriminator 2 view .LVU1636
2284:Drivers/STM32F7xx_HAL_Driver/Src/stm32f7xx_hal_tim_ex.c **** 
 5562              		.loc 1 2284 7 is_stmt 0 discriminator 2 view .LVU1637
 5563 0016 0468     		ldr	r4, [r0]
2284:Drivers/STM32F7xx_HAL_Driver/Src/stm32f7xx_hal_tim_ex.c **** 
 5564              		.loc 1 2284 17 discriminator 2 view .LVU1638
 5565 0018 A36D     		ldr	r3, [r4, #88]
2284:Drivers/STM32F7xx_HAL_Driver/Src/stm32f7xx_hal_tim_ex.c **** 
 5566              		.loc 1 2284 24 discriminator 2 view .LVU1639
 5567 001a 23F06043 		bic	r3, r3, #-536870912
 5568 001e A365     		str	r3, [r4, #88]
2287:Drivers/STM32F7xx_HAL_Driver/Src/stm32f7xx_hal_tim_ex.c **** 
 5569              		.loc 1 2287 3 is_stmt 1 discriminator 2 view .LVU1640
2287:Drivers/STM32F7xx_HAL_Driver/Src/stm32f7xx_hal_tim_ex.c **** 
 5570              		.loc 1 2287 7 is_stmt 0 discriminator 2 view .LVU1641
 5571 0020 0468     		ldr	r4, [r0]
2287:Drivers/STM32F7xx_HAL_Driver/Src/stm32f7xx_hal_tim_ex.c **** 
 5572              		.loc 1 2287 17 discriminator 2 view .LVU1642
 5573 0022 A36D     		ldr	r3, [r4, #88]
2287:Drivers/STM32F7xx_HAL_Driver/Src/stm32f7xx_hal_tim_ex.c **** 
 5574              		.loc 1 2287 24 discriminator 2 view .LVU1643
 5575 0024 0B43     		orrs	r3, r3, r1
 5576 0026 A365     		str	r3, [r4, #88]
2290:Drivers/STM32F7xx_HAL_Driver/Src/stm32f7xx_hal_tim_ex.c **** 
 5577              		.loc 1 2290 3 is_stmt 1 discriminator 2 view .LVU1644
2290:Drivers/STM32F7xx_HAL_Driver/Src/stm32f7xx_hal_tim_ex.c **** 
 5578              		.loc 1 2290 15 is_stmt 0 discriminator 2 view .LVU1645
 5579 0028 80F83D20 		strb	r2, [r0, #61]
2292:Drivers/STM32F7xx_HAL_Driver/Src/stm32f7xx_hal_tim_ex.c **** 
 5580              		.loc 1 2292 3 is_stmt 1 discriminator 2 view .LVU1646
2292:Drivers/STM32F7xx_HAL_Driver/Src/stm32f7xx_hal_tim_ex.c **** 
 5581              		.loc 1 2292 3 discriminator 2 view .LVU1647
 5582 002c 0023     		movs	r3, #0
 5583 002e 80F83C30 		strb	r3, [r0, #60]
2292:Drivers/STM32F7xx_HAL_Driver/Src/stm32f7xx_hal_tim_ex.c **** 
 5584              		.loc 1 2292 3 discriminator 2 view .LVU1648
2294:Drivers/STM32F7xx_HAL_Driver/Src/stm32f7xx_hal_tim_ex.c **** }
 5585              		.loc 1 2294 3 discriminator 2 view .LVU1649
2294:Drivers/STM32F7xx_HAL_Driver/Src/stm32f7xx_hal_tim_ex.c **** }
ARM GAS  /tmp/ccJkDeps.s 			page 172


 5586              		.loc 1 2294 10 is_stmt 0 discriminator 2 view .LVU1650
 5587 0032 1846     		mov	r0, r3
 5588              	.LVL402:
2295:Drivers/STM32F7xx_HAL_Driver/Src/stm32f7xx_hal_tim_ex.c **** 
 5589              		.loc 1 2295 1 discriminator 2 view .LVU1651
 5590 0034 5DF8044B 		ldr	r4, [sp], #4
 5591              	.LCFI43:
 5592              		.cfi_restore 4
 5593              		.cfi_def_cfa_offset 0
 5594 0038 7047     		bx	lr
 5595              	.LVL403:
 5596              	.L423:
2279:Drivers/STM32F7xx_HAL_Driver/Src/stm32f7xx_hal_tim_ex.c **** 
 5597              		.loc 1 2279 3 view .LVU1652
 5598 003a 0220     		movs	r0, #2
 5599              	.LVL404:
2295:Drivers/STM32F7xx_HAL_Driver/Src/stm32f7xx_hal_tim_ex.c **** 
 5600              		.loc 1 2295 1 view .LVU1653
 5601 003c 7047     		bx	lr
 5602              		.cfi_endproc
 5603              	.LFE174:
 5605              		.section	.text.HAL_TIMEx_CommutCallback,"ax",%progbits
 5606              		.align	1
 5607              		.weak	HAL_TIMEx_CommutCallback
 5608              		.syntax unified
 5609              		.thumb
 5610              		.thumb_func
 5612              	HAL_TIMEx_CommutCallback:
 5613              	.LVL405:
 5614              	.LFB175:
2323:Drivers/STM32F7xx_HAL_Driver/Src/stm32f7xx_hal_tim_ex.c ****   /* Prevent unused argument(s) compilation warning */
 5615              		.loc 1 2323 1 is_stmt 1 view -0
 5616              		.cfi_startproc
 5617              		@ args = 0, pretend = 0, frame = 0
 5618              		@ frame_needed = 0, uses_anonymous_args = 0
 5619              		@ link register save eliminated.
2325:Drivers/STM32F7xx_HAL_Driver/Src/stm32f7xx_hal_tim_ex.c **** 
 5620              		.loc 1 2325 3 view .LVU1655
2330:Drivers/STM32F7xx_HAL_Driver/Src/stm32f7xx_hal_tim_ex.c **** /**
 5621              		.loc 1 2330 1 is_stmt 0 view .LVU1656
 5622 0000 7047     		bx	lr
 5623              		.cfi_endproc
 5624              	.LFE175:
 5626              		.section	.text.TIMEx_DMACommutationCplt,"ax",%progbits
 5627              		.align	1
 5628              		.global	TIMEx_DMACommutationCplt
 5629              		.syntax unified
 5630              		.thumb
 5631              		.thumb_func
 5633              	TIMEx_DMACommutationCplt:
 5634              	.LVL406:
 5635              	.LFB181:
2444:Drivers/STM32F7xx_HAL_Driver/Src/stm32f7xx_hal_tim_ex.c ****   TIM_HandleTypeDef *htim = (TIM_HandleTypeDef *)((DMA_HandleTypeDef *)hdma)->Parent;
 5636              		.loc 1 2444 1 is_stmt 1 view -0
 5637              		.cfi_startproc
 5638              		@ args = 0, pretend = 0, frame = 0
 5639              		@ frame_needed = 0, uses_anonymous_args = 0
ARM GAS  /tmp/ccJkDeps.s 			page 173


2444:Drivers/STM32F7xx_HAL_Driver/Src/stm32f7xx_hal_tim_ex.c ****   TIM_HandleTypeDef *htim = (TIM_HandleTypeDef *)((DMA_HandleTypeDef *)hdma)->Parent;
 5640              		.loc 1 2444 1 is_stmt 0 view .LVU1658
 5641 0000 08B5     		push	{r3, lr}
 5642              	.LCFI44:
 5643              		.cfi_def_cfa_offset 8
 5644              		.cfi_offset 3, -8
 5645              		.cfi_offset 14, -4
2445:Drivers/STM32F7xx_HAL_Driver/Src/stm32f7xx_hal_tim_ex.c **** 
 5646              		.loc 1 2445 3 is_stmt 1 view .LVU1659
2445:Drivers/STM32F7xx_HAL_Driver/Src/stm32f7xx_hal_tim_ex.c **** 
 5647              		.loc 1 2445 22 is_stmt 0 view .LVU1660
 5648 0002 806B     		ldr	r0, [r0, #56]
 5649              	.LVL407:
2448:Drivers/STM32F7xx_HAL_Driver/Src/stm32f7xx_hal_tim_ex.c **** 
 5650              		.loc 1 2448 3 is_stmt 1 view .LVU1661
2448:Drivers/STM32F7xx_HAL_Driver/Src/stm32f7xx_hal_tim_ex.c **** 
 5651              		.loc 1 2448 15 is_stmt 0 view .LVU1662
 5652 0004 0123     		movs	r3, #1
 5653 0006 80F83D30 		strb	r3, [r0, #61]
2453:Drivers/STM32F7xx_HAL_Driver/Src/stm32f7xx_hal_tim_ex.c **** #endif /* USE_HAL_TIM_REGISTER_CALLBACKS */
 5654              		.loc 1 2453 3 is_stmt 1 view .LVU1663
 5655 000a FFF7FEFF 		bl	HAL_TIMEx_CommutCallback
 5656              	.LVL408:
2455:Drivers/STM32F7xx_HAL_Driver/Src/stm32f7xx_hal_tim_ex.c **** 
 5657              		.loc 1 2455 1 is_stmt 0 view .LVU1664
 5658 000e 08BD     		pop	{r3, pc}
 5659              		.cfi_endproc
 5660              	.LFE181:
 5662              		.section	.text.HAL_TIMEx_CommutHalfCpltCallback,"ax",%progbits
 5663              		.align	1
 5664              		.weak	HAL_TIMEx_CommutHalfCpltCallback
 5665              		.syntax unified
 5666              		.thumb
 5667              		.thumb_func
 5669              	HAL_TIMEx_CommutHalfCpltCallback:
 5670              	.LVL409:
 5671              	.LFB176:
2337:Drivers/STM32F7xx_HAL_Driver/Src/stm32f7xx_hal_tim_ex.c ****   /* Prevent unused argument(s) compilation warning */
 5672              		.loc 1 2337 1 is_stmt 1 view -0
 5673              		.cfi_startproc
 5674              		@ args = 0, pretend = 0, frame = 0
 5675              		@ frame_needed = 0, uses_anonymous_args = 0
 5676              		@ link register save eliminated.
2339:Drivers/STM32F7xx_HAL_Driver/Src/stm32f7xx_hal_tim_ex.c **** 
 5677              		.loc 1 2339 3 view .LVU1666
2344:Drivers/STM32F7xx_HAL_Driver/Src/stm32f7xx_hal_tim_ex.c **** 
 5678              		.loc 1 2344 1 is_stmt 0 view .LVU1667
 5679 0000 7047     		bx	lr
 5680              		.cfi_endproc
 5681              	.LFE176:
 5683              		.section	.text.TIMEx_DMACommutationHalfCplt,"ax",%progbits
 5684              		.align	1
 5685              		.global	TIMEx_DMACommutationHalfCplt
 5686              		.syntax unified
 5687              		.thumb
 5688              		.thumb_func
 5690              	TIMEx_DMACommutationHalfCplt:
ARM GAS  /tmp/ccJkDeps.s 			page 174


 5691              	.LVL410:
 5692              	.LFB182:
2463:Drivers/STM32F7xx_HAL_Driver/Src/stm32f7xx_hal_tim_ex.c ****   TIM_HandleTypeDef *htim = (TIM_HandleTypeDef *)((DMA_HandleTypeDef *)hdma)->Parent;
 5693              		.loc 1 2463 1 is_stmt 1 view -0
 5694              		.cfi_startproc
 5695              		@ args = 0, pretend = 0, frame = 0
 5696              		@ frame_needed = 0, uses_anonymous_args = 0
2463:Drivers/STM32F7xx_HAL_Driver/Src/stm32f7xx_hal_tim_ex.c ****   TIM_HandleTypeDef *htim = (TIM_HandleTypeDef *)((DMA_HandleTypeDef *)hdma)->Parent;
 5697              		.loc 1 2463 1 is_stmt 0 view .LVU1669
 5698 0000 08B5     		push	{r3, lr}
 5699              	.LCFI45:
 5700              		.cfi_def_cfa_offset 8
 5701              		.cfi_offset 3, -8
 5702              		.cfi_offset 14, -4
2464:Drivers/STM32F7xx_HAL_Driver/Src/stm32f7xx_hal_tim_ex.c **** 
 5703              		.loc 1 2464 3 is_stmt 1 view .LVU1670
2464:Drivers/STM32F7xx_HAL_Driver/Src/stm32f7xx_hal_tim_ex.c **** 
 5704              		.loc 1 2464 22 is_stmt 0 view .LVU1671
 5705 0002 806B     		ldr	r0, [r0, #56]
 5706              	.LVL411:
2467:Drivers/STM32F7xx_HAL_Driver/Src/stm32f7xx_hal_tim_ex.c **** 
 5707              		.loc 1 2467 3 is_stmt 1 view .LVU1672
2467:Drivers/STM32F7xx_HAL_Driver/Src/stm32f7xx_hal_tim_ex.c **** 
 5708              		.loc 1 2467 15 is_stmt 0 view .LVU1673
 5709 0004 0123     		movs	r3, #1
 5710 0006 80F83D30 		strb	r3, [r0, #61]
2472:Drivers/STM32F7xx_HAL_Driver/Src/stm32f7xx_hal_tim_ex.c **** #endif /* USE_HAL_TIM_REGISTER_CALLBACKS */
 5711              		.loc 1 2472 3 is_stmt 1 view .LVU1674
 5712 000a FFF7FEFF 		bl	HAL_TIMEx_CommutHalfCpltCallback
 5713              	.LVL412:
2474:Drivers/STM32F7xx_HAL_Driver/Src/stm32f7xx_hal_tim_ex.c **** 
 5714              		.loc 1 2474 1 is_stmt 0 view .LVU1675
 5715 000e 08BD     		pop	{r3, pc}
 5716              		.cfi_endproc
 5717              	.LFE182:
 5719              		.section	.text.HAL_TIMEx_BreakCallback,"ax",%progbits
 5720              		.align	1
 5721              		.weak	HAL_TIMEx_BreakCallback
 5722              		.syntax unified
 5723              		.thumb
 5724              		.thumb_func
 5726              	HAL_TIMEx_BreakCallback:
 5727              	.LVL413:
 5728              	.LFB177:
2352:Drivers/STM32F7xx_HAL_Driver/Src/stm32f7xx_hal_tim_ex.c ****   /* Prevent unused argument(s) compilation warning */
 5729              		.loc 1 2352 1 is_stmt 1 view -0
 5730              		.cfi_startproc
 5731              		@ args = 0, pretend = 0, frame = 0
 5732              		@ frame_needed = 0, uses_anonymous_args = 0
 5733              		@ link register save eliminated.
2354:Drivers/STM32F7xx_HAL_Driver/Src/stm32f7xx_hal_tim_ex.c **** 
 5734              		.loc 1 2354 3 view .LVU1677
2359:Drivers/STM32F7xx_HAL_Driver/Src/stm32f7xx_hal_tim_ex.c **** 
 5735              		.loc 1 2359 1 is_stmt 0 view .LVU1678
 5736 0000 7047     		bx	lr
 5737              		.cfi_endproc
 5738              	.LFE177:
ARM GAS  /tmp/ccJkDeps.s 			page 175


 5740              		.section	.text.HAL_TIMEx_Break2Callback,"ax",%progbits
 5741              		.align	1
 5742              		.weak	HAL_TIMEx_Break2Callback
 5743              		.syntax unified
 5744              		.thumb
 5745              		.thumb_func
 5747              	HAL_TIMEx_Break2Callback:
 5748              	.LVL414:
 5749              	.LFB178:
2367:Drivers/STM32F7xx_HAL_Driver/Src/stm32f7xx_hal_tim_ex.c ****   /* Prevent unused argument(s) compilation warning */
 5750              		.loc 1 2367 1 is_stmt 1 view -0
 5751              		.cfi_startproc
 5752              		@ args = 0, pretend = 0, frame = 0
 5753              		@ frame_needed = 0, uses_anonymous_args = 0
 5754              		@ link register save eliminated.
2369:Drivers/STM32F7xx_HAL_Driver/Src/stm32f7xx_hal_tim_ex.c **** 
 5755              		.loc 1 2369 3 view .LVU1680
2374:Drivers/STM32F7xx_HAL_Driver/Src/stm32f7xx_hal_tim_ex.c **** /**
 5756              		.loc 1 2374 1 is_stmt 0 view .LVU1681
 5757 0000 7047     		bx	lr
 5758              		.cfi_endproc
 5759              	.LFE178:
 5761              		.section	.text.HAL_TIMEx_HallSensor_GetState,"ax",%progbits
 5762              		.align	1
 5763              		.global	HAL_TIMEx_HallSensor_GetState
 5764              		.syntax unified
 5765              		.thumb
 5766              		.thumb_func
 5768              	HAL_TIMEx_HallSensor_GetState:
 5769              	.LVL415:
 5770              	.LFB179:
2400:Drivers/STM32F7xx_HAL_Driver/Src/stm32f7xx_hal_tim_ex.c ****   return htim->State;
 5771              		.loc 1 2400 1 is_stmt 1 view -0
 5772              		.cfi_startproc
 5773              		@ args = 0, pretend = 0, frame = 0
 5774              		@ frame_needed = 0, uses_anonymous_args = 0
 5775              		@ link register save eliminated.
2401:Drivers/STM32F7xx_HAL_Driver/Src/stm32f7xx_hal_tim_ex.c **** }
 5776              		.loc 1 2401 3 view .LVU1683
2401:Drivers/STM32F7xx_HAL_Driver/Src/stm32f7xx_hal_tim_ex.c **** }
 5777              		.loc 1 2401 14 is_stmt 0 view .LVU1684
 5778 0000 90F83D00 		ldrb	r0, [r0, #61]	@ zero_extendqisi2
 5779              	.LVL416:
2402:Drivers/STM32F7xx_HAL_Driver/Src/stm32f7xx_hal_tim_ex.c **** 
 5780              		.loc 1 2402 1 view .LVU1685
 5781 0004 7047     		bx	lr
 5782              		.cfi_endproc
 5783              	.LFE179:
 5785              		.section	.text.HAL_TIMEx_GetChannelNState,"ax",%progbits
 5786              		.align	1
 5787              		.global	HAL_TIMEx_GetChannelNState
 5788              		.syntax unified
 5789              		.thumb
 5790              		.thumb_func
 5792              	HAL_TIMEx_GetChannelNState:
 5793              	.LVL417:
 5794              	.LFB180:
ARM GAS  /tmp/ccJkDeps.s 			page 176


2415:Drivers/STM32F7xx_HAL_Driver/Src/stm32f7xx_hal_tim_ex.c ****   HAL_TIM_ChannelStateTypeDef channel_state;
 5795              		.loc 1 2415 1 is_stmt 1 view -0
 5796              		.cfi_startproc
 5797              		@ args = 0, pretend = 0, frame = 0
 5798              		@ frame_needed = 0, uses_anonymous_args = 0
 5799              		@ link register save eliminated.
2416:Drivers/STM32F7xx_HAL_Driver/Src/stm32f7xx_hal_tim_ex.c **** 
 5800              		.loc 1 2416 3 view .LVU1687
2419:Drivers/STM32F7xx_HAL_Driver/Src/stm32f7xx_hal_tim_ex.c **** 
 5801              		.loc 1 2419 3 view .LVU1688
2421:Drivers/STM32F7xx_HAL_Driver/Src/stm32f7xx_hal_tim_ex.c **** 
 5802              		.loc 1 2421 3 view .LVU1689
2421:Drivers/STM32F7xx_HAL_Driver/Src/stm32f7xx_hal_tim_ex.c **** 
 5803              		.loc 1 2421 19 is_stmt 0 view .LVU1690
 5804 0000 19B9     		cbnz	r1, .L438
2421:Drivers/STM32F7xx_HAL_Driver/Src/stm32f7xx_hal_tim_ex.c **** 
 5805              		.loc 1 2421 19 discriminator 1 view .LVU1691
 5806 0002 90F84400 		ldrb	r0, [r0, #68]	@ zero_extendqisi2
 5807              	.LVL418:
2421:Drivers/STM32F7xx_HAL_Driver/Src/stm32f7xx_hal_tim_ex.c **** 
 5808              		.loc 1 2421 19 discriminator 1 view .LVU1692
 5809 0006 C0B2     		uxtb	r0, r0
 5810 0008 7047     		bx	lr
 5811              	.LVL419:
 5812              	.L438:
2421:Drivers/STM32F7xx_HAL_Driver/Src/stm32f7xx_hal_tim_ex.c **** 
 5813              		.loc 1 2421 19 discriminator 2 view .LVU1693
 5814 000a 0429     		cmp	r1, #4
 5815 000c 05D0     		beq	.L442
2421:Drivers/STM32F7xx_HAL_Driver/Src/stm32f7xx_hal_tim_ex.c **** 
 5816              		.loc 1 2421 19 discriminator 5 view .LVU1694
 5817 000e 0829     		cmp	r1, #8
 5818 0010 07D0     		beq	.L443
2421:Drivers/STM32F7xx_HAL_Driver/Src/stm32f7xx_hal_tim_ex.c **** 
 5819              		.loc 1 2421 19 discriminator 8 view .LVU1695
 5820 0012 90F84700 		ldrb	r0, [r0, #71]	@ zero_extendqisi2
 5821              	.LVL420:
2421:Drivers/STM32F7xx_HAL_Driver/Src/stm32f7xx_hal_tim_ex.c **** 
 5822              		.loc 1 2421 19 discriminator 8 view .LVU1696
 5823 0016 C0B2     		uxtb	r0, r0
 5824              	.LVL421:
2423:Drivers/STM32F7xx_HAL_Driver/Src/stm32f7xx_hal_tim_ex.c **** }
 5825              		.loc 1 2423 3 is_stmt 1 discriminator 8 view .LVU1697
2424:Drivers/STM32F7xx_HAL_Driver/Src/stm32f7xx_hal_tim_ex.c **** /**
 5826              		.loc 1 2424 1 is_stmt 0 discriminator 8 view .LVU1698
 5827 0018 7047     		bx	lr
 5828              	.LVL422:
 5829              	.L442:
2421:Drivers/STM32F7xx_HAL_Driver/Src/stm32f7xx_hal_tim_ex.c **** 
 5830              		.loc 1 2421 19 discriminator 4 view .LVU1699
 5831 001a 90F84500 		ldrb	r0, [r0, #69]	@ zero_extendqisi2
 5832              	.LVL423:
2421:Drivers/STM32F7xx_HAL_Driver/Src/stm32f7xx_hal_tim_ex.c **** 
 5833              		.loc 1 2421 19 discriminator 4 view .LVU1700
 5834 001e C0B2     		uxtb	r0, r0
 5835 0020 7047     		bx	lr
 5836              	.LVL424:
ARM GAS  /tmp/ccJkDeps.s 			page 177


 5837              	.L443:
2421:Drivers/STM32F7xx_HAL_Driver/Src/stm32f7xx_hal_tim_ex.c **** 
 5838              		.loc 1 2421 19 discriminator 7 view .LVU1701
 5839 0022 90F84600 		ldrb	r0, [r0, #70]	@ zero_extendqisi2
 5840              	.LVL425:
2421:Drivers/STM32F7xx_HAL_Driver/Src/stm32f7xx_hal_tim_ex.c **** 
 5841              		.loc 1 2421 19 discriminator 7 view .LVU1702
 5842 0026 C0B2     		uxtb	r0, r0
 5843 0028 7047     		bx	lr
 5844              		.cfi_endproc
 5845              	.LFE180:
 5847              		.text
 5848              	.Letext0:
 5849              		.file 2 "/usr/lib/gcc/arm-none-eabi/12.2.1/include/stdint.h"
 5850              		.file 3 "Drivers/CMSIS/Device/ST/STM32F7xx/Include/stm32f767xx.h"
 5851              		.file 4 "Drivers/CMSIS/Device/ST/STM32F7xx/Include/stm32f7xx.h"
 5852              		.file 5 "Drivers/STM32F7xx_HAL_Driver/Inc/stm32f7xx_hal_def.h"
 5853              		.file 6 "Drivers/STM32F7xx_HAL_Driver/Inc/stm32f7xx_hal_dma.h"
 5854              		.file 7 "Drivers/STM32F7xx_HAL_Driver/Inc/stm32f7xx_hal_tim.h"
 5855              		.file 8 "Drivers/STM32F7xx_HAL_Driver/Inc/stm32f7xx_hal_tim_ex.h"
ARM GAS  /tmp/ccJkDeps.s 			page 178


DEFINED SYMBOLS
                            *ABS*:00000000 stm32f7xx_hal_tim_ex.c
     /tmp/ccJkDeps.s:20     .text.TIM_CCxNChannelCmd:00000000 $t
     /tmp/ccJkDeps.s:25     .text.TIM_CCxNChannelCmd:00000000 TIM_CCxNChannelCmd
     /tmp/ccJkDeps.s:63     .text.TIM_DMAErrorCCxN:00000000 $t
     /tmp/ccJkDeps.s:68     .text.TIM_DMAErrorCCxN:00000000 TIM_DMAErrorCCxN
     /tmp/ccJkDeps.s:148    .text.TIM_DMADelayPulseNCplt:00000000 $t
     /tmp/ccJkDeps.s:153    .text.TIM_DMADelayPulseNCplt:00000000 TIM_DMADelayPulseNCplt
     /tmp/ccJkDeps.s:273    .text.HAL_TIMEx_HallSensor_MspInit:00000000 $t
     /tmp/ccJkDeps.s:279    .text.HAL_TIMEx_HallSensor_MspInit:00000000 HAL_TIMEx_HallSensor_MspInit
     /tmp/ccJkDeps.s:294    .text.HAL_TIMEx_HallSensor_Init:00000000 $t
     /tmp/ccJkDeps.s:300    .text.HAL_TIMEx_HallSensor_Init:00000000 HAL_TIMEx_HallSensor_Init
     /tmp/ccJkDeps.s:517    .text.HAL_TIMEx_HallSensor_Init:000000d4 $d
     /tmp/ccJkDeps.s:522    .text.HAL_TIMEx_HallSensor_MspDeInit:00000000 $t
     /tmp/ccJkDeps.s:528    .text.HAL_TIMEx_HallSensor_MspDeInit:00000000 HAL_TIMEx_HallSensor_MspDeInit
     /tmp/ccJkDeps.s:543    .text.HAL_TIMEx_HallSensor_DeInit:00000000 $t
     /tmp/ccJkDeps.s:549    .text.HAL_TIMEx_HallSensor_DeInit:00000000 HAL_TIMEx_HallSensor_DeInit
     /tmp/ccJkDeps.s:619    .text.HAL_TIMEx_HallSensor_Start:00000000 $t
     /tmp/ccJkDeps.s:625    .text.HAL_TIMEx_HallSensor_Start:00000000 HAL_TIMEx_HallSensor_Start
     /tmp/ccJkDeps.s:786    .text.HAL_TIMEx_HallSensor_Start:000000c0 $d
     /tmp/ccJkDeps.s:792    .text.HAL_TIMEx_HallSensor_Stop:00000000 $t
     /tmp/ccJkDeps.s:798    .text.HAL_TIMEx_HallSensor_Stop:00000000 HAL_TIMEx_HallSensor_Stop
     /tmp/ccJkDeps.s:857    .text.HAL_TIMEx_HallSensor_Start_IT:00000000 $t
     /tmp/ccJkDeps.s:863    .text.HAL_TIMEx_HallSensor_Start_IT:00000000 HAL_TIMEx_HallSensor_Start_IT
     /tmp/ccJkDeps.s:1029   .text.HAL_TIMEx_HallSensor_Start_IT:000000cc $d
     /tmp/ccJkDeps.s:1035   .text.HAL_TIMEx_HallSensor_Stop_IT:00000000 $t
     /tmp/ccJkDeps.s:1041   .text.HAL_TIMEx_HallSensor_Stop_IT:00000000 HAL_TIMEx_HallSensor_Stop_IT
     /tmp/ccJkDeps.s:1105   .text.HAL_TIMEx_HallSensor_Start_DMA:00000000 $t
     /tmp/ccJkDeps.s:1111   .text.HAL_TIMEx_HallSensor_Start_DMA:00000000 HAL_TIMEx_HallSensor_Start_DMA
     /tmp/ccJkDeps.s:1303   .text.HAL_TIMEx_HallSensor_Start_DMA:000000e8 $d
     /tmp/ccJkDeps.s:1312   .text.HAL_TIMEx_HallSensor_Stop_DMA:00000000 $t
     /tmp/ccJkDeps.s:1318   .text.HAL_TIMEx_HallSensor_Stop_DMA:00000000 HAL_TIMEx_HallSensor_Stop_DMA
     /tmp/ccJkDeps.s:1383   .text.HAL_TIMEx_OCN_Start:00000000 $t
     /tmp/ccJkDeps.s:1389   .text.HAL_TIMEx_OCN_Start:00000000 HAL_TIMEx_OCN_Start
     /tmp/ccJkDeps.s:1580   .text.HAL_TIMEx_OCN_Start:000000f8 $d
     /tmp/ccJkDeps.s:1586   .text.HAL_TIMEx_OCN_Stop:00000000 $t
     /tmp/ccJkDeps.s:1592   .text.HAL_TIMEx_OCN_Stop:00000000 HAL_TIMEx_OCN_Stop
     /tmp/ccJkDeps.s:1689   .text.HAL_TIMEx_OCN_Start_IT:00000000 $t
     /tmp/ccJkDeps.s:1695   .text.HAL_TIMEx_OCN_Start_IT:00000000 HAL_TIMEx_OCN_Start_IT
     /tmp/ccJkDeps.s:1929   .text.HAL_TIMEx_OCN_Start_IT:00000130 $d
     /tmp/ccJkDeps.s:1935   .text.HAL_TIMEx_OCN_Stop_IT:00000000 $t
     /tmp/ccJkDeps.s:1941   .text.HAL_TIMEx_OCN_Stop_IT:00000000 HAL_TIMEx_OCN_Stop_IT
     /tmp/ccJkDeps.s:2103   .text.HAL_TIMEx_OCN_Start_DMA:00000000 $t
     /tmp/ccJkDeps.s:2109   .text.HAL_TIMEx_OCN_Start_DMA:00000000 HAL_TIMEx_OCN_Start_DMA
     /tmp/ccJkDeps.s:2532   .text.HAL_TIMEx_OCN_Start_DMA:00000218 $d
     /tmp/ccJkDeps.s:2541   .text.HAL_TIMEx_OCN_Stop_DMA:00000000 $t
     /tmp/ccJkDeps.s:2547   .text.HAL_TIMEx_OCN_Stop_DMA:00000000 HAL_TIMEx_OCN_Stop_DMA
     /tmp/ccJkDeps.s:2707   .text.HAL_TIMEx_PWMN_Start:00000000 $t
     /tmp/ccJkDeps.s:2713   .text.HAL_TIMEx_PWMN_Start:00000000 HAL_TIMEx_PWMN_Start
     /tmp/ccJkDeps.s:2904   .text.HAL_TIMEx_PWMN_Start:000000f8 $d
     /tmp/ccJkDeps.s:2910   .text.HAL_TIMEx_PWMN_Stop:00000000 $t
     /tmp/ccJkDeps.s:2916   .text.HAL_TIMEx_PWMN_Stop:00000000 HAL_TIMEx_PWMN_Stop
     /tmp/ccJkDeps.s:3013   .text.HAL_TIMEx_PWMN_Start_IT:00000000 $t
     /tmp/ccJkDeps.s:3019   .text.HAL_TIMEx_PWMN_Start_IT:00000000 HAL_TIMEx_PWMN_Start_IT
     /tmp/ccJkDeps.s:3253   .text.HAL_TIMEx_PWMN_Start_IT:00000130 $d
     /tmp/ccJkDeps.s:3259   .text.HAL_TIMEx_PWMN_Stop_IT:00000000 $t
     /tmp/ccJkDeps.s:3265   .text.HAL_TIMEx_PWMN_Stop_IT:00000000 HAL_TIMEx_PWMN_Stop_IT
ARM GAS  /tmp/ccJkDeps.s 			page 179


     /tmp/ccJkDeps.s:3427   .text.HAL_TIMEx_PWMN_Start_DMA:00000000 $t
     /tmp/ccJkDeps.s:3433   .text.HAL_TIMEx_PWMN_Start_DMA:00000000 HAL_TIMEx_PWMN_Start_DMA
     /tmp/ccJkDeps.s:3856   .text.HAL_TIMEx_PWMN_Start_DMA:00000218 $d
     /tmp/ccJkDeps.s:3865   .text.HAL_TIMEx_PWMN_Stop_DMA:00000000 $t
     /tmp/ccJkDeps.s:3871   .text.HAL_TIMEx_PWMN_Stop_DMA:00000000 HAL_TIMEx_PWMN_Stop_DMA
     /tmp/ccJkDeps.s:4031   .text.HAL_TIMEx_OnePulseN_Start:00000000 $t
     /tmp/ccJkDeps.s:4037   .text.HAL_TIMEx_OnePulseN_Start:00000000 HAL_TIMEx_OnePulseN_Start
     /tmp/ccJkDeps.s:4160   .text.HAL_TIMEx_OnePulseN_Stop:00000000 $t
     /tmp/ccJkDeps.s:4166   .text.HAL_TIMEx_OnePulseN_Stop:00000000 HAL_TIMEx_OnePulseN_Stop
     /tmp/ccJkDeps.s:4261   .text.HAL_TIMEx_OnePulseN_Start_IT:00000000 $t
     /tmp/ccJkDeps.s:4267   .text.HAL_TIMEx_OnePulseN_Start_IT:00000000 HAL_TIMEx_OnePulseN_Start_IT
     /tmp/ccJkDeps.s:4401   .text.HAL_TIMEx_OnePulseN_Stop_IT:00000000 $t
     /tmp/ccJkDeps.s:4407   .text.HAL_TIMEx_OnePulseN_Stop_IT:00000000 HAL_TIMEx_OnePulseN_Stop_IT
     /tmp/ccJkDeps.s:4512   .text.HAL_TIMEx_ConfigCommutEvent:00000000 $t
     /tmp/ccJkDeps.s:4518   .text.HAL_TIMEx_ConfigCommutEvent:00000000 HAL_TIMEx_ConfigCommutEvent
     /tmp/ccJkDeps.s:4639   .text.HAL_TIMEx_ConfigCommutEvent_IT:00000000 $t
     /tmp/ccJkDeps.s:4645   .text.HAL_TIMEx_ConfigCommutEvent_IT:00000000 HAL_TIMEx_ConfigCommutEvent_IT
     /tmp/ccJkDeps.s:4766   .text.HAL_TIMEx_ConfigCommutEvent_DMA:00000000 $t
     /tmp/ccJkDeps.s:4772   .text.HAL_TIMEx_ConfigCommutEvent_DMA:00000000 HAL_TIMEx_ConfigCommutEvent_DMA
     /tmp/ccJkDeps.s:4910   .text.HAL_TIMEx_ConfigCommutEvent_DMA:0000008c $d
     /tmp/ccJkDeps.s:5633   .text.TIMEx_DMACommutationCplt:00000000 TIMEx_DMACommutationCplt
     /tmp/ccJkDeps.s:5690   .text.TIMEx_DMACommutationHalfCplt:00000000 TIMEx_DMACommutationHalfCplt
     /tmp/ccJkDeps.s:4917   .text.HAL_TIMEx_MasterConfigSynchronization:00000000 $t
     /tmp/ccJkDeps.s:4923   .text.HAL_TIMEx_MasterConfigSynchronization:00000000 HAL_TIMEx_MasterConfigSynchronization
     /tmp/ccJkDeps.s:5079   .text.HAL_TIMEx_MasterConfigSynchronization:00000098 $d
     /tmp/ccJkDeps.s:5085   .text.HAL_TIMEx_ConfigBreakDeadTime:00000000 $t
     /tmp/ccJkDeps.s:5091   .text.HAL_TIMEx_ConfigBreakDeadTime:00000000 HAL_TIMEx_ConfigBreakDeadTime
     /tmp/ccJkDeps.s:5256   .text.HAL_TIMEx_ConfigBreakDeadTime:00000088 $d
     /tmp/ccJkDeps.s:5262   .text.HAL_TIMEx_ConfigBreakInput:00000000 $t
     /tmp/ccJkDeps.s:5268   .text.HAL_TIMEx_ConfigBreakInput:00000000 HAL_TIMEx_ConfigBreakInput
     /tmp/ccJkDeps.s:5472   .text.HAL_TIMEx_RemapConfig:00000000 $t
     /tmp/ccJkDeps.s:5478   .text.HAL_TIMEx_RemapConfig:00000000 HAL_TIMEx_RemapConfig
     /tmp/ccJkDeps.s:5527   .text.HAL_TIMEx_GroupChannel5:00000000 $t
     /tmp/ccJkDeps.s:5533   .text.HAL_TIMEx_GroupChannel5:00000000 HAL_TIMEx_GroupChannel5
     /tmp/ccJkDeps.s:5606   .text.HAL_TIMEx_CommutCallback:00000000 $t
     /tmp/ccJkDeps.s:5612   .text.HAL_TIMEx_CommutCallback:00000000 HAL_TIMEx_CommutCallback
     /tmp/ccJkDeps.s:5627   .text.TIMEx_DMACommutationCplt:00000000 $t
     /tmp/ccJkDeps.s:5663   .text.HAL_TIMEx_CommutHalfCpltCallback:00000000 $t
     /tmp/ccJkDeps.s:5669   .text.HAL_TIMEx_CommutHalfCpltCallback:00000000 HAL_TIMEx_CommutHalfCpltCallback
     /tmp/ccJkDeps.s:5684   .text.TIMEx_DMACommutationHalfCplt:00000000 $t
     /tmp/ccJkDeps.s:5720   .text.HAL_TIMEx_BreakCallback:00000000 $t
     /tmp/ccJkDeps.s:5726   .text.HAL_TIMEx_BreakCallback:00000000 HAL_TIMEx_BreakCallback
     /tmp/ccJkDeps.s:5741   .text.HAL_TIMEx_Break2Callback:00000000 $t
     /tmp/ccJkDeps.s:5747   .text.HAL_TIMEx_Break2Callback:00000000 HAL_TIMEx_Break2Callback
     /tmp/ccJkDeps.s:5762   .text.HAL_TIMEx_HallSensor_GetState:00000000 $t
     /tmp/ccJkDeps.s:5768   .text.HAL_TIMEx_HallSensor_GetState:00000000 HAL_TIMEx_HallSensor_GetState
     /tmp/ccJkDeps.s:5786   .text.HAL_TIMEx_GetChannelNState:00000000 $t
     /tmp/ccJkDeps.s:5792   .text.HAL_TIMEx_GetChannelNState:00000000 HAL_TIMEx_GetChannelNState

UNDEFINED SYMBOLS
HAL_TIM_ErrorCallback
HAL_TIM_PWM_PulseFinishedCallback
TIM_Base_SetConfig
TIM_TI1_SetConfig
TIM_OC2_SetConfig
TIM_CCxChannelCmd
HAL_DMA_Start_IT
ARM GAS  /tmp/ccJkDeps.s 			page 180


TIM_DMACaptureCplt
TIM_DMACaptureHalfCplt
TIM_DMAError
HAL_DMA_Abort_IT
TIM_DMADelayPulseHalfCplt
