ARM GAS  /tmp/ccwEre5k.s 			page 1


   1              		.cpu cortex-m7
   2              		.arch armv7e-m
   3              		.fpu fpv5-d16
   4              		.eabi_attribute 28, 1
   5              		.eabi_attribute 20, 1
   6              		.eabi_attribute 21, 1
   7              		.eabi_attribute 23, 3
   8              		.eabi_attribute 24, 1
   9              		.eabi_attribute 25, 1
  10              		.eabi_attribute 26, 1
  11              		.eabi_attribute 30, 1
  12              		.eabi_attribute 34, 1
  13              		.eabi_attribute 18, 4
  14              		.file	"tcp.c"
  15              		.text
  16              	.Ltext0:
  17              		.cfi_sections	.debug_frame
  18              		.file 1 "Middlewares/Third_Party/LwIP/src/core/tcp.c"
  19              		.section	.text.tcp_new_port,"ax",%progbits
  20              		.align	1
  21              		.syntax unified
  22              		.thumb
  23              		.thumb_func
  25              	tcp_new_port:
  26              	.LFB185:
   1:Middlewares/Third_Party/LwIP/src/core/tcp.c **** /**
   2:Middlewares/Third_Party/LwIP/src/core/tcp.c ****  * @file
   3:Middlewares/Third_Party/LwIP/src/core/tcp.c ****  * Transmission Control Protocol for IP
   4:Middlewares/Third_Party/LwIP/src/core/tcp.c ****  * See also @ref tcp_raw
   5:Middlewares/Third_Party/LwIP/src/core/tcp.c ****  *
   6:Middlewares/Third_Party/LwIP/src/core/tcp.c ****  * @defgroup tcp_raw TCP
   7:Middlewares/Third_Party/LwIP/src/core/tcp.c ****  * @ingroup callbackstyle_api
   8:Middlewares/Third_Party/LwIP/src/core/tcp.c ****  * Transmission Control Protocol for IP\n
   9:Middlewares/Third_Party/LwIP/src/core/tcp.c ****  * @see @ref api
  10:Middlewares/Third_Party/LwIP/src/core/tcp.c ****  *
  11:Middlewares/Third_Party/LwIP/src/core/tcp.c ****  * Common functions for the TCP implementation, such as functions
  12:Middlewares/Third_Party/LwIP/src/core/tcp.c ****  * for manipulating the data structures and the TCP timer functions. TCP functions
  13:Middlewares/Third_Party/LwIP/src/core/tcp.c ****  * related to input and output is found in tcp_in.c and tcp_out.c respectively.\n
  14:Middlewares/Third_Party/LwIP/src/core/tcp.c ****  * 
  15:Middlewares/Third_Party/LwIP/src/core/tcp.c ****  * TCP connection setup
  16:Middlewares/Third_Party/LwIP/src/core/tcp.c ****  * --------------------
  17:Middlewares/Third_Party/LwIP/src/core/tcp.c ****  * The functions used for setting up connections is similar to that of
  18:Middlewares/Third_Party/LwIP/src/core/tcp.c ****  * the sequential API and of the BSD socket API. A new TCP connection
  19:Middlewares/Third_Party/LwIP/src/core/tcp.c ****  * identifier (i.e., a protocol control block - PCB) is created with the
  20:Middlewares/Third_Party/LwIP/src/core/tcp.c ****  * tcp_new() function. This PCB can then be either set to listen for new
  21:Middlewares/Third_Party/LwIP/src/core/tcp.c ****  * incoming connections or be explicitly connected to another host.
  22:Middlewares/Third_Party/LwIP/src/core/tcp.c ****  * - tcp_new()
  23:Middlewares/Third_Party/LwIP/src/core/tcp.c ****  * - tcp_bind()
  24:Middlewares/Third_Party/LwIP/src/core/tcp.c ****  * - tcp_listen() and tcp_listen_with_backlog()
  25:Middlewares/Third_Party/LwIP/src/core/tcp.c ****  * - tcp_accept()
  26:Middlewares/Third_Party/LwIP/src/core/tcp.c ****  * - tcp_connect()
  27:Middlewares/Third_Party/LwIP/src/core/tcp.c ****  * 
  28:Middlewares/Third_Party/LwIP/src/core/tcp.c ****  * Sending TCP data
  29:Middlewares/Third_Party/LwIP/src/core/tcp.c ****  * ----------------
  30:Middlewares/Third_Party/LwIP/src/core/tcp.c ****  * TCP data is sent by enqueueing the data with a call to tcp_write() and
  31:Middlewares/Third_Party/LwIP/src/core/tcp.c ****  * triggering to send by calling tcp_output(). When the data is successfully
  32:Middlewares/Third_Party/LwIP/src/core/tcp.c ****  * transmitted to the remote host, the application will be notified with a
ARM GAS  /tmp/ccwEre5k.s 			page 2


  33:Middlewares/Third_Party/LwIP/src/core/tcp.c ****  * call to a specified callback function.
  34:Middlewares/Third_Party/LwIP/src/core/tcp.c ****  * - tcp_write()
  35:Middlewares/Third_Party/LwIP/src/core/tcp.c ****  * - tcp_output()
  36:Middlewares/Third_Party/LwIP/src/core/tcp.c ****  * - tcp_sent()
  37:Middlewares/Third_Party/LwIP/src/core/tcp.c ****  * 
  38:Middlewares/Third_Party/LwIP/src/core/tcp.c ****  * Receiving TCP data
  39:Middlewares/Third_Party/LwIP/src/core/tcp.c ****  * ------------------
  40:Middlewares/Third_Party/LwIP/src/core/tcp.c ****  * TCP data reception is callback based - an application specified
  41:Middlewares/Third_Party/LwIP/src/core/tcp.c ****  * callback function is called when new data arrives. When the
  42:Middlewares/Third_Party/LwIP/src/core/tcp.c ****  * application has taken the data, it has to call the tcp_recved()
  43:Middlewares/Third_Party/LwIP/src/core/tcp.c ****  * function to indicate that TCP can advertise increase the receive
  44:Middlewares/Third_Party/LwIP/src/core/tcp.c ****  * window.
  45:Middlewares/Third_Party/LwIP/src/core/tcp.c ****  * - tcp_recv()
  46:Middlewares/Third_Party/LwIP/src/core/tcp.c ****  * - tcp_recved()
  47:Middlewares/Third_Party/LwIP/src/core/tcp.c ****  * 
  48:Middlewares/Third_Party/LwIP/src/core/tcp.c ****  * Application polling
  49:Middlewares/Third_Party/LwIP/src/core/tcp.c ****  * -------------------
  50:Middlewares/Third_Party/LwIP/src/core/tcp.c ****  * When a connection is idle (i.e., no data is either transmitted or
  51:Middlewares/Third_Party/LwIP/src/core/tcp.c ****  * received), lwIP will repeatedly poll the application by calling a
  52:Middlewares/Third_Party/LwIP/src/core/tcp.c ****  * specified callback function. This can be used either as a watchdog
  53:Middlewares/Third_Party/LwIP/src/core/tcp.c ****  * timer for killing connections that have stayed idle for too long, or
  54:Middlewares/Third_Party/LwIP/src/core/tcp.c ****  * as a method of waiting for memory to become available. For instance,
  55:Middlewares/Third_Party/LwIP/src/core/tcp.c ****  * if a call to tcp_write() has failed because memory wasn't available,
  56:Middlewares/Third_Party/LwIP/src/core/tcp.c ****  * the application may use the polling functionality to call tcp_write()
  57:Middlewares/Third_Party/LwIP/src/core/tcp.c ****  * again when the connection has been idle for a while.
  58:Middlewares/Third_Party/LwIP/src/core/tcp.c ****  * - tcp_poll()
  59:Middlewares/Third_Party/LwIP/src/core/tcp.c ****  *
  60:Middlewares/Third_Party/LwIP/src/core/tcp.c ****  * Closing and aborting connections
  61:Middlewares/Third_Party/LwIP/src/core/tcp.c ****  * --------------------------------
  62:Middlewares/Third_Party/LwIP/src/core/tcp.c ****  * - tcp_close()
  63:Middlewares/Third_Party/LwIP/src/core/tcp.c ****  * - tcp_abort()
  64:Middlewares/Third_Party/LwIP/src/core/tcp.c ****  * - tcp_err()
  65:Middlewares/Third_Party/LwIP/src/core/tcp.c ****  * 
  66:Middlewares/Third_Party/LwIP/src/core/tcp.c ****  */
  67:Middlewares/Third_Party/LwIP/src/core/tcp.c **** 
  68:Middlewares/Third_Party/LwIP/src/core/tcp.c **** /*
  69:Middlewares/Third_Party/LwIP/src/core/tcp.c ****  * Copyright (c) 2001-2004 Swedish Institute of Computer Science.
  70:Middlewares/Third_Party/LwIP/src/core/tcp.c ****  * All rights reserved.
  71:Middlewares/Third_Party/LwIP/src/core/tcp.c ****  *
  72:Middlewares/Third_Party/LwIP/src/core/tcp.c ****  * Redistribution and use in source and binary forms, with or without modification,
  73:Middlewares/Third_Party/LwIP/src/core/tcp.c ****  * are permitted provided that the following conditions are met:
  74:Middlewares/Third_Party/LwIP/src/core/tcp.c ****  *
  75:Middlewares/Third_Party/LwIP/src/core/tcp.c ****  * 1. Redistributions of source code must retain the above copyright notice,
  76:Middlewares/Third_Party/LwIP/src/core/tcp.c ****  *    this list of conditions and the following disclaimer.
  77:Middlewares/Third_Party/LwIP/src/core/tcp.c ****  * 2. Redistributions in binary form must reproduce the above copyright notice,
  78:Middlewares/Third_Party/LwIP/src/core/tcp.c ****  *    this list of conditions and the following disclaimer in the documentation
  79:Middlewares/Third_Party/LwIP/src/core/tcp.c ****  *    and/or other materials provided with the distribution.
  80:Middlewares/Third_Party/LwIP/src/core/tcp.c ****  * 3. The name of the author may not be used to endorse or promote products
  81:Middlewares/Third_Party/LwIP/src/core/tcp.c ****  *    derived from this software without specific prior written permission.
  82:Middlewares/Third_Party/LwIP/src/core/tcp.c ****  *
  83:Middlewares/Third_Party/LwIP/src/core/tcp.c ****  * THIS SOFTWARE IS PROVIDED BY THE AUTHOR ``AS IS'' AND ANY EXPRESS OR IMPLIED
  84:Middlewares/Third_Party/LwIP/src/core/tcp.c ****  * WARRANTIES, INCLUDING, BUT NOT LIMITED TO, THE IMPLIED WARRANTIES OF
  85:Middlewares/Third_Party/LwIP/src/core/tcp.c ****  * MERCHANTABILITY AND FITNESS FOR A PARTICULAR PURPOSE ARE DISCLAIMED. IN NO EVENT
  86:Middlewares/Third_Party/LwIP/src/core/tcp.c ****  * SHALL THE AUTHOR BE LIABLE FOR ANY DIRECT, INDIRECT, INCIDENTAL, SPECIAL,
  87:Middlewares/Third_Party/LwIP/src/core/tcp.c ****  * EXEMPLARY, OR CONSEQUENTIAL DAMAGES (INCLUDING, BUT NOT LIMITED TO, PROCUREMENT
  88:Middlewares/Third_Party/LwIP/src/core/tcp.c ****  * OF SUBSTITUTE GOODS OR SERVICES; LOSS OF USE, DATA, OR PROFITS; OR BUSINESS
  89:Middlewares/Third_Party/LwIP/src/core/tcp.c ****  * INTERRUPTION) HOWEVER CAUSED AND ON ANY THEORY OF LIABILITY, WHETHER IN
ARM GAS  /tmp/ccwEre5k.s 			page 3


  90:Middlewares/Third_Party/LwIP/src/core/tcp.c ****  * CONTRACT, STRICT LIABILITY, OR TORT (INCLUDING NEGLIGENCE OR OTHERWISE) ARISING
  91:Middlewares/Third_Party/LwIP/src/core/tcp.c ****  * IN ANY WAY OUT OF THE USE OF THIS SOFTWARE, EVEN IF ADVISED OF THE POSSIBILITY
  92:Middlewares/Third_Party/LwIP/src/core/tcp.c ****  * OF SUCH DAMAGE.
  93:Middlewares/Third_Party/LwIP/src/core/tcp.c ****  *
  94:Middlewares/Third_Party/LwIP/src/core/tcp.c ****  * This file is part of the lwIP TCP/IP stack.
  95:Middlewares/Third_Party/LwIP/src/core/tcp.c ****  *
  96:Middlewares/Third_Party/LwIP/src/core/tcp.c ****  * Author: Adam Dunkels <adam@sics.se>
  97:Middlewares/Third_Party/LwIP/src/core/tcp.c ****  *
  98:Middlewares/Third_Party/LwIP/src/core/tcp.c ****  */
  99:Middlewares/Third_Party/LwIP/src/core/tcp.c **** 
 100:Middlewares/Third_Party/LwIP/src/core/tcp.c **** #include "lwip/opt.h"
 101:Middlewares/Third_Party/LwIP/src/core/tcp.c **** 
 102:Middlewares/Third_Party/LwIP/src/core/tcp.c **** #if LWIP_TCP /* don't build if not configured for use in lwipopts.h */
 103:Middlewares/Third_Party/LwIP/src/core/tcp.c **** 
 104:Middlewares/Third_Party/LwIP/src/core/tcp.c **** #include "lwip/def.h"
 105:Middlewares/Third_Party/LwIP/src/core/tcp.c **** #include "lwip/mem.h"
 106:Middlewares/Third_Party/LwIP/src/core/tcp.c **** #include "lwip/memp.h"
 107:Middlewares/Third_Party/LwIP/src/core/tcp.c **** #include "lwip/tcp.h"
 108:Middlewares/Third_Party/LwIP/src/core/tcp.c **** #include "lwip/priv/tcp_priv.h"
 109:Middlewares/Third_Party/LwIP/src/core/tcp.c **** #include "lwip/debug.h"
 110:Middlewares/Third_Party/LwIP/src/core/tcp.c **** #include "lwip/stats.h"
 111:Middlewares/Third_Party/LwIP/src/core/tcp.c **** #include "lwip/ip6.h"
 112:Middlewares/Third_Party/LwIP/src/core/tcp.c **** #include "lwip/ip6_addr.h"
 113:Middlewares/Third_Party/LwIP/src/core/tcp.c **** #include "lwip/nd6.h"
 114:Middlewares/Third_Party/LwIP/src/core/tcp.c **** 
 115:Middlewares/Third_Party/LwIP/src/core/tcp.c **** #include <string.h>
 116:Middlewares/Third_Party/LwIP/src/core/tcp.c **** 
 117:Middlewares/Third_Party/LwIP/src/core/tcp.c **** #ifdef LWIP_HOOK_FILENAME
 118:Middlewares/Third_Party/LwIP/src/core/tcp.c **** #include LWIP_HOOK_FILENAME
 119:Middlewares/Third_Party/LwIP/src/core/tcp.c **** #endif
 120:Middlewares/Third_Party/LwIP/src/core/tcp.c **** 
 121:Middlewares/Third_Party/LwIP/src/core/tcp.c **** #ifndef TCP_LOCAL_PORT_RANGE_START
 122:Middlewares/Third_Party/LwIP/src/core/tcp.c **** /* From http://www.iana.org/assignments/port-numbers:
 123:Middlewares/Third_Party/LwIP/src/core/tcp.c ****    "The Dynamic and/or Private Ports are those from 49152 through 65535" */
 124:Middlewares/Third_Party/LwIP/src/core/tcp.c **** #define TCP_LOCAL_PORT_RANGE_START        0xc000
 125:Middlewares/Third_Party/LwIP/src/core/tcp.c **** #define TCP_LOCAL_PORT_RANGE_END          0xffff
 126:Middlewares/Third_Party/LwIP/src/core/tcp.c **** #define TCP_ENSURE_LOCAL_PORT_RANGE(port) ((u16_t)(((port) & (u16_t)~TCP_LOCAL_PORT_RANGE_START) + 
 127:Middlewares/Third_Party/LwIP/src/core/tcp.c **** #endif
 128:Middlewares/Third_Party/LwIP/src/core/tcp.c **** 
 129:Middlewares/Third_Party/LwIP/src/core/tcp.c **** #if LWIP_TCP_KEEPALIVE
 130:Middlewares/Third_Party/LwIP/src/core/tcp.c **** #define TCP_KEEP_DUR(pcb)   ((pcb)->keep_cnt * (pcb)->keep_intvl)
 131:Middlewares/Third_Party/LwIP/src/core/tcp.c **** #define TCP_KEEP_INTVL(pcb) ((pcb)->keep_intvl)
 132:Middlewares/Third_Party/LwIP/src/core/tcp.c **** #else /* LWIP_TCP_KEEPALIVE */
 133:Middlewares/Third_Party/LwIP/src/core/tcp.c **** #define TCP_KEEP_DUR(pcb)   TCP_MAXIDLE
 134:Middlewares/Third_Party/LwIP/src/core/tcp.c **** #define TCP_KEEP_INTVL(pcb) TCP_KEEPINTVL_DEFAULT
 135:Middlewares/Third_Party/LwIP/src/core/tcp.c **** #endif /* LWIP_TCP_KEEPALIVE */
 136:Middlewares/Third_Party/LwIP/src/core/tcp.c **** 
 137:Middlewares/Third_Party/LwIP/src/core/tcp.c **** /* As initial send MSS, we use TCP_MSS but limit it to 536. */
 138:Middlewares/Third_Party/LwIP/src/core/tcp.c **** #if TCP_MSS > 536
 139:Middlewares/Third_Party/LwIP/src/core/tcp.c **** #define INITIAL_MSS 536
 140:Middlewares/Third_Party/LwIP/src/core/tcp.c **** #else
 141:Middlewares/Third_Party/LwIP/src/core/tcp.c **** #define INITIAL_MSS TCP_MSS
 142:Middlewares/Third_Party/LwIP/src/core/tcp.c **** #endif
 143:Middlewares/Third_Party/LwIP/src/core/tcp.c **** 
 144:Middlewares/Third_Party/LwIP/src/core/tcp.c **** static const char *const tcp_state_str[] = {
 145:Middlewares/Third_Party/LwIP/src/core/tcp.c ****   "CLOSED",
 146:Middlewares/Third_Party/LwIP/src/core/tcp.c ****   "LISTEN",
ARM GAS  /tmp/ccwEre5k.s 			page 4


 147:Middlewares/Third_Party/LwIP/src/core/tcp.c ****   "SYN_SENT",
 148:Middlewares/Third_Party/LwIP/src/core/tcp.c ****   "SYN_RCVD",
 149:Middlewares/Third_Party/LwIP/src/core/tcp.c ****   "ESTABLISHED",
 150:Middlewares/Third_Party/LwIP/src/core/tcp.c ****   "FIN_WAIT_1",
 151:Middlewares/Third_Party/LwIP/src/core/tcp.c ****   "FIN_WAIT_2",
 152:Middlewares/Third_Party/LwIP/src/core/tcp.c ****   "CLOSE_WAIT",
 153:Middlewares/Third_Party/LwIP/src/core/tcp.c ****   "CLOSING",
 154:Middlewares/Third_Party/LwIP/src/core/tcp.c ****   "LAST_ACK",
 155:Middlewares/Third_Party/LwIP/src/core/tcp.c ****   "TIME_WAIT"
 156:Middlewares/Third_Party/LwIP/src/core/tcp.c **** };
 157:Middlewares/Third_Party/LwIP/src/core/tcp.c **** 
 158:Middlewares/Third_Party/LwIP/src/core/tcp.c **** /* last local TCP port */
 159:Middlewares/Third_Party/LwIP/src/core/tcp.c **** static u16_t tcp_port = TCP_LOCAL_PORT_RANGE_START;
 160:Middlewares/Third_Party/LwIP/src/core/tcp.c **** 
 161:Middlewares/Third_Party/LwIP/src/core/tcp.c **** /* Incremented every coarse grained timer shot (typically every 500 ms). */
 162:Middlewares/Third_Party/LwIP/src/core/tcp.c **** u32_t tcp_ticks;
 163:Middlewares/Third_Party/LwIP/src/core/tcp.c **** static const u8_t tcp_backoff[13] =
 164:Middlewares/Third_Party/LwIP/src/core/tcp.c **** { 1, 2, 3, 4, 5, 6, 7, 7, 7, 7, 7, 7, 7};
 165:Middlewares/Third_Party/LwIP/src/core/tcp.c **** /* Times per slowtmr hits */
 166:Middlewares/Third_Party/LwIP/src/core/tcp.c **** static const u8_t tcp_persist_backoff[7] = { 3, 6, 12, 24, 48, 96, 120 };
 167:Middlewares/Third_Party/LwIP/src/core/tcp.c **** 
 168:Middlewares/Third_Party/LwIP/src/core/tcp.c **** /* The TCP PCB lists. */
 169:Middlewares/Third_Party/LwIP/src/core/tcp.c **** 
 170:Middlewares/Third_Party/LwIP/src/core/tcp.c **** /** List of all TCP PCBs bound but not yet (connected || listening) */
 171:Middlewares/Third_Party/LwIP/src/core/tcp.c **** struct tcp_pcb *tcp_bound_pcbs;
 172:Middlewares/Third_Party/LwIP/src/core/tcp.c **** /** List of all TCP PCBs in LISTEN state */
 173:Middlewares/Third_Party/LwIP/src/core/tcp.c **** union tcp_listen_pcbs_t tcp_listen_pcbs;
 174:Middlewares/Third_Party/LwIP/src/core/tcp.c **** /** List of all TCP PCBs that are in a state in which
 175:Middlewares/Third_Party/LwIP/src/core/tcp.c ****  * they accept or send data. */
 176:Middlewares/Third_Party/LwIP/src/core/tcp.c **** struct tcp_pcb *tcp_active_pcbs;
 177:Middlewares/Third_Party/LwIP/src/core/tcp.c **** /** List of all TCP PCBs in TIME-WAIT state */
 178:Middlewares/Third_Party/LwIP/src/core/tcp.c **** struct tcp_pcb *tcp_tw_pcbs;
 179:Middlewares/Third_Party/LwIP/src/core/tcp.c **** 
 180:Middlewares/Third_Party/LwIP/src/core/tcp.c **** /** An array with all (non-temporary) PCB lists, mainly used for smaller code size */
 181:Middlewares/Third_Party/LwIP/src/core/tcp.c **** struct tcp_pcb **const tcp_pcb_lists[] = {&tcp_listen_pcbs.pcbs, &tcp_bound_pcbs,
 182:Middlewares/Third_Party/LwIP/src/core/tcp.c ****          &tcp_active_pcbs, &tcp_tw_pcbs
 183:Middlewares/Third_Party/LwIP/src/core/tcp.c **** };
 184:Middlewares/Third_Party/LwIP/src/core/tcp.c **** 
 185:Middlewares/Third_Party/LwIP/src/core/tcp.c **** u8_t tcp_active_pcbs_changed;
 186:Middlewares/Third_Party/LwIP/src/core/tcp.c **** 
 187:Middlewares/Third_Party/LwIP/src/core/tcp.c **** /** Timer counter to handle calling slow-timer from tcp_tmr() */
 188:Middlewares/Third_Party/LwIP/src/core/tcp.c **** static u8_t tcp_timer;
 189:Middlewares/Third_Party/LwIP/src/core/tcp.c **** static u8_t tcp_timer_ctr;
 190:Middlewares/Third_Party/LwIP/src/core/tcp.c **** static u16_t tcp_new_port(void);
 191:Middlewares/Third_Party/LwIP/src/core/tcp.c **** 
 192:Middlewares/Third_Party/LwIP/src/core/tcp.c **** static err_t tcp_close_shutdown_fin(struct tcp_pcb *pcb);
 193:Middlewares/Third_Party/LwIP/src/core/tcp.c **** #if LWIP_TCP_PCB_NUM_EXT_ARGS
 194:Middlewares/Third_Party/LwIP/src/core/tcp.c **** static void tcp_ext_arg_invoke_callbacks_destroyed(struct tcp_pcb_ext_args *ext_args);
 195:Middlewares/Third_Party/LwIP/src/core/tcp.c **** #endif
 196:Middlewares/Third_Party/LwIP/src/core/tcp.c **** 
 197:Middlewares/Third_Party/LwIP/src/core/tcp.c **** /**
 198:Middlewares/Third_Party/LwIP/src/core/tcp.c ****  * Initialize this module.
 199:Middlewares/Third_Party/LwIP/src/core/tcp.c ****  */
 200:Middlewares/Third_Party/LwIP/src/core/tcp.c **** void
 201:Middlewares/Third_Party/LwIP/src/core/tcp.c **** tcp_init(void)
 202:Middlewares/Third_Party/LwIP/src/core/tcp.c **** {
 203:Middlewares/Third_Party/LwIP/src/core/tcp.c **** #ifdef LWIP_RAND
ARM GAS  /tmp/ccwEre5k.s 			page 5


 204:Middlewares/Third_Party/LwIP/src/core/tcp.c ****   tcp_port = TCP_ENSURE_LOCAL_PORT_RANGE(LWIP_RAND());
 205:Middlewares/Third_Party/LwIP/src/core/tcp.c **** #endif /* LWIP_RAND */
 206:Middlewares/Third_Party/LwIP/src/core/tcp.c **** }
 207:Middlewares/Third_Party/LwIP/src/core/tcp.c **** 
 208:Middlewares/Third_Party/LwIP/src/core/tcp.c **** /** Free a tcp pcb */
 209:Middlewares/Third_Party/LwIP/src/core/tcp.c **** void
 210:Middlewares/Third_Party/LwIP/src/core/tcp.c **** tcp_free(struct tcp_pcb *pcb)
 211:Middlewares/Third_Party/LwIP/src/core/tcp.c **** {
 212:Middlewares/Third_Party/LwIP/src/core/tcp.c ****   LWIP_ASSERT("tcp_free: LISTEN", pcb->state != LISTEN);
 213:Middlewares/Third_Party/LwIP/src/core/tcp.c **** #if LWIP_TCP_PCB_NUM_EXT_ARGS
 214:Middlewares/Third_Party/LwIP/src/core/tcp.c ****   tcp_ext_arg_invoke_callbacks_destroyed(pcb->ext_args);
 215:Middlewares/Third_Party/LwIP/src/core/tcp.c **** #endif
 216:Middlewares/Third_Party/LwIP/src/core/tcp.c ****   memp_free(MEMP_TCP_PCB, pcb);
 217:Middlewares/Third_Party/LwIP/src/core/tcp.c **** }
 218:Middlewares/Third_Party/LwIP/src/core/tcp.c **** 
 219:Middlewares/Third_Party/LwIP/src/core/tcp.c **** /** Free a tcp listen pcb */
 220:Middlewares/Third_Party/LwIP/src/core/tcp.c **** static void
 221:Middlewares/Third_Party/LwIP/src/core/tcp.c **** tcp_free_listen(struct tcp_pcb *pcb)
 222:Middlewares/Third_Party/LwIP/src/core/tcp.c **** {
 223:Middlewares/Third_Party/LwIP/src/core/tcp.c ****   LWIP_ASSERT("tcp_free_listen: !LISTEN", pcb->state != LISTEN);
 224:Middlewares/Third_Party/LwIP/src/core/tcp.c **** #if LWIP_TCP_PCB_NUM_EXT_ARGS
 225:Middlewares/Third_Party/LwIP/src/core/tcp.c ****   tcp_ext_arg_invoke_callbacks_destroyed(pcb->ext_args);
 226:Middlewares/Third_Party/LwIP/src/core/tcp.c **** #endif
 227:Middlewares/Third_Party/LwIP/src/core/tcp.c ****   memp_free(MEMP_TCP_PCB_LISTEN, pcb);
 228:Middlewares/Third_Party/LwIP/src/core/tcp.c **** }
 229:Middlewares/Third_Party/LwIP/src/core/tcp.c **** 
 230:Middlewares/Third_Party/LwIP/src/core/tcp.c **** /**
 231:Middlewares/Third_Party/LwIP/src/core/tcp.c ****  * Called periodically to dispatch TCP timers.
 232:Middlewares/Third_Party/LwIP/src/core/tcp.c ****  */
 233:Middlewares/Third_Party/LwIP/src/core/tcp.c **** void
 234:Middlewares/Third_Party/LwIP/src/core/tcp.c **** tcp_tmr(void)
 235:Middlewares/Third_Party/LwIP/src/core/tcp.c **** {
 236:Middlewares/Third_Party/LwIP/src/core/tcp.c ****   /* Call tcp_fasttmr() every 250 ms */
 237:Middlewares/Third_Party/LwIP/src/core/tcp.c ****   tcp_fasttmr();
 238:Middlewares/Third_Party/LwIP/src/core/tcp.c **** 
 239:Middlewares/Third_Party/LwIP/src/core/tcp.c ****   if (++tcp_timer & 1) {
 240:Middlewares/Third_Party/LwIP/src/core/tcp.c ****     /* Call tcp_slowtmr() every 500 ms, i.e., every other timer
 241:Middlewares/Third_Party/LwIP/src/core/tcp.c ****        tcp_tmr() is called. */
 242:Middlewares/Third_Party/LwIP/src/core/tcp.c ****     tcp_slowtmr();
 243:Middlewares/Third_Party/LwIP/src/core/tcp.c ****   }
 244:Middlewares/Third_Party/LwIP/src/core/tcp.c **** }
 245:Middlewares/Third_Party/LwIP/src/core/tcp.c **** 
 246:Middlewares/Third_Party/LwIP/src/core/tcp.c **** #if LWIP_CALLBACK_API || TCP_LISTEN_BACKLOG
 247:Middlewares/Third_Party/LwIP/src/core/tcp.c **** /** Called when a listen pcb is closed. Iterates one pcb list and removes the
 248:Middlewares/Third_Party/LwIP/src/core/tcp.c ****  * closed listener pcb from pcb->listener if matching.
 249:Middlewares/Third_Party/LwIP/src/core/tcp.c ****  */
 250:Middlewares/Third_Party/LwIP/src/core/tcp.c **** static void
 251:Middlewares/Third_Party/LwIP/src/core/tcp.c **** tcp_remove_listener(struct tcp_pcb *list, struct tcp_pcb_listen *lpcb)
 252:Middlewares/Third_Party/LwIP/src/core/tcp.c **** {
 253:Middlewares/Third_Party/LwIP/src/core/tcp.c ****   struct tcp_pcb *pcb;
 254:Middlewares/Third_Party/LwIP/src/core/tcp.c **** 
 255:Middlewares/Third_Party/LwIP/src/core/tcp.c ****   LWIP_ASSERT("tcp_remove_listener: invalid listener", lpcb != NULL);
 256:Middlewares/Third_Party/LwIP/src/core/tcp.c **** 
 257:Middlewares/Third_Party/LwIP/src/core/tcp.c ****   for (pcb = list; pcb != NULL; pcb = pcb->next) {
 258:Middlewares/Third_Party/LwIP/src/core/tcp.c ****     if (pcb->listener == lpcb) {
 259:Middlewares/Third_Party/LwIP/src/core/tcp.c ****       pcb->listener = NULL;
 260:Middlewares/Third_Party/LwIP/src/core/tcp.c ****     }
ARM GAS  /tmp/ccwEre5k.s 			page 6


 261:Middlewares/Third_Party/LwIP/src/core/tcp.c ****   }
 262:Middlewares/Third_Party/LwIP/src/core/tcp.c **** }
 263:Middlewares/Third_Party/LwIP/src/core/tcp.c **** #endif
 264:Middlewares/Third_Party/LwIP/src/core/tcp.c **** 
 265:Middlewares/Third_Party/LwIP/src/core/tcp.c **** /** Called when a listen pcb is closed. Iterates all pcb lists and removes the
 266:Middlewares/Third_Party/LwIP/src/core/tcp.c ****  * closed listener pcb from pcb->listener if matching.
 267:Middlewares/Third_Party/LwIP/src/core/tcp.c ****  */
 268:Middlewares/Third_Party/LwIP/src/core/tcp.c **** static void
 269:Middlewares/Third_Party/LwIP/src/core/tcp.c **** tcp_listen_closed(struct tcp_pcb *pcb)
 270:Middlewares/Third_Party/LwIP/src/core/tcp.c **** {
 271:Middlewares/Third_Party/LwIP/src/core/tcp.c **** #if LWIP_CALLBACK_API || TCP_LISTEN_BACKLOG
 272:Middlewares/Third_Party/LwIP/src/core/tcp.c ****   size_t i;
 273:Middlewares/Third_Party/LwIP/src/core/tcp.c ****   LWIP_ASSERT("pcb != NULL", pcb != NULL);
 274:Middlewares/Third_Party/LwIP/src/core/tcp.c ****   LWIP_ASSERT("pcb->state == LISTEN", pcb->state == LISTEN);
 275:Middlewares/Third_Party/LwIP/src/core/tcp.c ****   for (i = 1; i < LWIP_ARRAYSIZE(tcp_pcb_lists); i++) {
 276:Middlewares/Third_Party/LwIP/src/core/tcp.c ****     tcp_remove_listener(*tcp_pcb_lists[i], (struct tcp_pcb_listen *)pcb);
 277:Middlewares/Third_Party/LwIP/src/core/tcp.c ****   }
 278:Middlewares/Third_Party/LwIP/src/core/tcp.c **** #endif
 279:Middlewares/Third_Party/LwIP/src/core/tcp.c ****   LWIP_UNUSED_ARG(pcb);
 280:Middlewares/Third_Party/LwIP/src/core/tcp.c **** }
 281:Middlewares/Third_Party/LwIP/src/core/tcp.c **** 
 282:Middlewares/Third_Party/LwIP/src/core/tcp.c **** #if TCP_LISTEN_BACKLOG
 283:Middlewares/Third_Party/LwIP/src/core/tcp.c **** /** @ingroup tcp_raw
 284:Middlewares/Third_Party/LwIP/src/core/tcp.c ****  * Delay accepting a connection in respect to the listen backlog:
 285:Middlewares/Third_Party/LwIP/src/core/tcp.c ****  * the number of outstanding connections is increased until
 286:Middlewares/Third_Party/LwIP/src/core/tcp.c ****  * tcp_backlog_accepted() is called.
 287:Middlewares/Third_Party/LwIP/src/core/tcp.c ****  *
 288:Middlewares/Third_Party/LwIP/src/core/tcp.c ****  * ATTENTION: the caller is responsible for calling tcp_backlog_accepted()
 289:Middlewares/Third_Party/LwIP/src/core/tcp.c ****  * or else the backlog feature will get out of sync!
 290:Middlewares/Third_Party/LwIP/src/core/tcp.c ****  *
 291:Middlewares/Third_Party/LwIP/src/core/tcp.c ****  * @param pcb the connection pcb which is not fully accepted yet
 292:Middlewares/Third_Party/LwIP/src/core/tcp.c ****  */
 293:Middlewares/Third_Party/LwIP/src/core/tcp.c **** void
 294:Middlewares/Third_Party/LwIP/src/core/tcp.c **** tcp_backlog_delayed(struct tcp_pcb *pcb)
 295:Middlewares/Third_Party/LwIP/src/core/tcp.c **** {
 296:Middlewares/Third_Party/LwIP/src/core/tcp.c ****   LWIP_ASSERT("pcb != NULL", pcb != NULL);
 297:Middlewares/Third_Party/LwIP/src/core/tcp.c ****   LWIP_ASSERT_CORE_LOCKED();
 298:Middlewares/Third_Party/LwIP/src/core/tcp.c ****   if ((pcb->flags & TF_BACKLOGPEND) == 0) {
 299:Middlewares/Third_Party/LwIP/src/core/tcp.c ****     if (pcb->listener != NULL) {
 300:Middlewares/Third_Party/LwIP/src/core/tcp.c ****       pcb->listener->accepts_pending++;
 301:Middlewares/Third_Party/LwIP/src/core/tcp.c ****       LWIP_ASSERT("accepts_pending != 0", pcb->listener->accepts_pending != 0);
 302:Middlewares/Third_Party/LwIP/src/core/tcp.c ****       tcp_set_flags(pcb, TF_BACKLOGPEND);
 303:Middlewares/Third_Party/LwIP/src/core/tcp.c ****     }
 304:Middlewares/Third_Party/LwIP/src/core/tcp.c ****   }
 305:Middlewares/Third_Party/LwIP/src/core/tcp.c **** }
 306:Middlewares/Third_Party/LwIP/src/core/tcp.c **** 
 307:Middlewares/Third_Party/LwIP/src/core/tcp.c **** /** @ingroup tcp_raw
 308:Middlewares/Third_Party/LwIP/src/core/tcp.c ****  * A delayed-accept a connection is accepted (or closed/aborted): decreases
 309:Middlewares/Third_Party/LwIP/src/core/tcp.c ****  * the number of outstanding connections after calling tcp_backlog_delayed().
 310:Middlewares/Third_Party/LwIP/src/core/tcp.c ****  *
 311:Middlewares/Third_Party/LwIP/src/core/tcp.c ****  * ATTENTION: the caller is responsible for calling tcp_backlog_accepted()
 312:Middlewares/Third_Party/LwIP/src/core/tcp.c ****  * or else the backlog feature will get out of sync!
 313:Middlewares/Third_Party/LwIP/src/core/tcp.c ****  *
 314:Middlewares/Third_Party/LwIP/src/core/tcp.c ****  * @param pcb the connection pcb which is now fully accepted (or closed/aborted)
 315:Middlewares/Third_Party/LwIP/src/core/tcp.c ****  */
 316:Middlewares/Third_Party/LwIP/src/core/tcp.c **** void
 317:Middlewares/Third_Party/LwIP/src/core/tcp.c **** tcp_backlog_accepted(struct tcp_pcb *pcb)
ARM GAS  /tmp/ccwEre5k.s 			page 7


 318:Middlewares/Third_Party/LwIP/src/core/tcp.c **** {
 319:Middlewares/Third_Party/LwIP/src/core/tcp.c ****   LWIP_ASSERT("pcb != NULL", pcb != NULL);
 320:Middlewares/Third_Party/LwIP/src/core/tcp.c ****   LWIP_ASSERT_CORE_LOCKED();
 321:Middlewares/Third_Party/LwIP/src/core/tcp.c ****   if ((pcb->flags & TF_BACKLOGPEND) != 0) {
 322:Middlewares/Third_Party/LwIP/src/core/tcp.c ****     if (pcb->listener != NULL) {
 323:Middlewares/Third_Party/LwIP/src/core/tcp.c ****       LWIP_ASSERT("accepts_pending != 0", pcb->listener->accepts_pending != 0);
 324:Middlewares/Third_Party/LwIP/src/core/tcp.c ****       pcb->listener->accepts_pending--;
 325:Middlewares/Third_Party/LwIP/src/core/tcp.c ****       tcp_clear_flags(pcb, TF_BACKLOGPEND);
 326:Middlewares/Third_Party/LwIP/src/core/tcp.c ****     }
 327:Middlewares/Third_Party/LwIP/src/core/tcp.c ****   }
 328:Middlewares/Third_Party/LwIP/src/core/tcp.c **** }
 329:Middlewares/Third_Party/LwIP/src/core/tcp.c **** #endif /* TCP_LISTEN_BACKLOG */
 330:Middlewares/Third_Party/LwIP/src/core/tcp.c **** 
 331:Middlewares/Third_Party/LwIP/src/core/tcp.c **** /**
 332:Middlewares/Third_Party/LwIP/src/core/tcp.c ****  * Closes the TX side of a connection held by the PCB.
 333:Middlewares/Third_Party/LwIP/src/core/tcp.c ****  * For tcp_close(), a RST is sent if the application didn't receive all data
 334:Middlewares/Third_Party/LwIP/src/core/tcp.c ****  * (tcp_recved() not called for all data passed to recv callback).
 335:Middlewares/Third_Party/LwIP/src/core/tcp.c ****  *
 336:Middlewares/Third_Party/LwIP/src/core/tcp.c ****  * Listening pcbs are freed and may not be referenced any more.
 337:Middlewares/Third_Party/LwIP/src/core/tcp.c ****  * Connection pcbs are freed if not yet connected and may not be referenced
 338:Middlewares/Third_Party/LwIP/src/core/tcp.c ****  * any more. If a connection is established (at least SYN received or in
 339:Middlewares/Third_Party/LwIP/src/core/tcp.c ****  * a closing state), the connection is closed, and put in a closing state.
 340:Middlewares/Third_Party/LwIP/src/core/tcp.c ****  * The pcb is then automatically freed in tcp_slowtmr(). It is therefore
 341:Middlewares/Third_Party/LwIP/src/core/tcp.c ****  * unsafe to reference it.
 342:Middlewares/Third_Party/LwIP/src/core/tcp.c ****  *
 343:Middlewares/Third_Party/LwIP/src/core/tcp.c ****  * @param pcb the tcp_pcb to close
 344:Middlewares/Third_Party/LwIP/src/core/tcp.c ****  * @return ERR_OK if connection has been closed
 345:Middlewares/Third_Party/LwIP/src/core/tcp.c ****  *         another err_t if closing failed and pcb is not freed
 346:Middlewares/Third_Party/LwIP/src/core/tcp.c ****  */
 347:Middlewares/Third_Party/LwIP/src/core/tcp.c **** static err_t
 348:Middlewares/Third_Party/LwIP/src/core/tcp.c **** tcp_close_shutdown(struct tcp_pcb *pcb, u8_t rst_on_unacked_data)
 349:Middlewares/Third_Party/LwIP/src/core/tcp.c **** {
 350:Middlewares/Third_Party/LwIP/src/core/tcp.c ****   LWIP_ASSERT("tcp_close_shutdown: invalid pcb", pcb != NULL);
 351:Middlewares/Third_Party/LwIP/src/core/tcp.c **** 
 352:Middlewares/Third_Party/LwIP/src/core/tcp.c ****   if (rst_on_unacked_data && ((pcb->state == ESTABLISHED) || (pcb->state == CLOSE_WAIT))) {
 353:Middlewares/Third_Party/LwIP/src/core/tcp.c ****     if ((pcb->refused_data != NULL) || (pcb->rcv_wnd != TCP_WND_MAX(pcb))) {
 354:Middlewares/Third_Party/LwIP/src/core/tcp.c ****       /* Not all data received by application, send RST to tell the remote
 355:Middlewares/Third_Party/LwIP/src/core/tcp.c ****          side about this. */
 356:Middlewares/Third_Party/LwIP/src/core/tcp.c ****       LWIP_ASSERT("pcb->flags & TF_RXCLOSED", pcb->flags & TF_RXCLOSED);
 357:Middlewares/Third_Party/LwIP/src/core/tcp.c **** 
 358:Middlewares/Third_Party/LwIP/src/core/tcp.c ****       /* don't call tcp_abort here: we must not deallocate the pcb since
 359:Middlewares/Third_Party/LwIP/src/core/tcp.c ****          that might not be expected when calling tcp_close */
 360:Middlewares/Third_Party/LwIP/src/core/tcp.c ****       tcp_rst(pcb, pcb->snd_nxt, pcb->rcv_nxt, &pcb->local_ip, &pcb->remote_ip,
 361:Middlewares/Third_Party/LwIP/src/core/tcp.c ****               pcb->local_port, pcb->remote_port);
 362:Middlewares/Third_Party/LwIP/src/core/tcp.c **** 
 363:Middlewares/Third_Party/LwIP/src/core/tcp.c ****       tcp_pcb_purge(pcb);
 364:Middlewares/Third_Party/LwIP/src/core/tcp.c ****       TCP_RMV_ACTIVE(pcb);
 365:Middlewares/Third_Party/LwIP/src/core/tcp.c ****       /* Deallocate the pcb since we already sent a RST for it */
 366:Middlewares/Third_Party/LwIP/src/core/tcp.c ****       if (tcp_input_pcb == pcb) {
 367:Middlewares/Third_Party/LwIP/src/core/tcp.c ****         /* prevent using a deallocated pcb: free it from tcp_input later */
 368:Middlewares/Third_Party/LwIP/src/core/tcp.c ****         tcp_trigger_input_pcb_close();
 369:Middlewares/Third_Party/LwIP/src/core/tcp.c ****       } else {
 370:Middlewares/Third_Party/LwIP/src/core/tcp.c ****         tcp_free(pcb);
 371:Middlewares/Third_Party/LwIP/src/core/tcp.c ****       }
 372:Middlewares/Third_Party/LwIP/src/core/tcp.c ****       return ERR_OK;
 373:Middlewares/Third_Party/LwIP/src/core/tcp.c ****     }
 374:Middlewares/Third_Party/LwIP/src/core/tcp.c ****   }
ARM GAS  /tmp/ccwEre5k.s 			page 8


 375:Middlewares/Third_Party/LwIP/src/core/tcp.c **** 
 376:Middlewares/Third_Party/LwIP/src/core/tcp.c ****   /* - states which free the pcb are handled here,
 377:Middlewares/Third_Party/LwIP/src/core/tcp.c ****      - states which send FIN and change state are handled in tcp_close_shutdown_fin() */
 378:Middlewares/Third_Party/LwIP/src/core/tcp.c ****   switch (pcb->state) {
 379:Middlewares/Third_Party/LwIP/src/core/tcp.c ****     case CLOSED:
 380:Middlewares/Third_Party/LwIP/src/core/tcp.c ****       /* Closing a pcb in the CLOSED state might seem erroneous,
 381:Middlewares/Third_Party/LwIP/src/core/tcp.c ****        * however, it is in this state once allocated and as yet unused
 382:Middlewares/Third_Party/LwIP/src/core/tcp.c ****        * and the user needs some way to free it should the need arise.
 383:Middlewares/Third_Party/LwIP/src/core/tcp.c ****        * Calling tcp_close() with a pcb that has already been closed, (i.e. twice)
 384:Middlewares/Third_Party/LwIP/src/core/tcp.c ****        * or for a pcb that has been used and then entered the CLOSED state
 385:Middlewares/Third_Party/LwIP/src/core/tcp.c ****        * is erroneous, but this should never happen as the pcb has in those cases
 386:Middlewares/Third_Party/LwIP/src/core/tcp.c ****        * been freed, and so any remaining handles are bogus. */
 387:Middlewares/Third_Party/LwIP/src/core/tcp.c ****       if (pcb->local_port != 0) {
 388:Middlewares/Third_Party/LwIP/src/core/tcp.c ****         TCP_RMV(&tcp_bound_pcbs, pcb);
 389:Middlewares/Third_Party/LwIP/src/core/tcp.c ****       }
 390:Middlewares/Third_Party/LwIP/src/core/tcp.c ****       tcp_free(pcb);
 391:Middlewares/Third_Party/LwIP/src/core/tcp.c ****       break;
 392:Middlewares/Third_Party/LwIP/src/core/tcp.c ****     case LISTEN:
 393:Middlewares/Third_Party/LwIP/src/core/tcp.c ****       tcp_listen_closed(pcb);
 394:Middlewares/Third_Party/LwIP/src/core/tcp.c ****       tcp_pcb_remove(&tcp_listen_pcbs.pcbs, pcb);
 395:Middlewares/Third_Party/LwIP/src/core/tcp.c ****       tcp_free_listen(pcb);
 396:Middlewares/Third_Party/LwIP/src/core/tcp.c ****       break;
 397:Middlewares/Third_Party/LwIP/src/core/tcp.c ****     case SYN_SENT:
 398:Middlewares/Third_Party/LwIP/src/core/tcp.c ****       TCP_PCB_REMOVE_ACTIVE(pcb);
 399:Middlewares/Third_Party/LwIP/src/core/tcp.c ****       tcp_free(pcb);
 400:Middlewares/Third_Party/LwIP/src/core/tcp.c ****       MIB2_STATS_INC(mib2.tcpattemptfails);
 401:Middlewares/Third_Party/LwIP/src/core/tcp.c ****       break;
 402:Middlewares/Third_Party/LwIP/src/core/tcp.c ****     default:
 403:Middlewares/Third_Party/LwIP/src/core/tcp.c ****       return tcp_close_shutdown_fin(pcb);
 404:Middlewares/Third_Party/LwIP/src/core/tcp.c ****   }
 405:Middlewares/Third_Party/LwIP/src/core/tcp.c ****   return ERR_OK;
 406:Middlewares/Third_Party/LwIP/src/core/tcp.c **** }
 407:Middlewares/Third_Party/LwIP/src/core/tcp.c **** 
 408:Middlewares/Third_Party/LwIP/src/core/tcp.c **** static err_t
 409:Middlewares/Third_Party/LwIP/src/core/tcp.c **** tcp_close_shutdown_fin(struct tcp_pcb *pcb)
 410:Middlewares/Third_Party/LwIP/src/core/tcp.c **** {
 411:Middlewares/Third_Party/LwIP/src/core/tcp.c ****   err_t err;
 412:Middlewares/Third_Party/LwIP/src/core/tcp.c ****   LWIP_ASSERT("pcb != NULL", pcb != NULL);
 413:Middlewares/Third_Party/LwIP/src/core/tcp.c **** 
 414:Middlewares/Third_Party/LwIP/src/core/tcp.c ****   switch (pcb->state) {
 415:Middlewares/Third_Party/LwIP/src/core/tcp.c ****     case SYN_RCVD:
 416:Middlewares/Third_Party/LwIP/src/core/tcp.c ****       err = tcp_send_fin(pcb);
 417:Middlewares/Third_Party/LwIP/src/core/tcp.c ****       if (err == ERR_OK) {
 418:Middlewares/Third_Party/LwIP/src/core/tcp.c ****         tcp_backlog_accepted(pcb);
 419:Middlewares/Third_Party/LwIP/src/core/tcp.c ****         MIB2_STATS_INC(mib2.tcpattemptfails);
 420:Middlewares/Third_Party/LwIP/src/core/tcp.c ****         pcb->state = FIN_WAIT_1;
 421:Middlewares/Third_Party/LwIP/src/core/tcp.c ****       }
 422:Middlewares/Third_Party/LwIP/src/core/tcp.c ****       break;
 423:Middlewares/Third_Party/LwIP/src/core/tcp.c ****     case ESTABLISHED:
 424:Middlewares/Third_Party/LwIP/src/core/tcp.c ****       err = tcp_send_fin(pcb);
 425:Middlewares/Third_Party/LwIP/src/core/tcp.c ****       if (err == ERR_OK) {
 426:Middlewares/Third_Party/LwIP/src/core/tcp.c ****         MIB2_STATS_INC(mib2.tcpestabresets);
 427:Middlewares/Third_Party/LwIP/src/core/tcp.c ****         pcb->state = FIN_WAIT_1;
 428:Middlewares/Third_Party/LwIP/src/core/tcp.c ****       }
 429:Middlewares/Third_Party/LwIP/src/core/tcp.c ****       break;
 430:Middlewares/Third_Party/LwIP/src/core/tcp.c ****     case CLOSE_WAIT:
 431:Middlewares/Third_Party/LwIP/src/core/tcp.c ****       err = tcp_send_fin(pcb);
ARM GAS  /tmp/ccwEre5k.s 			page 9


 432:Middlewares/Third_Party/LwIP/src/core/tcp.c ****       if (err == ERR_OK) {
 433:Middlewares/Third_Party/LwIP/src/core/tcp.c ****         MIB2_STATS_INC(mib2.tcpestabresets);
 434:Middlewares/Third_Party/LwIP/src/core/tcp.c ****         pcb->state = LAST_ACK;
 435:Middlewares/Third_Party/LwIP/src/core/tcp.c ****       }
 436:Middlewares/Third_Party/LwIP/src/core/tcp.c ****       break;
 437:Middlewares/Third_Party/LwIP/src/core/tcp.c ****     default:
 438:Middlewares/Third_Party/LwIP/src/core/tcp.c ****       /* Has already been closed, do nothing. */
 439:Middlewares/Third_Party/LwIP/src/core/tcp.c ****       return ERR_OK;
 440:Middlewares/Third_Party/LwIP/src/core/tcp.c ****   }
 441:Middlewares/Third_Party/LwIP/src/core/tcp.c **** 
 442:Middlewares/Third_Party/LwIP/src/core/tcp.c ****   if (err == ERR_OK) {
 443:Middlewares/Third_Party/LwIP/src/core/tcp.c ****     /* To ensure all data has been sent when tcp_close returns, we have
 444:Middlewares/Third_Party/LwIP/src/core/tcp.c ****        to make sure tcp_output doesn't fail.
 445:Middlewares/Third_Party/LwIP/src/core/tcp.c ****        Since we don't really have to ensure all data has been sent when tcp_close
 446:Middlewares/Third_Party/LwIP/src/core/tcp.c ****        returns (unsent data is sent from tcp timer functions, also), we don't care
 447:Middlewares/Third_Party/LwIP/src/core/tcp.c ****        for the return value of tcp_output for now. */
 448:Middlewares/Third_Party/LwIP/src/core/tcp.c ****     tcp_output(pcb);
 449:Middlewares/Third_Party/LwIP/src/core/tcp.c ****   } else if (err == ERR_MEM) {
 450:Middlewares/Third_Party/LwIP/src/core/tcp.c ****     /* Mark this pcb for closing. Closing is retried from tcp_tmr. */
 451:Middlewares/Third_Party/LwIP/src/core/tcp.c ****     tcp_set_flags(pcb, TF_CLOSEPEND);
 452:Middlewares/Third_Party/LwIP/src/core/tcp.c ****     /* We have to return ERR_OK from here to indicate to the callers that this
 453:Middlewares/Third_Party/LwIP/src/core/tcp.c ****        pcb should not be used any more as it will be freed soon via tcp_tmr.
 454:Middlewares/Third_Party/LwIP/src/core/tcp.c ****        This is OK here since sending FIN does not guarantee a time frime for
 455:Middlewares/Third_Party/LwIP/src/core/tcp.c ****        actually freeing the pcb, either (it is left in closure states for
 456:Middlewares/Third_Party/LwIP/src/core/tcp.c ****        remote ACK or timeout) */
 457:Middlewares/Third_Party/LwIP/src/core/tcp.c ****     return ERR_OK;
 458:Middlewares/Third_Party/LwIP/src/core/tcp.c ****   }
 459:Middlewares/Third_Party/LwIP/src/core/tcp.c ****   return err;
 460:Middlewares/Third_Party/LwIP/src/core/tcp.c **** }
 461:Middlewares/Third_Party/LwIP/src/core/tcp.c **** 
 462:Middlewares/Third_Party/LwIP/src/core/tcp.c **** /**
 463:Middlewares/Third_Party/LwIP/src/core/tcp.c ****  * @ingroup tcp_raw
 464:Middlewares/Third_Party/LwIP/src/core/tcp.c ****  * Closes the connection held by the PCB.
 465:Middlewares/Third_Party/LwIP/src/core/tcp.c ****  *
 466:Middlewares/Third_Party/LwIP/src/core/tcp.c ****  * Listening pcbs are freed and may not be referenced any more.
 467:Middlewares/Third_Party/LwIP/src/core/tcp.c ****  * Connection pcbs are freed if not yet connected and may not be referenced
 468:Middlewares/Third_Party/LwIP/src/core/tcp.c ****  * any more. If a connection is established (at least SYN received or in
 469:Middlewares/Third_Party/LwIP/src/core/tcp.c ****  * a closing state), the connection is closed, and put in a closing state.
 470:Middlewares/Third_Party/LwIP/src/core/tcp.c ****  * The pcb is then automatically freed in tcp_slowtmr(). It is therefore
 471:Middlewares/Third_Party/LwIP/src/core/tcp.c ****  * unsafe to reference it (unless an error is returned).
 472:Middlewares/Third_Party/LwIP/src/core/tcp.c ****  * 
 473:Middlewares/Third_Party/LwIP/src/core/tcp.c ****  * The function may return ERR_MEM if no memory
 474:Middlewares/Third_Party/LwIP/src/core/tcp.c ****  * was available for closing the connection. If so, the application
 475:Middlewares/Third_Party/LwIP/src/core/tcp.c ****  * should wait and try again either by using the acknowledgment
 476:Middlewares/Third_Party/LwIP/src/core/tcp.c ****  * callback or the polling functionality. If the close succeeds, the
 477:Middlewares/Third_Party/LwIP/src/core/tcp.c ****  * function returns ERR_OK.
 478:Middlewares/Third_Party/LwIP/src/core/tcp.c ****  *
 479:Middlewares/Third_Party/LwIP/src/core/tcp.c ****  * @param pcb the tcp_pcb to close
 480:Middlewares/Third_Party/LwIP/src/core/tcp.c ****  * @return ERR_OK if connection has been closed
 481:Middlewares/Third_Party/LwIP/src/core/tcp.c ****  *         another err_t if closing failed and pcb is not freed
 482:Middlewares/Third_Party/LwIP/src/core/tcp.c ****  */
 483:Middlewares/Third_Party/LwIP/src/core/tcp.c **** err_t
 484:Middlewares/Third_Party/LwIP/src/core/tcp.c **** tcp_close(struct tcp_pcb *pcb)
 485:Middlewares/Third_Party/LwIP/src/core/tcp.c **** {
 486:Middlewares/Third_Party/LwIP/src/core/tcp.c ****   LWIP_ASSERT_CORE_LOCKED();
 487:Middlewares/Third_Party/LwIP/src/core/tcp.c **** 
 488:Middlewares/Third_Party/LwIP/src/core/tcp.c ****   LWIP_ERROR("tcp_close: invalid pcb", pcb != NULL, return ERR_ARG);
ARM GAS  /tmp/ccwEre5k.s 			page 10


 489:Middlewares/Third_Party/LwIP/src/core/tcp.c ****   LWIP_DEBUGF(TCP_DEBUG, ("tcp_close: closing in "));
 490:Middlewares/Third_Party/LwIP/src/core/tcp.c **** 
 491:Middlewares/Third_Party/LwIP/src/core/tcp.c ****   tcp_debug_print_state(pcb->state);
 492:Middlewares/Third_Party/LwIP/src/core/tcp.c **** 
 493:Middlewares/Third_Party/LwIP/src/core/tcp.c ****   if (pcb->state != LISTEN) {
 494:Middlewares/Third_Party/LwIP/src/core/tcp.c ****     /* Set a flag not to receive any more data... */
 495:Middlewares/Third_Party/LwIP/src/core/tcp.c ****     tcp_set_flags(pcb, TF_RXCLOSED);
 496:Middlewares/Third_Party/LwIP/src/core/tcp.c ****   }
 497:Middlewares/Third_Party/LwIP/src/core/tcp.c ****   /* ... and close */
 498:Middlewares/Third_Party/LwIP/src/core/tcp.c ****   return tcp_close_shutdown(pcb, 1);
 499:Middlewares/Third_Party/LwIP/src/core/tcp.c **** }
 500:Middlewares/Third_Party/LwIP/src/core/tcp.c **** 
 501:Middlewares/Third_Party/LwIP/src/core/tcp.c **** /**
 502:Middlewares/Third_Party/LwIP/src/core/tcp.c ****  * @ingroup tcp_raw
 503:Middlewares/Third_Party/LwIP/src/core/tcp.c ****  * Causes all or part of a full-duplex connection of this PCB to be shut down.
 504:Middlewares/Third_Party/LwIP/src/core/tcp.c ****  * This doesn't deallocate the PCB unless shutting down both sides!
 505:Middlewares/Third_Party/LwIP/src/core/tcp.c ****  * Shutting down both sides is the same as calling tcp_close, so if it succeds
 506:Middlewares/Third_Party/LwIP/src/core/tcp.c ****  * (i.e. returns ER_OK), the PCB must not be referenced any more!
 507:Middlewares/Third_Party/LwIP/src/core/tcp.c ****  *
 508:Middlewares/Third_Party/LwIP/src/core/tcp.c ****  * @param pcb PCB to shutdown
 509:Middlewares/Third_Party/LwIP/src/core/tcp.c ****  * @param shut_rx shut down receive side if this is != 0
 510:Middlewares/Third_Party/LwIP/src/core/tcp.c ****  * @param shut_tx shut down send side if this is != 0
 511:Middlewares/Third_Party/LwIP/src/core/tcp.c ****  * @return ERR_OK if shutdown succeeded (or the PCB has already been shut down)
 512:Middlewares/Third_Party/LwIP/src/core/tcp.c ****  *         another err_t on error.
 513:Middlewares/Third_Party/LwIP/src/core/tcp.c ****  */
 514:Middlewares/Third_Party/LwIP/src/core/tcp.c **** err_t
 515:Middlewares/Third_Party/LwIP/src/core/tcp.c **** tcp_shutdown(struct tcp_pcb *pcb, int shut_rx, int shut_tx)
 516:Middlewares/Third_Party/LwIP/src/core/tcp.c **** {
 517:Middlewares/Third_Party/LwIP/src/core/tcp.c ****   LWIP_ASSERT_CORE_LOCKED();
 518:Middlewares/Third_Party/LwIP/src/core/tcp.c **** 
 519:Middlewares/Third_Party/LwIP/src/core/tcp.c ****   LWIP_ERROR("tcp_shutdown: invalid pcb", pcb != NULL, return ERR_ARG);
 520:Middlewares/Third_Party/LwIP/src/core/tcp.c **** 
 521:Middlewares/Third_Party/LwIP/src/core/tcp.c ****   if (pcb->state == LISTEN) {
 522:Middlewares/Third_Party/LwIP/src/core/tcp.c ****     return ERR_CONN;
 523:Middlewares/Third_Party/LwIP/src/core/tcp.c ****   }
 524:Middlewares/Third_Party/LwIP/src/core/tcp.c ****   if (shut_rx) {
 525:Middlewares/Third_Party/LwIP/src/core/tcp.c ****     /* shut down the receive side: set a flag not to receive any more data... */
 526:Middlewares/Third_Party/LwIP/src/core/tcp.c ****     tcp_set_flags(pcb, TF_RXCLOSED);
 527:Middlewares/Third_Party/LwIP/src/core/tcp.c ****     if (shut_tx) {
 528:Middlewares/Third_Party/LwIP/src/core/tcp.c ****       /* shutting down the tx AND rx side is the same as closing for the raw API */
 529:Middlewares/Third_Party/LwIP/src/core/tcp.c ****       return tcp_close_shutdown(pcb, 1);
 530:Middlewares/Third_Party/LwIP/src/core/tcp.c ****     }
 531:Middlewares/Third_Party/LwIP/src/core/tcp.c ****     /* ... and free buffered data */
 532:Middlewares/Third_Party/LwIP/src/core/tcp.c ****     if (pcb->refused_data != NULL) {
 533:Middlewares/Third_Party/LwIP/src/core/tcp.c ****       pbuf_free(pcb->refused_data);
 534:Middlewares/Third_Party/LwIP/src/core/tcp.c ****       pcb->refused_data = NULL;
 535:Middlewares/Third_Party/LwIP/src/core/tcp.c ****     }
 536:Middlewares/Third_Party/LwIP/src/core/tcp.c ****   }
 537:Middlewares/Third_Party/LwIP/src/core/tcp.c ****   if (shut_tx) {
 538:Middlewares/Third_Party/LwIP/src/core/tcp.c ****     /* This can't happen twice since if it succeeds, the pcb's state is changed.
 539:Middlewares/Third_Party/LwIP/src/core/tcp.c ****        Only close in these states as the others directly deallocate the PCB */
 540:Middlewares/Third_Party/LwIP/src/core/tcp.c ****     switch (pcb->state) {
 541:Middlewares/Third_Party/LwIP/src/core/tcp.c ****       case SYN_RCVD:
 542:Middlewares/Third_Party/LwIP/src/core/tcp.c ****       case ESTABLISHED:
 543:Middlewares/Third_Party/LwIP/src/core/tcp.c ****       case CLOSE_WAIT:
 544:Middlewares/Third_Party/LwIP/src/core/tcp.c ****         return tcp_close_shutdown(pcb, (u8_t)shut_rx);
 545:Middlewares/Third_Party/LwIP/src/core/tcp.c ****       default:
ARM GAS  /tmp/ccwEre5k.s 			page 11


 546:Middlewares/Third_Party/LwIP/src/core/tcp.c ****         /* Not (yet?) connected, cannot shutdown the TX side as that would bring us
 547:Middlewares/Third_Party/LwIP/src/core/tcp.c ****           into CLOSED state, where the PCB is deallocated. */
 548:Middlewares/Third_Party/LwIP/src/core/tcp.c ****         return ERR_CONN;
 549:Middlewares/Third_Party/LwIP/src/core/tcp.c ****     }
 550:Middlewares/Third_Party/LwIP/src/core/tcp.c ****   }
 551:Middlewares/Third_Party/LwIP/src/core/tcp.c ****   return ERR_OK;
 552:Middlewares/Third_Party/LwIP/src/core/tcp.c **** }
 553:Middlewares/Third_Party/LwIP/src/core/tcp.c **** 
 554:Middlewares/Third_Party/LwIP/src/core/tcp.c **** /**
 555:Middlewares/Third_Party/LwIP/src/core/tcp.c ****  * Abandons a connection and optionally sends a RST to the remote
 556:Middlewares/Third_Party/LwIP/src/core/tcp.c ****  * host.  Deletes the local protocol control block. This is done when
 557:Middlewares/Third_Party/LwIP/src/core/tcp.c ****  * a connection is killed because of shortage of memory.
 558:Middlewares/Third_Party/LwIP/src/core/tcp.c ****  *
 559:Middlewares/Third_Party/LwIP/src/core/tcp.c ****  * @param pcb the tcp_pcb to abort
 560:Middlewares/Third_Party/LwIP/src/core/tcp.c ****  * @param reset boolean to indicate whether a reset should be sent
 561:Middlewares/Third_Party/LwIP/src/core/tcp.c ****  */
 562:Middlewares/Third_Party/LwIP/src/core/tcp.c **** void
 563:Middlewares/Third_Party/LwIP/src/core/tcp.c **** tcp_abandon(struct tcp_pcb *pcb, int reset)
 564:Middlewares/Third_Party/LwIP/src/core/tcp.c **** {
 565:Middlewares/Third_Party/LwIP/src/core/tcp.c ****   u32_t seqno, ackno;
 566:Middlewares/Third_Party/LwIP/src/core/tcp.c **** #if LWIP_CALLBACK_API
 567:Middlewares/Third_Party/LwIP/src/core/tcp.c ****   tcp_err_fn errf;
 568:Middlewares/Third_Party/LwIP/src/core/tcp.c **** #endif /* LWIP_CALLBACK_API */
 569:Middlewares/Third_Party/LwIP/src/core/tcp.c ****   void *errf_arg;
 570:Middlewares/Third_Party/LwIP/src/core/tcp.c **** 
 571:Middlewares/Third_Party/LwIP/src/core/tcp.c ****   LWIP_ASSERT_CORE_LOCKED();
 572:Middlewares/Third_Party/LwIP/src/core/tcp.c **** 
 573:Middlewares/Third_Party/LwIP/src/core/tcp.c ****   LWIP_ERROR("tcp_abandon: invalid pcb", pcb != NULL, return);
 574:Middlewares/Third_Party/LwIP/src/core/tcp.c **** 
 575:Middlewares/Third_Party/LwIP/src/core/tcp.c ****   /* pcb->state LISTEN not allowed here */
 576:Middlewares/Third_Party/LwIP/src/core/tcp.c ****   LWIP_ASSERT("don't call tcp_abort/tcp_abandon for listen-pcbs",
 577:Middlewares/Third_Party/LwIP/src/core/tcp.c ****               pcb->state != LISTEN);
 578:Middlewares/Third_Party/LwIP/src/core/tcp.c ****   /* Figure out on which TCP PCB list we are, and remove us. If we
 579:Middlewares/Third_Party/LwIP/src/core/tcp.c ****      are in an active state, call the receive function associated with
 580:Middlewares/Third_Party/LwIP/src/core/tcp.c ****      the PCB with a NULL argument, and send an RST to the remote end. */
 581:Middlewares/Third_Party/LwIP/src/core/tcp.c ****   if (pcb->state == TIME_WAIT) {
 582:Middlewares/Third_Party/LwIP/src/core/tcp.c ****     tcp_pcb_remove(&tcp_tw_pcbs, pcb);
 583:Middlewares/Third_Party/LwIP/src/core/tcp.c ****     tcp_free(pcb);
 584:Middlewares/Third_Party/LwIP/src/core/tcp.c ****   } else {
 585:Middlewares/Third_Party/LwIP/src/core/tcp.c ****     int send_rst = 0;
 586:Middlewares/Third_Party/LwIP/src/core/tcp.c ****     u16_t local_port = 0;
 587:Middlewares/Third_Party/LwIP/src/core/tcp.c ****     enum tcp_state last_state;
 588:Middlewares/Third_Party/LwIP/src/core/tcp.c ****     seqno = pcb->snd_nxt;
 589:Middlewares/Third_Party/LwIP/src/core/tcp.c ****     ackno = pcb->rcv_nxt;
 590:Middlewares/Third_Party/LwIP/src/core/tcp.c **** #if LWIP_CALLBACK_API
 591:Middlewares/Third_Party/LwIP/src/core/tcp.c ****     errf = pcb->errf;
 592:Middlewares/Third_Party/LwIP/src/core/tcp.c **** #endif /* LWIP_CALLBACK_API */
 593:Middlewares/Third_Party/LwIP/src/core/tcp.c ****     errf_arg = pcb->callback_arg;
 594:Middlewares/Third_Party/LwIP/src/core/tcp.c ****     if (pcb->state == CLOSED) {
 595:Middlewares/Third_Party/LwIP/src/core/tcp.c ****       if (pcb->local_port != 0) {
 596:Middlewares/Third_Party/LwIP/src/core/tcp.c ****         /* bound, not yet opened */
 597:Middlewares/Third_Party/LwIP/src/core/tcp.c ****         TCP_RMV(&tcp_bound_pcbs, pcb);
 598:Middlewares/Third_Party/LwIP/src/core/tcp.c ****       }
 599:Middlewares/Third_Party/LwIP/src/core/tcp.c ****     } else {
 600:Middlewares/Third_Party/LwIP/src/core/tcp.c ****       send_rst = reset;
 601:Middlewares/Third_Party/LwIP/src/core/tcp.c ****       local_port = pcb->local_port;
 602:Middlewares/Third_Party/LwIP/src/core/tcp.c ****       TCP_PCB_REMOVE_ACTIVE(pcb);
ARM GAS  /tmp/ccwEre5k.s 			page 12


 603:Middlewares/Third_Party/LwIP/src/core/tcp.c ****     }
 604:Middlewares/Third_Party/LwIP/src/core/tcp.c ****     if (pcb->unacked != NULL) {
 605:Middlewares/Third_Party/LwIP/src/core/tcp.c ****       tcp_segs_free(pcb->unacked);
 606:Middlewares/Third_Party/LwIP/src/core/tcp.c ****     }
 607:Middlewares/Third_Party/LwIP/src/core/tcp.c ****     if (pcb->unsent != NULL) {
 608:Middlewares/Third_Party/LwIP/src/core/tcp.c ****       tcp_segs_free(pcb->unsent);
 609:Middlewares/Third_Party/LwIP/src/core/tcp.c ****     }
 610:Middlewares/Third_Party/LwIP/src/core/tcp.c **** #if TCP_QUEUE_OOSEQ
 611:Middlewares/Third_Party/LwIP/src/core/tcp.c ****     if (pcb->ooseq != NULL) {
 612:Middlewares/Third_Party/LwIP/src/core/tcp.c ****       tcp_segs_free(pcb->ooseq);
 613:Middlewares/Third_Party/LwIP/src/core/tcp.c ****     }
 614:Middlewares/Third_Party/LwIP/src/core/tcp.c **** #endif /* TCP_QUEUE_OOSEQ */
 615:Middlewares/Third_Party/LwIP/src/core/tcp.c ****     tcp_backlog_accepted(pcb);
 616:Middlewares/Third_Party/LwIP/src/core/tcp.c ****     if (send_rst) {
 617:Middlewares/Third_Party/LwIP/src/core/tcp.c ****       LWIP_DEBUGF(TCP_RST_DEBUG, ("tcp_abandon: sending RST\n"));
 618:Middlewares/Third_Party/LwIP/src/core/tcp.c ****       tcp_rst(pcb, seqno, ackno, &pcb->local_ip, &pcb->remote_ip, local_port, pcb->remote_port);
 619:Middlewares/Third_Party/LwIP/src/core/tcp.c ****     }
 620:Middlewares/Third_Party/LwIP/src/core/tcp.c ****     last_state = pcb->state;
 621:Middlewares/Third_Party/LwIP/src/core/tcp.c ****     tcp_free(pcb);
 622:Middlewares/Third_Party/LwIP/src/core/tcp.c ****     TCP_EVENT_ERR(last_state, errf, errf_arg, ERR_ABRT);
 623:Middlewares/Third_Party/LwIP/src/core/tcp.c ****   }
 624:Middlewares/Third_Party/LwIP/src/core/tcp.c **** }
 625:Middlewares/Third_Party/LwIP/src/core/tcp.c **** 
 626:Middlewares/Third_Party/LwIP/src/core/tcp.c **** /**
 627:Middlewares/Third_Party/LwIP/src/core/tcp.c ****  * @ingroup tcp_raw
 628:Middlewares/Third_Party/LwIP/src/core/tcp.c ****  * Aborts the connection by sending a RST (reset) segment to the remote
 629:Middlewares/Third_Party/LwIP/src/core/tcp.c ****  * host. The pcb is deallocated. This function never fails.
 630:Middlewares/Third_Party/LwIP/src/core/tcp.c ****  *
 631:Middlewares/Third_Party/LwIP/src/core/tcp.c ****  * ATTENTION: When calling this from one of the TCP callbacks, make
 632:Middlewares/Third_Party/LwIP/src/core/tcp.c ****  * sure you always return ERR_ABRT (and never return ERR_ABRT otherwise
 633:Middlewares/Third_Party/LwIP/src/core/tcp.c ****  * or you will risk accessing deallocated memory or memory leaks!
 634:Middlewares/Third_Party/LwIP/src/core/tcp.c ****  *
 635:Middlewares/Third_Party/LwIP/src/core/tcp.c ****  * @param pcb the tcp pcb to abort
 636:Middlewares/Third_Party/LwIP/src/core/tcp.c ****  */
 637:Middlewares/Third_Party/LwIP/src/core/tcp.c **** void
 638:Middlewares/Third_Party/LwIP/src/core/tcp.c **** tcp_abort(struct tcp_pcb *pcb)
 639:Middlewares/Third_Party/LwIP/src/core/tcp.c **** {
 640:Middlewares/Third_Party/LwIP/src/core/tcp.c ****   tcp_abandon(pcb, 1);
 641:Middlewares/Third_Party/LwIP/src/core/tcp.c **** }
 642:Middlewares/Third_Party/LwIP/src/core/tcp.c **** 
 643:Middlewares/Third_Party/LwIP/src/core/tcp.c **** /**
 644:Middlewares/Third_Party/LwIP/src/core/tcp.c ****  * @ingroup tcp_raw
 645:Middlewares/Third_Party/LwIP/src/core/tcp.c ****  * Binds the connection to a local port number and IP address. If the
 646:Middlewares/Third_Party/LwIP/src/core/tcp.c ****  * IP address is not given (i.e., ipaddr == IP_ANY_TYPE), the connection is
 647:Middlewares/Third_Party/LwIP/src/core/tcp.c ****  * bound to all local IP addresses.
 648:Middlewares/Third_Party/LwIP/src/core/tcp.c ****  * If another connection is bound to the same port, the function will
 649:Middlewares/Third_Party/LwIP/src/core/tcp.c ****  * return ERR_USE, otherwise ERR_OK is returned.
 650:Middlewares/Third_Party/LwIP/src/core/tcp.c ****  *
 651:Middlewares/Third_Party/LwIP/src/core/tcp.c ****  * @param pcb the tcp_pcb to bind (no check is done whether this pcb is
 652:Middlewares/Third_Party/LwIP/src/core/tcp.c ****  *        already bound!)
 653:Middlewares/Third_Party/LwIP/src/core/tcp.c ****  * @param ipaddr the local ip address to bind to (use IPx_ADDR_ANY to bind
 654:Middlewares/Third_Party/LwIP/src/core/tcp.c ****  *        to any local address
 655:Middlewares/Third_Party/LwIP/src/core/tcp.c ****  * @param port the local port to bind to
 656:Middlewares/Third_Party/LwIP/src/core/tcp.c ****  * @return ERR_USE if the port is already in use
 657:Middlewares/Third_Party/LwIP/src/core/tcp.c ****  *         ERR_VAL if bind failed because the PCB is not in a valid state
 658:Middlewares/Third_Party/LwIP/src/core/tcp.c ****  *         ERR_OK if bound
 659:Middlewares/Third_Party/LwIP/src/core/tcp.c ****  */
ARM GAS  /tmp/ccwEre5k.s 			page 13


 660:Middlewares/Third_Party/LwIP/src/core/tcp.c **** err_t
 661:Middlewares/Third_Party/LwIP/src/core/tcp.c **** tcp_bind(struct tcp_pcb *pcb, const ip_addr_t *ipaddr, u16_t port)
 662:Middlewares/Third_Party/LwIP/src/core/tcp.c **** {
 663:Middlewares/Third_Party/LwIP/src/core/tcp.c ****   int i;
 664:Middlewares/Third_Party/LwIP/src/core/tcp.c ****   int max_pcb_list = NUM_TCP_PCB_LISTS;
 665:Middlewares/Third_Party/LwIP/src/core/tcp.c ****   struct tcp_pcb *cpcb;
 666:Middlewares/Third_Party/LwIP/src/core/tcp.c **** #if LWIP_IPV6 && LWIP_IPV6_SCOPES
 667:Middlewares/Third_Party/LwIP/src/core/tcp.c ****   ip_addr_t zoned_ipaddr;
 668:Middlewares/Third_Party/LwIP/src/core/tcp.c **** #endif /* LWIP_IPV6 && LWIP_IPV6_SCOPES */
 669:Middlewares/Third_Party/LwIP/src/core/tcp.c **** 
 670:Middlewares/Third_Party/LwIP/src/core/tcp.c ****   LWIP_ASSERT_CORE_LOCKED();
 671:Middlewares/Third_Party/LwIP/src/core/tcp.c **** 
 672:Middlewares/Third_Party/LwIP/src/core/tcp.c **** #if LWIP_IPV4
 673:Middlewares/Third_Party/LwIP/src/core/tcp.c ****   /* Don't propagate NULL pointer (IPv4 ANY) to subsequent functions */
 674:Middlewares/Third_Party/LwIP/src/core/tcp.c ****   if (ipaddr == NULL) {
 675:Middlewares/Third_Party/LwIP/src/core/tcp.c ****     ipaddr = IP4_ADDR_ANY;
 676:Middlewares/Third_Party/LwIP/src/core/tcp.c ****   }
 677:Middlewares/Third_Party/LwIP/src/core/tcp.c **** #else /* LWIP_IPV4 */
 678:Middlewares/Third_Party/LwIP/src/core/tcp.c ****   LWIP_ERROR("tcp_bind: invalid ipaddr", ipaddr != NULL, return ERR_ARG);
 679:Middlewares/Third_Party/LwIP/src/core/tcp.c **** #endif /* LWIP_IPV4 */
 680:Middlewares/Third_Party/LwIP/src/core/tcp.c **** 
 681:Middlewares/Third_Party/LwIP/src/core/tcp.c ****   LWIP_ERROR("tcp_bind: invalid pcb", pcb != NULL, return ERR_ARG);
 682:Middlewares/Third_Party/LwIP/src/core/tcp.c **** 
 683:Middlewares/Third_Party/LwIP/src/core/tcp.c ****   LWIP_ERROR("tcp_bind: can only bind in state CLOSED", pcb->state == CLOSED, return ERR_VAL);
 684:Middlewares/Third_Party/LwIP/src/core/tcp.c **** 
 685:Middlewares/Third_Party/LwIP/src/core/tcp.c **** #if SO_REUSE
 686:Middlewares/Third_Party/LwIP/src/core/tcp.c ****   /* Unless the REUSEADDR flag is set,
 687:Middlewares/Third_Party/LwIP/src/core/tcp.c ****      we have to check the pcbs in TIME-WAIT state, also.
 688:Middlewares/Third_Party/LwIP/src/core/tcp.c ****      We do not dump TIME_WAIT pcb's; they can still be matched by incoming
 689:Middlewares/Third_Party/LwIP/src/core/tcp.c ****      packets using both local and remote IP addresses and ports to distinguish.
 690:Middlewares/Third_Party/LwIP/src/core/tcp.c ****    */
 691:Middlewares/Third_Party/LwIP/src/core/tcp.c ****   if (ip_get_option(pcb, SOF_REUSEADDR)) {
 692:Middlewares/Third_Party/LwIP/src/core/tcp.c ****     max_pcb_list = NUM_TCP_PCB_LISTS_NO_TIME_WAIT;
 693:Middlewares/Third_Party/LwIP/src/core/tcp.c ****   }
 694:Middlewares/Third_Party/LwIP/src/core/tcp.c **** #endif /* SO_REUSE */
 695:Middlewares/Third_Party/LwIP/src/core/tcp.c **** 
 696:Middlewares/Third_Party/LwIP/src/core/tcp.c **** #if LWIP_IPV6 && LWIP_IPV6_SCOPES
 697:Middlewares/Third_Party/LwIP/src/core/tcp.c ****   /* If the given IP address should have a zone but doesn't, assign one now.
 698:Middlewares/Third_Party/LwIP/src/core/tcp.c ****    * This is legacy support: scope-aware callers should always provide properly
 699:Middlewares/Third_Party/LwIP/src/core/tcp.c ****    * zoned source addresses. Do the zone selection before the address-in-use
 700:Middlewares/Third_Party/LwIP/src/core/tcp.c ****    * check below; as such we have to make a temporary copy of the address. */
 701:Middlewares/Third_Party/LwIP/src/core/tcp.c ****   if (IP_IS_V6(ipaddr) && ip6_addr_lacks_zone(ip_2_ip6(ipaddr), IP6_UNICAST)) {
 702:Middlewares/Third_Party/LwIP/src/core/tcp.c ****     ip_addr_copy(zoned_ipaddr, *ipaddr);
 703:Middlewares/Third_Party/LwIP/src/core/tcp.c ****     ip6_addr_select_zone(ip_2_ip6(&zoned_ipaddr), ip_2_ip6(&zoned_ipaddr));
 704:Middlewares/Third_Party/LwIP/src/core/tcp.c ****     ipaddr = &zoned_ipaddr;
 705:Middlewares/Third_Party/LwIP/src/core/tcp.c ****   }
 706:Middlewares/Third_Party/LwIP/src/core/tcp.c **** #endif /* LWIP_IPV6 && LWIP_IPV6_SCOPES */
 707:Middlewares/Third_Party/LwIP/src/core/tcp.c **** 
 708:Middlewares/Third_Party/LwIP/src/core/tcp.c ****   if (port == 0) {
 709:Middlewares/Third_Party/LwIP/src/core/tcp.c ****     port = tcp_new_port();
 710:Middlewares/Third_Party/LwIP/src/core/tcp.c ****     if (port == 0) {
 711:Middlewares/Third_Party/LwIP/src/core/tcp.c ****       return ERR_BUF;
 712:Middlewares/Third_Party/LwIP/src/core/tcp.c ****     }
 713:Middlewares/Third_Party/LwIP/src/core/tcp.c ****   } else {
 714:Middlewares/Third_Party/LwIP/src/core/tcp.c ****     /* Check if the address already is in use (on all lists) */
 715:Middlewares/Third_Party/LwIP/src/core/tcp.c ****     for (i = 0; i < max_pcb_list; i++) {
 716:Middlewares/Third_Party/LwIP/src/core/tcp.c ****       for (cpcb = *tcp_pcb_lists[i]; cpcb != NULL; cpcb = cpcb->next) {
ARM GAS  /tmp/ccwEre5k.s 			page 14


 717:Middlewares/Third_Party/LwIP/src/core/tcp.c ****         if (cpcb->local_port == port) {
 718:Middlewares/Third_Party/LwIP/src/core/tcp.c **** #if SO_REUSE
 719:Middlewares/Third_Party/LwIP/src/core/tcp.c ****           /* Omit checking for the same port if both pcbs have REUSEADDR set.
 720:Middlewares/Third_Party/LwIP/src/core/tcp.c ****              For SO_REUSEADDR, the duplicate-check for a 5-tuple is done in
 721:Middlewares/Third_Party/LwIP/src/core/tcp.c ****              tcp_connect. */
 722:Middlewares/Third_Party/LwIP/src/core/tcp.c ****           if (!ip_get_option(pcb, SOF_REUSEADDR) ||
 723:Middlewares/Third_Party/LwIP/src/core/tcp.c ****               !ip_get_option(cpcb, SOF_REUSEADDR))
 724:Middlewares/Third_Party/LwIP/src/core/tcp.c **** #endif /* SO_REUSE */
 725:Middlewares/Third_Party/LwIP/src/core/tcp.c ****           {
 726:Middlewares/Third_Party/LwIP/src/core/tcp.c ****             /* @todo: check accept_any_ip_version */
 727:Middlewares/Third_Party/LwIP/src/core/tcp.c ****             if ((IP_IS_V6(ipaddr) == IP_IS_V6_VAL(cpcb->local_ip)) &&
 728:Middlewares/Third_Party/LwIP/src/core/tcp.c ****                 (ip_addr_isany(&cpcb->local_ip) ||
 729:Middlewares/Third_Party/LwIP/src/core/tcp.c ****                  ip_addr_isany(ipaddr) ||
 730:Middlewares/Third_Party/LwIP/src/core/tcp.c ****                  ip_addr_cmp(&cpcb->local_ip, ipaddr))) {
 731:Middlewares/Third_Party/LwIP/src/core/tcp.c ****               return ERR_USE;
 732:Middlewares/Third_Party/LwIP/src/core/tcp.c ****             }
 733:Middlewares/Third_Party/LwIP/src/core/tcp.c ****           }
 734:Middlewares/Third_Party/LwIP/src/core/tcp.c ****         }
 735:Middlewares/Third_Party/LwIP/src/core/tcp.c ****       }
 736:Middlewares/Third_Party/LwIP/src/core/tcp.c ****     }
 737:Middlewares/Third_Party/LwIP/src/core/tcp.c ****   }
 738:Middlewares/Third_Party/LwIP/src/core/tcp.c **** 
 739:Middlewares/Third_Party/LwIP/src/core/tcp.c ****   if (!ip_addr_isany(ipaddr)
 740:Middlewares/Third_Party/LwIP/src/core/tcp.c **** #if LWIP_IPV4 && LWIP_IPV6
 741:Middlewares/Third_Party/LwIP/src/core/tcp.c ****       || (IP_GET_TYPE(ipaddr) != IP_GET_TYPE(&pcb->local_ip))
 742:Middlewares/Third_Party/LwIP/src/core/tcp.c **** #endif /* LWIP_IPV4 && LWIP_IPV6 */
 743:Middlewares/Third_Party/LwIP/src/core/tcp.c ****      ) {
 744:Middlewares/Third_Party/LwIP/src/core/tcp.c ****     ip_addr_set(&pcb->local_ip, ipaddr);
 745:Middlewares/Third_Party/LwIP/src/core/tcp.c ****   }
 746:Middlewares/Third_Party/LwIP/src/core/tcp.c ****   pcb->local_port = port;
 747:Middlewares/Third_Party/LwIP/src/core/tcp.c ****   TCP_REG(&tcp_bound_pcbs, pcb);
 748:Middlewares/Third_Party/LwIP/src/core/tcp.c ****   LWIP_DEBUGF(TCP_DEBUG, ("tcp_bind: bind to port %"U16_F"\n", port));
 749:Middlewares/Third_Party/LwIP/src/core/tcp.c ****   return ERR_OK;
 750:Middlewares/Third_Party/LwIP/src/core/tcp.c **** }
 751:Middlewares/Third_Party/LwIP/src/core/tcp.c **** 
 752:Middlewares/Third_Party/LwIP/src/core/tcp.c **** /**
 753:Middlewares/Third_Party/LwIP/src/core/tcp.c ****  * @ingroup tcp_raw
 754:Middlewares/Third_Party/LwIP/src/core/tcp.c ****  * Binds the connection to a netif and IP address.
 755:Middlewares/Third_Party/LwIP/src/core/tcp.c ****  * After calling this function, all packets received via this PCB
 756:Middlewares/Third_Party/LwIP/src/core/tcp.c ****  * are guaranteed to have come in via the specified netif, and all
 757:Middlewares/Third_Party/LwIP/src/core/tcp.c ****  * outgoing packets will go out via the specified netif.
 758:Middlewares/Third_Party/LwIP/src/core/tcp.c ****  *
 759:Middlewares/Third_Party/LwIP/src/core/tcp.c ****  * @param pcb the tcp_pcb to bind.
 760:Middlewares/Third_Party/LwIP/src/core/tcp.c ****  * @param netif the netif to bind to. Can be NULL.
 761:Middlewares/Third_Party/LwIP/src/core/tcp.c ****  */
 762:Middlewares/Third_Party/LwIP/src/core/tcp.c **** void
 763:Middlewares/Third_Party/LwIP/src/core/tcp.c **** tcp_bind_netif(struct tcp_pcb *pcb, const struct netif *netif)
 764:Middlewares/Third_Party/LwIP/src/core/tcp.c **** {
 765:Middlewares/Third_Party/LwIP/src/core/tcp.c ****   LWIP_ASSERT_CORE_LOCKED();
 766:Middlewares/Third_Party/LwIP/src/core/tcp.c ****   if (netif != NULL) {
 767:Middlewares/Third_Party/LwIP/src/core/tcp.c ****     pcb->netif_idx = netif_get_index(netif);
 768:Middlewares/Third_Party/LwIP/src/core/tcp.c ****   } else {
 769:Middlewares/Third_Party/LwIP/src/core/tcp.c ****     pcb->netif_idx = NETIF_NO_INDEX;
 770:Middlewares/Third_Party/LwIP/src/core/tcp.c ****   }
 771:Middlewares/Third_Party/LwIP/src/core/tcp.c **** }
 772:Middlewares/Third_Party/LwIP/src/core/tcp.c **** 
 773:Middlewares/Third_Party/LwIP/src/core/tcp.c **** #if LWIP_CALLBACK_API
ARM GAS  /tmp/ccwEre5k.s 			page 15


 774:Middlewares/Third_Party/LwIP/src/core/tcp.c **** /**
 775:Middlewares/Third_Party/LwIP/src/core/tcp.c ****  * Default accept callback if no accept callback is specified by the user.
 776:Middlewares/Third_Party/LwIP/src/core/tcp.c ****  */
 777:Middlewares/Third_Party/LwIP/src/core/tcp.c **** static err_t
 778:Middlewares/Third_Party/LwIP/src/core/tcp.c **** tcp_accept_null(void *arg, struct tcp_pcb *pcb, err_t err)
 779:Middlewares/Third_Party/LwIP/src/core/tcp.c **** {
 780:Middlewares/Third_Party/LwIP/src/core/tcp.c ****   LWIP_UNUSED_ARG(arg);
 781:Middlewares/Third_Party/LwIP/src/core/tcp.c ****   LWIP_UNUSED_ARG(err);
 782:Middlewares/Third_Party/LwIP/src/core/tcp.c **** 
 783:Middlewares/Third_Party/LwIP/src/core/tcp.c ****   LWIP_ASSERT("tcp_accept_null: invalid pcb", pcb != NULL);
 784:Middlewares/Third_Party/LwIP/src/core/tcp.c **** 
 785:Middlewares/Third_Party/LwIP/src/core/tcp.c ****   tcp_abort(pcb);
 786:Middlewares/Third_Party/LwIP/src/core/tcp.c **** 
 787:Middlewares/Third_Party/LwIP/src/core/tcp.c ****   return ERR_ABRT;
 788:Middlewares/Third_Party/LwIP/src/core/tcp.c **** }
 789:Middlewares/Third_Party/LwIP/src/core/tcp.c **** #endif /* LWIP_CALLBACK_API */
 790:Middlewares/Third_Party/LwIP/src/core/tcp.c **** 
 791:Middlewares/Third_Party/LwIP/src/core/tcp.c **** /**
 792:Middlewares/Third_Party/LwIP/src/core/tcp.c ****  * @ingroup tcp_raw
 793:Middlewares/Third_Party/LwIP/src/core/tcp.c ****  * Set the state of the connection to be LISTEN, which means that it
 794:Middlewares/Third_Party/LwIP/src/core/tcp.c ****  * is able to accept incoming connections. The protocol control block
 795:Middlewares/Third_Party/LwIP/src/core/tcp.c ****  * is reallocated in order to consume less memory. Setting the
 796:Middlewares/Third_Party/LwIP/src/core/tcp.c ****  * connection to LISTEN is an irreversible process.
 797:Middlewares/Third_Party/LwIP/src/core/tcp.c ****  * When an incoming connection is accepted, the function specified with
 798:Middlewares/Third_Party/LwIP/src/core/tcp.c ****  * the tcp_accept() function will be called. The pcb has to be bound
 799:Middlewares/Third_Party/LwIP/src/core/tcp.c ****  * to a local port with the tcp_bind() function.
 800:Middlewares/Third_Party/LwIP/src/core/tcp.c ****  * 
 801:Middlewares/Third_Party/LwIP/src/core/tcp.c ****  * The tcp_listen() function returns a new connection identifier, and
 802:Middlewares/Third_Party/LwIP/src/core/tcp.c ****  * the one passed as an argument to the function will be
 803:Middlewares/Third_Party/LwIP/src/core/tcp.c ****  * deallocated. The reason for this behavior is that less memory is
 804:Middlewares/Third_Party/LwIP/src/core/tcp.c ****  * needed for a connection that is listening, so tcp_listen() will
 805:Middlewares/Third_Party/LwIP/src/core/tcp.c ****  * reclaim the memory needed for the original connection and allocate a
 806:Middlewares/Third_Party/LwIP/src/core/tcp.c ****  * new smaller memory block for the listening connection.
 807:Middlewares/Third_Party/LwIP/src/core/tcp.c ****  *
 808:Middlewares/Third_Party/LwIP/src/core/tcp.c ****  * tcp_listen() may return NULL if no memory was available for the
 809:Middlewares/Third_Party/LwIP/src/core/tcp.c ****  * listening connection. If so, the memory associated with the pcb
 810:Middlewares/Third_Party/LwIP/src/core/tcp.c ****  * passed as an argument to tcp_listen() will not be deallocated.
 811:Middlewares/Third_Party/LwIP/src/core/tcp.c ****  *
 812:Middlewares/Third_Party/LwIP/src/core/tcp.c ****  * The backlog limits the number of outstanding connections
 813:Middlewares/Third_Party/LwIP/src/core/tcp.c ****  * in the listen queue to the value specified by the backlog argument.
 814:Middlewares/Third_Party/LwIP/src/core/tcp.c ****  * To use it, your need to set TCP_LISTEN_BACKLOG=1 in your lwipopts.h.
 815:Middlewares/Third_Party/LwIP/src/core/tcp.c ****  * 
 816:Middlewares/Third_Party/LwIP/src/core/tcp.c ****  * @param pcb the original tcp_pcb
 817:Middlewares/Third_Party/LwIP/src/core/tcp.c ****  * @param backlog the incoming connections queue limit
 818:Middlewares/Third_Party/LwIP/src/core/tcp.c ****  * @return tcp_pcb used for listening, consumes less memory.
 819:Middlewares/Third_Party/LwIP/src/core/tcp.c ****  *
 820:Middlewares/Third_Party/LwIP/src/core/tcp.c ****  * @note The original tcp_pcb is freed. This function therefore has to be
 821:Middlewares/Third_Party/LwIP/src/core/tcp.c ****  *       called like this:
 822:Middlewares/Third_Party/LwIP/src/core/tcp.c ****  *             tpcb = tcp_listen_with_backlog(tpcb, backlog);
 823:Middlewares/Third_Party/LwIP/src/core/tcp.c ****  */
 824:Middlewares/Third_Party/LwIP/src/core/tcp.c **** struct tcp_pcb *
 825:Middlewares/Third_Party/LwIP/src/core/tcp.c **** tcp_listen_with_backlog(struct tcp_pcb *pcb, u8_t backlog)
 826:Middlewares/Third_Party/LwIP/src/core/tcp.c **** {
 827:Middlewares/Third_Party/LwIP/src/core/tcp.c ****   LWIP_ASSERT_CORE_LOCKED();
 828:Middlewares/Third_Party/LwIP/src/core/tcp.c ****   return tcp_listen_with_backlog_and_err(pcb, backlog, NULL);
 829:Middlewares/Third_Party/LwIP/src/core/tcp.c **** }
 830:Middlewares/Third_Party/LwIP/src/core/tcp.c **** 
ARM GAS  /tmp/ccwEre5k.s 			page 16


 831:Middlewares/Third_Party/LwIP/src/core/tcp.c **** /**
 832:Middlewares/Third_Party/LwIP/src/core/tcp.c ****  * @ingroup tcp_raw
 833:Middlewares/Third_Party/LwIP/src/core/tcp.c ****  * Set the state of the connection to be LISTEN, which means that it
 834:Middlewares/Third_Party/LwIP/src/core/tcp.c ****  * is able to accept incoming connections. The protocol control block
 835:Middlewares/Third_Party/LwIP/src/core/tcp.c ****  * is reallocated in order to consume less memory. Setting the
 836:Middlewares/Third_Party/LwIP/src/core/tcp.c ****  * connection to LISTEN is an irreversible process.
 837:Middlewares/Third_Party/LwIP/src/core/tcp.c ****  *
 838:Middlewares/Third_Party/LwIP/src/core/tcp.c ****  * @param pcb the original tcp_pcb
 839:Middlewares/Third_Party/LwIP/src/core/tcp.c ****  * @param backlog the incoming connections queue limit
 840:Middlewares/Third_Party/LwIP/src/core/tcp.c ****  * @param err when NULL is returned, this contains the error reason
 841:Middlewares/Third_Party/LwIP/src/core/tcp.c ****  * @return tcp_pcb used for listening, consumes less memory.
 842:Middlewares/Third_Party/LwIP/src/core/tcp.c ****  *
 843:Middlewares/Third_Party/LwIP/src/core/tcp.c ****  * @note The original tcp_pcb is freed. This function therefore has to be
 844:Middlewares/Third_Party/LwIP/src/core/tcp.c ****  *       called like this:
 845:Middlewares/Third_Party/LwIP/src/core/tcp.c ****  *             tpcb = tcp_listen_with_backlog_and_err(tpcb, backlog, &err);
 846:Middlewares/Third_Party/LwIP/src/core/tcp.c ****  */
 847:Middlewares/Third_Party/LwIP/src/core/tcp.c **** struct tcp_pcb *
 848:Middlewares/Third_Party/LwIP/src/core/tcp.c **** tcp_listen_with_backlog_and_err(struct tcp_pcb *pcb, u8_t backlog, err_t *err)
 849:Middlewares/Third_Party/LwIP/src/core/tcp.c **** {
 850:Middlewares/Third_Party/LwIP/src/core/tcp.c ****   struct tcp_pcb_listen *lpcb = NULL;
 851:Middlewares/Third_Party/LwIP/src/core/tcp.c ****   err_t res;
 852:Middlewares/Third_Party/LwIP/src/core/tcp.c **** 
 853:Middlewares/Third_Party/LwIP/src/core/tcp.c ****   LWIP_UNUSED_ARG(backlog);
 854:Middlewares/Third_Party/LwIP/src/core/tcp.c **** 
 855:Middlewares/Third_Party/LwIP/src/core/tcp.c ****   LWIP_ASSERT_CORE_LOCKED();
 856:Middlewares/Third_Party/LwIP/src/core/tcp.c **** 
 857:Middlewares/Third_Party/LwIP/src/core/tcp.c ****   LWIP_ERROR("tcp_listen_with_backlog_and_err: invalid pcb", pcb != NULL, res = ERR_ARG; goto done)
 858:Middlewares/Third_Party/LwIP/src/core/tcp.c ****   LWIP_ERROR("tcp_listen_with_backlog_and_err: pcb already connected", pcb->state == CLOSED, res = 
 859:Middlewares/Third_Party/LwIP/src/core/tcp.c **** 
 860:Middlewares/Third_Party/LwIP/src/core/tcp.c ****   /* already listening? */
 861:Middlewares/Third_Party/LwIP/src/core/tcp.c ****   if (pcb->state == LISTEN) {
 862:Middlewares/Third_Party/LwIP/src/core/tcp.c ****     lpcb = (struct tcp_pcb_listen *)pcb;
 863:Middlewares/Third_Party/LwIP/src/core/tcp.c ****     res = ERR_ALREADY;
 864:Middlewares/Third_Party/LwIP/src/core/tcp.c ****     goto done;
 865:Middlewares/Third_Party/LwIP/src/core/tcp.c ****   }
 866:Middlewares/Third_Party/LwIP/src/core/tcp.c **** #if SO_REUSE
 867:Middlewares/Third_Party/LwIP/src/core/tcp.c ****   if (ip_get_option(pcb, SOF_REUSEADDR)) {
 868:Middlewares/Third_Party/LwIP/src/core/tcp.c ****     /* Since SOF_REUSEADDR allows reusing a local address before the pcb's usage
 869:Middlewares/Third_Party/LwIP/src/core/tcp.c ****        is declared (listen-/connection-pcb), we have to make sure now that
 870:Middlewares/Third_Party/LwIP/src/core/tcp.c ****        this port is only used once for every local IP. */
 871:Middlewares/Third_Party/LwIP/src/core/tcp.c ****     for (lpcb = tcp_listen_pcbs.listen_pcbs; lpcb != NULL; lpcb = lpcb->next) {
 872:Middlewares/Third_Party/LwIP/src/core/tcp.c ****       if ((lpcb->local_port == pcb->local_port) &&
 873:Middlewares/Third_Party/LwIP/src/core/tcp.c ****           ip_addr_cmp(&lpcb->local_ip, &pcb->local_ip)) {
 874:Middlewares/Third_Party/LwIP/src/core/tcp.c ****         /* this address/port is already used */
 875:Middlewares/Third_Party/LwIP/src/core/tcp.c ****         lpcb = NULL;
 876:Middlewares/Third_Party/LwIP/src/core/tcp.c ****         res = ERR_USE;
 877:Middlewares/Third_Party/LwIP/src/core/tcp.c ****         goto done;
 878:Middlewares/Third_Party/LwIP/src/core/tcp.c ****       }
 879:Middlewares/Third_Party/LwIP/src/core/tcp.c ****     }
 880:Middlewares/Third_Party/LwIP/src/core/tcp.c ****   }
 881:Middlewares/Third_Party/LwIP/src/core/tcp.c **** #endif /* SO_REUSE */
 882:Middlewares/Third_Party/LwIP/src/core/tcp.c ****   lpcb = (struct tcp_pcb_listen *)memp_malloc(MEMP_TCP_PCB_LISTEN);
 883:Middlewares/Third_Party/LwIP/src/core/tcp.c ****   if (lpcb == NULL) {
 884:Middlewares/Third_Party/LwIP/src/core/tcp.c ****     res = ERR_MEM;
 885:Middlewares/Third_Party/LwIP/src/core/tcp.c ****     goto done;
 886:Middlewares/Third_Party/LwIP/src/core/tcp.c ****   }
 887:Middlewares/Third_Party/LwIP/src/core/tcp.c ****   lpcb->callback_arg = pcb->callback_arg;
ARM GAS  /tmp/ccwEre5k.s 			page 17


 888:Middlewares/Third_Party/LwIP/src/core/tcp.c ****   lpcb->local_port = pcb->local_port;
 889:Middlewares/Third_Party/LwIP/src/core/tcp.c ****   lpcb->state = LISTEN;
 890:Middlewares/Third_Party/LwIP/src/core/tcp.c ****   lpcb->prio = pcb->prio;
 891:Middlewares/Third_Party/LwIP/src/core/tcp.c ****   lpcb->so_options = pcb->so_options;
 892:Middlewares/Third_Party/LwIP/src/core/tcp.c ****   lpcb->netif_idx = NETIF_NO_INDEX;
 893:Middlewares/Third_Party/LwIP/src/core/tcp.c ****   lpcb->ttl = pcb->ttl;
 894:Middlewares/Third_Party/LwIP/src/core/tcp.c ****   lpcb->tos = pcb->tos;
 895:Middlewares/Third_Party/LwIP/src/core/tcp.c **** #if LWIP_IPV4 && LWIP_IPV6
 896:Middlewares/Third_Party/LwIP/src/core/tcp.c ****   IP_SET_TYPE_VAL(lpcb->remote_ip, pcb->local_ip.type);
 897:Middlewares/Third_Party/LwIP/src/core/tcp.c **** #endif /* LWIP_IPV4 && LWIP_IPV6 */
 898:Middlewares/Third_Party/LwIP/src/core/tcp.c ****   ip_addr_copy(lpcb->local_ip, pcb->local_ip);
 899:Middlewares/Third_Party/LwIP/src/core/tcp.c ****   if (pcb->local_port != 0) {
 900:Middlewares/Third_Party/LwIP/src/core/tcp.c ****     TCP_RMV(&tcp_bound_pcbs, pcb);
 901:Middlewares/Third_Party/LwIP/src/core/tcp.c ****   }
 902:Middlewares/Third_Party/LwIP/src/core/tcp.c **** #if LWIP_TCP_PCB_NUM_EXT_ARGS
 903:Middlewares/Third_Party/LwIP/src/core/tcp.c ****   /* copy over ext_args to listening pcb  */
 904:Middlewares/Third_Party/LwIP/src/core/tcp.c ****   memcpy(&lpcb->ext_args, &pcb->ext_args, sizeof(pcb->ext_args));
 905:Middlewares/Third_Party/LwIP/src/core/tcp.c **** #endif
 906:Middlewares/Third_Party/LwIP/src/core/tcp.c ****   tcp_free(pcb);
 907:Middlewares/Third_Party/LwIP/src/core/tcp.c **** #if LWIP_CALLBACK_API
 908:Middlewares/Third_Party/LwIP/src/core/tcp.c ****   lpcb->accept = tcp_accept_null;
 909:Middlewares/Third_Party/LwIP/src/core/tcp.c **** #endif /* LWIP_CALLBACK_API */
 910:Middlewares/Third_Party/LwIP/src/core/tcp.c **** #if TCP_LISTEN_BACKLOG
 911:Middlewares/Third_Party/LwIP/src/core/tcp.c ****   lpcb->accepts_pending = 0;
 912:Middlewares/Third_Party/LwIP/src/core/tcp.c ****   tcp_backlog_set(lpcb, backlog);
 913:Middlewares/Third_Party/LwIP/src/core/tcp.c **** #endif /* TCP_LISTEN_BACKLOG */
 914:Middlewares/Third_Party/LwIP/src/core/tcp.c ****   TCP_REG(&tcp_listen_pcbs.pcbs, (struct tcp_pcb *)lpcb);
 915:Middlewares/Third_Party/LwIP/src/core/tcp.c ****   res = ERR_OK;
 916:Middlewares/Third_Party/LwIP/src/core/tcp.c **** done:
 917:Middlewares/Third_Party/LwIP/src/core/tcp.c ****   if (err != NULL) {
 918:Middlewares/Third_Party/LwIP/src/core/tcp.c ****     *err = res;
 919:Middlewares/Third_Party/LwIP/src/core/tcp.c ****   }
 920:Middlewares/Third_Party/LwIP/src/core/tcp.c ****   return (struct tcp_pcb *)lpcb;
 921:Middlewares/Third_Party/LwIP/src/core/tcp.c **** }
 922:Middlewares/Third_Party/LwIP/src/core/tcp.c **** 
 923:Middlewares/Third_Party/LwIP/src/core/tcp.c **** /**
 924:Middlewares/Third_Party/LwIP/src/core/tcp.c ****  * Update the state that tracks the available window space to advertise.
 925:Middlewares/Third_Party/LwIP/src/core/tcp.c ****  *
 926:Middlewares/Third_Party/LwIP/src/core/tcp.c ****  * Returns how much extra window would be advertised if we sent an
 927:Middlewares/Third_Party/LwIP/src/core/tcp.c ****  * update now.
 928:Middlewares/Third_Party/LwIP/src/core/tcp.c ****  */
 929:Middlewares/Third_Party/LwIP/src/core/tcp.c **** u32_t
 930:Middlewares/Third_Party/LwIP/src/core/tcp.c **** tcp_update_rcv_ann_wnd(struct tcp_pcb *pcb)
 931:Middlewares/Third_Party/LwIP/src/core/tcp.c **** {
 932:Middlewares/Third_Party/LwIP/src/core/tcp.c ****   u32_t new_right_edge;
 933:Middlewares/Third_Party/LwIP/src/core/tcp.c **** 
 934:Middlewares/Third_Party/LwIP/src/core/tcp.c ****   LWIP_ASSERT("tcp_update_rcv_ann_wnd: invalid pcb", pcb != NULL);
 935:Middlewares/Third_Party/LwIP/src/core/tcp.c ****   new_right_edge = pcb->rcv_nxt + pcb->rcv_wnd;
 936:Middlewares/Third_Party/LwIP/src/core/tcp.c **** 
 937:Middlewares/Third_Party/LwIP/src/core/tcp.c ****   if (TCP_SEQ_GEQ(new_right_edge, pcb->rcv_ann_right_edge + LWIP_MIN((TCP_WND / 2), pcb->mss))) {
 938:Middlewares/Third_Party/LwIP/src/core/tcp.c ****     /* we can advertise more window */
 939:Middlewares/Third_Party/LwIP/src/core/tcp.c ****     pcb->rcv_ann_wnd = pcb->rcv_wnd;
 940:Middlewares/Third_Party/LwIP/src/core/tcp.c ****     return new_right_edge - pcb->rcv_ann_right_edge;
 941:Middlewares/Third_Party/LwIP/src/core/tcp.c ****   } else {
 942:Middlewares/Third_Party/LwIP/src/core/tcp.c ****     if (TCP_SEQ_GT(pcb->rcv_nxt, pcb->rcv_ann_right_edge)) {
 943:Middlewares/Third_Party/LwIP/src/core/tcp.c ****       /* Can happen due to other end sending out of advertised window,
 944:Middlewares/Third_Party/LwIP/src/core/tcp.c ****        * but within actual available (but not yet advertised) window */
ARM GAS  /tmp/ccwEre5k.s 			page 18


 945:Middlewares/Third_Party/LwIP/src/core/tcp.c ****       pcb->rcv_ann_wnd = 0;
 946:Middlewares/Third_Party/LwIP/src/core/tcp.c ****     } else {
 947:Middlewares/Third_Party/LwIP/src/core/tcp.c ****       /* keep the right edge of window constant */
 948:Middlewares/Third_Party/LwIP/src/core/tcp.c ****       u32_t new_rcv_ann_wnd = pcb->rcv_ann_right_edge - pcb->rcv_nxt;
 949:Middlewares/Third_Party/LwIP/src/core/tcp.c **** #if !LWIP_WND_SCALE
 950:Middlewares/Third_Party/LwIP/src/core/tcp.c ****       LWIP_ASSERT("new_rcv_ann_wnd <= 0xffff", new_rcv_ann_wnd <= 0xffff);
 951:Middlewares/Third_Party/LwIP/src/core/tcp.c **** #endif
 952:Middlewares/Third_Party/LwIP/src/core/tcp.c ****       pcb->rcv_ann_wnd = (tcpwnd_size_t)new_rcv_ann_wnd;
 953:Middlewares/Third_Party/LwIP/src/core/tcp.c ****     }
 954:Middlewares/Third_Party/LwIP/src/core/tcp.c ****     return 0;
 955:Middlewares/Third_Party/LwIP/src/core/tcp.c ****   }
 956:Middlewares/Third_Party/LwIP/src/core/tcp.c **** }
 957:Middlewares/Third_Party/LwIP/src/core/tcp.c **** 
 958:Middlewares/Third_Party/LwIP/src/core/tcp.c **** /**
 959:Middlewares/Third_Party/LwIP/src/core/tcp.c ****  * @ingroup tcp_raw
 960:Middlewares/Third_Party/LwIP/src/core/tcp.c ****  * This function should be called by the application when it has
 961:Middlewares/Third_Party/LwIP/src/core/tcp.c ****  * processed the data. The purpose is to advertise a larger window
 962:Middlewares/Third_Party/LwIP/src/core/tcp.c ****  * when the data has been processed.
 963:Middlewares/Third_Party/LwIP/src/core/tcp.c ****  *
 964:Middlewares/Third_Party/LwIP/src/core/tcp.c ****  * @param pcb the tcp_pcb for which data is read
 965:Middlewares/Third_Party/LwIP/src/core/tcp.c ****  * @param len the amount of bytes that have been read by the application
 966:Middlewares/Third_Party/LwIP/src/core/tcp.c ****  */
 967:Middlewares/Third_Party/LwIP/src/core/tcp.c **** void
 968:Middlewares/Third_Party/LwIP/src/core/tcp.c **** tcp_recved(struct tcp_pcb *pcb, u16_t len)
 969:Middlewares/Third_Party/LwIP/src/core/tcp.c **** {
 970:Middlewares/Third_Party/LwIP/src/core/tcp.c ****   u32_t wnd_inflation;
 971:Middlewares/Third_Party/LwIP/src/core/tcp.c ****   tcpwnd_size_t rcv_wnd;
 972:Middlewares/Third_Party/LwIP/src/core/tcp.c **** 
 973:Middlewares/Third_Party/LwIP/src/core/tcp.c ****   LWIP_ASSERT_CORE_LOCKED();
 974:Middlewares/Third_Party/LwIP/src/core/tcp.c **** 
 975:Middlewares/Third_Party/LwIP/src/core/tcp.c ****   LWIP_ERROR("tcp_recved: invalid pcb", pcb != NULL, return);
 976:Middlewares/Third_Party/LwIP/src/core/tcp.c **** 
 977:Middlewares/Third_Party/LwIP/src/core/tcp.c ****   /* pcb->state LISTEN not allowed here */
 978:Middlewares/Third_Party/LwIP/src/core/tcp.c ****   LWIP_ASSERT("don't call tcp_recved for listen-pcbs",
 979:Middlewares/Third_Party/LwIP/src/core/tcp.c ****               pcb->state != LISTEN);
 980:Middlewares/Third_Party/LwIP/src/core/tcp.c **** 
 981:Middlewares/Third_Party/LwIP/src/core/tcp.c ****   rcv_wnd = (tcpwnd_size_t)(pcb->rcv_wnd + len);
 982:Middlewares/Third_Party/LwIP/src/core/tcp.c ****   if ((rcv_wnd > TCP_WND_MAX(pcb)) || (rcv_wnd < pcb->rcv_wnd)) {
 983:Middlewares/Third_Party/LwIP/src/core/tcp.c ****     /* window got too big or tcpwnd_size_t overflow */
 984:Middlewares/Third_Party/LwIP/src/core/tcp.c ****     LWIP_DEBUGF(TCP_DEBUG, ("tcp_recved: window got too big or tcpwnd_size_t overflow\n"));
 985:Middlewares/Third_Party/LwIP/src/core/tcp.c ****     pcb->rcv_wnd = TCP_WND_MAX(pcb);
 986:Middlewares/Third_Party/LwIP/src/core/tcp.c ****   } else  {
 987:Middlewares/Third_Party/LwIP/src/core/tcp.c ****     pcb->rcv_wnd = rcv_wnd;
 988:Middlewares/Third_Party/LwIP/src/core/tcp.c ****   }
 989:Middlewares/Third_Party/LwIP/src/core/tcp.c **** 
 990:Middlewares/Third_Party/LwIP/src/core/tcp.c ****   wnd_inflation = tcp_update_rcv_ann_wnd(pcb);
 991:Middlewares/Third_Party/LwIP/src/core/tcp.c **** 
 992:Middlewares/Third_Party/LwIP/src/core/tcp.c ****   /* If the change in the right edge of window is significant (default
 993:Middlewares/Third_Party/LwIP/src/core/tcp.c ****    * watermark is TCP_WND/4), then send an explicit update now.
 994:Middlewares/Third_Party/LwIP/src/core/tcp.c ****    * Otherwise wait for a packet to be sent in the normal course of
 995:Middlewares/Third_Party/LwIP/src/core/tcp.c ****    * events (or more window to be available later) */
 996:Middlewares/Third_Party/LwIP/src/core/tcp.c ****   if (wnd_inflation >= TCP_WND_UPDATE_THRESHOLD) {
 997:Middlewares/Third_Party/LwIP/src/core/tcp.c ****     tcp_ack_now(pcb);
 998:Middlewares/Third_Party/LwIP/src/core/tcp.c ****     tcp_output(pcb);
 999:Middlewares/Third_Party/LwIP/src/core/tcp.c ****   }
1000:Middlewares/Third_Party/LwIP/src/core/tcp.c **** 
1001:Middlewares/Third_Party/LwIP/src/core/tcp.c ****   LWIP_DEBUGF(TCP_DEBUG, ("tcp_recved: received %"U16_F" bytes, wnd %"TCPWNDSIZE_F" (%"TCPWNDSIZE_F
ARM GAS  /tmp/ccwEre5k.s 			page 19


1002:Middlewares/Third_Party/LwIP/src/core/tcp.c ****                           len, pcb->rcv_wnd, (u16_t)(TCP_WND_MAX(pcb) - pcb->rcv_wnd)));
1003:Middlewares/Third_Party/LwIP/src/core/tcp.c **** }
1004:Middlewares/Third_Party/LwIP/src/core/tcp.c **** 
1005:Middlewares/Third_Party/LwIP/src/core/tcp.c **** /**
1006:Middlewares/Third_Party/LwIP/src/core/tcp.c ****  * Allocate a new local TCP port.
1007:Middlewares/Third_Party/LwIP/src/core/tcp.c ****  *
1008:Middlewares/Third_Party/LwIP/src/core/tcp.c ****  * @return a new (free) local TCP port number
1009:Middlewares/Third_Party/LwIP/src/core/tcp.c ****  */
1010:Middlewares/Third_Party/LwIP/src/core/tcp.c **** static u16_t
1011:Middlewares/Third_Party/LwIP/src/core/tcp.c **** tcp_new_port(void)
1012:Middlewares/Third_Party/LwIP/src/core/tcp.c **** {
  27              		.loc 1 1012 1 view -0
  28              		.cfi_startproc
  29              		@ args = 0, pretend = 0, frame = 0
  30              		@ frame_needed = 0, uses_anonymous_args = 0
  31              		@ link register save eliminated.
1013:Middlewares/Third_Party/LwIP/src/core/tcp.c ****   u8_t i;
  32              		.loc 1 1013 3 view .LVU1
1014:Middlewares/Third_Party/LwIP/src/core/tcp.c ****   u16_t n = 0;
  33              		.loc 1 1014 3 view .LVU2
  34              	.LVL0:
  35              		.loc 1 1014 9 is_stmt 0 view .LVU3
  36 0000 4FF0000C 		mov	ip, #0
  37 0004 0BE0     		b	.L2
  38              	.LVL1:
  39              	.L12:
1015:Middlewares/Third_Party/LwIP/src/core/tcp.c ****   struct tcp_pcb *pcb;
1016:Middlewares/Third_Party/LwIP/src/core/tcp.c **** 
1017:Middlewares/Third_Party/LwIP/src/core/tcp.c **** again:
1018:Middlewares/Third_Party/LwIP/src/core/tcp.c ****   tcp_port++;
1019:Middlewares/Third_Party/LwIP/src/core/tcp.c ****   if (tcp_port == TCP_LOCAL_PORT_RANGE_END) {
1020:Middlewares/Third_Party/LwIP/src/core/tcp.c ****     tcp_port = TCP_LOCAL_PORT_RANGE_START;
  40              		.loc 1 1020 5 is_stmt 1 view .LVU4
  41              		.loc 1 1020 14 is_stmt 0 view .LVU5
  42 0006 164B     		ldr	r3, .L16
  43 0008 4FF44042 		mov	r2, #49152
  44 000c 1A80     		strh	r2, [r3]	@ movhi
  45 000e 0FE0     		b	.L3
  46              	.LVL2:
  47              	.L15:
1021:Middlewares/Third_Party/LwIP/src/core/tcp.c ****   }
1022:Middlewares/Third_Party/LwIP/src/core/tcp.c ****   /* Check all PCB lists. */
1023:Middlewares/Third_Party/LwIP/src/core/tcp.c ****   for (i = 0; i < NUM_TCP_PCB_LISTS; i++) {
1024:Middlewares/Third_Party/LwIP/src/core/tcp.c ****     for (pcb = *tcp_pcb_lists[i]; pcb != NULL; pcb = pcb->next) {
1025:Middlewares/Third_Party/LwIP/src/core/tcp.c ****       if (pcb->local_port == tcp_port) {
1026:Middlewares/Third_Party/LwIP/src/core/tcp.c ****         n++;
  48              		.loc 1 1026 9 is_stmt 1 view .LVU6
  49              		.loc 1 1026 10 is_stmt 0 view .LVU7
  50 0010 0CF1010C 		add	ip, ip, #1
  51              	.LVL3:
  52              		.loc 1 1026 10 view .LVU8
  53 0014 1FFA8CFC 		uxth	ip, ip
  54              	.LVL4:
1027:Middlewares/Third_Party/LwIP/src/core/tcp.c ****         if (n > (TCP_LOCAL_PORT_RANGE_END - TCP_LOCAL_PORT_RANGE_START)) {
  55              		.loc 1 1027 9 is_stmt 1 view .LVU9
  56              		.loc 1 1027 12 is_stmt 0 view .LVU10
  57 0018 BCF5804F 		cmp	ip, #16384
ARM GAS  /tmp/ccwEre5k.s 			page 20


  58 001c 1DD2     		bcs	.L11
  59              	.LVL5:
  60              	.L2:
1015:Middlewares/Third_Party/LwIP/src/core/tcp.c ****   struct tcp_pcb *pcb;
  61              		.loc 1 1015 3 is_stmt 1 view .LVU11
1018:Middlewares/Third_Party/LwIP/src/core/tcp.c ****   if (tcp_port == TCP_LOCAL_PORT_RANGE_END) {
  62              		.loc 1 1018 3 view .LVU12
1018:Middlewares/Third_Party/LwIP/src/core/tcp.c ****   if (tcp_port == TCP_LOCAL_PORT_RANGE_END) {
  63              		.loc 1 1018 11 is_stmt 0 view .LVU13
  64 001e 104A     		ldr	r2, .L16
  65 0020 1388     		ldrh	r3, [r2]
  66 0022 0133     		adds	r3, r3, #1
  67 0024 9BB2     		uxth	r3, r3
  68 0026 1380     		strh	r3, [r2]	@ movhi
1019:Middlewares/Third_Party/LwIP/src/core/tcp.c ****     tcp_port = TCP_LOCAL_PORT_RANGE_START;
  69              		.loc 1 1019 3 is_stmt 1 view .LVU14
1019:Middlewares/Third_Party/LwIP/src/core/tcp.c ****     tcp_port = TCP_LOCAL_PORT_RANGE_START;
  70              		.loc 1 1019 6 is_stmt 0 view .LVU15
  71 0028 4FF6FF72 		movw	r2, #65535
  72 002c 9342     		cmp	r3, r2
  73 002e EAD0     		beq	.L12
  74              	.L3:
1023:Middlewares/Third_Party/LwIP/src/core/tcp.c ****     for (pcb = *tcp_pcb_lists[i]; pcb != NULL; pcb = pcb->next) {
  75              		.loc 1 1023 3 is_stmt 1 view .LVU16
  76              	.LVL6:
1023:Middlewares/Third_Party/LwIP/src/core/tcp.c ****     for (pcb = *tcp_pcb_lists[i]; pcb != NULL; pcb = pcb->next) {
  77              		.loc 1 1023 10 is_stmt 0 view .LVU17
  78 0030 0020     		movs	r0, #0
  79              	.LVL7:
  80              	.L4:
1023:Middlewares/Third_Party/LwIP/src/core/tcp.c ****     for (pcb = *tcp_pcb_lists[i]; pcb != NULL; pcb = pcb->next) {
  81              		.loc 1 1023 17 is_stmt 1 discriminator 1 view .LVU18
  82 0032 0328     		cmp	r0, #3
  83 0034 0ED8     		bhi	.L13
1024:Middlewares/Third_Party/LwIP/src/core/tcp.c ****       if (pcb->local_port == tcp_port) {
  84              		.loc 1 1024 5 view .LVU19
1024:Middlewares/Third_Party/LwIP/src/core/tcp.c ****       if (pcb->local_port == tcp_port) {
  85              		.loc 1 1024 30 is_stmt 0 view .LVU20
  86 0036 0B4B     		ldr	r3, .L16+4
  87 0038 53F82030 		ldr	r3, [r3, r0, lsl #2]
1024:Middlewares/Third_Party/LwIP/src/core/tcp.c ****       if (pcb->local_port == tcp_port) {
  88              		.loc 1 1024 14 view .LVU21
  89 003c 1B68     		ldr	r3, [r3]
  90              	.LVL8:
  91              	.L5:
1024:Middlewares/Third_Party/LwIP/src/core/tcp.c ****       if (pcb->local_port == tcp_port) {
  92              		.loc 1 1024 39 is_stmt 1 discriminator 1 view .LVU22
  93 003e 33B1     		cbz	r3, .L14
1025:Middlewares/Third_Party/LwIP/src/core/tcp.c ****         n++;
  94              		.loc 1 1025 7 view .LVU23
1025:Middlewares/Third_Party/LwIP/src/core/tcp.c ****         n++;
  95              		.loc 1 1025 14 is_stmt 0 view .LVU24
  96 0040 D98A     		ldrh	r1, [r3, #22]
1025:Middlewares/Third_Party/LwIP/src/core/tcp.c ****         n++;
  97              		.loc 1 1025 27 view .LVU25
  98 0042 074A     		ldr	r2, .L16
  99 0044 1288     		ldrh	r2, [r2]
ARM GAS  /tmp/ccwEre5k.s 			page 21


1025:Middlewares/Third_Party/LwIP/src/core/tcp.c ****         n++;
 100              		.loc 1 1025 10 view .LVU26
 101 0046 9142     		cmp	r1, r2
 102 0048 E2D0     		beq	.L15
1024:Middlewares/Third_Party/LwIP/src/core/tcp.c ****       if (pcb->local_port == tcp_port) {
 103              		.loc 1 1024 52 is_stmt 1 discriminator 2 view .LVU27
 104 004a DB68     		ldr	r3, [r3, #12]
 105              	.LVL9:
1024:Middlewares/Third_Party/LwIP/src/core/tcp.c ****       if (pcb->local_port == tcp_port) {
 106              		.loc 1 1024 52 is_stmt 0 discriminator 2 view .LVU28
 107 004c F7E7     		b	.L5
 108              	.L14:
1023:Middlewares/Third_Party/LwIP/src/core/tcp.c ****     for (pcb = *tcp_pcb_lists[i]; pcb != NULL; pcb = pcb->next) {
 109              		.loc 1 1023 39 is_stmt 1 discriminator 2 view .LVU29
 110 004e 0130     		adds	r0, r0, #1
 111              	.LVL10:
1023:Middlewares/Third_Party/LwIP/src/core/tcp.c ****     for (pcb = *tcp_pcb_lists[i]; pcb != NULL; pcb = pcb->next) {
 112              		.loc 1 1023 39 is_stmt 0 discriminator 2 view .LVU30
 113 0050 C0B2     		uxtb	r0, r0
 114              	.LVL11:
1023:Middlewares/Third_Party/LwIP/src/core/tcp.c ****     for (pcb = *tcp_pcb_lists[i]; pcb != NULL; pcb = pcb->next) {
 115              		.loc 1 1023 39 discriminator 2 view .LVU31
 116 0052 EEE7     		b	.L4
 117              	.LVL12:
 118              	.L13:
1028:Middlewares/Third_Party/LwIP/src/core/tcp.c ****           return 0;
1029:Middlewares/Third_Party/LwIP/src/core/tcp.c ****         }
1030:Middlewares/Third_Party/LwIP/src/core/tcp.c ****         goto again;
1031:Middlewares/Third_Party/LwIP/src/core/tcp.c ****       }
1032:Middlewares/Third_Party/LwIP/src/core/tcp.c ****     }
1033:Middlewares/Third_Party/LwIP/src/core/tcp.c ****   }
1034:Middlewares/Third_Party/LwIP/src/core/tcp.c ****   return tcp_port;
 119              		.loc 1 1034 3 is_stmt 1 view .LVU32
 120              		.loc 1 1034 10 is_stmt 0 view .LVU33
 121 0054 024B     		ldr	r3, .L16
 122 0056 1888     		ldrh	r0, [r3]
 123              	.LVL13:
 124              		.loc 1 1034 10 view .LVU34
 125 0058 7047     		bx	lr
 126              	.LVL14:
 127              	.L11:
1028:Middlewares/Third_Party/LwIP/src/core/tcp.c ****           return 0;
 128              		.loc 1 1028 18 view .LVU35
 129 005a 0020     		movs	r0, #0
 130              	.LVL15:
1035:Middlewares/Third_Party/LwIP/src/core/tcp.c **** }
 131              		.loc 1 1035 1 view .LVU36
 132 005c 7047     		bx	lr
 133              	.L17:
 134 005e 00BF     		.align	2
 135              	.L16:
 136 0060 00000000 		.word	tcp_port
 137 0064 00000000 		.word	tcp_pcb_lists
 138              		.cfi_endproc
 139              	.LFE185:
 141              		.section	.rodata.tcp_remove_listener.str1.4,"aMS",%progbits,1
 142              		.align	2
ARM GAS  /tmp/ccwEre5k.s 			page 22


 143              	.LC0:
 144 0000 4D696464 		.ascii	"Middlewares/Third_Party/LwIP/src/core/tcp.c\000"
 144      6C657761 
 144      7265732F 
 144      54686972 
 144      645F5061 
 145              		.align	2
 146              	.LC1:
 147 002c 7463705F 		.ascii	"tcp_remove_listener: invalid listener\000"
 147      72656D6F 
 147      76655F6C 
 147      69737465 
 147      6E65723A 
 148 0052 0000     		.align	2
 149              	.LC2:
 150 0054 41737365 		.ascii	"Assertion \"%s\" failed at line %d in %s\012\000"
 150      7274696F 
 150      6E202225 
 150      73222066 
 150      61696C65 
 151              		.section	.text.tcp_remove_listener,"ax",%progbits
 152              		.align	1
 153              		.syntax unified
 154              		.thumb
 155              		.thumb_func
 157              	tcp_remove_listener:
 158              	.LVL16:
 159              	.LFB170:
 252:Middlewares/Third_Party/LwIP/src/core/tcp.c ****   struct tcp_pcb *pcb;
 160              		.loc 1 252 1 is_stmt 1 view -0
 161              		.cfi_startproc
 162              		@ args = 0, pretend = 0, frame = 0
 163              		@ frame_needed = 0, uses_anonymous_args = 0
 252:Middlewares/Third_Party/LwIP/src/core/tcp.c ****   struct tcp_pcb *pcb;
 164              		.loc 1 252 1 is_stmt 0 view .LVU38
 165 0000 38B5     		push	{r3, r4, r5, lr}
 166              	.LCFI0:
 167              		.cfi_def_cfa_offset 16
 168              		.cfi_offset 3, -16
 169              		.cfi_offset 4, -12
 170              		.cfi_offset 5, -8
 171              		.cfi_offset 14, -4
 172 0002 0446     		mov	r4, r0
 253:Middlewares/Third_Party/LwIP/src/core/tcp.c **** 
 173              		.loc 1 253 3 is_stmt 1 view .LVU39
 255:Middlewares/Third_Party/LwIP/src/core/tcp.c **** 
 174              		.loc 1 255 3 view .LVU40
 255:Middlewares/Third_Party/LwIP/src/core/tcp.c **** 
 175              		.loc 1 255 3 view .LVU41
 176 0004 0D46     		mov	r5, r1
 177 0006 39B9     		cbnz	r1, .L20
 255:Middlewares/Third_Party/LwIP/src/core/tcp.c **** 
 178              		.loc 1 255 3 discriminator 1 view .LVU42
 255:Middlewares/Third_Party/LwIP/src/core/tcp.c **** 
 179              		.loc 1 255 3 discriminator 1 view .LVU43
 180 0008 074B     		ldr	r3, .L25
 181 000a FF22     		movs	r2, #255
ARM GAS  /tmp/ccwEre5k.s 			page 23


 182 000c 0749     		ldr	r1, .L25+4
 183              	.LVL17:
 255:Middlewares/Third_Party/LwIP/src/core/tcp.c **** 
 184              		.loc 1 255 3 is_stmt 0 discriminator 1 view .LVU44
 185 000e 0848     		ldr	r0, .L25+8
 186              	.LVL18:
 255:Middlewares/Third_Party/LwIP/src/core/tcp.c **** 
 187              		.loc 1 255 3 discriminator 1 view .LVU45
 188 0010 FFF7FEFF 		bl	printf
 189              	.LVL19:
 190 0014 00E0     		b	.L20
 191              	.LVL20:
 192              	.L21:
 257:Middlewares/Third_Party/LwIP/src/core/tcp.c ****     if (pcb->listener == lpcb) {
 193              		.loc 1 257 37 is_stmt 1 discriminator 2 view .LVU46
 194 0016 E468     		ldr	r4, [r4, #12]
 195              	.LVL21:
 196              	.L20:
 257:Middlewares/Third_Party/LwIP/src/core/tcp.c ****     if (pcb->listener == lpcb) {
 197              		.loc 1 257 24 discriminator 1 view .LVU47
 198 0018 2CB1     		cbz	r4, .L24
 258:Middlewares/Third_Party/LwIP/src/core/tcp.c ****       pcb->listener = NULL;
 199              		.loc 1 258 5 view .LVU48
 258:Middlewares/Third_Party/LwIP/src/core/tcp.c ****       pcb->listener = NULL;
 200              		.loc 1 258 12 is_stmt 0 view .LVU49
 201 001a E36F     		ldr	r3, [r4, #124]
 258:Middlewares/Third_Party/LwIP/src/core/tcp.c ****       pcb->listener = NULL;
 202              		.loc 1 258 8 view .LVU50
 203 001c AB42     		cmp	r3, r5
 204 001e FAD1     		bne	.L21
 259:Middlewares/Third_Party/LwIP/src/core/tcp.c ****     }
 205              		.loc 1 259 7 is_stmt 1 view .LVU51
 259:Middlewares/Third_Party/LwIP/src/core/tcp.c ****     }
 206              		.loc 1 259 21 is_stmt 0 view .LVU52
 207 0020 0023     		movs	r3, #0
 208 0022 E367     		str	r3, [r4, #124]
 209 0024 F7E7     		b	.L21
 210              	.L24:
 262:Middlewares/Third_Party/LwIP/src/core/tcp.c **** #endif
 211              		.loc 1 262 1 view .LVU53
 212 0026 38BD     		pop	{r3, r4, r5, pc}
 213              	.LVL22:
 214              	.L26:
 262:Middlewares/Third_Party/LwIP/src/core/tcp.c **** #endif
 215              		.loc 1 262 1 view .LVU54
 216              		.align	2
 217              	.L25:
 218 0028 00000000 		.word	.LC0
 219 002c 2C000000 		.word	.LC1
 220 0030 54000000 		.word	.LC2
 221              		.cfi_endproc
 222              	.LFE170:
 224              		.section	.rodata.tcp_listen_closed.str1.4,"aMS",%progbits,1
 225              		.align	2
 226              	.LC3:
 227 0000 70636220 		.ascii	"pcb != NULL\000"
 227      213D204E 
ARM GAS  /tmp/ccwEre5k.s 			page 24


 227      554C4C00 
 228              		.align	2
 229              	.LC4:
 230 000c 7063622D 		.ascii	"pcb->state == LISTEN\000"
 230      3E737461 
 230      7465203D 
 230      3D204C49 
 230      5354454E 
 231              		.section	.text.tcp_listen_closed,"ax",%progbits
 232              		.align	1
 233              		.syntax unified
 234              		.thumb
 235              		.thumb_func
 237              	tcp_listen_closed:
 238              	.LVL23:
 239              	.LFB171:
 270:Middlewares/Third_Party/LwIP/src/core/tcp.c **** #if LWIP_CALLBACK_API || TCP_LISTEN_BACKLOG
 240              		.loc 1 270 1 is_stmt 1 view -0
 241              		.cfi_startproc
 242              		@ args = 0, pretend = 0, frame = 0
 243              		@ frame_needed = 0, uses_anonymous_args = 0
 270:Middlewares/Third_Party/LwIP/src/core/tcp.c **** #if LWIP_CALLBACK_API || TCP_LISTEN_BACKLOG
 244              		.loc 1 270 1 is_stmt 0 view .LVU56
 245 0000 38B5     		push	{r3, r4, r5, lr}
 246              	.LCFI1:
 247              		.cfi_def_cfa_offset 16
 248              		.cfi_offset 3, -16
 249              		.cfi_offset 4, -12
 250              		.cfi_offset 5, -8
 251              		.cfi_offset 14, -4
 272:Middlewares/Third_Party/LwIP/src/core/tcp.c ****   LWIP_ASSERT("pcb != NULL", pcb != NULL);
 252              		.loc 1 272 3 is_stmt 1 view .LVU57
 273:Middlewares/Third_Party/LwIP/src/core/tcp.c ****   LWIP_ASSERT("pcb->state == LISTEN", pcb->state == LISTEN);
 253              		.loc 1 273 3 view .LVU58
 273:Middlewares/Third_Party/LwIP/src/core/tcp.c ****   LWIP_ASSERT("pcb->state == LISTEN", pcb->state == LISTEN);
 254              		.loc 1 273 3 view .LVU59
 255 0002 0546     		mov	r5, r0
 256 0004 20B1     		cbz	r0, .L33
 257              	.LVL24:
 258              	.L28:
 273:Middlewares/Third_Party/LwIP/src/core/tcp.c ****   LWIP_ASSERT("pcb->state == LISTEN", pcb->state == LISTEN);
 259              		.loc 1 273 3 discriminator 3 view .LVU60
 273:Middlewares/Third_Party/LwIP/src/core/tcp.c ****   LWIP_ASSERT("pcb->state == LISTEN", pcb->state == LISTEN);
 260              		.loc 1 273 3 discriminator 3 view .LVU61
 274:Middlewares/Third_Party/LwIP/src/core/tcp.c ****   for (i = 1; i < LWIP_ARRAYSIZE(tcp_pcb_lists); i++) {
 261              		.loc 1 274 3 discriminator 3 view .LVU62
 274:Middlewares/Third_Party/LwIP/src/core/tcp.c ****   for (i = 1; i < LWIP_ARRAYSIZE(tcp_pcb_lists); i++) {
 262              		.loc 1 274 3 discriminator 3 view .LVU63
 263 0006 2B7D     		ldrb	r3, [r5, #20]	@ zero_extendqisi2
 264 0008 012B     		cmp	r3, #1
 265 000a 09D1     		bne	.L34
 266              	.L29:
 270:Middlewares/Third_Party/LwIP/src/core/tcp.c **** #if LWIP_CALLBACK_API || TCP_LISTEN_BACKLOG
 267              		.loc 1 270 1 is_stmt 0 discriminator 1 view .LVU64
 268 000c 0124     		movs	r4, #1
 269 000e 17E0     		b	.L30
 270              	.LVL25:
ARM GAS  /tmp/ccwEre5k.s 			page 25


 271              	.L33:
 273:Middlewares/Third_Party/LwIP/src/core/tcp.c ****   LWIP_ASSERT("pcb->state == LISTEN", pcb->state == LISTEN);
 272              		.loc 1 273 3 is_stmt 1 discriminator 1 view .LVU65
 273:Middlewares/Third_Party/LwIP/src/core/tcp.c ****   LWIP_ASSERT("pcb->state == LISTEN", pcb->state == LISTEN);
 273              		.loc 1 273 3 discriminator 1 view .LVU66
 274 0010 0D4B     		ldr	r3, .L35
 275 0012 40F21112 		movw	r2, #273
 276 0016 0D49     		ldr	r1, .L35+4
 277 0018 0D48     		ldr	r0, .L35+8
 278              	.LVL26:
 273:Middlewares/Third_Party/LwIP/src/core/tcp.c ****   LWIP_ASSERT("pcb->state == LISTEN", pcb->state == LISTEN);
 279              		.loc 1 273 3 is_stmt 0 discriminator 1 view .LVU67
 280 001a FFF7FEFF 		bl	printf
 281              	.LVL27:
 282 001e F2E7     		b	.L28
 283              	.L34:
 274:Middlewares/Third_Party/LwIP/src/core/tcp.c ****   for (i = 1; i < LWIP_ARRAYSIZE(tcp_pcb_lists); i++) {
 284              		.loc 1 274 3 is_stmt 1 discriminator 1 view .LVU68
 274:Middlewares/Third_Party/LwIP/src/core/tcp.c ****   for (i = 1; i < LWIP_ARRAYSIZE(tcp_pcb_lists); i++) {
 285              		.loc 1 274 3 discriminator 1 view .LVU69
 286 0020 094B     		ldr	r3, .L35
 287 0022 4FF48972 		mov	r2, #274
 288 0026 0B49     		ldr	r1, .L35+12
 289 0028 0948     		ldr	r0, .L35+8
 290 002a FFF7FEFF 		bl	printf
 291              	.LVL28:
 292 002e EDE7     		b	.L29
 293              	.LVL29:
 294              	.L31:
 276:Middlewares/Third_Party/LwIP/src/core/tcp.c ****   }
 295              		.loc 1 276 5 discriminator 3 view .LVU70
 276:Middlewares/Third_Party/LwIP/src/core/tcp.c ****   }
 296              		.loc 1 276 39 is_stmt 0 discriminator 3 view .LVU71
 297 0030 094B     		ldr	r3, .L35+16
 298 0032 53F82430 		ldr	r3, [r3, r4, lsl #2]
 276:Middlewares/Third_Party/LwIP/src/core/tcp.c ****   }
 299              		.loc 1 276 5 discriminator 3 view .LVU72
 300 0036 2946     		mov	r1, r5
 301 0038 1868     		ldr	r0, [r3]
 302 003a FFF7FEFF 		bl	tcp_remove_listener
 303              	.LVL30:
 275:Middlewares/Third_Party/LwIP/src/core/tcp.c ****     tcp_remove_listener(*tcp_pcb_lists[i], (struct tcp_pcb_listen *)pcb);
 304              		.loc 1 275 51 is_stmt 1 discriminator 3 view .LVU73
 305 003e 0134     		adds	r4, r4, #1
 306              	.LVL31:
 307              	.L30:
 275:Middlewares/Third_Party/LwIP/src/core/tcp.c ****     tcp_remove_listener(*tcp_pcb_lists[i], (struct tcp_pcb_listen *)pcb);
 308              		.loc 1 275 17 discriminator 1 view .LVU74
 309 0040 032C     		cmp	r4, #3
 310 0042 F5D9     		bls	.L31
 280:Middlewares/Third_Party/LwIP/src/core/tcp.c **** 
 311              		.loc 1 280 1 is_stmt 0 view .LVU75
 312 0044 38BD     		pop	{r3, r4, r5, pc}
 313              	.LVL32:
 314              	.L36:
 280:Middlewares/Third_Party/LwIP/src/core/tcp.c **** 
 315              		.loc 1 280 1 view .LVU76
ARM GAS  /tmp/ccwEre5k.s 			page 26


 316 0046 00BF     		.align	2
 317              	.L35:
 318 0048 00000000 		.word	.LC0
 319 004c 00000000 		.word	.LC3
 320 0050 54000000 		.word	.LC2
 321 0054 0C000000 		.word	.LC4
 322 0058 00000000 		.word	tcp_pcb_lists
 323              		.cfi_endproc
 324              	.LFE171:
 326              		.section	.rodata.tcp_free_listen.str1.4,"aMS",%progbits,1
 327              		.align	2
 328              	.LC5:
 329 0000 7463705F 		.ascii	"tcp_free_listen: !LISTEN\000"
 329      66726565 
 329      5F6C6973 
 329      74656E3A 
 329      20214C49 
 330              		.section	.text.tcp_free_listen,"ax",%progbits
 331              		.align	1
 332              		.syntax unified
 333              		.thumb
 334              		.thumb_func
 336              	tcp_free_listen:
 337              	.LVL33:
 338              	.LFB168:
 222:Middlewares/Third_Party/LwIP/src/core/tcp.c ****   LWIP_ASSERT("tcp_free_listen: !LISTEN", pcb->state != LISTEN);
 339              		.loc 1 222 1 is_stmt 1 view -0
 340              		.cfi_startproc
 341              		@ args = 0, pretend = 0, frame = 0
 342              		@ frame_needed = 0, uses_anonymous_args = 0
 222:Middlewares/Third_Party/LwIP/src/core/tcp.c ****   LWIP_ASSERT("tcp_free_listen: !LISTEN", pcb->state != LISTEN);
 343              		.loc 1 222 1 is_stmt 0 view .LVU78
 344 0000 10B5     		push	{r4, lr}
 345              	.LCFI2:
 346              		.cfi_def_cfa_offset 8
 347              		.cfi_offset 4, -8
 348              		.cfi_offset 14, -4
 349 0002 0446     		mov	r4, r0
 223:Middlewares/Third_Party/LwIP/src/core/tcp.c **** #if LWIP_TCP_PCB_NUM_EXT_ARGS
 350              		.loc 1 223 3 is_stmt 1 view .LVU79
 223:Middlewares/Third_Party/LwIP/src/core/tcp.c **** #if LWIP_TCP_PCB_NUM_EXT_ARGS
 351              		.loc 1 223 3 view .LVU80
 352 0004 037D     		ldrb	r3, [r0, #20]	@ zero_extendqisi2
 353 0006 012B     		cmp	r3, #1
 354 0008 04D0     		beq	.L40
 355              	.LVL34:
 356              	.L38:
 223:Middlewares/Third_Party/LwIP/src/core/tcp.c **** #if LWIP_TCP_PCB_NUM_EXT_ARGS
 357              		.loc 1 223 3 discriminator 3 view .LVU81
 223:Middlewares/Third_Party/LwIP/src/core/tcp.c **** #if LWIP_TCP_PCB_NUM_EXT_ARGS
 358              		.loc 1 223 3 discriminator 3 view .LVU82
 227:Middlewares/Third_Party/LwIP/src/core/tcp.c **** }
 359              		.loc 1 227 3 discriminator 3 view .LVU83
 360 000a 2146     		mov	r1, r4
 361 000c 0220     		movs	r0, #2
 362 000e FFF7FEFF 		bl	memp_free
 363              	.LVL35:
ARM GAS  /tmp/ccwEre5k.s 			page 27


 228:Middlewares/Third_Party/LwIP/src/core/tcp.c **** 
 364              		.loc 1 228 1 is_stmt 0 discriminator 3 view .LVU84
 365 0012 10BD     		pop	{r4, pc}
 366              	.LVL36:
 367              	.L40:
 223:Middlewares/Third_Party/LwIP/src/core/tcp.c **** #if LWIP_TCP_PCB_NUM_EXT_ARGS
 368              		.loc 1 223 3 is_stmt 1 discriminator 1 view .LVU85
 223:Middlewares/Third_Party/LwIP/src/core/tcp.c **** #if LWIP_TCP_PCB_NUM_EXT_ARGS
 369              		.loc 1 223 3 discriminator 1 view .LVU86
 370 0014 034B     		ldr	r3, .L41
 371 0016 DF22     		movs	r2, #223
 372 0018 0349     		ldr	r1, .L41+4
 373 001a 0448     		ldr	r0, .L41+8
 374              	.LVL37:
 223:Middlewares/Third_Party/LwIP/src/core/tcp.c **** #if LWIP_TCP_PCB_NUM_EXT_ARGS
 375              		.loc 1 223 3 is_stmt 0 discriminator 1 view .LVU87
 376 001c FFF7FEFF 		bl	printf
 377              	.LVL38:
 378 0020 F3E7     		b	.L38
 379              	.L42:
 380 0022 00BF     		.align	2
 381              	.L41:
 382 0024 00000000 		.word	.LC0
 383 0028 00000000 		.word	.LC5
 384 002c 54000000 		.word	.LC2
 385              		.cfi_endproc
 386              	.LFE168:
 388              		.section	.text.tcp_close_shutdown_fin,"ax",%progbits
 389              		.align	1
 390              		.syntax unified
 391              		.thumb
 392              		.thumb_func
 394              	tcp_close_shutdown_fin:
 395              	.LVL39:
 396              	.LFB173:
 410:Middlewares/Third_Party/LwIP/src/core/tcp.c ****   err_t err;
 397              		.loc 1 410 1 is_stmt 1 view -0
 398              		.cfi_startproc
 399              		@ args = 0, pretend = 0, frame = 0
 400              		@ frame_needed = 0, uses_anonymous_args = 0
 410:Middlewares/Third_Party/LwIP/src/core/tcp.c ****   err_t err;
 401              		.loc 1 410 1 is_stmt 0 view .LVU89
 402 0000 38B5     		push	{r3, r4, r5, lr}
 403              	.LCFI3:
 404              		.cfi_def_cfa_offset 16
 405              		.cfi_offset 3, -16
 406              		.cfi_offset 4, -12
 407              		.cfi_offset 5, -8
 408              		.cfi_offset 14, -4
 411:Middlewares/Third_Party/LwIP/src/core/tcp.c ****   LWIP_ASSERT("pcb != NULL", pcb != NULL);
 409              		.loc 1 411 3 is_stmt 1 view .LVU90
 412:Middlewares/Third_Party/LwIP/src/core/tcp.c **** 
 410              		.loc 1 412 3 view .LVU91
 412:Middlewares/Third_Party/LwIP/src/core/tcp.c **** 
 411              		.loc 1 412 3 view .LVU92
 412 0002 0446     		mov	r4, r0
 413 0004 48B1     		cbz	r0, .L52
ARM GAS  /tmp/ccwEre5k.s 			page 28


 414              	.LVL40:
 415              	.L44:
 412:Middlewares/Third_Party/LwIP/src/core/tcp.c **** 
 416              		.loc 1 412 3 discriminator 3 view .LVU93
 412:Middlewares/Third_Party/LwIP/src/core/tcp.c **** 
 417              		.loc 1 412 3 discriminator 3 view .LVU94
 414:Middlewares/Third_Party/LwIP/src/core/tcp.c ****     case SYN_RCVD:
 418              		.loc 1 414 3 discriminator 3 view .LVU95
 414:Middlewares/Third_Party/LwIP/src/core/tcp.c ****     case SYN_RCVD:
 419              		.loc 1 414 14 is_stmt 0 discriminator 3 view .LVU96
 420 0006 237D     		ldrb	r3, [r4, #20]	@ zero_extendqisi2
 414:Middlewares/Third_Party/LwIP/src/core/tcp.c ****     case SYN_RCVD:
 421              		.loc 1 414 3 discriminator 3 view .LVU97
 422 0008 042B     		cmp	r3, #4
 423 000a 19D0     		beq	.L45
 414:Middlewares/Third_Party/LwIP/src/core/tcp.c ****     case SYN_RCVD:
 424              		.loc 1 414 3 view .LVU98
 425 000c 072B     		cmp	r3, #7
 426 000e 1FD0     		beq	.L46
 427 0010 032B     		cmp	r3, #3
 428 0012 0AD0     		beq	.L53
 429 0014 0025     		movs	r5, #0
 430              	.L47:
 460:Middlewares/Third_Party/LwIP/src/core/tcp.c **** 
 431              		.loc 1 460 1 view .LVU99
 432 0016 2846     		mov	r0, r5
 433 0018 38BD     		pop	{r3, r4, r5, pc}
 434              	.LVL41:
 435              	.L52:
 412:Middlewares/Third_Party/LwIP/src/core/tcp.c **** 
 436              		.loc 1 412 3 is_stmt 1 discriminator 1 view .LVU100
 412:Middlewares/Third_Party/LwIP/src/core/tcp.c **** 
 437              		.loc 1 412 3 discriminator 1 view .LVU101
 438 001a 164B     		ldr	r3, .L54
 439 001c 4FF4CE72 		mov	r2, #412
 440 0020 1549     		ldr	r1, .L54+4
 441 0022 1648     		ldr	r0, .L54+8
 442              	.LVL42:
 412:Middlewares/Third_Party/LwIP/src/core/tcp.c **** 
 443              		.loc 1 412 3 is_stmt 0 discriminator 1 view .LVU102
 444 0024 FFF7FEFF 		bl	printf
 445              	.LVL43:
 446 0028 EDE7     		b	.L44
 447              	.L53:
 416:Middlewares/Third_Party/LwIP/src/core/tcp.c ****       if (err == ERR_OK) {
 448              		.loc 1 416 7 is_stmt 1 view .LVU103
 416:Middlewares/Third_Party/LwIP/src/core/tcp.c ****       if (err == ERR_OK) {
 449              		.loc 1 416 13 is_stmt 0 view .LVU104
 450 002a 2046     		mov	r0, r4
 451 002c FFF7FEFF 		bl	tcp_send_fin
 452              	.LVL44:
 417:Middlewares/Third_Party/LwIP/src/core/tcp.c ****         tcp_backlog_accepted(pcb);
 453              		.loc 1 417 7 is_stmt 1 view .LVU105
 417:Middlewares/Third_Party/LwIP/src/core/tcp.c ****         tcp_backlog_accepted(pcb);
 454              		.loc 1 417 10 is_stmt 0 view .LVU106
 455 0030 0546     		mov	r5, r0
 456 0032 A8B9     		cbnz	r0, .L48
ARM GAS  /tmp/ccwEre5k.s 			page 29


 418:Middlewares/Third_Party/LwIP/src/core/tcp.c ****         MIB2_STATS_INC(mib2.tcpattemptfails);
 457              		.loc 1 418 34 is_stmt 1 view .LVU107
 419:Middlewares/Third_Party/LwIP/src/core/tcp.c ****         pcb->state = FIN_WAIT_1;
 458              		.loc 1 419 45 view .LVU108
 420:Middlewares/Third_Party/LwIP/src/core/tcp.c ****       }
 459              		.loc 1 420 9 view .LVU109
 420:Middlewares/Third_Party/LwIP/src/core/tcp.c ****       }
 460              		.loc 1 420 20 is_stmt 0 view .LVU110
 461 0034 0523     		movs	r3, #5
 462 0036 2375     		strb	r3, [r4, #20]
 463              	.LVL45:
 442:Middlewares/Third_Party/LwIP/src/core/tcp.c ****     /* To ensure all data has been sent when tcp_close returns, we have
 464              		.loc 1 442 3 is_stmt 1 view .LVU111
 465              	.L49:
 448:Middlewares/Third_Party/LwIP/src/core/tcp.c ****   } else if (err == ERR_MEM) {
 466              		.loc 1 448 5 view .LVU112
 467 0038 2046     		mov	r0, r4
 468 003a FFF7FEFF 		bl	tcp_output
 469              	.LVL46:
 470 003e EAE7     		b	.L47
 471              	.LVL47:
 472              	.L45:
 424:Middlewares/Third_Party/LwIP/src/core/tcp.c ****       if (err == ERR_OK) {
 473              		.loc 1 424 7 view .LVU113
 424:Middlewares/Third_Party/LwIP/src/core/tcp.c ****       if (err == ERR_OK) {
 474              		.loc 1 424 13 is_stmt 0 view .LVU114
 475 0040 2046     		mov	r0, r4
 476 0042 FFF7FEFF 		bl	tcp_send_fin
 477              	.LVL48:
 425:Middlewares/Third_Party/LwIP/src/core/tcp.c ****         MIB2_STATS_INC(mib2.tcpestabresets);
 478              		.loc 1 425 7 is_stmt 1 view .LVU115
 425:Middlewares/Third_Party/LwIP/src/core/tcp.c ****         MIB2_STATS_INC(mib2.tcpestabresets);
 479              		.loc 1 425 10 is_stmt 0 view .LVU116
 480 0046 0546     		mov	r5, r0
 481 0048 50B9     		cbnz	r0, .L48
 426:Middlewares/Third_Party/LwIP/src/core/tcp.c ****         pcb->state = FIN_WAIT_1;
 482              		.loc 1 426 44 is_stmt 1 view .LVU117
 427:Middlewares/Third_Party/LwIP/src/core/tcp.c ****       }
 483              		.loc 1 427 9 view .LVU118
 427:Middlewares/Third_Party/LwIP/src/core/tcp.c ****       }
 484              		.loc 1 427 20 is_stmt 0 view .LVU119
 485 004a 0523     		movs	r3, #5
 486 004c 2375     		strb	r3, [r4, #20]
 487              	.LVL49:
 442:Middlewares/Third_Party/LwIP/src/core/tcp.c ****     /* To ensure all data has been sent when tcp_close returns, we have
 488              		.loc 1 442 3 is_stmt 1 view .LVU120
 489 004e F3E7     		b	.L49
 490              	.LVL50:
 491              	.L46:
 431:Middlewares/Third_Party/LwIP/src/core/tcp.c ****       if (err == ERR_OK) {
 492              		.loc 1 431 7 view .LVU121
 431:Middlewares/Third_Party/LwIP/src/core/tcp.c ****       if (err == ERR_OK) {
 493              		.loc 1 431 13 is_stmt 0 view .LVU122
 494 0050 2046     		mov	r0, r4
 495 0052 FFF7FEFF 		bl	tcp_send_fin
 496              	.LVL51:
 432:Middlewares/Third_Party/LwIP/src/core/tcp.c ****         MIB2_STATS_INC(mib2.tcpestabresets);
ARM GAS  /tmp/ccwEre5k.s 			page 30


 497              		.loc 1 432 7 is_stmt 1 view .LVU123
 432:Middlewares/Third_Party/LwIP/src/core/tcp.c ****         MIB2_STATS_INC(mib2.tcpestabresets);
 498              		.loc 1 432 10 is_stmt 0 view .LVU124
 499 0056 0546     		mov	r5, r0
 500 0058 10B9     		cbnz	r0, .L48
 433:Middlewares/Third_Party/LwIP/src/core/tcp.c ****         pcb->state = LAST_ACK;
 501              		.loc 1 433 44 is_stmt 1 view .LVU125
 434:Middlewares/Third_Party/LwIP/src/core/tcp.c ****       }
 502              		.loc 1 434 9 view .LVU126
 434:Middlewares/Third_Party/LwIP/src/core/tcp.c ****       }
 503              		.loc 1 434 20 is_stmt 0 view .LVU127
 504 005a 0923     		movs	r3, #9
 505 005c 2375     		strb	r3, [r4, #20]
 506              	.LVL52:
 442:Middlewares/Third_Party/LwIP/src/core/tcp.c ****     /* To ensure all data has been sent when tcp_close returns, we have
 507              		.loc 1 442 3 is_stmt 1 view .LVU128
 508 005e EBE7     		b	.L49
 509              	.LVL53:
 510              	.L48:
 449:Middlewares/Third_Party/LwIP/src/core/tcp.c ****     /* Mark this pcb for closing. Closing is retried from tcp_tmr. */
 511              		.loc 1 449 10 view .LVU129
 449:Middlewares/Third_Party/LwIP/src/core/tcp.c ****     /* Mark this pcb for closing. Closing is retried from tcp_tmr. */
 512              		.loc 1 449 13 is_stmt 0 view .LVU130
 513 0060 B5F1FF3F 		cmp	r5, #-1
 514 0064 D7D1     		bne	.L47
 451:Middlewares/Third_Party/LwIP/src/core/tcp.c ****     /* We have to return ERR_OK from here to indicate to the callers that this
 515              		.loc 1 451 5 is_stmt 1 view .LVU131
 451:Middlewares/Third_Party/LwIP/src/core/tcp.c ****     /* We have to return ERR_OK from here to indicate to the callers that this
 516              		.loc 1 451 5 view .LVU132
 517 0066 638B     		ldrh	r3, [r4, #26]
 518 0068 43F00803 		orr	r3, r3, #8
 519 006c 6383     		strh	r3, [r4, #26]	@ movhi
 451:Middlewares/Third_Party/LwIP/src/core/tcp.c ****     /* We have to return ERR_OK from here to indicate to the callers that this
 520              		.loc 1 451 5 view .LVU133
 457:Middlewares/Third_Party/LwIP/src/core/tcp.c ****   }
 521              		.loc 1 457 5 view .LVU134
 457:Middlewares/Third_Party/LwIP/src/core/tcp.c ****   }
 522              		.loc 1 457 12 is_stmt 0 view .LVU135
 523 006e 0025     		movs	r5, #0
 524 0070 D1E7     		b	.L47
 525              	.L55:
 526 0072 00BF     		.align	2
 527              	.L54:
 528 0074 00000000 		.word	.LC0
 529 0078 00000000 		.word	.LC3
 530 007c 54000000 		.word	.LC2
 531              		.cfi_endproc
 532              	.LFE173:
 534              		.section	.text.tcp_handle_closepend,"ax",%progbits
 535              		.align	1
 536              		.syntax unified
 537              		.thumb
 538              		.thumb_func
 540              	tcp_handle_closepend:
 541              	.LFB199:
1036:Middlewares/Third_Party/LwIP/src/core/tcp.c **** 
1037:Middlewares/Third_Party/LwIP/src/core/tcp.c **** /**
ARM GAS  /tmp/ccwEre5k.s 			page 31


1038:Middlewares/Third_Party/LwIP/src/core/tcp.c ****  * @ingroup tcp_raw
1039:Middlewares/Third_Party/LwIP/src/core/tcp.c ****  * Connects to another host. The function given as the "connected"
1040:Middlewares/Third_Party/LwIP/src/core/tcp.c ****  * argument will be called when the connection has been established.
1041:Middlewares/Third_Party/LwIP/src/core/tcp.c ****  *  Sets up the pcb to connect to the remote host and sends the
1042:Middlewares/Third_Party/LwIP/src/core/tcp.c ****  * initial SYN segment which opens the connection. 
1043:Middlewares/Third_Party/LwIP/src/core/tcp.c ****  *
1044:Middlewares/Third_Party/LwIP/src/core/tcp.c ****  * The tcp_connect() function returns immediately; it does not wait for
1045:Middlewares/Third_Party/LwIP/src/core/tcp.c ****  * the connection to be properly setup. Instead, it will call the
1046:Middlewares/Third_Party/LwIP/src/core/tcp.c ****  * function specified as the fourth argument (the "connected" argument)
1047:Middlewares/Third_Party/LwIP/src/core/tcp.c ****  * when the connection is established. If the connection could not be
1048:Middlewares/Third_Party/LwIP/src/core/tcp.c ****  * properly established, either because the other host refused the
1049:Middlewares/Third_Party/LwIP/src/core/tcp.c ****  * connection or because the other host didn't answer, the "err"
1050:Middlewares/Third_Party/LwIP/src/core/tcp.c ****  * callback function of this pcb (registered with tcp_err, see below)
1051:Middlewares/Third_Party/LwIP/src/core/tcp.c ****  * will be called.
1052:Middlewares/Third_Party/LwIP/src/core/tcp.c ****  *
1053:Middlewares/Third_Party/LwIP/src/core/tcp.c ****  * The tcp_connect() function can return ERR_MEM if no memory is
1054:Middlewares/Third_Party/LwIP/src/core/tcp.c ****  * available for enqueueing the SYN segment. If the SYN indeed was
1055:Middlewares/Third_Party/LwIP/src/core/tcp.c ****  * enqueued successfully, the tcp_connect() function returns ERR_OK.
1056:Middlewares/Third_Party/LwIP/src/core/tcp.c ****  *
1057:Middlewares/Third_Party/LwIP/src/core/tcp.c ****  * @param pcb the tcp_pcb used to establish the connection
1058:Middlewares/Third_Party/LwIP/src/core/tcp.c ****  * @param ipaddr the remote ip address to connect to
1059:Middlewares/Third_Party/LwIP/src/core/tcp.c ****  * @param port the remote tcp port to connect to
1060:Middlewares/Third_Party/LwIP/src/core/tcp.c ****  * @param connected callback function to call when connected (on error,
1061:Middlewares/Third_Party/LwIP/src/core/tcp.c ****                     the err calback will be called)
1062:Middlewares/Third_Party/LwIP/src/core/tcp.c ****  * @return ERR_VAL if invalid arguments are given
1063:Middlewares/Third_Party/LwIP/src/core/tcp.c ****  *         ERR_OK if connect request has been sent
1064:Middlewares/Third_Party/LwIP/src/core/tcp.c ****  *         other err_t values if connect request couldn't be sent
1065:Middlewares/Third_Party/LwIP/src/core/tcp.c ****  */
1066:Middlewares/Third_Party/LwIP/src/core/tcp.c **** err_t
1067:Middlewares/Third_Party/LwIP/src/core/tcp.c **** tcp_connect(struct tcp_pcb *pcb, const ip_addr_t *ipaddr, u16_t port,
1068:Middlewares/Third_Party/LwIP/src/core/tcp.c ****             tcp_connected_fn connected)
1069:Middlewares/Third_Party/LwIP/src/core/tcp.c **** {
1070:Middlewares/Third_Party/LwIP/src/core/tcp.c ****   struct netif *netif = NULL;
1071:Middlewares/Third_Party/LwIP/src/core/tcp.c ****   err_t ret;
1072:Middlewares/Third_Party/LwIP/src/core/tcp.c ****   u32_t iss;
1073:Middlewares/Third_Party/LwIP/src/core/tcp.c ****   u16_t old_local_port;
1074:Middlewares/Third_Party/LwIP/src/core/tcp.c **** 
1075:Middlewares/Third_Party/LwIP/src/core/tcp.c ****   LWIP_ASSERT_CORE_LOCKED();
1076:Middlewares/Third_Party/LwIP/src/core/tcp.c **** 
1077:Middlewares/Third_Party/LwIP/src/core/tcp.c ****   LWIP_ERROR("tcp_connect: invalid pcb", pcb != NULL, return ERR_ARG);
1078:Middlewares/Third_Party/LwIP/src/core/tcp.c ****   LWIP_ERROR("tcp_connect: invalid ipaddr", ipaddr != NULL, return ERR_ARG);
1079:Middlewares/Third_Party/LwIP/src/core/tcp.c **** 
1080:Middlewares/Third_Party/LwIP/src/core/tcp.c ****   LWIP_ERROR("tcp_connect: can only connect from state CLOSED", pcb->state == CLOSED, return ERR_IS
1081:Middlewares/Third_Party/LwIP/src/core/tcp.c **** 
1082:Middlewares/Third_Party/LwIP/src/core/tcp.c ****   LWIP_DEBUGF(TCP_DEBUG, ("tcp_connect to port %"U16_F"\n", port));
1083:Middlewares/Third_Party/LwIP/src/core/tcp.c ****   ip_addr_set(&pcb->remote_ip, ipaddr);
1084:Middlewares/Third_Party/LwIP/src/core/tcp.c ****   pcb->remote_port = port;
1085:Middlewares/Third_Party/LwIP/src/core/tcp.c **** 
1086:Middlewares/Third_Party/LwIP/src/core/tcp.c ****   if (pcb->netif_idx != NETIF_NO_INDEX) {
1087:Middlewares/Third_Party/LwIP/src/core/tcp.c ****     netif = netif_get_by_index(pcb->netif_idx);
1088:Middlewares/Third_Party/LwIP/src/core/tcp.c ****   } else {
1089:Middlewares/Third_Party/LwIP/src/core/tcp.c ****     /* check if we have a route to the remote host */
1090:Middlewares/Third_Party/LwIP/src/core/tcp.c ****     netif = ip_route(&pcb->local_ip, &pcb->remote_ip);
1091:Middlewares/Third_Party/LwIP/src/core/tcp.c ****   }
1092:Middlewares/Third_Party/LwIP/src/core/tcp.c ****   if (netif == NULL) {
1093:Middlewares/Third_Party/LwIP/src/core/tcp.c ****     /* Don't even try to send a SYN packet if we have no route since that will fail. */
1094:Middlewares/Third_Party/LwIP/src/core/tcp.c ****     return ERR_RTE;
ARM GAS  /tmp/ccwEre5k.s 			page 32


1095:Middlewares/Third_Party/LwIP/src/core/tcp.c ****   }
1096:Middlewares/Third_Party/LwIP/src/core/tcp.c **** 
1097:Middlewares/Third_Party/LwIP/src/core/tcp.c ****   /* check if local IP has been assigned to pcb, if not, get one */
1098:Middlewares/Third_Party/LwIP/src/core/tcp.c ****   if (ip_addr_isany(&pcb->local_ip)) {
1099:Middlewares/Third_Party/LwIP/src/core/tcp.c ****     const ip_addr_t *local_ip = ip_netif_get_local_ip(netif, ipaddr);
1100:Middlewares/Third_Party/LwIP/src/core/tcp.c ****     if (local_ip == NULL) {
1101:Middlewares/Third_Party/LwIP/src/core/tcp.c ****       return ERR_RTE;
1102:Middlewares/Third_Party/LwIP/src/core/tcp.c ****     }
1103:Middlewares/Third_Party/LwIP/src/core/tcp.c ****     ip_addr_copy(pcb->local_ip, *local_ip);
1104:Middlewares/Third_Party/LwIP/src/core/tcp.c ****   }
1105:Middlewares/Third_Party/LwIP/src/core/tcp.c **** 
1106:Middlewares/Third_Party/LwIP/src/core/tcp.c **** #if LWIP_IPV6 && LWIP_IPV6_SCOPES
1107:Middlewares/Third_Party/LwIP/src/core/tcp.c ****   /* If the given IP address should have a zone but doesn't, assign one now.
1108:Middlewares/Third_Party/LwIP/src/core/tcp.c ****    * Given that we already have the target netif, this is easy and cheap. */
1109:Middlewares/Third_Party/LwIP/src/core/tcp.c ****   if (IP_IS_V6(&pcb->remote_ip) &&
1110:Middlewares/Third_Party/LwIP/src/core/tcp.c ****       ip6_addr_lacks_zone(ip_2_ip6(&pcb->remote_ip), IP6_UNICAST)) {
1111:Middlewares/Third_Party/LwIP/src/core/tcp.c ****     ip6_addr_assign_zone(ip_2_ip6(&pcb->remote_ip), IP6_UNICAST, netif);
1112:Middlewares/Third_Party/LwIP/src/core/tcp.c ****   }
1113:Middlewares/Third_Party/LwIP/src/core/tcp.c **** #endif /* LWIP_IPV6 && LWIP_IPV6_SCOPES */
1114:Middlewares/Third_Party/LwIP/src/core/tcp.c **** 
1115:Middlewares/Third_Party/LwIP/src/core/tcp.c ****   old_local_port = pcb->local_port;
1116:Middlewares/Third_Party/LwIP/src/core/tcp.c ****   if (pcb->local_port == 0) {
1117:Middlewares/Third_Party/LwIP/src/core/tcp.c ****     pcb->local_port = tcp_new_port();
1118:Middlewares/Third_Party/LwIP/src/core/tcp.c ****     if (pcb->local_port == 0) {
1119:Middlewares/Third_Party/LwIP/src/core/tcp.c ****       return ERR_BUF;
1120:Middlewares/Third_Party/LwIP/src/core/tcp.c ****     }
1121:Middlewares/Third_Party/LwIP/src/core/tcp.c ****   } else {
1122:Middlewares/Third_Party/LwIP/src/core/tcp.c **** #if SO_REUSE
1123:Middlewares/Third_Party/LwIP/src/core/tcp.c ****     if (ip_get_option(pcb, SOF_REUSEADDR)) {
1124:Middlewares/Third_Party/LwIP/src/core/tcp.c ****       /* Since SOF_REUSEADDR allows reusing a local address, we have to make sure
1125:Middlewares/Third_Party/LwIP/src/core/tcp.c ****          now that the 5-tuple is unique. */
1126:Middlewares/Third_Party/LwIP/src/core/tcp.c ****       struct tcp_pcb *cpcb;
1127:Middlewares/Third_Party/LwIP/src/core/tcp.c ****       int i;
1128:Middlewares/Third_Party/LwIP/src/core/tcp.c ****       /* Don't check listen- and bound-PCBs, check active- and TIME-WAIT PCBs. */
1129:Middlewares/Third_Party/LwIP/src/core/tcp.c ****       for (i = 2; i < NUM_TCP_PCB_LISTS; i++) {
1130:Middlewares/Third_Party/LwIP/src/core/tcp.c ****         for (cpcb = *tcp_pcb_lists[i]; cpcb != NULL; cpcb = cpcb->next) {
1131:Middlewares/Third_Party/LwIP/src/core/tcp.c ****           if ((cpcb->local_port == pcb->local_port) &&
1132:Middlewares/Third_Party/LwIP/src/core/tcp.c ****               (cpcb->remote_port == port) &&
1133:Middlewares/Third_Party/LwIP/src/core/tcp.c ****               ip_addr_cmp(&cpcb->local_ip, &pcb->local_ip) &&
1134:Middlewares/Third_Party/LwIP/src/core/tcp.c ****               ip_addr_cmp(&cpcb->remote_ip, ipaddr)) {
1135:Middlewares/Third_Party/LwIP/src/core/tcp.c ****             /* linux returns EISCONN here, but ERR_USE should be OK for us */
1136:Middlewares/Third_Party/LwIP/src/core/tcp.c ****             return ERR_USE;
1137:Middlewares/Third_Party/LwIP/src/core/tcp.c ****           }
1138:Middlewares/Third_Party/LwIP/src/core/tcp.c ****         }
1139:Middlewares/Third_Party/LwIP/src/core/tcp.c ****       }
1140:Middlewares/Third_Party/LwIP/src/core/tcp.c ****     }
1141:Middlewares/Third_Party/LwIP/src/core/tcp.c **** #endif /* SO_REUSE */
1142:Middlewares/Third_Party/LwIP/src/core/tcp.c ****   }
1143:Middlewares/Third_Party/LwIP/src/core/tcp.c **** 
1144:Middlewares/Third_Party/LwIP/src/core/tcp.c ****   iss = tcp_next_iss(pcb);
1145:Middlewares/Third_Party/LwIP/src/core/tcp.c ****   pcb->rcv_nxt = 0;
1146:Middlewares/Third_Party/LwIP/src/core/tcp.c ****   pcb->snd_nxt = iss;
1147:Middlewares/Third_Party/LwIP/src/core/tcp.c ****   pcb->lastack = iss - 1;
1148:Middlewares/Third_Party/LwIP/src/core/tcp.c ****   pcb->snd_wl2 = iss - 1;
1149:Middlewares/Third_Party/LwIP/src/core/tcp.c ****   pcb->snd_lbb = iss - 1;
1150:Middlewares/Third_Party/LwIP/src/core/tcp.c ****   /* Start with a window that does not need scaling. When window scaling is
1151:Middlewares/Third_Party/LwIP/src/core/tcp.c ****      enabled and used, the window is enlarged when both sides agree on scaling. */
ARM GAS  /tmp/ccwEre5k.s 			page 33


1152:Middlewares/Third_Party/LwIP/src/core/tcp.c ****   pcb->rcv_wnd = pcb->rcv_ann_wnd = TCPWND_MIN16(TCP_WND);
1153:Middlewares/Third_Party/LwIP/src/core/tcp.c ****   pcb->rcv_ann_right_edge = pcb->rcv_nxt;
1154:Middlewares/Third_Party/LwIP/src/core/tcp.c ****   pcb->snd_wnd = TCP_WND;
1155:Middlewares/Third_Party/LwIP/src/core/tcp.c ****   /* As initial send MSS, we use TCP_MSS but limit it to 536.
1156:Middlewares/Third_Party/LwIP/src/core/tcp.c ****      The send MSS is updated when an MSS option is received. */
1157:Middlewares/Third_Party/LwIP/src/core/tcp.c ****   pcb->mss = INITIAL_MSS;
1158:Middlewares/Third_Party/LwIP/src/core/tcp.c **** #if TCP_CALCULATE_EFF_SEND_MSS
1159:Middlewares/Third_Party/LwIP/src/core/tcp.c ****   pcb->mss = tcp_eff_send_mss_netif(pcb->mss, netif, &pcb->remote_ip);
1160:Middlewares/Third_Party/LwIP/src/core/tcp.c **** #endif /* TCP_CALCULATE_EFF_SEND_MSS */
1161:Middlewares/Third_Party/LwIP/src/core/tcp.c ****   pcb->cwnd = 1;
1162:Middlewares/Third_Party/LwIP/src/core/tcp.c **** #if LWIP_CALLBACK_API
1163:Middlewares/Third_Party/LwIP/src/core/tcp.c ****   pcb->connected = connected;
1164:Middlewares/Third_Party/LwIP/src/core/tcp.c **** #else /* LWIP_CALLBACK_API */
1165:Middlewares/Third_Party/LwIP/src/core/tcp.c ****   LWIP_UNUSED_ARG(connected);
1166:Middlewares/Third_Party/LwIP/src/core/tcp.c **** #endif /* LWIP_CALLBACK_API */
1167:Middlewares/Third_Party/LwIP/src/core/tcp.c **** 
1168:Middlewares/Third_Party/LwIP/src/core/tcp.c ****   /* Send a SYN together with the MSS option. */
1169:Middlewares/Third_Party/LwIP/src/core/tcp.c ****   ret = tcp_enqueue_flags(pcb, TCP_SYN);
1170:Middlewares/Third_Party/LwIP/src/core/tcp.c ****   if (ret == ERR_OK) {
1171:Middlewares/Third_Party/LwIP/src/core/tcp.c ****     /* SYN segment was enqueued, changed the pcbs state now */
1172:Middlewares/Third_Party/LwIP/src/core/tcp.c ****     pcb->state = SYN_SENT;
1173:Middlewares/Third_Party/LwIP/src/core/tcp.c ****     if (old_local_port != 0) {
1174:Middlewares/Third_Party/LwIP/src/core/tcp.c ****       TCP_RMV(&tcp_bound_pcbs, pcb);
1175:Middlewares/Third_Party/LwIP/src/core/tcp.c ****     }
1176:Middlewares/Third_Party/LwIP/src/core/tcp.c ****     TCP_REG_ACTIVE(pcb);
1177:Middlewares/Third_Party/LwIP/src/core/tcp.c ****     MIB2_STATS_INC(mib2.tcpactiveopens);
1178:Middlewares/Third_Party/LwIP/src/core/tcp.c **** 
1179:Middlewares/Third_Party/LwIP/src/core/tcp.c ****     tcp_output(pcb);
1180:Middlewares/Third_Party/LwIP/src/core/tcp.c ****   }
1181:Middlewares/Third_Party/LwIP/src/core/tcp.c ****   return ret;
1182:Middlewares/Third_Party/LwIP/src/core/tcp.c **** }
1183:Middlewares/Third_Party/LwIP/src/core/tcp.c **** 
1184:Middlewares/Third_Party/LwIP/src/core/tcp.c **** /**
1185:Middlewares/Third_Party/LwIP/src/core/tcp.c ****  * Called every 500 ms and implements the retransmission timer and the timer that
1186:Middlewares/Third_Party/LwIP/src/core/tcp.c ****  * removes PCBs that have been in TIME-WAIT for enough time. It also increments
1187:Middlewares/Third_Party/LwIP/src/core/tcp.c ****  * various timers such as the inactivity timer in each PCB.
1188:Middlewares/Third_Party/LwIP/src/core/tcp.c ****  *
1189:Middlewares/Third_Party/LwIP/src/core/tcp.c ****  * Automatically called from tcp_tmr().
1190:Middlewares/Third_Party/LwIP/src/core/tcp.c ****  */
1191:Middlewares/Third_Party/LwIP/src/core/tcp.c **** void
1192:Middlewares/Third_Party/LwIP/src/core/tcp.c **** tcp_slowtmr(void)
1193:Middlewares/Third_Party/LwIP/src/core/tcp.c **** {
1194:Middlewares/Third_Party/LwIP/src/core/tcp.c ****   struct tcp_pcb *pcb, *prev;
1195:Middlewares/Third_Party/LwIP/src/core/tcp.c ****   tcpwnd_size_t eff_wnd;
1196:Middlewares/Third_Party/LwIP/src/core/tcp.c ****   u8_t pcb_remove;      /* flag if a PCB should be removed */
1197:Middlewares/Third_Party/LwIP/src/core/tcp.c ****   u8_t pcb_reset;       /* flag if a RST should be sent when removing */
1198:Middlewares/Third_Party/LwIP/src/core/tcp.c ****   err_t err;
1199:Middlewares/Third_Party/LwIP/src/core/tcp.c **** 
1200:Middlewares/Third_Party/LwIP/src/core/tcp.c ****   err = ERR_OK;
1201:Middlewares/Third_Party/LwIP/src/core/tcp.c **** 
1202:Middlewares/Third_Party/LwIP/src/core/tcp.c ****   ++tcp_ticks;
1203:Middlewares/Third_Party/LwIP/src/core/tcp.c ****   ++tcp_timer_ctr;
1204:Middlewares/Third_Party/LwIP/src/core/tcp.c **** 
1205:Middlewares/Third_Party/LwIP/src/core/tcp.c **** tcp_slowtmr_start:
1206:Middlewares/Third_Party/LwIP/src/core/tcp.c ****   /* Steps through all of the active PCBs. */
1207:Middlewares/Third_Party/LwIP/src/core/tcp.c ****   prev = NULL;
1208:Middlewares/Third_Party/LwIP/src/core/tcp.c ****   pcb = tcp_active_pcbs;
ARM GAS  /tmp/ccwEre5k.s 			page 34


1209:Middlewares/Third_Party/LwIP/src/core/tcp.c ****   if (pcb == NULL) {
1210:Middlewares/Third_Party/LwIP/src/core/tcp.c ****     LWIP_DEBUGF(TCP_DEBUG, ("tcp_slowtmr: no active pcbs\n"));
1211:Middlewares/Third_Party/LwIP/src/core/tcp.c ****   }
1212:Middlewares/Third_Party/LwIP/src/core/tcp.c ****   while (pcb != NULL) {
1213:Middlewares/Third_Party/LwIP/src/core/tcp.c ****     LWIP_DEBUGF(TCP_DEBUG, ("tcp_slowtmr: processing active pcb\n"));
1214:Middlewares/Third_Party/LwIP/src/core/tcp.c ****     LWIP_ASSERT("tcp_slowtmr: active pcb->state != CLOSED\n", pcb->state != CLOSED);
1215:Middlewares/Third_Party/LwIP/src/core/tcp.c ****     LWIP_ASSERT("tcp_slowtmr: active pcb->state != LISTEN\n", pcb->state != LISTEN);
1216:Middlewares/Third_Party/LwIP/src/core/tcp.c ****     LWIP_ASSERT("tcp_slowtmr: active pcb->state != TIME-WAIT\n", pcb->state != TIME_WAIT);
1217:Middlewares/Third_Party/LwIP/src/core/tcp.c ****     if (pcb->last_timer == tcp_timer_ctr) {
1218:Middlewares/Third_Party/LwIP/src/core/tcp.c ****       /* skip this pcb, we have already processed it */
1219:Middlewares/Third_Party/LwIP/src/core/tcp.c ****       prev = pcb;
1220:Middlewares/Third_Party/LwIP/src/core/tcp.c ****       pcb = pcb->next;
1221:Middlewares/Third_Party/LwIP/src/core/tcp.c ****       continue;
1222:Middlewares/Third_Party/LwIP/src/core/tcp.c ****     }
1223:Middlewares/Third_Party/LwIP/src/core/tcp.c ****     pcb->last_timer = tcp_timer_ctr;
1224:Middlewares/Third_Party/LwIP/src/core/tcp.c **** 
1225:Middlewares/Third_Party/LwIP/src/core/tcp.c ****     pcb_remove = 0;
1226:Middlewares/Third_Party/LwIP/src/core/tcp.c ****     pcb_reset = 0;
1227:Middlewares/Third_Party/LwIP/src/core/tcp.c **** 
1228:Middlewares/Third_Party/LwIP/src/core/tcp.c ****     if (pcb->state == SYN_SENT && pcb->nrtx >= TCP_SYNMAXRTX) {
1229:Middlewares/Third_Party/LwIP/src/core/tcp.c ****       ++pcb_remove;
1230:Middlewares/Third_Party/LwIP/src/core/tcp.c ****       LWIP_DEBUGF(TCP_DEBUG, ("tcp_slowtmr: max SYN retries reached\n"));
1231:Middlewares/Third_Party/LwIP/src/core/tcp.c ****     } else if (pcb->nrtx >= TCP_MAXRTX) {
1232:Middlewares/Third_Party/LwIP/src/core/tcp.c ****       ++pcb_remove;
1233:Middlewares/Third_Party/LwIP/src/core/tcp.c ****       LWIP_DEBUGF(TCP_DEBUG, ("tcp_slowtmr: max DATA retries reached\n"));
1234:Middlewares/Third_Party/LwIP/src/core/tcp.c ****     } else {
1235:Middlewares/Third_Party/LwIP/src/core/tcp.c ****       if (pcb->persist_backoff > 0) {
1236:Middlewares/Third_Party/LwIP/src/core/tcp.c ****         LWIP_ASSERT("tcp_slowtimr: persist ticking with in-flight data", pcb->unacked == NULL);
1237:Middlewares/Third_Party/LwIP/src/core/tcp.c ****         LWIP_ASSERT("tcp_slowtimr: persist ticking with empty send buffer", pcb->unsent != NULL);
1238:Middlewares/Third_Party/LwIP/src/core/tcp.c ****         if (pcb->persist_probe >= TCP_MAXRTX) {
1239:Middlewares/Third_Party/LwIP/src/core/tcp.c ****           ++pcb_remove; /* max probes reached */
1240:Middlewares/Third_Party/LwIP/src/core/tcp.c ****         } else {
1241:Middlewares/Third_Party/LwIP/src/core/tcp.c ****           u8_t backoff_cnt = tcp_persist_backoff[pcb->persist_backoff - 1];
1242:Middlewares/Third_Party/LwIP/src/core/tcp.c ****           if (pcb->persist_cnt < backoff_cnt) {
1243:Middlewares/Third_Party/LwIP/src/core/tcp.c ****             pcb->persist_cnt++;
1244:Middlewares/Third_Party/LwIP/src/core/tcp.c ****           }
1245:Middlewares/Third_Party/LwIP/src/core/tcp.c ****           if (pcb->persist_cnt >= backoff_cnt) {
1246:Middlewares/Third_Party/LwIP/src/core/tcp.c ****             int next_slot = 1; /* increment timer to next slot */
1247:Middlewares/Third_Party/LwIP/src/core/tcp.c ****             /* If snd_wnd is zero, send 1 byte probes */
1248:Middlewares/Third_Party/LwIP/src/core/tcp.c ****             if (pcb->snd_wnd == 0) {
1249:Middlewares/Third_Party/LwIP/src/core/tcp.c ****               if (tcp_zero_window_probe(pcb) != ERR_OK) {
1250:Middlewares/Third_Party/LwIP/src/core/tcp.c ****                 next_slot = 0; /* try probe again with current slot */
1251:Middlewares/Third_Party/LwIP/src/core/tcp.c ****               }
1252:Middlewares/Third_Party/LwIP/src/core/tcp.c ****               /* snd_wnd not fully closed, split unsent head and fill window */
1253:Middlewares/Third_Party/LwIP/src/core/tcp.c ****             } else {
1254:Middlewares/Third_Party/LwIP/src/core/tcp.c ****               if (tcp_split_unsent_seg(pcb, (u16_t)pcb->snd_wnd) == ERR_OK) {
1255:Middlewares/Third_Party/LwIP/src/core/tcp.c ****                 if (tcp_output(pcb) == ERR_OK) {
1256:Middlewares/Third_Party/LwIP/src/core/tcp.c ****                   /* sending will cancel persist timer, else retry with current slot */
1257:Middlewares/Third_Party/LwIP/src/core/tcp.c ****                   next_slot = 0;
1258:Middlewares/Third_Party/LwIP/src/core/tcp.c ****                 }
1259:Middlewares/Third_Party/LwIP/src/core/tcp.c ****               }
1260:Middlewares/Third_Party/LwIP/src/core/tcp.c ****             }
1261:Middlewares/Third_Party/LwIP/src/core/tcp.c ****             if (next_slot) {
1262:Middlewares/Third_Party/LwIP/src/core/tcp.c ****               pcb->persist_cnt = 0;
1263:Middlewares/Third_Party/LwIP/src/core/tcp.c ****               if (pcb->persist_backoff < sizeof(tcp_persist_backoff)) {
1264:Middlewares/Third_Party/LwIP/src/core/tcp.c ****                 pcb->persist_backoff++;
1265:Middlewares/Third_Party/LwIP/src/core/tcp.c ****               }
ARM GAS  /tmp/ccwEre5k.s 			page 35


1266:Middlewares/Third_Party/LwIP/src/core/tcp.c ****             }
1267:Middlewares/Third_Party/LwIP/src/core/tcp.c ****           }
1268:Middlewares/Third_Party/LwIP/src/core/tcp.c ****         }
1269:Middlewares/Third_Party/LwIP/src/core/tcp.c ****       } else {
1270:Middlewares/Third_Party/LwIP/src/core/tcp.c ****         /* Increase the retransmission timer if it is running */
1271:Middlewares/Third_Party/LwIP/src/core/tcp.c ****         if ((pcb->rtime >= 0) && (pcb->rtime < 0x7FFF)) {
1272:Middlewares/Third_Party/LwIP/src/core/tcp.c ****           ++pcb->rtime;
1273:Middlewares/Third_Party/LwIP/src/core/tcp.c ****         }
1274:Middlewares/Third_Party/LwIP/src/core/tcp.c **** 
1275:Middlewares/Third_Party/LwIP/src/core/tcp.c ****         if (pcb->rtime >= pcb->rto) {
1276:Middlewares/Third_Party/LwIP/src/core/tcp.c ****           /* Time for a retransmission. */
1277:Middlewares/Third_Party/LwIP/src/core/tcp.c ****           LWIP_DEBUGF(TCP_RTO_DEBUG, ("tcp_slowtmr: rtime %"S16_F
1278:Middlewares/Third_Party/LwIP/src/core/tcp.c ****                                       " pcb->rto %"S16_F"\n",
1279:Middlewares/Third_Party/LwIP/src/core/tcp.c ****                                       pcb->rtime, pcb->rto));
1280:Middlewares/Third_Party/LwIP/src/core/tcp.c ****           /* If prepare phase fails but we have unsent data but no unacked data,
1281:Middlewares/Third_Party/LwIP/src/core/tcp.c ****              still execute the backoff calculations below, as this means we somehow
1282:Middlewares/Third_Party/LwIP/src/core/tcp.c ****              failed to send segment. */
1283:Middlewares/Third_Party/LwIP/src/core/tcp.c ****           if ((tcp_rexmit_rto_prepare(pcb) == ERR_OK) || ((pcb->unacked == NULL) && (pcb->unsent !=
1284:Middlewares/Third_Party/LwIP/src/core/tcp.c ****             /* Double retransmission time-out unless we are trying to
1285:Middlewares/Third_Party/LwIP/src/core/tcp.c ****              * connect to somebody (i.e., we are in SYN_SENT). */
1286:Middlewares/Third_Party/LwIP/src/core/tcp.c ****             if (pcb->state != SYN_SENT) {
1287:Middlewares/Third_Party/LwIP/src/core/tcp.c ****               u8_t backoff_idx = LWIP_MIN(pcb->nrtx, sizeof(tcp_backoff) - 1);
1288:Middlewares/Third_Party/LwIP/src/core/tcp.c ****               int calc_rto = ((pcb->sa >> 3) + pcb->sv) << tcp_backoff[backoff_idx];
1289:Middlewares/Third_Party/LwIP/src/core/tcp.c ****               pcb->rto = (s16_t)LWIP_MIN(calc_rto, 0x7FFF);
1290:Middlewares/Third_Party/LwIP/src/core/tcp.c ****             }
1291:Middlewares/Third_Party/LwIP/src/core/tcp.c **** 
1292:Middlewares/Third_Party/LwIP/src/core/tcp.c ****             /* Reset the retransmission timer. */
1293:Middlewares/Third_Party/LwIP/src/core/tcp.c ****             pcb->rtime = 0;
1294:Middlewares/Third_Party/LwIP/src/core/tcp.c **** 
1295:Middlewares/Third_Party/LwIP/src/core/tcp.c ****             /* Reduce congestion window and ssthresh. */
1296:Middlewares/Third_Party/LwIP/src/core/tcp.c ****             eff_wnd = LWIP_MIN(pcb->cwnd, pcb->snd_wnd);
1297:Middlewares/Third_Party/LwIP/src/core/tcp.c ****             pcb->ssthresh = eff_wnd >> 1;
1298:Middlewares/Third_Party/LwIP/src/core/tcp.c ****             if (pcb->ssthresh < (tcpwnd_size_t)(pcb->mss << 1)) {
1299:Middlewares/Third_Party/LwIP/src/core/tcp.c ****               pcb->ssthresh = (tcpwnd_size_t)(pcb->mss << 1);
1300:Middlewares/Third_Party/LwIP/src/core/tcp.c ****             }
1301:Middlewares/Third_Party/LwIP/src/core/tcp.c ****             pcb->cwnd = pcb->mss;
1302:Middlewares/Third_Party/LwIP/src/core/tcp.c ****             LWIP_DEBUGF(TCP_CWND_DEBUG, ("tcp_slowtmr: cwnd %"TCPWNDSIZE_F
1303:Middlewares/Third_Party/LwIP/src/core/tcp.c ****                                          " ssthresh %"TCPWNDSIZE_F"\n",
1304:Middlewares/Third_Party/LwIP/src/core/tcp.c ****                                          pcb->cwnd, pcb->ssthresh));
1305:Middlewares/Third_Party/LwIP/src/core/tcp.c ****             pcb->bytes_acked = 0;
1306:Middlewares/Third_Party/LwIP/src/core/tcp.c **** 
1307:Middlewares/Third_Party/LwIP/src/core/tcp.c ****             /* The following needs to be called AFTER cwnd is set to one
1308:Middlewares/Third_Party/LwIP/src/core/tcp.c ****                mss - STJ */
1309:Middlewares/Third_Party/LwIP/src/core/tcp.c ****             tcp_rexmit_rto_commit(pcb);
1310:Middlewares/Third_Party/LwIP/src/core/tcp.c ****           }
1311:Middlewares/Third_Party/LwIP/src/core/tcp.c ****         }
1312:Middlewares/Third_Party/LwIP/src/core/tcp.c ****       }
1313:Middlewares/Third_Party/LwIP/src/core/tcp.c ****     }
1314:Middlewares/Third_Party/LwIP/src/core/tcp.c ****     /* Check if this PCB has stayed too long in FIN-WAIT-2 */
1315:Middlewares/Third_Party/LwIP/src/core/tcp.c ****     if (pcb->state == FIN_WAIT_2) {
1316:Middlewares/Third_Party/LwIP/src/core/tcp.c ****       /* If this PCB is in FIN_WAIT_2 because of SHUT_WR don't let it time out. */
1317:Middlewares/Third_Party/LwIP/src/core/tcp.c ****       if (pcb->flags & TF_RXCLOSED) {
1318:Middlewares/Third_Party/LwIP/src/core/tcp.c ****         /* PCB was fully closed (either through close() or SHUT_RDWR):
1319:Middlewares/Third_Party/LwIP/src/core/tcp.c ****            normal FIN-WAIT timeout handling. */
1320:Middlewares/Third_Party/LwIP/src/core/tcp.c ****         if ((u32_t)(tcp_ticks - pcb->tmr) >
1321:Middlewares/Third_Party/LwIP/src/core/tcp.c ****             TCP_FIN_WAIT_TIMEOUT / TCP_SLOW_INTERVAL) {
1322:Middlewares/Third_Party/LwIP/src/core/tcp.c ****           ++pcb_remove;
ARM GAS  /tmp/ccwEre5k.s 			page 36


1323:Middlewares/Third_Party/LwIP/src/core/tcp.c ****           LWIP_DEBUGF(TCP_DEBUG, ("tcp_slowtmr: removing pcb stuck in FIN-WAIT-2\n"));
1324:Middlewares/Third_Party/LwIP/src/core/tcp.c ****         }
1325:Middlewares/Third_Party/LwIP/src/core/tcp.c ****       }
1326:Middlewares/Third_Party/LwIP/src/core/tcp.c ****     }
1327:Middlewares/Third_Party/LwIP/src/core/tcp.c **** 
1328:Middlewares/Third_Party/LwIP/src/core/tcp.c ****     /* Check if KEEPALIVE should be sent */
1329:Middlewares/Third_Party/LwIP/src/core/tcp.c ****     if (ip_get_option(pcb, SOF_KEEPALIVE) &&
1330:Middlewares/Third_Party/LwIP/src/core/tcp.c ****         ((pcb->state == ESTABLISHED) ||
1331:Middlewares/Third_Party/LwIP/src/core/tcp.c ****          (pcb->state == CLOSE_WAIT))) {
1332:Middlewares/Third_Party/LwIP/src/core/tcp.c ****       if ((u32_t)(tcp_ticks - pcb->tmr) >
1333:Middlewares/Third_Party/LwIP/src/core/tcp.c ****           (pcb->keep_idle + TCP_KEEP_DUR(pcb)) / TCP_SLOW_INTERVAL) {
1334:Middlewares/Third_Party/LwIP/src/core/tcp.c ****         LWIP_DEBUGF(TCP_DEBUG, ("tcp_slowtmr: KEEPALIVE timeout. Aborting connection to "));
1335:Middlewares/Third_Party/LwIP/src/core/tcp.c ****         ip_addr_debug_print_val(TCP_DEBUG, pcb->remote_ip);
1336:Middlewares/Third_Party/LwIP/src/core/tcp.c ****         LWIP_DEBUGF(TCP_DEBUG, ("\n"));
1337:Middlewares/Third_Party/LwIP/src/core/tcp.c **** 
1338:Middlewares/Third_Party/LwIP/src/core/tcp.c ****         ++pcb_remove;
1339:Middlewares/Third_Party/LwIP/src/core/tcp.c ****         ++pcb_reset;
1340:Middlewares/Third_Party/LwIP/src/core/tcp.c ****       } else if ((u32_t)(tcp_ticks - pcb->tmr) >
1341:Middlewares/Third_Party/LwIP/src/core/tcp.c ****                  (pcb->keep_idle + pcb->keep_cnt_sent * TCP_KEEP_INTVL(pcb))
1342:Middlewares/Third_Party/LwIP/src/core/tcp.c ****                  / TCP_SLOW_INTERVAL) {
1343:Middlewares/Third_Party/LwIP/src/core/tcp.c ****         err = tcp_keepalive(pcb);
1344:Middlewares/Third_Party/LwIP/src/core/tcp.c ****         if (err == ERR_OK) {
1345:Middlewares/Third_Party/LwIP/src/core/tcp.c ****           pcb->keep_cnt_sent++;
1346:Middlewares/Third_Party/LwIP/src/core/tcp.c ****         }
1347:Middlewares/Third_Party/LwIP/src/core/tcp.c ****       }
1348:Middlewares/Third_Party/LwIP/src/core/tcp.c ****     }
1349:Middlewares/Third_Party/LwIP/src/core/tcp.c **** 
1350:Middlewares/Third_Party/LwIP/src/core/tcp.c ****     /* If this PCB has queued out of sequence data, but has been
1351:Middlewares/Third_Party/LwIP/src/core/tcp.c ****        inactive for too long, will drop the data (it will eventually
1352:Middlewares/Third_Party/LwIP/src/core/tcp.c ****        be retransmitted). */
1353:Middlewares/Third_Party/LwIP/src/core/tcp.c **** #if TCP_QUEUE_OOSEQ
1354:Middlewares/Third_Party/LwIP/src/core/tcp.c ****     if (pcb->ooseq != NULL &&
1355:Middlewares/Third_Party/LwIP/src/core/tcp.c ****         (tcp_ticks - pcb->tmr >= (u32_t)pcb->rto * TCP_OOSEQ_TIMEOUT)) {
1356:Middlewares/Third_Party/LwIP/src/core/tcp.c ****       LWIP_DEBUGF(TCP_CWND_DEBUG, ("tcp_slowtmr: dropping OOSEQ queued data\n"));
1357:Middlewares/Third_Party/LwIP/src/core/tcp.c ****       tcp_free_ooseq(pcb);
1358:Middlewares/Third_Party/LwIP/src/core/tcp.c ****     }
1359:Middlewares/Third_Party/LwIP/src/core/tcp.c **** #endif /* TCP_QUEUE_OOSEQ */
1360:Middlewares/Third_Party/LwIP/src/core/tcp.c **** 
1361:Middlewares/Third_Party/LwIP/src/core/tcp.c ****     /* Check if this PCB has stayed too long in SYN-RCVD */
1362:Middlewares/Third_Party/LwIP/src/core/tcp.c ****     if (pcb->state == SYN_RCVD) {
1363:Middlewares/Third_Party/LwIP/src/core/tcp.c ****       if ((u32_t)(tcp_ticks - pcb->tmr) >
1364:Middlewares/Third_Party/LwIP/src/core/tcp.c ****           TCP_SYN_RCVD_TIMEOUT / TCP_SLOW_INTERVAL) {
1365:Middlewares/Third_Party/LwIP/src/core/tcp.c ****         ++pcb_remove;
1366:Middlewares/Third_Party/LwIP/src/core/tcp.c ****         LWIP_DEBUGF(TCP_DEBUG, ("tcp_slowtmr: removing pcb stuck in SYN-RCVD\n"));
1367:Middlewares/Third_Party/LwIP/src/core/tcp.c ****       }
1368:Middlewares/Third_Party/LwIP/src/core/tcp.c ****     }
1369:Middlewares/Third_Party/LwIP/src/core/tcp.c **** 
1370:Middlewares/Third_Party/LwIP/src/core/tcp.c ****     /* Check if this PCB has stayed too long in LAST-ACK */
1371:Middlewares/Third_Party/LwIP/src/core/tcp.c ****     if (pcb->state == LAST_ACK) {
1372:Middlewares/Third_Party/LwIP/src/core/tcp.c ****       if ((u32_t)(tcp_ticks - pcb->tmr) > 2 * TCP_MSL / TCP_SLOW_INTERVAL) {
1373:Middlewares/Third_Party/LwIP/src/core/tcp.c ****         ++pcb_remove;
1374:Middlewares/Third_Party/LwIP/src/core/tcp.c ****         LWIP_DEBUGF(TCP_DEBUG, ("tcp_slowtmr: removing pcb stuck in LAST-ACK\n"));
1375:Middlewares/Third_Party/LwIP/src/core/tcp.c ****       }
1376:Middlewares/Third_Party/LwIP/src/core/tcp.c ****     }
1377:Middlewares/Third_Party/LwIP/src/core/tcp.c **** 
1378:Middlewares/Third_Party/LwIP/src/core/tcp.c ****     /* If the PCB should be removed, do it. */
1379:Middlewares/Third_Party/LwIP/src/core/tcp.c ****     if (pcb_remove) {
ARM GAS  /tmp/ccwEre5k.s 			page 37


1380:Middlewares/Third_Party/LwIP/src/core/tcp.c ****       struct tcp_pcb *pcb2;
1381:Middlewares/Third_Party/LwIP/src/core/tcp.c **** #if LWIP_CALLBACK_API
1382:Middlewares/Third_Party/LwIP/src/core/tcp.c ****       tcp_err_fn err_fn = pcb->errf;
1383:Middlewares/Third_Party/LwIP/src/core/tcp.c **** #endif /* LWIP_CALLBACK_API */
1384:Middlewares/Third_Party/LwIP/src/core/tcp.c ****       void *err_arg;
1385:Middlewares/Third_Party/LwIP/src/core/tcp.c ****       enum tcp_state last_state;
1386:Middlewares/Third_Party/LwIP/src/core/tcp.c ****       tcp_pcb_purge(pcb);
1387:Middlewares/Third_Party/LwIP/src/core/tcp.c ****       /* Remove PCB from tcp_active_pcbs list. */
1388:Middlewares/Third_Party/LwIP/src/core/tcp.c ****       if (prev != NULL) {
1389:Middlewares/Third_Party/LwIP/src/core/tcp.c ****         LWIP_ASSERT("tcp_slowtmr: middle tcp != tcp_active_pcbs", pcb != tcp_active_pcbs);
1390:Middlewares/Third_Party/LwIP/src/core/tcp.c ****         prev->next = pcb->next;
1391:Middlewares/Third_Party/LwIP/src/core/tcp.c ****       } else {
1392:Middlewares/Third_Party/LwIP/src/core/tcp.c ****         /* This PCB was the first. */
1393:Middlewares/Third_Party/LwIP/src/core/tcp.c ****         LWIP_ASSERT("tcp_slowtmr: first pcb == tcp_active_pcbs", tcp_active_pcbs == pcb);
1394:Middlewares/Third_Party/LwIP/src/core/tcp.c ****         tcp_active_pcbs = pcb->next;
1395:Middlewares/Third_Party/LwIP/src/core/tcp.c ****       }
1396:Middlewares/Third_Party/LwIP/src/core/tcp.c **** 
1397:Middlewares/Third_Party/LwIP/src/core/tcp.c ****       if (pcb_reset) {
1398:Middlewares/Third_Party/LwIP/src/core/tcp.c ****         tcp_rst(pcb, pcb->snd_nxt, pcb->rcv_nxt, &pcb->local_ip, &pcb->remote_ip,
1399:Middlewares/Third_Party/LwIP/src/core/tcp.c ****                 pcb->local_port, pcb->remote_port);
1400:Middlewares/Third_Party/LwIP/src/core/tcp.c ****       }
1401:Middlewares/Third_Party/LwIP/src/core/tcp.c **** 
1402:Middlewares/Third_Party/LwIP/src/core/tcp.c ****       err_arg = pcb->callback_arg;
1403:Middlewares/Third_Party/LwIP/src/core/tcp.c ****       last_state = pcb->state;
1404:Middlewares/Third_Party/LwIP/src/core/tcp.c ****       pcb2 = pcb;
1405:Middlewares/Third_Party/LwIP/src/core/tcp.c ****       pcb = pcb->next;
1406:Middlewares/Third_Party/LwIP/src/core/tcp.c ****       tcp_free(pcb2);
1407:Middlewares/Third_Party/LwIP/src/core/tcp.c **** 
1408:Middlewares/Third_Party/LwIP/src/core/tcp.c ****       tcp_active_pcbs_changed = 0;
1409:Middlewares/Third_Party/LwIP/src/core/tcp.c ****       TCP_EVENT_ERR(last_state, err_fn, err_arg, ERR_ABRT);
1410:Middlewares/Third_Party/LwIP/src/core/tcp.c ****       if (tcp_active_pcbs_changed) {
1411:Middlewares/Third_Party/LwIP/src/core/tcp.c ****         goto tcp_slowtmr_start;
1412:Middlewares/Third_Party/LwIP/src/core/tcp.c ****       }
1413:Middlewares/Third_Party/LwIP/src/core/tcp.c ****     } else {
1414:Middlewares/Third_Party/LwIP/src/core/tcp.c ****       /* get the 'next' element now and work with 'prev' below (in case of abort) */
1415:Middlewares/Third_Party/LwIP/src/core/tcp.c ****       prev = pcb;
1416:Middlewares/Third_Party/LwIP/src/core/tcp.c ****       pcb = pcb->next;
1417:Middlewares/Third_Party/LwIP/src/core/tcp.c **** 
1418:Middlewares/Third_Party/LwIP/src/core/tcp.c ****       /* We check if we should poll the connection. */
1419:Middlewares/Third_Party/LwIP/src/core/tcp.c ****       ++prev->polltmr;
1420:Middlewares/Third_Party/LwIP/src/core/tcp.c ****       if (prev->polltmr >= prev->pollinterval) {
1421:Middlewares/Third_Party/LwIP/src/core/tcp.c ****         prev->polltmr = 0;
1422:Middlewares/Third_Party/LwIP/src/core/tcp.c ****         LWIP_DEBUGF(TCP_DEBUG, ("tcp_slowtmr: polling application\n"));
1423:Middlewares/Third_Party/LwIP/src/core/tcp.c ****         tcp_active_pcbs_changed = 0;
1424:Middlewares/Third_Party/LwIP/src/core/tcp.c ****         TCP_EVENT_POLL(prev, err);
1425:Middlewares/Third_Party/LwIP/src/core/tcp.c ****         if (tcp_active_pcbs_changed) {
1426:Middlewares/Third_Party/LwIP/src/core/tcp.c ****           goto tcp_slowtmr_start;
1427:Middlewares/Third_Party/LwIP/src/core/tcp.c ****         }
1428:Middlewares/Third_Party/LwIP/src/core/tcp.c ****         /* if err == ERR_ABRT, 'prev' is already deallocated */
1429:Middlewares/Third_Party/LwIP/src/core/tcp.c ****         if (err == ERR_OK) {
1430:Middlewares/Third_Party/LwIP/src/core/tcp.c ****           tcp_output(prev);
1431:Middlewares/Third_Party/LwIP/src/core/tcp.c ****         }
1432:Middlewares/Third_Party/LwIP/src/core/tcp.c ****       }
1433:Middlewares/Third_Party/LwIP/src/core/tcp.c ****     }
1434:Middlewares/Third_Party/LwIP/src/core/tcp.c ****   }
1435:Middlewares/Third_Party/LwIP/src/core/tcp.c **** 
1436:Middlewares/Third_Party/LwIP/src/core/tcp.c **** 
ARM GAS  /tmp/ccwEre5k.s 			page 38


1437:Middlewares/Third_Party/LwIP/src/core/tcp.c ****   /* Steps through all of the TIME-WAIT PCBs. */
1438:Middlewares/Third_Party/LwIP/src/core/tcp.c ****   prev = NULL;
1439:Middlewares/Third_Party/LwIP/src/core/tcp.c ****   pcb = tcp_tw_pcbs;
1440:Middlewares/Third_Party/LwIP/src/core/tcp.c ****   while (pcb != NULL) {
1441:Middlewares/Third_Party/LwIP/src/core/tcp.c ****     LWIP_ASSERT("tcp_slowtmr: TIME-WAIT pcb->state == TIME-WAIT", pcb->state == TIME_WAIT);
1442:Middlewares/Third_Party/LwIP/src/core/tcp.c ****     pcb_remove = 0;
1443:Middlewares/Third_Party/LwIP/src/core/tcp.c **** 
1444:Middlewares/Third_Party/LwIP/src/core/tcp.c ****     /* Check if this PCB has stayed long enough in TIME-WAIT */
1445:Middlewares/Third_Party/LwIP/src/core/tcp.c ****     if ((u32_t)(tcp_ticks - pcb->tmr) > 2 * TCP_MSL / TCP_SLOW_INTERVAL) {
1446:Middlewares/Third_Party/LwIP/src/core/tcp.c ****       ++pcb_remove;
1447:Middlewares/Third_Party/LwIP/src/core/tcp.c ****     }
1448:Middlewares/Third_Party/LwIP/src/core/tcp.c **** 
1449:Middlewares/Third_Party/LwIP/src/core/tcp.c ****     /* If the PCB should be removed, do it. */
1450:Middlewares/Third_Party/LwIP/src/core/tcp.c ****     if (pcb_remove) {
1451:Middlewares/Third_Party/LwIP/src/core/tcp.c ****       struct tcp_pcb *pcb2;
1452:Middlewares/Third_Party/LwIP/src/core/tcp.c ****       tcp_pcb_purge(pcb);
1453:Middlewares/Third_Party/LwIP/src/core/tcp.c ****       /* Remove PCB from tcp_tw_pcbs list. */
1454:Middlewares/Third_Party/LwIP/src/core/tcp.c ****       if (prev != NULL) {
1455:Middlewares/Third_Party/LwIP/src/core/tcp.c ****         LWIP_ASSERT("tcp_slowtmr: middle tcp != tcp_tw_pcbs", pcb != tcp_tw_pcbs);
1456:Middlewares/Third_Party/LwIP/src/core/tcp.c ****         prev->next = pcb->next;
1457:Middlewares/Third_Party/LwIP/src/core/tcp.c ****       } else {
1458:Middlewares/Third_Party/LwIP/src/core/tcp.c ****         /* This PCB was the first. */
1459:Middlewares/Third_Party/LwIP/src/core/tcp.c ****         LWIP_ASSERT("tcp_slowtmr: first pcb == tcp_tw_pcbs", tcp_tw_pcbs == pcb);
1460:Middlewares/Third_Party/LwIP/src/core/tcp.c ****         tcp_tw_pcbs = pcb->next;
1461:Middlewares/Third_Party/LwIP/src/core/tcp.c ****       }
1462:Middlewares/Third_Party/LwIP/src/core/tcp.c ****       pcb2 = pcb;
1463:Middlewares/Third_Party/LwIP/src/core/tcp.c ****       pcb = pcb->next;
1464:Middlewares/Third_Party/LwIP/src/core/tcp.c ****       tcp_free(pcb2);
1465:Middlewares/Third_Party/LwIP/src/core/tcp.c ****     } else {
1466:Middlewares/Third_Party/LwIP/src/core/tcp.c ****       prev = pcb;
1467:Middlewares/Third_Party/LwIP/src/core/tcp.c ****       pcb = pcb->next;
1468:Middlewares/Third_Party/LwIP/src/core/tcp.c ****     }
1469:Middlewares/Third_Party/LwIP/src/core/tcp.c ****   }
1470:Middlewares/Third_Party/LwIP/src/core/tcp.c **** }
1471:Middlewares/Third_Party/LwIP/src/core/tcp.c **** 
1472:Middlewares/Third_Party/LwIP/src/core/tcp.c **** /**
1473:Middlewares/Third_Party/LwIP/src/core/tcp.c ****  * Is called every TCP_FAST_INTERVAL (250 ms) and process data previously
1474:Middlewares/Third_Party/LwIP/src/core/tcp.c ****  * "refused" by upper layer (application) and sends delayed ACKs or pending FINs.
1475:Middlewares/Third_Party/LwIP/src/core/tcp.c ****  *
1476:Middlewares/Third_Party/LwIP/src/core/tcp.c ****  * Automatically called from tcp_tmr().
1477:Middlewares/Third_Party/LwIP/src/core/tcp.c ****  */
1478:Middlewares/Third_Party/LwIP/src/core/tcp.c **** void
1479:Middlewares/Third_Party/LwIP/src/core/tcp.c **** tcp_fasttmr(void)
1480:Middlewares/Third_Party/LwIP/src/core/tcp.c **** {
1481:Middlewares/Third_Party/LwIP/src/core/tcp.c ****   struct tcp_pcb *pcb;
1482:Middlewares/Third_Party/LwIP/src/core/tcp.c **** 
1483:Middlewares/Third_Party/LwIP/src/core/tcp.c ****   ++tcp_timer_ctr;
1484:Middlewares/Third_Party/LwIP/src/core/tcp.c **** 
1485:Middlewares/Third_Party/LwIP/src/core/tcp.c **** tcp_fasttmr_start:
1486:Middlewares/Third_Party/LwIP/src/core/tcp.c ****   pcb = tcp_active_pcbs;
1487:Middlewares/Third_Party/LwIP/src/core/tcp.c **** 
1488:Middlewares/Third_Party/LwIP/src/core/tcp.c ****   while (pcb != NULL) {
1489:Middlewares/Third_Party/LwIP/src/core/tcp.c ****     if (pcb->last_timer != tcp_timer_ctr) {
1490:Middlewares/Third_Party/LwIP/src/core/tcp.c ****       struct tcp_pcb *next;
1491:Middlewares/Third_Party/LwIP/src/core/tcp.c ****       pcb->last_timer = tcp_timer_ctr;
1492:Middlewares/Third_Party/LwIP/src/core/tcp.c ****       /* send delayed ACKs */
1493:Middlewares/Third_Party/LwIP/src/core/tcp.c ****       if (pcb->flags & TF_ACK_DELAY) {
ARM GAS  /tmp/ccwEre5k.s 			page 39


1494:Middlewares/Third_Party/LwIP/src/core/tcp.c ****         LWIP_DEBUGF(TCP_DEBUG, ("tcp_fasttmr: delayed ACK\n"));
1495:Middlewares/Third_Party/LwIP/src/core/tcp.c ****         tcp_ack_now(pcb);
1496:Middlewares/Third_Party/LwIP/src/core/tcp.c ****         tcp_output(pcb);
1497:Middlewares/Third_Party/LwIP/src/core/tcp.c ****         tcp_clear_flags(pcb, TF_ACK_DELAY | TF_ACK_NOW);
1498:Middlewares/Third_Party/LwIP/src/core/tcp.c ****       }
1499:Middlewares/Third_Party/LwIP/src/core/tcp.c ****       /* send pending FIN */
1500:Middlewares/Third_Party/LwIP/src/core/tcp.c ****       if (pcb->flags & TF_CLOSEPEND) {
1501:Middlewares/Third_Party/LwIP/src/core/tcp.c ****         LWIP_DEBUGF(TCP_DEBUG, ("tcp_fasttmr: pending FIN\n"));
1502:Middlewares/Third_Party/LwIP/src/core/tcp.c ****         tcp_clear_flags(pcb, TF_CLOSEPEND);
1503:Middlewares/Third_Party/LwIP/src/core/tcp.c ****         tcp_close_shutdown_fin(pcb);
1504:Middlewares/Third_Party/LwIP/src/core/tcp.c ****       }
1505:Middlewares/Third_Party/LwIP/src/core/tcp.c **** 
1506:Middlewares/Third_Party/LwIP/src/core/tcp.c ****       next = pcb->next;
1507:Middlewares/Third_Party/LwIP/src/core/tcp.c **** 
1508:Middlewares/Third_Party/LwIP/src/core/tcp.c ****       /* If there is data which was previously "refused" by upper layer */
1509:Middlewares/Third_Party/LwIP/src/core/tcp.c ****       if (pcb->refused_data != NULL) {
1510:Middlewares/Third_Party/LwIP/src/core/tcp.c ****         tcp_active_pcbs_changed = 0;
1511:Middlewares/Third_Party/LwIP/src/core/tcp.c ****         tcp_process_refused_data(pcb);
1512:Middlewares/Third_Party/LwIP/src/core/tcp.c ****         if (tcp_active_pcbs_changed) {
1513:Middlewares/Third_Party/LwIP/src/core/tcp.c ****           /* application callback has changed the pcb list: restart the loop */
1514:Middlewares/Third_Party/LwIP/src/core/tcp.c ****           goto tcp_fasttmr_start;
1515:Middlewares/Third_Party/LwIP/src/core/tcp.c ****         }
1516:Middlewares/Third_Party/LwIP/src/core/tcp.c ****       }
1517:Middlewares/Third_Party/LwIP/src/core/tcp.c ****       pcb = next;
1518:Middlewares/Third_Party/LwIP/src/core/tcp.c ****     } else {
1519:Middlewares/Third_Party/LwIP/src/core/tcp.c ****       pcb = pcb->next;
1520:Middlewares/Third_Party/LwIP/src/core/tcp.c ****     }
1521:Middlewares/Third_Party/LwIP/src/core/tcp.c ****   }
1522:Middlewares/Third_Party/LwIP/src/core/tcp.c **** }
1523:Middlewares/Third_Party/LwIP/src/core/tcp.c **** 
1524:Middlewares/Third_Party/LwIP/src/core/tcp.c **** /** Call tcp_output for all active pcbs that have TF_NAGLEMEMERR set */
1525:Middlewares/Third_Party/LwIP/src/core/tcp.c **** void
1526:Middlewares/Third_Party/LwIP/src/core/tcp.c **** tcp_txnow(void)
1527:Middlewares/Third_Party/LwIP/src/core/tcp.c **** {
1528:Middlewares/Third_Party/LwIP/src/core/tcp.c ****   struct tcp_pcb *pcb;
1529:Middlewares/Third_Party/LwIP/src/core/tcp.c **** 
1530:Middlewares/Third_Party/LwIP/src/core/tcp.c ****   for (pcb = tcp_active_pcbs; pcb != NULL; pcb = pcb->next) {
1531:Middlewares/Third_Party/LwIP/src/core/tcp.c ****     if (pcb->flags & TF_NAGLEMEMERR) {
1532:Middlewares/Third_Party/LwIP/src/core/tcp.c ****       tcp_output(pcb);
1533:Middlewares/Third_Party/LwIP/src/core/tcp.c ****     }
1534:Middlewares/Third_Party/LwIP/src/core/tcp.c ****   }
1535:Middlewares/Third_Party/LwIP/src/core/tcp.c **** }
1536:Middlewares/Third_Party/LwIP/src/core/tcp.c **** 
1537:Middlewares/Third_Party/LwIP/src/core/tcp.c **** /** Pass pcb->refused_data to the recv callback */
1538:Middlewares/Third_Party/LwIP/src/core/tcp.c **** err_t
1539:Middlewares/Third_Party/LwIP/src/core/tcp.c **** tcp_process_refused_data(struct tcp_pcb *pcb)
1540:Middlewares/Third_Party/LwIP/src/core/tcp.c **** {
1541:Middlewares/Third_Party/LwIP/src/core/tcp.c **** #if TCP_QUEUE_OOSEQ && LWIP_WND_SCALE
1542:Middlewares/Third_Party/LwIP/src/core/tcp.c ****   struct pbuf *rest;
1543:Middlewares/Third_Party/LwIP/src/core/tcp.c **** #endif /* TCP_QUEUE_OOSEQ && LWIP_WND_SCALE */
1544:Middlewares/Third_Party/LwIP/src/core/tcp.c **** 
1545:Middlewares/Third_Party/LwIP/src/core/tcp.c ****   LWIP_ERROR("tcp_process_refused_data: invalid pcb", pcb != NULL, return ERR_ARG);
1546:Middlewares/Third_Party/LwIP/src/core/tcp.c **** 
1547:Middlewares/Third_Party/LwIP/src/core/tcp.c **** #if TCP_QUEUE_OOSEQ && LWIP_WND_SCALE
1548:Middlewares/Third_Party/LwIP/src/core/tcp.c ****   while (pcb->refused_data != NULL)
1549:Middlewares/Third_Party/LwIP/src/core/tcp.c **** #endif /* TCP_QUEUE_OOSEQ && LWIP_WND_SCALE */
1550:Middlewares/Third_Party/LwIP/src/core/tcp.c ****   {
ARM GAS  /tmp/ccwEre5k.s 			page 40


1551:Middlewares/Third_Party/LwIP/src/core/tcp.c ****     err_t err;
1552:Middlewares/Third_Party/LwIP/src/core/tcp.c ****     u8_t refused_flags = pcb->refused_data->flags;
1553:Middlewares/Third_Party/LwIP/src/core/tcp.c ****     /* set pcb->refused_data to NULL in case the callback frees it and then
1554:Middlewares/Third_Party/LwIP/src/core/tcp.c ****        closes the pcb */
1555:Middlewares/Third_Party/LwIP/src/core/tcp.c ****     struct pbuf *refused_data = pcb->refused_data;
1556:Middlewares/Third_Party/LwIP/src/core/tcp.c **** #if TCP_QUEUE_OOSEQ && LWIP_WND_SCALE
1557:Middlewares/Third_Party/LwIP/src/core/tcp.c ****     pbuf_split_64k(refused_data, &rest);
1558:Middlewares/Third_Party/LwIP/src/core/tcp.c ****     pcb->refused_data = rest;
1559:Middlewares/Third_Party/LwIP/src/core/tcp.c **** #else /* TCP_QUEUE_OOSEQ && LWIP_WND_SCALE */
1560:Middlewares/Third_Party/LwIP/src/core/tcp.c ****     pcb->refused_data = NULL;
1561:Middlewares/Third_Party/LwIP/src/core/tcp.c **** #endif /* TCP_QUEUE_OOSEQ && LWIP_WND_SCALE */
1562:Middlewares/Third_Party/LwIP/src/core/tcp.c ****     /* Notify again application with data previously received. */
1563:Middlewares/Third_Party/LwIP/src/core/tcp.c ****     LWIP_DEBUGF(TCP_INPUT_DEBUG, ("tcp_input: notify kept packet\n"));
1564:Middlewares/Third_Party/LwIP/src/core/tcp.c ****     TCP_EVENT_RECV(pcb, refused_data, ERR_OK, err);
1565:Middlewares/Third_Party/LwIP/src/core/tcp.c ****     if (err == ERR_OK) {
1566:Middlewares/Third_Party/LwIP/src/core/tcp.c ****       /* did refused_data include a FIN? */
1567:Middlewares/Third_Party/LwIP/src/core/tcp.c ****       if ((refused_flags & PBUF_FLAG_TCP_FIN)
1568:Middlewares/Third_Party/LwIP/src/core/tcp.c **** #if TCP_QUEUE_OOSEQ && LWIP_WND_SCALE
1569:Middlewares/Third_Party/LwIP/src/core/tcp.c ****           && (rest == NULL)
1570:Middlewares/Third_Party/LwIP/src/core/tcp.c **** #endif /* TCP_QUEUE_OOSEQ && LWIP_WND_SCALE */
1571:Middlewares/Third_Party/LwIP/src/core/tcp.c ****          ) {
1572:Middlewares/Third_Party/LwIP/src/core/tcp.c ****         /* correct rcv_wnd as the application won't call tcp_recved()
1573:Middlewares/Third_Party/LwIP/src/core/tcp.c ****            for the FIN's seqno */
1574:Middlewares/Third_Party/LwIP/src/core/tcp.c ****         if (pcb->rcv_wnd != TCP_WND_MAX(pcb)) {
1575:Middlewares/Third_Party/LwIP/src/core/tcp.c ****           pcb->rcv_wnd++;
1576:Middlewares/Third_Party/LwIP/src/core/tcp.c ****         }
1577:Middlewares/Third_Party/LwIP/src/core/tcp.c ****         TCP_EVENT_CLOSED(pcb, err);
1578:Middlewares/Third_Party/LwIP/src/core/tcp.c ****         if (err == ERR_ABRT) {
1579:Middlewares/Third_Party/LwIP/src/core/tcp.c ****           return ERR_ABRT;
1580:Middlewares/Third_Party/LwIP/src/core/tcp.c ****         }
1581:Middlewares/Third_Party/LwIP/src/core/tcp.c ****       }
1582:Middlewares/Third_Party/LwIP/src/core/tcp.c ****     } else if (err == ERR_ABRT) {
1583:Middlewares/Third_Party/LwIP/src/core/tcp.c ****       /* if err == ERR_ABRT, 'pcb' is already deallocated */
1584:Middlewares/Third_Party/LwIP/src/core/tcp.c ****       /* Drop incoming packets because pcb is "full" (only if the incoming
1585:Middlewares/Third_Party/LwIP/src/core/tcp.c ****          segment contains data). */
1586:Middlewares/Third_Party/LwIP/src/core/tcp.c ****       LWIP_DEBUGF(TCP_INPUT_DEBUG, ("tcp_input: drop incoming packets, because pcb is \"full\"\n"))
1587:Middlewares/Third_Party/LwIP/src/core/tcp.c ****       return ERR_ABRT;
1588:Middlewares/Third_Party/LwIP/src/core/tcp.c ****     } else {
1589:Middlewares/Third_Party/LwIP/src/core/tcp.c ****       /* data is still refused, pbuf is still valid (go on for ACK-only packets) */
1590:Middlewares/Third_Party/LwIP/src/core/tcp.c **** #if TCP_QUEUE_OOSEQ && LWIP_WND_SCALE
1591:Middlewares/Third_Party/LwIP/src/core/tcp.c ****       if (rest != NULL) {
1592:Middlewares/Third_Party/LwIP/src/core/tcp.c ****         pbuf_cat(refused_data, rest);
1593:Middlewares/Third_Party/LwIP/src/core/tcp.c ****       }
1594:Middlewares/Third_Party/LwIP/src/core/tcp.c **** #endif /* TCP_QUEUE_OOSEQ && LWIP_WND_SCALE */
1595:Middlewares/Third_Party/LwIP/src/core/tcp.c ****       pcb->refused_data = refused_data;
1596:Middlewares/Third_Party/LwIP/src/core/tcp.c ****       return ERR_INPROGRESS;
1597:Middlewares/Third_Party/LwIP/src/core/tcp.c ****     }
1598:Middlewares/Third_Party/LwIP/src/core/tcp.c ****   }
1599:Middlewares/Third_Party/LwIP/src/core/tcp.c ****   return ERR_OK;
1600:Middlewares/Third_Party/LwIP/src/core/tcp.c **** }
1601:Middlewares/Third_Party/LwIP/src/core/tcp.c **** 
1602:Middlewares/Third_Party/LwIP/src/core/tcp.c **** /**
1603:Middlewares/Third_Party/LwIP/src/core/tcp.c ****  * Deallocates a list of TCP segments (tcp_seg structures).
1604:Middlewares/Third_Party/LwIP/src/core/tcp.c ****  *
1605:Middlewares/Third_Party/LwIP/src/core/tcp.c ****  * @param seg tcp_seg list of TCP segments to free
1606:Middlewares/Third_Party/LwIP/src/core/tcp.c ****  */
1607:Middlewares/Third_Party/LwIP/src/core/tcp.c **** void
ARM GAS  /tmp/ccwEre5k.s 			page 41


1608:Middlewares/Third_Party/LwIP/src/core/tcp.c **** tcp_segs_free(struct tcp_seg *seg)
1609:Middlewares/Third_Party/LwIP/src/core/tcp.c **** {
1610:Middlewares/Third_Party/LwIP/src/core/tcp.c ****   while (seg != NULL) {
1611:Middlewares/Third_Party/LwIP/src/core/tcp.c ****     struct tcp_seg *next = seg->next;
1612:Middlewares/Third_Party/LwIP/src/core/tcp.c ****     tcp_seg_free(seg);
1613:Middlewares/Third_Party/LwIP/src/core/tcp.c ****     seg = next;
1614:Middlewares/Third_Party/LwIP/src/core/tcp.c ****   }
1615:Middlewares/Third_Party/LwIP/src/core/tcp.c **** }
1616:Middlewares/Third_Party/LwIP/src/core/tcp.c **** 
1617:Middlewares/Third_Party/LwIP/src/core/tcp.c **** /**
1618:Middlewares/Third_Party/LwIP/src/core/tcp.c ****  * Frees a TCP segment (tcp_seg structure).
1619:Middlewares/Third_Party/LwIP/src/core/tcp.c ****  *
1620:Middlewares/Third_Party/LwIP/src/core/tcp.c ****  * @param seg single tcp_seg to free
1621:Middlewares/Third_Party/LwIP/src/core/tcp.c ****  */
1622:Middlewares/Third_Party/LwIP/src/core/tcp.c **** void
1623:Middlewares/Third_Party/LwIP/src/core/tcp.c **** tcp_seg_free(struct tcp_seg *seg)
1624:Middlewares/Third_Party/LwIP/src/core/tcp.c **** {
1625:Middlewares/Third_Party/LwIP/src/core/tcp.c ****   if (seg != NULL) {
1626:Middlewares/Third_Party/LwIP/src/core/tcp.c ****     if (seg->p != NULL) {
1627:Middlewares/Third_Party/LwIP/src/core/tcp.c ****       pbuf_free(seg->p);
1628:Middlewares/Third_Party/LwIP/src/core/tcp.c **** #if TCP_DEBUG
1629:Middlewares/Third_Party/LwIP/src/core/tcp.c ****       seg->p = NULL;
1630:Middlewares/Third_Party/LwIP/src/core/tcp.c **** #endif /* TCP_DEBUG */
1631:Middlewares/Third_Party/LwIP/src/core/tcp.c ****     }
1632:Middlewares/Third_Party/LwIP/src/core/tcp.c ****     memp_free(MEMP_TCP_SEG, seg);
1633:Middlewares/Third_Party/LwIP/src/core/tcp.c ****   }
1634:Middlewares/Third_Party/LwIP/src/core/tcp.c **** }
1635:Middlewares/Third_Party/LwIP/src/core/tcp.c **** 
1636:Middlewares/Third_Party/LwIP/src/core/tcp.c **** /**
1637:Middlewares/Third_Party/LwIP/src/core/tcp.c ****  * @ingroup tcp
1638:Middlewares/Third_Party/LwIP/src/core/tcp.c ****  * Sets the priority of a connection.
1639:Middlewares/Third_Party/LwIP/src/core/tcp.c ****  *
1640:Middlewares/Third_Party/LwIP/src/core/tcp.c ****  * @param pcb the tcp_pcb to manipulate
1641:Middlewares/Third_Party/LwIP/src/core/tcp.c ****  * @param prio new priority
1642:Middlewares/Third_Party/LwIP/src/core/tcp.c ****  */
1643:Middlewares/Third_Party/LwIP/src/core/tcp.c **** void
1644:Middlewares/Third_Party/LwIP/src/core/tcp.c **** tcp_setprio(struct tcp_pcb *pcb, u8_t prio)
1645:Middlewares/Third_Party/LwIP/src/core/tcp.c **** {
1646:Middlewares/Third_Party/LwIP/src/core/tcp.c ****   LWIP_ASSERT_CORE_LOCKED();
1647:Middlewares/Third_Party/LwIP/src/core/tcp.c **** 
1648:Middlewares/Third_Party/LwIP/src/core/tcp.c ****   LWIP_ERROR("tcp_setprio: invalid pcb", pcb != NULL, return);
1649:Middlewares/Third_Party/LwIP/src/core/tcp.c **** 
1650:Middlewares/Third_Party/LwIP/src/core/tcp.c ****   pcb->prio = prio;
1651:Middlewares/Third_Party/LwIP/src/core/tcp.c **** }
1652:Middlewares/Third_Party/LwIP/src/core/tcp.c **** 
1653:Middlewares/Third_Party/LwIP/src/core/tcp.c **** #if TCP_QUEUE_OOSEQ
1654:Middlewares/Third_Party/LwIP/src/core/tcp.c **** /**
1655:Middlewares/Third_Party/LwIP/src/core/tcp.c ****  * Returns a copy of the given TCP segment.
1656:Middlewares/Third_Party/LwIP/src/core/tcp.c ****  * The pbuf and data are not copied, only the pointers
1657:Middlewares/Third_Party/LwIP/src/core/tcp.c ****  *
1658:Middlewares/Third_Party/LwIP/src/core/tcp.c ****  * @param seg the old tcp_seg
1659:Middlewares/Third_Party/LwIP/src/core/tcp.c ****  * @return a copy of seg
1660:Middlewares/Third_Party/LwIP/src/core/tcp.c ****  */
1661:Middlewares/Third_Party/LwIP/src/core/tcp.c **** struct tcp_seg *
1662:Middlewares/Third_Party/LwIP/src/core/tcp.c **** tcp_seg_copy(struct tcp_seg *seg)
1663:Middlewares/Third_Party/LwIP/src/core/tcp.c **** {
1664:Middlewares/Third_Party/LwIP/src/core/tcp.c ****   struct tcp_seg *cseg;
ARM GAS  /tmp/ccwEre5k.s 			page 42


1665:Middlewares/Third_Party/LwIP/src/core/tcp.c **** 
1666:Middlewares/Third_Party/LwIP/src/core/tcp.c ****   LWIP_ASSERT("tcp_seg_copy: invalid seg", seg != NULL);
1667:Middlewares/Third_Party/LwIP/src/core/tcp.c **** 
1668:Middlewares/Third_Party/LwIP/src/core/tcp.c ****   cseg = (struct tcp_seg *)memp_malloc(MEMP_TCP_SEG);
1669:Middlewares/Third_Party/LwIP/src/core/tcp.c ****   if (cseg == NULL) {
1670:Middlewares/Third_Party/LwIP/src/core/tcp.c ****     return NULL;
1671:Middlewares/Third_Party/LwIP/src/core/tcp.c ****   }
1672:Middlewares/Third_Party/LwIP/src/core/tcp.c ****   SMEMCPY((u8_t *)cseg, (const u8_t *)seg, sizeof(struct tcp_seg));
1673:Middlewares/Third_Party/LwIP/src/core/tcp.c ****   pbuf_ref(cseg->p);
1674:Middlewares/Third_Party/LwIP/src/core/tcp.c ****   return cseg;
1675:Middlewares/Third_Party/LwIP/src/core/tcp.c **** }
1676:Middlewares/Third_Party/LwIP/src/core/tcp.c **** #endif /* TCP_QUEUE_OOSEQ */
1677:Middlewares/Third_Party/LwIP/src/core/tcp.c **** 
1678:Middlewares/Third_Party/LwIP/src/core/tcp.c **** #if LWIP_CALLBACK_API
1679:Middlewares/Third_Party/LwIP/src/core/tcp.c **** /**
1680:Middlewares/Third_Party/LwIP/src/core/tcp.c ****  * Default receive callback that is called if the user didn't register
1681:Middlewares/Third_Party/LwIP/src/core/tcp.c ****  * a recv callback for the pcb.
1682:Middlewares/Third_Party/LwIP/src/core/tcp.c ****  */
1683:Middlewares/Third_Party/LwIP/src/core/tcp.c **** err_t
1684:Middlewares/Third_Party/LwIP/src/core/tcp.c **** tcp_recv_null(void *arg, struct tcp_pcb *pcb, struct pbuf *p, err_t err)
1685:Middlewares/Third_Party/LwIP/src/core/tcp.c **** {
1686:Middlewares/Third_Party/LwIP/src/core/tcp.c ****   LWIP_UNUSED_ARG(arg);
1687:Middlewares/Third_Party/LwIP/src/core/tcp.c **** 
1688:Middlewares/Third_Party/LwIP/src/core/tcp.c ****   LWIP_ERROR("tcp_recv_null: invalid pcb", pcb != NULL, return ERR_ARG);
1689:Middlewares/Third_Party/LwIP/src/core/tcp.c **** 
1690:Middlewares/Third_Party/LwIP/src/core/tcp.c ****   if (p != NULL) {
1691:Middlewares/Third_Party/LwIP/src/core/tcp.c ****     tcp_recved(pcb, p->tot_len);
1692:Middlewares/Third_Party/LwIP/src/core/tcp.c ****     pbuf_free(p);
1693:Middlewares/Third_Party/LwIP/src/core/tcp.c ****   } else if (err == ERR_OK) {
1694:Middlewares/Third_Party/LwIP/src/core/tcp.c ****     return tcp_close(pcb);
1695:Middlewares/Third_Party/LwIP/src/core/tcp.c ****   }
1696:Middlewares/Third_Party/LwIP/src/core/tcp.c ****   return ERR_OK;
1697:Middlewares/Third_Party/LwIP/src/core/tcp.c **** }
1698:Middlewares/Third_Party/LwIP/src/core/tcp.c **** #endif /* LWIP_CALLBACK_API */
1699:Middlewares/Third_Party/LwIP/src/core/tcp.c **** 
1700:Middlewares/Third_Party/LwIP/src/core/tcp.c **** /**
1701:Middlewares/Third_Party/LwIP/src/core/tcp.c ****  * Kills the oldest active connection that has a lower priority than 'prio'.
1702:Middlewares/Third_Party/LwIP/src/core/tcp.c ****  *
1703:Middlewares/Third_Party/LwIP/src/core/tcp.c ****  * @param prio minimum priority
1704:Middlewares/Third_Party/LwIP/src/core/tcp.c ****  */
1705:Middlewares/Third_Party/LwIP/src/core/tcp.c **** static void
1706:Middlewares/Third_Party/LwIP/src/core/tcp.c **** tcp_kill_prio(u8_t prio)
1707:Middlewares/Third_Party/LwIP/src/core/tcp.c **** {
1708:Middlewares/Third_Party/LwIP/src/core/tcp.c ****   struct tcp_pcb *pcb, *inactive;
1709:Middlewares/Third_Party/LwIP/src/core/tcp.c ****   u32_t inactivity;
1710:Middlewares/Third_Party/LwIP/src/core/tcp.c ****   u8_t mprio;
1711:Middlewares/Third_Party/LwIP/src/core/tcp.c **** 
1712:Middlewares/Third_Party/LwIP/src/core/tcp.c ****   mprio = LWIP_MIN(TCP_PRIO_MAX, prio);
1713:Middlewares/Third_Party/LwIP/src/core/tcp.c **** 
1714:Middlewares/Third_Party/LwIP/src/core/tcp.c ****   /* We want to kill connections with a lower prio, so bail out if 
1715:Middlewares/Third_Party/LwIP/src/core/tcp.c ****    * supplied prio is 0 - there can never be a lower prio
1716:Middlewares/Third_Party/LwIP/src/core/tcp.c ****    */
1717:Middlewares/Third_Party/LwIP/src/core/tcp.c ****   if (mprio == 0) {
1718:Middlewares/Third_Party/LwIP/src/core/tcp.c ****     return;
1719:Middlewares/Third_Party/LwIP/src/core/tcp.c ****   }
1720:Middlewares/Third_Party/LwIP/src/core/tcp.c **** 
1721:Middlewares/Third_Party/LwIP/src/core/tcp.c ****   /* We only want kill connections with a lower prio, so decrement prio by one 
ARM GAS  /tmp/ccwEre5k.s 			page 43


1722:Middlewares/Third_Party/LwIP/src/core/tcp.c ****    * and start searching for oldest connection with same or lower priority than mprio.
1723:Middlewares/Third_Party/LwIP/src/core/tcp.c ****    * We want to find the connections with the lowest possible prio, and among
1724:Middlewares/Third_Party/LwIP/src/core/tcp.c ****    * these the one with the longest inactivity time.
1725:Middlewares/Third_Party/LwIP/src/core/tcp.c ****    */
1726:Middlewares/Third_Party/LwIP/src/core/tcp.c ****   mprio--;
1727:Middlewares/Third_Party/LwIP/src/core/tcp.c **** 
1728:Middlewares/Third_Party/LwIP/src/core/tcp.c ****   inactivity = 0;
1729:Middlewares/Third_Party/LwIP/src/core/tcp.c ****   inactive = NULL;
1730:Middlewares/Third_Party/LwIP/src/core/tcp.c ****   for (pcb = tcp_active_pcbs; pcb != NULL; pcb = pcb->next) {
1731:Middlewares/Third_Party/LwIP/src/core/tcp.c ****         /* lower prio is always a kill candidate */
1732:Middlewares/Third_Party/LwIP/src/core/tcp.c ****     if ((pcb->prio < mprio) ||
1733:Middlewares/Third_Party/LwIP/src/core/tcp.c ****         /* longer inactivity is also a kill candidate */
1734:Middlewares/Third_Party/LwIP/src/core/tcp.c ****         ((pcb->prio == mprio) && ((u32_t)(tcp_ticks - pcb->tmr) >= inactivity))) {
1735:Middlewares/Third_Party/LwIP/src/core/tcp.c ****       inactivity = tcp_ticks - pcb->tmr;
1736:Middlewares/Third_Party/LwIP/src/core/tcp.c ****       inactive   = pcb;
1737:Middlewares/Third_Party/LwIP/src/core/tcp.c ****       mprio      = pcb->prio;
1738:Middlewares/Third_Party/LwIP/src/core/tcp.c ****     }
1739:Middlewares/Third_Party/LwIP/src/core/tcp.c ****   }
1740:Middlewares/Third_Party/LwIP/src/core/tcp.c ****   if (inactive != NULL) {
1741:Middlewares/Third_Party/LwIP/src/core/tcp.c ****     LWIP_DEBUGF(TCP_DEBUG, ("tcp_kill_prio: killing oldest PCB %p (%"S32_F")\n",
1742:Middlewares/Third_Party/LwIP/src/core/tcp.c ****                             (void *)inactive, inactivity));
1743:Middlewares/Third_Party/LwIP/src/core/tcp.c ****     tcp_abort(inactive);
1744:Middlewares/Third_Party/LwIP/src/core/tcp.c ****   }
1745:Middlewares/Third_Party/LwIP/src/core/tcp.c **** }
1746:Middlewares/Third_Party/LwIP/src/core/tcp.c **** 
1747:Middlewares/Third_Party/LwIP/src/core/tcp.c **** /**
1748:Middlewares/Third_Party/LwIP/src/core/tcp.c ****  * Kills the oldest connection that is in specific state.
1749:Middlewares/Third_Party/LwIP/src/core/tcp.c ****  * Called from tcp_alloc() for LAST_ACK and CLOSING if no more connections are available.
1750:Middlewares/Third_Party/LwIP/src/core/tcp.c ****  */
1751:Middlewares/Third_Party/LwIP/src/core/tcp.c **** static void
1752:Middlewares/Third_Party/LwIP/src/core/tcp.c **** tcp_kill_state(enum tcp_state state)
1753:Middlewares/Third_Party/LwIP/src/core/tcp.c **** {
1754:Middlewares/Third_Party/LwIP/src/core/tcp.c ****   struct tcp_pcb *pcb, *inactive;
1755:Middlewares/Third_Party/LwIP/src/core/tcp.c ****   u32_t inactivity;
1756:Middlewares/Third_Party/LwIP/src/core/tcp.c **** 
1757:Middlewares/Third_Party/LwIP/src/core/tcp.c ****   LWIP_ASSERT("invalid state", (state == CLOSING) || (state == LAST_ACK));
1758:Middlewares/Third_Party/LwIP/src/core/tcp.c **** 
1759:Middlewares/Third_Party/LwIP/src/core/tcp.c ****   inactivity = 0;
1760:Middlewares/Third_Party/LwIP/src/core/tcp.c ****   inactive = NULL;
1761:Middlewares/Third_Party/LwIP/src/core/tcp.c ****   /* Go through the list of active pcbs and get the oldest pcb that is in state
1762:Middlewares/Third_Party/LwIP/src/core/tcp.c ****      CLOSING/LAST_ACK. */
1763:Middlewares/Third_Party/LwIP/src/core/tcp.c ****   for (pcb = tcp_active_pcbs; pcb != NULL; pcb = pcb->next) {
1764:Middlewares/Third_Party/LwIP/src/core/tcp.c ****     if (pcb->state == state) {
1765:Middlewares/Third_Party/LwIP/src/core/tcp.c ****       if ((u32_t)(tcp_ticks - pcb->tmr) >= inactivity) {
1766:Middlewares/Third_Party/LwIP/src/core/tcp.c ****         inactivity = tcp_ticks - pcb->tmr;
1767:Middlewares/Third_Party/LwIP/src/core/tcp.c ****         inactive = pcb;
1768:Middlewares/Third_Party/LwIP/src/core/tcp.c ****       }
1769:Middlewares/Third_Party/LwIP/src/core/tcp.c ****     }
1770:Middlewares/Third_Party/LwIP/src/core/tcp.c ****   }
1771:Middlewares/Third_Party/LwIP/src/core/tcp.c ****   if (inactive != NULL) {
1772:Middlewares/Third_Party/LwIP/src/core/tcp.c ****     LWIP_DEBUGF(TCP_DEBUG, ("tcp_kill_closing: killing oldest %s PCB %p (%"S32_F")\n",
1773:Middlewares/Third_Party/LwIP/src/core/tcp.c ****                             tcp_state_str[state], (void *)inactive, inactivity));
1774:Middlewares/Third_Party/LwIP/src/core/tcp.c ****     /* Don't send a RST, since no data is lost. */
1775:Middlewares/Third_Party/LwIP/src/core/tcp.c ****     tcp_abandon(inactive, 0);
1776:Middlewares/Third_Party/LwIP/src/core/tcp.c ****   }
1777:Middlewares/Third_Party/LwIP/src/core/tcp.c **** }
1778:Middlewares/Third_Party/LwIP/src/core/tcp.c **** 
ARM GAS  /tmp/ccwEre5k.s 			page 44


1779:Middlewares/Third_Party/LwIP/src/core/tcp.c **** /**
1780:Middlewares/Third_Party/LwIP/src/core/tcp.c ****  * Kills the oldest connection that is in TIME_WAIT state.
1781:Middlewares/Third_Party/LwIP/src/core/tcp.c ****  * Called from tcp_alloc() if no more connections are available.
1782:Middlewares/Third_Party/LwIP/src/core/tcp.c ****  */
1783:Middlewares/Third_Party/LwIP/src/core/tcp.c **** static void
1784:Middlewares/Third_Party/LwIP/src/core/tcp.c **** tcp_kill_timewait(void)
1785:Middlewares/Third_Party/LwIP/src/core/tcp.c **** {
1786:Middlewares/Third_Party/LwIP/src/core/tcp.c ****   struct tcp_pcb *pcb, *inactive;
1787:Middlewares/Third_Party/LwIP/src/core/tcp.c ****   u32_t inactivity;
1788:Middlewares/Third_Party/LwIP/src/core/tcp.c **** 
1789:Middlewares/Third_Party/LwIP/src/core/tcp.c ****   inactivity = 0;
1790:Middlewares/Third_Party/LwIP/src/core/tcp.c ****   inactive = NULL;
1791:Middlewares/Third_Party/LwIP/src/core/tcp.c ****   /* Go through the list of TIME_WAIT pcbs and get the oldest pcb. */
1792:Middlewares/Third_Party/LwIP/src/core/tcp.c ****   for (pcb = tcp_tw_pcbs; pcb != NULL; pcb = pcb->next) {
1793:Middlewares/Third_Party/LwIP/src/core/tcp.c ****     if ((u32_t)(tcp_ticks - pcb->tmr) >= inactivity) {
1794:Middlewares/Third_Party/LwIP/src/core/tcp.c ****       inactivity = tcp_ticks - pcb->tmr;
1795:Middlewares/Third_Party/LwIP/src/core/tcp.c ****       inactive = pcb;
1796:Middlewares/Third_Party/LwIP/src/core/tcp.c ****     }
1797:Middlewares/Third_Party/LwIP/src/core/tcp.c ****   }
1798:Middlewares/Third_Party/LwIP/src/core/tcp.c ****   if (inactive != NULL) {
1799:Middlewares/Third_Party/LwIP/src/core/tcp.c ****     LWIP_DEBUGF(TCP_DEBUG, ("tcp_kill_timewait: killing oldest TIME-WAIT PCB %p (%"S32_F")\n",
1800:Middlewares/Third_Party/LwIP/src/core/tcp.c ****                             (void *)inactive, inactivity));
1801:Middlewares/Third_Party/LwIP/src/core/tcp.c ****     tcp_abort(inactive);
1802:Middlewares/Third_Party/LwIP/src/core/tcp.c ****   }
1803:Middlewares/Third_Party/LwIP/src/core/tcp.c **** }
1804:Middlewares/Third_Party/LwIP/src/core/tcp.c **** 
1805:Middlewares/Third_Party/LwIP/src/core/tcp.c **** /* Called when allocating a pcb fails.
1806:Middlewares/Third_Party/LwIP/src/core/tcp.c ****  * In this case, we want to handle all pcbs that want to close first: if we can
1807:Middlewares/Third_Party/LwIP/src/core/tcp.c ****  * now send the FIN (which failed before), the pcb might be in a state that is
1808:Middlewares/Third_Party/LwIP/src/core/tcp.c ****  * OK for us to now free it.
1809:Middlewares/Third_Party/LwIP/src/core/tcp.c ****  */
1810:Middlewares/Third_Party/LwIP/src/core/tcp.c **** static void
1811:Middlewares/Third_Party/LwIP/src/core/tcp.c **** tcp_handle_closepend(void)
1812:Middlewares/Third_Party/LwIP/src/core/tcp.c **** {
 542              		.loc 1 1812 1 is_stmt 1 view -0
 543              		.cfi_startproc
 544              		@ args = 0, pretend = 0, frame = 0
 545              		@ frame_needed = 0, uses_anonymous_args = 0
1813:Middlewares/Third_Party/LwIP/src/core/tcp.c ****   struct tcp_pcb *pcb = tcp_active_pcbs;
 546              		.loc 1 1813 3 view .LVU137
 547              		.loc 1 1813 19 is_stmt 0 view .LVU138
 548 0000 094B     		ldr	r3, .L65
 549 0002 1868     		ldr	r0, [r3]
 550              	.LVL54:
1814:Middlewares/Third_Party/LwIP/src/core/tcp.c **** 
1815:Middlewares/Third_Party/LwIP/src/core/tcp.c ****   while (pcb != NULL) {
 551              		.loc 1 1815 3 is_stmt 1 view .LVU139
 552              		.loc 1 1815 14 view .LVU140
 553 0004 78B1     		cbz	r0, .L63
1812:Middlewares/Third_Party/LwIP/src/core/tcp.c ****   struct tcp_pcb *pcb = tcp_active_pcbs;
 554              		.loc 1 1812 1 is_stmt 0 view .LVU141
 555 0006 10B5     		push	{r4, lr}
 556              	.LCFI4:
 557              		.cfi_def_cfa_offset 8
 558              		.cfi_offset 4, -8
 559              		.cfi_offset 14, -4
 560 0008 01E0     		b	.L59
ARM GAS  /tmp/ccwEre5k.s 			page 45


 561              	.LVL55:
 562              	.L58:
1812:Middlewares/Third_Party/LwIP/src/core/tcp.c ****   struct tcp_pcb *pcb = tcp_active_pcbs;
 563              		.loc 1 1812 1 view .LVU142
 564 000a 2046     		mov	r0, r4
 565              	.LVL56:
 566              		.loc 1 1815 14 is_stmt 1 view .LVU143
 567 000c 54B1     		cbz	r4, .L64
 568              	.LVL57:
 569              	.L59:
 570              	.LBB2:
1816:Middlewares/Third_Party/LwIP/src/core/tcp.c ****     struct tcp_pcb *next = pcb->next;
 571              		.loc 1 1816 5 view .LVU144
 572              		.loc 1 1816 21 is_stmt 0 view .LVU145
 573 000e C468     		ldr	r4, [r0, #12]
 574              	.LVL58:
1817:Middlewares/Third_Party/LwIP/src/core/tcp.c ****     /* send pending FIN */
1818:Middlewares/Third_Party/LwIP/src/core/tcp.c ****     if (pcb->flags & TF_CLOSEPEND) {
 575              		.loc 1 1818 5 is_stmt 1 view .LVU146
 576              		.loc 1 1818 12 is_stmt 0 view .LVU147
 577 0010 438B     		ldrh	r3, [r0, #26]
 578              		.loc 1 1818 8 view .LVU148
 579 0012 13F0080F 		tst	r3, #8
 580 0016 F8D0     		beq	.L58
1819:Middlewares/Third_Party/LwIP/src/core/tcp.c ****       LWIP_DEBUGF(TCP_DEBUG, ("tcp_handle_closepend: pending FIN\n"));
 581              		.loc 1 1819 70 is_stmt 1 view .LVU149
1820:Middlewares/Third_Party/LwIP/src/core/tcp.c ****       tcp_clear_flags(pcb, TF_CLOSEPEND);
 582              		.loc 1 1820 7 view .LVU150
 583              		.loc 1 1820 7 view .LVU151
 584 0018 23F00803 		bic	r3, r3, #8
 585 001c 4383     		strh	r3, [r0, #26]	@ movhi
 586              		.loc 1 1820 7 view .LVU152
1821:Middlewares/Third_Party/LwIP/src/core/tcp.c ****       tcp_close_shutdown_fin(pcb);
 587              		.loc 1 1821 7 view .LVU153
 588 001e FFF7FEFF 		bl	tcp_close_shutdown_fin
 589              	.LVL59:
 590              		.loc 1 1821 7 is_stmt 0 view .LVU154
 591 0022 F2E7     		b	.L58
 592              	.LVL60:
 593              	.L64:
 594              		.loc 1 1821 7 view .LVU155
 595              	.LBE2:
1822:Middlewares/Third_Party/LwIP/src/core/tcp.c ****     }
1823:Middlewares/Third_Party/LwIP/src/core/tcp.c ****     pcb = next;
1824:Middlewares/Third_Party/LwIP/src/core/tcp.c ****   }
1825:Middlewares/Third_Party/LwIP/src/core/tcp.c **** }
 596              		.loc 1 1825 1 view .LVU156
 597 0024 10BD     		pop	{r4, pc}
 598              	.LVL61:
 599              	.L63:
 600              	.LCFI5:
 601              		.cfi_def_cfa_offset 0
 602              		.cfi_restore 4
 603              		.cfi_restore 14
 604              		.loc 1 1825 1 view .LVU157
 605 0026 7047     		bx	lr
 606              	.L66:
ARM GAS  /tmp/ccwEre5k.s 			page 46


 607              		.align	2
 608              	.L65:
 609 0028 00000000 		.word	tcp_active_pcbs
 610              		.cfi_endproc
 611              	.LFE199:
 613              		.section	.text.tcp_init,"ax",%progbits
 614              		.align	1
 615              		.global	tcp_init
 616              		.syntax unified
 617              		.thumb
 618              		.thumb_func
 620              	tcp_init:
 621              	.LFB166:
 202:Middlewares/Third_Party/LwIP/src/core/tcp.c **** #ifdef LWIP_RAND
 622              		.loc 1 202 1 is_stmt 1 view -0
 623              		.cfi_startproc
 624              		@ args = 0, pretend = 0, frame = 0
 625              		@ frame_needed = 0, uses_anonymous_args = 0
 626 0000 08B5     		push	{r3, lr}
 627              	.LCFI6:
 628              		.cfi_def_cfa_offset 8
 629              		.cfi_offset 3, -8
 630              		.cfi_offset 14, -4
 204:Middlewares/Third_Party/LwIP/src/core/tcp.c **** #endif /* LWIP_RAND */
 631              		.loc 1 204 3 view .LVU159
 204:Middlewares/Third_Party/LwIP/src/core/tcp.c **** #endif /* LWIP_RAND */
 632              		.loc 1 204 14 is_stmt 0 view .LVU160
 633 0002 FFF7FEFF 		bl	rand
 634              	.LVL62:
 635 0006 024B     		ldr	r3, .L69
 636 0008 0343     		orrs	r3, r3, r0
 204:Middlewares/Third_Party/LwIP/src/core/tcp.c **** #endif /* LWIP_RAND */
 637              		.loc 1 204 12 view .LVU161
 638 000a 024A     		ldr	r2, .L69+4
 639 000c 1380     		strh	r3, [r2]	@ movhi
 206:Middlewares/Third_Party/LwIP/src/core/tcp.c **** 
 640              		.loc 1 206 1 view .LVU162
 641 000e 08BD     		pop	{r3, pc}
 642              	.L70:
 643              		.align	2
 644              	.L69:
 645 0010 00C0FFFF 		.word	-16384
 646 0014 00000000 		.word	tcp_port
 647              		.cfi_endproc
 648              	.LFE166:
 650              		.section	.rodata.tcp_free.str1.4,"aMS",%progbits,1
 651              		.align	2
 652              	.LC6:
 653 0000 7463705F 		.ascii	"tcp_free: LISTEN\000"
 653      66726565 
 653      3A204C49 
 653      5354454E 
 653      00
 654              		.section	.text.tcp_free,"ax",%progbits
 655              		.align	1
 656              		.global	tcp_free
 657              		.syntax unified
ARM GAS  /tmp/ccwEre5k.s 			page 47


 658              		.thumb
 659              		.thumb_func
 661              	tcp_free:
 662              	.LVL63:
 663              	.LFB167:
 211:Middlewares/Third_Party/LwIP/src/core/tcp.c ****   LWIP_ASSERT("tcp_free: LISTEN", pcb->state != LISTEN);
 664              		.loc 1 211 1 is_stmt 1 view -0
 665              		.cfi_startproc
 666              		@ args = 0, pretend = 0, frame = 0
 667              		@ frame_needed = 0, uses_anonymous_args = 0
 211:Middlewares/Third_Party/LwIP/src/core/tcp.c ****   LWIP_ASSERT("tcp_free: LISTEN", pcb->state != LISTEN);
 668              		.loc 1 211 1 is_stmt 0 view .LVU164
 669 0000 10B5     		push	{r4, lr}
 670              	.LCFI7:
 671              		.cfi_def_cfa_offset 8
 672              		.cfi_offset 4, -8
 673              		.cfi_offset 14, -4
 674 0002 0446     		mov	r4, r0
 212:Middlewares/Third_Party/LwIP/src/core/tcp.c **** #if LWIP_TCP_PCB_NUM_EXT_ARGS
 675              		.loc 1 212 3 is_stmt 1 view .LVU165
 212:Middlewares/Third_Party/LwIP/src/core/tcp.c **** #if LWIP_TCP_PCB_NUM_EXT_ARGS
 676              		.loc 1 212 3 view .LVU166
 677 0004 037D     		ldrb	r3, [r0, #20]	@ zero_extendqisi2
 678 0006 012B     		cmp	r3, #1
 679 0008 04D0     		beq	.L74
 680              	.LVL64:
 681              	.L72:
 212:Middlewares/Third_Party/LwIP/src/core/tcp.c **** #if LWIP_TCP_PCB_NUM_EXT_ARGS
 682              		.loc 1 212 3 discriminator 3 view .LVU167
 212:Middlewares/Third_Party/LwIP/src/core/tcp.c **** #if LWIP_TCP_PCB_NUM_EXT_ARGS
 683              		.loc 1 212 3 discriminator 3 view .LVU168
 216:Middlewares/Third_Party/LwIP/src/core/tcp.c **** }
 684              		.loc 1 216 3 discriminator 3 view .LVU169
 685 000a 2146     		mov	r1, r4
 686 000c 0120     		movs	r0, #1
 687 000e FFF7FEFF 		bl	memp_free
 688              	.LVL65:
 217:Middlewares/Third_Party/LwIP/src/core/tcp.c **** 
 689              		.loc 1 217 1 is_stmt 0 discriminator 3 view .LVU170
 690 0012 10BD     		pop	{r4, pc}
 691              	.LVL66:
 692              	.L74:
 212:Middlewares/Third_Party/LwIP/src/core/tcp.c **** #if LWIP_TCP_PCB_NUM_EXT_ARGS
 693              		.loc 1 212 3 is_stmt 1 discriminator 1 view .LVU171
 212:Middlewares/Third_Party/LwIP/src/core/tcp.c **** #if LWIP_TCP_PCB_NUM_EXT_ARGS
 694              		.loc 1 212 3 discriminator 1 view .LVU172
 695 0014 034B     		ldr	r3, .L75
 696 0016 D422     		movs	r2, #212
 697 0018 0349     		ldr	r1, .L75+4
 698 001a 0448     		ldr	r0, .L75+8
 699              	.LVL67:
 212:Middlewares/Third_Party/LwIP/src/core/tcp.c **** #if LWIP_TCP_PCB_NUM_EXT_ARGS
 700              		.loc 1 212 3 is_stmt 0 discriminator 1 view .LVU173
 701 001c FFF7FEFF 		bl	printf
 702              	.LVL68:
 703 0020 F3E7     		b	.L72
 704              	.L76:
ARM GAS  /tmp/ccwEre5k.s 			page 48


 705 0022 00BF     		.align	2
 706              	.L75:
 707 0024 00000000 		.word	.LC0
 708 0028 00000000 		.word	.LC6
 709 002c 54000000 		.word	.LC2
 710              		.cfi_endproc
 711              	.LFE167:
 713              		.section	.rodata.tcp_bind.str1.4,"aMS",%progbits,1
 714              		.align	2
 715              	.LC7:
 716 0000 7463705F 		.ascii	"tcp_bind: invalid pcb\000"
 716      62696E64 
 716      3A20696E 
 716      76616C69 
 716      64207063 
 717 0016 0000     		.align	2
 718              	.LC8:
 719 0018 7463705F 		.ascii	"tcp_bind: can only bind in state CLOSED\000"
 719      62696E64 
 719      3A206361 
 719      6E206F6E 
 719      6C792062 
 720              		.section	.text.tcp_bind,"ax",%progbits
 721              		.align	1
 722              		.global	tcp_bind
 723              		.syntax unified
 724              		.thumb
 725              		.thumb_func
 727              	tcp_bind:
 728              	.LVL69:
 729              	.LFB178:
 662:Middlewares/Third_Party/LwIP/src/core/tcp.c ****   int i;
 730              		.loc 1 662 1 is_stmt 1 view -0
 731              		.cfi_startproc
 732              		@ args = 0, pretend = 0, frame = 0
 733              		@ frame_needed = 0, uses_anonymous_args = 0
 662:Middlewares/Third_Party/LwIP/src/core/tcp.c ****   int i;
 734              		.loc 1 662 1 is_stmt 0 view .LVU175
 735 0000 70B5     		push	{r4, r5, r6, lr}
 736              	.LCFI8:
 737              		.cfi_def_cfa_offset 16
 738              		.cfi_offset 4, -16
 739              		.cfi_offset 5, -12
 740              		.cfi_offset 6, -8
 741              		.cfi_offset 14, -4
 742 0002 0646     		mov	r6, r0
 663:Middlewares/Third_Party/LwIP/src/core/tcp.c ****   int max_pcb_list = NUM_TCP_PCB_LISTS;
 743              		.loc 1 663 3 is_stmt 1 view .LVU176
 664:Middlewares/Third_Party/LwIP/src/core/tcp.c ****   struct tcp_pcb *cpcb;
 744              		.loc 1 664 3 view .LVU177
 745              	.LVL70:
 665:Middlewares/Third_Party/LwIP/src/core/tcp.c **** #if LWIP_IPV6 && LWIP_IPV6_SCOPES
 746              		.loc 1 665 3 view .LVU178
 670:Middlewares/Third_Party/LwIP/src/core/tcp.c **** 
 747              		.loc 1 670 28 view .LVU179
 674:Middlewares/Third_Party/LwIP/src/core/tcp.c ****     ipaddr = IP4_ADDR_ANY;
 748              		.loc 1 674 3 view .LVU180
ARM GAS  /tmp/ccwEre5k.s 			page 49


 674:Middlewares/Third_Party/LwIP/src/core/tcp.c ****     ipaddr = IP4_ADDR_ANY;
 749              		.loc 1 674 6 is_stmt 0 view .LVU181
 750 0004 0D46     		mov	r5, r1
 751 0006 59B1     		cbz	r1, .L97
 752              	.L78:
 753              	.LVL71:
 681:Middlewares/Third_Party/LwIP/src/core/tcp.c **** 
 754              		.loc 1 681 3 is_stmt 1 view .LVU182
 681:Middlewares/Third_Party/LwIP/src/core/tcp.c **** 
 755              		.loc 1 681 3 view .LVU183
 756 0008 66B1     		cbz	r6, .L98
 681:Middlewares/Third_Party/LwIP/src/core/tcp.c **** 
 757              		.loc 1 681 3 discriminator 2 view .LVU184
 683:Middlewares/Third_Party/LwIP/src/core/tcp.c **** 
 758              		.loc 1 683 3 discriminator 2 view .LVU185
 683:Middlewares/Third_Party/LwIP/src/core/tcp.c **** 
 759              		.loc 1 683 3 discriminator 2 view .LVU186
 760 000a 337D     		ldrb	r3, [r6, #20]	@ zero_extendqisi2
 761 000c A3B9     		cbnz	r3, .L99
 683:Middlewares/Third_Party/LwIP/src/core/tcp.c **** 
 762              		.loc 1 683 3 discriminator 2 view .LVU187
 708:Middlewares/Third_Party/LwIP/src/core/tcp.c ****     port = tcp_new_port();
 763              		.loc 1 708 3 discriminator 2 view .LVU188
 708:Middlewares/Third_Party/LwIP/src/core/tcp.c ****     port = tcp_new_port();
 764              		.loc 1 708 6 is_stmt 0 discriminator 2 view .LVU189
 765 000e EAB1     		cbz	r2, .L100
 715:Middlewares/Third_Party/LwIP/src/core/tcp.c ****       for (cpcb = *tcp_pcb_lists[i]; cpcb != NULL; cpcb = cpcb->next) {
 766              		.loc 1 715 12 view .LVU190
 767 0010 0020     		movs	r0, #0
 768              	.LVL72:
 769              	.L82:
 715:Middlewares/Third_Party/LwIP/src/core/tcp.c ****       for (cpcb = *tcp_pcb_lists[i]; cpcb != NULL; cpcb = cpcb->next) {
 770              		.loc 1 715 19 is_stmt 1 discriminator 1 view .LVU191
 771 0012 0328     		cmp	r0, #3
 772 0014 1EDC     		bgt	.L83
 716:Middlewares/Third_Party/LwIP/src/core/tcp.c ****         if (cpcb->local_port == port) {
 773              		.loc 1 716 7 view .LVU192
 716:Middlewares/Third_Party/LwIP/src/core/tcp.c ****         if (cpcb->local_port == port) {
 774              		.loc 1 716 33 is_stmt 0 view .LVU193
 775 0016 244B     		ldr	r3, .L103
 776 0018 53F82030 		ldr	r3, [r3, r0, lsl #2]
 716:Middlewares/Third_Party/LwIP/src/core/tcp.c ****         if (cpcb->local_port == port) {
 777              		.loc 1 716 17 view .LVU194
 778 001c 1B68     		ldr	r3, [r3]
 779              	.LVL73:
 716:Middlewares/Third_Party/LwIP/src/core/tcp.c ****         if (cpcb->local_port == port) {
 780              		.loc 1 716 7 view .LVU195
 781 001e 27E0     		b	.L84
 782              	.LVL74:
 783              	.L97:
 675:Middlewares/Third_Party/LwIP/src/core/tcp.c ****   }
 784              		.loc 1 675 12 view .LVU196
 785 0020 224D     		ldr	r5, .L103+4
 786 0022 F1E7     		b	.L78
 787              	.LVL75:
 788              	.L98:
 681:Middlewares/Third_Party/LwIP/src/core/tcp.c **** 
ARM GAS  /tmp/ccwEre5k.s 			page 50


 789              		.loc 1 681 3 is_stmt 1 discriminator 1 view .LVU197
 681:Middlewares/Third_Party/LwIP/src/core/tcp.c **** 
 790              		.loc 1 681 3 discriminator 1 view .LVU198
 791 0024 224B     		ldr	r3, .L103+8
 792 0026 40F2A922 		movw	r2, #681
 793              	.LVL76:
 681:Middlewares/Third_Party/LwIP/src/core/tcp.c **** 
 794              		.loc 1 681 3 is_stmt 0 discriminator 1 view .LVU199
 795 002a 2249     		ldr	r1, .L103+12
 796 002c 2248     		ldr	r0, .L103+16
 797              	.LVL77:
 681:Middlewares/Third_Party/LwIP/src/core/tcp.c **** 
 798              		.loc 1 681 3 discriminator 1 view .LVU200
 799 002e FFF7FEFF 		bl	printf
 800              	.LVL78:
 681:Middlewares/Third_Party/LwIP/src/core/tcp.c **** 
 801              		.loc 1 681 3 is_stmt 1 discriminator 1 view .LVU201
 681:Middlewares/Third_Party/LwIP/src/core/tcp.c **** 
 802              		.loc 1 681 3 discriminator 1 view .LVU202
 803 0032 6FF00F00 		mvn	r0, #15
 804 0036 19E0     		b	.L80
 805              	.LVL79:
 806              	.L99:
 683:Middlewares/Third_Party/LwIP/src/core/tcp.c **** 
 807              		.loc 1 683 3 discriminator 1 view .LVU203
 683:Middlewares/Third_Party/LwIP/src/core/tcp.c **** 
 808              		.loc 1 683 3 discriminator 1 view .LVU204
 809 0038 1D4B     		ldr	r3, .L103+8
 810 003a 40F2AB22 		movw	r2, #683
 811              	.LVL80:
 683:Middlewares/Third_Party/LwIP/src/core/tcp.c **** 
 812              		.loc 1 683 3 is_stmt 0 discriminator 1 view .LVU205
 813 003e 1F49     		ldr	r1, .L103+20
 814 0040 1D48     		ldr	r0, .L103+16
 815              	.LVL81:
 683:Middlewares/Third_Party/LwIP/src/core/tcp.c **** 
 816              		.loc 1 683 3 discriminator 1 view .LVU206
 817 0042 FFF7FEFF 		bl	printf
 818              	.LVL82:
 683:Middlewares/Third_Party/LwIP/src/core/tcp.c **** 
 819              		.loc 1 683 3 is_stmt 1 discriminator 1 view .LVU207
 683:Middlewares/Third_Party/LwIP/src/core/tcp.c **** 
 820              		.loc 1 683 3 discriminator 1 view .LVU208
 821 0046 6FF00500 		mvn	r0, #5
 822 004a 0FE0     		b	.L80
 823              	.LVL83:
 824              	.L100:
 709:Middlewares/Third_Party/LwIP/src/core/tcp.c ****     if (port == 0) {
 825              		.loc 1 709 5 view .LVU209
 709:Middlewares/Third_Party/LwIP/src/core/tcp.c ****     if (port == 0) {
 826              		.loc 1 709 12 is_stmt 0 view .LVU210
 827 004c FFF7FEFF 		bl	tcp_new_port
 828              	.LVL84:
 710:Middlewares/Third_Party/LwIP/src/core/tcp.c ****       return ERR_BUF;
 829              		.loc 1 710 5 is_stmt 1 view .LVU211
 710:Middlewares/Third_Party/LwIP/src/core/tcp.c ****       return ERR_BUF;
 830              		.loc 1 710 8 is_stmt 0 view .LVU212
ARM GAS  /tmp/ccwEre5k.s 			page 51


 831 0050 0246     		mov	r2, r0
 832 0052 E8B1     		cbz	r0, .L101
 833              	.LVL85:
 834              	.L83:
 739:Middlewares/Third_Party/LwIP/src/core/tcp.c **** #if LWIP_IPV4 && LWIP_IPV6
 835              		.loc 1 739 3 is_stmt 1 view .LVU213
 739:Middlewares/Third_Party/LwIP/src/core/tcp.c **** #if LWIP_IPV4 && LWIP_IPV6
 836              		.loc 1 739 6 is_stmt 0 view .LVU214
 837 0054 15B1     		cbz	r5, .L88
 739:Middlewares/Third_Party/LwIP/src/core/tcp.c **** #if LWIP_IPV4 && LWIP_IPV6
 838              		.loc 1 739 8 discriminator 1 view .LVU215
 839 0056 2B68     		ldr	r3, [r5]
 739:Middlewares/Third_Party/LwIP/src/core/tcp.c **** #if LWIP_IPV4 && LWIP_IPV6
 840              		.loc 1 739 7 discriminator 1 view .LVU216
 841 0058 03B1     		cbz	r3, .L88
 744:Middlewares/Third_Party/LwIP/src/core/tcp.c ****   }
 842              		.loc 1 744 5 is_stmt 1 discriminator 1 view .LVU217
 843 005a 3360     		str	r3, [r6]
 844              	.L88:
 746:Middlewares/Third_Party/LwIP/src/core/tcp.c ****   TCP_REG(&tcp_bound_pcbs, pcb);
 845              		.loc 1 746 3 view .LVU218
 746:Middlewares/Third_Party/LwIP/src/core/tcp.c ****   TCP_REG(&tcp_bound_pcbs, pcb);
 846              		.loc 1 746 19 is_stmt 0 view .LVU219
 847 005c F282     		strh	r2, [r6, #22]	@ movhi
 747:Middlewares/Third_Party/LwIP/src/core/tcp.c ****   LWIP_DEBUGF(TCP_DEBUG, ("tcp_bind: bind to port %"U16_F"\n", port));
 848              		.loc 1 747 3 is_stmt 1 view .LVU220
 747:Middlewares/Third_Party/LwIP/src/core/tcp.c ****   LWIP_DEBUGF(TCP_DEBUG, ("tcp_bind: bind to port %"U16_F"\n", port));
 849              		.loc 1 747 3 view .LVU221
 850 005e 184B     		ldr	r3, .L103+24
 851 0060 1A68     		ldr	r2, [r3]
 852              	.LVL86:
 747:Middlewares/Third_Party/LwIP/src/core/tcp.c ****   LWIP_DEBUGF(TCP_DEBUG, ("tcp_bind: bind to port %"U16_F"\n", port));
 853              		.loc 1 747 3 is_stmt 0 view .LVU222
 854 0062 F260     		str	r2, [r6, #12]
 747:Middlewares/Third_Party/LwIP/src/core/tcp.c ****   LWIP_DEBUGF(TCP_DEBUG, ("tcp_bind: bind to port %"U16_F"\n", port));
 855              		.loc 1 747 3 is_stmt 1 view .LVU223
 856 0064 1E60     		str	r6, [r3]
 747:Middlewares/Third_Party/LwIP/src/core/tcp.c ****   LWIP_DEBUGF(TCP_DEBUG, ("tcp_bind: bind to port %"U16_F"\n", port));
 857              		.loc 1 747 3 view .LVU224
 858 0066 FFF7FEFF 		bl	tcp_timer_needed
 859              	.LVL87:
 747:Middlewares/Third_Party/LwIP/src/core/tcp.c ****   LWIP_DEBUGF(TCP_DEBUG, ("tcp_bind: bind to port %"U16_F"\n", port));
 860              		.loc 1 747 3 view .LVU225
 748:Middlewares/Third_Party/LwIP/src/core/tcp.c ****   return ERR_OK;
 861              		.loc 1 748 70 view .LVU226
 749:Middlewares/Third_Party/LwIP/src/core/tcp.c **** }
 862              		.loc 1 749 3 view .LVU227
 749:Middlewares/Third_Party/LwIP/src/core/tcp.c **** }
 863              		.loc 1 749 10 is_stmt 0 view .LVU228
 864 006a 0020     		movs	r0, #0
 865              	.LVL88:
 866              	.L80:
 750:Middlewares/Third_Party/LwIP/src/core/tcp.c **** 
 867              		.loc 1 750 1 view .LVU229
 868 006c 70BD     		pop	{r4, r5, r6, pc}
 869              	.LVL89:
 870              	.L85:
ARM GAS  /tmp/ccwEre5k.s 			page 52


 716:Middlewares/Third_Party/LwIP/src/core/tcp.c ****         if (cpcb->local_port == port) {
 871              		.loc 1 716 57 is_stmt 1 discriminator 2 view .LVU230
 872 006e DB68     		ldr	r3, [r3, #12]
 873              	.LVL90:
 874              	.L84:
 716:Middlewares/Third_Party/LwIP/src/core/tcp.c ****         if (cpcb->local_port == port) {
 875              		.loc 1 716 43 discriminator 1 view .LVU231
 876 0070 63B1     		cbz	r3, .L102
 717:Middlewares/Third_Party/LwIP/src/core/tcp.c **** #if SO_REUSE
 877              		.loc 1 717 9 view .LVU232
 717:Middlewares/Third_Party/LwIP/src/core/tcp.c **** #if SO_REUSE
 878              		.loc 1 717 17 is_stmt 0 view .LVU233
 879 0072 D98A     		ldrh	r1, [r3, #22]
 717:Middlewares/Third_Party/LwIP/src/core/tcp.c **** #if SO_REUSE
 880              		.loc 1 717 12 view .LVU234
 881 0074 9142     		cmp	r1, r2
 882 0076 FAD1     		bne	.L85
 727:Middlewares/Third_Party/LwIP/src/core/tcp.c ****                 (ip_addr_isany(&cpcb->local_ip) ||
 883              		.loc 1 727 13 is_stmt 1 view .LVU235
 728:Middlewares/Third_Party/LwIP/src/core/tcp.c ****                  ip_addr_isany(ipaddr) ||
 884              		.loc 1 728 18 is_stmt 0 view .LVU236
 885 0078 1968     		ldr	r1, [r3]
 886 007a 61B1     		cbz	r1, .L92
 728:Middlewares/Third_Party/LwIP/src/core/tcp.c ****                  ip_addr_isany(ipaddr) ||
 887              		.loc 1 728 49 discriminator 1 view .LVU237
 888 007c 75B1     		cbz	r5, .L93
 729:Middlewares/Third_Party/LwIP/src/core/tcp.c ****                  ip_addr_cmp(&cpcb->local_ip, ipaddr))) {
 889              		.loc 1 729 18 view .LVU238
 890 007e 2C68     		ldr	r4, [r5]
 891 0080 7CB1     		cbz	r4, .L94
 727:Middlewares/Third_Party/LwIP/src/core/tcp.c ****                 (ip_addr_isany(&cpcb->local_ip) ||
 892              		.loc 1 727 68 view .LVU239
 893 0082 A142     		cmp	r1, r4
 894 0084 F3D1     		bne	.L85
 731:Middlewares/Third_Party/LwIP/src/core/tcp.c ****             }
 895              		.loc 1 731 22 view .LVU240
 896 0086 6FF00700 		mvn	r0, #7
 897              	.LVL91:
 731:Middlewares/Third_Party/LwIP/src/core/tcp.c ****             }
 898              		.loc 1 731 22 view .LVU241
 899 008a EFE7     		b	.L80
 900              	.LVL92:
 901              	.L102:
 715:Middlewares/Third_Party/LwIP/src/core/tcp.c ****       for (cpcb = *tcp_pcb_lists[i]; cpcb != NULL; cpcb = cpcb->next) {
 902              		.loc 1 715 36 is_stmt 1 discriminator 2 view .LVU242
 903 008c 0130     		adds	r0, r0, #1
 904              	.LVL93:
 715:Middlewares/Third_Party/LwIP/src/core/tcp.c ****       for (cpcb = *tcp_pcb_lists[i]; cpcb != NULL; cpcb = cpcb->next) {
 905              		.loc 1 715 36 is_stmt 0 discriminator 2 view .LVU243
 906 008e C0E7     		b	.L82
 907              	.LVL94:
 908              	.L101:
 711:Middlewares/Third_Party/LwIP/src/core/tcp.c ****     }
 909              		.loc 1 711 14 view .LVU244
 910 0090 6FF00100 		mvn	r0, #1
 911              	.LVL95:
 711:Middlewares/Third_Party/LwIP/src/core/tcp.c ****     }
ARM GAS  /tmp/ccwEre5k.s 			page 53


 912              		.loc 1 711 14 view .LVU245
 913 0094 EAE7     		b	.L80
 914              	.LVL96:
 915              	.L92:
 731:Middlewares/Third_Party/LwIP/src/core/tcp.c ****             }
 916              		.loc 1 731 22 view .LVU246
 917 0096 6FF00700 		mvn	r0, #7
 918              	.LVL97:
 731:Middlewares/Third_Party/LwIP/src/core/tcp.c ****             }
 919              		.loc 1 731 22 view .LVU247
 920 009a E7E7     		b	.L80
 921              	.LVL98:
 922              	.L93:
 731:Middlewares/Third_Party/LwIP/src/core/tcp.c ****             }
 923              		.loc 1 731 22 view .LVU248
 924 009c 6FF00700 		mvn	r0, #7
 925              	.LVL99:
 731:Middlewares/Third_Party/LwIP/src/core/tcp.c ****             }
 926              		.loc 1 731 22 view .LVU249
 927 00a0 E4E7     		b	.L80
 928              	.LVL100:
 929              	.L94:
 731:Middlewares/Third_Party/LwIP/src/core/tcp.c ****             }
 930              		.loc 1 731 22 view .LVU250
 931 00a2 6FF00700 		mvn	r0, #7
 932              	.LVL101:
 731:Middlewares/Third_Party/LwIP/src/core/tcp.c ****             }
 933              		.loc 1 731 22 view .LVU251
 934 00a6 E1E7     		b	.L80
 935              	.L104:
 936              		.align	2
 937              	.L103:
 938 00a8 00000000 		.word	tcp_pcb_lists
 939 00ac 00000000 		.word	ip_addr_any
 940 00b0 00000000 		.word	.LC0
 941 00b4 00000000 		.word	.LC7
 942 00b8 54000000 		.word	.LC2
 943 00bc 18000000 		.word	.LC8
 944 00c0 00000000 		.word	tcp_bound_pcbs
 945              		.cfi_endproc
 946              	.LFE178:
 948              		.section	.text.tcp_bind_netif,"ax",%progbits
 949              		.align	1
 950              		.global	tcp_bind_netif
 951              		.syntax unified
 952              		.thumb
 953              		.thumb_func
 955              	tcp_bind_netif:
 956              	.LVL102:
 957              	.LFB179:
 764:Middlewares/Third_Party/LwIP/src/core/tcp.c ****   LWIP_ASSERT_CORE_LOCKED();
 958              		.loc 1 764 1 is_stmt 1 view -0
 959              		.cfi_startproc
 960              		@ args = 0, pretend = 0, frame = 0
 961              		@ frame_needed = 0, uses_anonymous_args = 0
 962              		@ link register save eliminated.
 765:Middlewares/Third_Party/LwIP/src/core/tcp.c ****   if (netif != NULL) {
ARM GAS  /tmp/ccwEre5k.s 			page 54


 963              		.loc 1 765 28 view .LVU253
 766:Middlewares/Third_Party/LwIP/src/core/tcp.c ****     pcb->netif_idx = netif_get_index(netif);
 964              		.loc 1 766 3 view .LVU254
 766:Middlewares/Third_Party/LwIP/src/core/tcp.c ****     pcb->netif_idx = netif_get_index(netif);
 965              		.loc 1 766 6 is_stmt 0 view .LVU255
 966 0000 21B1     		cbz	r1, .L106
 767:Middlewares/Third_Party/LwIP/src/core/tcp.c ****   } else {
 967              		.loc 1 767 5 is_stmt 1 view .LVU256
 767:Middlewares/Third_Party/LwIP/src/core/tcp.c ****   } else {
 968              		.loc 1 767 22 is_stmt 0 view .LVU257
 969 0002 91F83030 		ldrb	r3, [r1, #48]	@ zero_extendqisi2
 970 0006 0133     		adds	r3, r3, #1
 767:Middlewares/Third_Party/LwIP/src/core/tcp.c ****   } else {
 971              		.loc 1 767 20 view .LVU258
 972 0008 0372     		strb	r3, [r0, #8]
 973 000a 7047     		bx	lr
 974              	.L106:
 769:Middlewares/Third_Party/LwIP/src/core/tcp.c ****   }
 975              		.loc 1 769 5 is_stmt 1 view .LVU259
 769:Middlewares/Third_Party/LwIP/src/core/tcp.c ****   }
 976              		.loc 1 769 20 is_stmt 0 view .LVU260
 977 000c 0023     		movs	r3, #0
 978 000e 0372     		strb	r3, [r0, #8]
 771:Middlewares/Third_Party/LwIP/src/core/tcp.c **** 
 979              		.loc 1 771 1 view .LVU261
 980 0010 7047     		bx	lr
 981              		.cfi_endproc
 982              	.LFE179:
 984              		.section	.rodata.tcp_listen_with_backlog_and_err.str1.4,"aMS",%progbits,1
 985              		.align	2
 986              	.LC9:
 987 0000 7463705F 		.ascii	"tcp_listen_with_backlog_and_err: invalid pcb\000"
 987      6C697374 
 987      656E5F77 
 987      6974685F 
 987      6261636B 
 988 002d 000000   		.align	2
 989              	.LC10:
 990 0030 7463705F 		.ascii	"tcp_listen_with_backlog_and_err: pcb already connec"
 990      6C697374 
 990      656E5F77 
 990      6974685F 
 990      6261636B 
 991 0063 74656400 		.ascii	"ted\000"
 992              		.section	.text.tcp_listen_with_backlog_and_err,"ax",%progbits
 993              		.align	1
 994              		.global	tcp_listen_with_backlog_and_err
 995              		.syntax unified
 996              		.thumb
 997              		.thumb_func
 999              	tcp_listen_with_backlog_and_err:
 1000              	.LVL103:
 1001              	.LFB182:
 849:Middlewares/Third_Party/LwIP/src/core/tcp.c ****   struct tcp_pcb_listen *lpcb = NULL;
 1002              		.loc 1 849 1 is_stmt 1 view -0
 1003              		.cfi_startproc
 1004              		@ args = 0, pretend = 0, frame = 0
ARM GAS  /tmp/ccwEre5k.s 			page 55


 1005              		@ frame_needed = 0, uses_anonymous_args = 0
 849:Middlewares/Third_Party/LwIP/src/core/tcp.c ****   struct tcp_pcb_listen *lpcb = NULL;
 1006              		.loc 1 849 1 is_stmt 0 view .LVU263
 1007 0000 70B5     		push	{r4, r5, r6, lr}
 1008              	.LCFI9:
 1009              		.cfi_def_cfa_offset 16
 1010              		.cfi_offset 4, -16
 1011              		.cfi_offset 5, -12
 1012              		.cfi_offset 6, -8
 1013              		.cfi_offset 14, -4
 1014 0002 1646     		mov	r6, r2
 850:Middlewares/Third_Party/LwIP/src/core/tcp.c ****   err_t res;
 1015              		.loc 1 850 3 is_stmt 1 view .LVU264
 1016              	.LVL104:
 851:Middlewares/Third_Party/LwIP/src/core/tcp.c **** 
 1017              		.loc 1 851 3 view .LVU265
 853:Middlewares/Third_Party/LwIP/src/core/tcp.c **** 
 1018              		.loc 1 853 3 view .LVU266
 855:Middlewares/Third_Party/LwIP/src/core/tcp.c **** 
 1019              		.loc 1 855 28 view .LVU267
 857:Middlewares/Third_Party/LwIP/src/core/tcp.c ****   LWIP_ERROR("tcp_listen_with_backlog_and_err: pcb already connected", pcb->state == CLOSED, res = 
 1020              		.loc 1 857 3 view .LVU268
 857:Middlewares/Third_Party/LwIP/src/core/tcp.c ****   LWIP_ERROR("tcp_listen_with_backlog_and_err: pcb already connected", pcb->state == CLOSED, res = 
 1021              		.loc 1 857 3 view .LVU269
 1022 0004 0446     		mov	r4, r0
 1023 0006 40B3     		cbz	r0, .L121
 857:Middlewares/Third_Party/LwIP/src/core/tcp.c ****   LWIP_ERROR("tcp_listen_with_backlog_and_err: pcb already connected", pcb->state == CLOSED, res = 
 1024              		.loc 1 857 3 discriminator 2 view .LVU270
 858:Middlewares/Third_Party/LwIP/src/core/tcp.c **** 
 1025              		.loc 1 858 3 discriminator 2 view .LVU271
 858:Middlewares/Third_Party/LwIP/src/core/tcp.c **** 
 1026              		.loc 1 858 3 discriminator 2 view .LVU272
 1027 0008 037D     		ldrb	r3, [r0, #20]	@ zero_extendqisi2
 1028 000a 002B     		cmp	r3, #0
 1029 000c 30D1     		bne	.L122
 858:Middlewares/Third_Party/LwIP/src/core/tcp.c **** 
 1030              		.loc 1 858 3 discriminator 2 view .LVU273
 861:Middlewares/Third_Party/LwIP/src/core/tcp.c ****     lpcb = (struct tcp_pcb_listen *)pcb;
 1031              		.loc 1 861 3 discriminator 2 view .LVU274
 861:Middlewares/Third_Party/LwIP/src/core/tcp.c ****     lpcb = (struct tcp_pcb_listen *)pcb;
 1032              		.loc 1 861 6 is_stmt 0 discriminator 2 view .LVU275
 1033 000e 012B     		cmp	r3, #1
 1034 0010 51D0     		beq	.L117
 882:Middlewares/Third_Party/LwIP/src/core/tcp.c ****   if (lpcb == NULL) {
 1035              		.loc 1 882 3 is_stmt 1 view .LVU276
 882:Middlewares/Third_Party/LwIP/src/core/tcp.c ****   if (lpcb == NULL) {
 1036              		.loc 1 882 35 is_stmt 0 view .LVU277
 1037 0012 0220     		movs	r0, #2
 1038              	.LVL105:
 882:Middlewares/Third_Party/LwIP/src/core/tcp.c ****   if (lpcb == NULL) {
 1039              		.loc 1 882 35 view .LVU278
 1040 0014 FFF7FEFF 		bl	memp_malloc
 1041              	.LVL106:
 883:Middlewares/Third_Party/LwIP/src/core/tcp.c ****     res = ERR_MEM;
 1042              		.loc 1 883 3 is_stmt 1 view .LVU279
 883:Middlewares/Third_Party/LwIP/src/core/tcp.c ****     res = ERR_MEM;
 1043              		.loc 1 883 6 is_stmt 0 view .LVU280
ARM GAS  /tmp/ccwEre5k.s 			page 56


 1044 0018 0546     		mov	r5, r0
 1045 001a 0028     		cmp	r0, #0
 1046 001c 4FD0     		beq	.L118
 887:Middlewares/Third_Party/LwIP/src/core/tcp.c ****   lpcb->local_port = pcb->local_port;
 1047              		.loc 1 887 3 is_stmt 1 view .LVU281
 887:Middlewares/Third_Party/LwIP/src/core/tcp.c ****   lpcb->local_port = pcb->local_port;
 1048              		.loc 1 887 27 is_stmt 0 view .LVU282
 1049 001e 2369     		ldr	r3, [r4, #16]
 887:Middlewares/Third_Party/LwIP/src/core/tcp.c ****   lpcb->local_port = pcb->local_port;
 1050              		.loc 1 887 22 view .LVU283
 1051 0020 0361     		str	r3, [r0, #16]
 888:Middlewares/Third_Party/LwIP/src/core/tcp.c ****   lpcb->state = LISTEN;
 1052              		.loc 1 888 3 is_stmt 1 view .LVU284
 888:Middlewares/Third_Party/LwIP/src/core/tcp.c ****   lpcb->state = LISTEN;
 1053              		.loc 1 888 25 is_stmt 0 view .LVU285
 1054 0022 E38A     		ldrh	r3, [r4, #22]
 888:Middlewares/Third_Party/LwIP/src/core/tcp.c ****   lpcb->state = LISTEN;
 1055              		.loc 1 888 20 view .LVU286
 1056 0024 C382     		strh	r3, [r0, #22]	@ movhi
 889:Middlewares/Third_Party/LwIP/src/core/tcp.c ****   lpcb->prio = pcb->prio;
 1057              		.loc 1 889 3 is_stmt 1 view .LVU287
 889:Middlewares/Third_Party/LwIP/src/core/tcp.c ****   lpcb->prio = pcb->prio;
 1058              		.loc 1 889 15 is_stmt 0 view .LVU288
 1059 0026 0123     		movs	r3, #1
 1060 0028 0375     		strb	r3, [r0, #20]
 890:Middlewares/Third_Party/LwIP/src/core/tcp.c ****   lpcb->so_options = pcb->so_options;
 1061              		.loc 1 890 3 is_stmt 1 view .LVU289
 890:Middlewares/Third_Party/LwIP/src/core/tcp.c ****   lpcb->so_options = pcb->so_options;
 1062              		.loc 1 890 19 is_stmt 0 view .LVU290
 1063 002a 637D     		ldrb	r3, [r4, #21]	@ zero_extendqisi2
 890:Middlewares/Third_Party/LwIP/src/core/tcp.c ****   lpcb->so_options = pcb->so_options;
 1064              		.loc 1 890 14 view .LVU291
 1065 002c 4375     		strb	r3, [r0, #21]
 891:Middlewares/Third_Party/LwIP/src/core/tcp.c ****   lpcb->netif_idx = NETIF_NO_INDEX;
 1066              		.loc 1 891 3 is_stmt 1 view .LVU292
 891:Middlewares/Third_Party/LwIP/src/core/tcp.c ****   lpcb->netif_idx = NETIF_NO_INDEX;
 1067              		.loc 1 891 25 is_stmt 0 view .LVU293
 1068 002e 637A     		ldrb	r3, [r4, #9]	@ zero_extendqisi2
 891:Middlewares/Third_Party/LwIP/src/core/tcp.c ****   lpcb->netif_idx = NETIF_NO_INDEX;
 1069              		.loc 1 891 20 view .LVU294
 1070 0030 4372     		strb	r3, [r0, #9]
 892:Middlewares/Third_Party/LwIP/src/core/tcp.c ****   lpcb->ttl = pcb->ttl;
 1071              		.loc 1 892 3 is_stmt 1 view .LVU295
 892:Middlewares/Third_Party/LwIP/src/core/tcp.c ****   lpcb->ttl = pcb->ttl;
 1072              		.loc 1 892 19 is_stmt 0 view .LVU296
 1073 0032 0023     		movs	r3, #0
 1074 0034 0372     		strb	r3, [r0, #8]
 893:Middlewares/Third_Party/LwIP/src/core/tcp.c ****   lpcb->tos = pcb->tos;
 1075              		.loc 1 893 3 is_stmt 1 view .LVU297
 893:Middlewares/Third_Party/LwIP/src/core/tcp.c ****   lpcb->tos = pcb->tos;
 1076              		.loc 1 893 18 is_stmt 0 view .LVU298
 1077 0036 E37A     		ldrb	r3, [r4, #11]	@ zero_extendqisi2
 893:Middlewares/Third_Party/LwIP/src/core/tcp.c ****   lpcb->tos = pcb->tos;
 1078              		.loc 1 893 13 view .LVU299
 1079 0038 C372     		strb	r3, [r0, #11]
 894:Middlewares/Third_Party/LwIP/src/core/tcp.c **** #if LWIP_IPV4 && LWIP_IPV6
 1080              		.loc 1 894 3 is_stmt 1 view .LVU300
ARM GAS  /tmp/ccwEre5k.s 			page 57


 894:Middlewares/Third_Party/LwIP/src/core/tcp.c **** #if LWIP_IPV4 && LWIP_IPV6
 1081              		.loc 1 894 18 is_stmt 0 view .LVU301
 1082 003a A37A     		ldrb	r3, [r4, #10]	@ zero_extendqisi2
 894:Middlewares/Third_Party/LwIP/src/core/tcp.c **** #if LWIP_IPV4 && LWIP_IPV6
 1083              		.loc 1 894 13 view .LVU302
 1084 003c 8372     		strb	r3, [r0, #10]
 898:Middlewares/Third_Party/LwIP/src/core/tcp.c ****   if (pcb->local_port != 0) {
 1085              		.loc 1 898 3 is_stmt 1 view .LVU303
 1086 003e 2368     		ldr	r3, [r4]
 1087 0040 0360     		str	r3, [r0]
 899:Middlewares/Third_Party/LwIP/src/core/tcp.c ****     TCP_RMV(&tcp_bound_pcbs, pcb);
 1088              		.loc 1 899 3 view .LVU304
 899:Middlewares/Third_Party/LwIP/src/core/tcp.c ****     TCP_RMV(&tcp_bound_pcbs, pcb);
 1089              		.loc 1 899 10 is_stmt 0 view .LVU305
 1090 0042 E38A     		ldrh	r3, [r4, #22]
 899:Middlewares/Third_Party/LwIP/src/core/tcp.c ****     TCP_RMV(&tcp_bound_pcbs, pcb);
 1091              		.loc 1 899 6 view .LVU306
 1092 0044 3BB3     		cbz	r3, .L112
 900:Middlewares/Third_Party/LwIP/src/core/tcp.c ****   }
 1093              		.loc 1 900 5 is_stmt 1 view .LVU307
 900:Middlewares/Third_Party/LwIP/src/core/tcp.c ****   }
 1094              		.loc 1 900 5 view .LVU308
 1095 0046 1F4B     		ldr	r3, .L125
 1096 0048 1B68     		ldr	r3, [r3]
 1097 004a A342     		cmp	r3, r4
 1098 004c 1BD0     		beq	.L123
 1099              	.L113:
 1100              	.LVL107:
 1101              	.LBB3:
 900:Middlewares/Third_Party/LwIP/src/core/tcp.c ****   }
 1102              		.loc 1 900 5 discriminator 8 view .LVU309
 1103 004e 03B3     		cbz	r3, .L114
 900:Middlewares/Third_Party/LwIP/src/core/tcp.c ****   }
 1104              		.loc 1 900 5 discriminator 9 view .LVU310
 1105 0050 DA68     		ldr	r2, [r3, #12]
 1106 0052 A242     		cmp	r2, r4
 1107 0054 1BD0     		beq	.L124
 900:Middlewares/Third_Party/LwIP/src/core/tcp.c ****   }
 1108              		.loc 1 900 5 is_stmt 0 view .LVU311
 1109 0056 1346     		mov	r3, r2
 1110              	.LVL108:
 900:Middlewares/Third_Party/LwIP/src/core/tcp.c ****   }
 1111              		.loc 1 900 5 view .LVU312
 1112 0058 F9E7     		b	.L113
 1113              	.LVL109:
 1114              	.L121:
 900:Middlewares/Third_Party/LwIP/src/core/tcp.c ****   }
 1115              		.loc 1 900 5 view .LVU313
 1116              	.LBE3:
 857:Middlewares/Third_Party/LwIP/src/core/tcp.c ****   LWIP_ERROR("tcp_listen_with_backlog_and_err: pcb already connected", pcb->state == CLOSED, res = 
 1117              		.loc 1 857 3 is_stmt 1 discriminator 1 view .LVU314
 857:Middlewares/Third_Party/LwIP/src/core/tcp.c ****   LWIP_ERROR("tcp_listen_with_backlog_and_err: pcb already connected", pcb->state == CLOSED, res = 
 1118              		.loc 1 857 3 discriminator 1 view .LVU315
 1119 005a 1B4B     		ldr	r3, .L125+4
 1120 005c 40F25932 		movw	r2, #857
 1121              	.LVL110:
 857:Middlewares/Third_Party/LwIP/src/core/tcp.c ****   LWIP_ERROR("tcp_listen_with_backlog_and_err: pcb already connected", pcb->state == CLOSED, res = 
ARM GAS  /tmp/ccwEre5k.s 			page 58


 1122              		.loc 1 857 3 is_stmt 0 discriminator 1 view .LVU316
 1123 0060 1A49     		ldr	r1, .L125+8
 1124              	.LVL111:
 857:Middlewares/Third_Party/LwIP/src/core/tcp.c ****   LWIP_ERROR("tcp_listen_with_backlog_and_err: pcb already connected", pcb->state == CLOSED, res = 
 1125              		.loc 1 857 3 discriminator 1 view .LVU317
 1126 0062 1B48     		ldr	r0, .L125+12
 1127              	.LVL112:
 857:Middlewares/Third_Party/LwIP/src/core/tcp.c ****   LWIP_ERROR("tcp_listen_with_backlog_and_err: pcb already connected", pcb->state == CLOSED, res = 
 1128              		.loc 1 857 3 discriminator 1 view .LVU318
 1129 0064 FFF7FEFF 		bl	printf
 1130              	.LVL113:
 857:Middlewares/Third_Party/LwIP/src/core/tcp.c ****   LWIP_ERROR("tcp_listen_with_backlog_and_err: pcb already connected", pcb->state == CLOSED, res = 
 1131              		.loc 1 857 3 is_stmt 1 discriminator 1 view .LVU319
 857:Middlewares/Third_Party/LwIP/src/core/tcp.c ****   LWIP_ERROR("tcp_listen_with_backlog_and_err: pcb already connected", pcb->state == CLOSED, res = 
 1132              		.loc 1 857 3 discriminator 1 view .LVU320
 857:Middlewares/Third_Party/LwIP/src/core/tcp.c ****   LWIP_ERROR("tcp_listen_with_backlog_and_err: pcb already connected", pcb->state == CLOSED, res = 
 1133              		.loc 1 857 3 discriminator 1 view .LVU321
 850:Middlewares/Third_Party/LwIP/src/core/tcp.c ****   err_t res;
 1134              		.loc 1 850 26 is_stmt 0 discriminator 1 view .LVU322
 1135 0068 2546     		mov	r5, r4
 857:Middlewares/Third_Party/LwIP/src/core/tcp.c ****   LWIP_ERROR("tcp_listen_with_backlog_and_err: pcb already connected", pcb->state == CLOSED, res = 
 1136              		.loc 1 857 3 discriminator 1 view .LVU323
 1137 006a 6FF00F03 		mvn	r3, #15
 1138 006e 1EE0     		b	.L110
 1139              	.LVL114:
 1140              	.L122:
 858:Middlewares/Third_Party/LwIP/src/core/tcp.c **** 
 1141              		.loc 1 858 3 is_stmt 1 discriminator 1 view .LVU324
 858:Middlewares/Third_Party/LwIP/src/core/tcp.c **** 
 1142              		.loc 1 858 3 discriminator 1 view .LVU325
 1143 0070 154B     		ldr	r3, .L125+4
 1144 0072 40F25A32 		movw	r2, #858
 1145              	.LVL115:
 858:Middlewares/Third_Party/LwIP/src/core/tcp.c **** 
 1146              		.loc 1 858 3 is_stmt 0 discriminator 1 view .LVU326
 1147 0076 1749     		ldr	r1, .L125+16
 1148              	.LVL116:
 858:Middlewares/Third_Party/LwIP/src/core/tcp.c **** 
 1149              		.loc 1 858 3 discriminator 1 view .LVU327
 1150 0078 1548     		ldr	r0, .L125+12
 1151              	.LVL117:
 858:Middlewares/Third_Party/LwIP/src/core/tcp.c **** 
 1152              		.loc 1 858 3 discriminator 1 view .LVU328
 1153 007a FFF7FEFF 		bl	printf
 1154              	.LVL118:
 858:Middlewares/Third_Party/LwIP/src/core/tcp.c **** 
 1155              		.loc 1 858 3 is_stmt 1 discriminator 1 view .LVU329
 858:Middlewares/Third_Party/LwIP/src/core/tcp.c **** 
 1156              		.loc 1 858 3 discriminator 1 view .LVU330
 858:Middlewares/Third_Party/LwIP/src/core/tcp.c **** 
 1157              		.loc 1 858 3 discriminator 1 view .LVU331
 1158 007e 6FF00E03 		mvn	r3, #14
 850:Middlewares/Third_Party/LwIP/src/core/tcp.c ****   err_t res;
 1159              		.loc 1 850 26 is_stmt 0 discriminator 1 view .LVU332
 1160 0082 0025     		movs	r5, #0
 858:Middlewares/Third_Party/LwIP/src/core/tcp.c **** 
 1161              		.loc 1 858 3 discriminator 1 view .LVU333
ARM GAS  /tmp/ccwEre5k.s 			page 59


 1162 0084 13E0     		b	.L110
 1163              	.LVL119:
 1164              	.L123:
 900:Middlewares/Third_Party/LwIP/src/core/tcp.c ****   }
 1165              		.loc 1 900 5 is_stmt 1 discriminator 1 view .LVU334
 1166 0086 DA68     		ldr	r2, [r3, #12]
 1167 0088 0E4B     		ldr	r3, .L125
 1168 008a 1A60     		str	r2, [r3]
 1169 008c 01E0     		b	.L114
 1170              	.LVL120:
 1171              	.L124:
 1172              	.LBB4:
 900:Middlewares/Third_Party/LwIP/src/core/tcp.c ****   }
 1173              		.loc 1 900 5 discriminator 5 view .LVU335
 1174 008e E268     		ldr	r2, [r4, #12]
 1175 0090 DA60     		str	r2, [r3, #12]
 900:Middlewares/Third_Party/LwIP/src/core/tcp.c ****   }
 1176              		.loc 1 900 5 discriminator 5 view .LVU336
 1177              	.LVL121:
 1178              	.L114:
 900:Middlewares/Third_Party/LwIP/src/core/tcp.c ****   }
 1179              		.loc 1 900 5 is_stmt 0 discriminator 5 view .LVU337
 1180              	.LBE4:
 900:Middlewares/Third_Party/LwIP/src/core/tcp.c ****   }
 1181              		.loc 1 900 5 is_stmt 1 discriminator 10 view .LVU338
 1182 0092 0023     		movs	r3, #0
 1183 0094 E360     		str	r3, [r4, #12]
 1184              	.L112:
 900:Middlewares/Third_Party/LwIP/src/core/tcp.c ****   }
 1185              		.loc 1 900 5 discriminator 11 view .LVU339
 906:Middlewares/Third_Party/LwIP/src/core/tcp.c **** #if LWIP_CALLBACK_API
 1186              		.loc 1 906 3 discriminator 11 view .LVU340
 1187 0096 2046     		mov	r0, r4
 1188              	.LVL122:
 906:Middlewares/Third_Party/LwIP/src/core/tcp.c **** #if LWIP_CALLBACK_API
 1189              		.loc 1 906 3 is_stmt 0 discriminator 11 view .LVU341
 1190 0098 FFF7FEFF 		bl	tcp_free
 1191              	.LVL123:
 908:Middlewares/Third_Party/LwIP/src/core/tcp.c **** #endif /* LWIP_CALLBACK_API */
 1192              		.loc 1 908 3 is_stmt 1 discriminator 11 view .LVU342
 908:Middlewares/Third_Party/LwIP/src/core/tcp.c **** #endif /* LWIP_CALLBACK_API */
 1193              		.loc 1 908 16 is_stmt 0 discriminator 11 view .LVU343
 1194 009c 0E4B     		ldr	r3, .L125+20
 1195 009e AB61     		str	r3, [r5, #24]
 914:Middlewares/Third_Party/LwIP/src/core/tcp.c ****   res = ERR_OK;
 1196              		.loc 1 914 3 is_stmt 1 discriminator 11 view .LVU344
 914:Middlewares/Third_Party/LwIP/src/core/tcp.c ****   res = ERR_OK;
 1197              		.loc 1 914 3 discriminator 11 view .LVU345
 1198 00a0 0E4B     		ldr	r3, .L125+24
 1199 00a2 1A68     		ldr	r2, [r3]
 1200 00a4 EA60     		str	r2, [r5, #12]
 914:Middlewares/Third_Party/LwIP/src/core/tcp.c ****   res = ERR_OK;
 1201              		.loc 1 914 3 discriminator 11 view .LVU346
 1202 00a6 1D60     		str	r5, [r3]
 914:Middlewares/Third_Party/LwIP/src/core/tcp.c ****   res = ERR_OK;
 1203              		.loc 1 914 3 discriminator 11 view .LVU347
 1204 00a8 FFF7FEFF 		bl	tcp_timer_needed
ARM GAS  /tmp/ccwEre5k.s 			page 60


 1205              	.LVL124:
 914:Middlewares/Third_Party/LwIP/src/core/tcp.c ****   res = ERR_OK;
 1206              		.loc 1 914 3 discriminator 11 view .LVU348
 915:Middlewares/Third_Party/LwIP/src/core/tcp.c **** done:
 1207              		.loc 1 915 3 discriminator 11 view .LVU349
 915:Middlewares/Third_Party/LwIP/src/core/tcp.c **** done:
 1208              		.loc 1 915 7 is_stmt 0 discriminator 11 view .LVU350
 1209 00ac 0023     		movs	r3, #0
 1210              	.LVL125:
 1211              	.L110:
 917:Middlewares/Third_Party/LwIP/src/core/tcp.c ****     *err = res;
 1212              		.loc 1 917 3 is_stmt 1 view .LVU351
 917:Middlewares/Third_Party/LwIP/src/core/tcp.c ****     *err = res;
 1213              		.loc 1 917 6 is_stmt 0 view .LVU352
 1214 00ae 06B1     		cbz	r6, .L108
 918:Middlewares/Third_Party/LwIP/src/core/tcp.c ****   }
 1215              		.loc 1 918 5 is_stmt 1 view .LVU353
 918:Middlewares/Third_Party/LwIP/src/core/tcp.c ****   }
 1216              		.loc 1 918 10 is_stmt 0 view .LVU354
 1217 00b0 3370     		strb	r3, [r6]
 920:Middlewares/Third_Party/LwIP/src/core/tcp.c **** }
 1218              		.loc 1 920 3 is_stmt 1 view .LVU355
 1219              	.L108:
 921:Middlewares/Third_Party/LwIP/src/core/tcp.c **** 
 1220              		.loc 1 921 1 is_stmt 0 view .LVU356
 1221 00b2 2846     		mov	r0, r5
 1222 00b4 70BD     		pop	{r4, r5, r6, pc}
 1223              	.LVL126:
 1224              	.L117:
 862:Middlewares/Third_Party/LwIP/src/core/tcp.c ****     res = ERR_ALREADY;
 1225              		.loc 1 862 10 view .LVU357
 1226 00b6 0546     		mov	r5, r0
 863:Middlewares/Third_Party/LwIP/src/core/tcp.c ****     goto done;
 1227              		.loc 1 863 9 view .LVU358
 1228 00b8 6FF00803 		mvn	r3, #8
 1229 00bc F7E7     		b	.L110
 1230              	.LVL127:
 1231              	.L118:
 884:Middlewares/Third_Party/LwIP/src/core/tcp.c ****     goto done;
 1232              		.loc 1 884 9 view .LVU359
 1233 00be 4FF0FF33 		mov	r3, #-1
 1234 00c2 F4E7     		b	.L110
 1235              	.L126:
 1236              		.align	2
 1237              	.L125:
 1238 00c4 00000000 		.word	tcp_bound_pcbs
 1239 00c8 00000000 		.word	.LC0
 1240 00cc 00000000 		.word	.LC9
 1241 00d0 54000000 		.word	.LC2
 1242 00d4 30000000 		.word	.LC10
 1243 00d8 00000000 		.word	tcp_accept_null
 1244 00dc 00000000 		.word	tcp_listen_pcbs
 1245              		.cfi_endproc
 1246              	.LFE182:
 1248              		.section	.text.tcp_listen_with_backlog,"ax",%progbits
 1249              		.align	1
 1250              		.global	tcp_listen_with_backlog
ARM GAS  /tmp/ccwEre5k.s 			page 61


 1251              		.syntax unified
 1252              		.thumb
 1253              		.thumb_func
 1255              	tcp_listen_with_backlog:
 1256              	.LVL128:
 1257              	.LFB181:
 826:Middlewares/Third_Party/LwIP/src/core/tcp.c ****   LWIP_ASSERT_CORE_LOCKED();
 1258              		.loc 1 826 1 is_stmt 1 view -0
 1259              		.cfi_startproc
 1260              		@ args = 0, pretend = 0, frame = 0
 1261              		@ frame_needed = 0, uses_anonymous_args = 0
 826:Middlewares/Third_Party/LwIP/src/core/tcp.c ****   LWIP_ASSERT_CORE_LOCKED();
 1262              		.loc 1 826 1 is_stmt 0 view .LVU361
 1263 0000 08B5     		push	{r3, lr}
 1264              	.LCFI10:
 1265              		.cfi_def_cfa_offset 8
 1266              		.cfi_offset 3, -8
 1267              		.cfi_offset 14, -4
 827:Middlewares/Third_Party/LwIP/src/core/tcp.c ****   return tcp_listen_with_backlog_and_err(pcb, backlog, NULL);
 1268              		.loc 1 827 28 is_stmt 1 view .LVU362
 828:Middlewares/Third_Party/LwIP/src/core/tcp.c **** }
 1269              		.loc 1 828 3 view .LVU363
 828:Middlewares/Third_Party/LwIP/src/core/tcp.c **** }
 1270              		.loc 1 828 10 is_stmt 0 view .LVU364
 1271 0002 0022     		movs	r2, #0
 1272 0004 FFF7FEFF 		bl	tcp_listen_with_backlog_and_err
 1273              	.LVL129:
 829:Middlewares/Third_Party/LwIP/src/core/tcp.c **** 
 1274              		.loc 1 829 1 view .LVU365
 1275 0008 08BD     		pop	{r3, pc}
 1276              		.cfi_endproc
 1277              	.LFE181:
 1279              		.section	.rodata.tcp_update_rcv_ann_wnd.str1.4,"aMS",%progbits,1
 1280              		.align	2
 1281              	.LC11:
 1282 0000 7463705F 		.ascii	"tcp_update_rcv_ann_wnd: invalid pcb\000"
 1282      75706461 
 1282      74655F72 
 1282      63765F61 
 1282      6E6E5F77 
 1283              		.align	2
 1284              	.LC12:
 1285 0024 6E65775F 		.ascii	"new_rcv_ann_wnd <= 0xffff\000"
 1285      7263765F 
 1285      616E6E5F 
 1285      776E6420 
 1285      3C3D2030 
 1286              		.section	.text.tcp_update_rcv_ann_wnd,"ax",%progbits
 1287              		.align	1
 1288              		.global	tcp_update_rcv_ann_wnd
 1289              		.syntax unified
 1290              		.thumb
 1291              		.thumb_func
 1293              	tcp_update_rcv_ann_wnd:
 1294              	.LVL130:
 1295              	.LFB183:
 931:Middlewares/Third_Party/LwIP/src/core/tcp.c ****   u32_t new_right_edge;
ARM GAS  /tmp/ccwEre5k.s 			page 62


 1296              		.loc 1 931 1 is_stmt 1 view -0
 1297              		.cfi_startproc
 1298              		@ args = 0, pretend = 0, frame = 0
 1299              		@ frame_needed = 0, uses_anonymous_args = 0
 931:Middlewares/Third_Party/LwIP/src/core/tcp.c ****   u32_t new_right_edge;
 1300              		.loc 1 931 1 is_stmt 0 view .LVU367
 1301 0000 38B5     		push	{r3, r4, r5, lr}
 1302              	.LCFI11:
 1303              		.cfi_def_cfa_offset 16
 1304              		.cfi_offset 3, -16
 1305              		.cfi_offset 4, -12
 1306              		.cfi_offset 5, -8
 1307              		.cfi_offset 14, -4
 932:Middlewares/Third_Party/LwIP/src/core/tcp.c **** 
 1308              		.loc 1 932 3 is_stmt 1 view .LVU368
 934:Middlewares/Third_Party/LwIP/src/core/tcp.c ****   new_right_edge = pcb->rcv_nxt + pcb->rcv_wnd;
 1309              		.loc 1 934 3 view .LVU369
 934:Middlewares/Third_Party/LwIP/src/core/tcp.c ****   new_right_edge = pcb->rcv_nxt + pcb->rcv_wnd;
 1310              		.loc 1 934 3 view .LVU370
 1311 0002 0446     		mov	r4, r0
 1312 0004 90B1     		cbz	r0, .L137
 1313              	.LVL131:
 1314              	.L130:
 934:Middlewares/Third_Party/LwIP/src/core/tcp.c ****   new_right_edge = pcb->rcv_nxt + pcb->rcv_wnd;
 1315              		.loc 1 934 3 discriminator 3 view .LVU371
 934:Middlewares/Third_Party/LwIP/src/core/tcp.c ****   new_right_edge = pcb->rcv_nxt + pcb->rcv_wnd;
 1316              		.loc 1 934 3 discriminator 3 view .LVU372
 935:Middlewares/Third_Party/LwIP/src/core/tcp.c **** 
 1317              		.loc 1 935 3 discriminator 3 view .LVU373
 935:Middlewares/Third_Party/LwIP/src/core/tcp.c **** 
 1318              		.loc 1 935 23 is_stmt 0 discriminator 3 view .LVU374
 1319 0006 656A     		ldr	r5, [r4, #36]
 935:Middlewares/Third_Party/LwIP/src/core/tcp.c **** 
 1320              		.loc 1 935 38 discriminator 3 view .LVU375
 1321 0008 218D     		ldrh	r1, [r4, #40]
 935:Middlewares/Third_Party/LwIP/src/core/tcp.c **** 
 1322              		.loc 1 935 18 discriminator 3 view .LVU376
 1323 000a 6818     		adds	r0, r5, r1
 1324              	.LVL132:
 937:Middlewares/Third_Party/LwIP/src/core/tcp.c ****     /* we can advertise more window */
 1325              		.loc 1 937 3 is_stmt 1 discriminator 3 view .LVU377
 937:Middlewares/Third_Party/LwIP/src/core/tcp.c ****     /* we can advertise more window */
 1326              		.loc 1 937 7 is_stmt 0 discriminator 3 view .LVU378
 1327 000c E26A     		ldr	r2, [r4, #44]
 1328 000e B4F832C0 		ldrh	ip, [r4, #50]
 1329 0012 BCF5866F 		cmp	ip, #1072
 1330 0016 94BF     		ite	ls
 1331 0018 02EB0C03 		addls	r3, r2, ip
 1332 001c 02F58663 		addhi	r3, r2, #1072
 1333 0020 C31A     		subs	r3, r0, r3
 937:Middlewares/Third_Party/LwIP/src/core/tcp.c ****     /* we can advertise more window */
 1334              		.loc 1 937 6 discriminator 3 view .LVU379
 1335 0022 002B     		cmp	r3, #0
 1336 0024 0ADB     		blt	.L131
 939:Middlewares/Third_Party/LwIP/src/core/tcp.c ****     return new_right_edge - pcb->rcv_ann_right_edge;
 1337              		.loc 1 939 5 is_stmt 1 view .LVU380
 939:Middlewares/Third_Party/LwIP/src/core/tcp.c ****     return new_right_edge - pcb->rcv_ann_right_edge;
ARM GAS  /tmp/ccwEre5k.s 			page 63


 1338              		.loc 1 939 22 is_stmt 0 view .LVU381
 1339 0026 6185     		strh	r1, [r4, #42]	@ movhi
 940:Middlewares/Third_Party/LwIP/src/core/tcp.c ****   } else {
 1340              		.loc 1 940 5 is_stmt 1 view .LVU382
 940:Middlewares/Third_Party/LwIP/src/core/tcp.c ****   } else {
 1341              		.loc 1 940 27 is_stmt 0 view .LVU383
 1342 0028 801A     		subs	r0, r0, r2
 1343              	.LVL133:
 1344              	.L129:
 956:Middlewares/Third_Party/LwIP/src/core/tcp.c **** 
 1345              		.loc 1 956 1 view .LVU384
 1346 002a 38BD     		pop	{r3, r4, r5, pc}
 1347              	.LVL134:
 1348              	.L137:
 934:Middlewares/Third_Party/LwIP/src/core/tcp.c ****   new_right_edge = pcb->rcv_nxt + pcb->rcv_wnd;
 1349              		.loc 1 934 3 is_stmt 1 discriminator 1 view .LVU385
 934:Middlewares/Third_Party/LwIP/src/core/tcp.c ****   new_right_edge = pcb->rcv_nxt + pcb->rcv_wnd;
 1350              		.loc 1 934 3 discriminator 1 view .LVU386
 1351 002c 0E4B     		ldr	r3, .L139
 1352 002e 40F2A632 		movw	r2, #934
 1353 0032 0E49     		ldr	r1, .L139+4
 1354 0034 0E48     		ldr	r0, .L139+8
 1355              	.LVL135:
 934:Middlewares/Third_Party/LwIP/src/core/tcp.c ****   new_right_edge = pcb->rcv_nxt + pcb->rcv_wnd;
 1356              		.loc 1 934 3 is_stmt 0 discriminator 1 view .LVU387
 1357 0036 FFF7FEFF 		bl	printf
 1358              	.LVL136:
 1359 003a E4E7     		b	.L130
 1360              	.LVL137:
 1361              	.L131:
 942:Middlewares/Third_Party/LwIP/src/core/tcp.c ****       /* Can happen due to other end sending out of advertised window,
 1362              		.loc 1 942 5 is_stmt 1 view .LVU388
 942:Middlewares/Third_Party/LwIP/src/core/tcp.c ****       /* Can happen due to other end sending out of advertised window,
 1363              		.loc 1 942 9 is_stmt 0 view .LVU389
 1364 003c AB1A     		subs	r3, r5, r2
 942:Middlewares/Third_Party/LwIP/src/core/tcp.c ****       /* Can happen due to other end sending out of advertised window,
 1365              		.loc 1 942 8 view .LVU390
 1366 003e 002B     		cmp	r3, #0
 1367 0040 03DD     		ble	.L133
 945:Middlewares/Third_Party/LwIP/src/core/tcp.c ****     } else {
 1368              		.loc 1 945 7 is_stmt 1 view .LVU391
 945:Middlewares/Third_Party/LwIP/src/core/tcp.c ****     } else {
 1369              		.loc 1 945 24 is_stmt 0 view .LVU392
 1370 0042 0023     		movs	r3, #0
 1371 0044 6385     		strh	r3, [r4, #42]	@ movhi
 1372              	.LVL138:
 1373              	.L134:
 954:Middlewares/Third_Party/LwIP/src/core/tcp.c ****   }
 1374              		.loc 1 954 5 is_stmt 1 view .LVU393
 954:Middlewares/Third_Party/LwIP/src/core/tcp.c ****   }
 1375              		.loc 1 954 12 is_stmt 0 view .LVU394
 1376 0046 0020     		movs	r0, #0
 1377 0048 EFE7     		b	.L129
 1378              	.LVL139:
 1379              	.L133:
 1380              	.LBB5:
 948:Middlewares/Third_Party/LwIP/src/core/tcp.c **** #if !LWIP_WND_SCALE
ARM GAS  /tmp/ccwEre5k.s 			page 64


 1381              		.loc 1 948 7 is_stmt 1 view .LVU395
 948:Middlewares/Third_Party/LwIP/src/core/tcp.c **** #if !LWIP_WND_SCALE
 1382              		.loc 1 948 13 is_stmt 0 view .LVU396
 1383 004a 551B     		subs	r5, r2, r5
 1384              	.LVL140:
 950:Middlewares/Third_Party/LwIP/src/core/tcp.c **** #endif
 1385              		.loc 1 950 7 is_stmt 1 view .LVU397
 950:Middlewares/Third_Party/LwIP/src/core/tcp.c **** #endif
 1386              		.loc 1 950 7 view .LVU398
 1387 004c B5F5803F 		cmp	r5, #65536
 1388 0050 01D2     		bcs	.L138
 1389              	.LVL141:
 1390              	.L135:
 950:Middlewares/Third_Party/LwIP/src/core/tcp.c **** #endif
 1391              		.loc 1 950 7 discriminator 3 view .LVU399
 950:Middlewares/Third_Party/LwIP/src/core/tcp.c **** #endif
 1392              		.loc 1 950 7 discriminator 3 view .LVU400
 952:Middlewares/Third_Party/LwIP/src/core/tcp.c ****     }
 1393              		.loc 1 952 7 discriminator 3 view .LVU401
 952:Middlewares/Third_Party/LwIP/src/core/tcp.c ****     }
 1394              		.loc 1 952 24 is_stmt 0 discriminator 3 view .LVU402
 1395 0052 6585     		strh	r5, [r4, #42]	@ movhi
 1396 0054 F7E7     		b	.L134
 1397              	.LVL142:
 1398              	.L138:
 950:Middlewares/Third_Party/LwIP/src/core/tcp.c **** #endif
 1399              		.loc 1 950 7 is_stmt 1 discriminator 1 view .LVU403
 950:Middlewares/Third_Party/LwIP/src/core/tcp.c **** #endif
 1400              		.loc 1 950 7 discriminator 1 view .LVU404
 1401 0056 044B     		ldr	r3, .L139
 1402 0058 40F2B632 		movw	r2, #950
 1403 005c 0549     		ldr	r1, .L139+12
 1404 005e 0448     		ldr	r0, .L139+8
 1405              	.LVL143:
 950:Middlewares/Third_Party/LwIP/src/core/tcp.c **** #endif
 1406              		.loc 1 950 7 is_stmt 0 discriminator 1 view .LVU405
 1407 0060 FFF7FEFF 		bl	printf
 1408              	.LVL144:
 950:Middlewares/Third_Party/LwIP/src/core/tcp.c **** #endif
 1409              		.loc 1 950 7 discriminator 1 view .LVU406
 1410 0064 F5E7     		b	.L135
 1411              	.L140:
 1412 0066 00BF     		.align	2
 1413              	.L139:
 1414 0068 00000000 		.word	.LC0
 1415 006c 00000000 		.word	.LC11
 1416 0070 54000000 		.word	.LC2
 1417 0074 24000000 		.word	.LC12
 1418              	.LBE5:
 1419              		.cfi_endproc
 1420              	.LFE183:
 1422              		.section	.rodata.tcp_recved.str1.4,"aMS",%progbits,1
 1423              		.align	2
 1424              	.LC13:
 1425 0000 7463705F 		.ascii	"tcp_recved: invalid pcb\000"
 1425      72656376 
 1425      65643A20 
ARM GAS  /tmp/ccwEre5k.s 			page 65


 1425      696E7661 
 1425      6C696420 
 1426              		.align	2
 1427              	.LC14:
 1428 0018 646F6E27 		.ascii	"don't call tcp_recved for listen-pcbs\000"
 1428      74206361 
 1428      6C6C2074 
 1428      63705F72 
 1428      65637665 
 1429              		.section	.text.tcp_recved,"ax",%progbits
 1430              		.align	1
 1431              		.global	tcp_recved
 1432              		.syntax unified
 1433              		.thumb
 1434              		.thumb_func
 1436              	tcp_recved:
 1437              	.LVL145:
 1438              	.LFB184:
 969:Middlewares/Third_Party/LwIP/src/core/tcp.c ****   u32_t wnd_inflation;
 1439              		.loc 1 969 1 is_stmt 1 view -0
 1440              		.cfi_startproc
 1441              		@ args = 0, pretend = 0, frame = 0
 1442              		@ frame_needed = 0, uses_anonymous_args = 0
 969:Middlewares/Third_Party/LwIP/src/core/tcp.c ****   u32_t wnd_inflation;
 1443              		.loc 1 969 1 is_stmt 0 view .LVU408
 1444 0000 38B5     		push	{r3, r4, r5, lr}
 1445              	.LCFI12:
 1446              		.cfi_def_cfa_offset 16
 1447              		.cfi_offset 3, -16
 1448              		.cfi_offset 4, -12
 1449              		.cfi_offset 5, -8
 1450              		.cfi_offset 14, -4
 970:Middlewares/Third_Party/LwIP/src/core/tcp.c ****   tcpwnd_size_t rcv_wnd;
 1451              		.loc 1 970 3 is_stmt 1 view .LVU409
 971:Middlewares/Third_Party/LwIP/src/core/tcp.c **** 
 1452              		.loc 1 971 3 view .LVU410
 973:Middlewares/Third_Party/LwIP/src/core/tcp.c **** 
 1453              		.loc 1 973 28 view .LVU411
 975:Middlewares/Third_Party/LwIP/src/core/tcp.c **** 
 1454              		.loc 1 975 3 view .LVU412
 975:Middlewares/Third_Party/LwIP/src/core/tcp.c **** 
 1455              		.loc 1 975 3 view .LVU413
 1456 0002 B0B1     		cbz	r0, .L149
 1457 0004 0C46     		mov	r4, r1
 1458 0006 0546     		mov	r5, r0
 975:Middlewares/Third_Party/LwIP/src/core/tcp.c **** 
 1459              		.loc 1 975 3 discriminator 2 view .LVU414
 978:Middlewares/Third_Party/LwIP/src/core/tcp.c ****               pcb->state != LISTEN);
 1460              		.loc 1 978 3 discriminator 2 view .LVU415
 978:Middlewares/Third_Party/LwIP/src/core/tcp.c ****               pcb->state != LISTEN);
 1461              		.loc 1 978 3 discriminator 2 view .LVU416
 1462 0008 037D     		ldrb	r3, [r0, #20]	@ zero_extendqisi2
 1463 000a 012B     		cmp	r3, #1
 1464 000c 19D0     		beq	.L150
 1465              	.LVL146:
 1466              	.L144:
 978:Middlewares/Third_Party/LwIP/src/core/tcp.c ****               pcb->state != LISTEN);
ARM GAS  /tmp/ccwEre5k.s 			page 66


 1467              		.loc 1 978 3 discriminator 3 view .LVU417
 978:Middlewares/Third_Party/LwIP/src/core/tcp.c ****               pcb->state != LISTEN);
 1468              		.loc 1 978 3 discriminator 3 view .LVU418
 981:Middlewares/Third_Party/LwIP/src/core/tcp.c ****   if ((rcv_wnd > TCP_WND_MAX(pcb)) || (rcv_wnd < pcb->rcv_wnd)) {
 1469              		.loc 1 981 3 discriminator 3 view .LVU419
 981:Middlewares/Third_Party/LwIP/src/core/tcp.c ****   if ((rcv_wnd > TCP_WND_MAX(pcb)) || (rcv_wnd < pcb->rcv_wnd)) {
 1470              		.loc 1 981 32 is_stmt 0 discriminator 3 view .LVU420
 1471 000e 2B8D     		ldrh	r3, [r5, #40]
 981:Middlewares/Third_Party/LwIP/src/core/tcp.c ****   if ((rcv_wnd > TCP_WND_MAX(pcb)) || (rcv_wnd < pcb->rcv_wnd)) {
 1472              		.loc 1 981 11 discriminator 3 view .LVU421
 1473 0010 1919     		adds	r1, r3, r4
 1474 0012 89B2     		uxth	r1, r1
 1475              	.LVL147:
 982:Middlewares/Third_Party/LwIP/src/core/tcp.c ****     /* window got too big or tcpwnd_size_t overflow */
 1476              		.loc 1 982 3 is_stmt 1 discriminator 3 view .LVU422
 982:Middlewares/Third_Party/LwIP/src/core/tcp.c ****     /* window got too big or tcpwnd_size_t overflow */
 1477              		.loc 1 982 6 is_stmt 0 discriminator 3 view .LVU423
 1478 0014 B1F5066F 		cmp	r1, #2144
 1479 0018 01D8     		bhi	.L145
 982:Middlewares/Third_Party/LwIP/src/core/tcp.c ****     /* window got too big or tcpwnd_size_t overflow */
 1480              		.loc 1 982 36 discriminator 1 view .LVU424
 1481 001a 8B42     		cmp	r3, r1
 1482 001c 19D9     		bls	.L146
 1483              	.L145:
 984:Middlewares/Third_Party/LwIP/src/core/tcp.c ****     pcb->rcv_wnd = TCP_WND_MAX(pcb);
 1484              		.loc 1 984 91 is_stmt 1 view .LVU425
 985:Middlewares/Third_Party/LwIP/src/core/tcp.c ****   } else  {
 1485              		.loc 1 985 5 view .LVU426
 985:Middlewares/Third_Party/LwIP/src/core/tcp.c ****   } else  {
 1486              		.loc 1 985 18 is_stmt 0 view .LVU427
 1487 001e 4FF40663 		mov	r3, #2144
 1488 0022 2B85     		strh	r3, [r5, #40]	@ movhi
 1489              	.L147:
 990:Middlewares/Third_Party/LwIP/src/core/tcp.c **** 
 1490              		.loc 1 990 3 is_stmt 1 view .LVU428
 990:Middlewares/Third_Party/LwIP/src/core/tcp.c **** 
 1491              		.loc 1 990 19 is_stmt 0 view .LVU429
 1492 0024 2846     		mov	r0, r5
 1493 0026 FFF7FEFF 		bl	tcp_update_rcv_ann_wnd
 1494              	.LVL148:
 996:Middlewares/Third_Party/LwIP/src/core/tcp.c ****     tcp_ack_now(pcb);
 1495              		.loc 1 996 3 is_stmt 1 view .LVU430
 996:Middlewares/Third_Party/LwIP/src/core/tcp.c ****     tcp_ack_now(pcb);
 1496              		.loc 1 996 6 is_stmt 0 view .LVU431
 1497 002a B0F5067F 		cmp	r0, #536
 1498 002e 12D2     		bcs	.L151
 1499              	.LVL149:
 1500              	.L141:
1003:Middlewares/Third_Party/LwIP/src/core/tcp.c **** 
 1501              		.loc 1 1003 1 view .LVU432
 1502 0030 38BD     		pop	{r3, r4, r5, pc}
 1503              	.LVL150:
 1504              	.L149:
 975:Middlewares/Third_Party/LwIP/src/core/tcp.c **** 
 1505              		.loc 1 975 3 is_stmt 1 discriminator 1 view .LVU433
 975:Middlewares/Third_Party/LwIP/src/core/tcp.c **** 
 1506              		.loc 1 975 3 discriminator 1 view .LVU434
ARM GAS  /tmp/ccwEre5k.s 			page 67


 1507 0032 0D4B     		ldr	r3, .L152
 1508 0034 40F2CF32 		movw	r2, #975
 1509 0038 0C49     		ldr	r1, .L152+4
 1510              	.LVL151:
 975:Middlewares/Third_Party/LwIP/src/core/tcp.c **** 
 1511              		.loc 1 975 3 is_stmt 0 discriminator 1 view .LVU435
 1512 003a 0D48     		ldr	r0, .L152+8
 1513              	.LVL152:
 975:Middlewares/Third_Party/LwIP/src/core/tcp.c **** 
 1514              		.loc 1 975 3 discriminator 1 view .LVU436
 1515 003c FFF7FEFF 		bl	printf
 1516              	.LVL153:
 975:Middlewares/Third_Party/LwIP/src/core/tcp.c **** 
 1517              		.loc 1 975 3 is_stmt 1 discriminator 1 view .LVU437
 975:Middlewares/Third_Party/LwIP/src/core/tcp.c **** 
 1518              		.loc 1 975 3 discriminator 1 view .LVU438
 1519 0040 F6E7     		b	.L141
 1520              	.LVL154:
 1521              	.L150:
 978:Middlewares/Third_Party/LwIP/src/core/tcp.c ****               pcb->state != LISTEN);
 1522              		.loc 1 978 3 discriminator 1 view .LVU439
 978:Middlewares/Third_Party/LwIP/src/core/tcp.c ****               pcb->state != LISTEN);
 1523              		.loc 1 978 3 discriminator 1 view .LVU440
 1524 0042 094B     		ldr	r3, .L152
 1525 0044 40F2D232 		movw	r2, #978
 1526 0048 0A49     		ldr	r1, .L152+12
 1527              	.LVL155:
 978:Middlewares/Third_Party/LwIP/src/core/tcp.c ****               pcb->state != LISTEN);
 1528              		.loc 1 978 3 is_stmt 0 discriminator 1 view .LVU441
 1529 004a 0948     		ldr	r0, .L152+8
 1530              	.LVL156:
 978:Middlewares/Third_Party/LwIP/src/core/tcp.c ****               pcb->state != LISTEN);
 1531              		.loc 1 978 3 discriminator 1 view .LVU442
 1532 004c FFF7FEFF 		bl	printf
 1533              	.LVL157:
 1534 0050 DDE7     		b	.L144
 1535              	.LVL158:
 1536              	.L146:
 987:Middlewares/Third_Party/LwIP/src/core/tcp.c ****   }
 1537              		.loc 1 987 5 is_stmt 1 view .LVU443
 987:Middlewares/Third_Party/LwIP/src/core/tcp.c ****   }
 1538              		.loc 1 987 18 is_stmt 0 view .LVU444
 1539 0052 2985     		strh	r1, [r5, #40]	@ movhi
 1540 0054 E6E7     		b	.L147
 1541              	.LVL159:
 1542              	.L151:
 997:Middlewares/Third_Party/LwIP/src/core/tcp.c ****     tcp_output(pcb);
 1543              		.loc 1 997 5 is_stmt 1 view .LVU445
 997:Middlewares/Third_Party/LwIP/src/core/tcp.c ****     tcp_output(pcb);
 1544              		.loc 1 997 5 view .LVU446
 1545 0056 6B8B     		ldrh	r3, [r5, #26]
 1546 0058 43F00203 		orr	r3, r3, #2
 1547 005c 6B83     		strh	r3, [r5, #26]	@ movhi
 997:Middlewares/Third_Party/LwIP/src/core/tcp.c ****     tcp_output(pcb);
 1548              		.loc 1 997 5 view .LVU447
 998:Middlewares/Third_Party/LwIP/src/core/tcp.c ****   }
 1549              		.loc 1 998 5 view .LVU448
ARM GAS  /tmp/ccwEre5k.s 			page 68


 1550 005e 2846     		mov	r0, r5
 1551              	.LVL160:
 998:Middlewares/Third_Party/LwIP/src/core/tcp.c ****   }
 1552              		.loc 1 998 5 is_stmt 0 view .LVU449
 1553 0060 FFF7FEFF 		bl	tcp_output
 1554              	.LVL161:
1002:Middlewares/Third_Party/LwIP/src/core/tcp.c **** }
 1555              		.loc 1 1002 88 is_stmt 1 view .LVU450
 1556 0064 E4E7     		b	.L141
 1557              	.L153:
 1558 0066 00BF     		.align	2
 1559              	.L152:
 1560 0068 00000000 		.word	.LC0
 1561 006c 00000000 		.word	.LC13
 1562 0070 54000000 		.word	.LC2
 1563 0074 18000000 		.word	.LC14
 1564              		.cfi_endproc
 1565              	.LFE184:
 1567              		.section	.text.tcp_txnow,"ax",%progbits
 1568              		.align	1
 1569              		.global	tcp_txnow
 1570              		.syntax unified
 1571              		.thumb
 1572              		.thumb_func
 1574              	tcp_txnow:
 1575              	.LFB189:
1527:Middlewares/Third_Party/LwIP/src/core/tcp.c ****   struct tcp_pcb *pcb;
 1576              		.loc 1 1527 1 view -0
 1577              		.cfi_startproc
 1578              		@ args = 0, pretend = 0, frame = 0
 1579              		@ frame_needed = 0, uses_anonymous_args = 0
 1580 0000 10B5     		push	{r4, lr}
 1581              	.LCFI13:
 1582              		.cfi_def_cfa_offset 8
 1583              		.cfi_offset 4, -8
 1584              		.cfi_offset 14, -4
1528:Middlewares/Third_Party/LwIP/src/core/tcp.c **** 
 1585              		.loc 1 1528 3 view .LVU452
1530:Middlewares/Third_Party/LwIP/src/core/tcp.c ****     if (pcb->flags & TF_NAGLEMEMERR) {
 1586              		.loc 1 1530 3 view .LVU453
1530:Middlewares/Third_Party/LwIP/src/core/tcp.c ****     if (pcb->flags & TF_NAGLEMEMERR) {
 1587              		.loc 1 1530 12 is_stmt 0 view .LVU454
 1588 0002 074B     		ldr	r3, .L160
 1589 0004 1C68     		ldr	r4, [r3]
 1590              	.LVL162:
1530:Middlewares/Third_Party/LwIP/src/core/tcp.c ****     if (pcb->flags & TF_NAGLEMEMERR) {
 1591              		.loc 1 1530 3 view .LVU455
 1592 0006 00E0     		b	.L155
 1593              	.L156:
1530:Middlewares/Third_Party/LwIP/src/core/tcp.c ****     if (pcb->flags & TF_NAGLEMEMERR) {
 1594              		.loc 1 1530 48 is_stmt 1 discriminator 2 view .LVU456
 1595 0008 E468     		ldr	r4, [r4, #12]
 1596              	.LVL163:
 1597              	.L155:
1530:Middlewares/Third_Party/LwIP/src/core/tcp.c ****     if (pcb->flags & TF_NAGLEMEMERR) {
 1598              		.loc 1 1530 35 discriminator 1 view .LVU457
 1599 000a 3CB1     		cbz	r4, .L159
ARM GAS  /tmp/ccwEre5k.s 			page 69


1531:Middlewares/Third_Party/LwIP/src/core/tcp.c ****       tcp_output(pcb);
 1600              		.loc 1 1531 5 view .LVU458
1531:Middlewares/Third_Party/LwIP/src/core/tcp.c ****       tcp_output(pcb);
 1601              		.loc 1 1531 12 is_stmt 0 view .LVU459
 1602 000c 638B     		ldrh	r3, [r4, #26]
1531:Middlewares/Third_Party/LwIP/src/core/tcp.c ****       tcp_output(pcb);
 1603              		.loc 1 1531 8 view .LVU460
 1604 000e 13F0800F 		tst	r3, #128
 1605 0012 F9D0     		beq	.L156
1532:Middlewares/Third_Party/LwIP/src/core/tcp.c ****     }
 1606              		.loc 1 1532 7 is_stmt 1 view .LVU461
 1607 0014 2046     		mov	r0, r4
 1608 0016 FFF7FEFF 		bl	tcp_output
 1609              	.LVL164:
 1610 001a F5E7     		b	.L156
 1611              	.L159:
1535:Middlewares/Third_Party/LwIP/src/core/tcp.c **** 
 1612              		.loc 1 1535 1 is_stmt 0 view .LVU462
 1613 001c 10BD     		pop	{r4, pc}
 1614              	.LVL165:
 1615              	.L161:
1535:Middlewares/Third_Party/LwIP/src/core/tcp.c **** 
 1616              		.loc 1 1535 1 view .LVU463
 1617 001e 00BF     		.align	2
 1618              	.L160:
 1619 0020 00000000 		.word	tcp_active_pcbs
 1620              		.cfi_endproc
 1621              	.LFE189:
 1623              		.section	.text.tcp_seg_free,"ax",%progbits
 1624              		.align	1
 1625              		.global	tcp_seg_free
 1626              		.syntax unified
 1627              		.thumb
 1628              		.thumb_func
 1630              	tcp_seg_free:
 1631              	.LVL166:
 1632              	.LFB192:
1624:Middlewares/Third_Party/LwIP/src/core/tcp.c ****   if (seg != NULL) {
 1633              		.loc 1 1624 1 is_stmt 1 view -0
 1634              		.cfi_startproc
 1635              		@ args = 0, pretend = 0, frame = 0
 1636              		@ frame_needed = 0, uses_anonymous_args = 0
1625:Middlewares/Third_Party/LwIP/src/core/tcp.c ****     if (seg->p != NULL) {
 1637              		.loc 1 1625 3 view .LVU465
1625:Middlewares/Third_Party/LwIP/src/core/tcp.c ****     if (seg->p != NULL) {
 1638              		.loc 1 1625 6 is_stmt 0 view .LVU466
 1639 0000 50B1     		cbz	r0, .L166
1624:Middlewares/Third_Party/LwIP/src/core/tcp.c ****   if (seg != NULL) {
 1640              		.loc 1 1624 1 view .LVU467
 1641 0002 10B5     		push	{r4, lr}
 1642              	.LCFI14:
 1643              		.cfi_def_cfa_offset 8
 1644              		.cfi_offset 4, -8
 1645              		.cfi_offset 14, -4
 1646 0004 0446     		mov	r4, r0
1626:Middlewares/Third_Party/LwIP/src/core/tcp.c ****       pbuf_free(seg->p);
 1647              		.loc 1 1626 5 is_stmt 1 view .LVU468
ARM GAS  /tmp/ccwEre5k.s 			page 70


1626:Middlewares/Third_Party/LwIP/src/core/tcp.c ****       pbuf_free(seg->p);
 1648              		.loc 1 1626 12 is_stmt 0 view .LVU469
 1649 0006 4068     		ldr	r0, [r0, #4]
 1650              	.LVL167:
1626:Middlewares/Third_Party/LwIP/src/core/tcp.c ****       pbuf_free(seg->p);
 1651              		.loc 1 1626 8 view .LVU470
 1652 0008 08B1     		cbz	r0, .L164
1627:Middlewares/Third_Party/LwIP/src/core/tcp.c **** #if TCP_DEBUG
 1653              		.loc 1 1627 7 is_stmt 1 view .LVU471
 1654 000a FFF7FEFF 		bl	pbuf_free
 1655              	.LVL168:
 1656              	.L164:
1632:Middlewares/Third_Party/LwIP/src/core/tcp.c ****   }
 1657              		.loc 1 1632 5 view .LVU472
 1658 000e 2146     		mov	r1, r4
 1659 0010 0320     		movs	r0, #3
 1660 0012 FFF7FEFF 		bl	memp_free
 1661              	.LVL169:
1634:Middlewares/Third_Party/LwIP/src/core/tcp.c **** 
 1662              		.loc 1 1634 1 is_stmt 0 view .LVU473
 1663 0016 10BD     		pop	{r4, pc}
 1664              	.LVL170:
 1665              	.L166:
 1666              	.LCFI15:
 1667              		.cfi_def_cfa_offset 0
 1668              		.cfi_restore 4
 1669              		.cfi_restore 14
1634:Middlewares/Third_Party/LwIP/src/core/tcp.c **** 
 1670              		.loc 1 1634 1 view .LVU474
 1671 0018 7047     		bx	lr
 1672              		.cfi_endproc
 1673              	.LFE192:
 1675              		.section	.text.tcp_segs_free,"ax",%progbits
 1676              		.align	1
 1677              		.global	tcp_segs_free
 1678              		.syntax unified
 1679              		.thumb
 1680              		.thumb_func
 1682              	tcp_segs_free:
 1683              	.LVL171:
 1684              	.LFB191:
1609:Middlewares/Third_Party/LwIP/src/core/tcp.c ****   while (seg != NULL) {
 1685              		.loc 1 1609 1 is_stmt 1 view -0
 1686              		.cfi_startproc
 1687              		@ args = 0, pretend = 0, frame = 0
 1688              		@ frame_needed = 0, uses_anonymous_args = 0
1610:Middlewares/Third_Party/LwIP/src/core/tcp.c ****     struct tcp_seg *next = seg->next;
 1689              		.loc 1 1610 3 view .LVU476
1610:Middlewares/Third_Party/LwIP/src/core/tcp.c ****     struct tcp_seg *next = seg->next;
 1690              		.loc 1 1610 14 view .LVU477
 1691 0000 38B1     		cbz	r0, .L175
1609:Middlewares/Third_Party/LwIP/src/core/tcp.c ****   while (seg != NULL) {
 1692              		.loc 1 1609 1 is_stmt 0 view .LVU478
 1693 0002 10B5     		push	{r4, lr}
 1694              	.LCFI16:
 1695              		.cfi_def_cfa_offset 8
 1696              		.cfi_offset 4, -8
ARM GAS  /tmp/ccwEre5k.s 			page 71


 1697              		.cfi_offset 14, -4
 1698              	.L171:
 1699              	.LBB6:
1611:Middlewares/Third_Party/LwIP/src/core/tcp.c ****     tcp_seg_free(seg);
 1700              		.loc 1 1611 5 is_stmt 1 view .LVU479
1611:Middlewares/Third_Party/LwIP/src/core/tcp.c ****     tcp_seg_free(seg);
 1701              		.loc 1 1611 21 is_stmt 0 view .LVU480
 1702 0004 0468     		ldr	r4, [r0]
 1703              	.LVL172:
1612:Middlewares/Third_Party/LwIP/src/core/tcp.c ****     seg = next;
 1704              		.loc 1 1612 5 is_stmt 1 view .LVU481
 1705 0006 FFF7FEFF 		bl	tcp_seg_free
 1706              	.LVL173:
1613:Middlewares/Third_Party/LwIP/src/core/tcp.c ****   }
 1707              		.loc 1 1613 5 view .LVU482
1613:Middlewares/Third_Party/LwIP/src/core/tcp.c ****   }
 1708              		.loc 1 1613 9 is_stmt 0 view .LVU483
 1709 000a 2046     		mov	r0, r4
1613:Middlewares/Third_Party/LwIP/src/core/tcp.c ****   }
 1710              		.loc 1 1613 9 view .LVU484
 1711              	.LBE6:
1610:Middlewares/Third_Party/LwIP/src/core/tcp.c ****     struct tcp_seg *next = seg->next;
 1712              		.loc 1 1610 14 is_stmt 1 view .LVU485
 1713 000c 002C     		cmp	r4, #0
 1714 000e F9D1     		bne	.L171
1615:Middlewares/Third_Party/LwIP/src/core/tcp.c **** 
 1715              		.loc 1 1615 1 is_stmt 0 view .LVU486
 1716 0010 10BD     		pop	{r4, pc}
 1717              	.LVL174:
 1718              	.L175:
 1719              	.LCFI17:
 1720              		.cfi_def_cfa_offset 0
 1721              		.cfi_restore 4
 1722              		.cfi_restore 14
1615:Middlewares/Third_Party/LwIP/src/core/tcp.c **** 
 1723              		.loc 1 1615 1 view .LVU487
 1724 0012 7047     		bx	lr
 1725              		.cfi_endproc
 1726              	.LFE191:
 1728              		.section	.rodata.tcp_setprio.str1.4,"aMS",%progbits,1
 1729              		.align	2
 1730              	.LC15:
 1731 0000 7463705F 		.ascii	"tcp_setprio: invalid pcb\000"
 1731      73657470 
 1731      72696F3A 
 1731      20696E76 
 1731      616C6964 
 1732              		.section	.text.tcp_setprio,"ax",%progbits
 1733              		.align	1
 1734              		.global	tcp_setprio
 1735              		.syntax unified
 1736              		.thumb
 1737              		.thumb_func
 1739              	tcp_setprio:
 1740              	.LVL175:
 1741              	.LFB193:
1645:Middlewares/Third_Party/LwIP/src/core/tcp.c ****   LWIP_ASSERT_CORE_LOCKED();
ARM GAS  /tmp/ccwEre5k.s 			page 72


 1742              		.loc 1 1645 1 is_stmt 1 view -0
 1743              		.cfi_startproc
 1744              		@ args = 0, pretend = 0, frame = 0
 1745              		@ frame_needed = 0, uses_anonymous_args = 0
1645:Middlewares/Third_Party/LwIP/src/core/tcp.c ****   LWIP_ASSERT_CORE_LOCKED();
 1746              		.loc 1 1645 1 is_stmt 0 view .LVU489
 1747 0000 08B5     		push	{r3, lr}
 1748              	.LCFI18:
 1749              		.cfi_def_cfa_offset 8
 1750              		.cfi_offset 3, -8
 1751              		.cfi_offset 14, -4
1646:Middlewares/Third_Party/LwIP/src/core/tcp.c **** 
 1752              		.loc 1 1646 28 is_stmt 1 view .LVU490
1648:Middlewares/Third_Party/LwIP/src/core/tcp.c **** 
 1753              		.loc 1 1648 3 view .LVU491
1648:Middlewares/Third_Party/LwIP/src/core/tcp.c **** 
 1754              		.loc 1 1648 3 view .LVU492
 1755 0002 08B1     		cbz	r0, .L180
1648:Middlewares/Third_Party/LwIP/src/core/tcp.c **** 
 1756              		.loc 1 1648 3 discriminator 2 view .LVU493
1650:Middlewares/Third_Party/LwIP/src/core/tcp.c **** }
 1757              		.loc 1 1650 3 discriminator 2 view .LVU494
1650:Middlewares/Third_Party/LwIP/src/core/tcp.c **** }
 1758              		.loc 1 1650 13 is_stmt 0 discriminator 2 view .LVU495
 1759 0004 4175     		strb	r1, [r0, #21]
 1760              	.LVL176:
 1761              	.L176:
1651:Middlewares/Third_Party/LwIP/src/core/tcp.c **** 
 1762              		.loc 1 1651 1 view .LVU496
 1763 0006 08BD     		pop	{r3, pc}
 1764              	.LVL177:
 1765              	.L180:
1648:Middlewares/Third_Party/LwIP/src/core/tcp.c **** 
 1766              		.loc 1 1648 3 is_stmt 1 discriminator 1 view .LVU497
1648:Middlewares/Third_Party/LwIP/src/core/tcp.c **** 
 1767              		.loc 1 1648 3 discriminator 1 view .LVU498
 1768 0008 034B     		ldr	r3, .L181
 1769 000a 4FF4CE62 		mov	r2, #1648
 1770 000e 0349     		ldr	r1, .L181+4
 1771              	.LVL178:
1648:Middlewares/Third_Party/LwIP/src/core/tcp.c **** 
 1772              		.loc 1 1648 3 is_stmt 0 discriminator 1 view .LVU499
 1773 0010 0348     		ldr	r0, .L181+8
 1774              	.LVL179:
1648:Middlewares/Third_Party/LwIP/src/core/tcp.c **** 
 1775              		.loc 1 1648 3 discriminator 1 view .LVU500
 1776 0012 FFF7FEFF 		bl	printf
 1777              	.LVL180:
1648:Middlewares/Third_Party/LwIP/src/core/tcp.c **** 
 1778              		.loc 1 1648 3 is_stmt 1 discriminator 1 view .LVU501
1648:Middlewares/Third_Party/LwIP/src/core/tcp.c **** 
 1779              		.loc 1 1648 3 discriminator 1 view .LVU502
 1780 0016 F6E7     		b	.L176
 1781              	.L182:
 1782              		.align	2
 1783              	.L181:
 1784 0018 00000000 		.word	.LC0
ARM GAS  /tmp/ccwEre5k.s 			page 73


 1785 001c 00000000 		.word	.LC15
 1786 0020 54000000 		.word	.LC2
 1787              		.cfi_endproc
 1788              	.LFE193:
 1790              		.section	.rodata.tcp_seg_copy.str1.4,"aMS",%progbits,1
 1791              		.align	2
 1792              	.LC16:
 1793 0000 7463705F 		.ascii	"tcp_seg_copy: invalid seg\000"
 1793      7365675F 
 1793      636F7079 
 1793      3A20696E 
 1793      76616C69 
 1794              		.section	.text.tcp_seg_copy,"ax",%progbits
 1795              		.align	1
 1796              		.global	tcp_seg_copy
 1797              		.syntax unified
 1798              		.thumb
 1799              		.thumb_func
 1801              	tcp_seg_copy:
 1802              	.LVL181:
 1803              	.LFB194:
1663:Middlewares/Third_Party/LwIP/src/core/tcp.c ****   struct tcp_seg *cseg;
 1804              		.loc 1 1663 1 view -0
 1805              		.cfi_startproc
 1806              		@ args = 0, pretend = 0, frame = 0
 1807              		@ frame_needed = 0, uses_anonymous_args = 0
1663:Middlewares/Third_Party/LwIP/src/core/tcp.c ****   struct tcp_seg *cseg;
 1808              		.loc 1 1663 1 is_stmt 0 view .LVU504
 1809 0000 38B5     		push	{r3, r4, r5, lr}
 1810              	.LCFI19:
 1811              		.cfi_def_cfa_offset 16
 1812              		.cfi_offset 3, -16
 1813              		.cfi_offset 4, -12
 1814              		.cfi_offset 5, -8
 1815              		.cfi_offset 14, -4
1664:Middlewares/Third_Party/LwIP/src/core/tcp.c **** 
 1816              		.loc 1 1664 3 is_stmt 1 view .LVU505
1666:Middlewares/Third_Party/LwIP/src/core/tcp.c **** 
 1817              		.loc 1 1666 3 view .LVU506
1666:Middlewares/Third_Party/LwIP/src/core/tcp.c **** 
 1818              		.loc 1 1666 3 view .LVU507
 1819 0002 0546     		mov	r5, r0
 1820 0004 88B1     		cbz	r0, .L187
 1821              	.LVL182:
 1822              	.L184:
1666:Middlewares/Third_Party/LwIP/src/core/tcp.c **** 
 1823              		.loc 1 1666 3 discriminator 3 view .LVU508
1666:Middlewares/Third_Party/LwIP/src/core/tcp.c **** 
 1824              		.loc 1 1666 3 discriminator 3 view .LVU509
1668:Middlewares/Third_Party/LwIP/src/core/tcp.c ****   if (cseg == NULL) {
 1825              		.loc 1 1668 3 discriminator 3 view .LVU510
1668:Middlewares/Third_Party/LwIP/src/core/tcp.c ****   if (cseg == NULL) {
 1826              		.loc 1 1668 28 is_stmt 0 discriminator 3 view .LVU511
 1827 0006 0320     		movs	r0, #3
 1828 0008 FFF7FEFF 		bl	memp_malloc
 1829              	.LVL183:
1669:Middlewares/Third_Party/LwIP/src/core/tcp.c ****     return NULL;
ARM GAS  /tmp/ccwEre5k.s 			page 74


 1830              		.loc 1 1669 3 is_stmt 1 discriminator 3 view .LVU512
1669:Middlewares/Third_Party/LwIP/src/core/tcp.c ****     return NULL;
 1831              		.loc 1 1669 6 is_stmt 0 discriminator 3 view .LVU513
 1832 000c 0446     		mov	r4, r0
 1833 000e 50B1     		cbz	r0, .L183
1672:Middlewares/Third_Party/LwIP/src/core/tcp.c ****   pbuf_ref(cseg->p);
 1834              		.loc 1 1672 3 is_stmt 1 view .LVU514
 1835 0010 2868     		ldr	r0, [r5]	@ unaligned
 1836              	.LVL184:
1672:Middlewares/Third_Party/LwIP/src/core/tcp.c ****   pbuf_ref(cseg->p);
 1837              		.loc 1 1672 3 is_stmt 0 view .LVU515
 1838 0012 6968     		ldr	r1, [r5, #4]	@ unaligned
 1839 0014 AA68     		ldr	r2, [r5, #8]	@ unaligned
 1840 0016 EB68     		ldr	r3, [r5, #12]	@ unaligned
 1841 0018 2060     		str	r0, [r4]	@ unaligned
 1842 001a 6160     		str	r1, [r4, #4]	@ unaligned
 1843 001c A260     		str	r2, [r4, #8]	@ unaligned
 1844 001e E360     		str	r3, [r4, #12]	@ unaligned
1673:Middlewares/Third_Party/LwIP/src/core/tcp.c ****   return cseg;
 1845              		.loc 1 1673 3 is_stmt 1 view .LVU516
 1846 0020 6068     		ldr	r0, [r4, #4]
 1847 0022 FFF7FEFF 		bl	pbuf_ref
 1848              	.LVL185:
1674:Middlewares/Third_Party/LwIP/src/core/tcp.c **** }
 1849              		.loc 1 1674 3 view .LVU517
 1850              	.L183:
1675:Middlewares/Third_Party/LwIP/src/core/tcp.c **** #endif /* TCP_QUEUE_OOSEQ */
 1851              		.loc 1 1675 1 is_stmt 0 view .LVU518
 1852 0026 2046     		mov	r0, r4
 1853 0028 38BD     		pop	{r3, r4, r5, pc}
 1854              	.LVL186:
 1855              	.L187:
1666:Middlewares/Third_Party/LwIP/src/core/tcp.c **** 
 1856              		.loc 1 1666 3 is_stmt 1 discriminator 1 view .LVU519
1666:Middlewares/Third_Party/LwIP/src/core/tcp.c **** 
 1857              		.loc 1 1666 3 discriminator 1 view .LVU520
 1858 002a 044B     		ldr	r3, .L188
 1859 002c 40F28262 		movw	r2, #1666
 1860 0030 0349     		ldr	r1, .L188+4
 1861 0032 0448     		ldr	r0, .L188+8
 1862              	.LVL187:
1666:Middlewares/Third_Party/LwIP/src/core/tcp.c **** 
 1863              		.loc 1 1666 3 is_stmt 0 discriminator 1 view .LVU521
 1864 0034 FFF7FEFF 		bl	printf
 1865              	.LVL188:
 1866 0038 E5E7     		b	.L184
 1867              	.L189:
 1868 003a 00BF     		.align	2
 1869              	.L188:
 1870 003c 00000000 		.word	.LC0
 1871 0040 00000000 		.word	.LC16
 1872 0044 54000000 		.word	.LC2
 1873              		.cfi_endproc
 1874              	.LFE194:
 1876              		.section	.text.tcp_arg,"ax",%progbits
 1877              		.align	1
 1878              		.global	tcp_arg
ARM GAS  /tmp/ccwEre5k.s 			page 75


 1879              		.syntax unified
 1880              		.thumb
 1881              		.thumb_func
 1883              	tcp_arg:
 1884              	.LVL189:
 1885              	.LFB203:
1826:Middlewares/Third_Party/LwIP/src/core/tcp.c **** 
1827:Middlewares/Third_Party/LwIP/src/core/tcp.c **** /**
1828:Middlewares/Third_Party/LwIP/src/core/tcp.c ****  * Allocate a new tcp_pcb structure.
1829:Middlewares/Third_Party/LwIP/src/core/tcp.c ****  *
1830:Middlewares/Third_Party/LwIP/src/core/tcp.c ****  * @param prio priority for the new pcb
1831:Middlewares/Third_Party/LwIP/src/core/tcp.c ****  * @return a new tcp_pcb that initially is in state CLOSED
1832:Middlewares/Third_Party/LwIP/src/core/tcp.c ****  */
1833:Middlewares/Third_Party/LwIP/src/core/tcp.c **** struct tcp_pcb *
1834:Middlewares/Third_Party/LwIP/src/core/tcp.c **** tcp_alloc(u8_t prio)
1835:Middlewares/Third_Party/LwIP/src/core/tcp.c **** {
1836:Middlewares/Third_Party/LwIP/src/core/tcp.c ****   struct tcp_pcb *pcb;
1837:Middlewares/Third_Party/LwIP/src/core/tcp.c **** 
1838:Middlewares/Third_Party/LwIP/src/core/tcp.c ****   LWIP_ASSERT_CORE_LOCKED();
1839:Middlewares/Third_Party/LwIP/src/core/tcp.c **** 
1840:Middlewares/Third_Party/LwIP/src/core/tcp.c ****   pcb = (struct tcp_pcb *)memp_malloc(MEMP_TCP_PCB);
1841:Middlewares/Third_Party/LwIP/src/core/tcp.c ****   if (pcb == NULL) {
1842:Middlewares/Third_Party/LwIP/src/core/tcp.c ****     /* Try to send FIN for all pcbs stuck in TF_CLOSEPEND first */
1843:Middlewares/Third_Party/LwIP/src/core/tcp.c ****     tcp_handle_closepend();
1844:Middlewares/Third_Party/LwIP/src/core/tcp.c **** 
1845:Middlewares/Third_Party/LwIP/src/core/tcp.c ****     /* Try killing oldest connection in TIME-WAIT. */
1846:Middlewares/Third_Party/LwIP/src/core/tcp.c ****     LWIP_DEBUGF(TCP_DEBUG, ("tcp_alloc: killing off oldest TIME-WAIT connection\n"));
1847:Middlewares/Third_Party/LwIP/src/core/tcp.c ****     tcp_kill_timewait();
1848:Middlewares/Third_Party/LwIP/src/core/tcp.c ****     /* Try to allocate a tcp_pcb again. */
1849:Middlewares/Third_Party/LwIP/src/core/tcp.c ****     pcb = (struct tcp_pcb *)memp_malloc(MEMP_TCP_PCB);
1850:Middlewares/Third_Party/LwIP/src/core/tcp.c ****     if (pcb == NULL) {
1851:Middlewares/Third_Party/LwIP/src/core/tcp.c ****       /* Try killing oldest connection in LAST-ACK (these wouldn't go to TIME-WAIT). */
1852:Middlewares/Third_Party/LwIP/src/core/tcp.c ****       LWIP_DEBUGF(TCP_DEBUG, ("tcp_alloc: killing off oldest LAST-ACK connection\n"));
1853:Middlewares/Third_Party/LwIP/src/core/tcp.c ****       tcp_kill_state(LAST_ACK);
1854:Middlewares/Third_Party/LwIP/src/core/tcp.c ****       /* Try to allocate a tcp_pcb again. */
1855:Middlewares/Third_Party/LwIP/src/core/tcp.c ****       pcb = (struct tcp_pcb *)memp_malloc(MEMP_TCP_PCB);
1856:Middlewares/Third_Party/LwIP/src/core/tcp.c ****       if (pcb == NULL) {
1857:Middlewares/Third_Party/LwIP/src/core/tcp.c ****         /* Try killing oldest connection in CLOSING. */
1858:Middlewares/Third_Party/LwIP/src/core/tcp.c ****         LWIP_DEBUGF(TCP_DEBUG, ("tcp_alloc: killing off oldest CLOSING connection\n"));
1859:Middlewares/Third_Party/LwIP/src/core/tcp.c ****         tcp_kill_state(CLOSING);
1860:Middlewares/Third_Party/LwIP/src/core/tcp.c ****         /* Try to allocate a tcp_pcb again. */
1861:Middlewares/Third_Party/LwIP/src/core/tcp.c ****         pcb = (struct tcp_pcb *)memp_malloc(MEMP_TCP_PCB);
1862:Middlewares/Third_Party/LwIP/src/core/tcp.c ****         if (pcb == NULL) {
1863:Middlewares/Third_Party/LwIP/src/core/tcp.c ****           /* Try killing oldest active connection with lower priority than the new one. */
1864:Middlewares/Third_Party/LwIP/src/core/tcp.c ****           LWIP_DEBUGF(TCP_DEBUG, ("tcp_alloc: killing oldest connection with prio lower than %d\n",
1865:Middlewares/Third_Party/LwIP/src/core/tcp.c ****           tcp_kill_prio(prio);
1866:Middlewares/Third_Party/LwIP/src/core/tcp.c ****           /* Try to allocate a tcp_pcb again. */
1867:Middlewares/Third_Party/LwIP/src/core/tcp.c ****           pcb = (struct tcp_pcb *)memp_malloc(MEMP_TCP_PCB);
1868:Middlewares/Third_Party/LwIP/src/core/tcp.c ****           if (pcb != NULL) {
1869:Middlewares/Third_Party/LwIP/src/core/tcp.c ****             /* adjust err stats: memp_malloc failed multiple times before */
1870:Middlewares/Third_Party/LwIP/src/core/tcp.c ****             MEMP_STATS_DEC(err, MEMP_TCP_PCB);
1871:Middlewares/Third_Party/LwIP/src/core/tcp.c ****           }
1872:Middlewares/Third_Party/LwIP/src/core/tcp.c ****         }
1873:Middlewares/Third_Party/LwIP/src/core/tcp.c ****         if (pcb != NULL) {
1874:Middlewares/Third_Party/LwIP/src/core/tcp.c ****           /* adjust err stats: memp_malloc failed multiple times before */
1875:Middlewares/Third_Party/LwIP/src/core/tcp.c ****           MEMP_STATS_DEC(err, MEMP_TCP_PCB);
1876:Middlewares/Third_Party/LwIP/src/core/tcp.c ****         }
ARM GAS  /tmp/ccwEre5k.s 			page 76


1877:Middlewares/Third_Party/LwIP/src/core/tcp.c ****       }
1878:Middlewares/Third_Party/LwIP/src/core/tcp.c ****       if (pcb != NULL) {
1879:Middlewares/Third_Party/LwIP/src/core/tcp.c ****         /* adjust err stats: memp_malloc failed multiple times before */
1880:Middlewares/Third_Party/LwIP/src/core/tcp.c ****         MEMP_STATS_DEC(err, MEMP_TCP_PCB);
1881:Middlewares/Third_Party/LwIP/src/core/tcp.c ****       }
1882:Middlewares/Third_Party/LwIP/src/core/tcp.c ****     }
1883:Middlewares/Third_Party/LwIP/src/core/tcp.c ****     if (pcb != NULL) {
1884:Middlewares/Third_Party/LwIP/src/core/tcp.c ****       /* adjust err stats: memp_malloc failed above */
1885:Middlewares/Third_Party/LwIP/src/core/tcp.c ****       MEMP_STATS_DEC(err, MEMP_TCP_PCB);
1886:Middlewares/Third_Party/LwIP/src/core/tcp.c ****     }
1887:Middlewares/Third_Party/LwIP/src/core/tcp.c ****   }
1888:Middlewares/Third_Party/LwIP/src/core/tcp.c ****   if (pcb != NULL) {
1889:Middlewares/Third_Party/LwIP/src/core/tcp.c ****     /* zero out the whole pcb, so there is no need to initialize members to zero */
1890:Middlewares/Third_Party/LwIP/src/core/tcp.c ****     memset(pcb, 0, sizeof(struct tcp_pcb));
1891:Middlewares/Third_Party/LwIP/src/core/tcp.c ****     pcb->prio = prio;
1892:Middlewares/Third_Party/LwIP/src/core/tcp.c ****     pcb->snd_buf = TCP_SND_BUF;
1893:Middlewares/Third_Party/LwIP/src/core/tcp.c ****     /* Start with a window that does not need scaling. When window scaling is
1894:Middlewares/Third_Party/LwIP/src/core/tcp.c ****        enabled and used, the window is enlarged when both sides agree on scaling. */
1895:Middlewares/Third_Party/LwIP/src/core/tcp.c ****     pcb->rcv_wnd = pcb->rcv_ann_wnd = TCPWND_MIN16(TCP_WND);
1896:Middlewares/Third_Party/LwIP/src/core/tcp.c ****     pcb->ttl = TCP_TTL;
1897:Middlewares/Third_Party/LwIP/src/core/tcp.c ****     /* As initial send MSS, we use TCP_MSS but limit it to 536.
1898:Middlewares/Third_Party/LwIP/src/core/tcp.c ****        The send MSS is updated when an MSS option is received. */
1899:Middlewares/Third_Party/LwIP/src/core/tcp.c ****     pcb->mss = INITIAL_MSS;
1900:Middlewares/Third_Party/LwIP/src/core/tcp.c ****     pcb->rto = 3000 / TCP_SLOW_INTERVAL;
1901:Middlewares/Third_Party/LwIP/src/core/tcp.c ****     pcb->sv = 3000 / TCP_SLOW_INTERVAL;
1902:Middlewares/Third_Party/LwIP/src/core/tcp.c ****     pcb->rtime = -1;
1903:Middlewares/Third_Party/LwIP/src/core/tcp.c ****     pcb->cwnd = 1;
1904:Middlewares/Third_Party/LwIP/src/core/tcp.c ****     pcb->tmr = tcp_ticks;
1905:Middlewares/Third_Party/LwIP/src/core/tcp.c ****     pcb->last_timer = tcp_timer_ctr;
1906:Middlewares/Third_Party/LwIP/src/core/tcp.c **** 
1907:Middlewares/Third_Party/LwIP/src/core/tcp.c ****     /* RFC 5681 recommends setting ssthresh abritrarily high and gives an example
1908:Middlewares/Third_Party/LwIP/src/core/tcp.c ****     of using the largest advertised receive window.  We've seen complications with
1909:Middlewares/Third_Party/LwIP/src/core/tcp.c ****     receiving TCPs that use window scaling and/or window auto-tuning where the
1910:Middlewares/Third_Party/LwIP/src/core/tcp.c ****     initial advertised window is very small and then grows rapidly once the
1911:Middlewares/Third_Party/LwIP/src/core/tcp.c ****     connection is established. To avoid these complications, we set ssthresh to the
1912:Middlewares/Third_Party/LwIP/src/core/tcp.c ****     largest effective cwnd (amount of in-flight data) that the sender can have. */
1913:Middlewares/Third_Party/LwIP/src/core/tcp.c ****     pcb->ssthresh = TCP_SND_BUF;
1914:Middlewares/Third_Party/LwIP/src/core/tcp.c **** 
1915:Middlewares/Third_Party/LwIP/src/core/tcp.c **** #if LWIP_CALLBACK_API
1916:Middlewares/Third_Party/LwIP/src/core/tcp.c ****     pcb->recv = tcp_recv_null;
1917:Middlewares/Third_Party/LwIP/src/core/tcp.c **** #endif /* LWIP_CALLBACK_API */
1918:Middlewares/Third_Party/LwIP/src/core/tcp.c **** 
1919:Middlewares/Third_Party/LwIP/src/core/tcp.c ****     /* Init KEEPALIVE timer */
1920:Middlewares/Third_Party/LwIP/src/core/tcp.c ****     pcb->keep_idle  = TCP_KEEPIDLE_DEFAULT;
1921:Middlewares/Third_Party/LwIP/src/core/tcp.c **** 
1922:Middlewares/Third_Party/LwIP/src/core/tcp.c **** #if LWIP_TCP_KEEPALIVE
1923:Middlewares/Third_Party/LwIP/src/core/tcp.c ****     pcb->keep_intvl = TCP_KEEPINTVL_DEFAULT;
1924:Middlewares/Third_Party/LwIP/src/core/tcp.c ****     pcb->keep_cnt   = TCP_KEEPCNT_DEFAULT;
1925:Middlewares/Third_Party/LwIP/src/core/tcp.c **** #endif /* LWIP_TCP_KEEPALIVE */
1926:Middlewares/Third_Party/LwIP/src/core/tcp.c ****   }
1927:Middlewares/Third_Party/LwIP/src/core/tcp.c ****   return pcb;
1928:Middlewares/Third_Party/LwIP/src/core/tcp.c **** }
1929:Middlewares/Third_Party/LwIP/src/core/tcp.c **** 
1930:Middlewares/Third_Party/LwIP/src/core/tcp.c **** /**
1931:Middlewares/Third_Party/LwIP/src/core/tcp.c ****  * @ingroup tcp_raw
1932:Middlewares/Third_Party/LwIP/src/core/tcp.c ****  * Creates a new TCP protocol control block but doesn't place it on
1933:Middlewares/Third_Party/LwIP/src/core/tcp.c ****  * any of the TCP PCB lists.
ARM GAS  /tmp/ccwEre5k.s 			page 77


1934:Middlewares/Third_Party/LwIP/src/core/tcp.c ****  * The pcb is not put on any list until binding using tcp_bind().
1935:Middlewares/Third_Party/LwIP/src/core/tcp.c ****  * If memory is not available for creating the new pcb, NULL is returned.
1936:Middlewares/Third_Party/LwIP/src/core/tcp.c ****  *
1937:Middlewares/Third_Party/LwIP/src/core/tcp.c ****  * @internal: Maybe there should be a idle TCP PCB list where these
1938:Middlewares/Third_Party/LwIP/src/core/tcp.c ****  * PCBs are put on. Port reservation using tcp_bind() is implemented but
1939:Middlewares/Third_Party/LwIP/src/core/tcp.c ****  * allocated pcbs that are not bound can't be killed automatically if wanting
1940:Middlewares/Third_Party/LwIP/src/core/tcp.c ****  * to allocate a pcb with higher prio (@see tcp_kill_prio())
1941:Middlewares/Third_Party/LwIP/src/core/tcp.c ****  *
1942:Middlewares/Third_Party/LwIP/src/core/tcp.c ****  * @return a new tcp_pcb that initially is in state CLOSED
1943:Middlewares/Third_Party/LwIP/src/core/tcp.c ****  */
1944:Middlewares/Third_Party/LwIP/src/core/tcp.c **** struct tcp_pcb *
1945:Middlewares/Third_Party/LwIP/src/core/tcp.c **** tcp_new(void)
1946:Middlewares/Third_Party/LwIP/src/core/tcp.c **** {
1947:Middlewares/Third_Party/LwIP/src/core/tcp.c ****   return tcp_alloc(TCP_PRIO_NORMAL);
1948:Middlewares/Third_Party/LwIP/src/core/tcp.c **** }
1949:Middlewares/Third_Party/LwIP/src/core/tcp.c **** 
1950:Middlewares/Third_Party/LwIP/src/core/tcp.c **** /**
1951:Middlewares/Third_Party/LwIP/src/core/tcp.c ****  * @ingroup tcp_raw
1952:Middlewares/Third_Party/LwIP/src/core/tcp.c ****  * Creates a new TCP protocol control block but doesn't
1953:Middlewares/Third_Party/LwIP/src/core/tcp.c ****  * place it on any of the TCP PCB lists.
1954:Middlewares/Third_Party/LwIP/src/core/tcp.c ****  * The pcb is not put on any list until binding using tcp_bind().
1955:Middlewares/Third_Party/LwIP/src/core/tcp.c ****  *
1956:Middlewares/Third_Party/LwIP/src/core/tcp.c ****  * @param type IP address type, see @ref lwip_ip_addr_type definitions.
1957:Middlewares/Third_Party/LwIP/src/core/tcp.c ****  * If you want to listen to IPv4 and IPv6 (dual-stack) connections,
1958:Middlewares/Third_Party/LwIP/src/core/tcp.c ****  * supply @ref IPADDR_TYPE_ANY as argument and bind to @ref IP_ANY_TYPE.
1959:Middlewares/Third_Party/LwIP/src/core/tcp.c ****  * @return a new tcp_pcb that initially is in state CLOSED
1960:Middlewares/Third_Party/LwIP/src/core/tcp.c ****  */
1961:Middlewares/Third_Party/LwIP/src/core/tcp.c **** struct tcp_pcb *
1962:Middlewares/Third_Party/LwIP/src/core/tcp.c **** tcp_new_ip_type(u8_t type)
1963:Middlewares/Third_Party/LwIP/src/core/tcp.c **** {
1964:Middlewares/Third_Party/LwIP/src/core/tcp.c ****   struct tcp_pcb *pcb;
1965:Middlewares/Third_Party/LwIP/src/core/tcp.c ****   pcb = tcp_alloc(TCP_PRIO_NORMAL);
1966:Middlewares/Third_Party/LwIP/src/core/tcp.c **** #if LWIP_IPV4 && LWIP_IPV6
1967:Middlewares/Third_Party/LwIP/src/core/tcp.c ****   if (pcb != NULL) {
1968:Middlewares/Third_Party/LwIP/src/core/tcp.c ****     IP_SET_TYPE_VAL(pcb->local_ip, type);
1969:Middlewares/Third_Party/LwIP/src/core/tcp.c ****     IP_SET_TYPE_VAL(pcb->remote_ip, type);
1970:Middlewares/Third_Party/LwIP/src/core/tcp.c ****   }
1971:Middlewares/Third_Party/LwIP/src/core/tcp.c **** #else
1972:Middlewares/Third_Party/LwIP/src/core/tcp.c ****   LWIP_UNUSED_ARG(type);
1973:Middlewares/Third_Party/LwIP/src/core/tcp.c **** #endif /* LWIP_IPV4 && LWIP_IPV6 */
1974:Middlewares/Third_Party/LwIP/src/core/tcp.c ****   return pcb;
1975:Middlewares/Third_Party/LwIP/src/core/tcp.c **** }
1976:Middlewares/Third_Party/LwIP/src/core/tcp.c **** 
1977:Middlewares/Third_Party/LwIP/src/core/tcp.c **** /**
1978:Middlewares/Third_Party/LwIP/src/core/tcp.c ****  * @ingroup tcp_raw
1979:Middlewares/Third_Party/LwIP/src/core/tcp.c ****  * Specifies the program specific state that should be passed to all
1980:Middlewares/Third_Party/LwIP/src/core/tcp.c ****  * other callback functions. The "pcb" argument is the current TCP
1981:Middlewares/Third_Party/LwIP/src/core/tcp.c ****  * connection control block, and the "arg" argument is the argument
1982:Middlewares/Third_Party/LwIP/src/core/tcp.c ****  * that will be passed to the callbacks.
1983:Middlewares/Third_Party/LwIP/src/core/tcp.c ****  *
1984:Middlewares/Third_Party/LwIP/src/core/tcp.c ****  * @param pcb tcp_pcb to set the callback argument
1985:Middlewares/Third_Party/LwIP/src/core/tcp.c ****  * @param arg void pointer argument to pass to callback functions
1986:Middlewares/Third_Party/LwIP/src/core/tcp.c ****  */
1987:Middlewares/Third_Party/LwIP/src/core/tcp.c **** void
1988:Middlewares/Third_Party/LwIP/src/core/tcp.c **** tcp_arg(struct tcp_pcb *pcb, void *arg)
1989:Middlewares/Third_Party/LwIP/src/core/tcp.c **** {
 1886              		.loc 1 1989 1 is_stmt 1 view -0
ARM GAS  /tmp/ccwEre5k.s 			page 78


 1887              		.cfi_startproc
 1888              		@ args = 0, pretend = 0, frame = 0
 1889              		@ frame_needed = 0, uses_anonymous_args = 0
 1890              		@ link register save eliminated.
1990:Middlewares/Third_Party/LwIP/src/core/tcp.c ****   LWIP_ASSERT_CORE_LOCKED();
 1891              		.loc 1 1990 28 view .LVU523
1991:Middlewares/Third_Party/LwIP/src/core/tcp.c ****   /* This function is allowed to be called for both listen pcbs and
1992:Middlewares/Third_Party/LwIP/src/core/tcp.c ****      connection pcbs. */
1993:Middlewares/Third_Party/LwIP/src/core/tcp.c ****   if (pcb != NULL) {
 1892              		.loc 1 1993 3 view .LVU524
 1893              		.loc 1 1993 6 is_stmt 0 view .LVU525
 1894 0000 00B1     		cbz	r0, .L190
1994:Middlewares/Third_Party/LwIP/src/core/tcp.c ****     pcb->callback_arg = arg;
 1895              		.loc 1 1994 5 is_stmt 1 view .LVU526
 1896              		.loc 1 1994 23 is_stmt 0 view .LVU527
 1897 0002 0161     		str	r1, [r0, #16]
 1898              	.L190:
1995:Middlewares/Third_Party/LwIP/src/core/tcp.c ****   }
1996:Middlewares/Third_Party/LwIP/src/core/tcp.c **** }
 1899              		.loc 1 1996 1 view .LVU528
 1900 0004 7047     		bx	lr
 1901              		.cfi_endproc
 1902              	.LFE203:
 1904              		.section	.rodata.tcp_recv.str1.4,"aMS",%progbits,1
 1905              		.align	2
 1906              	.LC17:
 1907 0000 696E7661 		.ascii	"invalid socket state for recv callback\000"
 1907      6C696420 
 1907      736F636B 
 1907      65742073 
 1907      74617465 
 1908              		.section	.text.tcp_recv,"ax",%progbits
 1909              		.align	1
 1910              		.global	tcp_recv
 1911              		.syntax unified
 1912              		.thumb
 1913              		.thumb_func
 1915              	tcp_recv:
 1916              	.LVL190:
 1917              	.LFB204:
1997:Middlewares/Third_Party/LwIP/src/core/tcp.c **** #if LWIP_CALLBACK_API
1998:Middlewares/Third_Party/LwIP/src/core/tcp.c **** 
1999:Middlewares/Third_Party/LwIP/src/core/tcp.c **** /**
2000:Middlewares/Third_Party/LwIP/src/core/tcp.c ****  * @ingroup tcp_raw
2001:Middlewares/Third_Party/LwIP/src/core/tcp.c ****  * Sets the callback function that will be called when new data
2002:Middlewares/Third_Party/LwIP/src/core/tcp.c ****  * arrives. The callback function will be passed a NULL pbuf to
2003:Middlewares/Third_Party/LwIP/src/core/tcp.c ****  * indicate that the remote host has closed the connection. If the
2004:Middlewares/Third_Party/LwIP/src/core/tcp.c ****  * callback function returns ERR_OK or ERR_ABRT it must have
2005:Middlewares/Third_Party/LwIP/src/core/tcp.c ****  * freed the pbuf, otherwise it must not have freed it.
2006:Middlewares/Third_Party/LwIP/src/core/tcp.c ****  *
2007:Middlewares/Third_Party/LwIP/src/core/tcp.c ****  * @param pcb tcp_pcb to set the recv callback
2008:Middlewares/Third_Party/LwIP/src/core/tcp.c ****  * @param recv callback function to call for this pcb when data is received
2009:Middlewares/Third_Party/LwIP/src/core/tcp.c ****  */
2010:Middlewares/Third_Party/LwIP/src/core/tcp.c **** void
2011:Middlewares/Third_Party/LwIP/src/core/tcp.c **** tcp_recv(struct tcp_pcb *pcb, tcp_recv_fn recv)
2012:Middlewares/Third_Party/LwIP/src/core/tcp.c **** {
 1918              		.loc 1 2012 1 is_stmt 1 view -0
ARM GAS  /tmp/ccwEre5k.s 			page 79


 1919              		.cfi_startproc
 1920              		@ args = 0, pretend = 0, frame = 0
 1921              		@ frame_needed = 0, uses_anonymous_args = 0
2013:Middlewares/Third_Party/LwIP/src/core/tcp.c ****   LWIP_ASSERT_CORE_LOCKED();
 1922              		.loc 1 2013 28 view .LVU530
2014:Middlewares/Third_Party/LwIP/src/core/tcp.c ****   if (pcb != NULL) {
 1923              		.loc 1 2014 3 view .LVU531
 1924              		.loc 1 2014 6 is_stmt 0 view .LVU532
 1925 0000 80B1     		cbz	r0, .L196
2012:Middlewares/Third_Party/LwIP/src/core/tcp.c ****   LWIP_ASSERT_CORE_LOCKED();
 1926              		.loc 1 2012 1 view .LVU533
 1927 0002 38B5     		push	{r3, r4, r5, lr}
 1928              	.LCFI20:
 1929              		.cfi_def_cfa_offset 16
 1930              		.cfi_offset 3, -16
 1931              		.cfi_offset 4, -12
 1932              		.cfi_offset 5, -8
 1933              		.cfi_offset 14, -4
 1934 0004 0C46     		mov	r4, r1
 1935 0006 0546     		mov	r5, r0
2015:Middlewares/Third_Party/LwIP/src/core/tcp.c ****     LWIP_ASSERT("invalid socket state for recv callback", pcb->state != LISTEN);
 1936              		.loc 1 2015 5 is_stmt 1 view .LVU534
 1937              		.loc 1 2015 5 view .LVU535
 1938 0008 037D     		ldrb	r3, [r0, #20]	@ zero_extendqisi2
 1939 000a 012B     		cmp	r3, #1
 1940 000c 02D0     		beq	.L199
 1941              	.LVL191:
 1942              	.L194:
 1943              		.loc 1 2015 5 discriminator 3 view .LVU536
 1944              		.loc 1 2015 5 discriminator 3 view .LVU537
2016:Middlewares/Third_Party/LwIP/src/core/tcp.c ****     pcb->recv = recv;
 1945              		.loc 1 2016 5 discriminator 3 view .LVU538
 1946              		.loc 1 2016 15 is_stmt 0 discriminator 3 view .LVU539
 1947 000e C5F88440 		str	r4, [r5, #132]
2017:Middlewares/Third_Party/LwIP/src/core/tcp.c ****   }
2018:Middlewares/Third_Party/LwIP/src/core/tcp.c **** }
 1948              		.loc 1 2018 1 discriminator 3 view .LVU540
 1949 0012 38BD     		pop	{r3, r4, r5, pc}
 1950              	.LVL192:
 1951              	.L199:
2015:Middlewares/Third_Party/LwIP/src/core/tcp.c ****     pcb->recv = recv;
 1952              		.loc 1 2015 5 is_stmt 1 discriminator 1 view .LVU541
2015:Middlewares/Third_Party/LwIP/src/core/tcp.c ****     pcb->recv = recv;
 1953              		.loc 1 2015 5 discriminator 1 view .LVU542
 1954 0014 044B     		ldr	r3, .L200
 1955 0016 40F2DF72 		movw	r2, #2015
 1956 001a 0449     		ldr	r1, .L200+4
 1957              	.LVL193:
2015:Middlewares/Third_Party/LwIP/src/core/tcp.c ****     pcb->recv = recv;
 1958              		.loc 1 2015 5 is_stmt 0 discriminator 1 view .LVU543
 1959 001c 0448     		ldr	r0, .L200+8
 1960              	.LVL194:
2015:Middlewares/Third_Party/LwIP/src/core/tcp.c ****     pcb->recv = recv;
 1961              		.loc 1 2015 5 discriminator 1 view .LVU544
 1962 001e FFF7FEFF 		bl	printf
 1963              	.LVL195:
 1964 0022 F4E7     		b	.L194
ARM GAS  /tmp/ccwEre5k.s 			page 80


 1965              	.LVL196:
 1966              	.L196:
 1967              	.LCFI21:
 1968              		.cfi_def_cfa_offset 0
 1969              		.cfi_restore 3
 1970              		.cfi_restore 4
 1971              		.cfi_restore 5
 1972              		.cfi_restore 14
2015:Middlewares/Third_Party/LwIP/src/core/tcp.c ****     pcb->recv = recv;
 1973              		.loc 1 2015 5 discriminator 1 view .LVU545
 1974 0024 7047     		bx	lr
 1975              	.L201:
 1976 0026 00BF     		.align	2
 1977              	.L200:
 1978 0028 00000000 		.word	.LC0
 1979 002c 00000000 		.word	.LC17
 1980 0030 54000000 		.word	.LC2
 1981              		.cfi_endproc
 1982              	.LFE204:
 1984              		.section	.rodata.tcp_sent.str1.4,"aMS",%progbits,1
 1985              		.align	2
 1986              	.LC18:
 1987 0000 696E7661 		.ascii	"invalid socket state for sent callback\000"
 1987      6C696420 
 1987      736F636B 
 1987      65742073 
 1987      74617465 
 1988              		.section	.text.tcp_sent,"ax",%progbits
 1989              		.align	1
 1990              		.global	tcp_sent
 1991              		.syntax unified
 1992              		.thumb
 1993              		.thumb_func
 1995              	tcp_sent:
 1996              	.LVL197:
 1997              	.LFB205:
2019:Middlewares/Third_Party/LwIP/src/core/tcp.c **** 
2020:Middlewares/Third_Party/LwIP/src/core/tcp.c **** /**
2021:Middlewares/Third_Party/LwIP/src/core/tcp.c ****  * @ingroup tcp_raw
2022:Middlewares/Third_Party/LwIP/src/core/tcp.c ****  * Specifies the callback function that should be called when data has
2023:Middlewares/Third_Party/LwIP/src/core/tcp.c ****  * successfully been received (i.e., acknowledged) by the remote
2024:Middlewares/Third_Party/LwIP/src/core/tcp.c ****  * host. The len argument passed to the callback function gives the
2025:Middlewares/Third_Party/LwIP/src/core/tcp.c ****  * amount bytes that was acknowledged by the last acknowledgment.
2026:Middlewares/Third_Party/LwIP/src/core/tcp.c ****  *
2027:Middlewares/Third_Party/LwIP/src/core/tcp.c ****  * @param pcb tcp_pcb to set the sent callback
2028:Middlewares/Third_Party/LwIP/src/core/tcp.c ****  * @param sent callback function to call for this pcb when data is successfully sent
2029:Middlewares/Third_Party/LwIP/src/core/tcp.c ****  */
2030:Middlewares/Third_Party/LwIP/src/core/tcp.c **** void
2031:Middlewares/Third_Party/LwIP/src/core/tcp.c **** tcp_sent(struct tcp_pcb *pcb, tcp_sent_fn sent)
2032:Middlewares/Third_Party/LwIP/src/core/tcp.c **** {
 1998              		.loc 1 2032 1 is_stmt 1 view -0
 1999              		.cfi_startproc
 2000              		@ args = 0, pretend = 0, frame = 0
 2001              		@ frame_needed = 0, uses_anonymous_args = 0
2033:Middlewares/Third_Party/LwIP/src/core/tcp.c ****   LWIP_ASSERT_CORE_LOCKED();
 2002              		.loc 1 2033 28 view .LVU547
2034:Middlewares/Third_Party/LwIP/src/core/tcp.c ****   if (pcb != NULL) {
ARM GAS  /tmp/ccwEre5k.s 			page 81


 2003              		.loc 1 2034 3 view .LVU548
 2004              		.loc 1 2034 6 is_stmt 0 view .LVU549
 2005 0000 80B1     		cbz	r0, .L206
2032:Middlewares/Third_Party/LwIP/src/core/tcp.c ****   LWIP_ASSERT_CORE_LOCKED();
 2006              		.loc 1 2032 1 view .LVU550
 2007 0002 38B5     		push	{r3, r4, r5, lr}
 2008              	.LCFI22:
 2009              		.cfi_def_cfa_offset 16
 2010              		.cfi_offset 3, -16
 2011              		.cfi_offset 4, -12
 2012              		.cfi_offset 5, -8
 2013              		.cfi_offset 14, -4
 2014 0004 0C46     		mov	r4, r1
 2015 0006 0546     		mov	r5, r0
2035:Middlewares/Third_Party/LwIP/src/core/tcp.c ****     LWIP_ASSERT("invalid socket state for sent callback", pcb->state != LISTEN);
 2016              		.loc 1 2035 5 is_stmt 1 view .LVU551
 2017              		.loc 1 2035 5 view .LVU552
 2018 0008 037D     		ldrb	r3, [r0, #20]	@ zero_extendqisi2
 2019 000a 012B     		cmp	r3, #1
 2020 000c 02D0     		beq	.L209
 2021              	.LVL198:
 2022              	.L204:
 2023              		.loc 1 2035 5 discriminator 3 view .LVU553
 2024              		.loc 1 2035 5 discriminator 3 view .LVU554
2036:Middlewares/Third_Party/LwIP/src/core/tcp.c ****     pcb->sent = sent;
 2025              		.loc 1 2036 5 discriminator 3 view .LVU555
 2026              		.loc 1 2036 15 is_stmt 0 discriminator 3 view .LVU556
 2027 000e C5F88040 		str	r4, [r5, #128]
2037:Middlewares/Third_Party/LwIP/src/core/tcp.c ****   }
2038:Middlewares/Third_Party/LwIP/src/core/tcp.c **** }
 2028              		.loc 1 2038 1 discriminator 3 view .LVU557
 2029 0012 38BD     		pop	{r3, r4, r5, pc}
 2030              	.LVL199:
 2031              	.L209:
2035:Middlewares/Third_Party/LwIP/src/core/tcp.c ****     pcb->sent = sent;
 2032              		.loc 1 2035 5 is_stmt 1 discriminator 1 view .LVU558
2035:Middlewares/Third_Party/LwIP/src/core/tcp.c ****     pcb->sent = sent;
 2033              		.loc 1 2035 5 discriminator 1 view .LVU559
 2034 0014 044B     		ldr	r3, .L210
 2035 0016 40F2F372 		movw	r2, #2035
 2036 001a 0449     		ldr	r1, .L210+4
 2037              	.LVL200:
2035:Middlewares/Third_Party/LwIP/src/core/tcp.c ****     pcb->sent = sent;
 2038              		.loc 1 2035 5 is_stmt 0 discriminator 1 view .LVU560
 2039 001c 0448     		ldr	r0, .L210+8
 2040              	.LVL201:
2035:Middlewares/Third_Party/LwIP/src/core/tcp.c ****     pcb->sent = sent;
 2041              		.loc 1 2035 5 discriminator 1 view .LVU561
 2042 001e FFF7FEFF 		bl	printf
 2043              	.LVL202:
 2044 0022 F4E7     		b	.L204
 2045              	.LVL203:
 2046              	.L206:
 2047              	.LCFI23:
 2048              		.cfi_def_cfa_offset 0
 2049              		.cfi_restore 3
 2050              		.cfi_restore 4
ARM GAS  /tmp/ccwEre5k.s 			page 82


 2051              		.cfi_restore 5
 2052              		.cfi_restore 14
2035:Middlewares/Third_Party/LwIP/src/core/tcp.c ****     pcb->sent = sent;
 2053              		.loc 1 2035 5 discriminator 1 view .LVU562
 2054 0024 7047     		bx	lr
 2055              	.L211:
 2056 0026 00BF     		.align	2
 2057              	.L210:
 2058 0028 00000000 		.word	.LC0
 2059 002c 00000000 		.word	.LC18
 2060 0030 54000000 		.word	.LC2
 2061              		.cfi_endproc
 2062              	.LFE205:
 2064              		.section	.rodata.tcp_err.str1.4,"aMS",%progbits,1
 2065              		.align	2
 2066              	.LC19:
 2067 0000 696E7661 		.ascii	"invalid socket state for err callback\000"
 2067      6C696420 
 2067      736F636B 
 2067      65742073 
 2067      74617465 
 2068              		.section	.text.tcp_err,"ax",%progbits
 2069              		.align	1
 2070              		.global	tcp_err
 2071              		.syntax unified
 2072              		.thumb
 2073              		.thumb_func
 2075              	tcp_err:
 2076              	.LVL204:
 2077              	.LFB206:
2039:Middlewares/Third_Party/LwIP/src/core/tcp.c **** 
2040:Middlewares/Third_Party/LwIP/src/core/tcp.c **** /**
2041:Middlewares/Third_Party/LwIP/src/core/tcp.c ****  * @ingroup tcp_raw
2042:Middlewares/Third_Party/LwIP/src/core/tcp.c ****  * Used to specify the function that should be called when a fatal error
2043:Middlewares/Third_Party/LwIP/src/core/tcp.c ****  * has occurred on the connection.
2044:Middlewares/Third_Party/LwIP/src/core/tcp.c ****  * 
2045:Middlewares/Third_Party/LwIP/src/core/tcp.c ****  * If a connection is aborted because of an error, the application is
2046:Middlewares/Third_Party/LwIP/src/core/tcp.c ****  * alerted of this event by the err callback. Errors that might abort a
2047:Middlewares/Third_Party/LwIP/src/core/tcp.c ****  * connection are when there is a shortage of memory. The callback
2048:Middlewares/Third_Party/LwIP/src/core/tcp.c ****  * function to be called is set using the tcp_err() function.
2049:Middlewares/Third_Party/LwIP/src/core/tcp.c ****  *
2050:Middlewares/Third_Party/LwIP/src/core/tcp.c ****  * @note The corresponding pcb is already freed when this callback is called!
2051:Middlewares/Third_Party/LwIP/src/core/tcp.c ****  *
2052:Middlewares/Third_Party/LwIP/src/core/tcp.c ****  * @param pcb tcp_pcb to set the err callback
2053:Middlewares/Third_Party/LwIP/src/core/tcp.c ****  * @param err callback function to call for this pcb when a fatal error
2054:Middlewares/Third_Party/LwIP/src/core/tcp.c ****  *        has occurred on the connection
2055:Middlewares/Third_Party/LwIP/src/core/tcp.c ****  */
2056:Middlewares/Third_Party/LwIP/src/core/tcp.c **** void
2057:Middlewares/Third_Party/LwIP/src/core/tcp.c **** tcp_err(struct tcp_pcb *pcb, tcp_err_fn err)
2058:Middlewares/Third_Party/LwIP/src/core/tcp.c **** {
 2078              		.loc 1 2058 1 is_stmt 1 view -0
 2079              		.cfi_startproc
 2080              		@ args = 0, pretend = 0, frame = 0
 2081              		@ frame_needed = 0, uses_anonymous_args = 0
2059:Middlewares/Third_Party/LwIP/src/core/tcp.c ****   LWIP_ASSERT_CORE_LOCKED();
 2082              		.loc 1 2059 28 view .LVU564
2060:Middlewares/Third_Party/LwIP/src/core/tcp.c ****   if (pcb != NULL) {
ARM GAS  /tmp/ccwEre5k.s 			page 83


 2083              		.loc 1 2060 3 view .LVU565
 2084              		.loc 1 2060 6 is_stmt 0 view .LVU566
 2085 0000 80B1     		cbz	r0, .L216
2058:Middlewares/Third_Party/LwIP/src/core/tcp.c ****   LWIP_ASSERT_CORE_LOCKED();
 2086              		.loc 1 2058 1 view .LVU567
 2087 0002 38B5     		push	{r3, r4, r5, lr}
 2088              	.LCFI24:
 2089              		.cfi_def_cfa_offset 16
 2090              		.cfi_offset 3, -16
 2091              		.cfi_offset 4, -12
 2092              		.cfi_offset 5, -8
 2093              		.cfi_offset 14, -4
 2094 0004 0C46     		mov	r4, r1
 2095 0006 0546     		mov	r5, r0
2061:Middlewares/Third_Party/LwIP/src/core/tcp.c ****     LWIP_ASSERT("invalid socket state for err callback", pcb->state != LISTEN);
 2096              		.loc 1 2061 5 is_stmt 1 view .LVU568
 2097              		.loc 1 2061 5 view .LVU569
 2098 0008 037D     		ldrb	r3, [r0, #20]	@ zero_extendqisi2
 2099 000a 012B     		cmp	r3, #1
 2100 000c 02D0     		beq	.L219
 2101              	.LVL205:
 2102              	.L214:
 2103              		.loc 1 2061 5 discriminator 3 view .LVU570
 2104              		.loc 1 2061 5 discriminator 3 view .LVU571
2062:Middlewares/Third_Party/LwIP/src/core/tcp.c ****     pcb->errf = err;
 2105              		.loc 1 2062 5 discriminator 3 view .LVU572
 2106              		.loc 1 2062 15 is_stmt 0 discriminator 3 view .LVU573
 2107 000e C5F89040 		str	r4, [r5, #144]
2063:Middlewares/Third_Party/LwIP/src/core/tcp.c ****   }
2064:Middlewares/Third_Party/LwIP/src/core/tcp.c **** }
 2108              		.loc 1 2064 1 discriminator 3 view .LVU574
 2109 0012 38BD     		pop	{r3, r4, r5, pc}
 2110              	.LVL206:
 2111              	.L219:
2061:Middlewares/Third_Party/LwIP/src/core/tcp.c ****     pcb->errf = err;
 2112              		.loc 1 2061 5 is_stmt 1 discriminator 1 view .LVU575
2061:Middlewares/Third_Party/LwIP/src/core/tcp.c ****     pcb->errf = err;
 2113              		.loc 1 2061 5 discriminator 1 view .LVU576
 2114 0014 044B     		ldr	r3, .L220
 2115 0016 40F60D02 		movw	r2, #2061
 2116 001a 0449     		ldr	r1, .L220+4
 2117              	.LVL207:
2061:Middlewares/Third_Party/LwIP/src/core/tcp.c ****     pcb->errf = err;
 2118              		.loc 1 2061 5 is_stmt 0 discriminator 1 view .LVU577
 2119 001c 0448     		ldr	r0, .L220+8
 2120              	.LVL208:
2061:Middlewares/Third_Party/LwIP/src/core/tcp.c ****     pcb->errf = err;
 2121              		.loc 1 2061 5 discriminator 1 view .LVU578
 2122 001e FFF7FEFF 		bl	printf
 2123              	.LVL209:
 2124 0022 F4E7     		b	.L214
 2125              	.LVL210:
 2126              	.L216:
 2127              	.LCFI25:
 2128              		.cfi_def_cfa_offset 0
 2129              		.cfi_restore 3
 2130              		.cfi_restore 4
ARM GAS  /tmp/ccwEre5k.s 			page 84


 2131              		.cfi_restore 5
 2132              		.cfi_restore 14
2061:Middlewares/Third_Party/LwIP/src/core/tcp.c ****     pcb->errf = err;
 2133              		.loc 1 2061 5 discriminator 1 view .LVU579
 2134 0024 7047     		bx	lr
 2135              	.L221:
 2136 0026 00BF     		.align	2
 2137              	.L220:
 2138 0028 00000000 		.word	.LC0
 2139 002c 00000000 		.word	.LC19
 2140 0030 54000000 		.word	.LC2
 2141              		.cfi_endproc
 2142              	.LFE206:
 2144              		.section	.text.tcp_accept,"ax",%progbits
 2145              		.align	1
 2146              		.global	tcp_accept
 2147              		.syntax unified
 2148              		.thumb
 2149              		.thumb_func
 2151              	tcp_accept:
 2152              	.LVL211:
 2153              	.LFB207:
2065:Middlewares/Third_Party/LwIP/src/core/tcp.c **** 
2066:Middlewares/Third_Party/LwIP/src/core/tcp.c **** /**
2067:Middlewares/Third_Party/LwIP/src/core/tcp.c ****  * @ingroup tcp_raw
2068:Middlewares/Third_Party/LwIP/src/core/tcp.c ****  * Used for specifying the function that should be called when a
2069:Middlewares/Third_Party/LwIP/src/core/tcp.c ****  * LISTENing connection has been connected to another host.
2070:Middlewares/Third_Party/LwIP/src/core/tcp.c ****  *
2071:Middlewares/Third_Party/LwIP/src/core/tcp.c ****  * @param pcb tcp_pcb to set the accept callback
2072:Middlewares/Third_Party/LwIP/src/core/tcp.c ****  * @param accept callback function to call for this pcb when LISTENing
2073:Middlewares/Third_Party/LwIP/src/core/tcp.c ****  *        connection has been connected to another host
2074:Middlewares/Third_Party/LwIP/src/core/tcp.c ****  */
2075:Middlewares/Third_Party/LwIP/src/core/tcp.c **** void
2076:Middlewares/Third_Party/LwIP/src/core/tcp.c **** tcp_accept(struct tcp_pcb *pcb, tcp_accept_fn accept)
2077:Middlewares/Third_Party/LwIP/src/core/tcp.c **** {
 2154              		.loc 1 2077 1 is_stmt 1 view -0
 2155              		.cfi_startproc
 2156              		@ args = 0, pretend = 0, frame = 0
 2157              		@ frame_needed = 0, uses_anonymous_args = 0
 2158              		@ link register save eliminated.
2078:Middlewares/Third_Party/LwIP/src/core/tcp.c ****   LWIP_ASSERT_CORE_LOCKED();
 2159              		.loc 1 2078 28 view .LVU581
2079:Middlewares/Third_Party/LwIP/src/core/tcp.c ****   if ((pcb != NULL) && (pcb->state == LISTEN)) {
 2160              		.loc 1 2079 3 view .LVU582
 2161              		.loc 1 2079 6 is_stmt 0 view .LVU583
 2162 0000 10B1     		cbz	r0, .L222
 2163              		.loc 1 2079 28 discriminator 1 view .LVU584
 2164 0002 027D     		ldrb	r2, [r0, #20]	@ zero_extendqisi2
 2165              		.loc 1 2079 21 discriminator 1 view .LVU585
 2166 0004 012A     		cmp	r2, #1
 2167 0006 00D0     		beq	.L224
 2168              	.L222:
2080:Middlewares/Third_Party/LwIP/src/core/tcp.c ****     struct tcp_pcb_listen *lpcb = (struct tcp_pcb_listen *)pcb;
2081:Middlewares/Third_Party/LwIP/src/core/tcp.c ****     lpcb->accept = accept;
2082:Middlewares/Third_Party/LwIP/src/core/tcp.c ****   }
2083:Middlewares/Third_Party/LwIP/src/core/tcp.c **** }
 2169              		.loc 1 2083 1 view .LVU586
ARM GAS  /tmp/ccwEre5k.s 			page 85


 2170 0008 7047     		bx	lr
 2171              	.L224:
 2172              	.LBB7:
2080:Middlewares/Third_Party/LwIP/src/core/tcp.c ****     struct tcp_pcb_listen *lpcb = (struct tcp_pcb_listen *)pcb;
 2173              		.loc 1 2080 5 is_stmt 1 view .LVU587
 2174              	.LVL212:
2081:Middlewares/Third_Party/LwIP/src/core/tcp.c ****   }
 2175              		.loc 1 2081 5 view .LVU588
2081:Middlewares/Third_Party/LwIP/src/core/tcp.c ****   }
 2176              		.loc 1 2081 18 is_stmt 0 view .LVU589
 2177 000a 8161     		str	r1, [r0, #24]
 2178              	.LBE7:
 2179              		.loc 1 2083 1 view .LVU590
 2180 000c FCE7     		b	.L222
 2181              		.cfi_endproc
 2182              	.LFE207:
 2184              		.section	.rodata.tcp_poll.str1.4,"aMS",%progbits,1
 2185              		.align	2
 2186              	.LC20:
 2187 0000 7463705F 		.ascii	"tcp_poll: invalid pcb\000"
 2187      706F6C6C 
 2187      3A20696E 
 2187      76616C69 
 2187      64207063 
 2188 0016 0000     		.align	2
 2189              	.LC21:
 2190 0018 696E7661 		.ascii	"invalid socket state for poll\000"
 2190      6C696420 
 2190      736F636B 
 2190      65742073 
 2190      74617465 
 2191              		.section	.text.tcp_poll,"ax",%progbits
 2192              		.align	1
 2193              		.global	tcp_poll
 2194              		.syntax unified
 2195              		.thumb
 2196              		.thumb_func
 2198              	tcp_poll:
 2199              	.LVL213:
 2200              	.LFB208:
2084:Middlewares/Third_Party/LwIP/src/core/tcp.c **** #endif /* LWIP_CALLBACK_API */
2085:Middlewares/Third_Party/LwIP/src/core/tcp.c **** 
2086:Middlewares/Third_Party/LwIP/src/core/tcp.c **** 
2087:Middlewares/Third_Party/LwIP/src/core/tcp.c **** /**
2088:Middlewares/Third_Party/LwIP/src/core/tcp.c ****  * @ingroup tcp_raw
2089:Middlewares/Third_Party/LwIP/src/core/tcp.c ****  * Specifies the polling interval and the callback function that should
2090:Middlewares/Third_Party/LwIP/src/core/tcp.c ****  * be called to poll the application. The interval is specified in
2091:Middlewares/Third_Party/LwIP/src/core/tcp.c ****  * number of TCP coarse grained timer shots, which typically occurs
2092:Middlewares/Third_Party/LwIP/src/core/tcp.c ****  * twice a second. An interval of 10 means that the application would
2093:Middlewares/Third_Party/LwIP/src/core/tcp.c ****  * be polled every 5 seconds.
2094:Middlewares/Third_Party/LwIP/src/core/tcp.c ****  * 
2095:Middlewares/Third_Party/LwIP/src/core/tcp.c ****  * When a connection is idle (i.e., no data is either transmitted or
2096:Middlewares/Third_Party/LwIP/src/core/tcp.c ****  * received), lwIP will repeatedly poll the application by calling a
2097:Middlewares/Third_Party/LwIP/src/core/tcp.c ****  * specified callback function. This can be used either as a watchdog
2098:Middlewares/Third_Party/LwIP/src/core/tcp.c ****  * timer for killing connections that have stayed idle for too long, or
2099:Middlewares/Third_Party/LwIP/src/core/tcp.c ****  * as a method of waiting for memory to become available. For instance,
2100:Middlewares/Third_Party/LwIP/src/core/tcp.c ****  * if a call to tcp_write() has failed because memory wasn't available,
ARM GAS  /tmp/ccwEre5k.s 			page 86


2101:Middlewares/Third_Party/LwIP/src/core/tcp.c ****  * the application may use the polling functionality to call tcp_write()
2102:Middlewares/Third_Party/LwIP/src/core/tcp.c ****  * again when the connection has been idle for a while.
2103:Middlewares/Third_Party/LwIP/src/core/tcp.c ****  */
2104:Middlewares/Third_Party/LwIP/src/core/tcp.c **** void
2105:Middlewares/Third_Party/LwIP/src/core/tcp.c **** tcp_poll(struct tcp_pcb *pcb, tcp_poll_fn poll, u8_t interval)
2106:Middlewares/Third_Party/LwIP/src/core/tcp.c **** {
 2201              		.loc 1 2106 1 is_stmt 1 view -0
 2202              		.cfi_startproc
 2203              		@ args = 0, pretend = 0, frame = 0
 2204              		@ frame_needed = 0, uses_anonymous_args = 0
 2205              		.loc 1 2106 1 is_stmt 0 view .LVU592
 2206 0000 70B5     		push	{r4, r5, r6, lr}
 2207              	.LCFI26:
 2208              		.cfi_def_cfa_offset 16
 2209              		.cfi_offset 4, -16
 2210              		.cfi_offset 5, -12
 2211              		.cfi_offset 6, -8
 2212              		.cfi_offset 14, -4
2107:Middlewares/Third_Party/LwIP/src/core/tcp.c ****   LWIP_ASSERT_CORE_LOCKED();
 2213              		.loc 1 2107 28 is_stmt 1 view .LVU593
2108:Middlewares/Third_Party/LwIP/src/core/tcp.c **** 
2109:Middlewares/Third_Party/LwIP/src/core/tcp.c ****   LWIP_ERROR("tcp_poll: invalid pcb", pcb != NULL, return);
 2214              		.loc 1 2109 3 view .LVU594
 2215              		.loc 1 2109 3 view .LVU595
 2216 0002 48B1     		cbz	r0, .L230
 2217 0004 0D46     		mov	r5, r1
 2218 0006 1446     		mov	r4, r2
 2219 0008 0646     		mov	r6, r0
 2220              		.loc 1 2109 3 discriminator 2 view .LVU596
2110:Middlewares/Third_Party/LwIP/src/core/tcp.c ****   LWIP_ASSERT("invalid socket state for poll", pcb->state != LISTEN);
 2221              		.loc 1 2110 3 discriminator 2 view .LVU597
 2222              		.loc 1 2110 3 discriminator 2 view .LVU598
 2223 000a 037D     		ldrb	r3, [r0, #20]	@ zero_extendqisi2
 2224 000c 012B     		cmp	r3, #1
 2225 000e 0BD0     		beq	.L231
 2226              	.LVL214:
 2227              	.L228:
 2228              		.loc 1 2110 3 discriminator 3 view .LVU599
 2229              		.loc 1 2110 3 discriminator 3 view .LVU600
2111:Middlewares/Third_Party/LwIP/src/core/tcp.c **** 
2112:Middlewares/Third_Party/LwIP/src/core/tcp.c **** #if LWIP_CALLBACK_API
2113:Middlewares/Third_Party/LwIP/src/core/tcp.c ****   pcb->poll = poll;
 2230              		.loc 1 2113 3 discriminator 3 view .LVU601
 2231              		.loc 1 2113 13 is_stmt 0 discriminator 3 view .LVU602
 2232 0010 C6F88C50 		str	r5, [r6, #140]
2114:Middlewares/Third_Party/LwIP/src/core/tcp.c **** #else /* LWIP_CALLBACK_API */
2115:Middlewares/Third_Party/LwIP/src/core/tcp.c ****   LWIP_UNUSED_ARG(poll);
2116:Middlewares/Third_Party/LwIP/src/core/tcp.c **** #endif /* LWIP_CALLBACK_API */
2117:Middlewares/Third_Party/LwIP/src/core/tcp.c ****   pcb->pollinterval = interval;
 2233              		.loc 1 2117 3 is_stmt 1 discriminator 3 view .LVU603
 2234              		.loc 1 2117 21 is_stmt 0 discriminator 3 view .LVU604
 2235 0014 7477     		strb	r4, [r6, #29]
 2236              	.LVL215:
 2237              	.L225:
2118:Middlewares/Third_Party/LwIP/src/core/tcp.c **** }
 2238              		.loc 1 2118 1 view .LVU605
 2239 0016 70BD     		pop	{r4, r5, r6, pc}
ARM GAS  /tmp/ccwEre5k.s 			page 87


 2240              	.LVL216:
 2241              	.L230:
2109:Middlewares/Third_Party/LwIP/src/core/tcp.c ****   LWIP_ASSERT("invalid socket state for poll", pcb->state != LISTEN);
 2242              		.loc 1 2109 3 is_stmt 1 discriminator 1 view .LVU606
2109:Middlewares/Third_Party/LwIP/src/core/tcp.c ****   LWIP_ASSERT("invalid socket state for poll", pcb->state != LISTEN);
 2243              		.loc 1 2109 3 discriminator 1 view .LVU607
 2244 0018 074B     		ldr	r3, .L232
 2245 001a 40F63D02 		movw	r2, #2109
 2246              	.LVL217:
2109:Middlewares/Third_Party/LwIP/src/core/tcp.c ****   LWIP_ASSERT("invalid socket state for poll", pcb->state != LISTEN);
 2247              		.loc 1 2109 3 is_stmt 0 discriminator 1 view .LVU608
 2248 001e 0749     		ldr	r1, .L232+4
 2249              	.LVL218:
2109:Middlewares/Third_Party/LwIP/src/core/tcp.c ****   LWIP_ASSERT("invalid socket state for poll", pcb->state != LISTEN);
 2250              		.loc 1 2109 3 discriminator 1 view .LVU609
 2251 0020 0748     		ldr	r0, .L232+8
 2252              	.LVL219:
2109:Middlewares/Third_Party/LwIP/src/core/tcp.c ****   LWIP_ASSERT("invalid socket state for poll", pcb->state != LISTEN);
 2253              		.loc 1 2109 3 discriminator 1 view .LVU610
 2254 0022 FFF7FEFF 		bl	printf
 2255              	.LVL220:
2109:Middlewares/Third_Party/LwIP/src/core/tcp.c ****   LWIP_ASSERT("invalid socket state for poll", pcb->state != LISTEN);
 2256              		.loc 1 2109 3 is_stmt 1 discriminator 1 view .LVU611
2109:Middlewares/Third_Party/LwIP/src/core/tcp.c ****   LWIP_ASSERT("invalid socket state for poll", pcb->state != LISTEN);
 2257              		.loc 1 2109 3 discriminator 1 view .LVU612
 2258 0026 F6E7     		b	.L225
 2259              	.LVL221:
 2260              	.L231:
2110:Middlewares/Third_Party/LwIP/src/core/tcp.c **** 
 2261              		.loc 1 2110 3 discriminator 1 view .LVU613
2110:Middlewares/Third_Party/LwIP/src/core/tcp.c **** 
 2262              		.loc 1 2110 3 discriminator 1 view .LVU614
 2263 0028 034B     		ldr	r3, .L232
 2264 002a 40F63E02 		movw	r2, #2110
 2265              	.LVL222:
2110:Middlewares/Third_Party/LwIP/src/core/tcp.c **** 
 2266              		.loc 1 2110 3 is_stmt 0 discriminator 1 view .LVU615
 2267 002e 0549     		ldr	r1, .L232+12
 2268              	.LVL223:
2110:Middlewares/Third_Party/LwIP/src/core/tcp.c **** 
 2269              		.loc 1 2110 3 discriminator 1 view .LVU616
 2270 0030 0348     		ldr	r0, .L232+8
 2271              	.LVL224:
2110:Middlewares/Third_Party/LwIP/src/core/tcp.c **** 
 2272              		.loc 1 2110 3 discriminator 1 view .LVU617
 2273 0032 FFF7FEFF 		bl	printf
 2274              	.LVL225:
 2275 0036 EBE7     		b	.L228
 2276              	.L233:
 2277              		.align	2
 2278              	.L232:
 2279 0038 00000000 		.word	.LC0
 2280 003c 00000000 		.word	.LC20
 2281 0040 54000000 		.word	.LC2
 2282 0044 18000000 		.word	.LC21
 2283              		.cfi_endproc
 2284              	.LFE208:
ARM GAS  /tmp/ccwEre5k.s 			page 88


 2286              		.section	.rodata.tcp_next_iss.str1.4,"aMS",%progbits,1
 2287              		.align	2
 2288              	.LC22:
 2289 0000 7463705F 		.ascii	"tcp_next_iss: invalid pcb\000"
 2289      6E657874 
 2289      5F697373 
 2289      3A20696E 
 2289      76616C69 
 2290              		.section	.text.tcp_next_iss,"ax",%progbits
 2291              		.align	1
 2292              		.global	tcp_next_iss
 2293              		.syntax unified
 2294              		.thumb
 2295              		.thumb_func
 2297              	tcp_next_iss:
 2298              	.LVL226:
 2299              	.LFB211:
2119:Middlewares/Third_Party/LwIP/src/core/tcp.c **** 
2120:Middlewares/Third_Party/LwIP/src/core/tcp.c **** /**
2121:Middlewares/Third_Party/LwIP/src/core/tcp.c ****  * Purges a TCP PCB. Removes any buffered data and frees the buffer memory
2122:Middlewares/Third_Party/LwIP/src/core/tcp.c ****  * (pcb->ooseq, pcb->unsent and pcb->unacked are freed).
2123:Middlewares/Third_Party/LwIP/src/core/tcp.c ****  *
2124:Middlewares/Third_Party/LwIP/src/core/tcp.c ****  * @param pcb tcp_pcb to purge. The pcb itself is not deallocated!
2125:Middlewares/Third_Party/LwIP/src/core/tcp.c ****  */
2126:Middlewares/Third_Party/LwIP/src/core/tcp.c **** void
2127:Middlewares/Third_Party/LwIP/src/core/tcp.c **** tcp_pcb_purge(struct tcp_pcb *pcb)
2128:Middlewares/Third_Party/LwIP/src/core/tcp.c **** {
2129:Middlewares/Third_Party/LwIP/src/core/tcp.c ****   LWIP_ERROR("tcp_pcb_purge: invalid pcb", pcb != NULL, return);
2130:Middlewares/Third_Party/LwIP/src/core/tcp.c **** 
2131:Middlewares/Third_Party/LwIP/src/core/tcp.c ****   if (pcb->state != CLOSED &&
2132:Middlewares/Third_Party/LwIP/src/core/tcp.c ****       pcb->state != TIME_WAIT &&
2133:Middlewares/Third_Party/LwIP/src/core/tcp.c ****       pcb->state != LISTEN) {
2134:Middlewares/Third_Party/LwIP/src/core/tcp.c **** 
2135:Middlewares/Third_Party/LwIP/src/core/tcp.c ****     LWIP_DEBUGF(TCP_DEBUG, ("tcp_pcb_purge\n"));
2136:Middlewares/Third_Party/LwIP/src/core/tcp.c **** 
2137:Middlewares/Third_Party/LwIP/src/core/tcp.c ****     tcp_backlog_accepted(pcb);
2138:Middlewares/Third_Party/LwIP/src/core/tcp.c **** 
2139:Middlewares/Third_Party/LwIP/src/core/tcp.c ****     if (pcb->refused_data != NULL) {
2140:Middlewares/Third_Party/LwIP/src/core/tcp.c ****       LWIP_DEBUGF(TCP_DEBUG, ("tcp_pcb_purge: data left on ->refused_data\n"));
2141:Middlewares/Third_Party/LwIP/src/core/tcp.c ****       pbuf_free(pcb->refused_data);
2142:Middlewares/Third_Party/LwIP/src/core/tcp.c ****       pcb->refused_data = NULL;
2143:Middlewares/Third_Party/LwIP/src/core/tcp.c ****     }
2144:Middlewares/Third_Party/LwIP/src/core/tcp.c ****     if (pcb->unsent != NULL) {
2145:Middlewares/Third_Party/LwIP/src/core/tcp.c ****       LWIP_DEBUGF(TCP_DEBUG, ("tcp_pcb_purge: not all data sent\n"));
2146:Middlewares/Third_Party/LwIP/src/core/tcp.c ****     }
2147:Middlewares/Third_Party/LwIP/src/core/tcp.c ****     if (pcb->unacked != NULL) {
2148:Middlewares/Third_Party/LwIP/src/core/tcp.c ****       LWIP_DEBUGF(TCP_DEBUG, ("tcp_pcb_purge: data left on ->unacked\n"));
2149:Middlewares/Third_Party/LwIP/src/core/tcp.c ****     }
2150:Middlewares/Third_Party/LwIP/src/core/tcp.c **** #if TCP_QUEUE_OOSEQ
2151:Middlewares/Third_Party/LwIP/src/core/tcp.c ****     if (pcb->ooseq != NULL) {
2152:Middlewares/Third_Party/LwIP/src/core/tcp.c ****       LWIP_DEBUGF(TCP_DEBUG, ("tcp_pcb_purge: data left on ->ooseq\n"));
2153:Middlewares/Third_Party/LwIP/src/core/tcp.c ****       tcp_free_ooseq(pcb);
2154:Middlewares/Third_Party/LwIP/src/core/tcp.c ****     }
2155:Middlewares/Third_Party/LwIP/src/core/tcp.c **** #endif /* TCP_QUEUE_OOSEQ */
2156:Middlewares/Third_Party/LwIP/src/core/tcp.c **** 
2157:Middlewares/Third_Party/LwIP/src/core/tcp.c ****     /* Stop the retransmission timer as it will expect data on unacked
2158:Middlewares/Third_Party/LwIP/src/core/tcp.c ****        queue if it fires */
ARM GAS  /tmp/ccwEre5k.s 			page 89


2159:Middlewares/Third_Party/LwIP/src/core/tcp.c ****     pcb->rtime = -1;
2160:Middlewares/Third_Party/LwIP/src/core/tcp.c **** 
2161:Middlewares/Third_Party/LwIP/src/core/tcp.c ****     tcp_segs_free(pcb->unsent);
2162:Middlewares/Third_Party/LwIP/src/core/tcp.c ****     tcp_segs_free(pcb->unacked);
2163:Middlewares/Third_Party/LwIP/src/core/tcp.c ****     pcb->unacked = pcb->unsent = NULL;
2164:Middlewares/Third_Party/LwIP/src/core/tcp.c **** #if TCP_OVERSIZE
2165:Middlewares/Third_Party/LwIP/src/core/tcp.c ****     pcb->unsent_oversize = 0;
2166:Middlewares/Third_Party/LwIP/src/core/tcp.c **** #endif /* TCP_OVERSIZE */
2167:Middlewares/Third_Party/LwIP/src/core/tcp.c ****   }
2168:Middlewares/Third_Party/LwIP/src/core/tcp.c **** }
2169:Middlewares/Third_Party/LwIP/src/core/tcp.c **** 
2170:Middlewares/Third_Party/LwIP/src/core/tcp.c **** /**
2171:Middlewares/Third_Party/LwIP/src/core/tcp.c ****  * Purges the PCB and removes it from a PCB list. Any delayed ACKs are sent first.
2172:Middlewares/Third_Party/LwIP/src/core/tcp.c ****  *
2173:Middlewares/Third_Party/LwIP/src/core/tcp.c ****  * @param pcblist PCB list to purge.
2174:Middlewares/Third_Party/LwIP/src/core/tcp.c ****  * @param pcb tcp_pcb to purge. The pcb itself is NOT deallocated!
2175:Middlewares/Third_Party/LwIP/src/core/tcp.c ****  */
2176:Middlewares/Third_Party/LwIP/src/core/tcp.c **** void
2177:Middlewares/Third_Party/LwIP/src/core/tcp.c **** tcp_pcb_remove(struct tcp_pcb **pcblist, struct tcp_pcb *pcb)
2178:Middlewares/Third_Party/LwIP/src/core/tcp.c **** {
2179:Middlewares/Third_Party/LwIP/src/core/tcp.c ****   LWIP_ASSERT("tcp_pcb_remove: invalid pcb", pcb != NULL);
2180:Middlewares/Third_Party/LwIP/src/core/tcp.c ****   LWIP_ASSERT("tcp_pcb_remove: invalid pcblist", pcblist != NULL);
2181:Middlewares/Third_Party/LwIP/src/core/tcp.c **** 
2182:Middlewares/Third_Party/LwIP/src/core/tcp.c ****   TCP_RMV(pcblist, pcb);
2183:Middlewares/Third_Party/LwIP/src/core/tcp.c **** 
2184:Middlewares/Third_Party/LwIP/src/core/tcp.c ****   tcp_pcb_purge(pcb);
2185:Middlewares/Third_Party/LwIP/src/core/tcp.c **** 
2186:Middlewares/Third_Party/LwIP/src/core/tcp.c ****   /* if there is an outstanding delayed ACKs, send it */
2187:Middlewares/Third_Party/LwIP/src/core/tcp.c ****   if ((pcb->state != TIME_WAIT) &&
2188:Middlewares/Third_Party/LwIP/src/core/tcp.c ****       (pcb->state != LISTEN) &&
2189:Middlewares/Third_Party/LwIP/src/core/tcp.c ****       (pcb->flags & TF_ACK_DELAY)) {
2190:Middlewares/Third_Party/LwIP/src/core/tcp.c ****     tcp_ack_now(pcb);
2191:Middlewares/Third_Party/LwIP/src/core/tcp.c ****     tcp_output(pcb);
2192:Middlewares/Third_Party/LwIP/src/core/tcp.c ****   }
2193:Middlewares/Third_Party/LwIP/src/core/tcp.c **** 
2194:Middlewares/Third_Party/LwIP/src/core/tcp.c ****   if (pcb->state != LISTEN) {
2195:Middlewares/Third_Party/LwIP/src/core/tcp.c ****     LWIP_ASSERT("unsent segments leaking", pcb->unsent == NULL);
2196:Middlewares/Third_Party/LwIP/src/core/tcp.c ****     LWIP_ASSERT("unacked segments leaking", pcb->unacked == NULL);
2197:Middlewares/Third_Party/LwIP/src/core/tcp.c **** #if TCP_QUEUE_OOSEQ
2198:Middlewares/Third_Party/LwIP/src/core/tcp.c ****     LWIP_ASSERT("ooseq segments leaking", pcb->ooseq == NULL);
2199:Middlewares/Third_Party/LwIP/src/core/tcp.c **** #endif /* TCP_QUEUE_OOSEQ */
2200:Middlewares/Third_Party/LwIP/src/core/tcp.c ****   }
2201:Middlewares/Third_Party/LwIP/src/core/tcp.c **** 
2202:Middlewares/Third_Party/LwIP/src/core/tcp.c ****   pcb->state = CLOSED;
2203:Middlewares/Third_Party/LwIP/src/core/tcp.c ****   /* reset the local port to prevent the pcb from being 'bound' */
2204:Middlewares/Third_Party/LwIP/src/core/tcp.c ****   pcb->local_port = 0;
2205:Middlewares/Third_Party/LwIP/src/core/tcp.c **** 
2206:Middlewares/Third_Party/LwIP/src/core/tcp.c ****   LWIP_ASSERT("tcp_pcb_remove: tcp_pcbs_sane()", tcp_pcbs_sane());
2207:Middlewares/Third_Party/LwIP/src/core/tcp.c **** }
2208:Middlewares/Third_Party/LwIP/src/core/tcp.c **** 
2209:Middlewares/Third_Party/LwIP/src/core/tcp.c **** /**
2210:Middlewares/Third_Party/LwIP/src/core/tcp.c ****  * Calculates a new initial sequence number for new connections.
2211:Middlewares/Third_Party/LwIP/src/core/tcp.c ****  *
2212:Middlewares/Third_Party/LwIP/src/core/tcp.c ****  * @return u32_t pseudo random sequence number
2213:Middlewares/Third_Party/LwIP/src/core/tcp.c ****  */
2214:Middlewares/Third_Party/LwIP/src/core/tcp.c **** u32_t
2215:Middlewares/Third_Party/LwIP/src/core/tcp.c **** tcp_next_iss(struct tcp_pcb *pcb)
ARM GAS  /tmp/ccwEre5k.s 			page 90


2216:Middlewares/Third_Party/LwIP/src/core/tcp.c **** {
 2300              		.loc 1 2216 1 is_stmt 1 view -0
 2301              		.cfi_startproc
 2302              		@ args = 0, pretend = 0, frame = 0
 2303              		@ frame_needed = 0, uses_anonymous_args = 0
 2304              		.loc 1 2216 1 is_stmt 0 view .LVU619
 2305 0000 08B5     		push	{r3, lr}
 2306              	.LCFI27:
 2307              		.cfi_def_cfa_offset 8
 2308              		.cfi_offset 3, -8
 2309              		.cfi_offset 14, -4
2217:Middlewares/Third_Party/LwIP/src/core/tcp.c **** #ifdef LWIP_HOOK_TCP_ISN
2218:Middlewares/Third_Party/LwIP/src/core/tcp.c ****   LWIP_ASSERT("tcp_next_iss: invalid pcb", pcb != NULL);
2219:Middlewares/Third_Party/LwIP/src/core/tcp.c ****   return LWIP_HOOK_TCP_ISN(&pcb->local_ip, pcb->local_port, &pcb->remote_ip, pcb->remote_port);
2220:Middlewares/Third_Party/LwIP/src/core/tcp.c **** #else /* LWIP_HOOK_TCP_ISN */
2221:Middlewares/Third_Party/LwIP/src/core/tcp.c ****   static u32_t iss = 6510;
 2310              		.loc 1 2221 3 is_stmt 1 view .LVU620
2222:Middlewares/Third_Party/LwIP/src/core/tcp.c **** 
2223:Middlewares/Third_Party/LwIP/src/core/tcp.c ****   LWIP_ASSERT("tcp_next_iss: invalid pcb", pcb != NULL);
 2311              		.loc 1 2223 3 view .LVU621
 2312              		.loc 1 2223 3 view .LVU622
 2313 0002 30B1     		cbz	r0, .L237
 2314              	.LVL227:
 2315              	.L235:
 2316              		.loc 1 2223 3 discriminator 3 view .LVU623
 2317              		.loc 1 2223 3 discriminator 3 view .LVU624
2224:Middlewares/Third_Party/LwIP/src/core/tcp.c ****   LWIP_UNUSED_ARG(pcb);
 2318              		.loc 1 2224 3 discriminator 3 view .LVU625
2225:Middlewares/Third_Party/LwIP/src/core/tcp.c **** 
2226:Middlewares/Third_Party/LwIP/src/core/tcp.c ****   iss += tcp_ticks;       /* XXX */
 2319              		.loc 1 2226 3 discriminator 3 view .LVU626
 2320              		.loc 1 2226 7 is_stmt 0 discriminator 3 view .LVU627
 2321 0004 074B     		ldr	r3, .L238
 2322 0006 1868     		ldr	r0, [r3]
 2323 0008 074A     		ldr	r2, .L238+4
 2324 000a 1268     		ldr	r2, [r2]
 2325 000c 1044     		add	r0, r0, r2
 2326 000e 1860     		str	r0, [r3]
2227:Middlewares/Third_Party/LwIP/src/core/tcp.c ****   return iss;
 2327              		.loc 1 2227 3 is_stmt 1 discriminator 3 view .LVU628
2228:Middlewares/Third_Party/LwIP/src/core/tcp.c **** #endif /* LWIP_HOOK_TCP_ISN */
2229:Middlewares/Third_Party/LwIP/src/core/tcp.c **** }
 2328              		.loc 1 2229 1 is_stmt 0 discriminator 3 view .LVU629
 2329 0010 08BD     		pop	{r3, pc}
 2330              	.LVL228:
 2331              	.L237:
2223:Middlewares/Third_Party/LwIP/src/core/tcp.c ****   LWIP_UNUSED_ARG(pcb);
 2332              		.loc 1 2223 3 is_stmt 1 discriminator 1 view .LVU630
2223:Middlewares/Third_Party/LwIP/src/core/tcp.c ****   LWIP_UNUSED_ARG(pcb);
 2333              		.loc 1 2223 3 discriminator 1 view .LVU631
 2334 0012 064B     		ldr	r3, .L238+8
 2335 0014 40F6AF02 		movw	r2, #2223
 2336 0018 0549     		ldr	r1, .L238+12
 2337 001a 0648     		ldr	r0, .L238+16
 2338              	.LVL229:
2223:Middlewares/Third_Party/LwIP/src/core/tcp.c ****   LWIP_UNUSED_ARG(pcb);
 2339              		.loc 1 2223 3 is_stmt 0 discriminator 1 view .LVU632
ARM GAS  /tmp/ccwEre5k.s 			page 91


 2340 001c FFF7FEFF 		bl	printf
 2341              	.LVL230:
 2342 0020 F0E7     		b	.L235
 2343              	.L239:
 2344 0022 00BF     		.align	2
 2345              	.L238:
 2346 0024 00000000 		.word	iss.0
 2347 0028 00000000 		.word	tcp_ticks
 2348 002c 00000000 		.word	.LC0
 2349 0030 00000000 		.word	.LC22
 2350 0034 54000000 		.word	.LC2
 2351              		.cfi_endproc
 2352              	.LFE211:
 2354              		.section	.rodata.tcp_eff_send_mss_netif.str1.4,"aMS",%progbits,1
 2355              		.align	2
 2356              	.LC23:
 2357 0000 7463705F 		.ascii	"tcp_eff_send_mss_netif: invalid dst_ip\000"
 2357      6566665F 
 2357      73656E64 
 2357      5F6D7373 
 2357      5F6E6574 
 2358              		.section	.text.tcp_eff_send_mss_netif,"ax",%progbits
 2359              		.align	1
 2360              		.global	tcp_eff_send_mss_netif
 2361              		.syntax unified
 2362              		.thumb
 2363              		.thumb_func
 2365              	tcp_eff_send_mss_netif:
 2366              	.LVL231:
 2367              	.LFB212:
2230:Middlewares/Third_Party/LwIP/src/core/tcp.c **** 
2231:Middlewares/Third_Party/LwIP/src/core/tcp.c **** #if TCP_CALCULATE_EFF_SEND_MSS
2232:Middlewares/Third_Party/LwIP/src/core/tcp.c **** /**
2233:Middlewares/Third_Party/LwIP/src/core/tcp.c ****  * Calculates the effective send mss that can be used for a specific IP address
2234:Middlewares/Third_Party/LwIP/src/core/tcp.c ****  * by calculating the minimum of TCP_MSS and the mtu (if set) of the target
2235:Middlewares/Third_Party/LwIP/src/core/tcp.c ****  * netif (if not NULL).
2236:Middlewares/Third_Party/LwIP/src/core/tcp.c ****  */
2237:Middlewares/Third_Party/LwIP/src/core/tcp.c **** u16_t
2238:Middlewares/Third_Party/LwIP/src/core/tcp.c **** tcp_eff_send_mss_netif(u16_t sendmss, struct netif *outif, const ip_addr_t *dest)
2239:Middlewares/Third_Party/LwIP/src/core/tcp.c **** {
 2368              		.loc 1 2239 1 is_stmt 1 view -0
 2369              		.cfi_startproc
 2370              		@ args = 0, pretend = 0, frame = 0
 2371              		@ frame_needed = 0, uses_anonymous_args = 0
 2372              		.loc 1 2239 1 is_stmt 0 view .LVU634
 2373 0000 38B5     		push	{r3, r4, r5, lr}
 2374              	.LCFI28:
 2375              		.cfi_def_cfa_offset 16
 2376              		.cfi_offset 3, -16
 2377              		.cfi_offset 4, -12
 2378              		.cfi_offset 5, -8
 2379              		.cfi_offset 14, -4
 2380 0002 0546     		mov	r5, r0
 2381 0004 0C46     		mov	r4, r1
2240:Middlewares/Third_Party/LwIP/src/core/tcp.c ****   u16_t mss_s;
 2382              		.loc 1 2240 3 is_stmt 1 view .LVU635
2241:Middlewares/Third_Party/LwIP/src/core/tcp.c ****   u16_t mtu;
ARM GAS  /tmp/ccwEre5k.s 			page 92


 2383              		.loc 1 2241 3 view .LVU636
2242:Middlewares/Third_Party/LwIP/src/core/tcp.c **** 
2243:Middlewares/Third_Party/LwIP/src/core/tcp.c ****   LWIP_UNUSED_ARG(dest); /* in case IPv6 is disabled */
 2384              		.loc 1 2243 3 view .LVU637
2244:Middlewares/Third_Party/LwIP/src/core/tcp.c **** 
2245:Middlewares/Third_Party/LwIP/src/core/tcp.c ****   LWIP_ASSERT("tcp_eff_send_mss_netif: invalid dst_ip", dest != NULL);
 2385              		.loc 1 2245 3 view .LVU638
 2386              		.loc 1 2245 3 view .LVU639
 2387 0006 5AB1     		cbz	r2, .L246
 2388              	.LVL232:
 2389              	.L241:
 2390              		.loc 1 2245 3 discriminator 3 view .LVU640
 2391              		.loc 1 2245 3 discriminator 3 view .LVU641
2246:Middlewares/Third_Party/LwIP/src/core/tcp.c **** 
2247:Middlewares/Third_Party/LwIP/src/core/tcp.c **** #if LWIP_IPV6
2248:Middlewares/Third_Party/LwIP/src/core/tcp.c **** #if LWIP_IPV4
2249:Middlewares/Third_Party/LwIP/src/core/tcp.c ****   if (IP_IS_V6(dest))
2250:Middlewares/Third_Party/LwIP/src/core/tcp.c **** #endif /* LWIP_IPV4 */
2251:Middlewares/Third_Party/LwIP/src/core/tcp.c ****   {
2252:Middlewares/Third_Party/LwIP/src/core/tcp.c ****     /* First look in destination cache, to see if there is a Path MTU. */
2253:Middlewares/Third_Party/LwIP/src/core/tcp.c ****     mtu = nd6_get_destination_mtu(ip_2_ip6(dest), outif);
2254:Middlewares/Third_Party/LwIP/src/core/tcp.c ****   }
2255:Middlewares/Third_Party/LwIP/src/core/tcp.c **** #if LWIP_IPV4
2256:Middlewares/Third_Party/LwIP/src/core/tcp.c ****   else
2257:Middlewares/Third_Party/LwIP/src/core/tcp.c **** #endif /* LWIP_IPV4 */
2258:Middlewares/Third_Party/LwIP/src/core/tcp.c **** #endif /* LWIP_IPV6 */
2259:Middlewares/Third_Party/LwIP/src/core/tcp.c **** #if LWIP_IPV4
2260:Middlewares/Third_Party/LwIP/src/core/tcp.c ****   {
2261:Middlewares/Third_Party/LwIP/src/core/tcp.c ****     if (outif == NULL) {
 2392              		.loc 1 2261 5 discriminator 3 view .LVU642
 2393              		.loc 1 2261 8 is_stmt 0 discriminator 3 view .LVU643
 2394 0008 44B1     		cbz	r4, .L242
2262:Middlewares/Third_Party/LwIP/src/core/tcp.c ****       return sendmss;
2263:Middlewares/Third_Party/LwIP/src/core/tcp.c ****     }
2264:Middlewares/Third_Party/LwIP/src/core/tcp.c ****     mtu = outif->mtu;
 2395              		.loc 1 2264 5 is_stmt 1 view .LVU644
 2396              		.loc 1 2264 9 is_stmt 0 view .LVU645
 2397 000a A38C     		ldrh	r3, [r4, #36]
 2398              	.LVL233:
2265:Middlewares/Third_Party/LwIP/src/core/tcp.c ****   }
2266:Middlewares/Third_Party/LwIP/src/core/tcp.c **** #endif /* LWIP_IPV4 */
2267:Middlewares/Third_Party/LwIP/src/core/tcp.c **** 
2268:Middlewares/Third_Party/LwIP/src/core/tcp.c ****   if (mtu != 0) {
 2399              		.loc 1 2268 3 is_stmt 1 view .LVU646
 2400              		.loc 1 2268 6 is_stmt 0 view .LVU647
 2401 000c 33B1     		cbz	r3, .L242
 2402              	.LBB8:
2269:Middlewares/Third_Party/LwIP/src/core/tcp.c ****     u16_t offset;
 2403              		.loc 1 2269 5 is_stmt 1 view .LVU648
2270:Middlewares/Third_Party/LwIP/src/core/tcp.c **** #if LWIP_IPV6
2271:Middlewares/Third_Party/LwIP/src/core/tcp.c **** #if LWIP_IPV4
2272:Middlewares/Third_Party/LwIP/src/core/tcp.c ****     if (IP_IS_V6(dest))
2273:Middlewares/Third_Party/LwIP/src/core/tcp.c **** #endif /* LWIP_IPV4 */
2274:Middlewares/Third_Party/LwIP/src/core/tcp.c ****     {
2275:Middlewares/Third_Party/LwIP/src/core/tcp.c ****       offset = IP6_HLEN + TCP_HLEN;
2276:Middlewares/Third_Party/LwIP/src/core/tcp.c ****     }
2277:Middlewares/Third_Party/LwIP/src/core/tcp.c **** #if LWIP_IPV4
ARM GAS  /tmp/ccwEre5k.s 			page 93


2278:Middlewares/Third_Party/LwIP/src/core/tcp.c ****     else
2279:Middlewares/Third_Party/LwIP/src/core/tcp.c **** #endif /* LWIP_IPV4 */
2280:Middlewares/Third_Party/LwIP/src/core/tcp.c **** #endif /* LWIP_IPV6 */
2281:Middlewares/Third_Party/LwIP/src/core/tcp.c **** #if LWIP_IPV4
2282:Middlewares/Third_Party/LwIP/src/core/tcp.c ****     {
2283:Middlewares/Third_Party/LwIP/src/core/tcp.c ****       offset = IP_HLEN + TCP_HLEN;
 2404              		.loc 1 2283 7 view .LVU649
 2405              	.LVL234:
2284:Middlewares/Third_Party/LwIP/src/core/tcp.c ****     }
2285:Middlewares/Third_Party/LwIP/src/core/tcp.c **** #endif /* LWIP_IPV4 */
2286:Middlewares/Third_Party/LwIP/src/core/tcp.c ****     mss_s = (mtu > offset) ? (u16_t)(mtu - offset) : 0;
 2406              		.loc 1 2286 5 view .LVU650
 2407              		.loc 1 2286 11 is_stmt 0 view .LVU651
 2408 000e 282B     		cmp	r3, #40
 2409 0010 0ED9     		bls	.L244
 2410              		.loc 1 2286 11 discriminator 1 view .LVU652
 2411 0012 283B     		subs	r3, r3, #40
 2412              	.LVL235:
 2413              		.loc 1 2286 11 discriminator 1 view .LVU653
 2414 0014 9BB2     		uxth	r3, r3
 2415              	.LVL236:
 2416              	.L243:
2287:Middlewares/Third_Party/LwIP/src/core/tcp.c ****     /* RFC 1122, chap 4.2.2.6:
2288:Middlewares/Third_Party/LwIP/src/core/tcp.c ****      * Eff.snd.MSS = min(SendMSS+20, MMS_S) - TCPhdrsize - IPoptionsize
2289:Middlewares/Third_Party/LwIP/src/core/tcp.c ****      * We correct for TCP options in tcp_write(), and don't support IP options.
2290:Middlewares/Third_Party/LwIP/src/core/tcp.c ****      */
2291:Middlewares/Third_Party/LwIP/src/core/tcp.c ****     sendmss = LWIP_MIN(sendmss, mss_s);
 2417              		.loc 1 2291 5 is_stmt 1 discriminator 4 view .LVU654
 2418              		.loc 1 2291 13 is_stmt 0 discriminator 4 view .LVU655
 2419 0016 9D42     		cmp	r5, r3
 2420 0018 28BF     		it	cs
 2421 001a 1D46     		movcs	r5, r3
 2422              	.LVL237:
 2423              	.L242:
 2424              		.loc 1 2291 13 discriminator 4 view .LVU656
 2425              	.LBE8:
2292:Middlewares/Third_Party/LwIP/src/core/tcp.c ****   }
2293:Middlewares/Third_Party/LwIP/src/core/tcp.c ****   return sendmss;
2294:Middlewares/Third_Party/LwIP/src/core/tcp.c **** }
 2426              		.loc 1 2294 1 view .LVU657
 2427 001c 2846     		mov	r0, r5
 2428 001e 38BD     		pop	{r3, r4, r5, pc}
 2429              	.LVL238:
 2430              	.L246:
2245:Middlewares/Third_Party/LwIP/src/core/tcp.c **** 
 2431              		.loc 1 2245 3 is_stmt 1 discriminator 1 view .LVU658
2245:Middlewares/Third_Party/LwIP/src/core/tcp.c **** 
 2432              		.loc 1 2245 3 discriminator 1 view .LVU659
 2433 0020 044B     		ldr	r3, .L247
 2434 0022 40F6C502 		movw	r2, #2245
 2435              	.LVL239:
2245:Middlewares/Third_Party/LwIP/src/core/tcp.c **** 
 2436              		.loc 1 2245 3 is_stmt 0 discriminator 1 view .LVU660
 2437 0026 0449     		ldr	r1, .L247+4
 2438              	.LVL240:
2245:Middlewares/Third_Party/LwIP/src/core/tcp.c **** 
 2439              		.loc 1 2245 3 discriminator 1 view .LVU661
ARM GAS  /tmp/ccwEre5k.s 			page 94


 2440 0028 0448     		ldr	r0, .L247+8
 2441              	.LVL241:
2245:Middlewares/Third_Party/LwIP/src/core/tcp.c **** 
 2442              		.loc 1 2245 3 discriminator 1 view .LVU662
 2443 002a FFF7FEFF 		bl	printf
 2444              	.LVL242:
 2445 002e EBE7     		b	.L241
 2446              	.LVL243:
 2447              	.L244:
 2448              	.LBB9:
2286:Middlewares/Third_Party/LwIP/src/core/tcp.c ****     /* RFC 1122, chap 4.2.2.6:
 2449              		.loc 1 2286 11 view .LVU663
 2450 0030 0023     		movs	r3, #0
 2451              	.LVL244:
2286:Middlewares/Third_Party/LwIP/src/core/tcp.c ****     /* RFC 1122, chap 4.2.2.6:
 2452              		.loc 1 2286 11 view .LVU664
 2453 0032 F0E7     		b	.L243
 2454              	.L248:
 2455              		.align	2
 2456              	.L247:
 2457 0034 00000000 		.word	.LC0
 2458 0038 00000000 		.word	.LC23
 2459 003c 54000000 		.word	.LC2
 2460              	.LBE9:
 2461              		.cfi_endproc
 2462              	.LFE212:
 2464              		.section	.rodata.tcp_connect.str1.4,"aMS",%progbits,1
 2465              		.align	2
 2466              	.LC24:
 2467 0000 7463705F 		.ascii	"tcp_connect: invalid pcb\000"
 2467      636F6E6E 
 2467      6563743A 
 2467      20696E76 
 2467      616C6964 
 2468 0019 000000   		.align	2
 2469              	.LC25:
 2470 001c 7463705F 		.ascii	"tcp_connect: invalid ipaddr\000"
 2470      636F6E6E 
 2470      6563743A 
 2470      20696E76 
 2470      616C6964 
 2471              		.align	2
 2472              	.LC26:
 2473 0038 7463705F 		.ascii	"tcp_connect: can only connect from state CLOSED\000"
 2473      636F6E6E 
 2473      6563743A 
 2473      2063616E 
 2473      206F6E6C 
 2474              		.section	.text.tcp_connect,"ax",%progbits
 2475              		.align	1
 2476              		.global	tcp_connect
 2477              		.syntax unified
 2478              		.thumb
 2479              		.thumb_func
 2481              	tcp_connect:
 2482              	.LVL245:
 2483              	.LFB186:
ARM GAS  /tmp/ccwEre5k.s 			page 95


1069:Middlewares/Third_Party/LwIP/src/core/tcp.c ****   struct netif *netif = NULL;
 2484              		.loc 1 1069 1 is_stmt 1 view -0
 2485              		.cfi_startproc
 2486              		@ args = 0, pretend = 0, frame = 0
 2487              		@ frame_needed = 0, uses_anonymous_args = 0
1069:Middlewares/Third_Party/LwIP/src/core/tcp.c ****   struct netif *netif = NULL;
 2488              		.loc 1 1069 1 is_stmt 0 view .LVU666
 2489 0000 F8B5     		push	{r3, r4, r5, r6, r7, lr}
 2490              	.LCFI29:
 2491              		.cfi_def_cfa_offset 24
 2492              		.cfi_offset 3, -24
 2493              		.cfi_offset 4, -20
 2494              		.cfi_offset 5, -16
 2495              		.cfi_offset 6, -12
 2496              		.cfi_offset 7, -8
 2497              		.cfi_offset 14, -4
1070:Middlewares/Third_Party/LwIP/src/core/tcp.c ****   err_t ret;
 2498              		.loc 1 1070 3 is_stmt 1 view .LVU667
 2499              	.LVL246:
1071:Middlewares/Third_Party/LwIP/src/core/tcp.c ****   u32_t iss;
 2500              		.loc 1 1071 3 view .LVU668
1072:Middlewares/Third_Party/LwIP/src/core/tcp.c ****   u16_t old_local_port;
 2501              		.loc 1 1072 3 view .LVU669
1073:Middlewares/Third_Party/LwIP/src/core/tcp.c **** 
 2502              		.loc 1 1073 3 view .LVU670
1075:Middlewares/Third_Party/LwIP/src/core/tcp.c **** 
 2503              		.loc 1 1075 28 view .LVU671
1077:Middlewares/Third_Party/LwIP/src/core/tcp.c ****   LWIP_ERROR("tcp_connect: invalid ipaddr", ipaddr != NULL, return ERR_ARG);
 2504              		.loc 1 1077 3 view .LVU672
1077:Middlewares/Third_Party/LwIP/src/core/tcp.c ****   LWIP_ERROR("tcp_connect: invalid ipaddr", ipaddr != NULL, return ERR_ARG);
 2505              		.loc 1 1077 3 view .LVU673
 2506 0002 0028     		cmp	r0, #0
 2507 0004 50D0     		beq	.L267
 2508 0006 1E46     		mov	r6, r3
 2509 0008 0446     		mov	r4, r0
1077:Middlewares/Third_Party/LwIP/src/core/tcp.c ****   LWIP_ERROR("tcp_connect: invalid ipaddr", ipaddr != NULL, return ERR_ARG);
 2510              		.loc 1 1077 3 discriminator 2 view .LVU674
1078:Middlewares/Third_Party/LwIP/src/core/tcp.c **** 
 2511              		.loc 1 1078 3 discriminator 2 view .LVU675
1078:Middlewares/Third_Party/LwIP/src/core/tcp.c **** 
 2512              		.loc 1 1078 3 discriminator 2 view .LVU676
 2513 000a 0029     		cmp	r1, #0
 2514 000c 56D0     		beq	.L268
1078:Middlewares/Third_Party/LwIP/src/core/tcp.c **** 
 2515              		.loc 1 1078 3 discriminator 2 view .LVU677
1080:Middlewares/Third_Party/LwIP/src/core/tcp.c **** 
 2516              		.loc 1 1080 3 discriminator 2 view .LVU678
1080:Middlewares/Third_Party/LwIP/src/core/tcp.c **** 
 2517              		.loc 1 1080 3 discriminator 2 view .LVU679
 2518 000e 037D     		ldrb	r3, [r0, #20]	@ zero_extendqisi2
 2519              	.LVL247:
1080:Middlewares/Third_Party/LwIP/src/core/tcp.c **** 
 2520              		.loc 1 1080 3 is_stmt 0 discriminator 2 view .LVU680
 2521 0010 002B     		cmp	r3, #0
 2522 0012 5DD1     		bne	.L269
1080:Middlewares/Third_Party/LwIP/src/core/tcp.c **** 
 2523              		.loc 1 1080 3 is_stmt 1 discriminator 1 view .LVU681
ARM GAS  /tmp/ccwEre5k.s 			page 96


1082:Middlewares/Third_Party/LwIP/src/core/tcp.c ****   ip_addr_set(&pcb->remote_ip, ipaddr);
 2524              		.loc 1 1082 67 discriminator 1 view .LVU682
1083:Middlewares/Third_Party/LwIP/src/core/tcp.c ****   pcb->remote_port = port;
 2525              		.loc 1 1083 3 discriminator 1 view .LVU683
 2526 0014 0B68     		ldr	r3, [r1]
 2527 0016 4360     		str	r3, [r0, #4]
1084:Middlewares/Third_Party/LwIP/src/core/tcp.c **** 
 2528              		.loc 1 1084 3 discriminator 1 view .LVU684
1084:Middlewares/Third_Party/LwIP/src/core/tcp.c **** 
 2529              		.loc 1 1084 20 is_stmt 0 discriminator 1 view .LVU685
 2530 0018 0283     		strh	r2, [r0, #24]	@ movhi
1086:Middlewares/Third_Party/LwIP/src/core/tcp.c ****     netif = netif_get_by_index(pcb->netif_idx);
 2531              		.loc 1 1086 3 is_stmt 1 discriminator 1 view .LVU686
1086:Middlewares/Third_Party/LwIP/src/core/tcp.c ****     netif = netif_get_by_index(pcb->netif_idx);
 2532              		.loc 1 1086 10 is_stmt 0 discriminator 1 view .LVU687
 2533 001a 007A     		ldrb	r0, [r0, #8]	@ zero_extendqisi2
 2534              	.LVL248:
1086:Middlewares/Third_Party/LwIP/src/core/tcp.c ****     netif = netif_get_by_index(pcb->netif_idx);
 2535              		.loc 1 1086 6 discriminator 1 view .LVU688
 2536 001c 0028     		cmp	r0, #0
 2537 001e 61D0     		beq	.L254
1087:Middlewares/Third_Party/LwIP/src/core/tcp.c ****   } else {
 2538              		.loc 1 1087 5 is_stmt 1 view .LVU689
1087:Middlewares/Third_Party/LwIP/src/core/tcp.c ****   } else {
 2539              		.loc 1 1087 13 is_stmt 0 view .LVU690
 2540 0020 FFF7FEFF 		bl	netif_get_by_index
 2541              	.LVL249:
1087:Middlewares/Third_Party/LwIP/src/core/tcp.c ****   } else {
 2542              		.loc 1 1087 13 view .LVU691
 2543 0024 0546     		mov	r5, r0
 2544              	.LVL250:
 2545              	.L255:
1092:Middlewares/Third_Party/LwIP/src/core/tcp.c ****     /* Don't even try to send a SYN packet if we have no route since that will fail. */
 2546              		.loc 1 1092 3 is_stmt 1 view .LVU692
1092:Middlewares/Third_Party/LwIP/src/core/tcp.c ****     /* Don't even try to send a SYN packet if we have no route since that will fail. */
 2547              		.loc 1 1092 6 is_stmt 0 view .LVU693
 2548 0026 002D     		cmp	r5, #0
 2549 0028 77D0     		beq	.L263
1098:Middlewares/Third_Party/LwIP/src/core/tcp.c ****     const ip_addr_t *local_ip = ip_netif_get_local_ip(netif, ipaddr);
 2550              		.loc 1 1098 3 is_stmt 1 view .LVU694
1098:Middlewares/Third_Party/LwIP/src/core/tcp.c ****     const ip_addr_t *local_ip = ip_netif_get_local_ip(netif, ipaddr);
 2551              		.loc 1 1098 6 is_stmt 0 view .LVU695
 2552 002a 0CB1     		cbz	r4, .L256
1098:Middlewares/Third_Party/LwIP/src/core/tcp.c ****     const ip_addr_t *local_ip = ip_netif_get_local_ip(netif, ipaddr);
 2553              		.loc 1 1098 7 discriminator 1 view .LVU696
 2554 002c 2368     		ldr	r3, [r4]
 2555 002e 0BB9     		cbnz	r3, .L257
 2556              	.L256:
 2557              	.LBB10:
1099:Middlewares/Third_Party/LwIP/src/core/tcp.c ****     if (local_ip == NULL) {
 2558              		.loc 1 1099 5 is_stmt 1 discriminator 1 view .LVU697
 2559              	.LVL251:
1100:Middlewares/Third_Party/LwIP/src/core/tcp.c ****       return ERR_RTE;
 2560              		.loc 1 1100 5 discriminator 1 view .LVU698
1103:Middlewares/Third_Party/LwIP/src/core/tcp.c ****   }
 2561              		.loc 1 1103 5 discriminator 1 view .LVU699
 2562 0030 6B68     		ldr	r3, [r5, #4]
ARM GAS  /tmp/ccwEre5k.s 			page 97


 2563 0032 2360     		str	r3, [r4]
 2564              	.LVL252:
 2565              	.L257:
1103:Middlewares/Third_Party/LwIP/src/core/tcp.c ****   }
 2566              		.loc 1 1103 5 is_stmt 0 discriminator 1 view .LVU700
 2567              	.LBE10:
1115:Middlewares/Third_Party/LwIP/src/core/tcp.c ****   if (pcb->local_port == 0) {
 2568              		.loc 1 1115 3 is_stmt 1 view .LVU701
1115:Middlewares/Third_Party/LwIP/src/core/tcp.c ****   if (pcb->local_port == 0) {
 2569              		.loc 1 1115 18 is_stmt 0 view .LVU702
 2570 0034 E78A     		ldrh	r7, [r4, #22]
 2571              	.LVL253:
1116:Middlewares/Third_Party/LwIP/src/core/tcp.c ****     pcb->local_port = tcp_new_port();
 2572              		.loc 1 1116 3 is_stmt 1 view .LVU703
1116:Middlewares/Third_Party/LwIP/src/core/tcp.c ****     pcb->local_port = tcp_new_port();
 2573              		.loc 1 1116 6 is_stmt 0 view .LVU704
 2574 0036 27B9     		cbnz	r7, .L258
1117:Middlewares/Third_Party/LwIP/src/core/tcp.c ****     if (pcb->local_port == 0) {
 2575              		.loc 1 1117 5 is_stmt 1 view .LVU705
1117:Middlewares/Third_Party/LwIP/src/core/tcp.c ****     if (pcb->local_port == 0) {
 2576              		.loc 1 1117 23 is_stmt 0 view .LVU706
 2577 0038 FFF7FEFF 		bl	tcp_new_port
 2578              	.LVL254:
1117:Middlewares/Third_Party/LwIP/src/core/tcp.c ****     if (pcb->local_port == 0) {
 2579              		.loc 1 1117 21 view .LVU707
 2580 003c E082     		strh	r0, [r4, #22]	@ movhi
1118:Middlewares/Third_Party/LwIP/src/core/tcp.c ****       return ERR_BUF;
 2581              		.loc 1 1118 5 is_stmt 1 view .LVU708
1118:Middlewares/Third_Party/LwIP/src/core/tcp.c ****       return ERR_BUF;
 2582              		.loc 1 1118 8 is_stmt 0 view .LVU709
 2583 003e 0028     		cmp	r0, #0
 2584 0040 6ED0     		beq	.L264
 2585              	.L258:
1142:Middlewares/Third_Party/LwIP/src/core/tcp.c **** 
 2586              		.loc 1 1142 3 is_stmt 1 view .LVU710
1144:Middlewares/Third_Party/LwIP/src/core/tcp.c ****   pcb->rcv_nxt = 0;
 2587              		.loc 1 1144 3 view .LVU711
1144:Middlewares/Third_Party/LwIP/src/core/tcp.c ****   pcb->rcv_nxt = 0;
 2588              		.loc 1 1144 9 is_stmt 0 view .LVU712
 2589 0042 2046     		mov	r0, r4
 2590 0044 FFF7FEFF 		bl	tcp_next_iss
 2591              	.LVL255:
1145:Middlewares/Third_Party/LwIP/src/core/tcp.c ****   pcb->snd_nxt = iss;
 2592              		.loc 1 1145 3 is_stmt 1 view .LVU713
1145:Middlewares/Third_Party/LwIP/src/core/tcp.c ****   pcb->snd_nxt = iss;
 2593              		.loc 1 1145 16 is_stmt 0 view .LVU714
 2594 0048 0021     		movs	r1, #0
 2595 004a 6162     		str	r1, [r4, #36]
1146:Middlewares/Third_Party/LwIP/src/core/tcp.c ****   pcb->lastack = iss - 1;
 2596              		.loc 1 1146 3 is_stmt 1 view .LVU715
1146:Middlewares/Third_Party/LwIP/src/core/tcp.c ****   pcb->lastack = iss - 1;
 2597              		.loc 1 1146 16 is_stmt 0 view .LVU716
 2598 004c 2065     		str	r0, [r4, #80]
1147:Middlewares/Third_Party/LwIP/src/core/tcp.c ****   pcb->snd_wl2 = iss - 1;
 2599              		.loc 1 1147 3 is_stmt 1 view .LVU717
1147:Middlewares/Third_Party/LwIP/src/core/tcp.c ****   pcb->snd_wl2 = iss - 1;
 2600              		.loc 1 1147 22 is_stmt 0 view .LVU718
ARM GAS  /tmp/ccwEre5k.s 			page 98


 2601 004e 0138     		subs	r0, r0, #1
 2602              	.LVL256:
1147:Middlewares/Third_Party/LwIP/src/core/tcp.c ****   pcb->snd_wl2 = iss - 1;
 2603              		.loc 1 1147 16 view .LVU719
 2604 0050 6064     		str	r0, [r4, #68]
1148:Middlewares/Third_Party/LwIP/src/core/tcp.c ****   pcb->snd_lbb = iss - 1;
 2605              		.loc 1 1148 3 is_stmt 1 view .LVU720
1148:Middlewares/Third_Party/LwIP/src/core/tcp.c ****   pcb->snd_lbb = iss - 1;
 2606              		.loc 1 1148 16 is_stmt 0 view .LVU721
 2607 0052 A065     		str	r0, [r4, #88]
1149:Middlewares/Third_Party/LwIP/src/core/tcp.c ****   /* Start with a window that does not need scaling. When window scaling is
 2608              		.loc 1 1149 3 is_stmt 1 view .LVU722
1149:Middlewares/Third_Party/LwIP/src/core/tcp.c ****   /* Start with a window that does not need scaling. When window scaling is
 2609              		.loc 1 1149 16 is_stmt 0 view .LVU723
 2610 0054 E065     		str	r0, [r4, #92]
1152:Middlewares/Third_Party/LwIP/src/core/tcp.c ****   pcb->rcv_ann_right_edge = pcb->rcv_nxt;
 2611              		.loc 1 1152 3 is_stmt 1 view .LVU724
1152:Middlewares/Third_Party/LwIP/src/core/tcp.c ****   pcb->rcv_ann_right_edge = pcb->rcv_nxt;
 2612              		.loc 1 1152 35 is_stmt 0 view .LVU725
 2613 0056 4FF40663 		mov	r3, #2144
 2614 005a 6385     		strh	r3, [r4, #42]	@ movhi
1152:Middlewares/Third_Party/LwIP/src/core/tcp.c ****   pcb->rcv_ann_right_edge = pcb->rcv_nxt;
 2615              		.loc 1 1152 16 view .LVU726
 2616 005c 2385     		strh	r3, [r4, #40]	@ movhi
1153:Middlewares/Third_Party/LwIP/src/core/tcp.c ****   pcb->snd_wnd = TCP_WND;
 2617              		.loc 1 1153 3 is_stmt 1 view .LVU727
1153:Middlewares/Third_Party/LwIP/src/core/tcp.c ****   pcb->snd_wnd = TCP_WND;
 2618              		.loc 1 1153 27 is_stmt 0 view .LVU728
 2619 005e E162     		str	r1, [r4, #44]
1154:Middlewares/Third_Party/LwIP/src/core/tcp.c ****   /* As initial send MSS, we use TCP_MSS but limit it to 536.
 2620              		.loc 1 1154 3 is_stmt 1 view .LVU729
1154:Middlewares/Third_Party/LwIP/src/core/tcp.c ****   /* As initial send MSS, we use TCP_MSS but limit it to 536.
 2621              		.loc 1 1154 16 is_stmt 0 view .LVU730
 2622 0060 A4F86030 		strh	r3, [r4, #96]	@ movhi
1157:Middlewares/Third_Party/LwIP/src/core/tcp.c **** #if TCP_CALCULATE_EFF_SEND_MSS
 2623              		.loc 1 1157 3 is_stmt 1 view .LVU731
1157:Middlewares/Third_Party/LwIP/src/core/tcp.c **** #if TCP_CALCULATE_EFF_SEND_MSS
 2624              		.loc 1 1157 12 is_stmt 0 view .LVU732
 2625 0064 4FF40670 		mov	r0, #536
 2626 0068 6086     		strh	r0, [r4, #50]	@ movhi
1159:Middlewares/Third_Party/LwIP/src/core/tcp.c **** #endif /* TCP_CALCULATE_EFF_SEND_MSS */
 2627              		.loc 1 1159 3 is_stmt 1 view .LVU733
1159:Middlewares/Third_Party/LwIP/src/core/tcp.c **** #endif /* TCP_CALCULATE_EFF_SEND_MSS */
 2628              		.loc 1 1159 14 is_stmt 0 view .LVU734
 2629 006a 221D     		adds	r2, r4, #4
 2630 006c 2946     		mov	r1, r5
 2631 006e FFF7FEFF 		bl	tcp_eff_send_mss_netif
 2632              	.LVL257:
1159:Middlewares/Third_Party/LwIP/src/core/tcp.c **** #endif /* TCP_CALCULATE_EFF_SEND_MSS */
 2633              		.loc 1 1159 12 view .LVU735
 2634 0072 6086     		strh	r0, [r4, #50]	@ movhi
1161:Middlewares/Third_Party/LwIP/src/core/tcp.c **** #if LWIP_CALLBACK_API
 2635              		.loc 1 1161 3 is_stmt 1 view .LVU736
1161:Middlewares/Third_Party/LwIP/src/core/tcp.c **** #if LWIP_CALLBACK_API
 2636              		.loc 1 1161 13 is_stmt 0 view .LVU737
 2637 0074 0123     		movs	r3, #1
 2638 0076 A4F84830 		strh	r3, [r4, #72]	@ movhi
ARM GAS  /tmp/ccwEre5k.s 			page 99


1163:Middlewares/Third_Party/LwIP/src/core/tcp.c **** #else /* LWIP_CALLBACK_API */
 2639              		.loc 1 1163 3 is_stmt 1 view .LVU738
1163:Middlewares/Third_Party/LwIP/src/core/tcp.c **** #else /* LWIP_CALLBACK_API */
 2640              		.loc 1 1163 18 is_stmt 0 view .LVU739
 2641 007a C4F88860 		str	r6, [r4, #136]
1169:Middlewares/Third_Party/LwIP/src/core/tcp.c ****   if (ret == ERR_OK) {
 2642              		.loc 1 1169 3 is_stmt 1 view .LVU740
1169:Middlewares/Third_Party/LwIP/src/core/tcp.c ****   if (ret == ERR_OK) {
 2643              		.loc 1 1169 9 is_stmt 0 view .LVU741
 2644 007e 0221     		movs	r1, #2
 2645 0080 2046     		mov	r0, r4
 2646 0082 FFF7FEFF 		bl	tcp_enqueue_flags
 2647              	.LVL258:
1170:Middlewares/Third_Party/LwIP/src/core/tcp.c ****     /* SYN segment was enqueued, changed the pcbs state now */
 2648              		.loc 1 1170 3 is_stmt 1 view .LVU742
1170:Middlewares/Third_Party/LwIP/src/core/tcp.c ****     /* SYN segment was enqueued, changed the pcbs state now */
 2649              		.loc 1 1170 6 is_stmt 0 view .LVU743
 2650 0086 0546     		mov	r5, r0
 2651              	.LVL259:
1170:Middlewares/Third_Party/LwIP/src/core/tcp.c ****     /* SYN segment was enqueued, changed the pcbs state now */
 2652              		.loc 1 1170 6 view .LVU744
 2653 0088 0028     		cmp	r0, #0
 2654 008a 44D1     		bne	.L251
1172:Middlewares/Third_Party/LwIP/src/core/tcp.c ****     if (old_local_port != 0) {
 2655              		.loc 1 1172 5 is_stmt 1 view .LVU745
1172:Middlewares/Third_Party/LwIP/src/core/tcp.c ****     if (old_local_port != 0) {
 2656              		.loc 1 1172 16 is_stmt 0 view .LVU746
 2657 008c 0223     		movs	r3, #2
 2658 008e 2375     		strb	r3, [r4, #20]
1173:Middlewares/Third_Party/LwIP/src/core/tcp.c ****       TCP_RMV(&tcp_bound_pcbs, pcb);
 2659              		.loc 1 1173 5 is_stmt 1 view .LVU747
1173:Middlewares/Third_Party/LwIP/src/core/tcp.c ****       TCP_RMV(&tcp_bound_pcbs, pcb);
 2660              		.loc 1 1173 8 is_stmt 0 view .LVU748
 2661 0090 002F     		cmp	r7, #0
 2662 0092 34D0     		beq	.L259
1174:Middlewares/Third_Party/LwIP/src/core/tcp.c ****     }
 2663              		.loc 1 1174 7 is_stmt 1 view .LVU749
1174:Middlewares/Third_Party/LwIP/src/core/tcp.c ****     }
 2664              		.loc 1 1174 7 view .LVU750
 2665 0094 244B     		ldr	r3, .L272
 2666 0096 1B68     		ldr	r3, [r3]
 2667 0098 A342     		cmp	r3, r4
 2668 009a 28D0     		beq	.L270
 2669              	.L260:
 2670              	.LVL260:
 2671              	.LBB11:
1174:Middlewares/Third_Party/LwIP/src/core/tcp.c ****     }
 2672              		.loc 1 1174 7 discriminator 8 view .LVU751
 2673 009c 6BB3     		cbz	r3, .L261
1174:Middlewares/Third_Party/LwIP/src/core/tcp.c ****     }
 2674              		.loc 1 1174 7 discriminator 9 view .LVU752
 2675 009e DA68     		ldr	r2, [r3, #12]
 2676 00a0 A242     		cmp	r2, r4
 2677 00a2 28D0     		beq	.L271
1174:Middlewares/Third_Party/LwIP/src/core/tcp.c ****     }
 2678              		.loc 1 1174 7 is_stmt 0 view .LVU753
 2679 00a4 1346     		mov	r3, r2
ARM GAS  /tmp/ccwEre5k.s 			page 100


 2680              	.LVL261:
1174:Middlewares/Third_Party/LwIP/src/core/tcp.c ****     }
 2681              		.loc 1 1174 7 view .LVU754
 2682 00a6 F9E7     		b	.L260
 2683              	.LVL262:
 2684              	.L267:
1174:Middlewares/Third_Party/LwIP/src/core/tcp.c ****     }
 2685              		.loc 1 1174 7 view .LVU755
 2686              	.LBE11:
1077:Middlewares/Third_Party/LwIP/src/core/tcp.c ****   LWIP_ERROR("tcp_connect: invalid ipaddr", ipaddr != NULL, return ERR_ARG);
 2687              		.loc 1 1077 3 is_stmt 1 discriminator 1 view .LVU756
1077:Middlewares/Third_Party/LwIP/src/core/tcp.c ****   LWIP_ERROR("tcp_connect: invalid ipaddr", ipaddr != NULL, return ERR_ARG);
 2688              		.loc 1 1077 3 discriminator 1 view .LVU757
 2689 00a8 204B     		ldr	r3, .L272+4
 2690              	.LVL263:
1077:Middlewares/Third_Party/LwIP/src/core/tcp.c ****   LWIP_ERROR("tcp_connect: invalid ipaddr", ipaddr != NULL, return ERR_ARG);
 2691              		.loc 1 1077 3 is_stmt 0 discriminator 1 view .LVU758
 2692 00aa 40F23542 		movw	r2, #1077
 2693              	.LVL264:
1077:Middlewares/Third_Party/LwIP/src/core/tcp.c ****   LWIP_ERROR("tcp_connect: invalid ipaddr", ipaddr != NULL, return ERR_ARG);
 2694              		.loc 1 1077 3 discriminator 1 view .LVU759
 2695 00ae 2049     		ldr	r1, .L272+8
 2696              	.LVL265:
1077:Middlewares/Third_Party/LwIP/src/core/tcp.c ****   LWIP_ERROR("tcp_connect: invalid ipaddr", ipaddr != NULL, return ERR_ARG);
 2697              		.loc 1 1077 3 discriminator 1 view .LVU760
 2698 00b0 2048     		ldr	r0, .L272+12
 2699              	.LVL266:
1077:Middlewares/Third_Party/LwIP/src/core/tcp.c ****   LWIP_ERROR("tcp_connect: invalid ipaddr", ipaddr != NULL, return ERR_ARG);
 2700              		.loc 1 1077 3 discriminator 1 view .LVU761
 2701 00b2 FFF7FEFF 		bl	printf
 2702              	.LVL267:
1077:Middlewares/Third_Party/LwIP/src/core/tcp.c ****   LWIP_ERROR("tcp_connect: invalid ipaddr", ipaddr != NULL, return ERR_ARG);
 2703              		.loc 1 1077 3 is_stmt 1 discriminator 1 view .LVU762
1077:Middlewares/Third_Party/LwIP/src/core/tcp.c ****   LWIP_ERROR("tcp_connect: invalid ipaddr", ipaddr != NULL, return ERR_ARG);
 2704              		.loc 1 1077 3 discriminator 1 view .LVU763
 2705 00b6 6FF00F05 		mvn	r5, #15
 2706 00ba 2CE0     		b	.L251
 2707              	.LVL268:
 2708              	.L268:
1078:Middlewares/Third_Party/LwIP/src/core/tcp.c **** 
 2709              		.loc 1 1078 3 discriminator 1 view .LVU764
1078:Middlewares/Third_Party/LwIP/src/core/tcp.c **** 
 2710              		.loc 1 1078 3 discriminator 1 view .LVU765
 2711 00bc 1B4B     		ldr	r3, .L272+4
 2712              	.LVL269:
1078:Middlewares/Third_Party/LwIP/src/core/tcp.c **** 
 2713              		.loc 1 1078 3 is_stmt 0 discriminator 1 view .LVU766
 2714 00be 40F23642 		movw	r2, #1078
 2715              	.LVL270:
1078:Middlewares/Third_Party/LwIP/src/core/tcp.c **** 
 2716              		.loc 1 1078 3 discriminator 1 view .LVU767
 2717 00c2 1D49     		ldr	r1, .L272+16
 2718              	.LVL271:
1078:Middlewares/Third_Party/LwIP/src/core/tcp.c **** 
 2719              		.loc 1 1078 3 discriminator 1 view .LVU768
 2720 00c4 1B48     		ldr	r0, .L272+12
 2721              	.LVL272:
ARM GAS  /tmp/ccwEre5k.s 			page 101


1078:Middlewares/Third_Party/LwIP/src/core/tcp.c **** 
 2722              		.loc 1 1078 3 discriminator 1 view .LVU769
 2723 00c6 FFF7FEFF 		bl	printf
 2724              	.LVL273:
1078:Middlewares/Third_Party/LwIP/src/core/tcp.c **** 
 2725              		.loc 1 1078 3 is_stmt 1 discriminator 1 view .LVU770
1078:Middlewares/Third_Party/LwIP/src/core/tcp.c **** 
 2726              		.loc 1 1078 3 discriminator 1 view .LVU771
 2727 00ca 6FF00F05 		mvn	r5, #15
 2728 00ce 22E0     		b	.L251
 2729              	.LVL274:
 2730              	.L269:
1080:Middlewares/Third_Party/LwIP/src/core/tcp.c **** 
 2731              		.loc 1 1080 3 discriminator 1 view .LVU772
1080:Middlewares/Third_Party/LwIP/src/core/tcp.c **** 
 2732              		.loc 1 1080 3 discriminator 1 view .LVU773
 2733 00d0 164B     		ldr	r3, .L272+4
 2734 00d2 4FF48762 		mov	r2, #1080
 2735              	.LVL275:
1080:Middlewares/Third_Party/LwIP/src/core/tcp.c **** 
 2736              		.loc 1 1080 3 is_stmt 0 discriminator 1 view .LVU774
 2737 00d6 1949     		ldr	r1, .L272+20
 2738              	.LVL276:
1080:Middlewares/Third_Party/LwIP/src/core/tcp.c **** 
 2739              		.loc 1 1080 3 discriminator 1 view .LVU775
 2740 00d8 1648     		ldr	r0, .L272+12
 2741              	.LVL277:
1080:Middlewares/Third_Party/LwIP/src/core/tcp.c **** 
 2742              		.loc 1 1080 3 discriminator 1 view .LVU776
 2743 00da FFF7FEFF 		bl	printf
 2744              	.LVL278:
1080:Middlewares/Third_Party/LwIP/src/core/tcp.c **** 
 2745              		.loc 1 1080 3 is_stmt 1 discriminator 1 view .LVU777
1080:Middlewares/Third_Party/LwIP/src/core/tcp.c **** 
 2746              		.loc 1 1080 3 discriminator 1 view .LVU778
 2747 00de 6FF00905 		mvn	r5, #9
 2748 00e2 18E0     		b	.L251
 2749              	.LVL279:
 2750              	.L254:
1090:Middlewares/Third_Party/LwIP/src/core/tcp.c ****   }
 2751              		.loc 1 1090 5 view .LVU779
1090:Middlewares/Third_Party/LwIP/src/core/tcp.c ****   }
 2752              		.loc 1 1090 13 is_stmt 0 view .LVU780
 2753 00e4 201D     		adds	r0, r4, #4
 2754 00e6 FFF7FEFF 		bl	ip4_route
 2755              	.LVL280:
1090:Middlewares/Third_Party/LwIP/src/core/tcp.c ****   }
 2756              		.loc 1 1090 13 view .LVU781
 2757 00ea 0546     		mov	r5, r0
 2758              	.LVL281:
1090:Middlewares/Third_Party/LwIP/src/core/tcp.c ****   }
 2759              		.loc 1 1090 13 view .LVU782
 2760 00ec 9BE7     		b	.L255
 2761              	.LVL282:
 2762              	.L270:
1174:Middlewares/Third_Party/LwIP/src/core/tcp.c ****     }
 2763              		.loc 1 1174 7 is_stmt 1 discriminator 1 view .LVU783
ARM GAS  /tmp/ccwEre5k.s 			page 102


 2764 00ee DA68     		ldr	r2, [r3, #12]
 2765 00f0 0D4B     		ldr	r3, .L272
 2766 00f2 1A60     		str	r2, [r3]
 2767 00f4 01E0     		b	.L261
 2768              	.LVL283:
 2769              	.L271:
 2770              	.LBB12:
1174:Middlewares/Third_Party/LwIP/src/core/tcp.c ****     }
 2771              		.loc 1 1174 7 discriminator 5 view .LVU784
 2772 00f6 E268     		ldr	r2, [r4, #12]
 2773 00f8 DA60     		str	r2, [r3, #12]
1174:Middlewares/Third_Party/LwIP/src/core/tcp.c ****     }
 2774              		.loc 1 1174 7 discriminator 5 view .LVU785
 2775              	.LVL284:
 2776              	.L261:
1174:Middlewares/Third_Party/LwIP/src/core/tcp.c ****     }
 2777              		.loc 1 1174 7 is_stmt 0 discriminator 5 view .LVU786
 2778              	.LBE12:
1174:Middlewares/Third_Party/LwIP/src/core/tcp.c ****     }
 2779              		.loc 1 1174 7 is_stmt 1 discriminator 10 view .LVU787
 2780 00fa 0023     		movs	r3, #0
 2781 00fc E360     		str	r3, [r4, #12]
 2782              	.L259:
1174:Middlewares/Third_Party/LwIP/src/core/tcp.c ****     }
 2783              		.loc 1 1174 7 discriminator 11 view .LVU788
1176:Middlewares/Third_Party/LwIP/src/core/tcp.c ****     MIB2_STATS_INC(mib2.tcpactiveopens);
 2784              		.loc 1 1176 5 discriminator 11 view .LVU789
1176:Middlewares/Third_Party/LwIP/src/core/tcp.c ****     MIB2_STATS_INC(mib2.tcpactiveopens);
 2785              		.loc 1 1176 5 discriminator 11 view .LVU790
1176:Middlewares/Third_Party/LwIP/src/core/tcp.c ****     MIB2_STATS_INC(mib2.tcpactiveopens);
 2786              		.loc 1 1176 5 discriminator 11 view .LVU791
 2787 00fe 104B     		ldr	r3, .L272+24
 2788 0100 1A68     		ldr	r2, [r3]
 2789 0102 E260     		str	r2, [r4, #12]
1176:Middlewares/Third_Party/LwIP/src/core/tcp.c ****     MIB2_STATS_INC(mib2.tcpactiveopens);
 2790              		.loc 1 1176 5 discriminator 11 view .LVU792
 2791 0104 1C60     		str	r4, [r3]
1176:Middlewares/Third_Party/LwIP/src/core/tcp.c ****     MIB2_STATS_INC(mib2.tcpactiveopens);
 2792              		.loc 1 1176 5 discriminator 11 view .LVU793
 2793 0106 FFF7FEFF 		bl	tcp_timer_needed
 2794              	.LVL285:
1176:Middlewares/Third_Party/LwIP/src/core/tcp.c ****     MIB2_STATS_INC(mib2.tcpactiveopens);
 2795              		.loc 1 1176 5 discriminator 11 view .LVU794
1176:Middlewares/Third_Party/LwIP/src/core/tcp.c ****     MIB2_STATS_INC(mib2.tcpactiveopens);
 2796              		.loc 1 1176 5 discriminator 11 view .LVU795
 2797 010a 0E4B     		ldr	r3, .L272+28
 2798 010c 0122     		movs	r2, #1
 2799 010e 1A70     		strb	r2, [r3]
1176:Middlewares/Third_Party/LwIP/src/core/tcp.c ****     MIB2_STATS_INC(mib2.tcpactiveopens);
 2800              		.loc 1 1176 5 discriminator 11 view .LVU796
1177:Middlewares/Third_Party/LwIP/src/core/tcp.c **** 
 2801              		.loc 1 1177 40 discriminator 11 view .LVU797
1179:Middlewares/Third_Party/LwIP/src/core/tcp.c ****   }
 2802              		.loc 1 1179 5 discriminator 11 view .LVU798
 2803 0110 2046     		mov	r0, r4
 2804 0112 FFF7FEFF 		bl	tcp_output
 2805              	.LVL286:
ARM GAS  /tmp/ccwEre5k.s 			page 103


 2806              	.L251:
1182:Middlewares/Third_Party/LwIP/src/core/tcp.c **** 
 2807              		.loc 1 1182 1 is_stmt 0 view .LVU799
 2808 0116 2846     		mov	r0, r5
 2809 0118 F8BD     		pop	{r3, r4, r5, r6, r7, pc}
 2810              	.LVL287:
 2811              	.L263:
1094:Middlewares/Third_Party/LwIP/src/core/tcp.c ****   }
 2812              		.loc 1 1094 12 view .LVU800
 2813 011a 6FF00305 		mvn	r5, #3
 2814 011e FAE7     		b	.L251
 2815              	.LVL288:
 2816              	.L264:
1119:Middlewares/Third_Party/LwIP/src/core/tcp.c ****     }
 2817              		.loc 1 1119 14 view .LVU801
 2818 0120 6FF00105 		mvn	r5, #1
 2819              	.LVL289:
1119:Middlewares/Third_Party/LwIP/src/core/tcp.c ****     }
 2820              		.loc 1 1119 14 view .LVU802
 2821 0124 F7E7     		b	.L251
 2822              	.L273:
 2823 0126 00BF     		.align	2
 2824              	.L272:
 2825 0128 00000000 		.word	tcp_bound_pcbs
 2826 012c 00000000 		.word	.LC0
 2827 0130 00000000 		.word	.LC24
 2828 0134 54000000 		.word	.LC2
 2829 0138 1C000000 		.word	.LC25
 2830 013c 38000000 		.word	.LC26
 2831 0140 00000000 		.word	tcp_active_pcbs
 2832 0144 00000000 		.word	tcp_active_pcbs_changed
 2833              		.cfi_endproc
 2834              	.LFE186:
 2836              		.section	.text.tcp_debug_state_str,"ax",%progbits
 2837              		.align	1
 2838              		.global	tcp_debug_state_str
 2839              		.syntax unified
 2840              		.thumb
 2841              		.thumb_func
 2843              	tcp_debug_state_str:
 2844              	.LVL290:
 2845              	.LFB215:
2295:Middlewares/Third_Party/LwIP/src/core/tcp.c **** #endif /* TCP_CALCULATE_EFF_SEND_MSS */
2296:Middlewares/Third_Party/LwIP/src/core/tcp.c **** 
2297:Middlewares/Third_Party/LwIP/src/core/tcp.c **** /** Helper function for tcp_netif_ip_addr_changed() that iterates a pcb list */
2298:Middlewares/Third_Party/LwIP/src/core/tcp.c **** static void
2299:Middlewares/Third_Party/LwIP/src/core/tcp.c **** tcp_netif_ip_addr_changed_pcblist(const ip_addr_t *old_addr, struct tcp_pcb *pcb_list)
2300:Middlewares/Third_Party/LwIP/src/core/tcp.c **** {
2301:Middlewares/Third_Party/LwIP/src/core/tcp.c ****   struct tcp_pcb *pcb;
2302:Middlewares/Third_Party/LwIP/src/core/tcp.c ****   pcb = pcb_list;
2303:Middlewares/Third_Party/LwIP/src/core/tcp.c **** 
2304:Middlewares/Third_Party/LwIP/src/core/tcp.c ****   LWIP_ASSERT("tcp_netif_ip_addr_changed_pcblist: invalid old_addr", old_addr != NULL);
2305:Middlewares/Third_Party/LwIP/src/core/tcp.c **** 
2306:Middlewares/Third_Party/LwIP/src/core/tcp.c ****   while (pcb != NULL) {
2307:Middlewares/Third_Party/LwIP/src/core/tcp.c ****     /* PCB bound to current local interface address? */
2308:Middlewares/Third_Party/LwIP/src/core/tcp.c ****     if (ip_addr_cmp(&pcb->local_ip, old_addr)
2309:Middlewares/Third_Party/LwIP/src/core/tcp.c **** #if LWIP_AUTOIP
ARM GAS  /tmp/ccwEre5k.s 			page 104


2310:Middlewares/Third_Party/LwIP/src/core/tcp.c ****         /* connections to link-local addresses must persist (RFC3927 ch. 1.9) */
2311:Middlewares/Third_Party/LwIP/src/core/tcp.c ****         && (!IP_IS_V4_VAL(pcb->local_ip) || !ip4_addr_islinklocal(ip_2_ip4(&pcb->local_ip)))
2312:Middlewares/Third_Party/LwIP/src/core/tcp.c **** #endif /* LWIP_AUTOIP */
2313:Middlewares/Third_Party/LwIP/src/core/tcp.c ****        ) {
2314:Middlewares/Third_Party/LwIP/src/core/tcp.c ****       /* this connection must be aborted */
2315:Middlewares/Third_Party/LwIP/src/core/tcp.c ****       struct tcp_pcb *next = pcb->next;
2316:Middlewares/Third_Party/LwIP/src/core/tcp.c ****       LWIP_DEBUGF(NETIF_DEBUG | LWIP_DBG_STATE, ("netif_set_ipaddr: aborting TCP pcb %p\n", (void *
2317:Middlewares/Third_Party/LwIP/src/core/tcp.c ****       tcp_abort(pcb);
2318:Middlewares/Third_Party/LwIP/src/core/tcp.c ****       pcb = next;
2319:Middlewares/Third_Party/LwIP/src/core/tcp.c ****     } else {
2320:Middlewares/Third_Party/LwIP/src/core/tcp.c ****       pcb = pcb->next;
2321:Middlewares/Third_Party/LwIP/src/core/tcp.c ****     }
2322:Middlewares/Third_Party/LwIP/src/core/tcp.c ****   }
2323:Middlewares/Third_Party/LwIP/src/core/tcp.c **** }
2324:Middlewares/Third_Party/LwIP/src/core/tcp.c **** 
2325:Middlewares/Third_Party/LwIP/src/core/tcp.c **** /** This function is called from netif.c when address is changed or netif is removed
2326:Middlewares/Third_Party/LwIP/src/core/tcp.c ****  *
2327:Middlewares/Third_Party/LwIP/src/core/tcp.c ****  * @param old_addr IP address of the netif before change
2328:Middlewares/Third_Party/LwIP/src/core/tcp.c ****  * @param new_addr IP address of the netif after change or NULL if netif has been removed
2329:Middlewares/Third_Party/LwIP/src/core/tcp.c ****  */
2330:Middlewares/Third_Party/LwIP/src/core/tcp.c **** void
2331:Middlewares/Third_Party/LwIP/src/core/tcp.c **** tcp_netif_ip_addr_changed(const ip_addr_t *old_addr, const ip_addr_t *new_addr)
2332:Middlewares/Third_Party/LwIP/src/core/tcp.c **** {
2333:Middlewares/Third_Party/LwIP/src/core/tcp.c ****   struct tcp_pcb_listen *lpcb;
2334:Middlewares/Third_Party/LwIP/src/core/tcp.c **** 
2335:Middlewares/Third_Party/LwIP/src/core/tcp.c ****   if (!ip_addr_isany(old_addr)) {
2336:Middlewares/Third_Party/LwIP/src/core/tcp.c ****     tcp_netif_ip_addr_changed_pcblist(old_addr, tcp_active_pcbs);
2337:Middlewares/Third_Party/LwIP/src/core/tcp.c ****     tcp_netif_ip_addr_changed_pcblist(old_addr, tcp_bound_pcbs);
2338:Middlewares/Third_Party/LwIP/src/core/tcp.c **** 
2339:Middlewares/Third_Party/LwIP/src/core/tcp.c ****     if (!ip_addr_isany(new_addr)) {
2340:Middlewares/Third_Party/LwIP/src/core/tcp.c ****       /* PCB bound to current local interface address? */
2341:Middlewares/Third_Party/LwIP/src/core/tcp.c ****       for (lpcb = tcp_listen_pcbs.listen_pcbs; lpcb != NULL; lpcb = lpcb->next) {
2342:Middlewares/Third_Party/LwIP/src/core/tcp.c ****         /* PCB bound to current local interface address? */
2343:Middlewares/Third_Party/LwIP/src/core/tcp.c ****         if (ip_addr_cmp(&lpcb->local_ip, old_addr)) {
2344:Middlewares/Third_Party/LwIP/src/core/tcp.c ****           /* The PCB is listening to the old ipaddr and
2345:Middlewares/Third_Party/LwIP/src/core/tcp.c ****             * is set to listen to the new one instead */
2346:Middlewares/Third_Party/LwIP/src/core/tcp.c ****           ip_addr_copy(lpcb->local_ip, *new_addr);
2347:Middlewares/Third_Party/LwIP/src/core/tcp.c ****         }
2348:Middlewares/Third_Party/LwIP/src/core/tcp.c ****       }
2349:Middlewares/Third_Party/LwIP/src/core/tcp.c ****     }
2350:Middlewares/Third_Party/LwIP/src/core/tcp.c ****   }
2351:Middlewares/Third_Party/LwIP/src/core/tcp.c **** }
2352:Middlewares/Third_Party/LwIP/src/core/tcp.c **** 
2353:Middlewares/Third_Party/LwIP/src/core/tcp.c **** const char *
2354:Middlewares/Third_Party/LwIP/src/core/tcp.c **** tcp_debug_state_str(enum tcp_state s)
2355:Middlewares/Third_Party/LwIP/src/core/tcp.c **** {
 2846              		.loc 1 2355 1 is_stmt 1 view -0
 2847              		.cfi_startproc
 2848              		@ args = 0, pretend = 0, frame = 0
 2849              		@ frame_needed = 0, uses_anonymous_args = 0
 2850              		@ link register save eliminated.
2356:Middlewares/Third_Party/LwIP/src/core/tcp.c ****   return tcp_state_str[s];
 2851              		.loc 1 2356 3 view .LVU804
2357:Middlewares/Third_Party/LwIP/src/core/tcp.c **** }
 2852              		.loc 1 2357 1 is_stmt 0 view .LVU805
 2853 0000 014B     		ldr	r3, .L275
 2854 0002 53F82000 		ldr	r0, [r3, r0, lsl #2]
ARM GAS  /tmp/ccwEre5k.s 			page 105


 2855              	.LVL291:
 2856              		.loc 1 2357 1 view .LVU806
 2857 0006 7047     		bx	lr
 2858              	.L276:
 2859              		.align	2
 2860              	.L275:
 2861 0008 00000000 		.word	tcp_state_str
 2862              		.cfi_endproc
 2863              	.LFE215:
 2865              		.section	.text.tcp_tcp_get_tcp_addrinfo,"ax",%progbits
 2866              		.align	1
 2867              		.global	tcp_tcp_get_tcp_addrinfo
 2868              		.syntax unified
 2869              		.thumb
 2870              		.thumb_func
 2872              	tcp_tcp_get_tcp_addrinfo:
 2873              	.LVL292:
 2874              	.LFB216:
2358:Middlewares/Third_Party/LwIP/src/core/tcp.c **** 
2359:Middlewares/Third_Party/LwIP/src/core/tcp.c **** err_t
2360:Middlewares/Third_Party/LwIP/src/core/tcp.c **** tcp_tcp_get_tcp_addrinfo(struct tcp_pcb *pcb, int local, ip_addr_t *addr, u16_t *port)
2361:Middlewares/Third_Party/LwIP/src/core/tcp.c **** {
 2875              		.loc 1 2361 1 is_stmt 1 view -0
 2876              		.cfi_startproc
 2877              		@ args = 0, pretend = 0, frame = 0
 2878              		@ frame_needed = 0, uses_anonymous_args = 0
 2879              		@ link register save eliminated.
2362:Middlewares/Third_Party/LwIP/src/core/tcp.c ****   if (pcb) {
 2880              		.loc 1 2362 3 view .LVU808
 2881              		.loc 1 2362 6 is_stmt 0 view .LVU809
 2882 0000 8446     		mov	ip, r0
 2883 0002 90B1     		cbz	r0, .L283
2363:Middlewares/Third_Party/LwIP/src/core/tcp.c ****     if (local) {
 2884              		.loc 1 2363 5 is_stmt 1 view .LVU810
 2885              		.loc 1 2363 8 is_stmt 0 view .LVU811
 2886 0004 41B1     		cbz	r1, .L279
2364:Middlewares/Third_Party/LwIP/src/core/tcp.c ****       if (addr) {
 2887              		.loc 1 2364 7 is_stmt 1 view .LVU812
 2888              		.loc 1 2364 10 is_stmt 0 view .LVU813
 2889 0006 0AB1     		cbz	r2, .L280
2365:Middlewares/Third_Party/LwIP/src/core/tcp.c ****         *addr = pcb->local_ip;
 2890              		.loc 1 2365 9 is_stmt 1 view .LVU814
 2891              		.loc 1 2365 15 is_stmt 0 view .LVU815
 2892 0008 0168     		ldr	r1, [r0]
 2893              	.LVL293:
 2894              		.loc 1 2365 15 view .LVU816
 2895 000a 1160     		str	r1, [r2]
 2896              	.L280:
2366:Middlewares/Third_Party/LwIP/src/core/tcp.c ****       }
2367:Middlewares/Third_Party/LwIP/src/core/tcp.c ****       if (port) {
 2897              		.loc 1 2367 7 is_stmt 1 view .LVU817
 2898              		.loc 1 2367 10 is_stmt 0 view .LVU818
 2899 000c 13B1     		cbz	r3, .L281
2368:Middlewares/Third_Party/LwIP/src/core/tcp.c ****         *port = pcb->local_port;
 2900              		.loc 1 2368 9 is_stmt 1 view .LVU819
 2901              		.loc 1 2368 20 is_stmt 0 view .LVU820
 2902 000e BCF81620 		ldrh	r2, [ip, #22]
ARM GAS  /tmp/ccwEre5k.s 			page 106


 2903              	.LVL294:
 2904              		.loc 1 2368 15 view .LVU821
 2905 0012 1A80     		strh	r2, [r3]	@ movhi
 2906              	.L281:
2369:Middlewares/Third_Party/LwIP/src/core/tcp.c ****       }
2370:Middlewares/Third_Party/LwIP/src/core/tcp.c ****     } else {
2371:Middlewares/Third_Party/LwIP/src/core/tcp.c ****       if (addr) {
2372:Middlewares/Third_Party/LwIP/src/core/tcp.c ****         *addr = pcb->remote_ip;
2373:Middlewares/Third_Party/LwIP/src/core/tcp.c ****       }
2374:Middlewares/Third_Party/LwIP/src/core/tcp.c ****       if (port) {
2375:Middlewares/Third_Party/LwIP/src/core/tcp.c ****         *port = pcb->remote_port;
2376:Middlewares/Third_Party/LwIP/src/core/tcp.c ****       }
2377:Middlewares/Third_Party/LwIP/src/core/tcp.c ****     }
2378:Middlewares/Third_Party/LwIP/src/core/tcp.c ****     return ERR_OK;
 2907              		.loc 1 2378 5 is_stmt 1 view .LVU822
 2908              		.loc 1 2378 12 is_stmt 0 view .LVU823
 2909 0014 0020     		movs	r0, #0
 2910              	.LVL295:
 2911              		.loc 1 2378 12 view .LVU824
 2912 0016 7047     		bx	lr
 2913              	.LVL296:
 2914              	.L279:
2371:Middlewares/Third_Party/LwIP/src/core/tcp.c ****         *addr = pcb->remote_ip;
 2915              		.loc 1 2371 7 is_stmt 1 view .LVU825
2371:Middlewares/Third_Party/LwIP/src/core/tcp.c ****         *addr = pcb->remote_ip;
 2916              		.loc 1 2371 10 is_stmt 0 view .LVU826
 2917 0018 0AB1     		cbz	r2, .L282
2372:Middlewares/Third_Party/LwIP/src/core/tcp.c ****       }
 2918              		.loc 1 2372 9 is_stmt 1 view .LVU827
2372:Middlewares/Third_Party/LwIP/src/core/tcp.c ****       }
 2919              		.loc 1 2372 15 is_stmt 0 view .LVU828
 2920 001a 4168     		ldr	r1, [r0, #4]
 2921              	.LVL297:
2372:Middlewares/Third_Party/LwIP/src/core/tcp.c ****       }
 2922              		.loc 1 2372 15 view .LVU829
 2923 001c 1160     		str	r1, [r2]
 2924              	.L282:
2374:Middlewares/Third_Party/LwIP/src/core/tcp.c ****         *port = pcb->remote_port;
 2925              		.loc 1 2374 7 is_stmt 1 view .LVU830
2374:Middlewares/Third_Party/LwIP/src/core/tcp.c ****         *port = pcb->remote_port;
 2926              		.loc 1 2374 10 is_stmt 0 view .LVU831
 2927 001e 002B     		cmp	r3, #0
 2928 0020 F8D0     		beq	.L281
2375:Middlewares/Third_Party/LwIP/src/core/tcp.c ****       }
 2929              		.loc 1 2375 9 is_stmt 1 view .LVU832
2375:Middlewares/Third_Party/LwIP/src/core/tcp.c ****       }
 2930              		.loc 1 2375 20 is_stmt 0 view .LVU833
 2931 0022 BCF81820 		ldrh	r2, [ip, #24]
 2932              	.LVL298:
2375:Middlewares/Third_Party/LwIP/src/core/tcp.c ****       }
 2933              		.loc 1 2375 15 view .LVU834
 2934 0026 1A80     		strh	r2, [r3]	@ movhi
 2935 0028 F4E7     		b	.L281
 2936              	.LVL299:
 2937              	.L283:
2379:Middlewares/Third_Party/LwIP/src/core/tcp.c ****   }
2380:Middlewares/Third_Party/LwIP/src/core/tcp.c ****   return ERR_VAL;
ARM GAS  /tmp/ccwEre5k.s 			page 107


 2938              		.loc 1 2380 10 view .LVU835
 2939 002a 6FF00500 		mvn	r0, #5
 2940              	.LVL300:
2381:Middlewares/Third_Party/LwIP/src/core/tcp.c **** }
 2941              		.loc 1 2381 1 view .LVU836
 2942 002e 7047     		bx	lr
 2943              		.cfi_endproc
 2944              	.LFE216:
 2946              		.section	.text.tcp_free_ooseq,"ax",%progbits
 2947              		.align	1
 2948              		.global	tcp_free_ooseq
 2949              		.syntax unified
 2950              		.thumb
 2951              		.thumb_func
 2953              	tcp_free_ooseq:
 2954              	.LVL301:
 2955              	.LFB217:
2382:Middlewares/Third_Party/LwIP/src/core/tcp.c **** 
2383:Middlewares/Third_Party/LwIP/src/core/tcp.c **** #if TCP_QUEUE_OOSEQ
2384:Middlewares/Third_Party/LwIP/src/core/tcp.c **** /* Free all ooseq pbufs (and possibly reset SACK state) */
2385:Middlewares/Third_Party/LwIP/src/core/tcp.c **** void
2386:Middlewares/Third_Party/LwIP/src/core/tcp.c **** tcp_free_ooseq(struct tcp_pcb *pcb)
2387:Middlewares/Third_Party/LwIP/src/core/tcp.c **** {
 2956              		.loc 1 2387 1 is_stmt 1 view -0
 2957              		.cfi_startproc
 2958              		@ args = 0, pretend = 0, frame = 0
 2959              		@ frame_needed = 0, uses_anonymous_args = 0
 2960              		.loc 1 2387 1 is_stmt 0 view .LVU838
 2961 0000 10B5     		push	{r4, lr}
 2962              	.LCFI30:
 2963              		.cfi_def_cfa_offset 8
 2964              		.cfi_offset 4, -8
 2965              		.cfi_offset 14, -4
 2966 0002 0446     		mov	r4, r0
2388:Middlewares/Third_Party/LwIP/src/core/tcp.c ****   if (pcb->ooseq) {
 2967              		.loc 1 2388 3 is_stmt 1 view .LVU839
 2968              		.loc 1 2388 10 is_stmt 0 view .LVU840
 2969 0004 406F     		ldr	r0, [r0, #116]
 2970              	.LVL302:
 2971              		.loc 1 2388 6 view .LVU841
 2972 0006 18B1     		cbz	r0, .L284
2389:Middlewares/Third_Party/LwIP/src/core/tcp.c ****     tcp_segs_free(pcb->ooseq);
 2973              		.loc 1 2389 5 is_stmt 1 view .LVU842
 2974 0008 FFF7FEFF 		bl	tcp_segs_free
 2975              	.LVL303:
2390:Middlewares/Third_Party/LwIP/src/core/tcp.c ****     pcb->ooseq = NULL;
 2976              		.loc 1 2390 5 view .LVU843
 2977              		.loc 1 2390 16 is_stmt 0 view .LVU844
 2978 000c 0023     		movs	r3, #0
 2979 000e 6367     		str	r3, [r4, #116]
 2980              	.L284:
2391:Middlewares/Third_Party/LwIP/src/core/tcp.c **** #if LWIP_TCP_SACK_OUT
2392:Middlewares/Third_Party/LwIP/src/core/tcp.c ****     memset(pcb->rcv_sacks, 0, sizeof(pcb->rcv_sacks));
2393:Middlewares/Third_Party/LwIP/src/core/tcp.c **** #endif /* LWIP_TCP_SACK_OUT */
2394:Middlewares/Third_Party/LwIP/src/core/tcp.c ****   }
2395:Middlewares/Third_Party/LwIP/src/core/tcp.c **** }
 2981              		.loc 1 2395 1 view .LVU845
ARM GAS  /tmp/ccwEre5k.s 			page 108


 2982 0010 10BD     		pop	{r4, pc}
 2983              		.loc 1 2395 1 view .LVU846
 2984              		.cfi_endproc
 2985              	.LFE217:
 2987              		.section	.rodata.tcp_pcb_purge.str1.4,"aMS",%progbits,1
 2988              		.align	2
 2989              	.LC27:
 2990 0000 7463705F 		.ascii	"tcp_pcb_purge: invalid pcb\000"
 2990      7063625F 
 2990      70757267 
 2990      653A2069 
 2990      6E76616C 
 2991              		.section	.text.tcp_pcb_purge,"ax",%progbits
 2992              		.align	1
 2993              		.global	tcp_pcb_purge
 2994              		.syntax unified
 2995              		.thumb
 2996              		.thumb_func
 2998              	tcp_pcb_purge:
 2999              	.LVL304:
 3000              	.LFB209:
2128:Middlewares/Third_Party/LwIP/src/core/tcp.c ****   LWIP_ERROR("tcp_pcb_purge: invalid pcb", pcb != NULL, return);
 3001              		.loc 1 2128 1 is_stmt 1 view -0
 3002              		.cfi_startproc
 3003              		@ args = 0, pretend = 0, frame = 0
 3004              		@ frame_needed = 0, uses_anonymous_args = 0
2128:Middlewares/Third_Party/LwIP/src/core/tcp.c ****   LWIP_ERROR("tcp_pcb_purge: invalid pcb", pcb != NULL, return);
 3005              		.loc 1 2128 1 is_stmt 0 view .LVU848
 3006 0000 10B5     		push	{r4, lr}
 3007              	.LCFI31:
 3008              		.cfi_def_cfa_offset 8
 3009              		.cfi_offset 4, -8
 3010              		.cfi_offset 14, -4
2129:Middlewares/Third_Party/LwIP/src/core/tcp.c **** 
 3011              		.loc 1 2129 3 is_stmt 1 view .LVU849
2129:Middlewares/Third_Party/LwIP/src/core/tcp.c **** 
 3012              		.loc 1 2129 3 view .LVU850
 3013 0002 08B3     		cbz	r0, .L293
 3014 0004 0446     		mov	r4, r0
2129:Middlewares/Third_Party/LwIP/src/core/tcp.c **** 
 3015              		.loc 1 2129 3 discriminator 2 view .LVU851
2131:Middlewares/Third_Party/LwIP/src/core/tcp.c ****       pcb->state != TIME_WAIT &&
 3016              		.loc 1 2131 3 discriminator 2 view .LVU852
2131:Middlewares/Third_Party/LwIP/src/core/tcp.c ****       pcb->state != TIME_WAIT &&
 3017              		.loc 1 2131 10 is_stmt 0 discriminator 2 view .LVU853
 3018 0006 037D     		ldrb	r3, [r0, #20]	@ zero_extendqisi2
2131:Middlewares/Third_Party/LwIP/src/core/tcp.c ****       pcb->state != TIME_WAIT &&
 3019              		.loc 1 2131 6 discriminator 2 view .LVU854
 3020 0008 002B     		cmp	r3, #0
 3021 000a 18BF     		it	ne
 3022 000c 0A2B     		cmpne	r3, #10
 3023 000e 1AD0     		beq	.L287
2132:Middlewares/Third_Party/LwIP/src/core/tcp.c ****       pcb->state != LISTEN) {
 3024              		.loc 1 2132 31 view .LVU855
 3025 0010 012B     		cmp	r3, #1
 3026 0012 18D0     		beq	.L287
2135:Middlewares/Third_Party/LwIP/src/core/tcp.c **** 
ARM GAS  /tmp/ccwEre5k.s 			page 109


 3027              		.loc 1 2135 48 is_stmt 1 view .LVU856
2137:Middlewares/Third_Party/LwIP/src/core/tcp.c **** 
 3028              		.loc 1 2137 30 view .LVU857
2139:Middlewares/Third_Party/LwIP/src/core/tcp.c ****       LWIP_DEBUGF(TCP_DEBUG, ("tcp_pcb_purge: data left on ->refused_data\n"));
 3029              		.loc 1 2139 5 view .LVU858
2139:Middlewares/Third_Party/LwIP/src/core/tcp.c ****       LWIP_DEBUGF(TCP_DEBUG, ("tcp_pcb_purge: data left on ->refused_data\n"));
 3030              		.loc 1 2139 12 is_stmt 0 view .LVU859
 3031 0014 806F     		ldr	r0, [r0, #120]
 3032              	.LVL305:
2139:Middlewares/Third_Party/LwIP/src/core/tcp.c ****       LWIP_DEBUGF(TCP_DEBUG, ("tcp_pcb_purge: data left on ->refused_data\n"));
 3033              		.loc 1 2139 8 view .LVU860
 3034 0016 18B1     		cbz	r0, .L290
2140:Middlewares/Third_Party/LwIP/src/core/tcp.c ****       pbuf_free(pcb->refused_data);
 3035              		.loc 1 2140 79 is_stmt 1 view .LVU861
2141:Middlewares/Third_Party/LwIP/src/core/tcp.c ****       pcb->refused_data = NULL;
 3036              		.loc 1 2141 7 view .LVU862
 3037 0018 FFF7FEFF 		bl	pbuf_free
 3038              	.LVL306:
2142:Middlewares/Third_Party/LwIP/src/core/tcp.c ****     }
 3039              		.loc 1 2142 7 view .LVU863
2142:Middlewares/Third_Party/LwIP/src/core/tcp.c ****     }
 3040              		.loc 1 2142 25 is_stmt 0 view .LVU864
 3041 001c 0023     		movs	r3, #0
 3042 001e A367     		str	r3, [r4, #120]
 3043              	.L290:
2144:Middlewares/Third_Party/LwIP/src/core/tcp.c ****       LWIP_DEBUGF(TCP_DEBUG, ("tcp_pcb_purge: not all data sent\n"));
 3044              		.loc 1 2144 5 is_stmt 1 view .LVU865
2145:Middlewares/Third_Party/LwIP/src/core/tcp.c ****     }
 3045              		.loc 1 2145 69 view .LVU866
2147:Middlewares/Third_Party/LwIP/src/core/tcp.c ****       LWIP_DEBUGF(TCP_DEBUG, ("tcp_pcb_purge: data left on ->unacked\n"));
 3046              		.loc 1 2147 5 view .LVU867
2148:Middlewares/Third_Party/LwIP/src/core/tcp.c ****     }
 3047              		.loc 1 2148 74 view .LVU868
2151:Middlewares/Third_Party/LwIP/src/core/tcp.c ****       LWIP_DEBUGF(TCP_DEBUG, ("tcp_pcb_purge: data left on ->ooseq\n"));
 3048              		.loc 1 2151 5 view .LVU869
2151:Middlewares/Third_Party/LwIP/src/core/tcp.c ****       LWIP_DEBUGF(TCP_DEBUG, ("tcp_pcb_purge: data left on ->ooseq\n"));
 3049              		.loc 1 2151 12 is_stmt 0 view .LVU870
 3050 0020 636F     		ldr	r3, [r4, #116]
2151:Middlewares/Third_Party/LwIP/src/core/tcp.c ****       LWIP_DEBUGF(TCP_DEBUG, ("tcp_pcb_purge: data left on ->ooseq\n"));
 3051              		.loc 1 2151 8 view .LVU871
 3052 0022 13B1     		cbz	r3, .L291
2152:Middlewares/Third_Party/LwIP/src/core/tcp.c ****       tcp_free_ooseq(pcb);
 3053              		.loc 1 2152 72 is_stmt 1 view .LVU872
2153:Middlewares/Third_Party/LwIP/src/core/tcp.c ****     }
 3054              		.loc 1 2153 7 view .LVU873
 3055 0024 2046     		mov	r0, r4
 3056 0026 FFF7FEFF 		bl	tcp_free_ooseq
 3057              	.LVL307:
 3058              	.L291:
2159:Middlewares/Third_Party/LwIP/src/core/tcp.c **** 
 3059              		.loc 1 2159 5 view .LVU874
2159:Middlewares/Third_Party/LwIP/src/core/tcp.c **** 
 3060              		.loc 1 2159 16 is_stmt 0 view .LVU875
 3061 002a 4FF6FF73 		movw	r3, #65535
 3062 002e 2386     		strh	r3, [r4, #48]	@ movhi
2161:Middlewares/Third_Party/LwIP/src/core/tcp.c ****     tcp_segs_free(pcb->unacked);
 3063              		.loc 1 2161 5 is_stmt 1 view .LVU876
ARM GAS  /tmp/ccwEre5k.s 			page 110


 3064 0030 E06E     		ldr	r0, [r4, #108]
 3065 0032 FFF7FEFF 		bl	tcp_segs_free
 3066              	.LVL308:
2162:Middlewares/Third_Party/LwIP/src/core/tcp.c ****     pcb->unacked = pcb->unsent = NULL;
 3067              		.loc 1 2162 5 view .LVU877
 3068 0036 206F     		ldr	r0, [r4, #112]
 3069 0038 FFF7FEFF 		bl	tcp_segs_free
 3070              	.LVL309:
2163:Middlewares/Third_Party/LwIP/src/core/tcp.c **** #if TCP_OVERSIZE
 3071              		.loc 1 2163 5 view .LVU878
2163:Middlewares/Third_Party/LwIP/src/core/tcp.c **** #if TCP_OVERSIZE
 3072              		.loc 1 2163 32 is_stmt 0 view .LVU879
 3073 003c 0023     		movs	r3, #0
 3074 003e E366     		str	r3, [r4, #108]
2163:Middlewares/Third_Party/LwIP/src/core/tcp.c **** #if TCP_OVERSIZE
 3075              		.loc 1 2163 18 view .LVU880
 3076 0040 2367     		str	r3, [r4, #112]
2165:Middlewares/Third_Party/LwIP/src/core/tcp.c **** #endif /* TCP_OVERSIZE */
 3077              		.loc 1 2165 5 is_stmt 1 view .LVU881
2165:Middlewares/Third_Party/LwIP/src/core/tcp.c **** #endif /* TCP_OVERSIZE */
 3078              		.loc 1 2165 26 is_stmt 0 view .LVU882
 3079 0042 A4F86830 		strh	r3, [r4, #104]	@ movhi
 3080              	.LVL310:
 3081              	.L287:
2168:Middlewares/Third_Party/LwIP/src/core/tcp.c **** 
 3082              		.loc 1 2168 1 view .LVU883
 3083 0046 10BD     		pop	{r4, pc}
 3084              	.LVL311:
 3085              	.L293:
2129:Middlewares/Third_Party/LwIP/src/core/tcp.c **** 
 3086              		.loc 1 2129 3 is_stmt 1 discriminator 1 view .LVU884
2129:Middlewares/Third_Party/LwIP/src/core/tcp.c **** 
 3087              		.loc 1 2129 3 discriminator 1 view .LVU885
 3088 0048 034B     		ldr	r3, .L294
 3089 004a 40F65102 		movw	r2, #2129
 3090 004e 0349     		ldr	r1, .L294+4
 3091 0050 0348     		ldr	r0, .L294+8
 3092              	.LVL312:
2129:Middlewares/Third_Party/LwIP/src/core/tcp.c **** 
 3093              		.loc 1 2129 3 is_stmt 0 discriminator 1 view .LVU886
 3094 0052 FFF7FEFF 		bl	printf
 3095              	.LVL313:
2129:Middlewares/Third_Party/LwIP/src/core/tcp.c **** 
 3096              		.loc 1 2129 3 is_stmt 1 discriminator 1 view .LVU887
2129:Middlewares/Third_Party/LwIP/src/core/tcp.c **** 
 3097              		.loc 1 2129 3 discriminator 1 view .LVU888
 3098 0056 F6E7     		b	.L287
 3099              	.L295:
 3100              		.align	2
 3101              	.L294:
 3102 0058 00000000 		.word	.LC0
 3103 005c 00000000 		.word	.LC27
 3104 0060 54000000 		.word	.LC2
 3105              		.cfi_endproc
 3106              	.LFE209:
 3108              		.section	.rodata.tcp_pcb_remove.str1.4,"aMS",%progbits,1
 3109              		.align	2
ARM GAS  /tmp/ccwEre5k.s 			page 111


 3110              	.LC28:
 3111 0000 7463705F 		.ascii	"tcp_pcb_remove: invalid pcb\000"
 3111      7063625F 
 3111      72656D6F 
 3111      76653A20 
 3111      696E7661 
 3112              		.align	2
 3113              	.LC29:
 3114 001c 7463705F 		.ascii	"tcp_pcb_remove: invalid pcblist\000"
 3114      7063625F 
 3114      72656D6F 
 3114      76653A20 
 3114      696E7661 
 3115              		.align	2
 3116              	.LC30:
 3117 003c 756E7365 		.ascii	"unsent segments leaking\000"
 3117      6E742073 
 3117      65676D65 
 3117      6E747320 
 3117      6C65616B 
 3118              		.align	2
 3119              	.LC31:
 3120 0054 756E6163 		.ascii	"unacked segments leaking\000"
 3120      6B656420 
 3120      7365676D 
 3120      656E7473 
 3120      206C6561 
 3121 006d 000000   		.align	2
 3122              	.LC32:
 3123 0070 6F6F7365 		.ascii	"ooseq segments leaking\000"
 3123      71207365 
 3123      676D656E 
 3123      7473206C 
 3123      65616B69 
 3124              		.section	.text.tcp_pcb_remove,"ax",%progbits
 3125              		.align	1
 3126              		.global	tcp_pcb_remove
 3127              		.syntax unified
 3128              		.thumb
 3129              		.thumb_func
 3131              	tcp_pcb_remove:
 3132              	.LVL314:
 3133              	.LFB210:
2178:Middlewares/Third_Party/LwIP/src/core/tcp.c ****   LWIP_ASSERT("tcp_pcb_remove: invalid pcb", pcb != NULL);
 3134              		.loc 1 2178 1 view -0
 3135              		.cfi_startproc
 3136              		@ args = 0, pretend = 0, frame = 0
 3137              		@ frame_needed = 0, uses_anonymous_args = 0
2178:Middlewares/Third_Party/LwIP/src/core/tcp.c ****   LWIP_ASSERT("tcp_pcb_remove: invalid pcb", pcb != NULL);
 3138              		.loc 1 2178 1 is_stmt 0 view .LVU890
 3139 0000 38B5     		push	{r3, r4, r5, lr}
 3140              	.LCFI32:
 3141              		.cfi_def_cfa_offset 16
 3142              		.cfi_offset 3, -16
 3143              		.cfi_offset 4, -12
 3144              		.cfi_offset 5, -8
 3145              		.cfi_offset 14, -4
ARM GAS  /tmp/ccwEre5k.s 			page 112


 3146 0002 0546     		mov	r5, r0
2179:Middlewares/Third_Party/LwIP/src/core/tcp.c ****   LWIP_ASSERT("tcp_pcb_remove: invalid pcblist", pcblist != NULL);
 3147              		.loc 1 2179 3 is_stmt 1 view .LVU891
2179:Middlewares/Third_Party/LwIP/src/core/tcp.c ****   LWIP_ASSERT("tcp_pcb_remove: invalid pcblist", pcblist != NULL);
 3148              		.loc 1 2179 3 view .LVU892
 3149 0004 0C46     		mov	r4, r1
 3150 0006 49B1     		cbz	r1, .L308
 3151              	.LVL315:
 3152              	.L297:
2179:Middlewares/Third_Party/LwIP/src/core/tcp.c ****   LWIP_ASSERT("tcp_pcb_remove: invalid pcblist", pcblist != NULL);
 3153              		.loc 1 2179 3 discriminator 3 view .LVU893
2179:Middlewares/Third_Party/LwIP/src/core/tcp.c ****   LWIP_ASSERT("tcp_pcb_remove: invalid pcblist", pcblist != NULL);
 3154              		.loc 1 2179 3 discriminator 3 view .LVU894
2180:Middlewares/Third_Party/LwIP/src/core/tcp.c **** 
 3155              		.loc 1 2180 3 discriminator 3 view .LVU895
2180:Middlewares/Third_Party/LwIP/src/core/tcp.c **** 
 3156              		.loc 1 2180 3 discriminator 3 view .LVU896
 3157 0008 85B1     		cbz	r5, .L309
 3158              	.L298:
2180:Middlewares/Third_Party/LwIP/src/core/tcp.c **** 
 3159              		.loc 1 2180 3 discriminator 3 view .LVU897
2180:Middlewares/Third_Party/LwIP/src/core/tcp.c **** 
 3160              		.loc 1 2180 3 discriminator 3 view .LVU898
2182:Middlewares/Third_Party/LwIP/src/core/tcp.c **** 
 3161              		.loc 1 2182 3 discriminator 3 view .LVU899
2182:Middlewares/Third_Party/LwIP/src/core/tcp.c **** 
 3162              		.loc 1 2182 3 discriminator 3 view .LVU900
 3163 000a 2B68     		ldr	r3, [r5]
 3164 000c A342     		cmp	r3, r4
 3165 000e 15D0     		beq	.L310
 3166              	.L299:
 3167              	.LVL316:
 3168              	.LBB13:
2182:Middlewares/Third_Party/LwIP/src/core/tcp.c **** 
 3169              		.loc 1 2182 3 discriminator 8 view .LVU901
 3170 0010 CBB1     		cbz	r3, .L300
2182:Middlewares/Third_Party/LwIP/src/core/tcp.c **** 
 3171              		.loc 1 2182 3 discriminator 9 view .LVU902
 3172 0012 DA68     		ldr	r2, [r3, #12]
 3173 0014 A242     		cmp	r2, r4
 3174 0016 14D0     		beq	.L311
2182:Middlewares/Third_Party/LwIP/src/core/tcp.c **** 
 3175              		.loc 1 2182 3 is_stmt 0 view .LVU903
 3176 0018 1346     		mov	r3, r2
 3177              	.LVL317:
2182:Middlewares/Third_Party/LwIP/src/core/tcp.c **** 
 3178              		.loc 1 2182 3 view .LVU904
 3179 001a F9E7     		b	.L299
 3180              	.LVL318:
 3181              	.L308:
2182:Middlewares/Third_Party/LwIP/src/core/tcp.c **** 
 3182              		.loc 1 2182 3 view .LVU905
 3183              	.LBE13:
2179:Middlewares/Third_Party/LwIP/src/core/tcp.c ****   LWIP_ASSERT("tcp_pcb_remove: invalid pcblist", pcblist != NULL);
 3184              		.loc 1 2179 3 is_stmt 1 discriminator 1 view .LVU906
2179:Middlewares/Third_Party/LwIP/src/core/tcp.c ****   LWIP_ASSERT("tcp_pcb_remove: invalid pcblist", pcblist != NULL);
 3185              		.loc 1 2179 3 discriminator 1 view .LVU907
ARM GAS  /tmp/ccwEre5k.s 			page 113


 3186 001c 254B     		ldr	r3, .L313
 3187 001e 40F68302 		movw	r2, #2179
 3188 0022 2549     		ldr	r1, .L313+4
 3189              	.LVL319:
2179:Middlewares/Third_Party/LwIP/src/core/tcp.c ****   LWIP_ASSERT("tcp_pcb_remove: invalid pcblist", pcblist != NULL);
 3190              		.loc 1 2179 3 is_stmt 0 discriminator 1 view .LVU908
 3191 0024 2548     		ldr	r0, .L313+8
 3192              	.LVL320:
2179:Middlewares/Third_Party/LwIP/src/core/tcp.c ****   LWIP_ASSERT("tcp_pcb_remove: invalid pcblist", pcblist != NULL);
 3193              		.loc 1 2179 3 discriminator 1 view .LVU909
 3194 0026 FFF7FEFF 		bl	printf
 3195              	.LVL321:
 3196 002a EDE7     		b	.L297
 3197              	.L309:
2180:Middlewares/Third_Party/LwIP/src/core/tcp.c **** 
 3198              		.loc 1 2180 3 is_stmt 1 discriminator 1 view .LVU910
2180:Middlewares/Third_Party/LwIP/src/core/tcp.c **** 
 3199              		.loc 1 2180 3 discriminator 1 view .LVU911
 3200 002c 214B     		ldr	r3, .L313
 3201 002e 40F68402 		movw	r2, #2180
 3202 0032 2349     		ldr	r1, .L313+12
 3203 0034 2148     		ldr	r0, .L313+8
 3204 0036 FFF7FEFF 		bl	printf
 3205              	.LVL322:
 3206 003a E6E7     		b	.L298
 3207              	.L310:
2182:Middlewares/Third_Party/LwIP/src/core/tcp.c **** 
 3208              		.loc 1 2182 3 discriminator 1 view .LVU912
 3209 003c DB68     		ldr	r3, [r3, #12]
 3210 003e 2B60     		str	r3, [r5]
 3211 0040 01E0     		b	.L300
 3212              	.LVL323:
 3213              	.L311:
 3214              	.LBB14:
2182:Middlewares/Third_Party/LwIP/src/core/tcp.c **** 
 3215              		.loc 1 2182 3 discriminator 5 view .LVU913
 3216 0042 E268     		ldr	r2, [r4, #12]
 3217 0044 DA60     		str	r2, [r3, #12]
2182:Middlewares/Third_Party/LwIP/src/core/tcp.c **** 
 3218              		.loc 1 2182 3 discriminator 5 view .LVU914
 3219              	.LVL324:
 3220              	.L300:
2182:Middlewares/Third_Party/LwIP/src/core/tcp.c **** 
 3221              		.loc 1 2182 3 is_stmt 0 discriminator 5 view .LVU915
 3222              	.LBE14:
2182:Middlewares/Third_Party/LwIP/src/core/tcp.c **** 
 3223              		.loc 1 2182 3 is_stmt 1 discriminator 10 view .LVU916
 3224 0046 0023     		movs	r3, #0
 3225 0048 E360     		str	r3, [r4, #12]
2182:Middlewares/Third_Party/LwIP/src/core/tcp.c **** 
 3226              		.loc 1 2182 3 discriminator 10 view .LVU917
2184:Middlewares/Third_Party/LwIP/src/core/tcp.c **** 
 3227              		.loc 1 2184 3 discriminator 10 view .LVU918
 3228 004a 2046     		mov	r0, r4
 3229 004c FFF7FEFF 		bl	tcp_pcb_purge
 3230              	.LVL325:
2187:Middlewares/Third_Party/LwIP/src/core/tcp.c ****       (pcb->state != LISTEN) &&
ARM GAS  /tmp/ccwEre5k.s 			page 114


 3231              		.loc 1 2187 3 discriminator 10 view .LVU919
2187:Middlewares/Third_Party/LwIP/src/core/tcp.c ****       (pcb->state != LISTEN) &&
 3232              		.loc 1 2187 11 is_stmt 0 discriminator 10 view .LVU920
 3233 0050 237D     		ldrb	r3, [r4, #20]	@ zero_extendqisi2
2187:Middlewares/Third_Party/LwIP/src/core/tcp.c ****       (pcb->state != LISTEN) &&
 3234              		.loc 1 2187 6 discriminator 10 view .LVU921
 3235 0052 0A2B     		cmp	r3, #10
 3236 0054 18BF     		it	ne
 3237 0056 012B     		cmpne	r3, #1
 3238 0058 03D0     		beq	.L302
2189:Middlewares/Third_Party/LwIP/src/core/tcp.c ****     tcp_ack_now(pcb);
 3239              		.loc 1 2189 11 view .LVU922
 3240 005a 638B     		ldrh	r3, [r4, #26]
2188:Middlewares/Third_Party/LwIP/src/core/tcp.c ****       (pcb->flags & TF_ACK_DELAY)) {
 3241              		.loc 1 2188 30 view .LVU923
 3242 005c 13F0010F 		tst	r3, #1
 3243 0060 21D1     		bne	.L312
 3244              	.L302:
2194:Middlewares/Third_Party/LwIP/src/core/tcp.c ****     LWIP_ASSERT("unsent segments leaking", pcb->unsent == NULL);
 3245              		.loc 1 2194 3 is_stmt 1 view .LVU924
2194:Middlewares/Third_Party/LwIP/src/core/tcp.c ****     LWIP_ASSERT("unsent segments leaking", pcb->unsent == NULL);
 3246              		.loc 1 2194 10 is_stmt 0 view .LVU925
 3247 0062 237D     		ldrb	r3, [r4, #20]	@ zero_extendqisi2
2194:Middlewares/Third_Party/LwIP/src/core/tcp.c ****     LWIP_ASSERT("unsent segments leaking", pcb->unsent == NULL);
 3248              		.loc 1 2194 6 view .LVU926
 3249 0064 012B     		cmp	r3, #1
 3250 0066 1AD0     		beq	.L303
2195:Middlewares/Third_Party/LwIP/src/core/tcp.c ****     LWIP_ASSERT("unacked segments leaking", pcb->unacked == NULL);
 3251              		.loc 1 2195 5 is_stmt 1 view .LVU927
2195:Middlewares/Third_Party/LwIP/src/core/tcp.c ****     LWIP_ASSERT("unacked segments leaking", pcb->unacked == NULL);
 3252              		.loc 1 2195 5 view .LVU928
 3253 0068 E36E     		ldr	r3, [r4, #108]
 3254 006a 33B1     		cbz	r3, .L304
2195:Middlewares/Third_Party/LwIP/src/core/tcp.c ****     LWIP_ASSERT("unacked segments leaking", pcb->unacked == NULL);
 3255              		.loc 1 2195 5 discriminator 1 view .LVU929
2195:Middlewares/Third_Party/LwIP/src/core/tcp.c ****     LWIP_ASSERT("unacked segments leaking", pcb->unacked == NULL);
 3256              		.loc 1 2195 5 discriminator 1 view .LVU930
 3257 006c 114B     		ldr	r3, .L313
 3258 006e 40F69302 		movw	r2, #2195
 3259 0072 1449     		ldr	r1, .L313+16
 3260 0074 1148     		ldr	r0, .L313+8
 3261 0076 FFF7FEFF 		bl	printf
 3262              	.LVL326:
 3263              	.L304:
2195:Middlewares/Third_Party/LwIP/src/core/tcp.c ****     LWIP_ASSERT("unacked segments leaking", pcb->unacked == NULL);
 3264              		.loc 1 2195 5 discriminator 3 view .LVU931
2195:Middlewares/Third_Party/LwIP/src/core/tcp.c ****     LWIP_ASSERT("unacked segments leaking", pcb->unacked == NULL);
 3265              		.loc 1 2195 5 discriminator 3 view .LVU932
2196:Middlewares/Third_Party/LwIP/src/core/tcp.c **** #if TCP_QUEUE_OOSEQ
 3266              		.loc 1 2196 5 discriminator 3 view .LVU933
2196:Middlewares/Third_Party/LwIP/src/core/tcp.c **** #if TCP_QUEUE_OOSEQ
 3267              		.loc 1 2196 5 discriminator 3 view .LVU934
 3268 007a 236F     		ldr	r3, [r4, #112]
 3269 007c 33B1     		cbz	r3, .L305
2196:Middlewares/Third_Party/LwIP/src/core/tcp.c **** #if TCP_QUEUE_OOSEQ
 3270              		.loc 1 2196 5 discriminator 1 view .LVU935
2196:Middlewares/Third_Party/LwIP/src/core/tcp.c **** #if TCP_QUEUE_OOSEQ
ARM GAS  /tmp/ccwEre5k.s 			page 115


 3271              		.loc 1 2196 5 discriminator 1 view .LVU936
 3272 007e 0D4B     		ldr	r3, .L313
 3273 0080 40F69402 		movw	r2, #2196
 3274 0084 1049     		ldr	r1, .L313+20
 3275 0086 0D48     		ldr	r0, .L313+8
 3276 0088 FFF7FEFF 		bl	printf
 3277              	.LVL327:
 3278              	.L305:
2196:Middlewares/Third_Party/LwIP/src/core/tcp.c **** #if TCP_QUEUE_OOSEQ
 3279              		.loc 1 2196 5 discriminator 3 view .LVU937
2196:Middlewares/Third_Party/LwIP/src/core/tcp.c **** #if TCP_QUEUE_OOSEQ
 3280              		.loc 1 2196 5 discriminator 3 view .LVU938
2198:Middlewares/Third_Party/LwIP/src/core/tcp.c **** #endif /* TCP_QUEUE_OOSEQ */
 3281              		.loc 1 2198 5 discriminator 3 view .LVU939
2198:Middlewares/Third_Party/LwIP/src/core/tcp.c **** #endif /* TCP_QUEUE_OOSEQ */
 3282              		.loc 1 2198 5 discriminator 3 view .LVU940
 3283 008c 636F     		ldr	r3, [r4, #116]
 3284 008e 33B1     		cbz	r3, .L303
2198:Middlewares/Third_Party/LwIP/src/core/tcp.c **** #endif /* TCP_QUEUE_OOSEQ */
 3285              		.loc 1 2198 5 discriminator 1 view .LVU941
2198:Middlewares/Third_Party/LwIP/src/core/tcp.c **** #endif /* TCP_QUEUE_OOSEQ */
 3286              		.loc 1 2198 5 discriminator 1 view .LVU942
 3287 0090 084B     		ldr	r3, .L313
 3288 0092 40F69602 		movw	r2, #2198
 3289 0096 0D49     		ldr	r1, .L313+24
 3290 0098 0848     		ldr	r0, .L313+8
 3291 009a FFF7FEFF 		bl	printf
 3292              	.LVL328:
 3293              	.L303:
2198:Middlewares/Third_Party/LwIP/src/core/tcp.c **** #endif /* TCP_QUEUE_OOSEQ */
 3294              		.loc 1 2198 5 discriminator 3 view .LVU943
2198:Middlewares/Third_Party/LwIP/src/core/tcp.c **** #endif /* TCP_QUEUE_OOSEQ */
 3295              		.loc 1 2198 5 discriminator 3 view .LVU944
2202:Middlewares/Third_Party/LwIP/src/core/tcp.c ****   /* reset the local port to prevent the pcb from being 'bound' */
 3296              		.loc 1 2202 3 discriminator 3 view .LVU945
2202:Middlewares/Third_Party/LwIP/src/core/tcp.c ****   /* reset the local port to prevent the pcb from being 'bound' */
 3297              		.loc 1 2202 14 is_stmt 0 discriminator 3 view .LVU946
 3298 009e 0023     		movs	r3, #0
 3299 00a0 2375     		strb	r3, [r4, #20]
2204:Middlewares/Third_Party/LwIP/src/core/tcp.c **** 
 3300              		.loc 1 2204 3 is_stmt 1 discriminator 3 view .LVU947
2204:Middlewares/Third_Party/LwIP/src/core/tcp.c **** 
 3301              		.loc 1 2204 19 is_stmt 0 discriminator 3 view .LVU948
 3302 00a2 E382     		strh	r3, [r4, #22]	@ movhi
2206:Middlewares/Third_Party/LwIP/src/core/tcp.c **** }
 3303              		.loc 1 2206 3 is_stmt 1 discriminator 3 view .LVU949
2206:Middlewares/Third_Party/LwIP/src/core/tcp.c **** }
 3304              		.loc 1 2206 3 discriminator 3 view .LVU950
2206:Middlewares/Third_Party/LwIP/src/core/tcp.c **** }
 3305              		.loc 1 2206 3 discriminator 3 view .LVU951
2206:Middlewares/Third_Party/LwIP/src/core/tcp.c **** }
 3306              		.loc 1 2206 3 discriminator 3 view .LVU952
2207:Middlewares/Third_Party/LwIP/src/core/tcp.c **** 
 3307              		.loc 1 2207 1 is_stmt 0 discriminator 3 view .LVU953
 3308 00a4 38BD     		pop	{r3, r4, r5, pc}
 3309              	.LVL329:
 3310              	.L312:
ARM GAS  /tmp/ccwEre5k.s 			page 116


2190:Middlewares/Third_Party/LwIP/src/core/tcp.c ****     tcp_output(pcb);
 3311              		.loc 1 2190 5 is_stmt 1 view .LVU954
2190:Middlewares/Third_Party/LwIP/src/core/tcp.c ****     tcp_output(pcb);
 3312              		.loc 1 2190 5 view .LVU955
 3313 00a6 43F00203 		orr	r3, r3, #2
 3314 00aa 6383     		strh	r3, [r4, #26]	@ movhi
2190:Middlewares/Third_Party/LwIP/src/core/tcp.c ****     tcp_output(pcb);
 3315              		.loc 1 2190 5 view .LVU956
2191:Middlewares/Third_Party/LwIP/src/core/tcp.c ****   }
 3316              		.loc 1 2191 5 view .LVU957
 3317 00ac 2046     		mov	r0, r4
 3318 00ae FFF7FEFF 		bl	tcp_output
 3319              	.LVL330:
 3320 00b2 D6E7     		b	.L302
 3321              	.L314:
 3322              		.align	2
 3323              	.L313:
 3324 00b4 00000000 		.word	.LC0
 3325 00b8 00000000 		.word	.LC28
 3326 00bc 54000000 		.word	.LC2
 3327 00c0 1C000000 		.word	.LC29
 3328 00c4 3C000000 		.word	.LC30
 3329 00c8 54000000 		.word	.LC31
 3330 00cc 70000000 		.word	.LC32
 3331              		.cfi_endproc
 3332              	.LFE210:
 3334              		.section	.rodata.tcp_abandon.str1.4,"aMS",%progbits,1
 3335              		.align	2
 3336              	.LC33:
 3337 0000 7463705F 		.ascii	"tcp_abandon: invalid pcb\000"
 3337      6162616E 
 3337      646F6E3A 
 3337      20696E76 
 3337      616C6964 
 3338 0019 000000   		.align	2
 3339              	.LC34:
 3340 001c 646F6E27 		.ascii	"don't call tcp_abort/tcp_abandon for listen-pcbs\000"
 3340      74206361 
 3340      6C6C2074 
 3340      63705F61 
 3340      626F7274 
 3341              		.section	.text.tcp_abandon,"ax",%progbits
 3342              		.align	1
 3343              		.global	tcp_abandon
 3344              		.syntax unified
 3345              		.thumb
 3346              		.thumb_func
 3348              	tcp_abandon:
 3349              	.LVL331:
 3350              	.LFB176:
 564:Middlewares/Third_Party/LwIP/src/core/tcp.c ****   u32_t seqno, ackno;
 3351              		.loc 1 564 1 view -0
 3352              		.cfi_startproc
 3353              		@ args = 0, pretend = 0, frame = 0
 3354              		@ frame_needed = 0, uses_anonymous_args = 0
 564:Middlewares/Third_Party/LwIP/src/core/tcp.c ****   u32_t seqno, ackno;
 3355              		.loc 1 564 1 is_stmt 0 view .LVU959
ARM GAS  /tmp/ccwEre5k.s 			page 117


 3356 0000 2DE9F047 		push	{r4, r5, r6, r7, r8, r9, r10, lr}
 3357              	.LCFI33:
 3358              		.cfi_def_cfa_offset 32
 3359              		.cfi_offset 4, -32
 3360              		.cfi_offset 5, -28
 3361              		.cfi_offset 6, -24
 3362              		.cfi_offset 7, -20
 3363              		.cfi_offset 8, -16
 3364              		.cfi_offset 9, -12
 3365              		.cfi_offset 10, -8
 3366              		.cfi_offset 14, -4
 3367 0004 84B0     		sub	sp, sp, #16
 3368              	.LCFI34:
 3369              		.cfi_def_cfa_offset 48
 565:Middlewares/Third_Party/LwIP/src/core/tcp.c **** #if LWIP_CALLBACK_API
 3370              		.loc 1 565 3 is_stmt 1 view .LVU960
 567:Middlewares/Third_Party/LwIP/src/core/tcp.c **** #endif /* LWIP_CALLBACK_API */
 3371              		.loc 1 567 3 view .LVU961
 569:Middlewares/Third_Party/LwIP/src/core/tcp.c **** 
 3372              		.loc 1 569 3 view .LVU962
 571:Middlewares/Third_Party/LwIP/src/core/tcp.c **** 
 3373              		.loc 1 571 28 view .LVU963
 573:Middlewares/Third_Party/LwIP/src/core/tcp.c **** 
 3374              		.loc 1 573 3 view .LVU964
 573:Middlewares/Third_Party/LwIP/src/core/tcp.c **** 
 3375              		.loc 1 573 3 view .LVU965
 3376 0006 F8B1     		cbz	r0, .L332
 3377 0008 0D46     		mov	r5, r1
 3378 000a 0446     		mov	r4, r0
 573:Middlewares/Third_Party/LwIP/src/core/tcp.c **** 
 3379              		.loc 1 573 3 discriminator 2 view .LVU966
 576:Middlewares/Third_Party/LwIP/src/core/tcp.c ****               pcb->state != LISTEN);
 3380              		.loc 1 576 3 discriminator 2 view .LVU967
 576:Middlewares/Third_Party/LwIP/src/core/tcp.c ****               pcb->state != LISTEN);
 3381              		.loc 1 576 3 discriminator 2 view .LVU968
 3382 000c 037D     		ldrb	r3, [r0, #20]	@ zero_extendqisi2
 3383 000e 012B     		cmp	r3, #1
 3384 0010 22D0     		beq	.L333
 3385              	.LVL332:
 3386              	.L318:
 576:Middlewares/Third_Party/LwIP/src/core/tcp.c ****               pcb->state != LISTEN);
 3387              		.loc 1 576 3 discriminator 3 view .LVU969
 576:Middlewares/Third_Party/LwIP/src/core/tcp.c ****               pcb->state != LISTEN);
 3388              		.loc 1 576 3 discriminator 3 view .LVU970
 581:Middlewares/Third_Party/LwIP/src/core/tcp.c ****     tcp_pcb_remove(&tcp_tw_pcbs, pcb);
 3389              		.loc 1 581 3 discriminator 3 view .LVU971
 581:Middlewares/Third_Party/LwIP/src/core/tcp.c ****     tcp_pcb_remove(&tcp_tw_pcbs, pcb);
 3390              		.loc 1 581 10 is_stmt 0 discriminator 3 view .LVU972
 3391 0012 237D     		ldrb	r3, [r4, #20]	@ zero_extendqisi2
 581:Middlewares/Third_Party/LwIP/src/core/tcp.c ****     tcp_pcb_remove(&tcp_tw_pcbs, pcb);
 3392              		.loc 1 581 6 discriminator 3 view .LVU973
 3393 0014 0A2B     		cmp	r3, #10
 3394 0016 27D0     		beq	.L334
 3395              	.LBB15:
 585:Middlewares/Third_Party/LwIP/src/core/tcp.c ****     u16_t local_port = 0;
 3396              		.loc 1 585 5 is_stmt 1 view .LVU974
 3397              	.LVL333:
ARM GAS  /tmp/ccwEre5k.s 			page 118


 586:Middlewares/Third_Party/LwIP/src/core/tcp.c ****     enum tcp_state last_state;
 3398              		.loc 1 586 5 view .LVU975
 587:Middlewares/Third_Party/LwIP/src/core/tcp.c ****     seqno = pcb->snd_nxt;
 3399              		.loc 1 587 5 view .LVU976
 588:Middlewares/Third_Party/LwIP/src/core/tcp.c ****     ackno = pcb->rcv_nxt;
 3400              		.loc 1 588 5 view .LVU977
 588:Middlewares/Third_Party/LwIP/src/core/tcp.c ****     ackno = pcb->rcv_nxt;
 3401              		.loc 1 588 11 is_stmt 0 view .LVU978
 3402 0018 D4F85080 		ldr	r8, [r4, #80]
 3403              	.LVL334:
 589:Middlewares/Third_Party/LwIP/src/core/tcp.c **** #if LWIP_CALLBACK_API
 3404              		.loc 1 589 5 is_stmt 1 view .LVU979
 589:Middlewares/Third_Party/LwIP/src/core/tcp.c **** #if LWIP_CALLBACK_API
 3405              		.loc 1 589 11 is_stmt 0 view .LVU980
 3406 001c D4F82490 		ldr	r9, [r4, #36]
 3407              	.LVL335:
 591:Middlewares/Third_Party/LwIP/src/core/tcp.c **** #endif /* LWIP_CALLBACK_API */
 3408              		.loc 1 591 5 is_stmt 1 view .LVU981
 591:Middlewares/Third_Party/LwIP/src/core/tcp.c **** #endif /* LWIP_CALLBACK_API */
 3409              		.loc 1 591 10 is_stmt 0 view .LVU982
 3410 0020 D4F89060 		ldr	r6, [r4, #144]
 3411              	.LVL336:
 593:Middlewares/Third_Party/LwIP/src/core/tcp.c ****     if (pcb->state == CLOSED) {
 3412              		.loc 1 593 5 is_stmt 1 view .LVU983
 593:Middlewares/Third_Party/LwIP/src/core/tcp.c ****     if (pcb->state == CLOSED) {
 3413              		.loc 1 593 14 is_stmt 0 view .LVU984
 3414 0024 2769     		ldr	r7, [r4, #16]
 3415              	.LVL337:
 594:Middlewares/Third_Party/LwIP/src/core/tcp.c ****       if (pcb->local_port != 0) {
 3416              		.loc 1 594 5 is_stmt 1 view .LVU985
 594:Middlewares/Third_Party/LwIP/src/core/tcp.c ****       if (pcb->local_port != 0) {
 3417              		.loc 1 594 8 is_stmt 0 view .LVU986
 3418 0026 002B     		cmp	r3, #0
 3419 0028 47D1     		bne	.L320
 595:Middlewares/Third_Party/LwIP/src/core/tcp.c ****         /* bound, not yet opened */
 3420              		.loc 1 595 7 is_stmt 1 view .LVU987
 595:Middlewares/Third_Party/LwIP/src/core/tcp.c ****         /* bound, not yet opened */
 3421              		.loc 1 595 14 is_stmt 0 view .LVU988
 3422 002a B4F816A0 		ldrh	r10, [r4, #22]
 595:Middlewares/Third_Party/LwIP/src/core/tcp.c ****         /* bound, not yet opened */
 3423              		.loc 1 595 10 view .LVU989
 3424 002e BAF1000F 		cmp	r10, #0
 3425 0032 4CD0     		beq	.L329
 597:Middlewares/Third_Party/LwIP/src/core/tcp.c ****       }
 3426              		.loc 1 597 9 is_stmt 1 view .LVU990
 597:Middlewares/Third_Party/LwIP/src/core/tcp.c ****       }
 3427              		.loc 1 597 9 view .LVU991
 3428 0034 2D4B     		ldr	r3, .L338
 3429 0036 1B68     		ldr	r3, [r3]
 3430 0038 A342     		cmp	r3, r4
 3431 003a 1DD0     		beq	.L335
 3432              	.L322:
 3433              	.LVL338:
 3434              	.LBB16:
 597:Middlewares/Third_Party/LwIP/src/core/tcp.c ****       }
 3435              		.loc 1 597 9 discriminator 8 view .LVU992
 3436 003c 13B3     		cbz	r3, .L323
ARM GAS  /tmp/ccwEre5k.s 			page 119


 597:Middlewares/Third_Party/LwIP/src/core/tcp.c ****       }
 3437              		.loc 1 597 9 discriminator 9 view .LVU993
 3438 003e DA68     		ldr	r2, [r3, #12]
 3439 0040 A242     		cmp	r2, r4
 3440 0042 1DD0     		beq	.L336
 597:Middlewares/Third_Party/LwIP/src/core/tcp.c ****       }
 3441              		.loc 1 597 9 is_stmt 0 view .LVU994
 3442 0044 1346     		mov	r3, r2
 3443              	.LVL339:
 597:Middlewares/Third_Party/LwIP/src/core/tcp.c ****       }
 3444              		.loc 1 597 9 view .LVU995
 3445 0046 F9E7     		b	.L322
 3446              	.LVL340:
 3447              	.L332:
 597:Middlewares/Third_Party/LwIP/src/core/tcp.c ****       }
 3448              		.loc 1 597 9 view .LVU996
 3449              	.LBE16:
 3450              	.LBE15:
 573:Middlewares/Third_Party/LwIP/src/core/tcp.c **** 
 3451              		.loc 1 573 3 is_stmt 1 discriminator 1 view .LVU997
 573:Middlewares/Third_Party/LwIP/src/core/tcp.c **** 
 3452              		.loc 1 573 3 discriminator 1 view .LVU998
 3453 0048 294B     		ldr	r3, .L338+4
 3454 004a 40F23D22 		movw	r2, #573
 3455 004e 2949     		ldr	r1, .L338+8
 3456              	.LVL341:
 573:Middlewares/Third_Party/LwIP/src/core/tcp.c **** 
 3457              		.loc 1 573 3 is_stmt 0 discriminator 1 view .LVU999
 3458 0050 2948     		ldr	r0, .L338+12
 3459              	.LVL342:
 573:Middlewares/Third_Party/LwIP/src/core/tcp.c **** 
 3460              		.loc 1 573 3 discriminator 1 view .LVU1000
 3461 0052 FFF7FEFF 		bl	printf
 3462              	.LVL343:
 573:Middlewares/Third_Party/LwIP/src/core/tcp.c **** 
 3463              		.loc 1 573 3 is_stmt 1 discriminator 1 view .LVU1001
 573:Middlewares/Third_Party/LwIP/src/core/tcp.c **** 
 3464              		.loc 1 573 3 discriminator 1 view .LVU1002
 3465 0056 2DE0     		b	.L315
 3466              	.LVL344:
 3467              	.L333:
 576:Middlewares/Third_Party/LwIP/src/core/tcp.c ****               pcb->state != LISTEN);
 3468              		.loc 1 576 3 discriminator 1 view .LVU1003
 576:Middlewares/Third_Party/LwIP/src/core/tcp.c ****               pcb->state != LISTEN);
 3469              		.loc 1 576 3 discriminator 1 view .LVU1004
 3470 0058 254B     		ldr	r3, .L338+4
 3471 005a 4FF41072 		mov	r2, #576
 3472 005e 2749     		ldr	r1, .L338+16
 3473              	.LVL345:
 576:Middlewares/Third_Party/LwIP/src/core/tcp.c ****               pcb->state != LISTEN);
 3474              		.loc 1 576 3 is_stmt 0 discriminator 1 view .LVU1005
 3475 0060 2548     		ldr	r0, .L338+12
 3476              	.LVL346:
 576:Middlewares/Third_Party/LwIP/src/core/tcp.c ****               pcb->state != LISTEN);
 3477              		.loc 1 576 3 discriminator 1 view .LVU1006
 3478 0062 FFF7FEFF 		bl	printf
 3479              	.LVL347:
ARM GAS  /tmp/ccwEre5k.s 			page 120


 3480 0066 D4E7     		b	.L318
 3481              	.L334:
 582:Middlewares/Third_Party/LwIP/src/core/tcp.c ****     tcp_free(pcb);
 3482              		.loc 1 582 5 is_stmt 1 view .LVU1007
 3483 0068 2146     		mov	r1, r4
 3484 006a 2548     		ldr	r0, .L338+20
 3485 006c FFF7FEFF 		bl	tcp_pcb_remove
 3486              	.LVL348:
 583:Middlewares/Third_Party/LwIP/src/core/tcp.c ****   } else {
 3487              		.loc 1 583 5 view .LVU1008
 3488 0070 2046     		mov	r0, r4
 3489 0072 FFF7FEFF 		bl	tcp_free
 3490              	.LVL349:
 3491 0076 1DE0     		b	.L315
 3492              	.LVL350:
 3493              	.L335:
 3494              	.LBB18:
 597:Middlewares/Third_Party/LwIP/src/core/tcp.c ****       }
 3495              		.loc 1 597 9 discriminator 1 view .LVU1009
 3496 0078 DA68     		ldr	r2, [r3, #12]
 3497 007a 1C4B     		ldr	r3, .L338
 3498 007c 1A60     		str	r2, [r3]
 3499 007e 01E0     		b	.L323
 3500              	.LVL351:
 3501              	.L336:
 3502              	.LBB17:
 597:Middlewares/Third_Party/LwIP/src/core/tcp.c ****       }
 3503              		.loc 1 597 9 discriminator 5 view .LVU1010
 3504 0080 E268     		ldr	r2, [r4, #12]
 3505 0082 DA60     		str	r2, [r3, #12]
 597:Middlewares/Third_Party/LwIP/src/core/tcp.c ****       }
 3506              		.loc 1 597 9 discriminator 5 view .LVU1011
 3507              	.LVL352:
 3508              	.L323:
 597:Middlewares/Third_Party/LwIP/src/core/tcp.c ****       }
 3509              		.loc 1 597 9 is_stmt 0 discriminator 5 view .LVU1012
 3510              	.LBE17:
 597:Middlewares/Third_Party/LwIP/src/core/tcp.c ****       }
 3511              		.loc 1 597 9 is_stmt 1 discriminator 10 view .LVU1013
 3512 0084 0025     		movs	r5, #0
 3513              	.LVL353:
 597:Middlewares/Third_Party/LwIP/src/core/tcp.c ****       }
 3514              		.loc 1 597 9 is_stmt 0 discriminator 10 view .LVU1014
 3515 0086 E560     		str	r5, [r4, #12]
 586:Middlewares/Third_Party/LwIP/src/core/tcp.c ****     enum tcp_state last_state;
 3516              		.loc 1 586 11 discriminator 10 view .LVU1015
 3517 0088 AA46     		mov	r10, r5
 3518              	.LVL354:
 3519              	.L321:
 602:Middlewares/Third_Party/LwIP/src/core/tcp.c ****     }
 3520              		.loc 1 602 7 is_stmt 1 discriminator 1 view .LVU1016
 604:Middlewares/Third_Party/LwIP/src/core/tcp.c ****       tcp_segs_free(pcb->unacked);
 3521              		.loc 1 604 5 discriminator 1 view .LVU1017
 604:Middlewares/Third_Party/LwIP/src/core/tcp.c ****       tcp_segs_free(pcb->unacked);
 3522              		.loc 1 604 12 is_stmt 0 discriminator 1 view .LVU1018
 3523 008a 206F     		ldr	r0, [r4, #112]
 604:Middlewares/Third_Party/LwIP/src/core/tcp.c ****       tcp_segs_free(pcb->unacked);
ARM GAS  /tmp/ccwEre5k.s 			page 121


 3524              		.loc 1 604 8 discriminator 1 view .LVU1019
 3525 008c 08B1     		cbz	r0, .L325
 605:Middlewares/Third_Party/LwIP/src/core/tcp.c ****     }
 3526              		.loc 1 605 7 is_stmt 1 view .LVU1020
 3527 008e FFF7FEFF 		bl	tcp_segs_free
 3528              	.LVL355:
 3529              	.L325:
 607:Middlewares/Third_Party/LwIP/src/core/tcp.c ****       tcp_segs_free(pcb->unsent);
 3530              		.loc 1 607 5 view .LVU1021
 607:Middlewares/Third_Party/LwIP/src/core/tcp.c ****       tcp_segs_free(pcb->unsent);
 3531              		.loc 1 607 12 is_stmt 0 view .LVU1022
 3532 0092 E06E     		ldr	r0, [r4, #108]
 607:Middlewares/Third_Party/LwIP/src/core/tcp.c ****       tcp_segs_free(pcb->unsent);
 3533              		.loc 1 607 8 view .LVU1023
 3534 0094 08B1     		cbz	r0, .L326
 608:Middlewares/Third_Party/LwIP/src/core/tcp.c ****     }
 3535              		.loc 1 608 7 is_stmt 1 view .LVU1024
 3536 0096 FFF7FEFF 		bl	tcp_segs_free
 3537              	.LVL356:
 3538              	.L326:
 611:Middlewares/Third_Party/LwIP/src/core/tcp.c ****       tcp_segs_free(pcb->ooseq);
 3539              		.loc 1 611 5 view .LVU1025
 611:Middlewares/Third_Party/LwIP/src/core/tcp.c ****       tcp_segs_free(pcb->ooseq);
 3540              		.loc 1 611 12 is_stmt 0 view .LVU1026
 3541 009a 606F     		ldr	r0, [r4, #116]
 611:Middlewares/Third_Party/LwIP/src/core/tcp.c ****       tcp_segs_free(pcb->ooseq);
 3542              		.loc 1 611 8 view .LVU1027
 3543 009c 08B1     		cbz	r0, .L327
 612:Middlewares/Third_Party/LwIP/src/core/tcp.c ****     }
 3544              		.loc 1 612 7 is_stmt 1 view .LVU1028
 3545 009e FFF7FEFF 		bl	tcp_segs_free
 3546              	.LVL357:
 3547              	.L327:
 615:Middlewares/Third_Party/LwIP/src/core/tcp.c ****     if (send_rst) {
 3548              		.loc 1 615 30 view .LVU1029
 616:Middlewares/Third_Party/LwIP/src/core/tcp.c ****       LWIP_DEBUGF(TCP_RST_DEBUG, ("tcp_abandon: sending RST\n"));
 3549              		.loc 1 616 5 view .LVU1030
 616:Middlewares/Third_Party/LwIP/src/core/tcp.c ****       LWIP_DEBUGF(TCP_RST_DEBUG, ("tcp_abandon: sending RST\n"));
 3550              		.loc 1 616 8 is_stmt 0 view .LVU1031
 3551 00a2 B5B9     		cbnz	r5, .L337
 3552              	.L328:
 620:Middlewares/Third_Party/LwIP/src/core/tcp.c ****     tcp_free(pcb);
 3553              		.loc 1 620 5 is_stmt 1 view .LVU1032
 3554              	.LVL358:
 621:Middlewares/Third_Party/LwIP/src/core/tcp.c ****     TCP_EVENT_ERR(last_state, errf, errf_arg, ERR_ABRT);
 3555              		.loc 1 621 5 view .LVU1033
 3556 00a4 2046     		mov	r0, r4
 3557 00a6 FFF7FEFF 		bl	tcp_free
 3558              	.LVL359:
 622:Middlewares/Third_Party/LwIP/src/core/tcp.c ****   }
 3559              		.loc 1 622 5 view .LVU1034
 622:Middlewares/Third_Party/LwIP/src/core/tcp.c ****   }
 3560              		.loc 1 622 5 view .LVU1035
 622:Middlewares/Third_Party/LwIP/src/core/tcp.c ****   }
 3561              		.loc 1 622 5 view .LVU1036
 3562 00aa 1EB1     		cbz	r6, .L315
 622:Middlewares/Third_Party/LwIP/src/core/tcp.c ****   }
ARM GAS  /tmp/ccwEre5k.s 			page 122


 3563              		.loc 1 622 5 discriminator 1 view .LVU1037
 3564 00ac 6FF00C01 		mvn	r1, #12
 3565 00b0 3846     		mov	r0, r7
 3566 00b2 B047     		blx	r6
 3567              	.LVL360:
 622:Middlewares/Third_Party/LwIP/src/core/tcp.c ****   }
 3568              		.loc 1 622 5 discriminator 1 view .LVU1038
 3569              	.L315:
 622:Middlewares/Third_Party/LwIP/src/core/tcp.c ****   }
 3570              		.loc 1 622 5 is_stmt 0 discriminator 1 view .LVU1039
 3571              	.LBE18:
 624:Middlewares/Third_Party/LwIP/src/core/tcp.c **** 
 3572              		.loc 1 624 1 view .LVU1040
 3573 00b4 04B0     		add	sp, sp, #16
 3574              	.LCFI35:
 3575              		.cfi_remember_state
 3576              		.cfi_def_cfa_offset 32
 3577              		@ sp needed
 3578 00b6 BDE8F087 		pop	{r4, r5, r6, r7, r8, r9, r10, pc}
 3579              	.LVL361:
 3580              	.L320:
 3581              	.LCFI36:
 3582              		.cfi_restore_state
 3583              	.LBB19:
 600:Middlewares/Third_Party/LwIP/src/core/tcp.c ****       local_port = pcb->local_port;
 3584              		.loc 1 600 7 is_stmt 1 view .LVU1041
 601:Middlewares/Third_Party/LwIP/src/core/tcp.c ****       TCP_PCB_REMOVE_ACTIVE(pcb);
 3585              		.loc 1 601 7 view .LVU1042
 601:Middlewares/Third_Party/LwIP/src/core/tcp.c ****       TCP_PCB_REMOVE_ACTIVE(pcb);
 3586              		.loc 1 601 18 is_stmt 0 view .LVU1043
 3587 00ba B4F816A0 		ldrh	r10, [r4, #22]
 3588              	.LVL362:
 602:Middlewares/Third_Party/LwIP/src/core/tcp.c ****     }
 3589              		.loc 1 602 7 is_stmt 1 view .LVU1044
 602:Middlewares/Third_Party/LwIP/src/core/tcp.c ****     }
 3590              		.loc 1 602 7 view .LVU1045
 3591 00be 2146     		mov	r1, r4
 3592 00c0 1048     		ldr	r0, .L338+24
 3593 00c2 FFF7FEFF 		bl	tcp_pcb_remove
 3594              	.LVL363:
 602:Middlewares/Third_Party/LwIP/src/core/tcp.c ****     }
 3595              		.loc 1 602 7 view .LVU1046
 3596 00c6 104B     		ldr	r3, .L338+28
 3597 00c8 0122     		movs	r2, #1
 3598 00ca 1A70     		strb	r2, [r3]
 3599 00cc DDE7     		b	.L321
 3600              	.LVL364:
 3601              	.L329:
 585:Middlewares/Third_Party/LwIP/src/core/tcp.c ****     u16_t local_port = 0;
 3602              		.loc 1 585 9 is_stmt 0 view .LVU1047
 3603 00ce 0025     		movs	r5, #0
 3604              	.LVL365:
 585:Middlewares/Third_Party/LwIP/src/core/tcp.c ****     u16_t local_port = 0;
 3605              		.loc 1 585 9 view .LVU1048
 3606 00d0 DBE7     		b	.L321
 3607              	.LVL366:
 3608              	.L337:
ARM GAS  /tmp/ccwEre5k.s 			page 123


 617:Middlewares/Third_Party/LwIP/src/core/tcp.c ****       tcp_rst(pcb, seqno, ackno, &pcb->local_ip, &pcb->remote_ip, local_port, pcb->remote_port);
 3609              		.loc 1 617 65 is_stmt 1 view .LVU1049
 618:Middlewares/Third_Party/LwIP/src/core/tcp.c ****     }
 3610              		.loc 1 618 7 view .LVU1050
 618:Middlewares/Third_Party/LwIP/src/core/tcp.c ****     }
 3611              		.loc 1 618 50 is_stmt 0 view .LVU1051
 3612 00d2 231D     		adds	r3, r4, #4
 618:Middlewares/Third_Party/LwIP/src/core/tcp.c ****     }
 3613              		.loc 1 618 7 view .LVU1052
 3614 00d4 228B     		ldrh	r2, [r4, #24]
 3615 00d6 0292     		str	r2, [sp, #8]
 3616 00d8 CDF804A0 		str	r10, [sp, #4]
 3617 00dc 0093     		str	r3, [sp]
 3618 00de 2346     		mov	r3, r4
 3619 00e0 4A46     		mov	r2, r9
 3620 00e2 4146     		mov	r1, r8
 3621 00e4 2046     		mov	r0, r4
 3622 00e6 FFF7FEFF 		bl	tcp_rst
 3623              	.LVL367:
 3624 00ea DBE7     		b	.L328
 3625              	.L339:
 3626              		.align	2
 3627              	.L338:
 3628 00ec 00000000 		.word	tcp_bound_pcbs
 3629 00f0 00000000 		.word	.LC0
 3630 00f4 00000000 		.word	.LC33
 3631 00f8 54000000 		.word	.LC2
 3632 00fc 1C000000 		.word	.LC34
 3633 0100 00000000 		.word	tcp_tw_pcbs
 3634 0104 00000000 		.word	tcp_active_pcbs
 3635 0108 00000000 		.word	tcp_active_pcbs_changed
 3636              	.LBE19:
 3637              		.cfi_endproc
 3638              	.LFE176:
 3640              		.section	.text.tcp_abort,"ax",%progbits
 3641              		.align	1
 3642              		.global	tcp_abort
 3643              		.syntax unified
 3644              		.thumb
 3645              		.thumb_func
 3647              	tcp_abort:
 3648              	.LVL368:
 3649              	.LFB177:
 639:Middlewares/Third_Party/LwIP/src/core/tcp.c ****   tcp_abandon(pcb, 1);
 3650              		.loc 1 639 1 is_stmt 1 view -0
 3651              		.cfi_startproc
 3652              		@ args = 0, pretend = 0, frame = 0
 3653              		@ frame_needed = 0, uses_anonymous_args = 0
 639:Middlewares/Third_Party/LwIP/src/core/tcp.c ****   tcp_abandon(pcb, 1);
 3654              		.loc 1 639 1 is_stmt 0 view .LVU1054
 3655 0000 08B5     		push	{r3, lr}
 3656              	.LCFI37:
 3657              		.cfi_def_cfa_offset 8
 3658              		.cfi_offset 3, -8
 3659              		.cfi_offset 14, -4
 640:Middlewares/Third_Party/LwIP/src/core/tcp.c **** }
 3660              		.loc 1 640 3 is_stmt 1 view .LVU1055
ARM GAS  /tmp/ccwEre5k.s 			page 124


 3661 0002 0121     		movs	r1, #1
 3662 0004 FFF7FEFF 		bl	tcp_abandon
 3663              	.LVL369:
 641:Middlewares/Third_Party/LwIP/src/core/tcp.c **** 
 3664              		.loc 1 641 1 is_stmt 0 view .LVU1056
 3665 0008 08BD     		pop	{r3, pc}
 3666              		.cfi_endproc
 3667              	.LFE177:
 3669              		.section	.rodata.tcp_accept_null.str1.4,"aMS",%progbits,1
 3670              		.align	2
 3671              	.LC35:
 3672 0000 7463705F 		.ascii	"tcp_accept_null: invalid pcb\000"
 3672      61636365 
 3672      70745F6E 
 3672      756C6C3A 
 3672      20696E76 
 3673              		.section	.text.tcp_accept_null,"ax",%progbits
 3674              		.align	1
 3675              		.syntax unified
 3676              		.thumb
 3677              		.thumb_func
 3679              	tcp_accept_null:
 3680              	.LVL370:
 3681              	.LFB180:
 779:Middlewares/Third_Party/LwIP/src/core/tcp.c ****   LWIP_UNUSED_ARG(arg);
 3682              		.loc 1 779 1 is_stmt 1 view -0
 3683              		.cfi_startproc
 3684              		@ args = 0, pretend = 0, frame = 0
 3685              		@ frame_needed = 0, uses_anonymous_args = 0
 779:Middlewares/Third_Party/LwIP/src/core/tcp.c ****   LWIP_UNUSED_ARG(arg);
 3686              		.loc 1 779 1 is_stmt 0 view .LVU1058
 3687 0000 10B5     		push	{r4, lr}
 3688              	.LCFI38:
 3689              		.cfi_def_cfa_offset 8
 3690              		.cfi_offset 4, -8
 3691              		.cfi_offset 14, -4
 780:Middlewares/Third_Party/LwIP/src/core/tcp.c ****   LWIP_UNUSED_ARG(err);
 3692              		.loc 1 780 3 is_stmt 1 view .LVU1059
 781:Middlewares/Third_Party/LwIP/src/core/tcp.c **** 
 3693              		.loc 1 781 3 view .LVU1060
 783:Middlewares/Third_Party/LwIP/src/core/tcp.c **** 
 3694              		.loc 1 783 3 view .LVU1061
 783:Middlewares/Third_Party/LwIP/src/core/tcp.c **** 
 3695              		.loc 1 783 3 view .LVU1062
 3696 0002 0C46     		mov	r4, r1
 3697 0004 29B1     		cbz	r1, .L345
 3698              	.LVL371:
 3699              	.L343:
 783:Middlewares/Third_Party/LwIP/src/core/tcp.c **** 
 3700              		.loc 1 783 3 discriminator 3 view .LVU1063
 783:Middlewares/Third_Party/LwIP/src/core/tcp.c **** 
 3701              		.loc 1 783 3 discriminator 3 view .LVU1064
 785:Middlewares/Third_Party/LwIP/src/core/tcp.c **** 
 3702              		.loc 1 785 3 discriminator 3 view .LVU1065
 3703 0006 2046     		mov	r0, r4
 3704 0008 FFF7FEFF 		bl	tcp_abort
 3705              	.LVL372:
ARM GAS  /tmp/ccwEre5k.s 			page 125


 787:Middlewares/Third_Party/LwIP/src/core/tcp.c **** }
 3706              		.loc 1 787 3 discriminator 3 view .LVU1066
 788:Middlewares/Third_Party/LwIP/src/core/tcp.c **** #endif /* LWIP_CALLBACK_API */
 3707              		.loc 1 788 1 is_stmt 0 discriminator 3 view .LVU1067
 3708 000c 6FF00C00 		mvn	r0, #12
 3709 0010 10BD     		pop	{r4, pc}
 3710              	.LVL373:
 3711              	.L345:
 783:Middlewares/Third_Party/LwIP/src/core/tcp.c **** 
 3712              		.loc 1 783 3 is_stmt 1 discriminator 1 view .LVU1068
 783:Middlewares/Third_Party/LwIP/src/core/tcp.c **** 
 3713              		.loc 1 783 3 discriminator 1 view .LVU1069
 3714 0012 044B     		ldr	r3, .L346
 3715 0014 40F20F32 		movw	r2, #783
 3716              	.LVL374:
 783:Middlewares/Third_Party/LwIP/src/core/tcp.c **** 
 3717              		.loc 1 783 3 is_stmt 0 discriminator 1 view .LVU1070
 3718 0018 0349     		ldr	r1, .L346+4
 3719              	.LVL375:
 783:Middlewares/Third_Party/LwIP/src/core/tcp.c **** 
 3720              		.loc 1 783 3 discriminator 1 view .LVU1071
 3721 001a 0448     		ldr	r0, .L346+8
 3722              	.LVL376:
 783:Middlewares/Third_Party/LwIP/src/core/tcp.c **** 
 3723              		.loc 1 783 3 discriminator 1 view .LVU1072
 3724 001c FFF7FEFF 		bl	printf
 3725              	.LVL377:
 3726 0020 F1E7     		b	.L343
 3727              	.L347:
 3728 0022 00BF     		.align	2
 3729              	.L346:
 3730 0024 00000000 		.word	.LC0
 3731 0028 00000000 		.word	.LC35
 3732 002c 54000000 		.word	.LC2
 3733              		.cfi_endproc
 3734              	.LFE180:
 3736              		.section	.text.tcp_kill_timewait,"ax",%progbits
 3737              		.align	1
 3738              		.syntax unified
 3739              		.thumb
 3740              		.thumb_func
 3742              	tcp_kill_timewait:
 3743              	.LFB198:
1785:Middlewares/Third_Party/LwIP/src/core/tcp.c ****   struct tcp_pcb *pcb, *inactive;
 3744              		.loc 1 1785 1 is_stmt 1 view -0
 3745              		.cfi_startproc
 3746              		@ args = 0, pretend = 0, frame = 0
 3747              		@ frame_needed = 0, uses_anonymous_args = 0
 3748 0000 08B5     		push	{r3, lr}
 3749              	.LCFI39:
 3750              		.cfi_def_cfa_offset 8
 3751              		.cfi_offset 3, -8
 3752              		.cfi_offset 14, -4
1786:Middlewares/Third_Party/LwIP/src/core/tcp.c ****   u32_t inactivity;
 3753              		.loc 1 1786 3 view .LVU1074
1787:Middlewares/Third_Party/LwIP/src/core/tcp.c **** 
 3754              		.loc 1 1787 3 view .LVU1075
ARM GAS  /tmp/ccwEre5k.s 			page 126


1789:Middlewares/Third_Party/LwIP/src/core/tcp.c ****   inactive = NULL;
 3755              		.loc 1 1789 3 view .LVU1076
 3756              	.LVL378:
1790:Middlewares/Third_Party/LwIP/src/core/tcp.c ****   /* Go through the list of TIME_WAIT pcbs and get the oldest pcb. */
 3757              		.loc 1 1790 3 view .LVU1077
1792:Middlewares/Third_Party/LwIP/src/core/tcp.c ****     if ((u32_t)(tcp_ticks - pcb->tmr) >= inactivity) {
 3758              		.loc 1 1792 3 view .LVU1078
1792:Middlewares/Third_Party/LwIP/src/core/tcp.c ****     if ((u32_t)(tcp_ticks - pcb->tmr) >= inactivity) {
 3759              		.loc 1 1792 12 is_stmt 0 view .LVU1079
 3760 0002 0A4B     		ldr	r3, .L356
 3761 0004 1B68     		ldr	r3, [r3]
 3762              	.LVL379:
1789:Middlewares/Third_Party/LwIP/src/core/tcp.c ****   inactive = NULL;
 3763              		.loc 1 1789 14 view .LVU1080
 3764 0006 4FF0000C 		mov	ip, #0
1790:Middlewares/Third_Party/LwIP/src/core/tcp.c ****   /* Go through the list of TIME_WAIT pcbs and get the oldest pcb. */
 3765              		.loc 1 1790 12 view .LVU1081
 3766 000a 6046     		mov	r0, ip
1792:Middlewares/Third_Party/LwIP/src/core/tcp.c ****     if ((u32_t)(tcp_ticks - pcb->tmr) >= inactivity) {
 3767              		.loc 1 1792 3 view .LVU1082
 3768 000c 00E0     		b	.L349
 3769              	.LVL380:
 3770              	.L350:
1792:Middlewares/Third_Party/LwIP/src/core/tcp.c ****     if ((u32_t)(tcp_ticks - pcb->tmr) >= inactivity) {
 3771              		.loc 1 1792 44 is_stmt 1 discriminator 2 view .LVU1083
 3772 000e DB68     		ldr	r3, [r3, #12]
 3773              	.LVL381:
 3774              	.L349:
1792:Middlewares/Third_Party/LwIP/src/core/tcp.c ****     if ((u32_t)(tcp_ticks - pcb->tmr) >= inactivity) {
 3775              		.loc 1 1792 31 discriminator 1 view .LVU1084
 3776 0010 43B1     		cbz	r3, .L355
1793:Middlewares/Third_Party/LwIP/src/core/tcp.c ****       inactivity = tcp_ticks - pcb->tmr;
 3777              		.loc 1 1793 5 view .LVU1085
1793:Middlewares/Third_Party/LwIP/src/core/tcp.c ****       inactivity = tcp_ticks - pcb->tmr;
 3778              		.loc 1 1793 32 is_stmt 0 view .LVU1086
 3779 0012 196A     		ldr	r1, [r3, #32]
1793:Middlewares/Third_Party/LwIP/src/core/tcp.c ****       inactivity = tcp_ticks - pcb->tmr;
 3780              		.loc 1 1793 27 view .LVU1087
 3781 0014 064A     		ldr	r2, .L356+4
 3782 0016 1268     		ldr	r2, [r2]
 3783 0018 521A     		subs	r2, r2, r1
1793:Middlewares/Third_Party/LwIP/src/core/tcp.c ****       inactivity = tcp_ticks - pcb->tmr;
 3784              		.loc 1 1793 8 view .LVU1088
 3785 001a 6245     		cmp	r2, ip
 3786 001c F7D3     		bcc	.L350
1794:Middlewares/Third_Party/LwIP/src/core/tcp.c ****       inactive = pcb;
 3787              		.loc 1 1794 18 view .LVU1089
 3788 001e 9446     		mov	ip, r2
 3789              	.LVL382:
1795:Middlewares/Third_Party/LwIP/src/core/tcp.c ****     }
 3790              		.loc 1 1795 16 view .LVU1090
 3791 0020 1846     		mov	r0, r3
 3792              	.LVL383:
1795:Middlewares/Third_Party/LwIP/src/core/tcp.c ****     }
 3793              		.loc 1 1795 16 view .LVU1091
 3794 0022 F4E7     		b	.L350
 3795              	.LVL384:
ARM GAS  /tmp/ccwEre5k.s 			page 127


 3796              	.L355:
1798:Middlewares/Third_Party/LwIP/src/core/tcp.c ****     LWIP_DEBUGF(TCP_DEBUG, ("tcp_kill_timewait: killing oldest TIME-WAIT PCB %p (%"S32_F")\n",
 3797              		.loc 1 1798 3 is_stmt 1 view .LVU1092
1798:Middlewares/Third_Party/LwIP/src/core/tcp.c ****     LWIP_DEBUGF(TCP_DEBUG, ("tcp_kill_timewait: killing oldest TIME-WAIT PCB %p (%"S32_F")\n",
 3798              		.loc 1 1798 6 is_stmt 0 view .LVU1093
 3799 0024 08B1     		cbz	r0, .L348
1800:Middlewares/Third_Party/LwIP/src/core/tcp.c ****     tcp_abort(inactive);
 3800              		.loc 1 1800 59 is_stmt 1 view .LVU1094
1801:Middlewares/Third_Party/LwIP/src/core/tcp.c ****   }
 3801              		.loc 1 1801 5 view .LVU1095
 3802 0026 FFF7FEFF 		bl	tcp_abort
 3803              	.LVL385:
 3804              	.L348:
1803:Middlewares/Third_Party/LwIP/src/core/tcp.c **** 
 3805              		.loc 1 1803 1 is_stmt 0 view .LVU1096
 3806 002a 08BD     		pop	{r3, pc}
 3807              	.L357:
 3808              		.align	2
 3809              	.L356:
 3810 002c 00000000 		.word	tcp_tw_pcbs
 3811 0030 00000000 		.word	tcp_ticks
 3812              		.cfi_endproc
 3813              	.LFE198:
 3815              		.section	.text.tcp_kill_prio,"ax",%progbits
 3816              		.align	1
 3817              		.syntax unified
 3818              		.thumb
 3819              		.thumb_func
 3821              	tcp_kill_prio:
 3822              	.LVL386:
 3823              	.LFB196:
1707:Middlewares/Third_Party/LwIP/src/core/tcp.c ****   struct tcp_pcb *pcb, *inactive;
 3824              		.loc 1 1707 1 is_stmt 1 view -0
 3825              		.cfi_startproc
 3826              		@ args = 0, pretend = 0, frame = 0
 3827              		@ frame_needed = 0, uses_anonymous_args = 0
1708:Middlewares/Third_Party/LwIP/src/core/tcp.c ****   u32_t inactivity;
 3828              		.loc 1 1708 3 view .LVU1098
1709:Middlewares/Third_Party/LwIP/src/core/tcp.c ****   u8_t mprio;
 3829              		.loc 1 1709 3 view .LVU1099
1710:Middlewares/Third_Party/LwIP/src/core/tcp.c **** 
 3830              		.loc 1 1710 3 view .LVU1100
1712:Middlewares/Third_Party/LwIP/src/core/tcp.c **** 
 3831              		.loc 1 1712 3 view .LVU1101
1712:Middlewares/Third_Party/LwIP/src/core/tcp.c **** 
 3832              		.loc 1 1712 9 is_stmt 0 view .LVU1102
 3833 0000 10F0800F 		tst	r0, #128
 3834 0004 01D1     		bne	.L365
 3835              	.LVL387:
1717:Middlewares/Third_Party/LwIP/src/core/tcp.c ****     return;
 3836              		.loc 1 1717 3 is_stmt 1 discriminator 4 view .LVU1103
1717:Middlewares/Third_Party/LwIP/src/core/tcp.c ****     return;
 3837              		.loc 1 1717 6 is_stmt 0 discriminator 4 view .LVU1104
 3838 0006 08B9     		cbnz	r0, .L359
 3839 0008 7047     		bx	lr
 3840              	.LVL388:
 3841              	.L365:
ARM GAS  /tmp/ccwEre5k.s 			page 128


1712:Middlewares/Third_Party/LwIP/src/core/tcp.c **** 
 3842              		.loc 1 1712 9 view .LVU1105
 3843 000a 7F20     		movs	r0, #127
 3844              	.LVL389:
 3845              	.L359:
1707:Middlewares/Third_Party/LwIP/src/core/tcp.c ****   struct tcp_pcb *pcb, *inactive;
 3846              		.loc 1 1707 1 view .LVU1106
 3847 000c 38B5     		push	{r3, r4, r5, lr}
 3848              	.LCFI40:
 3849              		.cfi_def_cfa_offset 16
 3850              		.cfi_offset 3, -16
 3851              		.cfi_offset 4, -12
 3852              		.cfi_offset 5, -8
 3853              		.cfi_offset 14, -4
1726:Middlewares/Third_Party/LwIP/src/core/tcp.c **** 
 3854              		.loc 1 1726 3 is_stmt 1 view .LVU1107
1726:Middlewares/Third_Party/LwIP/src/core/tcp.c **** 
 3855              		.loc 1 1726 8 is_stmt 0 view .LVU1108
 3856 000e 0138     		subs	r0, r0, #1
 3857 0010 C2B2     		uxtb	r2, r0
 3858              	.LVL390:
1728:Middlewares/Third_Party/LwIP/src/core/tcp.c ****   inactive = NULL;
 3859              		.loc 1 1728 3 is_stmt 1 view .LVU1109
1729:Middlewares/Third_Party/LwIP/src/core/tcp.c ****   for (pcb = tcp_active_pcbs; pcb != NULL; pcb = pcb->next) {
 3860              		.loc 1 1729 3 view .LVU1110
1730:Middlewares/Third_Party/LwIP/src/core/tcp.c ****         /* lower prio is always a kill candidate */
 3861              		.loc 1 1730 3 view .LVU1111
1730:Middlewares/Third_Party/LwIP/src/core/tcp.c ****         /* lower prio is always a kill candidate */
 3862              		.loc 1 1730 12 is_stmt 0 view .LVU1112
 3863 0012 0F4B     		ldr	r3, .L370
 3864 0014 1B68     		ldr	r3, [r3]
 3865              	.LVL391:
1728:Middlewares/Third_Party/LwIP/src/core/tcp.c ****   inactive = NULL;
 3866              		.loc 1 1728 14 view .LVU1113
 3867 0016 4FF0000C 		mov	ip, #0
1729:Middlewares/Third_Party/LwIP/src/core/tcp.c ****   for (pcb = tcp_active_pcbs; pcb != NULL; pcb = pcb->next) {
 3868              		.loc 1 1729 12 view .LVU1114
 3869 001a 6046     		mov	r0, ip
1730:Middlewares/Third_Party/LwIP/src/core/tcp.c ****         /* lower prio is always a kill candidate */
 3870              		.loc 1 1730 3 view .LVU1115
 3871 001c 07E0     		b	.L361
 3872              	.LVL392:
 3873              	.L362:
1735:Middlewares/Third_Party/LwIP/src/core/tcp.c ****       inactive   = pcb;
 3874              		.loc 1 1735 7 is_stmt 1 view .LVU1116
1735:Middlewares/Third_Party/LwIP/src/core/tcp.c ****       inactive   = pcb;
 3875              		.loc 1 1735 30 is_stmt 0 view .LVU1117
 3876 001e 0D4A     		ldr	r2, .L370+4
 3877              	.LVL393:
1735:Middlewares/Third_Party/LwIP/src/core/tcp.c ****       inactive   = pcb;
 3878              		.loc 1 1735 30 view .LVU1118
 3879 0020 1268     		ldr	r2, [r2]
1735:Middlewares/Third_Party/LwIP/src/core/tcp.c ****       inactive   = pcb;
 3880              		.loc 1 1735 35 view .LVU1119
 3881 0022 186A     		ldr	r0, [r3, #32]
 3882              	.LVL394:
1735:Middlewares/Third_Party/LwIP/src/core/tcp.c ****       inactive   = pcb;
ARM GAS  /tmp/ccwEre5k.s 			page 129


 3883              		.loc 1 1735 18 view .LVU1120
 3884 0024 A2EB000C 		sub	ip, r2, r0
 3885              	.LVL395:
1736:Middlewares/Third_Party/LwIP/src/core/tcp.c ****       mprio      = pcb->prio;
 3886              		.loc 1 1736 7 is_stmt 1 view .LVU1121
1737:Middlewares/Third_Party/LwIP/src/core/tcp.c ****     }
 3887              		.loc 1 1737 7 view .LVU1122
1737:Middlewares/Third_Party/LwIP/src/core/tcp.c ****     }
 3888              		.loc 1 1737 18 is_stmt 0 view .LVU1123
 3889 0028 0A46     		mov	r2, r1
1736:Middlewares/Third_Party/LwIP/src/core/tcp.c ****       mprio      = pcb->prio;
 3890              		.loc 1 1736 18 view .LVU1124
 3891 002a 1846     		mov	r0, r3
 3892              	.LVL396:
 3893              	.L363:
1730:Middlewares/Third_Party/LwIP/src/core/tcp.c ****         /* lower prio is always a kill candidate */
 3894              		.loc 1 1730 48 is_stmt 1 discriminator 2 view .LVU1125
 3895 002c DB68     		ldr	r3, [r3, #12]
 3896              	.LVL397:
 3897              	.L361:
1730:Middlewares/Third_Party/LwIP/src/core/tcp.c ****         /* lower prio is always a kill candidate */
 3898              		.loc 1 1730 35 discriminator 1 view .LVU1126
 3899 002e 5BB1     		cbz	r3, .L369
1732:Middlewares/Third_Party/LwIP/src/core/tcp.c ****         /* longer inactivity is also a kill candidate */
 3900              		.loc 1 1732 5 view .LVU1127
1732:Middlewares/Third_Party/LwIP/src/core/tcp.c ****         /* longer inactivity is also a kill candidate */
 3901              		.loc 1 1732 13 is_stmt 0 view .LVU1128
 3902 0030 597D     		ldrb	r1, [r3, #21]	@ zero_extendqisi2
1732:Middlewares/Third_Party/LwIP/src/core/tcp.c ****         /* longer inactivity is also a kill candidate */
 3903              		.loc 1 1732 8 view .LVU1129
 3904 0032 9142     		cmp	r1, r2
 3905 0034 F3D3     		bcc	.L362
1732:Middlewares/Third_Party/LwIP/src/core/tcp.c ****         /* longer inactivity is also a kill candidate */
 3906              		.loc 1 1732 29 discriminator 1 view .LVU1130
 3907 0036 F9D1     		bne	.L363
1734:Middlewares/Third_Party/LwIP/src/core/tcp.c ****       inactivity = tcp_ticks - pcb->tmr;
 3908              		.loc 1 1734 53 view .LVU1131
 3909 0038 064C     		ldr	r4, .L370+4
 3910 003a 2468     		ldr	r4, [r4]
 3911 003c 1D6A     		ldr	r5, [r3, #32]
 3912 003e A4EB050E 		sub	lr, r4, r5
1734:Middlewares/Third_Party/LwIP/src/core/tcp.c ****       inactivity = tcp_ticks - pcb->tmr;
 3913              		.loc 1 1734 31 view .LVU1132
 3914 0042 E645     		cmp	lr, ip
 3915 0044 F2D3     		bcc	.L363
 3916 0046 EAE7     		b	.L362
 3917              	.L369:
1740:Middlewares/Third_Party/LwIP/src/core/tcp.c ****     LWIP_DEBUGF(TCP_DEBUG, ("tcp_kill_prio: killing oldest PCB %p (%"S32_F")\n",
 3918              		.loc 1 1740 3 is_stmt 1 view .LVU1133
1740:Middlewares/Third_Party/LwIP/src/core/tcp.c ****     LWIP_DEBUGF(TCP_DEBUG, ("tcp_kill_prio: killing oldest PCB %p (%"S32_F")\n",
 3919              		.loc 1 1740 6 is_stmt 0 view .LVU1134
 3920 0048 08B1     		cbz	r0, .L358
1742:Middlewares/Third_Party/LwIP/src/core/tcp.c ****     tcp_abort(inactive);
 3921              		.loc 1 1742 59 is_stmt 1 view .LVU1135
1743:Middlewares/Third_Party/LwIP/src/core/tcp.c ****   }
 3922              		.loc 1 1743 5 view .LVU1136
 3923 004a FFF7FEFF 		bl	tcp_abort
ARM GAS  /tmp/ccwEre5k.s 			page 130


 3924              	.LVL398:
 3925              	.L358:
1745:Middlewares/Third_Party/LwIP/src/core/tcp.c **** 
 3926              		.loc 1 1745 1 is_stmt 0 view .LVU1137
 3927 004e 38BD     		pop	{r3, r4, r5, pc}
 3928              	.L371:
 3929              		.align	2
 3930              	.L370:
 3931 0050 00000000 		.word	tcp_active_pcbs
 3932 0054 00000000 		.word	tcp_ticks
 3933              		.cfi_endproc
 3934              	.LFE196:
 3936              		.section	.rodata.tcp_netif_ip_addr_changed_pcblist.str1.4,"aMS",%progbits,1
 3937              		.align	2
 3938              	.LC36:
 3939 0000 7463705F 		.ascii	"tcp_netif_ip_addr_changed_pcblist: invalid old_addr"
 3939      6E657469 
 3939      665F6970 
 3939      5F616464 
 3939      725F6368 
 3940 0033 00       		.ascii	"\000"
 3941              		.section	.text.tcp_netif_ip_addr_changed_pcblist,"ax",%progbits
 3942              		.align	1
 3943              		.syntax unified
 3944              		.thumb
 3945              		.thumb_func
 3947              	tcp_netif_ip_addr_changed_pcblist:
 3948              	.LVL399:
 3949              	.LFB213:
2300:Middlewares/Third_Party/LwIP/src/core/tcp.c ****   struct tcp_pcb *pcb;
 3950              		.loc 1 2300 1 is_stmt 1 view -0
 3951              		.cfi_startproc
 3952              		@ args = 0, pretend = 0, frame = 0
 3953              		@ frame_needed = 0, uses_anonymous_args = 0
2300:Middlewares/Third_Party/LwIP/src/core/tcp.c ****   struct tcp_pcb *pcb;
 3954              		.loc 1 2300 1 is_stmt 0 view .LVU1139
 3955 0000 70B5     		push	{r4, r5, r6, lr}
 3956              	.LCFI41:
 3957              		.cfi_def_cfa_offset 16
 3958              		.cfi_offset 4, -16
 3959              		.cfi_offset 5, -12
 3960              		.cfi_offset 6, -8
 3961              		.cfi_offset 14, -4
 3962 0002 0C46     		mov	r4, r1
2301:Middlewares/Third_Party/LwIP/src/core/tcp.c ****   pcb = pcb_list;
 3963              		.loc 1 2301 3 is_stmt 1 view .LVU1140
2302:Middlewares/Third_Party/LwIP/src/core/tcp.c **** 
 3964              		.loc 1 2302 3 view .LVU1141
 3965              	.LVL400:
2304:Middlewares/Third_Party/LwIP/src/core/tcp.c **** 
 3966              		.loc 1 2304 3 view .LVU1142
2304:Middlewares/Third_Party/LwIP/src/core/tcp.c **** 
 3967              		.loc 1 2304 3 view .LVU1143
 3968 0004 0546     		mov	r5, r0
 3969 0006 60B9     		cbnz	r0, .L374
2304:Middlewares/Third_Party/LwIP/src/core/tcp.c **** 
 3970              		.loc 1 2304 3 discriminator 1 view .LVU1144
ARM GAS  /tmp/ccwEre5k.s 			page 131


2304:Middlewares/Third_Party/LwIP/src/core/tcp.c **** 
 3971              		.loc 1 2304 3 discriminator 1 view .LVU1145
 3972 0008 0A4B     		ldr	r3, .L381
 3973 000a 4FF41062 		mov	r2, #2304
 3974 000e 0A49     		ldr	r1, .L381+4
 3975              	.LVL401:
2304:Middlewares/Third_Party/LwIP/src/core/tcp.c **** 
 3976              		.loc 1 2304 3 is_stmt 0 discriminator 1 view .LVU1146
 3977 0010 0A48     		ldr	r0, .L381+8
 3978              	.LVL402:
2304:Middlewares/Third_Party/LwIP/src/core/tcp.c **** 
 3979              		.loc 1 2304 3 discriminator 1 view .LVU1147
 3980 0012 FFF7FEFF 		bl	printf
 3981              	.LVL403:
 3982 0016 04E0     		b	.L374
 3983              	.LVL404:
 3984              	.L380:
 3985              	.LBB20:
2315:Middlewares/Third_Party/LwIP/src/core/tcp.c ****       LWIP_DEBUGF(NETIF_DEBUG | LWIP_DBG_STATE, ("netif_set_ipaddr: aborting TCP pcb %p\n", (void *
 3986              		.loc 1 2315 7 is_stmt 1 view .LVU1148
2315:Middlewares/Third_Party/LwIP/src/core/tcp.c ****       LWIP_DEBUGF(NETIF_DEBUG | LWIP_DBG_STATE, ("netif_set_ipaddr: aborting TCP pcb %p\n", (void *
 3987              		.loc 1 2315 23 is_stmt 0 view .LVU1149
 3988 0018 E668     		ldr	r6, [r4, #12]
 3989              	.LVL405:
2316:Middlewares/Third_Party/LwIP/src/core/tcp.c ****       tcp_abort(pcb);
 3990              		.loc 1 2316 106 is_stmt 1 view .LVU1150
2317:Middlewares/Third_Party/LwIP/src/core/tcp.c ****       pcb = next;
 3991              		.loc 1 2317 7 view .LVU1151
 3992 001a 2046     		mov	r0, r4
 3993 001c FFF7FEFF 		bl	tcp_abort
 3994              	.LVL406:
2318:Middlewares/Third_Party/LwIP/src/core/tcp.c ****     } else {
 3995              		.loc 1 2318 7 view .LVU1152
2318:Middlewares/Third_Party/LwIP/src/core/tcp.c ****     } else {
 3996              		.loc 1 2318 11 is_stmt 0 view .LVU1153
 3997 0020 3446     		mov	r4, r6
 3998              	.LVL407:
 3999              	.L374:
2318:Middlewares/Third_Party/LwIP/src/core/tcp.c ****     } else {
 4000              		.loc 1 2318 11 view .LVU1154
 4001              	.LBE20:
2306:Middlewares/Third_Party/LwIP/src/core/tcp.c ****     /* PCB bound to current local interface address? */
 4002              		.loc 1 2306 14 is_stmt 1 view .LVU1155
 4003 0022 2CB1     		cbz	r4, .L379
2308:Middlewares/Third_Party/LwIP/src/core/tcp.c **** #if LWIP_AUTOIP
 4004              		.loc 1 2308 5 view .LVU1156
2308:Middlewares/Third_Party/LwIP/src/core/tcp.c **** #if LWIP_AUTOIP
 4005              		.loc 1 2308 9 is_stmt 0 view .LVU1157
 4006 0024 2268     		ldr	r2, [r4]
 4007 0026 2B68     		ldr	r3, [r5]
2308:Middlewares/Third_Party/LwIP/src/core/tcp.c **** #if LWIP_AUTOIP
 4008              		.loc 1 2308 8 view .LVU1158
 4009 0028 9A42     		cmp	r2, r3
 4010 002a F5D0     		beq	.L380
2320:Middlewares/Third_Party/LwIP/src/core/tcp.c ****     }
 4011              		.loc 1 2320 7 is_stmt 1 view .LVU1159
2320:Middlewares/Third_Party/LwIP/src/core/tcp.c ****     }
ARM GAS  /tmp/ccwEre5k.s 			page 132


 4012              		.loc 1 2320 11 is_stmt 0 view .LVU1160
 4013 002c E468     		ldr	r4, [r4, #12]
 4014              	.LVL408:
2320:Middlewares/Third_Party/LwIP/src/core/tcp.c ****     }
 4015              		.loc 1 2320 11 view .LVU1161
 4016 002e F8E7     		b	.L374
 4017              	.L379:
2323:Middlewares/Third_Party/LwIP/src/core/tcp.c **** 
 4018              		.loc 1 2323 1 view .LVU1162
 4019 0030 70BD     		pop	{r4, r5, r6, pc}
 4020              	.LVL409:
 4021              	.L382:
2323:Middlewares/Third_Party/LwIP/src/core/tcp.c **** 
 4022              		.loc 1 2323 1 view .LVU1163
 4023 0032 00BF     		.align	2
 4024              	.L381:
 4025 0034 00000000 		.word	.LC0
 4026 0038 00000000 		.word	.LC36
 4027 003c 54000000 		.word	.LC2
 4028              		.cfi_endproc
 4029              	.LFE213:
 4031              		.section	.text.tcp_netif_ip_addr_changed,"ax",%progbits
 4032              		.align	1
 4033              		.global	tcp_netif_ip_addr_changed
 4034              		.syntax unified
 4035              		.thumb
 4036              		.thumb_func
 4038              	tcp_netif_ip_addr_changed:
 4039              	.LVL410:
 4040              	.LFB214:
2332:Middlewares/Third_Party/LwIP/src/core/tcp.c ****   struct tcp_pcb_listen *lpcb;
 4041              		.loc 1 2332 1 is_stmt 1 view -0
 4042              		.cfi_startproc
 4043              		@ args = 0, pretend = 0, frame = 0
 4044              		@ frame_needed = 0, uses_anonymous_args = 0
2333:Middlewares/Third_Party/LwIP/src/core/tcp.c **** 
 4045              		.loc 1 2333 3 view .LVU1165
2335:Middlewares/Third_Party/LwIP/src/core/tcp.c ****     tcp_netif_ip_addr_changed_pcblist(old_addr, tcp_active_pcbs);
 4046              		.loc 1 2335 3 view .LVU1166
2335:Middlewares/Third_Party/LwIP/src/core/tcp.c ****     tcp_netif_ip_addr_changed_pcblist(old_addr, tcp_active_pcbs);
 4047              		.loc 1 2335 6 is_stmt 0 view .LVU1167
 4048 0000 00B3     		cbz	r0, .L389
2332:Middlewares/Third_Party/LwIP/src/core/tcp.c ****   struct tcp_pcb_listen *lpcb;
 4049              		.loc 1 2332 1 discriminator 1 view .LVU1168
 4050 0002 38B5     		push	{r3, r4, r5, lr}
 4051              	.LCFI42:
 4052              		.cfi_def_cfa_offset 16
 4053              		.cfi_offset 3, -16
 4054              		.cfi_offset 4, -12
 4055              		.cfi_offset 5, -8
 4056              		.cfi_offset 14, -4
 4057 0004 0D46     		mov	r5, r1
 4058 0006 0446     		mov	r4, r0
2335:Middlewares/Third_Party/LwIP/src/core/tcp.c ****     tcp_netif_ip_addr_changed_pcblist(old_addr, tcp_active_pcbs);
 4059              		.loc 1 2335 8 discriminator 1 view .LVU1169
 4060 0008 0368     		ldr	r3, [r0]
2335:Middlewares/Third_Party/LwIP/src/core/tcp.c ****     tcp_netif_ip_addr_changed_pcblist(old_addr, tcp_active_pcbs);
ARM GAS  /tmp/ccwEre5k.s 			page 133


 4061              		.loc 1 2335 7 discriminator 1 view .LVU1170
 4062 000a 03B9     		cbnz	r3, .L392
 4063              	.LVL411:
 4064              	.L383:
2351:Middlewares/Third_Party/LwIP/src/core/tcp.c **** 
 4065              		.loc 1 2351 1 view .LVU1171
 4066 000c 38BD     		pop	{r3, r4, r5, pc}
 4067              	.LVL412:
 4068              	.L392:
2336:Middlewares/Third_Party/LwIP/src/core/tcp.c ****     tcp_netif_ip_addr_changed_pcblist(old_addr, tcp_bound_pcbs);
 4069              		.loc 1 2336 5 is_stmt 1 view .LVU1172
 4070 000e 0E4B     		ldr	r3, .L393
 4071 0010 1968     		ldr	r1, [r3]
 4072              	.LVL413:
2336:Middlewares/Third_Party/LwIP/src/core/tcp.c ****     tcp_netif_ip_addr_changed_pcblist(old_addr, tcp_bound_pcbs);
 4073              		.loc 1 2336 5 is_stmt 0 view .LVU1173
 4074 0012 FFF7FEFF 		bl	tcp_netif_ip_addr_changed_pcblist
 4075              	.LVL414:
2337:Middlewares/Third_Party/LwIP/src/core/tcp.c **** 
 4076              		.loc 1 2337 5 is_stmt 1 view .LVU1174
 4077 0016 0D4B     		ldr	r3, .L393+4
 4078 0018 1968     		ldr	r1, [r3]
 4079 001a 2046     		mov	r0, r4
 4080 001c FFF7FEFF 		bl	tcp_netif_ip_addr_changed_pcblist
 4081              	.LVL415:
2339:Middlewares/Third_Party/LwIP/src/core/tcp.c ****       /* PCB bound to current local interface address? */
 4082              		.loc 1 2339 5 view .LVU1175
2339:Middlewares/Third_Party/LwIP/src/core/tcp.c ****       /* PCB bound to current local interface address? */
 4083              		.loc 1 2339 8 is_stmt 0 view .LVU1176
 4084 0020 002D     		cmp	r5, #0
 4085 0022 F3D0     		beq	.L383
2339:Middlewares/Third_Party/LwIP/src/core/tcp.c ****       /* PCB bound to current local interface address? */
 4086              		.loc 1 2339 10 discriminator 1 view .LVU1177
 4087 0024 2B68     		ldr	r3, [r5]
2339:Middlewares/Third_Party/LwIP/src/core/tcp.c ****       /* PCB bound to current local interface address? */
 4088              		.loc 1 2339 9 discriminator 1 view .LVU1178
 4089 0026 002B     		cmp	r3, #0
 4090 0028 F0D0     		beq	.L383
2341:Middlewares/Third_Party/LwIP/src/core/tcp.c ****         /* PCB bound to current local interface address? */
 4091              		.loc 1 2341 7 is_stmt 1 view .LVU1179
2341:Middlewares/Third_Party/LwIP/src/core/tcp.c ****         /* PCB bound to current local interface address? */
 4092              		.loc 1 2341 17 is_stmt 0 view .LVU1180
 4093 002a 094B     		ldr	r3, .L393+8
 4094 002c 1B68     		ldr	r3, [r3]
 4095              	.LVL416:
2341:Middlewares/Third_Party/LwIP/src/core/tcp.c ****         /* PCB bound to current local interface address? */
 4096              		.loc 1 2341 7 view .LVU1181
 4097 002e 00E0     		b	.L385
 4098              	.L386:
2341:Middlewares/Third_Party/LwIP/src/core/tcp.c ****         /* PCB bound to current local interface address? */
 4099              		.loc 1 2341 67 is_stmt 1 discriminator 2 view .LVU1182
 4100 0030 DB68     		ldr	r3, [r3, #12]
 4101              	.LVL417:
 4102              	.L385:
2341:Middlewares/Third_Party/LwIP/src/core/tcp.c ****         /* PCB bound to current local interface address? */
 4103              		.loc 1 2341 53 discriminator 1 view .LVU1183
 4104 0032 002B     		cmp	r3, #0
ARM GAS  /tmp/ccwEre5k.s 			page 134


 4105 0034 EAD0     		beq	.L383
2343:Middlewares/Third_Party/LwIP/src/core/tcp.c ****           /* The PCB is listening to the old ipaddr and
 4106              		.loc 1 2343 9 view .LVU1184
2343:Middlewares/Third_Party/LwIP/src/core/tcp.c ****           /* The PCB is listening to the old ipaddr and
 4107              		.loc 1 2343 13 is_stmt 0 view .LVU1185
 4108 0036 1968     		ldr	r1, [r3]
 4109 0038 2268     		ldr	r2, [r4]
2343:Middlewares/Third_Party/LwIP/src/core/tcp.c ****           /* The PCB is listening to the old ipaddr and
 4110              		.loc 1 2343 12 view .LVU1186
 4111 003a 9142     		cmp	r1, r2
 4112 003c F8D1     		bne	.L386
2346:Middlewares/Third_Party/LwIP/src/core/tcp.c ****         }
 4113              		.loc 1 2346 11 is_stmt 1 view .LVU1187
 4114 003e 2A68     		ldr	r2, [r5]
 4115 0040 1A60     		str	r2, [r3]
 4116 0042 F5E7     		b	.L386
 4117              	.LVL418:
 4118              	.L389:
 4119              	.LCFI43:
 4120              		.cfi_def_cfa_offset 0
 4121              		.cfi_restore 3
 4122              		.cfi_restore 4
 4123              		.cfi_restore 5
 4124              		.cfi_restore 14
2346:Middlewares/Third_Party/LwIP/src/core/tcp.c ****         }
 4125              		.loc 1 2346 11 is_stmt 0 view .LVU1188
 4126 0044 7047     		bx	lr
 4127              	.L394:
 4128 0046 00BF     		.align	2
 4129              	.L393:
 4130 0048 00000000 		.word	tcp_active_pcbs
 4131 004c 00000000 		.word	tcp_bound_pcbs
 4132 0050 00000000 		.word	tcp_listen_pcbs
 4133              		.cfi_endproc
 4134              	.LFE214:
 4136              		.section	.rodata.tcp_kill_state.str1.4,"aMS",%progbits,1
 4137              		.align	2
 4138              	.LC37:
 4139 0000 696E7661 		.ascii	"invalid state\000"
 4139      6C696420 
 4139      73746174 
 4139      6500
 4140              		.section	.text.tcp_kill_state,"ax",%progbits
 4141              		.align	1
 4142              		.syntax unified
 4143              		.thumb
 4144              		.thumb_func
 4146              	tcp_kill_state:
 4147              	.LVL419:
 4148              	.LFB197:
1753:Middlewares/Third_Party/LwIP/src/core/tcp.c ****   struct tcp_pcb *pcb, *inactive;
 4149              		.loc 1 1753 1 is_stmt 1 view -0
 4150              		.cfi_startproc
 4151              		@ args = 0, pretend = 0, frame = 0
 4152              		@ frame_needed = 0, uses_anonymous_args = 0
1753:Middlewares/Third_Party/LwIP/src/core/tcp.c ****   struct tcp_pcb *pcb, *inactive;
 4153              		.loc 1 1753 1 is_stmt 0 view .LVU1190
ARM GAS  /tmp/ccwEre5k.s 			page 135


 4154 0000 38B5     		push	{r3, r4, r5, lr}
 4155              	.LCFI44:
 4156              		.cfi_def_cfa_offset 16
 4157              		.cfi_offset 3, -16
 4158              		.cfi_offset 4, -12
 4159              		.cfi_offset 5, -8
 4160              		.cfi_offset 14, -4
 4161 0002 0446     		mov	r4, r0
1754:Middlewares/Third_Party/LwIP/src/core/tcp.c ****   u32_t inactivity;
 4162              		.loc 1 1754 3 is_stmt 1 view .LVU1191
1755:Middlewares/Third_Party/LwIP/src/core/tcp.c **** 
 4163              		.loc 1 1755 3 view .LVU1192
1757:Middlewares/Third_Party/LwIP/src/core/tcp.c **** 
 4164              		.loc 1 1757 3 view .LVU1193
1757:Middlewares/Third_Party/LwIP/src/core/tcp.c **** 
 4165              		.loc 1 1757 3 view .LVU1194
 4166 0004 A0F10803 		sub	r3, r0, #8
 4167 0008 DBB2     		uxtb	r3, r3
 4168 000a 012B     		cmp	r3, #1
 4169 000c 04D8     		bhi	.L403
 4170              	.LVL420:
 4171              	.L396:
1757:Middlewares/Third_Party/LwIP/src/core/tcp.c **** 
 4172              		.loc 1 1757 3 discriminator 3 view .LVU1195
1757:Middlewares/Third_Party/LwIP/src/core/tcp.c **** 
 4173              		.loc 1 1757 3 discriminator 3 view .LVU1196
1759:Middlewares/Third_Party/LwIP/src/core/tcp.c ****   inactive = NULL;
 4174              		.loc 1 1759 3 discriminator 3 view .LVU1197
1760:Middlewares/Third_Party/LwIP/src/core/tcp.c ****   /* Go through the list of active pcbs and get the oldest pcb that is in state
 4175              		.loc 1 1760 3 discriminator 3 view .LVU1198
1763:Middlewares/Third_Party/LwIP/src/core/tcp.c ****     if (pcb->state == state) {
 4176              		.loc 1 1763 3 discriminator 3 view .LVU1199
1763:Middlewares/Third_Party/LwIP/src/core/tcp.c ****     if (pcb->state == state) {
 4177              		.loc 1 1763 12 is_stmt 0 discriminator 3 view .LVU1200
 4178 000e 104B     		ldr	r3, .L405
 4179 0010 1B68     		ldr	r3, [r3]
 4180              	.LVL421:
1759:Middlewares/Third_Party/LwIP/src/core/tcp.c ****   inactive = NULL;
 4181              		.loc 1 1759 14 discriminator 3 view .LVU1201
 4182 0012 0021     		movs	r1, #0
1760:Middlewares/Third_Party/LwIP/src/core/tcp.c ****   /* Go through the list of active pcbs and get the oldest pcb that is in state
 4183              		.loc 1 1760 12 discriminator 3 view .LVU1202
 4184 0014 0846     		mov	r0, r1
1763:Middlewares/Third_Party/LwIP/src/core/tcp.c ****     if (pcb->state == state) {
 4185              		.loc 1 1763 3 discriminator 3 view .LVU1203
 4186 0016 08E0     		b	.L397
 4187              	.LVL422:
 4188              	.L403:
1757:Middlewares/Third_Party/LwIP/src/core/tcp.c **** 
 4189              		.loc 1 1757 3 is_stmt 1 discriminator 1 view .LVU1204
1757:Middlewares/Third_Party/LwIP/src/core/tcp.c **** 
 4190              		.loc 1 1757 3 discriminator 1 view .LVU1205
 4191 0018 0E4B     		ldr	r3, .L405+4
 4192 001a 40F2DD62 		movw	r2, #1757
 4193 001e 0E49     		ldr	r1, .L405+8
 4194 0020 0E48     		ldr	r0, .L405+12
 4195              	.LVL423:
ARM GAS  /tmp/ccwEre5k.s 			page 136


1757:Middlewares/Third_Party/LwIP/src/core/tcp.c **** 
 4196              		.loc 1 1757 3 is_stmt 0 discriminator 1 view .LVU1206
 4197 0022 FFF7FEFF 		bl	printf
 4198              	.LVL424:
 4199 0026 F2E7     		b	.L396
 4200              	.LVL425:
 4201              	.L398:
1763:Middlewares/Third_Party/LwIP/src/core/tcp.c ****     if (pcb->state == state) {
 4202              		.loc 1 1763 48 is_stmt 1 discriminator 2 view .LVU1207
 4203 0028 DB68     		ldr	r3, [r3, #12]
 4204              	.LVL426:
 4205              	.L397:
1763:Middlewares/Third_Party/LwIP/src/core/tcp.c ****     if (pcb->state == state) {
 4206              		.loc 1 1763 35 discriminator 1 view .LVU1208
 4207 002a 5BB1     		cbz	r3, .L404
1764:Middlewares/Third_Party/LwIP/src/core/tcp.c ****       if ((u32_t)(tcp_ticks - pcb->tmr) >= inactivity) {
 4208              		.loc 1 1764 5 view .LVU1209
1764:Middlewares/Third_Party/LwIP/src/core/tcp.c ****       if ((u32_t)(tcp_ticks - pcb->tmr) >= inactivity) {
 4209              		.loc 1 1764 12 is_stmt 0 view .LVU1210
 4210 002c 1A7D     		ldrb	r2, [r3, #20]	@ zero_extendqisi2
1764:Middlewares/Third_Party/LwIP/src/core/tcp.c ****       if ((u32_t)(tcp_ticks - pcb->tmr) >= inactivity) {
 4211              		.loc 1 1764 8 view .LVU1211
 4212 002e A242     		cmp	r2, r4
 4213 0030 FAD1     		bne	.L398
1765:Middlewares/Third_Party/LwIP/src/core/tcp.c ****         inactivity = tcp_ticks - pcb->tmr;
 4214              		.loc 1 1765 7 is_stmt 1 view .LVU1212
1765:Middlewares/Third_Party/LwIP/src/core/tcp.c ****         inactivity = tcp_ticks - pcb->tmr;
 4215              		.loc 1 1765 29 is_stmt 0 view .LVU1213
 4216 0032 0B4A     		ldr	r2, .L405+16
 4217 0034 1268     		ldr	r2, [r2]
 4218 0036 1D6A     		ldr	r5, [r3, #32]
 4219 0038 521B     		subs	r2, r2, r5
1765:Middlewares/Third_Party/LwIP/src/core/tcp.c ****         inactivity = tcp_ticks - pcb->tmr;
 4220              		.loc 1 1765 10 view .LVU1214
 4221 003a 8A42     		cmp	r2, r1
 4222 003c F4D3     		bcc	.L398
1766:Middlewares/Third_Party/LwIP/src/core/tcp.c ****         inactive = pcb;
 4223              		.loc 1 1766 20 view .LVU1215
 4224 003e 1146     		mov	r1, r2
 4225              	.LVL427:
1767:Middlewares/Third_Party/LwIP/src/core/tcp.c ****       }
 4226              		.loc 1 1767 18 view .LVU1216
 4227 0040 1846     		mov	r0, r3
 4228              	.LVL428:
1767:Middlewares/Third_Party/LwIP/src/core/tcp.c ****       }
 4229              		.loc 1 1767 18 view .LVU1217
 4230 0042 F1E7     		b	.L398
 4231              	.LVL429:
 4232              	.L404:
1771:Middlewares/Third_Party/LwIP/src/core/tcp.c ****     LWIP_DEBUGF(TCP_DEBUG, ("tcp_kill_closing: killing oldest %s PCB %p (%"S32_F")\n",
 4233              		.loc 1 1771 3 is_stmt 1 view .LVU1218
1771:Middlewares/Third_Party/LwIP/src/core/tcp.c ****     LWIP_DEBUGF(TCP_DEBUG, ("tcp_kill_closing: killing oldest %s PCB %p (%"S32_F")\n",
 4234              		.loc 1 1771 6 is_stmt 0 view .LVU1219
 4235 0044 10B1     		cbz	r0, .L395
1773:Middlewares/Third_Party/LwIP/src/core/tcp.c ****     /* Don't send a RST, since no data is lost. */
 4236              		.loc 1 1773 81 is_stmt 1 view .LVU1220
1775:Middlewares/Third_Party/LwIP/src/core/tcp.c ****   }
ARM GAS  /tmp/ccwEre5k.s 			page 137


 4237              		.loc 1 1775 5 view .LVU1221
 4238 0046 0021     		movs	r1, #0
 4239              	.LVL430:
1775:Middlewares/Third_Party/LwIP/src/core/tcp.c ****   }
 4240              		.loc 1 1775 5 is_stmt 0 view .LVU1222
 4241 0048 FFF7FEFF 		bl	tcp_abandon
 4242              	.LVL431:
 4243              	.L395:
1777:Middlewares/Third_Party/LwIP/src/core/tcp.c **** 
 4244              		.loc 1 1777 1 view .LVU1223
 4245 004c 38BD     		pop	{r3, r4, r5, pc}
 4246              	.L406:
 4247 004e 00BF     		.align	2
 4248              	.L405:
 4249 0050 00000000 		.word	tcp_active_pcbs
 4250 0054 00000000 		.word	.LC0
 4251 0058 00000000 		.word	.LC37
 4252 005c 54000000 		.word	.LC2
 4253 0060 00000000 		.word	tcp_ticks
 4254              		.cfi_endproc
 4255              	.LFE197:
 4257              		.section	.text.tcp_alloc,"ax",%progbits
 4258              		.align	1
 4259              		.global	tcp_alloc
 4260              		.syntax unified
 4261              		.thumb
 4262              		.thumb_func
 4264              	tcp_alloc:
 4265              	.LVL432:
 4266              	.LFB200:
1835:Middlewares/Third_Party/LwIP/src/core/tcp.c ****   struct tcp_pcb *pcb;
 4267              		.loc 1 1835 1 is_stmt 1 view -0
 4268              		.cfi_startproc
 4269              		@ args = 0, pretend = 0, frame = 0
 4270              		@ frame_needed = 0, uses_anonymous_args = 0
1835:Middlewares/Third_Party/LwIP/src/core/tcp.c ****   struct tcp_pcb *pcb;
 4271              		.loc 1 1835 1 is_stmt 0 view .LVU1225
 4272 0000 38B5     		push	{r3, r4, r5, lr}
 4273              	.LCFI45:
 4274              		.cfi_def_cfa_offset 16
 4275              		.cfi_offset 3, -16
 4276              		.cfi_offset 4, -12
 4277              		.cfi_offset 5, -8
 4278              		.cfi_offset 14, -4
 4279 0002 0546     		mov	r5, r0
1836:Middlewares/Third_Party/LwIP/src/core/tcp.c **** 
 4280              		.loc 1 1836 3 is_stmt 1 view .LVU1226
1838:Middlewares/Third_Party/LwIP/src/core/tcp.c **** 
 4281              		.loc 1 1838 28 view .LVU1227
1840:Middlewares/Third_Party/LwIP/src/core/tcp.c ****   if (pcb == NULL) {
 4282              		.loc 1 1840 3 view .LVU1228
1840:Middlewares/Third_Party/LwIP/src/core/tcp.c ****   if (pcb == NULL) {
 4283              		.loc 1 1840 27 is_stmt 0 view .LVU1229
 4284 0004 0120     		movs	r0, #1
 4285              	.LVL433:
1840:Middlewares/Third_Party/LwIP/src/core/tcp.c ****   if (pcb == NULL) {
 4286              		.loc 1 1840 27 view .LVU1230
ARM GAS  /tmp/ccwEre5k.s 			page 138


 4287 0006 FFF7FEFF 		bl	memp_malloc
 4288              	.LVL434:
1841:Middlewares/Third_Party/LwIP/src/core/tcp.c ****     /* Try to send FIN for all pcbs stuck in TF_CLOSEPEND first */
 4289              		.loc 1 1841 3 is_stmt 1 view .LVU1231
1841:Middlewares/Third_Party/LwIP/src/core/tcp.c ****     /* Try to send FIN for all pcbs stuck in TF_CLOSEPEND first */
 4290              		.loc 1 1841 6 is_stmt 0 view .LVU1232
 4291 000a 0446     		mov	r4, r0
 4292 000c 60B3     		cbz	r0, .L411
 4293              	.L408:
 4294              	.LVL435:
1890:Middlewares/Third_Party/LwIP/src/core/tcp.c ****     pcb->prio = prio;
 4295              		.loc 1 1890 5 is_stmt 1 view .LVU1233
 4296 000e 9C22     		movs	r2, #156
 4297 0010 0021     		movs	r1, #0
 4298 0012 2046     		mov	r0, r4
 4299 0014 FFF7FEFF 		bl	memset
 4300              	.LVL436:
1891:Middlewares/Third_Party/LwIP/src/core/tcp.c ****     pcb->snd_buf = TCP_SND_BUF;
 4301              		.loc 1 1891 5 view .LVU1234
1891:Middlewares/Third_Party/LwIP/src/core/tcp.c ****     pcb->snd_buf = TCP_SND_BUF;
 4302              		.loc 1 1891 15 is_stmt 0 view .LVU1235
 4303 0018 6575     		strb	r5, [r4, #21]
1892:Middlewares/Third_Party/LwIP/src/core/tcp.c ****     /* Start with a window that does not need scaling. When window scaling is
 4304              		.loc 1 1892 5 is_stmt 1 view .LVU1236
1892:Middlewares/Third_Party/LwIP/src/core/tcp.c ****     /* Start with a window that does not need scaling. When window scaling is
 4305              		.loc 1 1892 18 is_stmt 0 view .LVU1237
 4306 001a 4FF48663 		mov	r3, #1072
 4307 001e A4F86430 		strh	r3, [r4, #100]	@ movhi
1895:Middlewares/Third_Party/LwIP/src/core/tcp.c ****     pcb->ttl = TCP_TTL;
 4308              		.loc 1 1895 5 is_stmt 1 view .LVU1238
1895:Middlewares/Third_Party/LwIP/src/core/tcp.c ****     pcb->ttl = TCP_TTL;
 4309              		.loc 1 1895 37 is_stmt 0 view .LVU1239
 4310 0022 4FF40662 		mov	r2, #2144
 4311 0026 6285     		strh	r2, [r4, #42]	@ movhi
1895:Middlewares/Third_Party/LwIP/src/core/tcp.c ****     pcb->ttl = TCP_TTL;
 4312              		.loc 1 1895 18 view .LVU1240
 4313 0028 2285     		strh	r2, [r4, #40]	@ movhi
1896:Middlewares/Third_Party/LwIP/src/core/tcp.c ****     /* As initial send MSS, we use TCP_MSS but limit it to 536.
 4314              		.loc 1 1896 5 is_stmt 1 view .LVU1241
1896:Middlewares/Third_Party/LwIP/src/core/tcp.c ****     /* As initial send MSS, we use TCP_MSS but limit it to 536.
 4315              		.loc 1 1896 14 is_stmt 0 view .LVU1242
 4316 002a FF22     		movs	r2, #255
 4317 002c E272     		strb	r2, [r4, #11]
1899:Middlewares/Third_Party/LwIP/src/core/tcp.c ****     pcb->rto = 3000 / TCP_SLOW_INTERVAL;
 4318              		.loc 1 1899 5 is_stmt 1 view .LVU1243
1899:Middlewares/Third_Party/LwIP/src/core/tcp.c ****     pcb->rto = 3000 / TCP_SLOW_INTERVAL;
 4319              		.loc 1 1899 14 is_stmt 0 view .LVU1244
 4320 002e 4FF40672 		mov	r2, #536
 4321 0032 6286     		strh	r2, [r4, #50]	@ movhi
1900:Middlewares/Third_Party/LwIP/src/core/tcp.c ****     pcb->sv = 3000 / TCP_SLOW_INTERVAL;
 4322              		.loc 1 1900 5 is_stmt 1 view .LVU1245
1900:Middlewares/Third_Party/LwIP/src/core/tcp.c ****     pcb->sv = 3000 / TCP_SLOW_INTERVAL;
 4323              		.loc 1 1900 14 is_stmt 0 view .LVU1246
 4324 0034 0622     		movs	r2, #6
 4325 0036 A4F84020 		strh	r2, [r4, #64]	@ movhi
1901:Middlewares/Third_Party/LwIP/src/core/tcp.c ****     pcb->rtime = -1;
 4326              		.loc 1 1901 5 is_stmt 1 view .LVU1247
ARM GAS  /tmp/ccwEre5k.s 			page 139


1901:Middlewares/Third_Party/LwIP/src/core/tcp.c ****     pcb->rtime = -1;
 4327              		.loc 1 1901 13 is_stmt 0 view .LVU1248
 4328 003a E287     		strh	r2, [r4, #62]	@ movhi
1902:Middlewares/Third_Party/LwIP/src/core/tcp.c ****     pcb->cwnd = 1;
 4329              		.loc 1 1902 5 is_stmt 1 view .LVU1249
1902:Middlewares/Third_Party/LwIP/src/core/tcp.c ****     pcb->cwnd = 1;
 4330              		.loc 1 1902 16 is_stmt 0 view .LVU1250
 4331 003c 4FF6FF72 		movw	r2, #65535
 4332 0040 2286     		strh	r2, [r4, #48]	@ movhi
1903:Middlewares/Third_Party/LwIP/src/core/tcp.c ****     pcb->tmr = tcp_ticks;
 4333              		.loc 1 1903 5 is_stmt 1 view .LVU1251
1903:Middlewares/Third_Party/LwIP/src/core/tcp.c ****     pcb->tmr = tcp_ticks;
 4334              		.loc 1 1903 15 is_stmt 0 view .LVU1252
 4335 0042 0122     		movs	r2, #1
 4336 0044 A4F84820 		strh	r2, [r4, #72]	@ movhi
1904:Middlewares/Third_Party/LwIP/src/core/tcp.c ****     pcb->last_timer = tcp_timer_ctr;
 4337              		.loc 1 1904 5 is_stmt 1 view .LVU1253
1904:Middlewares/Third_Party/LwIP/src/core/tcp.c ****     pcb->last_timer = tcp_timer_ctr;
 4338              		.loc 1 1904 14 is_stmt 0 view .LVU1254
 4339 0048 1A4A     		ldr	r2, .L412
 4340 004a 1268     		ldr	r2, [r2]
 4341 004c 2262     		str	r2, [r4, #32]
1905:Middlewares/Third_Party/LwIP/src/core/tcp.c **** 
 4342              		.loc 1 1905 5 is_stmt 1 view .LVU1255
1905:Middlewares/Third_Party/LwIP/src/core/tcp.c **** 
 4343              		.loc 1 1905 21 is_stmt 0 view .LVU1256
 4344 004e 1A4A     		ldr	r2, .L412+4
 4345 0050 1278     		ldrb	r2, [r2]	@ zero_extendqisi2
 4346 0052 A277     		strb	r2, [r4, #30]
1913:Middlewares/Third_Party/LwIP/src/core/tcp.c **** 
 4347              		.loc 1 1913 5 is_stmt 1 view .LVU1257
1913:Middlewares/Third_Party/LwIP/src/core/tcp.c **** 
 4348              		.loc 1 1913 19 is_stmt 0 view .LVU1258
 4349 0054 A4F84A30 		strh	r3, [r4, #74]	@ movhi
1916:Middlewares/Third_Party/LwIP/src/core/tcp.c **** #endif /* LWIP_CALLBACK_API */
 4350              		.loc 1 1916 5 is_stmt 1 view .LVU1259
1916:Middlewares/Third_Party/LwIP/src/core/tcp.c **** #endif /* LWIP_CALLBACK_API */
 4351              		.loc 1 1916 15 is_stmt 0 view .LVU1260
 4352 0058 184B     		ldr	r3, .L412+8
 4353 005a C4F88430 		str	r3, [r4, #132]
1920:Middlewares/Third_Party/LwIP/src/core/tcp.c **** 
 4354              		.loc 1 1920 5 is_stmt 1 view .LVU1261
1920:Middlewares/Third_Party/LwIP/src/core/tcp.c **** 
 4355              		.loc 1 1920 21 is_stmt 0 view .LVU1262
 4356 005e 184B     		ldr	r3, .L412+12
 4357 0060 C4F89430 		str	r3, [r4, #148]
1927:Middlewares/Third_Party/LwIP/src/core/tcp.c **** }
 4358              		.loc 1 1927 3 is_stmt 1 view .LVU1263
 4359              	.L407:
1928:Middlewares/Third_Party/LwIP/src/core/tcp.c **** 
 4360              		.loc 1 1928 1 is_stmt 0 view .LVU1264
 4361 0064 2046     		mov	r0, r4
 4362 0066 38BD     		pop	{r3, r4, r5, pc}
 4363              	.LVL437:
 4364              	.L411:
1843:Middlewares/Third_Party/LwIP/src/core/tcp.c **** 
 4365              		.loc 1 1843 5 is_stmt 1 view .LVU1265
ARM GAS  /tmp/ccwEre5k.s 			page 140


 4366 0068 FFF7FEFF 		bl	tcp_handle_closepend
 4367              	.LVL438:
1846:Middlewares/Third_Party/LwIP/src/core/tcp.c ****     tcp_kill_timewait();
 4368              		.loc 1 1846 85 view .LVU1266
1847:Middlewares/Third_Party/LwIP/src/core/tcp.c ****     /* Try to allocate a tcp_pcb again. */
 4369              		.loc 1 1847 5 view .LVU1267
 4370 006c FFF7FEFF 		bl	tcp_kill_timewait
 4371              	.LVL439:
1849:Middlewares/Third_Party/LwIP/src/core/tcp.c ****     if (pcb == NULL) {
 4372              		.loc 1 1849 5 view .LVU1268
1849:Middlewares/Third_Party/LwIP/src/core/tcp.c ****     if (pcb == NULL) {
 4373              		.loc 1 1849 29 is_stmt 0 view .LVU1269
 4374 0070 0120     		movs	r0, #1
 4375 0072 FFF7FEFF 		bl	memp_malloc
 4376              	.LVL440:
1850:Middlewares/Third_Party/LwIP/src/core/tcp.c ****       /* Try killing oldest connection in LAST-ACK (these wouldn't go to TIME-WAIT). */
 4377              		.loc 1 1850 5 is_stmt 1 view .LVU1270
1850:Middlewares/Third_Party/LwIP/src/core/tcp.c ****       /* Try killing oldest connection in LAST-ACK (these wouldn't go to TIME-WAIT). */
 4378              		.loc 1 1850 8 is_stmt 0 view .LVU1271
 4379 0076 0446     		mov	r4, r0
 4380 0078 0028     		cmp	r0, #0
 4381 007a C8D1     		bne	.L408
1852:Middlewares/Third_Party/LwIP/src/core/tcp.c ****       tcp_kill_state(LAST_ACK);
 4382              		.loc 1 1852 86 is_stmt 1 view .LVU1272
1853:Middlewares/Third_Party/LwIP/src/core/tcp.c ****       /* Try to allocate a tcp_pcb again. */
 4383              		.loc 1 1853 7 view .LVU1273
 4384 007c 0920     		movs	r0, #9
 4385              	.LVL441:
1853:Middlewares/Third_Party/LwIP/src/core/tcp.c ****       /* Try to allocate a tcp_pcb again. */
 4386              		.loc 1 1853 7 is_stmt 0 view .LVU1274
 4387 007e FFF7FEFF 		bl	tcp_kill_state
 4388              	.LVL442:
1855:Middlewares/Third_Party/LwIP/src/core/tcp.c ****       if (pcb == NULL) {
 4389              		.loc 1 1855 7 is_stmt 1 view .LVU1275
1855:Middlewares/Third_Party/LwIP/src/core/tcp.c ****       if (pcb == NULL) {
 4390              		.loc 1 1855 31 is_stmt 0 view .LVU1276
 4391 0082 0120     		movs	r0, #1
 4392 0084 FFF7FEFF 		bl	memp_malloc
 4393              	.LVL443:
1856:Middlewares/Third_Party/LwIP/src/core/tcp.c ****         /* Try killing oldest connection in CLOSING. */
 4394              		.loc 1 1856 7 is_stmt 1 view .LVU1277
1856:Middlewares/Third_Party/LwIP/src/core/tcp.c ****         /* Try killing oldest connection in CLOSING. */
 4395              		.loc 1 1856 10 is_stmt 0 view .LVU1278
 4396 0088 0446     		mov	r4, r0
 4397 008a 0028     		cmp	r0, #0
 4398 008c BFD1     		bne	.L408
1858:Middlewares/Third_Party/LwIP/src/core/tcp.c ****         tcp_kill_state(CLOSING);
 4399              		.loc 1 1858 87 is_stmt 1 view .LVU1279
1859:Middlewares/Third_Party/LwIP/src/core/tcp.c ****         /* Try to allocate a tcp_pcb again. */
 4400              		.loc 1 1859 9 view .LVU1280
 4401 008e 0820     		movs	r0, #8
 4402              	.LVL444:
1859:Middlewares/Third_Party/LwIP/src/core/tcp.c ****         /* Try to allocate a tcp_pcb again. */
 4403              		.loc 1 1859 9 is_stmt 0 view .LVU1281
 4404 0090 FFF7FEFF 		bl	tcp_kill_state
 4405              	.LVL445:
1861:Middlewares/Third_Party/LwIP/src/core/tcp.c ****         if (pcb == NULL) {
ARM GAS  /tmp/ccwEre5k.s 			page 141


 4406              		.loc 1 1861 9 is_stmt 1 view .LVU1282
1861:Middlewares/Third_Party/LwIP/src/core/tcp.c ****         if (pcb == NULL) {
 4407              		.loc 1 1861 33 is_stmt 0 view .LVU1283
 4408 0094 0120     		movs	r0, #1
 4409 0096 FFF7FEFF 		bl	memp_malloc
 4410              	.LVL446:
1862:Middlewares/Third_Party/LwIP/src/core/tcp.c ****           /* Try killing oldest active connection with lower priority than the new one. */
 4411              		.loc 1 1862 9 is_stmt 1 view .LVU1284
1862:Middlewares/Third_Party/LwIP/src/core/tcp.c ****           /* Try killing oldest active connection with lower priority than the new one. */
 4412              		.loc 1 1862 12 is_stmt 0 view .LVU1285
 4413 009a 0446     		mov	r4, r0
 4414 009c 0028     		cmp	r0, #0
 4415 009e B6D1     		bne	.L408
1864:Middlewares/Third_Party/LwIP/src/core/tcp.c ****           tcp_kill_prio(prio);
 4416              		.loc 1 1864 107 is_stmt 1 view .LVU1286
1865:Middlewares/Third_Party/LwIP/src/core/tcp.c ****           /* Try to allocate a tcp_pcb again. */
 4417              		.loc 1 1865 11 view .LVU1287
 4418 00a0 2846     		mov	r0, r5
 4419              	.LVL447:
1865:Middlewares/Third_Party/LwIP/src/core/tcp.c ****           /* Try to allocate a tcp_pcb again. */
 4420              		.loc 1 1865 11 is_stmt 0 view .LVU1288
 4421 00a2 FFF7FEFF 		bl	tcp_kill_prio
 4422              	.LVL448:
1867:Middlewares/Third_Party/LwIP/src/core/tcp.c ****           if (pcb != NULL) {
 4423              		.loc 1 1867 11 is_stmt 1 view .LVU1289
1867:Middlewares/Third_Party/LwIP/src/core/tcp.c ****           if (pcb != NULL) {
 4424              		.loc 1 1867 35 is_stmt 0 view .LVU1290
 4425 00a6 0120     		movs	r0, #1
 4426 00a8 FFF7FEFF 		bl	memp_malloc
 4427              	.LVL449:
1868:Middlewares/Third_Party/LwIP/src/core/tcp.c ****             /* adjust err stats: memp_malloc failed multiple times before */
 4428              		.loc 1 1868 11 is_stmt 1 view .LVU1291
1885:Middlewares/Third_Party/LwIP/src/core/tcp.c ****     }
 4429              		.loc 1 1885 40 view .LVU1292
1888:Middlewares/Third_Party/LwIP/src/core/tcp.c ****     /* zero out the whole pcb, so there is no need to initialize members to zero */
 4430              		.loc 1 1888 3 view .LVU1293
1888:Middlewares/Third_Party/LwIP/src/core/tcp.c ****     /* zero out the whole pcb, so there is no need to initialize members to zero */
 4431              		.loc 1 1888 6 is_stmt 0 view .LVU1294
 4432 00ac 0446     		mov	r4, r0
 4433 00ae 0028     		cmp	r0, #0
 4434 00b0 ADD1     		bne	.L408
 4435 00b2 D7E7     		b	.L407
 4436              	.L413:
 4437              		.align	2
 4438              	.L412:
 4439 00b4 00000000 		.word	tcp_ticks
 4440 00b8 00000000 		.word	tcp_timer_ctr
 4441 00bc 00000000 		.word	tcp_recv_null
 4442 00c0 00DD6D00 		.word	7200000
 4443              		.cfi_endproc
 4444              	.LFE200:
 4446              		.section	.text.tcp_new,"ax",%progbits
 4447              		.align	1
 4448              		.global	tcp_new
 4449              		.syntax unified
 4450              		.thumb
 4451              		.thumb_func
ARM GAS  /tmp/ccwEre5k.s 			page 142


 4453              	tcp_new:
 4454              	.LFB201:
1946:Middlewares/Third_Party/LwIP/src/core/tcp.c ****   return tcp_alloc(TCP_PRIO_NORMAL);
 4455              		.loc 1 1946 1 is_stmt 1 view -0
 4456              		.cfi_startproc
 4457              		@ args = 0, pretend = 0, frame = 0
 4458              		@ frame_needed = 0, uses_anonymous_args = 0
 4459 0000 08B5     		push	{r3, lr}
 4460              	.LCFI46:
 4461              		.cfi_def_cfa_offset 8
 4462              		.cfi_offset 3, -8
 4463              		.cfi_offset 14, -4
1947:Middlewares/Third_Party/LwIP/src/core/tcp.c **** }
 4464              		.loc 1 1947 3 view .LVU1296
1947:Middlewares/Third_Party/LwIP/src/core/tcp.c **** }
 4465              		.loc 1 1947 10 is_stmt 0 view .LVU1297
 4466 0002 4020     		movs	r0, #64
 4467 0004 FFF7FEFF 		bl	tcp_alloc
 4468              	.LVL450:
1948:Middlewares/Third_Party/LwIP/src/core/tcp.c **** 
 4469              		.loc 1 1948 1 view .LVU1298
 4470 0008 08BD     		pop	{r3, pc}
 4471              		.cfi_endproc
 4472              	.LFE201:
 4474              		.section	.text.tcp_new_ip_type,"ax",%progbits
 4475              		.align	1
 4476              		.global	tcp_new_ip_type
 4477              		.syntax unified
 4478              		.thumb
 4479              		.thumb_func
 4481              	tcp_new_ip_type:
 4482              	.LVL451:
 4483              	.LFB202:
1963:Middlewares/Third_Party/LwIP/src/core/tcp.c ****   struct tcp_pcb *pcb;
 4484              		.loc 1 1963 1 is_stmt 1 view -0
 4485              		.cfi_startproc
 4486              		@ args = 0, pretend = 0, frame = 0
 4487              		@ frame_needed = 0, uses_anonymous_args = 0
1963:Middlewares/Third_Party/LwIP/src/core/tcp.c ****   struct tcp_pcb *pcb;
 4488              		.loc 1 1963 1 is_stmt 0 view .LVU1300
 4489 0000 08B5     		push	{r3, lr}
 4490              	.LCFI47:
 4491              		.cfi_def_cfa_offset 8
 4492              		.cfi_offset 3, -8
 4493              		.cfi_offset 14, -4
1964:Middlewares/Third_Party/LwIP/src/core/tcp.c ****   pcb = tcp_alloc(TCP_PRIO_NORMAL);
 4494              		.loc 1 1964 3 is_stmt 1 view .LVU1301
1965:Middlewares/Third_Party/LwIP/src/core/tcp.c **** #if LWIP_IPV4 && LWIP_IPV6
 4495              		.loc 1 1965 3 view .LVU1302
1965:Middlewares/Third_Party/LwIP/src/core/tcp.c **** #if LWIP_IPV4 && LWIP_IPV6
 4496              		.loc 1 1965 9 is_stmt 0 view .LVU1303
 4497 0002 4020     		movs	r0, #64
 4498              	.LVL452:
1965:Middlewares/Third_Party/LwIP/src/core/tcp.c **** #if LWIP_IPV4 && LWIP_IPV6
 4499              		.loc 1 1965 9 view .LVU1304
 4500 0004 FFF7FEFF 		bl	tcp_alloc
 4501              	.LVL453:
ARM GAS  /tmp/ccwEre5k.s 			page 143


1972:Middlewares/Third_Party/LwIP/src/core/tcp.c **** #endif /* LWIP_IPV4 && LWIP_IPV6 */
 4502              		.loc 1 1972 3 is_stmt 1 view .LVU1305
1974:Middlewares/Third_Party/LwIP/src/core/tcp.c **** }
 4503              		.loc 1 1974 3 view .LVU1306
1975:Middlewares/Third_Party/LwIP/src/core/tcp.c **** 
 4504              		.loc 1 1975 1 is_stmt 0 view .LVU1307
 4505 0008 08BD     		pop	{r3, pc}
 4506              		.cfi_endproc
 4507              	.LFE202:
 4509              		.section	.rodata.tcp_close_shutdown.str1.4,"aMS",%progbits,1
 4510              		.align	2
 4511              	.LC38:
 4512 0000 7463705F 		.ascii	"tcp_close_shutdown: invalid pcb\000"
 4512      636C6F73 
 4512      655F7368 
 4512      7574646F 
 4512      776E3A20 
 4513              		.align	2
 4514              	.LC39:
 4515 0020 7063622D 		.ascii	"pcb->flags & TF_RXCLOSED\000"
 4515      3E666C61 
 4515      67732026 
 4515      2054465F 
 4515      5258434C 
 4516              		.section	.text.tcp_close_shutdown,"ax",%progbits
 4517              		.align	1
 4518              		.syntax unified
 4519              		.thumb
 4520              		.thumb_func
 4522              	tcp_close_shutdown:
 4523              	.LVL454:
 4524              	.LFB172:
 349:Middlewares/Third_Party/LwIP/src/core/tcp.c ****   LWIP_ASSERT("tcp_close_shutdown: invalid pcb", pcb != NULL);
 4525              		.loc 1 349 1 is_stmt 1 view -0
 4526              		.cfi_startproc
 4527              		@ args = 0, pretend = 0, frame = 0
 4528              		@ frame_needed = 0, uses_anonymous_args = 0
 349:Middlewares/Third_Party/LwIP/src/core/tcp.c ****   LWIP_ASSERT("tcp_close_shutdown: invalid pcb", pcb != NULL);
 4529              		.loc 1 349 1 is_stmt 0 view .LVU1309
 4530 0000 30B5     		push	{r4, r5, lr}
 4531              	.LCFI48:
 4532              		.cfi_def_cfa_offset 12
 4533              		.cfi_offset 4, -12
 4534              		.cfi_offset 5, -8
 4535              		.cfi_offset 14, -4
 4536 0002 85B0     		sub	sp, sp, #20
 4537              	.LCFI49:
 4538              		.cfi_def_cfa_offset 32
 4539 0004 0D46     		mov	r5, r1
 350:Middlewares/Third_Party/LwIP/src/core/tcp.c **** 
 4540              		.loc 1 350 3 is_stmt 1 view .LVU1310
 350:Middlewares/Third_Party/LwIP/src/core/tcp.c **** 
 4541              		.loc 1 350 3 view .LVU1311
 4542 0006 0446     		mov	r4, r0
 4543 0008 28B3     		cbz	r0, .L439
 4544              	.LVL455:
 4545              	.L419:
ARM GAS  /tmp/ccwEre5k.s 			page 144


 350:Middlewares/Third_Party/LwIP/src/core/tcp.c **** 
 4546              		.loc 1 350 3 discriminator 3 view .LVU1312
 350:Middlewares/Third_Party/LwIP/src/core/tcp.c **** 
 4547              		.loc 1 350 3 discriminator 3 view .LVU1313
 352:Middlewares/Third_Party/LwIP/src/core/tcp.c ****     if ((pcb->refused_data != NULL) || (pcb->rcv_wnd != TCP_WND_MAX(pcb))) {
 4548              		.loc 1 352 3 discriminator 3 view .LVU1314
 352:Middlewares/Third_Party/LwIP/src/core/tcp.c ****     if ((pcb->refused_data != NULL) || (pcb->rcv_wnd != TCP_WND_MAX(pcb))) {
 4549              		.loc 1 352 6 is_stmt 0 discriminator 3 view .LVU1315
 4550 000a 002D     		cmp	r5, #0
 4551 000c 2FD0     		beq	.L420
 352:Middlewares/Third_Party/LwIP/src/core/tcp.c ****     if ((pcb->refused_data != NULL) || (pcb->rcv_wnd != TCP_WND_MAX(pcb))) {
 4552              		.loc 1 352 35 discriminator 1 view .LVU1316
 4553 000e 237D     		ldrb	r3, [r4, #20]	@ zero_extendqisi2
 352:Middlewares/Third_Party/LwIP/src/core/tcp.c ****     if ((pcb->refused_data != NULL) || (pcb->rcv_wnd != TCP_WND_MAX(pcb))) {
 4554              		.loc 1 352 27 discriminator 1 view .LVU1317
 4555 0010 072B     		cmp	r3, #7
 4556 0012 18BF     		it	ne
 4557 0014 042B     		cmpne	r3, #4
 4558 0016 2AD1     		bne	.L420
 353:Middlewares/Third_Party/LwIP/src/core/tcp.c ****       /* Not all data received by application, send RST to tell the remote
 4559              		.loc 1 353 5 is_stmt 1 view .LVU1318
 353:Middlewares/Third_Party/LwIP/src/core/tcp.c ****       /* Not all data received by application, send RST to tell the remote
 4560              		.loc 1 353 13 is_stmt 0 view .LVU1319
 4561 0018 A36F     		ldr	r3, [r4, #120]
 353:Middlewares/Third_Party/LwIP/src/core/tcp.c ****       /* Not all data received by application, send RST to tell the remote
 4562              		.loc 1 353 8 view .LVU1320
 4563 001a 23B3     		cbz	r3, .L440
 4564              	.L421:
 356:Middlewares/Third_Party/LwIP/src/core/tcp.c **** 
 4565              		.loc 1 356 7 is_stmt 1 view .LVU1321
 356:Middlewares/Third_Party/LwIP/src/core/tcp.c **** 
 4566              		.loc 1 356 7 view .LVU1322
 4567 001c 638B     		ldrh	r3, [r4, #26]
 4568 001e 13F0100F 		tst	r3, #16
 4569 0022 2ED0     		beq	.L441
 4570              	.L422:
 356:Middlewares/Third_Party/LwIP/src/core/tcp.c **** 
 4571              		.loc 1 356 7 discriminator 3 view .LVU1323
 356:Middlewares/Third_Party/LwIP/src/core/tcp.c **** 
 4572              		.loc 1 356 7 discriminator 3 view .LVU1324
 360:Middlewares/Third_Party/LwIP/src/core/tcp.c ****               pcb->local_port, pcb->remote_port);
 4573              		.loc 1 360 7 discriminator 3 view .LVU1325
 360:Middlewares/Third_Party/LwIP/src/core/tcp.c ****               pcb->local_port, pcb->remote_port);
 4574              		.loc 1 360 64 is_stmt 0 discriminator 3 view .LVU1326
 4575 0024 231D     		adds	r3, r4, #4
 360:Middlewares/Third_Party/LwIP/src/core/tcp.c ****               pcb->local_port, pcb->remote_port);
 4576              		.loc 1 360 7 discriminator 3 view .LVU1327
 4577 0026 228B     		ldrh	r2, [r4, #24]
 4578 0028 0292     		str	r2, [sp, #8]
 4579 002a E28A     		ldrh	r2, [r4, #22]
 4580 002c 0192     		str	r2, [sp, #4]
 4581 002e 0093     		str	r3, [sp]
 4582 0030 2346     		mov	r3, r4
 4583 0032 626A     		ldr	r2, [r4, #36]
 4584 0034 216D     		ldr	r1, [r4, #80]
 4585 0036 2046     		mov	r0, r4
 4586 0038 FFF7FEFF 		bl	tcp_rst
ARM GAS  /tmp/ccwEre5k.s 			page 145


 4587              	.LVL456:
 363:Middlewares/Third_Party/LwIP/src/core/tcp.c ****       TCP_RMV_ACTIVE(pcb);
 4588              		.loc 1 363 7 is_stmt 1 discriminator 3 view .LVU1328
 4589 003c 2046     		mov	r0, r4
 4590 003e FFF7FEFF 		bl	tcp_pcb_purge
 4591              	.LVL457:
 364:Middlewares/Third_Party/LwIP/src/core/tcp.c ****       /* Deallocate the pcb since we already sent a RST for it */
 4592              		.loc 1 364 7 discriminator 3 view .LVU1329
 364:Middlewares/Third_Party/LwIP/src/core/tcp.c ****       /* Deallocate the pcb since we already sent a RST for it */
 4593              		.loc 1 364 7 discriminator 3 view .LVU1330
 364:Middlewares/Third_Party/LwIP/src/core/tcp.c ****       /* Deallocate the pcb since we already sent a RST for it */
 4594              		.loc 1 364 7 discriminator 3 view .LVU1331
 4595 0042 384B     		ldr	r3, .L448
 4596 0044 1B68     		ldr	r3, [r3]
 4597 0046 A342     		cmp	r3, r4
 4598 0048 23D0     		beq	.L442
 4599              	.L423:
 4600              	.LVL458:
 4601              	.LBB21:
 364:Middlewares/Third_Party/LwIP/src/core/tcp.c ****       /* Deallocate the pcb since we already sent a RST for it */
 4602              		.loc 1 364 7 discriminator 8 view .LVU1332
 4603 004a 43B3     		cbz	r3, .L424
 364:Middlewares/Third_Party/LwIP/src/core/tcp.c ****       /* Deallocate the pcb since we already sent a RST for it */
 4604              		.loc 1 364 7 discriminator 9 view .LVU1333
 4605 004c DA68     		ldr	r2, [r3, #12]
 4606 004e A242     		cmp	r2, r4
 4607 0050 23D0     		beq	.L443
 364:Middlewares/Third_Party/LwIP/src/core/tcp.c ****       /* Deallocate the pcb since we already sent a RST for it */
 4608              		.loc 1 364 7 is_stmt 0 view .LVU1334
 4609 0052 1346     		mov	r3, r2
 4610              	.LVL459:
 364:Middlewares/Third_Party/LwIP/src/core/tcp.c ****       /* Deallocate the pcb since we already sent a RST for it */
 4611              		.loc 1 364 7 view .LVU1335
 4612 0054 F9E7     		b	.L423
 4613              	.LVL460:
 4614              	.L439:
 364:Middlewares/Third_Party/LwIP/src/core/tcp.c ****       /* Deallocate the pcb since we already sent a RST for it */
 4615              		.loc 1 364 7 view .LVU1336
 4616              	.LBE21:
 350:Middlewares/Third_Party/LwIP/src/core/tcp.c **** 
 4617              		.loc 1 350 3 is_stmt 1 discriminator 1 view .LVU1337
 350:Middlewares/Third_Party/LwIP/src/core/tcp.c **** 
 4618              		.loc 1 350 3 discriminator 1 view .LVU1338
 4619 0056 344B     		ldr	r3, .L448+4
 4620 0058 4FF4AF72 		mov	r2, #350
 4621 005c 3349     		ldr	r1, .L448+8
 4622              	.LVL461:
 350:Middlewares/Third_Party/LwIP/src/core/tcp.c **** 
 4623              		.loc 1 350 3 is_stmt 0 discriminator 1 view .LVU1339
 4624 005e 3448     		ldr	r0, .L448+12
 4625              	.LVL462:
 350:Middlewares/Third_Party/LwIP/src/core/tcp.c **** 
 4626              		.loc 1 350 3 discriminator 1 view .LVU1340
 4627 0060 FFF7FEFF 		bl	printf
 4628              	.LVL463:
 4629 0064 D1E7     		b	.L419
 4630              	.L440:
ARM GAS  /tmp/ccwEre5k.s 			page 146


 353:Middlewares/Third_Party/LwIP/src/core/tcp.c ****       /* Not all data received by application, send RST to tell the remote
 4631              		.loc 1 353 44 discriminator 1 view .LVU1341
 4632 0066 238D     		ldrh	r3, [r4, #40]
 353:Middlewares/Third_Party/LwIP/src/core/tcp.c ****       /* Not all data received by application, send RST to tell the remote
 4633              		.loc 1 353 37 discriminator 1 view .LVU1342
 4634 0068 B3F5066F 		cmp	r3, #2144
 4635 006c D6D1     		bne	.L421
 4636              	.L420:
 378:Middlewares/Third_Party/LwIP/src/core/tcp.c ****     case CLOSED:
 4637              		.loc 1 378 3 is_stmt 1 view .LVU1343
 378:Middlewares/Third_Party/LwIP/src/core/tcp.c ****     case CLOSED:
 4638              		.loc 1 378 14 is_stmt 0 view .LVU1344
 4639 006e 237D     		ldrb	r3, [r4, #20]	@ zero_extendqisi2
 378:Middlewares/Third_Party/LwIP/src/core/tcp.c ****     case CLOSED:
 4640              		.loc 1 378 3 view .LVU1345
 4641 0070 012B     		cmp	r3, #1
 4642 0072 3FD0     		beq	.L429
 4643 0074 022B     		cmp	r3, #2
 4644 0076 49D0     		beq	.L430
 4645 0078 13B3     		cbz	r3, .L444
 403:Middlewares/Third_Party/LwIP/src/core/tcp.c ****   }
 4646              		.loc 1 403 7 is_stmt 1 view .LVU1346
 403:Middlewares/Third_Party/LwIP/src/core/tcp.c ****   }
 4647              		.loc 1 403 14 is_stmt 0 view .LVU1347
 4648 007a 2046     		mov	r0, r4
 4649 007c FFF7FEFF 		bl	tcp_close_shutdown_fin
 4650              	.LVL464:
 4651 0080 36E0     		b	.L428
 4652              	.L441:
 356:Middlewares/Third_Party/LwIP/src/core/tcp.c **** 
 4653              		.loc 1 356 7 is_stmt 1 discriminator 1 view .LVU1348
 356:Middlewares/Third_Party/LwIP/src/core/tcp.c **** 
 4654              		.loc 1 356 7 discriminator 1 view .LVU1349
 4655 0082 294B     		ldr	r3, .L448+4
 4656 0084 4FF4B272 		mov	r2, #356
 4657 0088 2A49     		ldr	r1, .L448+16
 4658 008a 2948     		ldr	r0, .L448+12
 4659 008c FFF7FEFF 		bl	printf
 4660              	.LVL465:
 4661 0090 C8E7     		b	.L422
 4662              	.L442:
 364:Middlewares/Third_Party/LwIP/src/core/tcp.c ****       /* Deallocate the pcb since we already sent a RST for it */
 4663              		.loc 1 364 7 discriminator 1 view .LVU1350
 4664 0092 DA68     		ldr	r2, [r3, #12]
 4665 0094 234B     		ldr	r3, .L448
 4666 0096 1A60     		str	r2, [r3]
 4667 0098 01E0     		b	.L424
 4668              	.LVL466:
 4669              	.L443:
 4670              	.LBB22:
 364:Middlewares/Third_Party/LwIP/src/core/tcp.c ****       /* Deallocate the pcb since we already sent a RST for it */
 4671              		.loc 1 364 7 discriminator 5 view .LVU1351
 4672 009a E268     		ldr	r2, [r4, #12]
 4673 009c DA60     		str	r2, [r3, #12]
 364:Middlewares/Third_Party/LwIP/src/core/tcp.c ****       /* Deallocate the pcb since we already sent a RST for it */
 4674              		.loc 1 364 7 discriminator 5 view .LVU1352
 4675              	.LVL467:
ARM GAS  /tmp/ccwEre5k.s 			page 147


 4676              	.L424:
 364:Middlewares/Third_Party/LwIP/src/core/tcp.c ****       /* Deallocate the pcb since we already sent a RST for it */
 4677              		.loc 1 364 7 is_stmt 0 discriminator 5 view .LVU1353
 4678              	.LBE22:
 364:Middlewares/Third_Party/LwIP/src/core/tcp.c ****       /* Deallocate the pcb since we already sent a RST for it */
 4679              		.loc 1 364 7 is_stmt 1 discriminator 10 view .LVU1354
 4680 009e 0023     		movs	r3, #0
 4681 00a0 E360     		str	r3, [r4, #12]
 364:Middlewares/Third_Party/LwIP/src/core/tcp.c ****       /* Deallocate the pcb since we already sent a RST for it */
 4682              		.loc 1 364 7 discriminator 10 view .LVU1355
 364:Middlewares/Third_Party/LwIP/src/core/tcp.c ****       /* Deallocate the pcb since we already sent a RST for it */
 4683              		.loc 1 364 7 discriminator 10 view .LVU1356
 4684 00a2 254B     		ldr	r3, .L448+20
 4685 00a4 0122     		movs	r2, #1
 4686 00a6 1A70     		strb	r2, [r3]
 364:Middlewares/Third_Party/LwIP/src/core/tcp.c ****       /* Deallocate the pcb since we already sent a RST for it */
 4687              		.loc 1 364 7 discriminator 10 view .LVU1357
 366:Middlewares/Third_Party/LwIP/src/core/tcp.c ****         /* prevent using a deallocated pcb: free it from tcp_input later */
 4688              		.loc 1 366 7 discriminator 10 view .LVU1358
 366:Middlewares/Third_Party/LwIP/src/core/tcp.c ****         /* prevent using a deallocated pcb: free it from tcp_input later */
 4689              		.loc 1 366 25 is_stmt 0 discriminator 10 view .LVU1359
 4690 00a8 244B     		ldr	r3, .L448+24
 4691 00aa 1B68     		ldr	r3, [r3]
 366:Middlewares/Third_Party/LwIP/src/core/tcp.c ****         /* prevent using a deallocated pcb: free it from tcp_input later */
 4692              		.loc 1 366 10 discriminator 10 view .LVU1360
 4693 00ac A342     		cmp	r3, r4
 4694 00ae 04D0     		beq	.L445
 370:Middlewares/Third_Party/LwIP/src/core/tcp.c ****       }
 4695              		.loc 1 370 9 is_stmt 1 view .LVU1361
 4696 00b0 2046     		mov	r0, r4
 4697 00b2 FFF7FEFF 		bl	tcp_free
 4698              	.LVL468:
 4699              	.L427:
 372:Middlewares/Third_Party/LwIP/src/core/tcp.c ****     }
 4700              		.loc 1 372 7 view .LVU1362
 372:Middlewares/Third_Party/LwIP/src/core/tcp.c ****     }
 4701              		.loc 1 372 14 is_stmt 0 view .LVU1363
 4702 00b6 0020     		movs	r0, #0
 4703 00b8 1AE0     		b	.L428
 4704              	.L445:
 368:Middlewares/Third_Party/LwIP/src/core/tcp.c ****       } else {
 4705              		.loc 1 368 9 is_stmt 1 view .LVU1364
 4706 00ba FFF7FEFF 		bl	tcp_trigger_input_pcb_close
 4707              	.LVL469:
 4708 00be FAE7     		b	.L427
 4709              	.L444:
 387:Middlewares/Third_Party/LwIP/src/core/tcp.c ****         TCP_RMV(&tcp_bound_pcbs, pcb);
 4710              		.loc 1 387 7 view .LVU1365
 387:Middlewares/Third_Party/LwIP/src/core/tcp.c ****         TCP_RMV(&tcp_bound_pcbs, pcb);
 4711              		.loc 1 387 14 is_stmt 0 view .LVU1366
 4712 00c0 E38A     		ldrh	r3, [r4, #22]
 387:Middlewares/Third_Party/LwIP/src/core/tcp.c ****         TCP_RMV(&tcp_bound_pcbs, pcb);
 4713              		.loc 1 387 10 view .LVU1367
 4714 00c2 8BB1     		cbz	r3, .L432
 388:Middlewares/Third_Party/LwIP/src/core/tcp.c ****       }
 4715              		.loc 1 388 9 is_stmt 1 view .LVU1368
 388:Middlewares/Third_Party/LwIP/src/core/tcp.c ****       }
ARM GAS  /tmp/ccwEre5k.s 			page 148


 4716              		.loc 1 388 9 view .LVU1369
 4717 00c4 1E4B     		ldr	r3, .L448+28
 4718 00c6 1B68     		ldr	r3, [r3]
 4719 00c8 A342     		cmp	r3, r4
 4720 00ca 05D0     		beq	.L446
 4721              	.L433:
 4722              	.LVL470:
 4723              	.LBB23:
 388:Middlewares/Third_Party/LwIP/src/core/tcp.c ****       }
 4724              		.loc 1 388 9 discriminator 8 view .LVU1370
 4725 00cc 53B1     		cbz	r3, .L434
 388:Middlewares/Third_Party/LwIP/src/core/tcp.c ****       }
 4726              		.loc 1 388 9 discriminator 9 view .LVU1371
 4727 00ce DA68     		ldr	r2, [r3, #12]
 4728 00d0 A242     		cmp	r2, r4
 4729 00d2 05D0     		beq	.L447
 388:Middlewares/Third_Party/LwIP/src/core/tcp.c ****       }
 4730              		.loc 1 388 9 is_stmt 0 view .LVU1372
 4731 00d4 1346     		mov	r3, r2
 4732              	.LVL471:
 388:Middlewares/Third_Party/LwIP/src/core/tcp.c ****       }
 4733              		.loc 1 388 9 view .LVU1373
 4734 00d6 F9E7     		b	.L433
 4735              	.LVL472:
 4736              	.L446:
 388:Middlewares/Third_Party/LwIP/src/core/tcp.c ****       }
 4737              		.loc 1 388 9 view .LVU1374
 4738              	.LBE23:
 388:Middlewares/Third_Party/LwIP/src/core/tcp.c ****       }
 4739              		.loc 1 388 9 is_stmt 1 discriminator 1 view .LVU1375
 4740 00d8 DA68     		ldr	r2, [r3, #12]
 4741 00da 194B     		ldr	r3, .L448+28
 4742 00dc 1A60     		str	r2, [r3]
 4743 00de 01E0     		b	.L434
 4744              	.LVL473:
 4745              	.L447:
 4746              	.LBB24:
 388:Middlewares/Third_Party/LwIP/src/core/tcp.c ****       }
 4747              		.loc 1 388 9 discriminator 5 view .LVU1376
 4748 00e0 E268     		ldr	r2, [r4, #12]
 4749 00e2 DA60     		str	r2, [r3, #12]
 388:Middlewares/Third_Party/LwIP/src/core/tcp.c ****       }
 4750              		.loc 1 388 9 discriminator 5 view .LVU1377
 4751              	.LVL474:
 4752              	.L434:
 388:Middlewares/Third_Party/LwIP/src/core/tcp.c ****       }
 4753              		.loc 1 388 9 is_stmt 0 discriminator 5 view .LVU1378
 4754              	.LBE24:
 388:Middlewares/Third_Party/LwIP/src/core/tcp.c ****       }
 4755              		.loc 1 388 9 is_stmt 1 discriminator 10 view .LVU1379
 4756 00e4 0023     		movs	r3, #0
 4757 00e6 E360     		str	r3, [r4, #12]
 4758              	.L432:
 388:Middlewares/Third_Party/LwIP/src/core/tcp.c ****       }
 4759              		.loc 1 388 9 discriminator 11 view .LVU1380
 390:Middlewares/Third_Party/LwIP/src/core/tcp.c ****       break;
 4760              		.loc 1 390 7 discriminator 11 view .LVU1381
ARM GAS  /tmp/ccwEre5k.s 			page 149


 4761 00e8 2046     		mov	r0, r4
 4762 00ea FFF7FEFF 		bl	tcp_free
 4763              	.LVL475:
 391:Middlewares/Third_Party/LwIP/src/core/tcp.c ****     case LISTEN:
 4764              		.loc 1 391 7 discriminator 11 view .LVU1382
 405:Middlewares/Third_Party/LwIP/src/core/tcp.c **** }
 4765              		.loc 1 405 10 is_stmt 0 discriminator 11 view .LVU1383
 4766 00ee 0020     		movs	r0, #0
 4767              	.L428:
 406:Middlewares/Third_Party/LwIP/src/core/tcp.c **** 
 4768              		.loc 1 406 1 view .LVU1384
 4769 00f0 05B0     		add	sp, sp, #20
 4770              	.LCFI50:
 4771              		.cfi_remember_state
 4772              		.cfi_def_cfa_offset 12
 4773              		@ sp needed
 4774 00f2 30BD     		pop	{r4, r5, pc}
 4775              	.LVL476:
 4776              	.L429:
 4777              	.LCFI51:
 4778              		.cfi_restore_state
 393:Middlewares/Third_Party/LwIP/src/core/tcp.c ****       tcp_pcb_remove(&tcp_listen_pcbs.pcbs, pcb);
 4779              		.loc 1 393 7 is_stmt 1 view .LVU1385
 4780 00f4 2046     		mov	r0, r4
 4781 00f6 FFF7FEFF 		bl	tcp_listen_closed
 4782              	.LVL477:
 394:Middlewares/Third_Party/LwIP/src/core/tcp.c ****       tcp_free_listen(pcb);
 4783              		.loc 1 394 7 view .LVU1386
 4784 00fa 2146     		mov	r1, r4
 4785 00fc 1148     		ldr	r0, .L448+32
 4786 00fe FFF7FEFF 		bl	tcp_pcb_remove
 4787              	.LVL478:
 395:Middlewares/Third_Party/LwIP/src/core/tcp.c ****       break;
 4788              		.loc 1 395 7 view .LVU1387
 4789 0102 2046     		mov	r0, r4
 4790 0104 FFF7FEFF 		bl	tcp_free_listen
 4791              	.LVL479:
 396:Middlewares/Third_Party/LwIP/src/core/tcp.c ****     case SYN_SENT:
 4792              		.loc 1 396 7 view .LVU1388
 405:Middlewares/Third_Party/LwIP/src/core/tcp.c **** }
 4793              		.loc 1 405 10 is_stmt 0 view .LVU1389
 4794 0108 0020     		movs	r0, #0
 396:Middlewares/Third_Party/LwIP/src/core/tcp.c ****     case SYN_SENT:
 4795              		.loc 1 396 7 view .LVU1390
 4796 010a F1E7     		b	.L428
 4797              	.L430:
 398:Middlewares/Third_Party/LwIP/src/core/tcp.c ****       tcp_free(pcb);
 4798              		.loc 1 398 7 is_stmt 1 view .LVU1391
 398:Middlewares/Third_Party/LwIP/src/core/tcp.c ****       tcp_free(pcb);
 4799              		.loc 1 398 7 view .LVU1392
 4800 010c 2146     		mov	r1, r4
 4801 010e 0548     		ldr	r0, .L448
 4802 0110 FFF7FEFF 		bl	tcp_pcb_remove
 4803              	.LVL480:
 398:Middlewares/Third_Party/LwIP/src/core/tcp.c ****       tcp_free(pcb);
 4804              		.loc 1 398 7 view .LVU1393
 4805 0114 084B     		ldr	r3, .L448+20
ARM GAS  /tmp/ccwEre5k.s 			page 150


 4806 0116 0122     		movs	r2, #1
 4807 0118 1A70     		strb	r2, [r3]
 398:Middlewares/Third_Party/LwIP/src/core/tcp.c ****       tcp_free(pcb);
 4808              		.loc 1 398 7 view .LVU1394
 399:Middlewares/Third_Party/LwIP/src/core/tcp.c ****       MIB2_STATS_INC(mib2.tcpattemptfails);
 4809              		.loc 1 399 7 view .LVU1395
 4810 011a 2046     		mov	r0, r4
 4811 011c FFF7FEFF 		bl	tcp_free
 4812              	.LVL481:
 400:Middlewares/Third_Party/LwIP/src/core/tcp.c ****       break;
 4813              		.loc 1 400 43 view .LVU1396
 401:Middlewares/Third_Party/LwIP/src/core/tcp.c ****     default:
 4814              		.loc 1 401 7 view .LVU1397
 405:Middlewares/Third_Party/LwIP/src/core/tcp.c **** }
 4815              		.loc 1 405 10 is_stmt 0 view .LVU1398
 4816 0120 0020     		movs	r0, #0
 401:Middlewares/Third_Party/LwIP/src/core/tcp.c ****     default:
 4817              		.loc 1 401 7 view .LVU1399
 4818 0122 E5E7     		b	.L428
 4819              	.L449:
 4820              		.align	2
 4821              	.L448:
 4822 0124 00000000 		.word	tcp_active_pcbs
 4823 0128 00000000 		.word	.LC0
 4824 012c 00000000 		.word	.LC38
 4825 0130 54000000 		.word	.LC2
 4826 0134 20000000 		.word	.LC39
 4827 0138 00000000 		.word	tcp_active_pcbs_changed
 4828 013c 00000000 		.word	tcp_input_pcb
 4829 0140 00000000 		.word	tcp_bound_pcbs
 4830 0144 00000000 		.word	tcp_listen_pcbs
 4831              		.cfi_endproc
 4832              	.LFE172:
 4834              		.section	.rodata.tcp_close.str1.4,"aMS",%progbits,1
 4835              		.align	2
 4836              	.LC40:
 4837 0000 7463705F 		.ascii	"tcp_close: invalid pcb\000"
 4837      636C6F73 
 4837      653A2069 
 4837      6E76616C 
 4837      69642070 
 4838              		.section	.text.tcp_close,"ax",%progbits
 4839              		.align	1
 4840              		.global	tcp_close
 4841              		.syntax unified
 4842              		.thumb
 4843              		.thumb_func
 4845              	tcp_close:
 4846              	.LVL482:
 4847              	.LFB174:
 485:Middlewares/Third_Party/LwIP/src/core/tcp.c ****   LWIP_ASSERT_CORE_LOCKED();
 4848              		.loc 1 485 1 is_stmt 1 view -0
 4849              		.cfi_startproc
 4850              		@ args = 0, pretend = 0, frame = 0
 4851              		@ frame_needed = 0, uses_anonymous_args = 0
 485:Middlewares/Third_Party/LwIP/src/core/tcp.c ****   LWIP_ASSERT_CORE_LOCKED();
 4852              		.loc 1 485 1 is_stmt 0 view .LVU1401
ARM GAS  /tmp/ccwEre5k.s 			page 151


 4853 0000 08B5     		push	{r3, lr}
 4854              	.LCFI52:
 4855              		.cfi_def_cfa_offset 8
 4856              		.cfi_offset 3, -8
 4857              		.cfi_offset 14, -4
 486:Middlewares/Third_Party/LwIP/src/core/tcp.c **** 
 4858              		.loc 1 486 28 is_stmt 1 view .LVU1402
 488:Middlewares/Third_Party/LwIP/src/core/tcp.c ****   LWIP_DEBUGF(TCP_DEBUG, ("tcp_close: closing in "));
 4859              		.loc 1 488 3 view .LVU1403
 488:Middlewares/Third_Party/LwIP/src/core/tcp.c ****   LWIP_DEBUGF(TCP_DEBUG, ("tcp_close: closing in "));
 4860              		.loc 1 488 3 view .LVU1404
 4861 0002 60B1     		cbz	r0, .L455
 4862 0004 0346     		mov	r3, r0
 488:Middlewares/Third_Party/LwIP/src/core/tcp.c ****   LWIP_DEBUGF(TCP_DEBUG, ("tcp_close: closing in "));
 4863              		.loc 1 488 3 discriminator 2 view .LVU1405
 489:Middlewares/Third_Party/LwIP/src/core/tcp.c **** 
 4864              		.loc 1 489 53 discriminator 2 view .LVU1406
 491:Middlewares/Third_Party/LwIP/src/core/tcp.c **** 
 4865              		.loc 1 491 36 discriminator 2 view .LVU1407
 493:Middlewares/Third_Party/LwIP/src/core/tcp.c ****     /* Set a flag not to receive any more data... */
 4866              		.loc 1 493 3 discriminator 2 view .LVU1408
 493:Middlewares/Third_Party/LwIP/src/core/tcp.c ****     /* Set a flag not to receive any more data... */
 4867              		.loc 1 493 10 is_stmt 0 discriminator 2 view .LVU1409
 4868 0006 027D     		ldrb	r2, [r0, #20]	@ zero_extendqisi2
 493:Middlewares/Third_Party/LwIP/src/core/tcp.c ****     /* Set a flag not to receive any more data... */
 4869              		.loc 1 493 6 discriminator 2 view .LVU1410
 4870 0008 012A     		cmp	r2, #1
 4871 000a 03D0     		beq	.L453
 495:Middlewares/Third_Party/LwIP/src/core/tcp.c ****   }
 4872              		.loc 1 495 5 is_stmt 1 view .LVU1411
 495:Middlewares/Third_Party/LwIP/src/core/tcp.c ****   }
 4873              		.loc 1 495 5 view .LVU1412
 4874 000c 428B     		ldrh	r2, [r0, #26]
 4875 000e 42F01002 		orr	r2, r2, #16
 4876 0012 4283     		strh	r2, [r0, #26]	@ movhi
 4877              	.L453:
 495:Middlewares/Third_Party/LwIP/src/core/tcp.c ****   }
 4878              		.loc 1 495 5 discriminator 1 view .LVU1413
 498:Middlewares/Third_Party/LwIP/src/core/tcp.c **** }
 4879              		.loc 1 498 3 discriminator 1 view .LVU1414
 498:Middlewares/Third_Party/LwIP/src/core/tcp.c **** }
 4880              		.loc 1 498 10 is_stmt 0 discriminator 1 view .LVU1415
 4881 0014 0121     		movs	r1, #1
 4882 0016 1846     		mov	r0, r3
 4883              	.LVL483:
 498:Middlewares/Third_Party/LwIP/src/core/tcp.c **** }
 4884              		.loc 1 498 10 discriminator 1 view .LVU1416
 4885 0018 FFF7FEFF 		bl	tcp_close_shutdown
 4886              	.LVL484:
 4887              	.L452:
 499:Middlewares/Third_Party/LwIP/src/core/tcp.c **** 
 4888              		.loc 1 499 1 view .LVU1417
 4889 001c 08BD     		pop	{r3, pc}
 4890              	.LVL485:
 4891              	.L455:
 488:Middlewares/Third_Party/LwIP/src/core/tcp.c ****   LWIP_DEBUGF(TCP_DEBUG, ("tcp_close: closing in "));
 4892              		.loc 1 488 3 is_stmt 1 discriminator 1 view .LVU1418
ARM GAS  /tmp/ccwEre5k.s 			page 152


 488:Middlewares/Third_Party/LwIP/src/core/tcp.c ****   LWIP_DEBUGF(TCP_DEBUG, ("tcp_close: closing in "));
 4893              		.loc 1 488 3 discriminator 1 view .LVU1419
 4894 001e 054B     		ldr	r3, .L456
 4895 0020 4FF4F472 		mov	r2, #488
 4896 0024 0449     		ldr	r1, .L456+4
 4897 0026 0548     		ldr	r0, .L456+8
 4898              	.LVL486:
 488:Middlewares/Third_Party/LwIP/src/core/tcp.c ****   LWIP_DEBUGF(TCP_DEBUG, ("tcp_close: closing in "));
 4899              		.loc 1 488 3 is_stmt 0 discriminator 1 view .LVU1420
 4900 0028 FFF7FEFF 		bl	printf
 4901              	.LVL487:
 488:Middlewares/Third_Party/LwIP/src/core/tcp.c ****   LWIP_DEBUGF(TCP_DEBUG, ("tcp_close: closing in "));
 4902              		.loc 1 488 3 is_stmt 1 discriminator 1 view .LVU1421
 488:Middlewares/Third_Party/LwIP/src/core/tcp.c ****   LWIP_DEBUGF(TCP_DEBUG, ("tcp_close: closing in "));
 4903              		.loc 1 488 3 discriminator 1 view .LVU1422
 4904 002c 6FF00F00 		mvn	r0, #15
 4905 0030 F4E7     		b	.L452
 4906              	.L457:
 4907 0032 00BF     		.align	2
 4908              	.L456:
 4909 0034 00000000 		.word	.LC0
 4910 0038 00000000 		.word	.LC40
 4911 003c 54000000 		.word	.LC2
 4912              		.cfi_endproc
 4913              	.LFE174:
 4915              		.section	.rodata.tcp_recv_null.str1.4,"aMS",%progbits,1
 4916              		.align	2
 4917              	.LC41:
 4918 0000 7463705F 		.ascii	"tcp_recv_null: invalid pcb\000"
 4918      72656376 
 4918      5F6E756C 
 4918      6C3A2069 
 4918      6E76616C 
 4919              		.section	.text.tcp_recv_null,"ax",%progbits
 4920              		.align	1
 4921              		.global	tcp_recv_null
 4922              		.syntax unified
 4923              		.thumb
 4924              		.thumb_func
 4926              	tcp_recv_null:
 4927              	.LVL488:
 4928              	.LFB195:
1685:Middlewares/Third_Party/LwIP/src/core/tcp.c ****   LWIP_UNUSED_ARG(arg);
 4929              		.loc 1 1685 1 view -0
 4930              		.cfi_startproc
 4931              		@ args = 0, pretend = 0, frame = 0
 4932              		@ frame_needed = 0, uses_anonymous_args = 0
1685:Middlewares/Third_Party/LwIP/src/core/tcp.c ****   LWIP_UNUSED_ARG(arg);
 4933              		.loc 1 1685 1 is_stmt 0 view .LVU1424
 4934 0000 10B5     		push	{r4, lr}
 4935              	.LCFI53:
 4936              		.cfi_def_cfa_offset 8
 4937              		.cfi_offset 4, -8
 4938              		.cfi_offset 14, -4
1686:Middlewares/Third_Party/LwIP/src/core/tcp.c **** 
 4939              		.loc 1 1686 3 is_stmt 1 view .LVU1425
1688:Middlewares/Third_Party/LwIP/src/core/tcp.c **** 
ARM GAS  /tmp/ccwEre5k.s 			page 153


 4940              		.loc 1 1688 3 view .LVU1426
1688:Middlewares/Third_Party/LwIP/src/core/tcp.c **** 
 4941              		.loc 1 1688 3 view .LVU1427
 4942 0002 51B1     		cbz	r1, .L464
 4943 0004 1446     		mov	r4, r2
 4944 0006 0846     		mov	r0, r1
 4945              	.LVL489:
1688:Middlewares/Third_Party/LwIP/src/core/tcp.c **** 
 4946              		.loc 1 1688 3 discriminator 2 view .LVU1428
1690:Middlewares/Third_Party/LwIP/src/core/tcp.c ****     tcp_recved(pcb, p->tot_len);
 4947              		.loc 1 1690 3 discriminator 2 view .LVU1429
1690:Middlewares/Third_Party/LwIP/src/core/tcp.c ****     tcp_recved(pcb, p->tot_len);
 4948              		.loc 1 1690 6 is_stmt 0 discriminator 2 view .LVU1430
 4949 0008 8AB1     		cbz	r2, .L461
1691:Middlewares/Third_Party/LwIP/src/core/tcp.c ****     pbuf_free(p);
 4950              		.loc 1 1691 5 is_stmt 1 view .LVU1431
 4951 000a 1189     		ldrh	r1, [r2, #8]
 4952              	.LVL490:
1691:Middlewares/Third_Party/LwIP/src/core/tcp.c ****     pbuf_free(p);
 4953              		.loc 1 1691 5 is_stmt 0 view .LVU1432
 4954 000c FFF7FEFF 		bl	tcp_recved
 4955              	.LVL491:
1692:Middlewares/Third_Party/LwIP/src/core/tcp.c ****   } else if (err == ERR_OK) {
 4956              		.loc 1 1692 5 is_stmt 1 view .LVU1433
 4957 0010 2046     		mov	r0, r4
 4958 0012 FFF7FEFF 		bl	pbuf_free
 4959              	.LVL492:
1696:Middlewares/Third_Party/LwIP/src/core/tcp.c **** }
 4960              		.loc 1 1696 10 is_stmt 0 view .LVU1434
 4961 0016 0020     		movs	r0, #0
 4962              	.LVL493:
 4963              	.L460:
1697:Middlewares/Third_Party/LwIP/src/core/tcp.c **** #endif /* LWIP_CALLBACK_API */
 4964              		.loc 1 1697 1 view .LVU1435
 4965 0018 10BD     		pop	{r4, pc}
 4966              	.LVL494:
 4967              	.L464:
1688:Middlewares/Third_Party/LwIP/src/core/tcp.c **** 
 4968              		.loc 1 1688 3 is_stmt 1 discriminator 1 view .LVU1436
1688:Middlewares/Third_Party/LwIP/src/core/tcp.c **** 
 4969              		.loc 1 1688 3 discriminator 1 view .LVU1437
 4970 001a 084B     		ldr	r3, .L466
 4971              	.LVL495:
1688:Middlewares/Third_Party/LwIP/src/core/tcp.c **** 
 4972              		.loc 1 1688 3 is_stmt 0 discriminator 1 view .LVU1438
 4973 001c 4FF4D362 		mov	r2, #1688
 4974              	.LVL496:
1688:Middlewares/Third_Party/LwIP/src/core/tcp.c **** 
 4975              		.loc 1 1688 3 discriminator 1 view .LVU1439
 4976 0020 0749     		ldr	r1, .L466+4
 4977              	.LVL497:
1688:Middlewares/Third_Party/LwIP/src/core/tcp.c **** 
 4978              		.loc 1 1688 3 discriminator 1 view .LVU1440
 4979 0022 0848     		ldr	r0, .L466+8
 4980              	.LVL498:
1688:Middlewares/Third_Party/LwIP/src/core/tcp.c **** 
 4981              		.loc 1 1688 3 discriminator 1 view .LVU1441
ARM GAS  /tmp/ccwEre5k.s 			page 154


 4982 0024 FFF7FEFF 		bl	printf
 4983              	.LVL499:
1688:Middlewares/Third_Party/LwIP/src/core/tcp.c **** 
 4984              		.loc 1 1688 3 is_stmt 1 discriminator 1 view .LVU1442
1688:Middlewares/Third_Party/LwIP/src/core/tcp.c **** 
 4985              		.loc 1 1688 3 discriminator 1 view .LVU1443
 4986 0028 6FF00F00 		mvn	r0, #15
 4987 002c F4E7     		b	.L460
 4988              	.LVL500:
 4989              	.L461:
1693:Middlewares/Third_Party/LwIP/src/core/tcp.c ****     return tcp_close(pcb);
 4990              		.loc 1 1693 10 view .LVU1444
1693:Middlewares/Third_Party/LwIP/src/core/tcp.c ****     return tcp_close(pcb);
 4991              		.loc 1 1693 13 is_stmt 0 view .LVU1445
 4992 002e 0BB1     		cbz	r3, .L465
1696:Middlewares/Third_Party/LwIP/src/core/tcp.c **** }
 4993              		.loc 1 1696 10 view .LVU1446
 4994 0030 0020     		movs	r0, #0
 4995              	.LVL501:
1696:Middlewares/Third_Party/LwIP/src/core/tcp.c **** }
 4996              		.loc 1 1696 10 view .LVU1447
 4997 0032 F1E7     		b	.L460
 4998              	.LVL502:
 4999              	.L465:
1694:Middlewares/Third_Party/LwIP/src/core/tcp.c ****   }
 5000              		.loc 1 1694 5 is_stmt 1 view .LVU1448
1694:Middlewares/Third_Party/LwIP/src/core/tcp.c ****   }
 5001              		.loc 1 1694 12 is_stmt 0 view .LVU1449
 5002 0034 FFF7FEFF 		bl	tcp_close
 5003              	.LVL503:
1694:Middlewares/Third_Party/LwIP/src/core/tcp.c ****   }
 5004              		.loc 1 1694 12 view .LVU1450
 5005 0038 EEE7     		b	.L460
 5006              	.L467:
 5007 003a 00BF     		.align	2
 5008              	.L466:
 5009 003c 00000000 		.word	.LC0
 5010 0040 00000000 		.word	.LC41
 5011 0044 54000000 		.word	.LC2
 5012              		.cfi_endproc
 5013              	.LFE195:
 5015              		.section	.rodata.tcp_process_refused_data.str1.4,"aMS",%progbits,1
 5016              		.align	2
 5017              	.LC42:
 5018 0000 7463705F 		.ascii	"tcp_process_refused_data: invalid pcb\000"
 5018      70726F63 
 5018      6573735F 
 5018      72656675 
 5018      7365645F 
 5019              		.section	.text.tcp_process_refused_data,"ax",%progbits
 5020              		.align	1
 5021              		.global	tcp_process_refused_data
 5022              		.syntax unified
 5023              		.thumb
 5024              		.thumb_func
 5026              	tcp_process_refused_data:
 5027              	.LVL504:
ARM GAS  /tmp/ccwEre5k.s 			page 155


 5028              	.LFB190:
1540:Middlewares/Third_Party/LwIP/src/core/tcp.c **** #if TCP_QUEUE_OOSEQ && LWIP_WND_SCALE
 5029              		.loc 1 1540 1 is_stmt 1 view -0
 5030              		.cfi_startproc
 5031              		@ args = 0, pretend = 0, frame = 0
 5032              		@ frame_needed = 0, uses_anonymous_args = 0
1540:Middlewares/Third_Party/LwIP/src/core/tcp.c **** #if TCP_QUEUE_OOSEQ && LWIP_WND_SCALE
 5033              		.loc 1 1540 1 is_stmt 0 view .LVU1452
 5034 0000 F8B5     		push	{r3, r4, r5, r6, r7, lr}
 5035              	.LCFI54:
 5036              		.cfi_def_cfa_offset 24
 5037              		.cfi_offset 3, -24
 5038              		.cfi_offset 4, -20
 5039              		.cfi_offset 5, -16
 5040              		.cfi_offset 6, -12
 5041              		.cfi_offset 7, -8
 5042              		.cfi_offset 14, -4
1545:Middlewares/Third_Party/LwIP/src/core/tcp.c **** 
 5043              		.loc 1 1545 3 is_stmt 1 view .LVU1453
1545:Middlewares/Third_Party/LwIP/src/core/tcp.c **** 
 5044              		.loc 1 1545 3 view .LVU1454
 5045 0002 18B3     		cbz	r0, .L477
 5046 0004 0446     		mov	r4, r0
1545:Middlewares/Third_Party/LwIP/src/core/tcp.c **** 
 5047              		.loc 1 1545 3 discriminator 2 view .LVU1455
 5048              	.LBB25:
1551:Middlewares/Third_Party/LwIP/src/core/tcp.c ****     u8_t refused_flags = pcb->refused_data->flags;
 5049              		.loc 1 1551 5 discriminator 2 view .LVU1456
1552:Middlewares/Third_Party/LwIP/src/core/tcp.c ****     /* set pcb->refused_data to NULL in case the callback frees it and then
 5050              		.loc 1 1552 5 discriminator 2 view .LVU1457
1552:Middlewares/Third_Party/LwIP/src/core/tcp.c ****     /* set pcb->refused_data to NULL in case the callback frees it and then
 5051              		.loc 1 1552 29 is_stmt 0 discriminator 2 view .LVU1458
 5052 0006 866F     		ldr	r6, [r0, #120]
1552:Middlewares/Third_Party/LwIP/src/core/tcp.c ****     /* set pcb->refused_data to NULL in case the callback frees it and then
 5053              		.loc 1 1552 10 discriminator 2 view .LVU1459
 5054 0008 777B     		ldrb	r7, [r6, #13]	@ zero_extendqisi2
 5055              	.LVL505:
1555:Middlewares/Third_Party/LwIP/src/core/tcp.c **** #if TCP_QUEUE_OOSEQ && LWIP_WND_SCALE
 5056              		.loc 1 1555 5 is_stmt 1 discriminator 2 view .LVU1460
1560:Middlewares/Third_Party/LwIP/src/core/tcp.c **** #endif /* TCP_QUEUE_OOSEQ && LWIP_WND_SCALE */
 5057              		.loc 1 1560 5 discriminator 2 view .LVU1461
1560:Middlewares/Third_Party/LwIP/src/core/tcp.c **** #endif /* TCP_QUEUE_OOSEQ && LWIP_WND_SCALE */
 5058              		.loc 1 1560 23 is_stmt 0 discriminator 2 view .LVU1462
 5059 000a 0023     		movs	r3, #0
 5060 000c 8367     		str	r3, [r0, #120]
1563:Middlewares/Third_Party/LwIP/src/core/tcp.c ****     TCP_EVENT_RECV(pcb, refused_data, ERR_OK, err);
 5061              		.loc 1 1563 70 is_stmt 1 discriminator 2 view .LVU1463
1564:Middlewares/Third_Party/LwIP/src/core/tcp.c ****     if (err == ERR_OK) {
 5062              		.loc 1 1564 5 discriminator 2 view .LVU1464
1564:Middlewares/Third_Party/LwIP/src/core/tcp.c ****     if (err == ERR_OK) {
 5063              		.loc 1 1564 5 discriminator 2 view .LVU1465
 5064 000e D0F88450 		ldr	r5, [r0, #132]
 5065 0012 2DB3     		cbz	r5, .L471
1564:Middlewares/Third_Party/LwIP/src/core/tcp.c ****     if (err == ERR_OK) {
 5066              		.loc 1 1564 5 discriminator 1 view .LVU1466
 5067 0014 3246     		mov	r2, r6
 5068 0016 0146     		mov	r1, r0
ARM GAS  /tmp/ccwEre5k.s 			page 156


 5069 0018 0069     		ldr	r0, [r0, #16]
 5070              	.LVL506:
1564:Middlewares/Third_Party/LwIP/src/core/tcp.c ****     if (err == ERR_OK) {
 5071              		.loc 1 1564 5 is_stmt 0 discriminator 1 view .LVU1467
 5072 001a A847     		blx	r5
 5073              	.LVL507:
1564:Middlewares/Third_Party/LwIP/src/core/tcp.c ****     if (err == ERR_OK) {
 5074              		.loc 1 1564 5 discriminator 1 view .LVU1468
 5075 001c 0546     		mov	r5, r0
 5076              	.LVL508:
 5077              	.L472:
1564:Middlewares/Third_Party/LwIP/src/core/tcp.c ****     if (err == ERR_OK) {
 5078              		.loc 1 1564 5 is_stmt 1 discriminator 4 view .LVU1469
1565:Middlewares/Third_Party/LwIP/src/core/tcp.c ****       /* did refused_data include a FIN? */
 5079              		.loc 1 1565 5 discriminator 4 view .LVU1470
1565:Middlewares/Third_Party/LwIP/src/core/tcp.c ****       /* did refused_data include a FIN? */
 5080              		.loc 1 1565 8 is_stmt 0 discriminator 4 view .LVU1471
 5081 001e 3DBB     		cbnz	r5, .L473
1567:Middlewares/Third_Party/LwIP/src/core/tcp.c **** #if TCP_QUEUE_OOSEQ && LWIP_WND_SCALE
 5082              		.loc 1 1567 7 is_stmt 1 view .LVU1472
1567:Middlewares/Third_Party/LwIP/src/core/tcp.c **** #if TCP_QUEUE_OOSEQ && LWIP_WND_SCALE
 5083              		.loc 1 1567 10 is_stmt 0 view .LVU1473
 5084 0020 17F0200F 		tst	r7, #32
 5085 0024 2AD0     		beq	.L470
1574:Middlewares/Third_Party/LwIP/src/core/tcp.c ****           pcb->rcv_wnd++;
 5086              		.loc 1 1574 9 is_stmt 1 view .LVU1474
1574:Middlewares/Third_Party/LwIP/src/core/tcp.c ****           pcb->rcv_wnd++;
 5087              		.loc 1 1574 16 is_stmt 0 view .LVU1475
 5088 0026 238D     		ldrh	r3, [r4, #40]
1574:Middlewares/Third_Party/LwIP/src/core/tcp.c ****           pcb->rcv_wnd++;
 5089              		.loc 1 1574 12 view .LVU1476
 5090 0028 B3F5066F 		cmp	r3, #2144
 5091 002c 01D0     		beq	.L474
1575:Middlewares/Third_Party/LwIP/src/core/tcp.c ****         }
 5092              		.loc 1 1575 11 is_stmt 1 view .LVU1477
1575:Middlewares/Third_Party/LwIP/src/core/tcp.c ****         }
 5093              		.loc 1 1575 23 is_stmt 0 view .LVU1478
 5094 002e 0133     		adds	r3, r3, #1
 5095 0030 2385     		strh	r3, [r4, #40]	@ movhi
 5096              	.L474:
1577:Middlewares/Third_Party/LwIP/src/core/tcp.c ****         if (err == ERR_ABRT) {
 5097              		.loc 1 1577 9 is_stmt 1 view .LVU1479
1577:Middlewares/Third_Party/LwIP/src/core/tcp.c ****         if (err == ERR_ABRT) {
 5098              		.loc 1 1577 9 view .LVU1480
 5099 0032 D4F88460 		ldr	r6, [r4, #132]
 5100              	.LVL509:
1577:Middlewares/Third_Party/LwIP/src/core/tcp.c ****         if (err == ERR_ABRT) {
 5101              		.loc 1 1577 9 is_stmt 0 view .LVU1481
 5102 0036 0EB3     		cbz	r6, .L470
1577:Middlewares/Third_Party/LwIP/src/core/tcp.c ****         if (err == ERR_ABRT) {
 5103              		.loc 1 1577 9 is_stmt 1 discriminator 1 view .LVU1482
 5104 0038 0023     		movs	r3, #0
 5105 003a 1A46     		mov	r2, r3
 5106 003c 2146     		mov	r1, r4
 5107 003e 2069     		ldr	r0, [r4, #16]
 5108 0040 B047     		blx	r6
 5109              	.LVL510:
ARM GAS  /tmp/ccwEre5k.s 			page 157


1577:Middlewares/Third_Party/LwIP/src/core/tcp.c ****         if (err == ERR_ABRT) {
 5110              		.loc 1 1577 9 discriminator 1 view .LVU1483
1578:Middlewares/Third_Party/LwIP/src/core/tcp.c ****           return ERR_ABRT;
 5111              		.loc 1 1578 9 discriminator 1 view .LVU1484
1578:Middlewares/Third_Party/LwIP/src/core/tcp.c ****           return ERR_ABRT;
 5112              		.loc 1 1578 12 is_stmt 0 discriminator 1 view .LVU1485
 5113 0042 10F10D0F 		cmn	r0, #13
 5114 0046 19D1     		bne	.L470
1579:Middlewares/Third_Party/LwIP/src/core/tcp.c ****         }
 5115              		.loc 1 1579 18 view .LVU1486
 5116 0048 0546     		mov	r5, r0
 5117 004a 17E0     		b	.L470
 5118              	.LVL511:
 5119              	.L477:
1579:Middlewares/Third_Party/LwIP/src/core/tcp.c ****         }
 5120              		.loc 1 1579 18 view .LVU1487
 5121              	.LBE25:
1545:Middlewares/Third_Party/LwIP/src/core/tcp.c **** 
 5122              		.loc 1 1545 3 is_stmt 1 discriminator 1 view .LVU1488
1545:Middlewares/Third_Party/LwIP/src/core/tcp.c **** 
 5123              		.loc 1 1545 3 discriminator 1 view .LVU1489
 5124 004c 0C4B     		ldr	r3, .L478
 5125 004e 40F20962 		movw	r2, #1545
 5126 0052 0C49     		ldr	r1, .L478+4
 5127 0054 0C48     		ldr	r0, .L478+8
 5128              	.LVL512:
1545:Middlewares/Third_Party/LwIP/src/core/tcp.c **** 
 5129              		.loc 1 1545 3 is_stmt 0 discriminator 1 view .LVU1490
 5130 0056 FFF7FEFF 		bl	printf
 5131              	.LVL513:
1545:Middlewares/Third_Party/LwIP/src/core/tcp.c **** 
 5132              		.loc 1 1545 3 is_stmt 1 discriminator 1 view .LVU1491
1545:Middlewares/Third_Party/LwIP/src/core/tcp.c **** 
 5133              		.loc 1 1545 3 discriminator 1 view .LVU1492
 5134 005a 6FF00F05 		mvn	r5, #15
 5135 005e 0DE0     		b	.L470
 5136              	.LVL514:
 5137              	.L471:
 5138              	.LBB26:
1564:Middlewares/Third_Party/LwIP/src/core/tcp.c ****     if (err == ERR_OK) {
 5139              		.loc 1 1564 5 discriminator 2 view .LVU1493
 5140 0060 0023     		movs	r3, #0
 5141 0062 3246     		mov	r2, r6
 5142 0064 0146     		mov	r1, r0
 5143 0066 1846     		mov	r0, r3
 5144              	.LVL515:
1564:Middlewares/Third_Party/LwIP/src/core/tcp.c ****     if (err == ERR_OK) {
 5145              		.loc 1 1564 5 is_stmt 0 discriminator 2 view .LVU1494
 5146 0068 FFF7FEFF 		bl	tcp_recv_null
 5147              	.LVL516:
 5148 006c 0546     		mov	r5, r0
 5149              	.LVL517:
1564:Middlewares/Third_Party/LwIP/src/core/tcp.c ****     if (err == ERR_OK) {
 5150              		.loc 1 1564 5 discriminator 2 view .LVU1495
 5151 006e D6E7     		b	.L472
 5152              	.L473:
1582:Middlewares/Third_Party/LwIP/src/core/tcp.c ****       /* if err == ERR_ABRT, 'pcb' is already deallocated */
ARM GAS  /tmp/ccwEre5k.s 			page 158


 5153              		.loc 1 1582 12 is_stmt 1 view .LVU1496
1582:Middlewares/Third_Party/LwIP/src/core/tcp.c ****       /* if err == ERR_ABRT, 'pcb' is already deallocated */
 5154              		.loc 1 1582 15 is_stmt 0 view .LVU1497
 5155 0070 15F10D0F 		cmn	r5, #13
 5156 0074 02D0     		beq	.L470
1595:Middlewares/Third_Party/LwIP/src/core/tcp.c ****       return ERR_INPROGRESS;
 5157              		.loc 1 1595 7 is_stmt 1 view .LVU1498
1595:Middlewares/Third_Party/LwIP/src/core/tcp.c ****       return ERR_INPROGRESS;
 5158              		.loc 1 1595 25 is_stmt 0 view .LVU1499
 5159 0076 A667     		str	r6, [r4, #120]
1596:Middlewares/Third_Party/LwIP/src/core/tcp.c ****     }
 5160              		.loc 1 1596 7 is_stmt 1 view .LVU1500
1596:Middlewares/Third_Party/LwIP/src/core/tcp.c ****     }
 5161              		.loc 1 1596 14 is_stmt 0 view .LVU1501
 5162 0078 6FF00405 		mvn	r5, #4
 5163              	.LVL518:
 5164              	.L470:
1596:Middlewares/Third_Party/LwIP/src/core/tcp.c ****     }
 5165              		.loc 1 1596 14 view .LVU1502
 5166              	.LBE26:
1600:Middlewares/Third_Party/LwIP/src/core/tcp.c **** 
 5167              		.loc 1 1600 1 view .LVU1503
 5168 007c 2846     		mov	r0, r5
 5169 007e F8BD     		pop	{r3, r4, r5, r6, r7, pc}
 5170              	.L479:
 5171              		.align	2
 5172              	.L478:
 5173 0080 00000000 		.word	.LC0
 5174 0084 00000000 		.word	.LC42
 5175 0088 54000000 		.word	.LC2
 5176              		.cfi_endproc
 5177              	.LFE190:
 5179              		.section	.text.tcp_fasttmr,"ax",%progbits
 5180              		.align	1
 5181              		.global	tcp_fasttmr
 5182              		.syntax unified
 5183              		.thumb
 5184              		.thumb_func
 5186              	tcp_fasttmr:
 5187              	.LFB188:
1480:Middlewares/Third_Party/LwIP/src/core/tcp.c ****   struct tcp_pcb *pcb;
 5188              		.loc 1 1480 1 is_stmt 1 view -0
 5189              		.cfi_startproc
 5190              		@ args = 0, pretend = 0, frame = 0
 5191              		@ frame_needed = 0, uses_anonymous_args = 0
 5192 0000 70B5     		push	{r4, r5, r6, lr}
 5193              	.LCFI55:
 5194              		.cfi_def_cfa_offset 16
 5195              		.cfi_offset 4, -16
 5196              		.cfi_offset 5, -12
 5197              		.cfi_offset 6, -8
 5198              		.cfi_offset 14, -4
1481:Middlewares/Third_Party/LwIP/src/core/tcp.c **** 
 5199              		.loc 1 1481 3 view .LVU1505
1483:Middlewares/Third_Party/LwIP/src/core/tcp.c **** 
 5200              		.loc 1 1483 3 view .LVU1506
 5201 0002 1C4A     		ldr	r2, .L492
ARM GAS  /tmp/ccwEre5k.s 			page 159


 5202 0004 1378     		ldrb	r3, [r2]	@ zero_extendqisi2
 5203 0006 0133     		adds	r3, r3, #1
 5204 0008 1370     		strb	r3, [r2]
 5205              	.L481:
1486:Middlewares/Third_Party/LwIP/src/core/tcp.c **** 
 5206              		.loc 1 1486 3 view .LVU1507
1486:Middlewares/Third_Party/LwIP/src/core/tcp.c **** 
 5207              		.loc 1 1486 7 is_stmt 0 view .LVU1508
 5208 000a 1B4B     		ldr	r3, .L492+4
 5209 000c 1C68     		ldr	r4, [r3]
 5210              	.LVL519:
1488:Middlewares/Third_Party/LwIP/src/core/tcp.c ****     if (pcb->last_timer != tcp_timer_ctr) {
 5211              		.loc 1 1488 3 is_stmt 1 view .LVU1509
1488:Middlewares/Third_Party/LwIP/src/core/tcp.c ****     if (pcb->last_timer != tcp_timer_ctr) {
 5212              		.loc 1 1488 9 is_stmt 0 view .LVU1510
 5213 000e 13E0     		b	.L482
 5214              	.L490:
 5215              	.LBB27:
1494:Middlewares/Third_Party/LwIP/src/core/tcp.c ****         tcp_ack_now(pcb);
 5216              		.loc 1 1494 63 is_stmt 1 view .LVU1511
1495:Middlewares/Third_Party/LwIP/src/core/tcp.c ****         tcp_output(pcb);
 5217              		.loc 1 1495 9 view .LVU1512
1495:Middlewares/Third_Party/LwIP/src/core/tcp.c ****         tcp_output(pcb);
 5218              		.loc 1 1495 9 view .LVU1513
 5219 0010 43F00203 		orr	r3, r3, #2
 5220 0014 6383     		strh	r3, [r4, #26]	@ movhi
1495:Middlewares/Third_Party/LwIP/src/core/tcp.c ****         tcp_output(pcb);
 5221              		.loc 1 1495 9 view .LVU1514
1496:Middlewares/Third_Party/LwIP/src/core/tcp.c ****         tcp_clear_flags(pcb, TF_ACK_DELAY | TF_ACK_NOW);
 5222              		.loc 1 1496 9 view .LVU1515
 5223 0016 2046     		mov	r0, r4
 5224 0018 FFF7FEFF 		bl	tcp_output
 5225              	.LVL520:
1497:Middlewares/Third_Party/LwIP/src/core/tcp.c ****       }
 5226              		.loc 1 1497 9 view .LVU1516
1497:Middlewares/Third_Party/LwIP/src/core/tcp.c ****       }
 5227              		.loc 1 1497 9 view .LVU1517
 5228 001c 638B     		ldrh	r3, [r4, #26]
 5229 001e 23F00303 		bic	r3, r3, #3
 5230 0022 6383     		strh	r3, [r4, #26]	@ movhi
 5231 0024 13E0     		b	.L484
 5232              	.L491:
1501:Middlewares/Third_Party/LwIP/src/core/tcp.c ****         tcp_clear_flags(pcb, TF_CLOSEPEND);
 5233              		.loc 1 1501 63 view .LVU1518
1502:Middlewares/Third_Party/LwIP/src/core/tcp.c ****         tcp_close_shutdown_fin(pcb);
 5234              		.loc 1 1502 9 view .LVU1519
1502:Middlewares/Third_Party/LwIP/src/core/tcp.c ****         tcp_close_shutdown_fin(pcb);
 5235              		.loc 1 1502 9 view .LVU1520
 5236 0026 23F00803 		bic	r3, r3, #8
 5237 002a 6383     		strh	r3, [r4, #26]	@ movhi
1502:Middlewares/Third_Party/LwIP/src/core/tcp.c ****         tcp_close_shutdown_fin(pcb);
 5238              		.loc 1 1502 9 view .LVU1521
1503:Middlewares/Third_Party/LwIP/src/core/tcp.c ****       }
 5239              		.loc 1 1503 9 view .LVU1522
 5240 002c 2046     		mov	r0, r4
 5241 002e FFF7FEFF 		bl	tcp_close_shutdown_fin
 5242              	.LVL521:
ARM GAS  /tmp/ccwEre5k.s 			page 160


 5243 0032 10E0     		b	.L485
 5244              	.L483:
1503:Middlewares/Third_Party/LwIP/src/core/tcp.c ****       }
 5245              		.loc 1 1503 9 is_stmt 0 view .LVU1523
 5246              	.LBE27:
1519:Middlewares/Third_Party/LwIP/src/core/tcp.c ****     }
 5247              		.loc 1 1519 7 is_stmt 1 view .LVU1524
1519:Middlewares/Third_Party/LwIP/src/core/tcp.c ****     }
 5248              		.loc 1 1519 11 is_stmt 0 view .LVU1525
 5249 0034 E568     		ldr	r5, [r4, #12]
 5250              	.LVL522:
 5251              	.L486:
1480:Middlewares/Third_Party/LwIP/src/core/tcp.c ****   struct tcp_pcb *pcb;
 5252              		.loc 1 1480 1 view .LVU1526
 5253 0036 2C46     		mov	r4, r5
 5254              	.L482:
 5255              	.LVL523:
1488:Middlewares/Third_Party/LwIP/src/core/tcp.c ****     if (pcb->last_timer != tcp_timer_ctr) {
 5256              		.loc 1 1488 14 is_stmt 1 view .LVU1527
 5257 0038 DCB1     		cbz	r4, .L489
1489:Middlewares/Third_Party/LwIP/src/core/tcp.c ****       struct tcp_pcb *next;
 5258              		.loc 1 1489 5 view .LVU1528
1489:Middlewares/Third_Party/LwIP/src/core/tcp.c ****       struct tcp_pcb *next;
 5259              		.loc 1 1489 12 is_stmt 0 view .LVU1529
 5260 003a A27F     		ldrb	r2, [r4, #30]	@ zero_extendqisi2
1489:Middlewares/Third_Party/LwIP/src/core/tcp.c ****       struct tcp_pcb *next;
 5261              		.loc 1 1489 25 view .LVU1530
 5262 003c 0D4B     		ldr	r3, .L492
 5263 003e 1B78     		ldrb	r3, [r3]	@ zero_extendqisi2
1489:Middlewares/Third_Party/LwIP/src/core/tcp.c ****       struct tcp_pcb *next;
 5264              		.loc 1 1489 8 view .LVU1531
 5265 0040 9A42     		cmp	r2, r3
 5266 0042 F7D0     		beq	.L483
 5267              	.LBB28:
1490:Middlewares/Third_Party/LwIP/src/core/tcp.c ****       pcb->last_timer = tcp_timer_ctr;
 5268              		.loc 1 1490 7 is_stmt 1 view .LVU1532
1491:Middlewares/Third_Party/LwIP/src/core/tcp.c ****       /* send delayed ACKs */
 5269              		.loc 1 1491 7 view .LVU1533
1491:Middlewares/Third_Party/LwIP/src/core/tcp.c ****       /* send delayed ACKs */
 5270              		.loc 1 1491 23 is_stmt 0 view .LVU1534
 5271 0044 A377     		strb	r3, [r4, #30]
1493:Middlewares/Third_Party/LwIP/src/core/tcp.c ****         LWIP_DEBUGF(TCP_DEBUG, ("tcp_fasttmr: delayed ACK\n"));
 5272              		.loc 1 1493 7 is_stmt 1 view .LVU1535
1493:Middlewares/Third_Party/LwIP/src/core/tcp.c ****         LWIP_DEBUGF(TCP_DEBUG, ("tcp_fasttmr: delayed ACK\n"));
 5273              		.loc 1 1493 14 is_stmt 0 view .LVU1536
 5274 0046 638B     		ldrh	r3, [r4, #26]
1493:Middlewares/Third_Party/LwIP/src/core/tcp.c ****         LWIP_DEBUGF(TCP_DEBUG, ("tcp_fasttmr: delayed ACK\n"));
 5275              		.loc 1 1493 10 view .LVU1537
 5276 0048 13F0010F 		tst	r3, #1
 5277 004c E0D1     		bne	.L490
 5278              	.L484:
1497:Middlewares/Third_Party/LwIP/src/core/tcp.c ****       }
 5279              		.loc 1 1497 9 is_stmt 1 discriminator 1 view .LVU1538
1500:Middlewares/Third_Party/LwIP/src/core/tcp.c ****         LWIP_DEBUGF(TCP_DEBUG, ("tcp_fasttmr: pending FIN\n"));
 5280              		.loc 1 1500 7 discriminator 1 view .LVU1539
1500:Middlewares/Third_Party/LwIP/src/core/tcp.c ****         LWIP_DEBUGF(TCP_DEBUG, ("tcp_fasttmr: pending FIN\n"));
 5281              		.loc 1 1500 14 is_stmt 0 discriminator 1 view .LVU1540
ARM GAS  /tmp/ccwEre5k.s 			page 161


 5282 004e 638B     		ldrh	r3, [r4, #26]
1500:Middlewares/Third_Party/LwIP/src/core/tcp.c ****         LWIP_DEBUGF(TCP_DEBUG, ("tcp_fasttmr: pending FIN\n"));
 5283              		.loc 1 1500 10 discriminator 1 view .LVU1541
 5284 0050 13F0080F 		tst	r3, #8
 5285 0054 E7D1     		bne	.L491
 5286              	.L485:
1506:Middlewares/Third_Party/LwIP/src/core/tcp.c **** 
 5287              		.loc 1 1506 7 is_stmt 1 view .LVU1542
1506:Middlewares/Third_Party/LwIP/src/core/tcp.c **** 
 5288              		.loc 1 1506 12 is_stmt 0 view .LVU1543
 5289 0056 E568     		ldr	r5, [r4, #12]
 5290              	.LVL524:
1509:Middlewares/Third_Party/LwIP/src/core/tcp.c ****         tcp_active_pcbs_changed = 0;
 5291              		.loc 1 1509 7 is_stmt 1 view .LVU1544
1509:Middlewares/Third_Party/LwIP/src/core/tcp.c ****         tcp_active_pcbs_changed = 0;
 5292              		.loc 1 1509 14 is_stmt 0 view .LVU1545
 5293 0058 A36F     		ldr	r3, [r4, #120]
1509:Middlewares/Third_Party/LwIP/src/core/tcp.c ****         tcp_active_pcbs_changed = 0;
 5294              		.loc 1 1509 10 view .LVU1546
 5295 005a 002B     		cmp	r3, #0
 5296 005c EBD0     		beq	.L486
1510:Middlewares/Third_Party/LwIP/src/core/tcp.c ****         tcp_process_refused_data(pcb);
 5297              		.loc 1 1510 9 is_stmt 1 view .LVU1547
1510:Middlewares/Third_Party/LwIP/src/core/tcp.c ****         tcp_process_refused_data(pcb);
 5298              		.loc 1 1510 33 is_stmt 0 view .LVU1548
 5299 005e 074E     		ldr	r6, .L492+8
 5300 0060 0023     		movs	r3, #0
 5301 0062 3370     		strb	r3, [r6]
1511:Middlewares/Third_Party/LwIP/src/core/tcp.c ****         if (tcp_active_pcbs_changed) {
 5302              		.loc 1 1511 9 is_stmt 1 view .LVU1549
 5303 0064 2046     		mov	r0, r4
 5304 0066 FFF7FEFF 		bl	tcp_process_refused_data
 5305              	.LVL525:
1512:Middlewares/Third_Party/LwIP/src/core/tcp.c ****           /* application callback has changed the pcb list: restart the loop */
 5306              		.loc 1 1512 9 view .LVU1550
1512:Middlewares/Third_Party/LwIP/src/core/tcp.c ****           /* application callback has changed the pcb list: restart the loop */
 5307              		.loc 1 1512 13 is_stmt 0 view .LVU1551
 5308 006a 3378     		ldrb	r3, [r6]	@ zero_extendqisi2
1512:Middlewares/Third_Party/LwIP/src/core/tcp.c ****           /* application callback has changed the pcb list: restart the loop */
 5309              		.loc 1 1512 12 view .LVU1552
 5310 006c 002B     		cmp	r3, #0
 5311 006e E2D0     		beq	.L486
 5312 0070 CBE7     		b	.L481
 5313              	.LVL526:
 5314              	.L489:
1512:Middlewares/Third_Party/LwIP/src/core/tcp.c ****           /* application callback has changed the pcb list: restart the loop */
 5315              		.loc 1 1512 12 view .LVU1553
 5316              	.LBE28:
1522:Middlewares/Third_Party/LwIP/src/core/tcp.c **** 
 5317              		.loc 1 1522 1 view .LVU1554
 5318 0072 70BD     		pop	{r4, r5, r6, pc}
 5319              	.LVL527:
 5320              	.L493:
1522:Middlewares/Third_Party/LwIP/src/core/tcp.c **** 
 5321              		.loc 1 1522 1 view .LVU1555
 5322              		.align	2
 5323              	.L492:
ARM GAS  /tmp/ccwEre5k.s 			page 162


 5324 0074 00000000 		.word	tcp_timer_ctr
 5325 0078 00000000 		.word	tcp_active_pcbs
 5326 007c 00000000 		.word	tcp_active_pcbs_changed
 5327              		.cfi_endproc
 5328              	.LFE188:
 5330              		.section	.rodata.tcp_shutdown.str1.4,"aMS",%progbits,1
 5331              		.align	2
 5332              	.LC43:
 5333 0000 7463705F 		.ascii	"tcp_shutdown: invalid pcb\000"
 5333      73687574 
 5333      646F776E 
 5333      3A20696E 
 5333      76616C69 
 5334              		.section	.text.tcp_shutdown,"ax",%progbits
 5335              		.align	1
 5336              		.global	tcp_shutdown
 5337              		.syntax unified
 5338              		.thumb
 5339              		.thumb_func
 5341              	tcp_shutdown:
 5342              	.LVL528:
 5343              	.LFB175:
 516:Middlewares/Third_Party/LwIP/src/core/tcp.c ****   LWIP_ASSERT_CORE_LOCKED();
 5344              		.loc 1 516 1 is_stmt 1 view -0
 5345              		.cfi_startproc
 5346              		@ args = 0, pretend = 0, frame = 0
 5347              		@ frame_needed = 0, uses_anonymous_args = 0
 516:Middlewares/Third_Party/LwIP/src/core/tcp.c ****   LWIP_ASSERT_CORE_LOCKED();
 5348              		.loc 1 516 1 is_stmt 0 view .LVU1557
 5349 0000 70B5     		push	{r4, r5, r6, lr}
 5350              	.LCFI56:
 5351              		.cfi_def_cfa_offset 16
 5352              		.cfi_offset 4, -16
 5353              		.cfi_offset 5, -12
 5354              		.cfi_offset 6, -8
 5355              		.cfi_offset 14, -4
 517:Middlewares/Third_Party/LwIP/src/core/tcp.c **** 
 5356              		.loc 1 517 28 is_stmt 1 view .LVU1558
 519:Middlewares/Third_Party/LwIP/src/core/tcp.c **** 
 5357              		.loc 1 519 3 view .LVU1559
 519:Middlewares/Third_Party/LwIP/src/core/tcp.c **** 
 5358              		.loc 1 519 3 view .LVU1560
 5359 0002 D0B1     		cbz	r0, .L505
 5360 0004 0D46     		mov	r5, r1
 5361 0006 1646     		mov	r6, r2
 5362 0008 0446     		mov	r4, r0
 519:Middlewares/Third_Party/LwIP/src/core/tcp.c **** 
 5363              		.loc 1 519 3 discriminator 2 view .LVU1561
 521:Middlewares/Third_Party/LwIP/src/core/tcp.c ****     return ERR_CONN;
 5364              		.loc 1 521 3 discriminator 2 view .LVU1562
 521:Middlewares/Third_Party/LwIP/src/core/tcp.c ****     return ERR_CONN;
 5365              		.loc 1 521 10 is_stmt 0 discriminator 2 view .LVU1563
 5366 000a 037D     		ldrb	r3, [r0, #20]	@ zero_extendqisi2
 521:Middlewares/Third_Party/LwIP/src/core/tcp.c ****     return ERR_CONN;
 5367              		.loc 1 521 6 discriminator 2 view .LVU1564
 5368 000c 012B     		cmp	r3, #1
 5369 000e 29D0     		beq	.L501
ARM GAS  /tmp/ccwEre5k.s 			page 163


 524:Middlewares/Third_Party/LwIP/src/core/tcp.c ****     /* shut down the receive side: set a flag not to receive any more data... */
 5370              		.loc 1 524 3 is_stmt 1 view .LVU1565
 524:Middlewares/Third_Party/LwIP/src/core/tcp.c ****     /* shut down the receive side: set a flag not to receive any more data... */
 5371              		.loc 1 524 6 is_stmt 0 view .LVU1566
 5372 0010 51B1     		cbz	r1, .L497
 526:Middlewares/Third_Party/LwIP/src/core/tcp.c ****     if (shut_tx) {
 5373              		.loc 1 526 5 is_stmt 1 view .LVU1567
 526:Middlewares/Third_Party/LwIP/src/core/tcp.c ****     if (shut_tx) {
 5374              		.loc 1 526 5 view .LVU1568
 5375 0012 438B     		ldrh	r3, [r0, #26]
 5376 0014 43F01003 		orr	r3, r3, #16
 5377 0018 4383     		strh	r3, [r0, #26]	@ movhi
 526:Middlewares/Third_Party/LwIP/src/core/tcp.c ****     if (shut_tx) {
 5378              		.loc 1 526 5 view .LVU1569
 527:Middlewares/Third_Party/LwIP/src/core/tcp.c ****       /* shutting down the tx AND rx side is the same as closing for the raw API */
 5379              		.loc 1 527 5 view .LVU1570
 527:Middlewares/Third_Party/LwIP/src/core/tcp.c ****       /* shutting down the tx AND rx side is the same as closing for the raw API */
 5380              		.loc 1 527 8 is_stmt 0 view .LVU1571
 5381 001a C2B9     		cbnz	r2, .L506
 532:Middlewares/Third_Party/LwIP/src/core/tcp.c ****       pbuf_free(pcb->refused_data);
 5382              		.loc 1 532 5 is_stmt 1 view .LVU1572
 532:Middlewares/Third_Party/LwIP/src/core/tcp.c ****       pbuf_free(pcb->refused_data);
 5383              		.loc 1 532 12 is_stmt 0 view .LVU1573
 5384 001c 806F     		ldr	r0, [r0, #120]
 5385              	.LVL529:
 532:Middlewares/Third_Party/LwIP/src/core/tcp.c ****       pbuf_free(pcb->refused_data);
 5386              		.loc 1 532 8 view .LVU1574
 5387 001e 18B1     		cbz	r0, .L497
 533:Middlewares/Third_Party/LwIP/src/core/tcp.c ****       pcb->refused_data = NULL;
 5388              		.loc 1 533 7 is_stmt 1 view .LVU1575
 5389 0020 FFF7FEFF 		bl	pbuf_free
 5390              	.LVL530:
 534:Middlewares/Third_Party/LwIP/src/core/tcp.c ****     }
 5391              		.loc 1 534 7 view .LVU1576
 534:Middlewares/Third_Party/LwIP/src/core/tcp.c ****     }
 5392              		.loc 1 534 25 is_stmt 0 view .LVU1577
 5393 0024 0023     		movs	r3, #0
 5394 0026 A367     		str	r3, [r4, #120]
 5395              	.L497:
 537:Middlewares/Third_Party/LwIP/src/core/tcp.c ****     /* This can't happen twice since if it succeeds, the pcb's state is changed.
 5396              		.loc 1 537 3 is_stmt 1 view .LVU1578
 537:Middlewares/Third_Party/LwIP/src/core/tcp.c ****     /* This can't happen twice since if it succeeds, the pcb's state is changed.
 5397              		.loc 1 537 6 is_stmt 0 view .LVU1579
 5398 0028 FEB1     		cbz	r6, .L502
 540:Middlewares/Third_Party/LwIP/src/core/tcp.c ****       case SYN_RCVD:
 5399              		.loc 1 540 5 is_stmt 1 view .LVU1580
 540:Middlewares/Third_Party/LwIP/src/core/tcp.c ****       case SYN_RCVD:
 5400              		.loc 1 540 16 is_stmt 0 view .LVU1581
 5401 002a 237D     		ldrb	r3, [r4, #20]	@ zero_extendqisi2
 540:Middlewares/Third_Party/LwIP/src/core/tcp.c ****       case SYN_RCVD:
 5402              		.loc 1 540 5 view .LVU1582
 5403 002c 042B     		cmp	r3, #4
 5404 002e 12D8     		bhi	.L499
 5405 0030 032B     		cmp	r3, #3
 5406 0032 12D2     		bcs	.L500
 5407 0034 6FF00A00 		mvn	r0, #10
 5408 0038 18E0     		b	.L496
ARM GAS  /tmp/ccwEre5k.s 			page 164


 5409              	.LVL531:
 5410              	.L505:
 519:Middlewares/Third_Party/LwIP/src/core/tcp.c **** 
 5411              		.loc 1 519 3 is_stmt 1 discriminator 1 view .LVU1583
 519:Middlewares/Third_Party/LwIP/src/core/tcp.c **** 
 5412              		.loc 1 519 3 discriminator 1 view .LVU1584
 5413 003a 0E4B     		ldr	r3, .L507
 5414 003c 40F20722 		movw	r2, #519
 5415              	.LVL532:
 519:Middlewares/Third_Party/LwIP/src/core/tcp.c **** 
 5416              		.loc 1 519 3 is_stmt 0 discriminator 1 view .LVU1585
 5417 0040 0D49     		ldr	r1, .L507+4
 5418              	.LVL533:
 519:Middlewares/Third_Party/LwIP/src/core/tcp.c **** 
 5419              		.loc 1 519 3 discriminator 1 view .LVU1586
 5420 0042 0E48     		ldr	r0, .L507+8
 5421              	.LVL534:
 519:Middlewares/Third_Party/LwIP/src/core/tcp.c **** 
 5422              		.loc 1 519 3 discriminator 1 view .LVU1587
 5423 0044 FFF7FEFF 		bl	printf
 5424              	.LVL535:
 519:Middlewares/Third_Party/LwIP/src/core/tcp.c **** 
 5425              		.loc 1 519 3 is_stmt 1 discriminator 1 view .LVU1588
 519:Middlewares/Third_Party/LwIP/src/core/tcp.c **** 
 5426              		.loc 1 519 3 discriminator 1 view .LVU1589
 5427 0048 6FF00F00 		mvn	r0, #15
 5428 004c 0EE0     		b	.L496
 5429              	.LVL536:
 5430              	.L506:
 529:Middlewares/Third_Party/LwIP/src/core/tcp.c ****     }
 5431              		.loc 1 529 7 view .LVU1590
 529:Middlewares/Third_Party/LwIP/src/core/tcp.c ****     }
 5432              		.loc 1 529 14 is_stmt 0 view .LVU1591
 5433 004e 0121     		movs	r1, #1
 5434              	.LVL537:
 529:Middlewares/Third_Party/LwIP/src/core/tcp.c ****     }
 5435              		.loc 1 529 14 view .LVU1592
 5436 0050 FFF7FEFF 		bl	tcp_close_shutdown
 5437              	.LVL538:
 529:Middlewares/Third_Party/LwIP/src/core/tcp.c ****     }
 5438              		.loc 1 529 14 view .LVU1593
 5439 0054 0AE0     		b	.L496
 5440              	.L499:
 540:Middlewares/Third_Party/LwIP/src/core/tcp.c ****       case SYN_RCVD:
 5441              		.loc 1 540 5 view .LVU1594
 5442 0056 072B     		cmp	r3, #7
 5443 0058 09D1     		bne	.L503
 5444              	.L500:
 544:Middlewares/Third_Party/LwIP/src/core/tcp.c ****       default:
 5445              		.loc 1 544 9 is_stmt 1 view .LVU1595
 544:Middlewares/Third_Party/LwIP/src/core/tcp.c ****       default:
 5446              		.loc 1 544 16 is_stmt 0 view .LVU1596
 5447 005a E9B2     		uxtb	r1, r5
 5448 005c 2046     		mov	r0, r4
 5449 005e FFF7FEFF 		bl	tcp_close_shutdown
 5450              	.LVL539:
 5451 0062 03E0     		b	.L496
ARM GAS  /tmp/ccwEre5k.s 			page 165


 5452              	.LVL540:
 5453              	.L501:
 522:Middlewares/Third_Party/LwIP/src/core/tcp.c ****   }
 5454              		.loc 1 522 12 view .LVU1597
 5455 0064 6FF00A00 		mvn	r0, #10
 5456              	.LVL541:
 522:Middlewares/Third_Party/LwIP/src/core/tcp.c ****   }
 5457              		.loc 1 522 12 view .LVU1598
 5458 0068 00E0     		b	.L496
 5459              	.LVL542:
 5460              	.L502:
 551:Middlewares/Third_Party/LwIP/src/core/tcp.c **** }
 5461              		.loc 1 551 10 view .LVU1599
 5462 006a 0020     		movs	r0, #0
 5463              	.LVL543:
 5464              	.L496:
 552:Middlewares/Third_Party/LwIP/src/core/tcp.c **** 
 5465              		.loc 1 552 1 view .LVU1600
 5466 006c 70BD     		pop	{r4, r5, r6, pc}
 5467              	.LVL544:
 5468              	.L503:
 540:Middlewares/Third_Party/LwIP/src/core/tcp.c ****       case SYN_RCVD:
 5469              		.loc 1 540 5 view .LVU1601
 5470 006e 6FF00A00 		mvn	r0, #10
 5471 0072 FBE7     		b	.L496
 5472              	.L508:
 5473              		.align	2
 5474              	.L507:
 5475 0074 00000000 		.word	.LC0
 5476 0078 00000000 		.word	.LC43
 5477 007c 54000000 		.word	.LC2
 5478              		.cfi_endproc
 5479              	.LFE175:
 5481              		.section	.rodata.tcp_slowtmr.str1.4,"aMS",%progbits,1
 5482              		.align	2
 5483              	.LC44:
 5484 0000 7463705F 		.ascii	"tcp_slowtmr: active pcb->state != CLOSED\012\000"
 5484      736C6F77 
 5484      746D723A 
 5484      20616374 
 5484      69766520 
 5485 002a 0000     		.align	2
 5486              	.LC45:
 5487 002c 7463705F 		.ascii	"tcp_slowtmr: active pcb->state != LISTEN\012\000"
 5487      736C6F77 
 5487      746D723A 
 5487      20616374 
 5487      69766520 
 5488 0056 0000     		.align	2
 5489              	.LC46:
 5490 0058 7463705F 		.ascii	"tcp_slowtmr: active pcb->state != TIME-WAIT\012\000"
 5490      736C6F77 
 5490      746D723A 
 5490      20616374 
 5490      69766520 
 5491 0085 000000   		.align	2
 5492              	.LC47:
ARM GAS  /tmp/ccwEre5k.s 			page 166


 5493 0088 7463705F 		.ascii	"tcp_slowtimr: persist ticking with in-flight data\000"
 5493      736C6F77 
 5493      74696D72 
 5493      3A207065 
 5493      72736973 
 5494 00ba 0000     		.align	2
 5495              	.LC48:
 5496 00bc 7463705F 		.ascii	"tcp_slowtimr: persist ticking with empty send buffe"
 5496      736C6F77 
 5496      74696D72 
 5496      3A207065 
 5496      72736973 
 5497 00ef 7200     		.ascii	"r\000"
 5498 00f1 000000   		.align	2
 5499              	.LC49:
 5500 00f4 7463705F 		.ascii	"tcp_slowtmr: middle tcp != tcp_active_pcbs\000"
 5500      736C6F77 
 5500      746D723A 
 5500      206D6964 
 5500      646C6520 
 5501 011f 00       		.align	2
 5502              	.LC50:
 5503 0120 7463705F 		.ascii	"tcp_slowtmr: first pcb == tcp_active_pcbs\000"
 5503      736C6F77 
 5503      746D723A 
 5503      20666972 
 5503      73742070 
 5504 014a 0000     		.align	2
 5505              	.LC51:
 5506 014c 7463705F 		.ascii	"tcp_slowtmr: TIME-WAIT pcb->state == TIME-WAIT\000"
 5506      736C6F77 
 5506      746D723A 
 5506      2054494D 
 5506      452D5741 
 5507 017b 00       		.align	2
 5508              	.LC52:
 5509 017c 7463705F 		.ascii	"tcp_slowtmr: middle tcp != tcp_tw_pcbs\000"
 5509      736C6F77 
 5509      746D723A 
 5509      206D6964 
 5509      646C6520 
 5510 01a3 00       		.align	2
 5511              	.LC53:
 5512 01a4 7463705F 		.ascii	"tcp_slowtmr: first pcb == tcp_tw_pcbs\000"
 5512      736C6F77 
 5512      746D723A 
 5512      20666972 
 5512      73742070 
 5513              		.section	.text.tcp_slowtmr,"ax",%progbits
 5514              		.align	1
 5515              		.global	tcp_slowtmr
 5516              		.syntax unified
 5517              		.thumb
 5518              		.thumb_func
 5520              	tcp_slowtmr:
 5521              	.LFB187:
1193:Middlewares/Third_Party/LwIP/src/core/tcp.c ****   struct tcp_pcb *pcb, *prev;
ARM GAS  /tmp/ccwEre5k.s 			page 167


 5522              		.loc 1 1193 1 is_stmt 1 view -0
 5523              		.cfi_startproc
 5524              		@ args = 0, pretend = 0, frame = 0
 5525              		@ frame_needed = 0, uses_anonymous_args = 0
 5526 0000 2DE9F041 		push	{r4, r5, r6, r7, r8, lr}
 5527              	.LCFI57:
 5528              		.cfi_def_cfa_offset 24
 5529              		.cfi_offset 4, -24
 5530              		.cfi_offset 5, -20
 5531              		.cfi_offset 6, -16
 5532              		.cfi_offset 7, -12
 5533              		.cfi_offset 8, -8
 5534              		.cfi_offset 14, -4
 5535 0004 84B0     		sub	sp, sp, #16
 5536              	.LCFI58:
 5537              		.cfi_def_cfa_offset 40
1194:Middlewares/Third_Party/LwIP/src/core/tcp.c ****   tcpwnd_size_t eff_wnd;
 5538              		.loc 1 1194 3 view .LVU1603
1195:Middlewares/Third_Party/LwIP/src/core/tcp.c ****   u8_t pcb_remove;      /* flag if a PCB should be removed */
 5539              		.loc 1 1195 3 view .LVU1604
1196:Middlewares/Third_Party/LwIP/src/core/tcp.c ****   u8_t pcb_reset;       /* flag if a RST should be sent when removing */
 5540              		.loc 1 1196 3 view .LVU1605
1197:Middlewares/Third_Party/LwIP/src/core/tcp.c ****   err_t err;
 5541              		.loc 1 1197 3 view .LVU1606
1198:Middlewares/Third_Party/LwIP/src/core/tcp.c **** 
 5542              		.loc 1 1198 3 view .LVU1607
1200:Middlewares/Third_Party/LwIP/src/core/tcp.c **** 
 5543              		.loc 1 1200 3 view .LVU1608
 5544              	.LVL545:
1202:Middlewares/Third_Party/LwIP/src/core/tcp.c ****   ++tcp_timer_ctr;
 5545              		.loc 1 1202 3 view .LVU1609
 5546 0006 994A     		ldr	r2, .L593
 5547 0008 1368     		ldr	r3, [r2]
 5548 000a 0133     		adds	r3, r3, #1
 5549 000c 1360     		str	r3, [r2]
1203:Middlewares/Third_Party/LwIP/src/core/tcp.c **** 
 5550              		.loc 1 1203 3 view .LVU1610
 5551 000e 984A     		ldr	r2, .L593+4
 5552 0010 1378     		ldrb	r3, [r2]	@ zero_extendqisi2
 5553 0012 0133     		adds	r3, r3, #1
 5554 0014 1370     		strb	r3, [r2]
 5555              	.L511:
 5556              	.LVL546:
 5557              	.L510:
1207:Middlewares/Third_Party/LwIP/src/core/tcp.c ****   pcb = tcp_active_pcbs;
 5558              		.loc 1 1207 3 view .LVU1611
1208:Middlewares/Third_Party/LwIP/src/core/tcp.c ****   if (pcb == NULL) {
 5559              		.loc 1 1208 3 view .LVU1612
1208:Middlewares/Third_Party/LwIP/src/core/tcp.c ****   if (pcb == NULL) {
 5560              		.loc 1 1208 7 is_stmt 0 view .LVU1613
 5561 0016 974B     		ldr	r3, .L593+8
 5562 0018 1C68     		ldr	r4, [r3]
 5563              	.LVL547:
1209:Middlewares/Third_Party/LwIP/src/core/tcp.c ****     LWIP_DEBUGF(TCP_DEBUG, ("tcp_slowtmr: no active pcbs\n"));
 5564              		.loc 1 1209 3 is_stmt 1 view .LVU1614
1210:Middlewares/Third_Party/LwIP/src/core/tcp.c ****   }
 5565              		.loc 1 1210 62 view .LVU1615
ARM GAS  /tmp/ccwEre5k.s 			page 168


1212:Middlewares/Third_Party/LwIP/src/core/tcp.c ****     LWIP_DEBUGF(TCP_DEBUG, ("tcp_slowtmr: processing active pcb\n"));
 5566              		.loc 1 1212 3 view .LVU1616
1207:Middlewares/Third_Party/LwIP/src/core/tcp.c ****   pcb = tcp_active_pcbs;
 5567              		.loc 1 1207 8 is_stmt 0 view .LVU1617
 5568 001a 0025     		movs	r5, #0
1212:Middlewares/Third_Party/LwIP/src/core/tcp.c ****     LWIP_DEBUGF(TCP_DEBUG, ("tcp_slowtmr: processing active pcb\n"));
 5569              		.loc 1 1212 9 view .LVU1618
 5570 001c 93E1     		b	.L512
 5571              	.LVL548:
 5572              	.L583:
1214:Middlewares/Third_Party/LwIP/src/core/tcp.c ****     LWIP_ASSERT("tcp_slowtmr: active pcb->state != LISTEN\n", pcb->state != LISTEN);
 5573              		.loc 1 1214 5 is_stmt 1 discriminator 1 view .LVU1619
1214:Middlewares/Third_Party/LwIP/src/core/tcp.c ****     LWIP_ASSERT("tcp_slowtmr: active pcb->state != LISTEN\n", pcb->state != LISTEN);
 5574              		.loc 1 1214 5 discriminator 1 view .LVU1620
 5575 001e 964B     		ldr	r3, .L593+12
 5576 0020 40F2BE42 		movw	r2, #1214
 5577 0024 9549     		ldr	r1, .L593+16
 5578 0026 9648     		ldr	r0, .L593+20
 5579 0028 FFF7FEFF 		bl	printf
 5580              	.LVL549:
 5581 002c 91E1     		b	.L513
 5582              	.L584:
1215:Middlewares/Third_Party/LwIP/src/core/tcp.c ****     LWIP_ASSERT("tcp_slowtmr: active pcb->state != TIME-WAIT\n", pcb->state != TIME_WAIT);
 5583              		.loc 1 1215 5 discriminator 1 view .LVU1621
1215:Middlewares/Third_Party/LwIP/src/core/tcp.c ****     LWIP_ASSERT("tcp_slowtmr: active pcb->state != TIME-WAIT\n", pcb->state != TIME_WAIT);
 5584              		.loc 1 1215 5 discriminator 1 view .LVU1622
 5585 002e 924B     		ldr	r3, .L593+12
 5586 0030 40F2BF42 		movw	r2, #1215
 5587 0034 9349     		ldr	r1, .L593+24
 5588 0036 9248     		ldr	r0, .L593+20
 5589 0038 FFF7FEFF 		bl	printf
 5590              	.LVL550:
 5591 003c 8DE1     		b	.L514
 5592              	.L585:
1216:Middlewares/Third_Party/LwIP/src/core/tcp.c ****     if (pcb->last_timer == tcp_timer_ctr) {
 5593              		.loc 1 1216 5 discriminator 1 view .LVU1623
1216:Middlewares/Third_Party/LwIP/src/core/tcp.c ****     if (pcb->last_timer == tcp_timer_ctr) {
 5594              		.loc 1 1216 5 discriminator 1 view .LVU1624
 5595 003e 8E4B     		ldr	r3, .L593+12
 5596 0040 4FF49862 		mov	r2, #1216
 5597 0044 9049     		ldr	r1, .L593+28
 5598 0046 8E48     		ldr	r0, .L593+20
 5599 0048 FFF7FEFF 		bl	printf
 5600              	.LVL551:
 5601 004c 89E1     		b	.L515
 5602              	.L586:
1219:Middlewares/Third_Party/LwIP/src/core/tcp.c ****       pcb = pcb->next;
 5603              		.loc 1 1219 7 discriminator 1 view .LVU1625
 5604              	.LVL552:
1220:Middlewares/Third_Party/LwIP/src/core/tcp.c ****       continue;
 5605              		.loc 1 1220 7 discriminator 1 view .LVU1626
1221:Middlewares/Third_Party/LwIP/src/core/tcp.c ****     }
 5606              		.loc 1 1221 7 discriminator 1 view .LVU1627
1219:Middlewares/Third_Party/LwIP/src/core/tcp.c ****       pcb = pcb->next;
 5607              		.loc 1 1219 12 is_stmt 0 discriminator 1 view .LVU1628
 5608 004e 2546     		mov	r5, r4
1220:Middlewares/Third_Party/LwIP/src/core/tcp.c ****       continue;
ARM GAS  /tmp/ccwEre5k.s 			page 169


 5609              		.loc 1 1220 11 discriminator 1 view .LVU1629
 5610 0050 E468     		ldr	r4, [r4, #12]
 5611              	.LVL553:
1221:Middlewares/Third_Party/LwIP/src/core/tcp.c ****     }
 5612              		.loc 1 1221 7 discriminator 1 view .LVU1630
 5613 0052 78E1     		b	.L512
 5614              	.LVL554:
 5615              	.L587:
1228:Middlewares/Third_Party/LwIP/src/core/tcp.c ****       ++pcb_remove;
 5616              		.loc 1 1228 38 discriminator 1 view .LVU1631
 5617 0054 94F84230 		ldrb	r3, [r4, #66]	@ zero_extendqisi2
1228:Middlewares/Third_Party/LwIP/src/core/tcp.c ****       ++pcb_remove;
 5618              		.loc 1 1228 32 discriminator 1 view .LVU1632
 5619 0058 052B     		cmp	r3, #5
 5620 005a 40F28D81 		bls	.L518
1229:Middlewares/Third_Party/LwIP/src/core/tcp.c ****       LWIP_DEBUGF(TCP_DEBUG, ("tcp_slowtmr: max SYN retries reached\n"));
 5621              		.loc 1 1229 7 view .LVU1633
 5622 005e 0126     		movs	r6, #1
 5623 0060 6EE0     		b	.L519
 5624              	.L588:
1237:Middlewares/Third_Party/LwIP/src/core/tcp.c ****         if (pcb->persist_probe >= TCP_MAXRTX) {
 5625              		.loc 1 1237 9 is_stmt 1 discriminator 1 view .LVU1634
1237:Middlewares/Third_Party/LwIP/src/core/tcp.c ****         if (pcb->persist_probe >= TCP_MAXRTX) {
 5626              		.loc 1 1237 9 discriminator 1 view .LVU1635
 5627 0062 854B     		ldr	r3, .L593+12
 5628 0064 40F2D542 		movw	r2, #1237
 5629 0068 8849     		ldr	r1, .L593+32
 5630 006a 8548     		ldr	r0, .L593+20
 5631 006c FFF7FEFF 		bl	printf
 5632              	.LVL555:
 5633 0070 99E1     		b	.L522
 5634              	.LVL556:
 5635              	.L524:
 5636              	.LBB29:
 5637              	.LBB30:
1254:Middlewares/Third_Party/LwIP/src/core/tcp.c ****                 if (tcp_output(pcb) == ERR_OK) {
 5638              		.loc 1 1254 15 view .LVU1636
1254:Middlewares/Third_Party/LwIP/src/core/tcp.c ****                 if (tcp_output(pcb) == ERR_OK) {
 5639              		.loc 1 1254 19 is_stmt 0 view .LVU1637
 5640 0072 2046     		mov	r0, r4
 5641 0074 FFF7FEFF 		bl	tcp_split_unsent_seg
 5642              	.LVL557:
1254:Middlewares/Third_Party/LwIP/src/core/tcp.c ****                 if (tcp_output(pcb) == ERR_OK) {
 5643              		.loc 1 1254 18 view .LVU1638
 5644 0078 58B1     		cbz	r0, .L572
 5645              	.L525:
 5646              	.LVL558:
1262:Middlewares/Third_Party/LwIP/src/core/tcp.c ****               if (pcb->persist_backoff < sizeof(tcp_persist_backoff)) {
 5647              		.loc 1 1262 15 is_stmt 1 view .LVU1639
1262:Middlewares/Third_Party/LwIP/src/core/tcp.c ****               if (pcb->persist_backoff < sizeof(tcp_persist_backoff)) {
 5648              		.loc 1 1262 32 is_stmt 0 view .LVU1640
 5649 007a 0023     		movs	r3, #0
 5650 007c 84F89830 		strb	r3, [r4, #152]
1263:Middlewares/Third_Party/LwIP/src/core/tcp.c ****                 pcb->persist_backoff++;
 5651              		.loc 1 1263 15 is_stmt 1 view .LVU1641
1263:Middlewares/Third_Party/LwIP/src/core/tcp.c ****                 pcb->persist_backoff++;
 5652              		.loc 1 1263 22 is_stmt 0 view .LVU1642
ARM GAS  /tmp/ccwEre5k.s 			page 170


 5653 0080 94F89930 		ldrb	r3, [r4, #153]	@ zero_extendqisi2
1263:Middlewares/Third_Party/LwIP/src/core/tcp.c ****                 pcb->persist_backoff++;
 5654              		.loc 1 1263 18 view .LVU1643
 5655 0084 062B     		cmp	r3, #6
 5656 0086 7CD8     		bhi	.L562
1264:Middlewares/Third_Party/LwIP/src/core/tcp.c ****               }
 5657              		.loc 1 1264 17 is_stmt 1 view .LVU1644
1264:Middlewares/Third_Party/LwIP/src/core/tcp.c ****               }
 5658              		.loc 1 1264 37 is_stmt 0 view .LVU1645
 5659 0088 0133     		adds	r3, r3, #1
 5660 008a 84F89930 		strb	r3, [r4, #153]
 5661              	.LBE30:
 5662              	.LBE29:
1225:Middlewares/Third_Party/LwIP/src/core/tcp.c ****     pcb_reset = 0;
 5663              		.loc 1 1225 16 view .LVU1646
 5664 008e 0026     		movs	r6, #0
 5665 0090 56E0     		b	.L519
 5666              	.LVL559:
 5667              	.L572:
 5668              	.LBB33:
 5669              	.LBB31:
1255:Middlewares/Third_Party/LwIP/src/core/tcp.c ****                   /* sending will cancel persist timer, else retry with current slot */
 5670              		.loc 1 1255 17 is_stmt 1 view .LVU1647
1255:Middlewares/Third_Party/LwIP/src/core/tcp.c ****                   /* sending will cancel persist timer, else retry with current slot */
 5671              		.loc 1 1255 21 is_stmt 0 view .LVU1648
 5672 0092 2046     		mov	r0, r4
 5673 0094 FFF7FEFF 		bl	tcp_output
 5674              	.LVL560:
1255:Middlewares/Third_Party/LwIP/src/core/tcp.c ****                   /* sending will cancel persist timer, else retry with current slot */
 5675              		.loc 1 1255 20 view .LVU1649
 5676 0098 0028     		cmp	r0, #0
 5677 009a EED1     		bne	.L525
 5678              	.LBE31:
 5679              	.LBE33:
1225:Middlewares/Third_Party/LwIP/src/core/tcp.c ****     pcb_reset = 0;
 5680              		.loc 1 1225 16 view .LVU1650
 5681 009c 0026     		movs	r6, #0
 5682 009e 4FE0     		b	.L519
 5683              	.LVL561:
 5684              	.L520:
1271:Middlewares/Third_Party/LwIP/src/core/tcp.c ****           ++pcb->rtime;
 5685              		.loc 1 1271 9 is_stmt 1 view .LVU1651
1271:Middlewares/Third_Party/LwIP/src/core/tcp.c ****           ++pcb->rtime;
 5686              		.loc 1 1271 17 is_stmt 0 view .LVU1652
 5687 00a0 B4F93030 		ldrsh	r3, [r4, #48]
1271:Middlewares/Third_Party/LwIP/src/core/tcp.c ****           ++pcb->rtime;
 5688              		.loc 1 1271 31 view .LVU1653
 5689 00a4 9BB2     		uxth	r3, r3
1271:Middlewares/Third_Party/LwIP/src/core/tcp.c ****           ++pcb->rtime;
 5690              		.loc 1 1271 12 view .LVU1654
 5691 00a6 47F6FE72 		movw	r2, #32766
 5692 00aa 9342     		cmp	r3, r2
 5693 00ac 01D8     		bhi	.L526
1272:Middlewares/Third_Party/LwIP/src/core/tcp.c ****         }
 5694              		.loc 1 1272 11 is_stmt 1 view .LVU1655
 5695 00ae 0133     		adds	r3, r3, #1
 5696 00b0 2386     		strh	r3, [r4, #48]	@ movhi
ARM GAS  /tmp/ccwEre5k.s 			page 171


 5697              	.L526:
1275:Middlewares/Third_Party/LwIP/src/core/tcp.c ****           /* Time for a retransmission. */
 5698              		.loc 1 1275 9 view .LVU1656
1275:Middlewares/Third_Party/LwIP/src/core/tcp.c ****           /* Time for a retransmission. */
 5699              		.loc 1 1275 16 is_stmt 0 view .LVU1657
 5700 00b2 B4F93020 		ldrsh	r2, [r4, #48]
1275:Middlewares/Third_Party/LwIP/src/core/tcp.c ****           /* Time for a retransmission. */
 5701              		.loc 1 1275 30 view .LVU1658
 5702 00b6 B4F94030 		ldrsh	r3, [r4, #64]
1275:Middlewares/Third_Party/LwIP/src/core/tcp.c ****           /* Time for a retransmission. */
 5703              		.loc 1 1275 12 view .LVU1659
 5704 00ba 9A42     		cmp	r2, r3
 5705 00bc 40DB     		blt	.L519
1279:Middlewares/Third_Party/LwIP/src/core/tcp.c ****           /* If prepare phase fails but we have unsent data but no unacked data,
 5706              		.loc 1 1279 61 is_stmt 1 view .LVU1660
1283:Middlewares/Third_Party/LwIP/src/core/tcp.c ****             /* Double retransmission time-out unless we are trying to
 5707              		.loc 1 1283 11 view .LVU1661
1283:Middlewares/Third_Party/LwIP/src/core/tcp.c ****             /* Double retransmission time-out unless we are trying to
 5708              		.loc 1 1283 16 is_stmt 0 view .LVU1662
 5709 00be 2046     		mov	r0, r4
 5710 00c0 FFF7FEFF 		bl	tcp_rexmit_rto_prepare
 5711              	.LVL562:
1283:Middlewares/Third_Party/LwIP/src/core/tcp.c ****             /* Double retransmission time-out unless we are trying to
 5712              		.loc 1 1283 14 view .LVU1663
 5713 00c4 20B1     		cbz	r0, .L527
1283:Middlewares/Third_Party/LwIP/src/core/tcp.c ****             /* Double retransmission time-out unless we are trying to
 5714              		.loc 1 1283 63 discriminator 1 view .LVU1664
 5715 00c6 236F     		ldr	r3, [r4, #112]
1283:Middlewares/Third_Party/LwIP/src/core/tcp.c ****             /* Double retransmission time-out unless we are trying to
 5716              		.loc 1 1283 55 discriminator 1 view .LVU1665
 5717 00c8 002B     		cmp	r3, #0
 5718 00ca 39D1     		bne	.L519
1283:Middlewares/Third_Party/LwIP/src/core/tcp.c ****             /* Double retransmission time-out unless we are trying to
 5719              		.loc 1 1283 89 discriminator 2 view .LVU1666
 5720 00cc E36E     		ldr	r3, [r4, #108]
1283:Middlewares/Third_Party/LwIP/src/core/tcp.c ****             /* Double retransmission time-out unless we are trying to
 5721              		.loc 1 1283 82 discriminator 2 view .LVU1667
 5722 00ce BBB3     		cbz	r3, .L519
 5723              	.L527:
1286:Middlewares/Third_Party/LwIP/src/core/tcp.c ****               u8_t backoff_idx = LWIP_MIN(pcb->nrtx, sizeof(tcp_backoff) - 1);
 5724              		.loc 1 1286 13 is_stmt 1 view .LVU1668
1286:Middlewares/Third_Party/LwIP/src/core/tcp.c ****               u8_t backoff_idx = LWIP_MIN(pcb->nrtx, sizeof(tcp_backoff) - 1);
 5725              		.loc 1 1286 20 is_stmt 0 view .LVU1669
 5726 00d0 237D     		ldrb	r3, [r4, #20]	@ zero_extendqisi2
1286:Middlewares/Third_Party/LwIP/src/core/tcp.c ****               u8_t backoff_idx = LWIP_MIN(pcb->nrtx, sizeof(tcp_backoff) - 1);
 5727              		.loc 1 1286 16 view .LVU1670
 5728 00d2 022B     		cmp	r3, #2
 5729 00d4 14D0     		beq	.L528
 5730              	.LBB34:
1287:Middlewares/Third_Party/LwIP/src/core/tcp.c ****               int calc_rto = ((pcb->sa >> 3) + pcb->sv) << tcp_backoff[backoff_idx];
 5731              		.loc 1 1287 15 is_stmt 1 view .LVU1671
1287:Middlewares/Third_Party/LwIP/src/core/tcp.c ****               int calc_rto = ((pcb->sa >> 3) + pcb->sv) << tcp_backoff[backoff_idx];
 5732              		.loc 1 1287 34 is_stmt 0 view .LVU1672
 5733 00d6 94F84220 		ldrb	r2, [r4, #66]	@ zero_extendqisi2
1287:Middlewares/Third_Party/LwIP/src/core/tcp.c ****               int calc_rto = ((pcb->sa >> 3) + pcb->sv) << tcp_backoff[backoff_idx];
 5734              		.loc 1 1287 20 view .LVU1673
 5735 00da 0C2A     		cmp	r2, #12
ARM GAS  /tmp/ccwEre5k.s 			page 172


 5736 00dc 28BF     		it	cs
 5737 00de 0C22     		movcs	r2, #12
 5738              	.LVL563:
1288:Middlewares/Third_Party/LwIP/src/core/tcp.c ****               pcb->rto = (s16_t)LWIP_MIN(calc_rto, 0x7FFF);
 5739              		.loc 1 1288 15 is_stmt 1 view .LVU1674
1288:Middlewares/Third_Party/LwIP/src/core/tcp.c ****               pcb->rto = (s16_t)LWIP_MIN(calc_rto, 0x7FFF);
 5740              		.loc 1 1288 35 is_stmt 0 view .LVU1675
 5741 00e0 B4F93C10 		ldrsh	r1, [r4, #60]
1288:Middlewares/Third_Party/LwIP/src/core/tcp.c ****               pcb->rto = (s16_t)LWIP_MIN(calc_rto, 0x7FFF);
 5742              		.loc 1 1288 51 view .LVU1676
 5743 00e4 B4F93E30 		ldrsh	r3, [r4, #62]
1288:Middlewares/Third_Party/LwIP/src/core/tcp.c ****               pcb->rto = (s16_t)LWIP_MIN(calc_rto, 0x7FFF);
 5744              		.loc 1 1288 46 view .LVU1677
 5745 00e8 03EBE103 		add	r3, r3, r1, asr #3
1288:Middlewares/Third_Party/LwIP/src/core/tcp.c ****               pcb->rto = (s16_t)LWIP_MIN(calc_rto, 0x7FFF);
 5746              		.loc 1 1288 71 view .LVU1678
 5747 00ec 6849     		ldr	r1, .L593+36
 5748 00ee 8A5C     		ldrb	r2, [r1, r2]	@ zero_extendqisi2
 5749              	.LVL564:
1288:Middlewares/Third_Party/LwIP/src/core/tcp.c ****               pcb->rto = (s16_t)LWIP_MIN(calc_rto, 0x7FFF);
 5750              		.loc 1 1288 19 view .LVU1679
 5751 00f0 9340     		lsls	r3, r3, r2
 5752              	.LVL565:
1289:Middlewares/Third_Party/LwIP/src/core/tcp.c ****             }
 5753              		.loc 1 1289 15 is_stmt 1 view .LVU1680
1289:Middlewares/Third_Party/LwIP/src/core/tcp.c ****             }
 5754              		.loc 1 1289 26 is_stmt 0 view .LVU1681
 5755 00f2 47F6FE72 		movw	r2, #32766
 5756 00f6 9342     		cmp	r3, r2
 5757              	.LVL566:
1289:Middlewares/Third_Party/LwIP/src/core/tcp.c ****             }
 5758              		.loc 1 1289 26 view .LVU1682
 5759 00f8 1EDC     		bgt	.L563
1289:Middlewares/Third_Party/LwIP/src/core/tcp.c ****             }
 5760              		.loc 1 1289 26 discriminator 1 view .LVU1683
 5761 00fa 1BB2     		sxth	r3, r3
 5762              	.LVL567:
 5763              	.L529:
1289:Middlewares/Third_Party/LwIP/src/core/tcp.c ****             }
 5764              		.loc 1 1289 24 discriminator 4 view .LVU1684
 5765 00fc A4F84030 		strh	r3, [r4, #64]	@ movhi
 5766              	.LVL568:
 5767              	.L528:
1289:Middlewares/Third_Party/LwIP/src/core/tcp.c ****             }
 5768              		.loc 1 1289 24 discriminator 4 view .LVU1685
 5769              	.LBE34:
1293:Middlewares/Third_Party/LwIP/src/core/tcp.c **** 
 5770              		.loc 1 1293 13 is_stmt 1 view .LVU1686
1293:Middlewares/Third_Party/LwIP/src/core/tcp.c **** 
 5771              		.loc 1 1293 24 is_stmt 0 view .LVU1687
 5772 0100 0023     		movs	r3, #0
 5773 0102 2386     		strh	r3, [r4, #48]	@ movhi
1296:Middlewares/Third_Party/LwIP/src/core/tcp.c ****             pcb->ssthresh = eff_wnd >> 1;
 5774              		.loc 1 1296 13 is_stmt 1 view .LVU1688
1296:Middlewares/Third_Party/LwIP/src/core/tcp.c ****             pcb->ssthresh = eff_wnd >> 1;
 5775              		.loc 1 1296 23 is_stmt 0 view .LVU1689
 5776 0104 B4F86030 		ldrh	r3, [r4, #96]
ARM GAS  /tmp/ccwEre5k.s 			page 173


 5777 0108 B4F84820 		ldrh	r2, [r4, #72]
1296:Middlewares/Third_Party/LwIP/src/core/tcp.c ****             pcb->ssthresh = eff_wnd >> 1;
 5778              		.loc 1 1296 21 view .LVU1690
 5779 010c 9342     		cmp	r3, r2
 5780 010e 28BF     		it	cs
 5781 0110 1346     		movcs	r3, r2
 5782              	.LVL569:
1297:Middlewares/Third_Party/LwIP/src/core/tcp.c ****             if (pcb->ssthresh < (tcpwnd_size_t)(pcb->mss << 1)) {
 5783              		.loc 1 1297 13 is_stmt 1 view .LVU1691
1297:Middlewares/Third_Party/LwIP/src/core/tcp.c ****             if (pcb->ssthresh < (tcpwnd_size_t)(pcb->mss << 1)) {
 5784              		.loc 1 1297 27 is_stmt 0 view .LVU1692
 5785 0112 5B08     		lsrs	r3, r3, #1
 5786              	.LVL570:
1297:Middlewares/Third_Party/LwIP/src/core/tcp.c ****             if (pcb->ssthresh < (tcpwnd_size_t)(pcb->mss << 1)) {
 5787              		.loc 1 1297 27 view .LVU1693
 5788 0114 A4F84A30 		strh	r3, [r4, #74]	@ movhi
1298:Middlewares/Third_Party/LwIP/src/core/tcp.c ****               pcb->ssthresh = (tcpwnd_size_t)(pcb->mss << 1);
 5789              		.loc 1 1298 13 is_stmt 1 view .LVU1694
1298:Middlewares/Third_Party/LwIP/src/core/tcp.c ****               pcb->ssthresh = (tcpwnd_size_t)(pcb->mss << 1);
 5790              		.loc 1 1298 52 is_stmt 0 view .LVU1695
 5791 0118 618E     		ldrh	r1, [r4, #50]
1298:Middlewares/Third_Party/LwIP/src/core/tcp.c ****               pcb->ssthresh = (tcpwnd_size_t)(pcb->mss << 1);
 5792              		.loc 1 1298 33 view .LVU1696
 5793 011a 4A00     		lsls	r2, r1, #1
 5794              	.LVL571:
1298:Middlewares/Third_Party/LwIP/src/core/tcp.c ****               pcb->ssthresh = (tcpwnd_size_t)(pcb->mss << 1);
 5795              		.loc 1 1298 33 view .LVU1697
 5796 011c 92B2     		uxth	r2, r2
1298:Middlewares/Third_Party/LwIP/src/core/tcp.c ****               pcb->ssthresh = (tcpwnd_size_t)(pcb->mss << 1);
 5797              		.loc 1 1298 16 view .LVU1698
 5798 011e 9342     		cmp	r3, r2
 5799              	.LVL572:
1298:Middlewares/Third_Party/LwIP/src/core/tcp.c ****               pcb->ssthresh = (tcpwnd_size_t)(pcb->mss << 1);
 5800              		.loc 1 1298 16 view .LVU1699
 5801 0120 01D2     		bcs	.L530
1299:Middlewares/Third_Party/LwIP/src/core/tcp.c ****             }
 5802              		.loc 1 1299 15 is_stmt 1 view .LVU1700
1299:Middlewares/Third_Party/LwIP/src/core/tcp.c ****             }
 5803              		.loc 1 1299 29 is_stmt 0 view .LVU1701
 5804 0122 A4F84A20 		strh	r2, [r4, #74]	@ movhi
 5805              	.L530:
1301:Middlewares/Third_Party/LwIP/src/core/tcp.c ****             LWIP_DEBUGF(TCP_CWND_DEBUG, ("tcp_slowtmr: cwnd %"TCPWNDSIZE_F
 5806              		.loc 1 1301 13 is_stmt 1 view .LVU1702
1301:Middlewares/Third_Party/LwIP/src/core/tcp.c ****             LWIP_DEBUGF(TCP_CWND_DEBUG, ("tcp_slowtmr: cwnd %"TCPWNDSIZE_F
 5807              		.loc 1 1301 23 is_stmt 0 view .LVU1703
 5808 0126 A4F84810 		strh	r1, [r4, #72]	@ movhi
 5809              	.LVL573:
1304:Middlewares/Third_Party/LwIP/src/core/tcp.c ****             pcb->bytes_acked = 0;
 5810              		.loc 1 1304 68 is_stmt 1 view .LVU1704
1305:Middlewares/Third_Party/LwIP/src/core/tcp.c **** 
 5811              		.loc 1 1305 13 view .LVU1705
1305:Middlewares/Third_Party/LwIP/src/core/tcp.c **** 
 5812              		.loc 1 1305 30 is_stmt 0 view .LVU1706
 5813 012a 0023     		movs	r3, #0
 5814 012c A4F86A30 		strh	r3, [r4, #106]	@ movhi
1309:Middlewares/Third_Party/LwIP/src/core/tcp.c ****           }
 5815              		.loc 1 1309 13 is_stmt 1 view .LVU1707
ARM GAS  /tmp/ccwEre5k.s 			page 174


 5816 0130 2046     		mov	r0, r4
 5817 0132 FFF7FEFF 		bl	tcp_rexmit_rto_commit
 5818              	.LVL574:
1309:Middlewares/Third_Party/LwIP/src/core/tcp.c ****           }
 5819              		.loc 1 1309 13 is_stmt 0 view .LVU1708
 5820 0136 03E0     		b	.L519
 5821              	.LVL575:
 5822              	.L563:
 5823              	.LBB35:
1289:Middlewares/Third_Party/LwIP/src/core/tcp.c ****             }
 5824              		.loc 1 1289 26 view .LVU1709
 5825 0138 47F6FF73 		movw	r3, #32767
 5826              	.LVL576:
1289:Middlewares/Third_Party/LwIP/src/core/tcp.c ****             }
 5827              		.loc 1 1289 26 view .LVU1710
 5828 013c DEE7     		b	.L529
 5829              	.LVL577:
 5830              	.L557:
1289:Middlewares/Third_Party/LwIP/src/core/tcp.c ****             }
 5831              		.loc 1 1289 26 view .LVU1711
 5832              	.LBE35:
1232:Middlewares/Third_Party/LwIP/src/core/tcp.c ****       LWIP_DEBUGF(TCP_DEBUG, ("tcp_slowtmr: max DATA retries reached\n"));
 5833              		.loc 1 1232 7 view .LVU1712
 5834 013e 0126     		movs	r6, #1
 5835              	.L519:
 5836              	.LVL578:
1315:Middlewares/Third_Party/LwIP/src/core/tcp.c ****       /* If this PCB is in FIN_WAIT_2 because of SHUT_WR don't let it time out. */
 5837              		.loc 1 1315 5 is_stmt 1 view .LVU1713
1315:Middlewares/Third_Party/LwIP/src/core/tcp.c ****       /* If this PCB is in FIN_WAIT_2 because of SHUT_WR don't let it time out. */
 5838              		.loc 1 1315 12 is_stmt 0 view .LVU1714
 5839 0140 237D     		ldrb	r3, [r4, #20]	@ zero_extendqisi2
1315:Middlewares/Third_Party/LwIP/src/core/tcp.c ****       /* If this PCB is in FIN_WAIT_2 because of SHUT_WR don't let it time out. */
 5840              		.loc 1 1315 8 view .LVU1715
 5841 0142 062B     		cmp	r3, #6
 5842 0144 1FD0     		beq	.L573
 5843              	.L531:
1323:Middlewares/Third_Party/LwIP/src/core/tcp.c ****         }
 5844              		.loc 1 1323 86 is_stmt 1 view .LVU1716
1329:Middlewares/Third_Party/LwIP/src/core/tcp.c ****         ((pcb->state == ESTABLISHED) ||
 5845              		.loc 1 1329 5 view .LVU1717
1329:Middlewares/Third_Party/LwIP/src/core/tcp.c ****         ((pcb->state == ESTABLISHED) ||
 5846              		.loc 1 1329 9 is_stmt 0 view .LVU1718
 5847 0146 627A     		ldrb	r2, [r4, #9]	@ zero_extendqisi2
1329:Middlewares/Third_Party/LwIP/src/core/tcp.c ****         ((pcb->state == ESTABLISHED) ||
 5848              		.loc 1 1329 8 view .LVU1719
 5849 0148 12F00807 		ands	r7, r2, #8
 5850 014c 42D0     		beq	.L532
1329:Middlewares/Third_Party/LwIP/src/core/tcp.c ****         ((pcb->state == ESTABLISHED) ||
 5851              		.loc 1 1329 43 discriminator 1 view .LVU1720
 5852 014e 072B     		cmp	r3, #7
 5853 0150 18BF     		it	ne
 5854 0152 042B     		cmpne	r3, #4
 5855 0154 3DD1     		bne	.L564
1332:Middlewares/Third_Party/LwIP/src/core/tcp.c ****           (pcb->keep_idle + TCP_KEEP_DUR(pcb)) / TCP_SLOW_INTERVAL) {
 5856              		.loc 1 1332 7 is_stmt 1 view .LVU1721
1332:Middlewares/Third_Party/LwIP/src/core/tcp.c ****           (pcb->keep_idle + TCP_KEEP_DUR(pcb)) / TCP_SLOW_INTERVAL) {
 5857              		.loc 1 1332 11 is_stmt 0 view .LVU1722
ARM GAS  /tmp/ccwEre5k.s 			page 175


 5858 0156 454B     		ldr	r3, .L593
 5859 0158 1A68     		ldr	r2, [r3]
1332:Middlewares/Third_Party/LwIP/src/core/tcp.c ****           (pcb->keep_idle + TCP_KEEP_DUR(pcb)) / TCP_SLOW_INTERVAL) {
 5860              		.loc 1 1332 34 view .LVU1723
 5861 015a 236A     		ldr	r3, [r4, #32]
1332:Middlewares/Third_Party/LwIP/src/core/tcp.c ****           (pcb->keep_idle + TCP_KEEP_DUR(pcb)) / TCP_SLOW_INTERVAL) {
 5862              		.loc 1 1332 29 view .LVU1724
 5863 015c D21A     		subs	r2, r2, r3
1333:Middlewares/Third_Party/LwIP/src/core/tcp.c ****         LWIP_DEBUGF(TCP_DEBUG, ("tcp_slowtmr: KEEPALIVE timeout. Aborting connection to "));
 5864              		.loc 1 1333 15 view .LVU1725
 5865 015e D4F89410 		ldr	r1, [r4, #148]
1333:Middlewares/Third_Party/LwIP/src/core/tcp.c ****         LWIP_DEBUGF(TCP_DEBUG, ("tcp_slowtmr: KEEPALIVE timeout. Aborting connection to "));
 5866              		.loc 1 1333 27 view .LVU1726
 5867 0162 4C4B     		ldr	r3, .L593+40
 5868 0164 0B44     		add	r3, r3, r1
1333:Middlewares/Third_Party/LwIP/src/core/tcp.c ****         LWIP_DEBUGF(TCP_DEBUG, ("tcp_slowtmr: KEEPALIVE timeout. Aborting connection to "));
 5869              		.loc 1 1333 48 view .LVU1727
 5870 0166 4C48     		ldr	r0, .L593+44
 5871 0168 A0FB0303 		umull	r0, r3, r0, r3
1332:Middlewares/Third_Party/LwIP/src/core/tcp.c ****           (pcb->keep_idle + TCP_KEEP_DUR(pcb)) / TCP_SLOW_INTERVAL) {
 5872              		.loc 1 1332 10 view .LVU1728
 5873 016c B2EB531F 		cmp	r2, r3, lsr #5
 5874 0170 16D9     		bls	.L533
1334:Middlewares/Third_Party/LwIP/src/core/tcp.c ****         ip_addr_debug_print_val(TCP_DEBUG, pcb->remote_ip);
 5875              		.loc 1 1334 92 is_stmt 1 view .LVU1729
1335:Middlewares/Third_Party/LwIP/src/core/tcp.c ****         LWIP_DEBUGF(TCP_DEBUG, ("\n"));
 5876              		.loc 1 1335 59 view .LVU1730
1336:Middlewares/Third_Party/LwIP/src/core/tcp.c **** 
 5877              		.loc 1 1336 39 view .LVU1731
1338:Middlewares/Third_Party/LwIP/src/core/tcp.c ****         ++pcb_reset;
 5878              		.loc 1 1338 9 view .LVU1732
 5879 0172 0136     		adds	r6, r6, #1
 5880              	.LVL579:
1338:Middlewares/Third_Party/LwIP/src/core/tcp.c ****         ++pcb_reset;
 5881              		.loc 1 1338 9 is_stmt 0 view .LVU1733
 5882 0174 F6B2     		uxtb	r6, r6
 5883              	.LVL580:
1339:Middlewares/Third_Party/LwIP/src/core/tcp.c ****       } else if ((u32_t)(tcp_ticks - pcb->tmr) >
 5884              		.loc 1 1339 9 is_stmt 1 view .LVU1734
1339:Middlewares/Third_Party/LwIP/src/core/tcp.c ****       } else if ((u32_t)(tcp_ticks - pcb->tmr) >
 5885              		.loc 1 1339 9 is_stmt 0 view .LVU1735
 5886 0176 0127     		movs	r7, #1
 5887 0178 2CE0     		b	.L532
 5888              	.LVL581:
 5889              	.L558:
1239:Middlewares/Third_Party/LwIP/src/core/tcp.c ****         } else {
 5890              		.loc 1 1239 11 view .LVU1736
 5891 017a 0126     		movs	r6, #1
 5892 017c E0E7     		b	.L519
 5893              	.LVL582:
 5894              	.L559:
1225:Middlewares/Third_Party/LwIP/src/core/tcp.c ****     pcb_reset = 0;
 5895              		.loc 1 1225 16 view .LVU1737
 5896 017e 0026     		movs	r6, #0
 5897 0180 DEE7     		b	.L519
 5898              	.LVL583:
 5899              	.L562:
ARM GAS  /tmp/ccwEre5k.s 			page 176


1225:Middlewares/Third_Party/LwIP/src/core/tcp.c ****     pcb_reset = 0;
 5900              		.loc 1 1225 16 view .LVU1738
 5901 0182 0026     		movs	r6, #0
 5902 0184 DCE7     		b	.L519
 5903              	.LVL584:
 5904              	.L573:
1317:Middlewares/Third_Party/LwIP/src/core/tcp.c ****         /* PCB was fully closed (either through close() or SHUT_RDWR):
 5905              		.loc 1 1317 7 is_stmt 1 view .LVU1739
1317:Middlewares/Third_Party/LwIP/src/core/tcp.c ****         /* PCB was fully closed (either through close() or SHUT_RDWR):
 5906              		.loc 1 1317 14 is_stmt 0 view .LVU1740
 5907 0186 628B     		ldrh	r2, [r4, #26]
1317:Middlewares/Third_Party/LwIP/src/core/tcp.c ****         /* PCB was fully closed (either through close() or SHUT_RDWR):
 5908              		.loc 1 1317 10 view .LVU1741
 5909 0188 12F0100F 		tst	r2, #16
 5910 018c DBD0     		beq	.L531
1320:Middlewares/Third_Party/LwIP/src/core/tcp.c ****             TCP_FIN_WAIT_TIMEOUT / TCP_SLOW_INTERVAL) {
 5911              		.loc 1 1320 9 is_stmt 1 view .LVU1742
1320:Middlewares/Third_Party/LwIP/src/core/tcp.c ****             TCP_FIN_WAIT_TIMEOUT / TCP_SLOW_INTERVAL) {
 5912              		.loc 1 1320 36 is_stmt 0 view .LVU1743
 5913 018e 216A     		ldr	r1, [r4, #32]
1320:Middlewares/Third_Party/LwIP/src/core/tcp.c ****             TCP_FIN_WAIT_TIMEOUT / TCP_SLOW_INTERVAL) {
 5914              		.loc 1 1320 31 view .LVU1744
 5915 0190 364A     		ldr	r2, .L593
 5916 0192 1268     		ldr	r2, [r2]
 5917 0194 521A     		subs	r2, r2, r1
1320:Middlewares/Third_Party/LwIP/src/core/tcp.c ****             TCP_FIN_WAIT_TIMEOUT / TCP_SLOW_INTERVAL) {
 5918              		.loc 1 1320 12 view .LVU1745
 5919 0196 282A     		cmp	r2, #40
 5920 0198 D5D9     		bls	.L531
1322:Middlewares/Third_Party/LwIP/src/core/tcp.c ****           LWIP_DEBUGF(TCP_DEBUG, ("tcp_slowtmr: removing pcb stuck in FIN-WAIT-2\n"));
 5921              		.loc 1 1322 11 is_stmt 1 view .LVU1746
 5922 019a 0136     		adds	r6, r6, #1
 5923              	.LVL585:
1322:Middlewares/Third_Party/LwIP/src/core/tcp.c ****           LWIP_DEBUGF(TCP_DEBUG, ("tcp_slowtmr: removing pcb stuck in FIN-WAIT-2\n"));
 5924              		.loc 1 1322 11 is_stmt 0 view .LVU1747
 5925 019c F6B2     		uxtb	r6, r6
 5926              	.LVL586:
1322:Middlewares/Third_Party/LwIP/src/core/tcp.c ****           LWIP_DEBUGF(TCP_DEBUG, ("tcp_slowtmr: removing pcb stuck in FIN-WAIT-2\n"));
 5927              		.loc 1 1322 11 view .LVU1748
 5928 019e D2E7     		b	.L531
 5929              	.L533:
1340:Middlewares/Third_Party/LwIP/src/core/tcp.c ****                  (pcb->keep_idle + pcb->keep_cnt_sent * TCP_KEEP_INTVL(pcb))
 5930              		.loc 1 1340 14 is_stmt 1 view .LVU1749
1341:Middlewares/Third_Party/LwIP/src/core/tcp.c ****                  / TCP_SLOW_INTERVAL) {
 5931              		.loc 1 1341 39 is_stmt 0 view .LVU1750
 5932 01a0 94F89B30 		ldrb	r3, [r4, #155]	@ zero_extendqisi2
1341:Middlewares/Third_Party/LwIP/src/core/tcp.c ****                  / TCP_SLOW_INTERVAL) {
 5933              		.loc 1 1341 34 view .LVU1751
 5934 01a4 3D48     		ldr	r0, .L593+48
 5935 01a6 00FB0311 		mla	r1, r0, r3, r1
1342:Middlewares/Third_Party/LwIP/src/core/tcp.c ****         err = tcp_keepalive(pcb);
 5936              		.loc 1 1342 18 view .LVU1752
 5937 01aa 3B4B     		ldr	r3, .L593+44
 5938 01ac A3FB0131 		umull	r3, r1, r3, r1
1340:Middlewares/Third_Party/LwIP/src/core/tcp.c ****                  (pcb->keep_idle + pcb->keep_cnt_sent * TCP_KEEP_INTVL(pcb))
 5939              		.loc 1 1340 17 view .LVU1753
 5940 01b0 B2EB511F 		cmp	r2, r1, lsr #5
ARM GAS  /tmp/ccwEre5k.s 			page 177


 5941 01b4 01D8     		bhi	.L574
1226:Middlewares/Third_Party/LwIP/src/core/tcp.c **** 
 5942              		.loc 1 1226 15 view .LVU1754
 5943 01b6 0027     		movs	r7, #0
 5944 01b8 0CE0     		b	.L532
 5945              	.L574:
1343:Middlewares/Third_Party/LwIP/src/core/tcp.c ****         if (err == ERR_OK) {
 5946              		.loc 1 1343 9 is_stmt 1 view .LVU1755
1343:Middlewares/Third_Party/LwIP/src/core/tcp.c ****         if (err == ERR_OK) {
 5947              		.loc 1 1343 15 is_stmt 0 view .LVU1756
 5948 01ba 2046     		mov	r0, r4
 5949 01bc FFF7FEFF 		bl	tcp_keepalive
 5950              	.LVL587:
1344:Middlewares/Third_Party/LwIP/src/core/tcp.c ****           pcb->keep_cnt_sent++;
 5951              		.loc 1 1344 9 is_stmt 1 view .LVU1757
1344:Middlewares/Third_Party/LwIP/src/core/tcp.c ****           pcb->keep_cnt_sent++;
 5952              		.loc 1 1344 12 is_stmt 0 view .LVU1758
 5953 01c0 0028     		cmp	r0, #0
 5954 01c2 3BD1     		bne	.L566
1345:Middlewares/Third_Party/LwIP/src/core/tcp.c ****         }
 5955              		.loc 1 1345 11 is_stmt 1 view .LVU1759
1345:Middlewares/Third_Party/LwIP/src/core/tcp.c ****         }
 5956              		.loc 1 1345 14 is_stmt 0 view .LVU1760
 5957 01c4 94F89B30 		ldrb	r3, [r4, #155]	@ zero_extendqisi2
1345:Middlewares/Third_Party/LwIP/src/core/tcp.c ****         }
 5958              		.loc 1 1345 29 view .LVU1761
 5959 01c8 0133     		adds	r3, r3, #1
 5960 01ca 84F89B30 		strb	r3, [r4, #155]
1226:Middlewares/Third_Party/LwIP/src/core/tcp.c **** 
 5961              		.loc 1 1226 15 view .LVU1762
 5962 01ce 0027     		movs	r7, #0
 5963 01d0 00E0     		b	.L532
 5964              	.LVL588:
 5965              	.L564:
1226:Middlewares/Third_Party/LwIP/src/core/tcp.c **** 
 5966              		.loc 1 1226 15 view .LVU1763
 5967 01d2 0027     		movs	r7, #0
 5968              	.LVL589:
 5969              	.L532:
1354:Middlewares/Third_Party/LwIP/src/core/tcp.c ****         (tcp_ticks - pcb->tmr >= (u32_t)pcb->rto * TCP_OOSEQ_TIMEOUT)) {
 5970              		.loc 1 1354 5 is_stmt 1 view .LVU1764
1354:Middlewares/Third_Party/LwIP/src/core/tcp.c ****         (tcp_ticks - pcb->tmr >= (u32_t)pcb->rto * TCP_OOSEQ_TIMEOUT)) {
 5971              		.loc 1 1354 12 is_stmt 0 view .LVU1765
 5972 01d4 636F     		ldr	r3, [r4, #116]
1354:Middlewares/Third_Party/LwIP/src/core/tcp.c ****         (tcp_ticks - pcb->tmr >= (u32_t)pcb->rto * TCP_OOSEQ_TIMEOUT)) {
 5973              		.loc 1 1354 8 view .LVU1766
 5974 01d6 53B1     		cbz	r3, .L534
1355:Middlewares/Third_Party/LwIP/src/core/tcp.c ****       LWIP_DEBUGF(TCP_CWND_DEBUG, ("tcp_slowtmr: dropping OOSEQ queued data\n"));
 5975              		.loc 1 1355 25 discriminator 1 view .LVU1767
 5976 01d8 236A     		ldr	r3, [r4, #32]
1355:Middlewares/Third_Party/LwIP/src/core/tcp.c ****       LWIP_DEBUGF(TCP_CWND_DEBUG, ("tcp_slowtmr: dropping OOSEQ queued data\n"));
 5977              		.loc 1 1355 20 discriminator 1 view .LVU1768
 5978 01da 244A     		ldr	r2, .L593
 5979 01dc 1268     		ldr	r2, [r2]
 5980 01de D21A     		subs	r2, r2, r3
1355:Middlewares/Third_Party/LwIP/src/core/tcp.c ****       LWIP_DEBUGF(TCP_CWND_DEBUG, ("tcp_slowtmr: dropping OOSEQ queued data\n"));
 5981              		.loc 1 1355 44 discriminator 1 view .LVU1769
ARM GAS  /tmp/ccwEre5k.s 			page 178


 5982 01e0 B4F94030 		ldrsh	r3, [r4, #64]
1355:Middlewares/Third_Party/LwIP/src/core/tcp.c ****       LWIP_DEBUGF(TCP_CWND_DEBUG, ("tcp_slowtmr: dropping OOSEQ queued data\n"));
 5983              		.loc 1 1355 50 discriminator 1 view .LVU1770
 5984 01e4 03EB4303 		add	r3, r3, r3, lsl #1
1354:Middlewares/Third_Party/LwIP/src/core/tcp.c ****         (tcp_ticks - pcb->tmr >= (u32_t)pcb->rto * TCP_OOSEQ_TIMEOUT)) {
 5985              		.loc 1 1354 28 discriminator 1 view .LVU1771
 5986 01e8 B2EB430F 		cmp	r2, r3, lsl #1
 5987 01ec 28D2     		bcs	.L575
 5988              	.L534:
1362:Middlewares/Third_Party/LwIP/src/core/tcp.c ****       if ((u32_t)(tcp_ticks - pcb->tmr) >
 5989              		.loc 1 1362 5 is_stmt 1 view .LVU1772
1362:Middlewares/Third_Party/LwIP/src/core/tcp.c ****       if ((u32_t)(tcp_ticks - pcb->tmr) >
 5990              		.loc 1 1362 12 is_stmt 0 view .LVU1773
 5991 01ee 237D     		ldrb	r3, [r4, #20]	@ zero_extendqisi2
1362:Middlewares/Third_Party/LwIP/src/core/tcp.c ****       if ((u32_t)(tcp_ticks - pcb->tmr) >
 5992              		.loc 1 1362 8 view .LVU1774
 5993 01f0 032B     		cmp	r3, #3
 5994 01f2 29D0     		beq	.L576
 5995              	.L535:
1366:Middlewares/Third_Party/LwIP/src/core/tcp.c ****       }
 5996              		.loc 1 1366 82 is_stmt 1 view .LVU1775
1371:Middlewares/Third_Party/LwIP/src/core/tcp.c ****       if ((u32_t)(tcp_ticks - pcb->tmr) > 2 * TCP_MSL / TCP_SLOW_INTERVAL) {
 5997              		.loc 1 1371 5 view .LVU1776
1371:Middlewares/Third_Party/LwIP/src/core/tcp.c ****       if ((u32_t)(tcp_ticks - pcb->tmr) > 2 * TCP_MSL / TCP_SLOW_INTERVAL) {
 5998              		.loc 1 1371 8 is_stmt 0 view .LVU1777
 5999 01f4 092B     		cmp	r3, #9
 6000 01f6 30D0     		beq	.L577
 6001              	.L536:
1374:Middlewares/Third_Party/LwIP/src/core/tcp.c ****       }
 6002              		.loc 1 1374 82 is_stmt 1 view .LVU1778
1379:Middlewares/Third_Party/LwIP/src/core/tcp.c ****       struct tcp_pcb *pcb2;
 6003              		.loc 1 1379 5 view .LVU1779
1379:Middlewares/Third_Party/LwIP/src/core/tcp.c ****       struct tcp_pcb *pcb2;
 6004              		.loc 1 1379 8 is_stmt 0 view .LVU1780
 6005 01f8 002E     		cmp	r6, #0
 6006 01fa 53D1     		bne	.L578
1415:Middlewares/Third_Party/LwIP/src/core/tcp.c ****       pcb = pcb->next;
 6007              		.loc 1 1415 7 is_stmt 1 view .LVU1781
 6008              	.LVL590:
1416:Middlewares/Third_Party/LwIP/src/core/tcp.c **** 
 6009              		.loc 1 1416 7 view .LVU1782
1416:Middlewares/Third_Party/LwIP/src/core/tcp.c **** 
 6010              		.loc 1 1416 11 is_stmt 0 view .LVU1783
 6011 01fc E668     		ldr	r6, [r4, #12]
 6012              	.LVL591:
1419:Middlewares/Third_Party/LwIP/src/core/tcp.c ****       if (prev->polltmr >= prev->pollinterval) {
 6013              		.loc 1 1419 7 is_stmt 1 view .LVU1784
1419:Middlewares/Third_Party/LwIP/src/core/tcp.c ****       if (prev->polltmr >= prev->pollinterval) {
 6014              		.loc 1 1419 13 is_stmt 0 view .LVU1785
 6015 01fe 237F     		ldrb	r3, [r4, #28]	@ zero_extendqisi2
1419:Middlewares/Third_Party/LwIP/src/core/tcp.c ****       if (prev->polltmr >= prev->pollinterval) {
 6016              		.loc 1 1419 7 view .LVU1786
 6017 0200 0133     		adds	r3, r3, #1
 6018 0202 DBB2     		uxtb	r3, r3
 6019 0204 2377     		strb	r3, [r4, #28]
1420:Middlewares/Third_Party/LwIP/src/core/tcp.c ****         prev->polltmr = 0;
 6020              		.loc 1 1420 7 is_stmt 1 view .LVU1787
ARM GAS  /tmp/ccwEre5k.s 			page 179


1420:Middlewares/Third_Party/LwIP/src/core/tcp.c ****         prev->polltmr = 0;
 6021              		.loc 1 1420 32 is_stmt 0 view .LVU1788
 6022 0206 627F     		ldrb	r2, [r4, #29]	@ zero_extendqisi2
1420:Middlewares/Third_Party/LwIP/src/core/tcp.c ****         prev->polltmr = 0;
 6023              		.loc 1 1420 10 view .LVU1789
 6024 0208 9342     		cmp	r3, r2
 6025 020a C0F09A80 		bcc	.L567
1421:Middlewares/Third_Party/LwIP/src/core/tcp.c ****         LWIP_DEBUGF(TCP_DEBUG, ("tcp_slowtmr: polling application\n"));
 6026              		.loc 1 1421 9 is_stmt 1 view .LVU1790
1421:Middlewares/Third_Party/LwIP/src/core/tcp.c ****         LWIP_DEBUGF(TCP_DEBUG, ("tcp_slowtmr: polling application\n"));
 6027              		.loc 1 1421 23 is_stmt 0 view .LVU1791
 6028 020e 0023     		movs	r3, #0
 6029 0210 2377     		strb	r3, [r4, #28]
1422:Middlewares/Third_Party/LwIP/src/core/tcp.c ****         tcp_active_pcbs_changed = 0;
 6030              		.loc 1 1422 71 is_stmt 1 view .LVU1792
1423:Middlewares/Third_Party/LwIP/src/core/tcp.c ****         TCP_EVENT_POLL(prev, err);
 6031              		.loc 1 1423 9 view .LVU1793
1423:Middlewares/Third_Party/LwIP/src/core/tcp.c ****         TCP_EVENT_POLL(prev, err);
 6032              		.loc 1 1423 33 is_stmt 0 view .LVU1794
 6033 0212 234A     		ldr	r2, .L593+52
 6034 0214 1370     		strb	r3, [r2]
1424:Middlewares/Third_Party/LwIP/src/core/tcp.c ****         if (tcp_active_pcbs_changed) {
 6035              		.loc 1 1424 9 is_stmt 1 view .LVU1795
1424:Middlewares/Third_Party/LwIP/src/core/tcp.c ****         if (tcp_active_pcbs_changed) {
 6036              		.loc 1 1424 9 view .LVU1796
 6037 0216 D4F88C30 		ldr	r3, [r4, #140]
 6038 021a 002B     		cmp	r3, #0
 6039 021c 00F08980 		beq	.L568
1424:Middlewares/Third_Party/LwIP/src/core/tcp.c ****         if (tcp_active_pcbs_changed) {
 6040              		.loc 1 1424 9 discriminator 1 view .LVU1797
 6041 0220 2146     		mov	r1, r4
 6042 0222 2069     		ldr	r0, [r4, #16]
 6043 0224 9847     		blx	r3
 6044              	.LVL592:
 6045              	.L544:
1424:Middlewares/Third_Party/LwIP/src/core/tcp.c ****         if (tcp_active_pcbs_changed) {
 6046              		.loc 1 1424 9 discriminator 4 view .LVU1798
1425:Middlewares/Third_Party/LwIP/src/core/tcp.c ****           goto tcp_slowtmr_start;
 6047              		.loc 1 1425 9 discriminator 4 view .LVU1799
1425:Middlewares/Third_Party/LwIP/src/core/tcp.c ****           goto tcp_slowtmr_start;
 6048              		.loc 1 1425 13 is_stmt 0 discriminator 4 view .LVU1800
 6049 0226 1E4B     		ldr	r3, .L593+52
 6050 0228 1B78     		ldrb	r3, [r3]	@ zero_extendqisi2
1425:Middlewares/Third_Party/LwIP/src/core/tcp.c ****           goto tcp_slowtmr_start;
 6051              		.loc 1 1425 12 discriminator 4 view .LVU1801
 6052 022a 002B     		cmp	r3, #0
 6053 022c 7FF4F3AE 		bne	.L510
1429:Middlewares/Third_Party/LwIP/src/core/tcp.c ****           tcp_output(prev);
 6054              		.loc 1 1429 9 is_stmt 1 view .LVU1802
1429:Middlewares/Third_Party/LwIP/src/core/tcp.c ****           tcp_output(prev);
 6055              		.loc 1 1429 12 is_stmt 0 view .LVU1803
 6056 0230 0028     		cmp	r0, #0
 6057 0232 00F08080 		beq	.L579
1415:Middlewares/Third_Party/LwIP/src/core/tcp.c ****       pcb = pcb->next;
 6058              		.loc 1 1415 12 view .LVU1804
 6059 0236 2546     		mov	r5, r4
1416:Middlewares/Third_Party/LwIP/src/core/tcp.c **** 
ARM GAS  /tmp/ccwEre5k.s 			page 180


 6060              		.loc 1 1416 11 view .LVU1805
 6061 0238 3446     		mov	r4, r6
 6062              	.LVL593:
1416:Middlewares/Third_Party/LwIP/src/core/tcp.c **** 
 6063              		.loc 1 1416 11 view .LVU1806
 6064 023a 84E0     		b	.L512
 6065              	.LVL594:
 6066              	.L566:
1226:Middlewares/Third_Party/LwIP/src/core/tcp.c **** 
 6067              		.loc 1 1226 15 view .LVU1807
 6068 023c 0027     		movs	r7, #0
 6069 023e C9E7     		b	.L532
 6070              	.LVL595:
 6071              	.L575:
1356:Middlewares/Third_Party/LwIP/src/core/tcp.c ****       tcp_free_ooseq(pcb);
 6072              		.loc 1 1356 81 is_stmt 1 view .LVU1808
1357:Middlewares/Third_Party/LwIP/src/core/tcp.c ****     }
 6073              		.loc 1 1357 7 view .LVU1809
 6074 0240 2046     		mov	r0, r4
 6075 0242 FFF7FEFF 		bl	tcp_free_ooseq
 6076              	.LVL596:
 6077 0246 D2E7     		b	.L534
 6078              	.L576:
1363:Middlewares/Third_Party/LwIP/src/core/tcp.c ****           TCP_SYN_RCVD_TIMEOUT / TCP_SLOW_INTERVAL) {
 6079              		.loc 1 1363 7 view .LVU1810
1363:Middlewares/Third_Party/LwIP/src/core/tcp.c ****           TCP_SYN_RCVD_TIMEOUT / TCP_SLOW_INTERVAL) {
 6080              		.loc 1 1363 34 is_stmt 0 view .LVU1811
 6081 0248 216A     		ldr	r1, [r4, #32]
1363:Middlewares/Third_Party/LwIP/src/core/tcp.c ****           TCP_SYN_RCVD_TIMEOUT / TCP_SLOW_INTERVAL) {
 6082              		.loc 1 1363 29 view .LVU1812
 6083 024a 084A     		ldr	r2, .L593
 6084 024c 1268     		ldr	r2, [r2]
 6085 024e 521A     		subs	r2, r2, r1
1363:Middlewares/Third_Party/LwIP/src/core/tcp.c ****           TCP_SYN_RCVD_TIMEOUT / TCP_SLOW_INTERVAL) {
 6086              		.loc 1 1363 10 view .LVU1813
 6087 0250 282A     		cmp	r2, #40
 6088 0252 CFD9     		bls	.L535
1365:Middlewares/Third_Party/LwIP/src/core/tcp.c ****         LWIP_DEBUGF(TCP_DEBUG, ("tcp_slowtmr: removing pcb stuck in SYN-RCVD\n"));
 6089              		.loc 1 1365 9 is_stmt 1 view .LVU1814
 6090 0254 0136     		adds	r6, r6, #1
 6091              	.LVL597:
1365:Middlewares/Third_Party/LwIP/src/core/tcp.c ****         LWIP_DEBUGF(TCP_DEBUG, ("tcp_slowtmr: removing pcb stuck in SYN-RCVD\n"));
 6092              		.loc 1 1365 9 is_stmt 0 view .LVU1815
 6093 0256 F6B2     		uxtb	r6, r6
 6094              	.LVL598:
1365:Middlewares/Third_Party/LwIP/src/core/tcp.c ****         LWIP_DEBUGF(TCP_DEBUG, ("tcp_slowtmr: removing pcb stuck in SYN-RCVD\n"));
 6095              		.loc 1 1365 9 view .LVU1816
 6096 0258 CCE7     		b	.L535
 6097              	.L577:
1372:Middlewares/Third_Party/LwIP/src/core/tcp.c ****         ++pcb_remove;
 6098              		.loc 1 1372 7 is_stmt 1 view .LVU1817
1372:Middlewares/Third_Party/LwIP/src/core/tcp.c ****         ++pcb_remove;
 6099              		.loc 1 1372 34 is_stmt 0 view .LVU1818
 6100 025a 226A     		ldr	r2, [r4, #32]
1372:Middlewares/Third_Party/LwIP/src/core/tcp.c ****         ++pcb_remove;
 6101              		.loc 1 1372 29 view .LVU1819
 6102 025c 034B     		ldr	r3, .L593
ARM GAS  /tmp/ccwEre5k.s 			page 181


 6103 025e 1B68     		ldr	r3, [r3]
 6104 0260 9B1A     		subs	r3, r3, r2
1372:Middlewares/Third_Party/LwIP/src/core/tcp.c ****         ++pcb_remove;
 6105              		.loc 1 1372 10 view .LVU1820
 6106 0262 F02B     		cmp	r3, #240
 6107 0264 C8D9     		bls	.L536
1373:Middlewares/Third_Party/LwIP/src/core/tcp.c ****         LWIP_DEBUGF(TCP_DEBUG, ("tcp_slowtmr: removing pcb stuck in LAST-ACK\n"));
 6108              		.loc 1 1373 9 is_stmt 1 view .LVU1821
 6109 0266 0136     		adds	r6, r6, #1
 6110              	.LVL599:
1373:Middlewares/Third_Party/LwIP/src/core/tcp.c ****         LWIP_DEBUGF(TCP_DEBUG, ("tcp_slowtmr: removing pcb stuck in LAST-ACK\n"));
 6111              		.loc 1 1373 9 is_stmt 0 view .LVU1822
 6112 0268 F6B2     		uxtb	r6, r6
 6113              	.LVL600:
1373:Middlewares/Third_Party/LwIP/src/core/tcp.c ****         LWIP_DEBUGF(TCP_DEBUG, ("tcp_slowtmr: removing pcb stuck in LAST-ACK\n"));
 6114              		.loc 1 1373 9 view .LVU1823
 6115 026a C5E7     		b	.L536
 6116              	.L594:
 6117              		.align	2
 6118              	.L593:
 6119 026c 00000000 		.word	tcp_ticks
 6120 0270 00000000 		.word	tcp_timer_ctr
 6121 0274 00000000 		.word	tcp_active_pcbs
 6122 0278 00000000 		.word	.LC0
 6123 027c 00000000 		.word	.LC44
 6124 0280 54000000 		.word	.LC2
 6125 0284 2C000000 		.word	.LC45
 6126 0288 58000000 		.word	.LC46
 6127 028c BC000000 		.word	.LC48
 6128 0290 00000000 		.word	tcp_backoff
 6129 0294 B84C0A00 		.word	675000
 6130 0298 D34D6210 		.word	274877907
 6131 029c F8240100 		.word	75000
 6132 02a0 00000000 		.word	tcp_active_pcbs_changed
 6133              	.L578:
 6134              	.LBB36:
1380:Middlewares/Third_Party/LwIP/src/core/tcp.c **** #if LWIP_CALLBACK_API
 6135              		.loc 1 1380 7 is_stmt 1 view .LVU1824
1382:Middlewares/Third_Party/LwIP/src/core/tcp.c **** #endif /* LWIP_CALLBACK_API */
 6136              		.loc 1 1382 7 view .LVU1825
1382:Middlewares/Third_Party/LwIP/src/core/tcp.c **** #endif /* LWIP_CALLBACK_API */
 6137              		.loc 1 1382 18 is_stmt 0 view .LVU1826
 6138 02a4 D4F89080 		ldr	r8, [r4, #144]
 6139              	.LVL601:
1384:Middlewares/Third_Party/LwIP/src/core/tcp.c ****       enum tcp_state last_state;
 6140              		.loc 1 1384 7 is_stmt 1 view .LVU1827
1385:Middlewares/Third_Party/LwIP/src/core/tcp.c ****       tcp_pcb_purge(pcb);
 6141              		.loc 1 1385 7 view .LVU1828
1386:Middlewares/Third_Party/LwIP/src/core/tcp.c ****       /* Remove PCB from tcp_active_pcbs list. */
 6142              		.loc 1 1386 7 view .LVU1829
 6143 02a8 2046     		mov	r0, r4
 6144 02aa FFF7FEFF 		bl	tcp_pcb_purge
 6145              	.LVL602:
1388:Middlewares/Third_Party/LwIP/src/core/tcp.c ****         LWIP_ASSERT("tcp_slowtmr: middle tcp != tcp_active_pcbs", pcb != tcp_active_pcbs);
 6146              		.loc 1 1388 7 view .LVU1830
1388:Middlewares/Third_Party/LwIP/src/core/tcp.c ****         LWIP_ASSERT("tcp_slowtmr: middle tcp != tcp_active_pcbs", pcb != tcp_active_pcbs);
 6147              		.loc 1 1388 10 is_stmt 0 view .LVU1831
ARM GAS  /tmp/ccwEre5k.s 			page 182


 6148 02ae 25B3     		cbz	r5, .L538
1389:Middlewares/Third_Party/LwIP/src/core/tcp.c ****         prev->next = pcb->next;
 6149              		.loc 1 1389 9 is_stmt 1 view .LVU1832
1389:Middlewares/Third_Party/LwIP/src/core/tcp.c ****         prev->next = pcb->next;
 6150              		.loc 1 1389 9 view .LVU1833
 6151 02b0 6F4B     		ldr	r3, .L595
 6152 02b2 1B68     		ldr	r3, [r3]
 6153 02b4 A342     		cmp	r3, r4
 6154 02b6 18D0     		beq	.L580
 6155              	.L539:
1389:Middlewares/Third_Party/LwIP/src/core/tcp.c ****         prev->next = pcb->next;
 6156              		.loc 1 1389 9 discriminator 3 view .LVU1834
1389:Middlewares/Third_Party/LwIP/src/core/tcp.c ****         prev->next = pcb->next;
 6157              		.loc 1 1389 9 discriminator 3 view .LVU1835
1390:Middlewares/Third_Party/LwIP/src/core/tcp.c ****       } else {
 6158              		.loc 1 1390 9 discriminator 3 view .LVU1836
1390:Middlewares/Third_Party/LwIP/src/core/tcp.c ****       } else {
 6159              		.loc 1 1390 25 is_stmt 0 discriminator 3 view .LVU1837
 6160 02b8 E368     		ldr	r3, [r4, #12]
1390:Middlewares/Third_Party/LwIP/src/core/tcp.c ****       } else {
 6161              		.loc 1 1390 20 discriminator 3 view .LVU1838
 6162 02ba EB60     		str	r3, [r5, #12]
 6163              	.L540:
1397:Middlewares/Third_Party/LwIP/src/core/tcp.c ****         tcp_rst(pcb, pcb->snd_nxt, pcb->rcv_nxt, &pcb->local_ip, &pcb->remote_ip,
 6164              		.loc 1 1397 7 is_stmt 1 view .LVU1839
1397:Middlewares/Third_Party/LwIP/src/core/tcp.c ****         tcp_rst(pcb, pcb->snd_nxt, pcb->rcv_nxt, &pcb->local_ip, &pcb->remote_ip,
 6165              		.loc 1 1397 10 is_stmt 0 view .LVU1840
 6166 02bc 67BB     		cbnz	r7, .L581
 6167              	.L542:
1402:Middlewares/Third_Party/LwIP/src/core/tcp.c ****       last_state = pcb->state;
 6168              		.loc 1 1402 7 is_stmt 1 view .LVU1841
1402:Middlewares/Third_Party/LwIP/src/core/tcp.c ****       last_state = pcb->state;
 6169              		.loc 1 1402 15 is_stmt 0 view .LVU1842
 6170 02be 2669     		ldr	r6, [r4, #16]
 6171              	.LVL603:
1403:Middlewares/Third_Party/LwIP/src/core/tcp.c ****       pcb2 = pcb;
 6172              		.loc 1 1403 7 is_stmt 1 view .LVU1843
1404:Middlewares/Third_Party/LwIP/src/core/tcp.c ****       pcb = pcb->next;
 6173              		.loc 1 1404 7 view .LVU1844
1405:Middlewares/Third_Party/LwIP/src/core/tcp.c ****       tcp_free(pcb2);
 6174              		.loc 1 1405 7 view .LVU1845
1405:Middlewares/Third_Party/LwIP/src/core/tcp.c ****       tcp_free(pcb2);
 6175              		.loc 1 1405 11 is_stmt 0 view .LVU1846
 6176 02c0 E768     		ldr	r7, [r4, #12]
 6177              	.LVL604:
1406:Middlewares/Third_Party/LwIP/src/core/tcp.c **** 
 6178              		.loc 1 1406 7 is_stmt 1 view .LVU1847
 6179 02c2 2046     		mov	r0, r4
 6180 02c4 FFF7FEFF 		bl	tcp_free
 6181              	.LVL605:
1408:Middlewares/Third_Party/LwIP/src/core/tcp.c ****       TCP_EVENT_ERR(last_state, err_fn, err_arg, ERR_ABRT);
 6182              		.loc 1 1408 7 view .LVU1848
1408:Middlewares/Third_Party/LwIP/src/core/tcp.c ****       TCP_EVENT_ERR(last_state, err_fn, err_arg, ERR_ABRT);
 6183              		.loc 1 1408 31 is_stmt 0 view .LVU1849
 6184 02c8 6A4B     		ldr	r3, .L595+4
 6185 02ca 0022     		movs	r2, #0
 6186 02cc 1A70     		strb	r2, [r3]
ARM GAS  /tmp/ccwEre5k.s 			page 183


1409:Middlewares/Third_Party/LwIP/src/core/tcp.c ****       if (tcp_active_pcbs_changed) {
 6187              		.loc 1 1409 7 is_stmt 1 view .LVU1850
1409:Middlewares/Third_Party/LwIP/src/core/tcp.c ****       if (tcp_active_pcbs_changed) {
 6188              		.loc 1 1409 7 view .LVU1851
1409:Middlewares/Third_Party/LwIP/src/core/tcp.c ****       if (tcp_active_pcbs_changed) {
 6189              		.loc 1 1409 7 view .LVU1852
 6190 02ce B8F1000F 		cmp	r8, #0
 6191 02d2 03D0     		beq	.L543
1409:Middlewares/Third_Party/LwIP/src/core/tcp.c ****       if (tcp_active_pcbs_changed) {
 6192              		.loc 1 1409 7 discriminator 1 view .LVU1853
 6193 02d4 6FF00C01 		mvn	r1, #12
 6194 02d8 3046     		mov	r0, r6
 6195 02da C047     		blx	r8
 6196              	.LVL606:
 6197              	.L543:
1409:Middlewares/Third_Party/LwIP/src/core/tcp.c ****       if (tcp_active_pcbs_changed) {
 6198              		.loc 1 1409 7 discriminator 3 view .LVU1854
1410:Middlewares/Third_Party/LwIP/src/core/tcp.c ****         goto tcp_slowtmr_start;
 6199              		.loc 1 1410 7 discriminator 3 view .LVU1855
1410:Middlewares/Third_Party/LwIP/src/core/tcp.c ****         goto tcp_slowtmr_start;
 6200              		.loc 1 1410 11 is_stmt 0 discriminator 3 view .LVU1856
 6201 02dc 654B     		ldr	r3, .L595+4
 6202 02de 1B78     		ldrb	r3, [r3]	@ zero_extendqisi2
1410:Middlewares/Third_Party/LwIP/src/core/tcp.c ****         goto tcp_slowtmr_start;
 6203              		.loc 1 1410 10 discriminator 3 view .LVU1857
 6204 02e0 002B     		cmp	r3, #0
 6205 02e2 7FF498AE 		bne	.L510
1405:Middlewares/Third_Party/LwIP/src/core/tcp.c ****       tcp_free(pcb2);
 6206              		.loc 1 1405 11 view .LVU1858
 6207 02e6 3C46     		mov	r4, r7
 6208              	.LVL607:
1405:Middlewares/Third_Party/LwIP/src/core/tcp.c ****       tcp_free(pcb2);
 6209              		.loc 1 1405 11 view .LVU1859
 6210 02e8 2DE0     		b	.L512
 6211              	.LVL608:
 6212              	.L580:
1389:Middlewares/Third_Party/LwIP/src/core/tcp.c ****         prev->next = pcb->next;
 6213              		.loc 1 1389 9 is_stmt 1 discriminator 1 view .LVU1860
1389:Middlewares/Third_Party/LwIP/src/core/tcp.c ****         prev->next = pcb->next;
 6214              		.loc 1 1389 9 discriminator 1 view .LVU1861
 6215 02ea 634B     		ldr	r3, .L595+8
 6216 02ec 40F26D52 		movw	r2, #1389
 6217 02f0 6249     		ldr	r1, .L595+12
 6218 02f2 6348     		ldr	r0, .L595+16
 6219 02f4 FFF7FEFF 		bl	printf
 6220              	.LVL609:
 6221 02f8 DEE7     		b	.L539
 6222              	.L538:
1393:Middlewares/Third_Party/LwIP/src/core/tcp.c ****         tcp_active_pcbs = pcb->next;
 6223              		.loc 1 1393 9 view .LVU1862
1393:Middlewares/Third_Party/LwIP/src/core/tcp.c ****         tcp_active_pcbs = pcb->next;
 6224              		.loc 1 1393 9 view .LVU1863
 6225 02fa 5D4B     		ldr	r3, .L595
 6226 02fc 1B68     		ldr	r3, [r3]
 6227 02fe A342     		cmp	r3, r4
 6228 0300 06D0     		beq	.L541
1393:Middlewares/Third_Party/LwIP/src/core/tcp.c ****         tcp_active_pcbs = pcb->next;
ARM GAS  /tmp/ccwEre5k.s 			page 184


 6229              		.loc 1 1393 9 discriminator 1 view .LVU1864
1393:Middlewares/Third_Party/LwIP/src/core/tcp.c ****         tcp_active_pcbs = pcb->next;
 6230              		.loc 1 1393 9 discriminator 1 view .LVU1865
 6231 0302 5D4B     		ldr	r3, .L595+8
 6232 0304 40F27152 		movw	r2, #1393
 6233 0308 5E49     		ldr	r1, .L595+20
 6234 030a 5D48     		ldr	r0, .L595+16
 6235 030c FFF7FEFF 		bl	printf
 6236              	.LVL610:
 6237              	.L541:
1393:Middlewares/Third_Party/LwIP/src/core/tcp.c ****         tcp_active_pcbs = pcb->next;
 6238              		.loc 1 1393 9 discriminator 3 view .LVU1866
1393:Middlewares/Third_Party/LwIP/src/core/tcp.c ****         tcp_active_pcbs = pcb->next;
 6239              		.loc 1 1393 9 discriminator 3 view .LVU1867
1394:Middlewares/Third_Party/LwIP/src/core/tcp.c ****       }
 6240              		.loc 1 1394 9 discriminator 3 view .LVU1868
1394:Middlewares/Third_Party/LwIP/src/core/tcp.c ****       }
 6241              		.loc 1 1394 30 is_stmt 0 discriminator 3 view .LVU1869
 6242 0310 E268     		ldr	r2, [r4, #12]
1394:Middlewares/Third_Party/LwIP/src/core/tcp.c ****       }
 6243              		.loc 1 1394 25 discriminator 3 view .LVU1870
 6244 0312 574B     		ldr	r3, .L595
 6245 0314 1A60     		str	r2, [r3]
 6246 0316 D1E7     		b	.L540
 6247              	.L581:
1398:Middlewares/Third_Party/LwIP/src/core/tcp.c ****                 pcb->local_port, pcb->remote_port);
 6248              		.loc 1 1398 9 is_stmt 1 view .LVU1871
1398:Middlewares/Third_Party/LwIP/src/core/tcp.c ****                 pcb->local_port, pcb->remote_port);
 6249              		.loc 1 1398 66 is_stmt 0 view .LVU1872
 6250 0318 231D     		adds	r3, r4, #4
1398:Middlewares/Third_Party/LwIP/src/core/tcp.c ****                 pcb->local_port, pcb->remote_port);
 6251              		.loc 1 1398 9 view .LVU1873
 6252 031a 626A     		ldr	r2, [r4, #36]
 6253 031c 216D     		ldr	r1, [r4, #80]
 6254 031e 208B     		ldrh	r0, [r4, #24]
 6255 0320 0290     		str	r0, [sp, #8]
 6256 0322 E08A     		ldrh	r0, [r4, #22]
 6257 0324 0190     		str	r0, [sp, #4]
 6258 0326 0093     		str	r3, [sp]
 6259 0328 2346     		mov	r3, r4
 6260 032a 2046     		mov	r0, r4
 6261 032c FFF7FEFF 		bl	tcp_rst
 6262              	.LVL611:
 6263 0330 C5E7     		b	.L542
 6264              	.LVL612:
 6265              	.L568:
1398:Middlewares/Third_Party/LwIP/src/core/tcp.c ****                 pcb->local_port, pcb->remote_port);
 6266              		.loc 1 1398 9 view .LVU1874
 6267              	.LBE36:
1424:Middlewares/Third_Party/LwIP/src/core/tcp.c ****         if (tcp_active_pcbs_changed) {
 6268              		.loc 1 1424 9 view .LVU1875
 6269 0332 0020     		movs	r0, #0
 6270 0334 77E7     		b	.L544
 6271              	.LVL613:
 6272              	.L579:
1430:Middlewares/Third_Party/LwIP/src/core/tcp.c ****         }
 6273              		.loc 1 1430 11 is_stmt 1 view .LVU1876
ARM GAS  /tmp/ccwEre5k.s 			page 185


 6274 0336 2046     		mov	r0, r4
 6275              	.LVL614:
1430:Middlewares/Third_Party/LwIP/src/core/tcp.c ****         }
 6276              		.loc 1 1430 11 is_stmt 0 view .LVU1877
 6277 0338 FFF7FEFF 		bl	tcp_output
 6278              	.LVL615:
1415:Middlewares/Third_Party/LwIP/src/core/tcp.c ****       pcb = pcb->next;
 6279              		.loc 1 1415 12 view .LVU1878
 6280 033c 2546     		mov	r5, r4
1416:Middlewares/Third_Party/LwIP/src/core/tcp.c **** 
 6281              		.loc 1 1416 11 view .LVU1879
 6282 033e 3446     		mov	r4, r6
 6283              	.LVL616:
1416:Middlewares/Third_Party/LwIP/src/core/tcp.c **** 
 6284              		.loc 1 1416 11 view .LVU1880
 6285 0340 01E0     		b	.L512
 6286              	.LVL617:
 6287              	.L567:
1415:Middlewares/Third_Party/LwIP/src/core/tcp.c ****       pcb = pcb->next;
 6288              		.loc 1 1415 12 view .LVU1881
 6289 0342 2546     		mov	r5, r4
1416:Middlewares/Third_Party/LwIP/src/core/tcp.c **** 
 6290              		.loc 1 1416 11 view .LVU1882
 6291 0344 3446     		mov	r4, r6
 6292              	.LVL618:
 6293              	.L512:
1212:Middlewares/Third_Party/LwIP/src/core/tcp.c ****     LWIP_DEBUGF(TCP_DEBUG, ("tcp_slowtmr: processing active pcb\n"));
 6294              		.loc 1 1212 14 is_stmt 1 view .LVU1883
 6295 0346 002C     		cmp	r4, #0
 6296 0348 50D0     		beq	.L582
1213:Middlewares/Third_Party/LwIP/src/core/tcp.c ****     LWIP_ASSERT("tcp_slowtmr: active pcb->state != CLOSED\n", pcb->state != CLOSED);
 6297              		.loc 1 1213 69 view .LVU1884
1214:Middlewares/Third_Party/LwIP/src/core/tcp.c ****     LWIP_ASSERT("tcp_slowtmr: active pcb->state != LISTEN\n", pcb->state != LISTEN);
 6298              		.loc 1 1214 5 view .LVU1885
1214:Middlewares/Third_Party/LwIP/src/core/tcp.c ****     LWIP_ASSERT("tcp_slowtmr: active pcb->state != LISTEN\n", pcb->state != LISTEN);
 6299              		.loc 1 1214 5 view .LVU1886
 6300 034a 237D     		ldrb	r3, [r4, #20]	@ zero_extendqisi2
 6301 034c 002B     		cmp	r3, #0
 6302 034e 3FF466AE 		beq	.L583
 6303              	.L513:
1214:Middlewares/Third_Party/LwIP/src/core/tcp.c ****     LWIP_ASSERT("tcp_slowtmr: active pcb->state != LISTEN\n", pcb->state != LISTEN);
 6304              		.loc 1 1214 5 discriminator 3 view .LVU1887
1214:Middlewares/Third_Party/LwIP/src/core/tcp.c ****     LWIP_ASSERT("tcp_slowtmr: active pcb->state != LISTEN\n", pcb->state != LISTEN);
 6305              		.loc 1 1214 5 discriminator 3 view .LVU1888
1215:Middlewares/Third_Party/LwIP/src/core/tcp.c ****     LWIP_ASSERT("tcp_slowtmr: active pcb->state != TIME-WAIT\n", pcb->state != TIME_WAIT);
 6306              		.loc 1 1215 5 discriminator 3 view .LVU1889
1215:Middlewares/Third_Party/LwIP/src/core/tcp.c ****     LWIP_ASSERT("tcp_slowtmr: active pcb->state != TIME-WAIT\n", pcb->state != TIME_WAIT);
 6307              		.loc 1 1215 5 discriminator 3 view .LVU1890
 6308 0352 237D     		ldrb	r3, [r4, #20]	@ zero_extendqisi2
 6309 0354 012B     		cmp	r3, #1
 6310 0356 3FF46AAE 		beq	.L584
 6311              	.L514:
1215:Middlewares/Third_Party/LwIP/src/core/tcp.c ****     LWIP_ASSERT("tcp_slowtmr: active pcb->state != TIME-WAIT\n", pcb->state != TIME_WAIT);
 6312              		.loc 1 1215 5 discriminator 3 view .LVU1891
1215:Middlewares/Third_Party/LwIP/src/core/tcp.c ****     LWIP_ASSERT("tcp_slowtmr: active pcb->state != TIME-WAIT\n", pcb->state != TIME_WAIT);
 6313              		.loc 1 1215 5 discriminator 3 view .LVU1892
1216:Middlewares/Third_Party/LwIP/src/core/tcp.c ****     if (pcb->last_timer == tcp_timer_ctr) {
ARM GAS  /tmp/ccwEre5k.s 			page 186


 6314              		.loc 1 1216 5 discriminator 3 view .LVU1893
1216:Middlewares/Third_Party/LwIP/src/core/tcp.c ****     if (pcb->last_timer == tcp_timer_ctr) {
 6315              		.loc 1 1216 5 discriminator 3 view .LVU1894
 6316 035a 237D     		ldrb	r3, [r4, #20]	@ zero_extendqisi2
 6317 035c 0A2B     		cmp	r3, #10
 6318 035e 3FF46EAE 		beq	.L585
 6319              	.L515:
1216:Middlewares/Third_Party/LwIP/src/core/tcp.c ****     if (pcb->last_timer == tcp_timer_ctr) {
 6320              		.loc 1 1216 5 discriminator 3 view .LVU1895
1216:Middlewares/Third_Party/LwIP/src/core/tcp.c ****     if (pcb->last_timer == tcp_timer_ctr) {
 6321              		.loc 1 1216 5 discriminator 3 view .LVU1896
1217:Middlewares/Third_Party/LwIP/src/core/tcp.c ****       /* skip this pcb, we have already processed it */
 6322              		.loc 1 1217 5 discriminator 3 view .LVU1897
1217:Middlewares/Third_Party/LwIP/src/core/tcp.c ****       /* skip this pcb, we have already processed it */
 6323              		.loc 1 1217 12 is_stmt 0 discriminator 3 view .LVU1898
 6324 0362 A27F     		ldrb	r2, [r4, #30]	@ zero_extendqisi2
1217:Middlewares/Third_Party/LwIP/src/core/tcp.c ****       /* skip this pcb, we have already processed it */
 6325              		.loc 1 1217 25 discriminator 3 view .LVU1899
 6326 0364 484B     		ldr	r3, .L595+24
 6327 0366 1B78     		ldrb	r3, [r3]	@ zero_extendqisi2
1217:Middlewares/Third_Party/LwIP/src/core/tcp.c ****       /* skip this pcb, we have already processed it */
 6328              		.loc 1 1217 8 discriminator 3 view .LVU1900
 6329 0368 9A42     		cmp	r2, r3
 6330 036a 3FF470AE 		beq	.L586
1223:Middlewares/Third_Party/LwIP/src/core/tcp.c **** 
 6331              		.loc 1 1223 5 is_stmt 1 view .LVU1901
1223:Middlewares/Third_Party/LwIP/src/core/tcp.c **** 
 6332              		.loc 1 1223 21 is_stmt 0 view .LVU1902
 6333 036e A377     		strb	r3, [r4, #30]
1225:Middlewares/Third_Party/LwIP/src/core/tcp.c ****     pcb_reset = 0;
 6334              		.loc 1 1225 5 is_stmt 1 view .LVU1903
 6335              	.LVL619:
1226:Middlewares/Third_Party/LwIP/src/core/tcp.c **** 
 6336              		.loc 1 1226 5 view .LVU1904
1228:Middlewares/Third_Party/LwIP/src/core/tcp.c ****       ++pcb_remove;
 6337              		.loc 1 1228 5 view .LVU1905
1228:Middlewares/Third_Party/LwIP/src/core/tcp.c ****       ++pcb_remove;
 6338              		.loc 1 1228 12 is_stmt 0 view .LVU1906
 6339 0370 237D     		ldrb	r3, [r4, #20]	@ zero_extendqisi2
1228:Middlewares/Third_Party/LwIP/src/core/tcp.c ****       ++pcb_remove;
 6340              		.loc 1 1228 8 view .LVU1907
 6341 0372 022B     		cmp	r3, #2
 6342 0374 3FF46EAE 		beq	.L587
 6343              	.L518:
1231:Middlewares/Third_Party/LwIP/src/core/tcp.c ****       ++pcb_remove;
 6344              		.loc 1 1231 12 is_stmt 1 view .LVU1908
1231:Middlewares/Third_Party/LwIP/src/core/tcp.c ****       ++pcb_remove;
 6345              		.loc 1 1231 19 is_stmt 0 view .LVU1909
 6346 0378 94F84230 		ldrb	r3, [r4, #66]	@ zero_extendqisi2
1231:Middlewares/Third_Party/LwIP/src/core/tcp.c ****       ++pcb_remove;
 6347              		.loc 1 1231 15 view .LVU1910
 6348 037c 0B2B     		cmp	r3, #11
 6349 037e 3FF6DEAE 		bhi	.L557
1235:Middlewares/Third_Party/LwIP/src/core/tcp.c ****         LWIP_ASSERT("tcp_slowtimr: persist ticking with in-flight data", pcb->unacked == NULL);
 6350              		.loc 1 1235 7 is_stmt 1 view .LVU1911
1235:Middlewares/Third_Party/LwIP/src/core/tcp.c ****         LWIP_ASSERT("tcp_slowtimr: persist ticking with in-flight data", pcb->unacked == NULL);
 6351              		.loc 1 1235 14 is_stmt 0 view .LVU1912
ARM GAS  /tmp/ccwEre5k.s 			page 187


 6352 0382 94F89960 		ldrb	r6, [r4, #153]	@ zero_extendqisi2
1235:Middlewares/Third_Party/LwIP/src/core/tcp.c ****         LWIP_ASSERT("tcp_slowtimr: persist ticking with in-flight data", pcb->unacked == NULL);
 6353              		.loc 1 1235 10 view .LVU1913
 6354 0386 002E     		cmp	r6, #0
 6355 0388 3FF48AAE 		beq	.L520
1236:Middlewares/Third_Party/LwIP/src/core/tcp.c ****         LWIP_ASSERT("tcp_slowtimr: persist ticking with empty send buffer", pcb->unsent != NULL);
 6356              		.loc 1 1236 9 is_stmt 1 view .LVU1914
1236:Middlewares/Third_Party/LwIP/src/core/tcp.c ****         LWIP_ASSERT("tcp_slowtimr: persist ticking with empty send buffer", pcb->unsent != NULL);
 6357              		.loc 1 1236 9 view .LVU1915
 6358 038c 236F     		ldr	r3, [r4, #112]
 6359 038e 33B1     		cbz	r3, .L521
1236:Middlewares/Third_Party/LwIP/src/core/tcp.c ****         LWIP_ASSERT("tcp_slowtimr: persist ticking with empty send buffer", pcb->unsent != NULL);
 6360              		.loc 1 1236 9 discriminator 1 view .LVU1916
1236:Middlewares/Third_Party/LwIP/src/core/tcp.c ****         LWIP_ASSERT("tcp_slowtimr: persist ticking with empty send buffer", pcb->unsent != NULL);
 6361              		.loc 1 1236 9 discriminator 1 view .LVU1917
 6362 0390 394B     		ldr	r3, .L595+8
 6363 0392 40F2D442 		movw	r2, #1236
 6364 0396 3D49     		ldr	r1, .L595+28
 6365 0398 3948     		ldr	r0, .L595+16
 6366 039a FFF7FEFF 		bl	printf
 6367              	.LVL620:
 6368              	.L521:
1236:Middlewares/Third_Party/LwIP/src/core/tcp.c ****         LWIP_ASSERT("tcp_slowtimr: persist ticking with empty send buffer", pcb->unsent != NULL);
 6369              		.loc 1 1236 9 discriminator 3 view .LVU1918
1236:Middlewares/Third_Party/LwIP/src/core/tcp.c ****         LWIP_ASSERT("tcp_slowtimr: persist ticking with empty send buffer", pcb->unsent != NULL);
 6370              		.loc 1 1236 9 discriminator 3 view .LVU1919
1237:Middlewares/Third_Party/LwIP/src/core/tcp.c ****         if (pcb->persist_probe >= TCP_MAXRTX) {
 6371              		.loc 1 1237 9 discriminator 3 view .LVU1920
1237:Middlewares/Third_Party/LwIP/src/core/tcp.c ****         if (pcb->persist_probe >= TCP_MAXRTX) {
 6372              		.loc 1 1237 9 discriminator 3 view .LVU1921
 6373 039e E36E     		ldr	r3, [r4, #108]
 6374 03a0 002B     		cmp	r3, #0
 6375 03a2 3FF45EAE 		beq	.L588
 6376              	.L522:
1237:Middlewares/Third_Party/LwIP/src/core/tcp.c ****         if (pcb->persist_probe >= TCP_MAXRTX) {
 6377              		.loc 1 1237 9 discriminator 3 view .LVU1922
1237:Middlewares/Third_Party/LwIP/src/core/tcp.c ****         if (pcb->persist_probe >= TCP_MAXRTX) {
 6378              		.loc 1 1237 9 discriminator 3 view .LVU1923
1238:Middlewares/Third_Party/LwIP/src/core/tcp.c ****           ++pcb_remove; /* max probes reached */
 6379              		.loc 1 1238 9 discriminator 3 view .LVU1924
1238:Middlewares/Third_Party/LwIP/src/core/tcp.c ****           ++pcb_remove; /* max probes reached */
 6380              		.loc 1 1238 16 is_stmt 0 discriminator 3 view .LVU1925
 6381 03a6 94F89A30 		ldrb	r3, [r4, #154]	@ zero_extendqisi2
1238:Middlewares/Third_Party/LwIP/src/core/tcp.c ****           ++pcb_remove; /* max probes reached */
 6382              		.loc 1 1238 12 discriminator 3 view .LVU1926
 6383 03aa 0B2B     		cmp	r3, #11
 6384 03ac 3FF6E5AE 		bhi	.L558
 6385              	.LBB37:
1241:Middlewares/Third_Party/LwIP/src/core/tcp.c ****           if (pcb->persist_cnt < backoff_cnt) {
 6386              		.loc 1 1241 11 is_stmt 1 view .LVU1927
1241:Middlewares/Third_Party/LwIP/src/core/tcp.c ****           if (pcb->persist_cnt < backoff_cnt) {
 6387              		.loc 1 1241 53 is_stmt 0 view .LVU1928
 6388 03b0 94F89930 		ldrb	r3, [r4, #153]	@ zero_extendqisi2
1241:Middlewares/Third_Party/LwIP/src/core/tcp.c ****           if (pcb->persist_cnt < backoff_cnt) {
 6389              		.loc 1 1241 71 view .LVU1929
 6390 03b4 013B     		subs	r3, r3, #1
1241:Middlewares/Third_Party/LwIP/src/core/tcp.c ****           if (pcb->persist_cnt < backoff_cnt) {
ARM GAS  /tmp/ccwEre5k.s 			page 188


 6391              		.loc 1 1241 16 view .LVU1930
 6392 03b6 364A     		ldr	r2, .L595+32
 6393 03b8 D25C     		ldrb	r2, [r2, r3]	@ zero_extendqisi2
 6394              	.LVL621:
1242:Middlewares/Third_Party/LwIP/src/core/tcp.c ****             pcb->persist_cnt++;
 6395              		.loc 1 1242 11 is_stmt 1 view .LVU1931
1242:Middlewares/Third_Party/LwIP/src/core/tcp.c ****             pcb->persist_cnt++;
 6396              		.loc 1 1242 18 is_stmt 0 view .LVU1932
 6397 03ba 94F89830 		ldrb	r3, [r4, #152]	@ zero_extendqisi2
1242:Middlewares/Third_Party/LwIP/src/core/tcp.c ****             pcb->persist_cnt++;
 6398              		.loc 1 1242 14 view .LVU1933
 6399 03be 9342     		cmp	r3, r2
 6400 03c0 02D2     		bcs	.L523
1243:Middlewares/Third_Party/LwIP/src/core/tcp.c ****           }
 6401              		.loc 1 1243 13 is_stmt 1 view .LVU1934
1243:Middlewares/Third_Party/LwIP/src/core/tcp.c ****           }
 6402              		.loc 1 1243 29 is_stmt 0 view .LVU1935
 6403 03c2 0133     		adds	r3, r3, #1
 6404 03c4 84F89830 		strb	r3, [r4, #152]
 6405              	.L523:
1245:Middlewares/Third_Party/LwIP/src/core/tcp.c ****             int next_slot = 1; /* increment timer to next slot */
 6406              		.loc 1 1245 11 is_stmt 1 view .LVU1936
1245:Middlewares/Third_Party/LwIP/src/core/tcp.c ****             int next_slot = 1; /* increment timer to next slot */
 6407              		.loc 1 1245 18 is_stmt 0 view .LVU1937
 6408 03c8 94F89830 		ldrb	r3, [r4, #152]	@ zero_extendqisi2
1245:Middlewares/Third_Party/LwIP/src/core/tcp.c ****             int next_slot = 1; /* increment timer to next slot */
 6409              		.loc 1 1245 14 view .LVU1938
 6410 03cc 9342     		cmp	r3, r2
 6411 03ce FFF4D6AE 		bcc	.L559
 6412              	.LBB32:
1246:Middlewares/Third_Party/LwIP/src/core/tcp.c ****             /* If snd_wnd is zero, send 1 byte probes */
 6413              		.loc 1 1246 13 is_stmt 1 view .LVU1939
 6414              	.LVL622:
1248:Middlewares/Third_Party/LwIP/src/core/tcp.c ****               if (tcp_zero_window_probe(pcb) != ERR_OK) {
 6415              		.loc 1 1248 13 view .LVU1940
1248:Middlewares/Third_Party/LwIP/src/core/tcp.c ****               if (tcp_zero_window_probe(pcb) != ERR_OK) {
 6416              		.loc 1 1248 20 is_stmt 0 view .LVU1941
 6417 03d2 B4F86010 		ldrh	r1, [r4, #96]
1248:Middlewares/Third_Party/LwIP/src/core/tcp.c ****               if (tcp_zero_window_probe(pcb) != ERR_OK) {
 6418              		.loc 1 1248 16 view .LVU1942
 6419 03d6 0029     		cmp	r1, #0
 6420 03d8 7FF44BAE 		bne	.L524
1249:Middlewares/Third_Party/LwIP/src/core/tcp.c ****                 next_slot = 0; /* try probe again with current slot */
 6421              		.loc 1 1249 15 is_stmt 1 view .LVU1943
1249:Middlewares/Third_Party/LwIP/src/core/tcp.c ****                 next_slot = 0; /* try probe again with current slot */
 6422              		.loc 1 1249 19 is_stmt 0 view .LVU1944
 6423 03dc 2046     		mov	r0, r4
 6424 03de FFF7FEFF 		bl	tcp_zero_window_probe
 6425              	.LVL623:
1249:Middlewares/Third_Party/LwIP/src/core/tcp.c ****                 next_slot = 0; /* try probe again with current slot */
 6426              		.loc 1 1249 18 view .LVU1945
 6427 03e2 0028     		cmp	r0, #0
 6428 03e4 3FF449AE 		beq	.L525
 6429              	.LBE32:
 6430              	.LBE37:
1225:Middlewares/Third_Party/LwIP/src/core/tcp.c ****     pcb_reset = 0;
 6431              		.loc 1 1225 16 view .LVU1946
ARM GAS  /tmp/ccwEre5k.s 			page 189


 6432 03e8 0026     		movs	r6, #0
 6433 03ea A9E6     		b	.L519
 6434              	.LVL624:
 6435              	.L582:
1438:Middlewares/Third_Party/LwIP/src/core/tcp.c ****   pcb = tcp_tw_pcbs;
 6436              		.loc 1 1438 3 is_stmt 1 view .LVU1947
1439:Middlewares/Third_Party/LwIP/src/core/tcp.c ****   while (pcb != NULL) {
 6437              		.loc 1 1439 3 view .LVU1948
1439:Middlewares/Third_Party/LwIP/src/core/tcp.c ****   while (pcb != NULL) {
 6438              		.loc 1 1439 7 is_stmt 0 view .LVU1949
 6439 03ec 294B     		ldr	r3, .L595+36
 6440 03ee 1D68     		ldr	r5, [r3]
 6441              	.LVL625:
1440:Middlewares/Third_Party/LwIP/src/core/tcp.c ****     LWIP_ASSERT("tcp_slowtmr: TIME-WAIT pcb->state == TIME-WAIT", pcb->state == TIME_WAIT);
 6442              		.loc 1 1440 3 is_stmt 1 view .LVU1950
1440:Middlewares/Third_Party/LwIP/src/core/tcp.c ****     LWIP_ASSERT("tcp_slowtmr: TIME-WAIT pcb->state == TIME-WAIT", pcb->state == TIME_WAIT);
 6443              		.loc 1 1440 9 is_stmt 0 view .LVU1951
 6444 03f0 07E0     		b	.L546
 6445              	.LVL626:
 6446              	.L547:
1441:Middlewares/Third_Party/LwIP/src/core/tcp.c ****     pcb_remove = 0;
 6447              		.loc 1 1441 5 is_stmt 1 discriminator 3 view .LVU1952
1441:Middlewares/Third_Party/LwIP/src/core/tcp.c ****     pcb_remove = 0;
 6448              		.loc 1 1441 5 discriminator 3 view .LVU1953
1442:Middlewares/Third_Party/LwIP/src/core/tcp.c **** 
 6449              		.loc 1 1442 5 discriminator 3 view .LVU1954
1445:Middlewares/Third_Party/LwIP/src/core/tcp.c ****       ++pcb_remove;
 6450              		.loc 1 1445 5 discriminator 3 view .LVU1955
1445:Middlewares/Third_Party/LwIP/src/core/tcp.c ****       ++pcb_remove;
 6451              		.loc 1 1445 32 is_stmt 0 discriminator 3 view .LVU1956
 6452 03f2 2A6A     		ldr	r2, [r5, #32]
1445:Middlewares/Third_Party/LwIP/src/core/tcp.c ****       ++pcb_remove;
 6453              		.loc 1 1445 27 discriminator 3 view .LVU1957
 6454 03f4 284B     		ldr	r3, .L595+40
 6455 03f6 1B68     		ldr	r3, [r3]
 6456 03f8 9B1A     		subs	r3, r3, r2
1445:Middlewares/Third_Party/LwIP/src/core/tcp.c ****       ++pcb_remove;
 6457              		.loc 1 1445 8 discriminator 3 view .LVU1958
 6458 03fa F02B     		cmp	r3, #240
 6459 03fc 0ED8     		bhi	.L589
1450:Middlewares/Third_Party/LwIP/src/core/tcp.c ****       struct tcp_pcb *pcb2;
 6460              		.loc 1 1450 5 is_stmt 1 view .LVU1959
1466:Middlewares/Third_Party/LwIP/src/core/tcp.c ****       pcb = pcb->next;
 6461              		.loc 1 1466 7 view .LVU1960
 6462              	.LVL627:
1467:Middlewares/Third_Party/LwIP/src/core/tcp.c ****     }
 6463              		.loc 1 1467 7 view .LVU1961
1466:Middlewares/Third_Party/LwIP/src/core/tcp.c ****       pcb = pcb->next;
 6464              		.loc 1 1466 12 is_stmt 0 view .LVU1962
 6465 03fe 2C46     		mov	r4, r5
1467:Middlewares/Third_Party/LwIP/src/core/tcp.c ****     }
 6466              		.loc 1 1467 11 view .LVU1963
 6467 0400 ED68     		ldr	r5, [r5, #12]
 6468              	.LVL628:
 6469              	.L546:
1440:Middlewares/Third_Party/LwIP/src/core/tcp.c ****     LWIP_ASSERT("tcp_slowtmr: TIME-WAIT pcb->state == TIME-WAIT", pcb->state == TIME_WAIT);
 6470              		.loc 1 1440 14 is_stmt 1 view .LVU1964
ARM GAS  /tmp/ccwEre5k.s 			page 190


 6471 0402 002D     		cmp	r5, #0
 6472 0404 31D0     		beq	.L590
1441:Middlewares/Third_Party/LwIP/src/core/tcp.c ****     pcb_remove = 0;
 6473              		.loc 1 1441 5 view .LVU1965
1441:Middlewares/Third_Party/LwIP/src/core/tcp.c ****     pcb_remove = 0;
 6474              		.loc 1 1441 5 view .LVU1966
 6475 0406 2B7D     		ldrb	r3, [r5, #20]	@ zero_extendqisi2
 6476 0408 0A2B     		cmp	r3, #10
 6477 040a F2D0     		beq	.L547
1441:Middlewares/Third_Party/LwIP/src/core/tcp.c ****     pcb_remove = 0;
 6478              		.loc 1 1441 5 discriminator 1 view .LVU1967
1441:Middlewares/Third_Party/LwIP/src/core/tcp.c ****     pcb_remove = 0;
 6479              		.loc 1 1441 5 discriminator 1 view .LVU1968
 6480 040c 1A4B     		ldr	r3, .L595+8
 6481 040e 40F2A152 		movw	r2, #1441
 6482 0412 2249     		ldr	r1, .L595+44
 6483 0414 1A48     		ldr	r0, .L595+16
 6484 0416 FFF7FEFF 		bl	printf
 6485              	.LVL629:
 6486 041a EAE7     		b	.L547
 6487              	.LVL630:
 6488              	.L589:
1446:Middlewares/Third_Party/LwIP/src/core/tcp.c ****     }
 6489              		.loc 1 1446 7 view .LVU1969
1450:Middlewares/Third_Party/LwIP/src/core/tcp.c ****       struct tcp_pcb *pcb2;
 6490              		.loc 1 1450 5 view .LVU1970
 6491              	.LBB38:
1451:Middlewares/Third_Party/LwIP/src/core/tcp.c ****       tcp_pcb_purge(pcb);
 6492              		.loc 1 1451 7 view .LVU1971
1452:Middlewares/Third_Party/LwIP/src/core/tcp.c ****       /* Remove PCB from tcp_tw_pcbs list. */
 6493              		.loc 1 1452 7 view .LVU1972
 6494 041c 2846     		mov	r0, r5
 6495 041e FFF7FEFF 		bl	tcp_pcb_purge
 6496              	.LVL631:
1454:Middlewares/Third_Party/LwIP/src/core/tcp.c ****         LWIP_ASSERT("tcp_slowtmr: middle tcp != tcp_tw_pcbs", pcb != tcp_tw_pcbs);
 6497              		.loc 1 1454 7 view .LVU1973
1454:Middlewares/Third_Party/LwIP/src/core/tcp.c ****         LWIP_ASSERT("tcp_slowtmr: middle tcp != tcp_tw_pcbs", pcb != tcp_tw_pcbs);
 6498              		.loc 1 1454 10 is_stmt 0 view .LVU1974
 6499 0422 9CB1     		cbz	r4, .L591
1455:Middlewares/Third_Party/LwIP/src/core/tcp.c ****         prev->next = pcb->next;
 6500              		.loc 1 1455 9 is_stmt 1 view .LVU1975
1455:Middlewares/Third_Party/LwIP/src/core/tcp.c ****         prev->next = pcb->next;
 6501              		.loc 1 1455 9 view .LVU1976
 6502 0424 1B4B     		ldr	r3, .L595+36
 6503 0426 1B68     		ldr	r3, [r3]
 6504 0428 AB42     		cmp	r3, r5
 6505 042a 07D0     		beq	.L592
 6506              	.L552:
1455:Middlewares/Third_Party/LwIP/src/core/tcp.c ****         prev->next = pcb->next;
 6507              		.loc 1 1455 9 discriminator 3 view .LVU1977
1455:Middlewares/Third_Party/LwIP/src/core/tcp.c ****         prev->next = pcb->next;
 6508              		.loc 1 1455 9 discriminator 3 view .LVU1978
1456:Middlewares/Third_Party/LwIP/src/core/tcp.c ****       } else {
 6509              		.loc 1 1456 9 discriminator 3 view .LVU1979
1456:Middlewares/Third_Party/LwIP/src/core/tcp.c ****       } else {
 6510              		.loc 1 1456 25 is_stmt 0 discriminator 3 view .LVU1980
 6511 042c EB68     		ldr	r3, [r5, #12]
ARM GAS  /tmp/ccwEre5k.s 			page 191


1456:Middlewares/Third_Party/LwIP/src/core/tcp.c ****       } else {
 6512              		.loc 1 1456 20 discriminator 3 view .LVU1981
 6513 042e E360     		str	r3, [r4, #12]
 6514              	.L553:
1462:Middlewares/Third_Party/LwIP/src/core/tcp.c ****       pcb = pcb->next;
 6515              		.loc 1 1462 7 is_stmt 1 view .LVU1982
 6516              	.LVL632:
1463:Middlewares/Third_Party/LwIP/src/core/tcp.c ****       tcp_free(pcb2);
 6517              		.loc 1 1463 7 view .LVU1983
1463:Middlewares/Third_Party/LwIP/src/core/tcp.c ****       tcp_free(pcb2);
 6518              		.loc 1 1463 11 is_stmt 0 view .LVU1984
 6519 0430 EE68     		ldr	r6, [r5, #12]
 6520              	.LVL633:
1464:Middlewares/Third_Party/LwIP/src/core/tcp.c ****     } else {
 6521              		.loc 1 1464 7 is_stmt 1 view .LVU1985
 6522 0432 2846     		mov	r0, r5
 6523 0434 FFF7FEFF 		bl	tcp_free
 6524              	.LVL634:
1463:Middlewares/Third_Party/LwIP/src/core/tcp.c ****       tcp_free(pcb2);
 6525              		.loc 1 1463 11 is_stmt 0 view .LVU1986
 6526 0438 3546     		mov	r5, r6
 6527              	.LVL635:
1463:Middlewares/Third_Party/LwIP/src/core/tcp.c ****       tcp_free(pcb2);
 6528              		.loc 1 1463 11 view .LVU1987
 6529              	.LBE38:
 6530 043a E2E7     		b	.L546
 6531              	.LVL636:
 6532              	.L592:
 6533              	.LBB39:
1455:Middlewares/Third_Party/LwIP/src/core/tcp.c ****         prev->next = pcb->next;
 6534              		.loc 1 1455 9 is_stmt 1 discriminator 1 view .LVU1988
1455:Middlewares/Third_Party/LwIP/src/core/tcp.c ****         prev->next = pcb->next;
 6535              		.loc 1 1455 9 discriminator 1 view .LVU1989
 6536 043c 0E4B     		ldr	r3, .L595+8
 6537 043e 40F2AF52 		movw	r2, #1455
 6538 0442 1749     		ldr	r1, .L595+48
 6539 0444 0E48     		ldr	r0, .L595+16
 6540 0446 FFF7FEFF 		bl	printf
 6541              	.LVL637:
 6542 044a EFE7     		b	.L552
 6543              	.L591:
1459:Middlewares/Third_Party/LwIP/src/core/tcp.c ****         tcp_tw_pcbs = pcb->next;
 6544              		.loc 1 1459 9 view .LVU1990
1459:Middlewares/Third_Party/LwIP/src/core/tcp.c ****         tcp_tw_pcbs = pcb->next;
 6545              		.loc 1 1459 9 view .LVU1991
 6546 044c 114B     		ldr	r3, .L595+36
 6547 044e 1B68     		ldr	r3, [r3]
 6548 0450 AB42     		cmp	r3, r5
 6549 0452 06D0     		beq	.L554
1459:Middlewares/Third_Party/LwIP/src/core/tcp.c ****         tcp_tw_pcbs = pcb->next;
 6550              		.loc 1 1459 9 discriminator 1 view .LVU1992
1459:Middlewares/Third_Party/LwIP/src/core/tcp.c ****         tcp_tw_pcbs = pcb->next;
 6551              		.loc 1 1459 9 discriminator 1 view .LVU1993
 6552 0454 084B     		ldr	r3, .L595+8
 6553 0456 40F2B352 		movw	r2, #1459
 6554 045a 1249     		ldr	r1, .L595+52
 6555 045c 0848     		ldr	r0, .L595+16
ARM GAS  /tmp/ccwEre5k.s 			page 192


 6556 045e FFF7FEFF 		bl	printf
 6557              	.LVL638:
 6558              	.L554:
1459:Middlewares/Third_Party/LwIP/src/core/tcp.c ****         tcp_tw_pcbs = pcb->next;
 6559              		.loc 1 1459 9 discriminator 3 view .LVU1994
1459:Middlewares/Third_Party/LwIP/src/core/tcp.c ****         tcp_tw_pcbs = pcb->next;
 6560              		.loc 1 1459 9 discriminator 3 view .LVU1995
1460:Middlewares/Third_Party/LwIP/src/core/tcp.c ****       }
 6561              		.loc 1 1460 9 discriminator 3 view .LVU1996
1460:Middlewares/Third_Party/LwIP/src/core/tcp.c ****       }
 6562              		.loc 1 1460 26 is_stmt 0 discriminator 3 view .LVU1997
 6563 0462 EA68     		ldr	r2, [r5, #12]
1460:Middlewares/Third_Party/LwIP/src/core/tcp.c ****       }
 6564              		.loc 1 1460 21 discriminator 3 view .LVU1998
 6565 0464 0B4B     		ldr	r3, .L595+36
 6566 0466 1A60     		str	r2, [r3]
 6567 0468 E2E7     		b	.L553
 6568              	.LVL639:
 6569              	.L590:
1460:Middlewares/Third_Party/LwIP/src/core/tcp.c ****       }
 6570              		.loc 1 1460 21 discriminator 3 view .LVU1999
 6571              	.LBE39:
1470:Middlewares/Third_Party/LwIP/src/core/tcp.c **** 
 6572              		.loc 1 1470 1 view .LVU2000
 6573 046a 04B0     		add	sp, sp, #16
 6574              	.LCFI59:
 6575              		.cfi_def_cfa_offset 24
 6576              		@ sp needed
 6577 046c BDE8F081 		pop	{r4, r5, r6, r7, r8, pc}
 6578              	.LVL640:
 6579              	.L596:
1470:Middlewares/Third_Party/LwIP/src/core/tcp.c **** 
 6580              		.loc 1 1470 1 view .LVU2001
 6581              		.align	2
 6582              	.L595:
 6583 0470 00000000 		.word	tcp_active_pcbs
 6584 0474 00000000 		.word	tcp_active_pcbs_changed
 6585 0478 00000000 		.word	.LC0
 6586 047c F4000000 		.word	.LC49
 6587 0480 54000000 		.word	.LC2
 6588 0484 20010000 		.word	.LC50
 6589 0488 00000000 		.word	tcp_timer_ctr
 6590 048c 88000000 		.word	.LC47
 6591 0490 00000000 		.word	tcp_persist_backoff
 6592 0494 00000000 		.word	tcp_tw_pcbs
 6593 0498 00000000 		.word	tcp_ticks
 6594 049c 4C010000 		.word	.LC51
 6595 04a0 7C010000 		.word	.LC52
 6596 04a4 A4010000 		.word	.LC53
 6597              		.cfi_endproc
 6598              	.LFE187:
 6600              		.section	.text.tcp_tmr,"ax",%progbits
 6601              		.align	1
 6602              		.global	tcp_tmr
 6603              		.syntax unified
 6604              		.thumb
 6605              		.thumb_func
ARM GAS  /tmp/ccwEre5k.s 			page 193


 6607              	tcp_tmr:
 6608              	.LFB169:
 235:Middlewares/Third_Party/LwIP/src/core/tcp.c ****   /* Call tcp_fasttmr() every 250 ms */
 6609              		.loc 1 235 1 is_stmt 1 view -0
 6610              		.cfi_startproc
 6611              		@ args = 0, pretend = 0, frame = 0
 6612              		@ frame_needed = 0, uses_anonymous_args = 0
 6613 0000 08B5     		push	{r3, lr}
 6614              	.LCFI60:
 6615              		.cfi_def_cfa_offset 8
 6616              		.cfi_offset 3, -8
 6617              		.cfi_offset 14, -4
 237:Middlewares/Third_Party/LwIP/src/core/tcp.c **** 
 6618              		.loc 1 237 3 view .LVU2003
 6619 0002 FFF7FEFF 		bl	tcp_fasttmr
 6620              	.LVL641:
 239:Middlewares/Third_Party/LwIP/src/core/tcp.c ****     /* Call tcp_slowtmr() every 500 ms, i.e., every other timer
 6621              		.loc 1 239 3 view .LVU2004
 239:Middlewares/Third_Party/LwIP/src/core/tcp.c ****     /* Call tcp_slowtmr() every 500 ms, i.e., every other timer
 6622              		.loc 1 239 7 is_stmt 0 view .LVU2005
 6623 0006 064A     		ldr	r2, .L601
 6624 0008 1378     		ldrb	r3, [r2]	@ zero_extendqisi2
 6625 000a 0133     		adds	r3, r3, #1
 6626 000c DBB2     		uxtb	r3, r3
 239:Middlewares/Third_Party/LwIP/src/core/tcp.c ****     /* Call tcp_slowtmr() every 500 ms, i.e., every other timer
 6627              		.loc 1 239 6 view .LVU2006
 6628 000e 1370     		strb	r3, [r2]
 6629 0010 13F0010F 		tst	r3, #1
 6630 0014 00D1     		bne	.L600
 6631              	.L597:
 244:Middlewares/Third_Party/LwIP/src/core/tcp.c **** 
 6632              		.loc 1 244 1 view .LVU2007
 6633 0016 08BD     		pop	{r3, pc}
 6634              	.L600:
 242:Middlewares/Third_Party/LwIP/src/core/tcp.c ****   }
 6635              		.loc 1 242 5 is_stmt 1 view .LVU2008
 6636 0018 FFF7FEFF 		bl	tcp_slowtmr
 6637              	.LVL642:
 244:Middlewares/Third_Party/LwIP/src/core/tcp.c **** 
 6638              		.loc 1 244 1 is_stmt 0 view .LVU2009
 6639 001c FBE7     		b	.L597
 6640              	.L602:
 6641 001e 00BF     		.align	2
 6642              	.L601:
 6643 0020 00000000 		.word	tcp_timer
 6644              		.cfi_endproc
 6645              	.LFE169:
 6647              		.section	.data.iss.0,"aw"
 6648              		.align	2
 6651              	iss.0:
 6652 0000 6E190000 		.word	6510
 6653              		.section	.bss.tcp_timer_ctr,"aw",%nobits
 6656              	tcp_timer_ctr:
 6657 0000 00       		.space	1
 6658              		.section	.bss.tcp_timer,"aw",%nobits
 6661              	tcp_timer:
 6662 0000 00       		.space	1
ARM GAS  /tmp/ccwEre5k.s 			page 194


 6663              		.global	tcp_active_pcbs_changed
 6664              		.section	.bss.tcp_active_pcbs_changed,"aw",%nobits
 6667              	tcp_active_pcbs_changed:
 6668 0000 00       		.space	1
 6669              		.global	tcp_pcb_lists
 6670              		.section	.rodata.tcp_pcb_lists,"a"
 6671              		.align	2
 6674              	tcp_pcb_lists:
 6675 0000 00000000 		.word	tcp_listen_pcbs
 6676 0004 00000000 		.word	tcp_bound_pcbs
 6677 0008 00000000 		.word	tcp_active_pcbs
 6678 000c 00000000 		.word	tcp_tw_pcbs
 6679              		.global	tcp_tw_pcbs
 6680              		.section	.bss.tcp_tw_pcbs,"aw",%nobits
 6681              		.align	2
 6684              	tcp_tw_pcbs:
 6685 0000 00000000 		.space	4
 6686              		.global	tcp_active_pcbs
 6687              		.section	.bss.tcp_active_pcbs,"aw",%nobits
 6688              		.align	2
 6691              	tcp_active_pcbs:
 6692 0000 00000000 		.space	4
 6693              		.global	tcp_listen_pcbs
 6694              		.section	.bss.tcp_listen_pcbs,"aw",%nobits
 6695              		.align	2
 6698              	tcp_listen_pcbs:
 6699 0000 00000000 		.space	4
 6700              		.global	tcp_bound_pcbs
 6701              		.section	.bss.tcp_bound_pcbs,"aw",%nobits
 6702              		.align	2
 6705              	tcp_bound_pcbs:
 6706 0000 00000000 		.space	4
 6707              		.section	.rodata.tcp_persist_backoff,"a"
 6708              		.align	2
 6711              	tcp_persist_backoff:
 6712 0000 03060C18 		.ascii	"\003\006\014\0300`x"
 6712      306078
 6713              		.section	.rodata.tcp_backoff,"a"
 6714              		.align	2
 6717              	tcp_backoff:
 6718 0000 01020304 		.ascii	"\001\002\003\004\005\006\007\007\007\007\007\007\007"
 6718      05060707 
 6718      07070707 
 6718      07
 6719              		.global	tcp_ticks
 6720              		.section	.bss.tcp_ticks,"aw",%nobits
 6721              		.align	2
 6724              	tcp_ticks:
 6725 0000 00000000 		.space	4
 6726              		.section	.data.tcp_port,"aw"
 6727              		.align	1
 6730              	tcp_port:
 6731 0000 00C0     		.short	-16384
 6732              		.section	.rodata.str1.4,"aMS",%progbits,1
 6733              		.align	2
 6734              	.LC54:
 6735 0000 434C4F53 		.ascii	"CLOSED\000"
ARM GAS  /tmp/ccwEre5k.s 			page 195


 6735      454400
 6736 0007 00       		.align	2
 6737              	.LC55:
 6738 0008 4C495354 		.ascii	"LISTEN\000"
 6738      454E00
 6739 000f 00       		.align	2
 6740              	.LC56:
 6741 0010 53594E5F 		.ascii	"SYN_SENT\000"
 6741      53454E54 
 6741      00
 6742 0019 000000   		.align	2
 6743              	.LC57:
 6744 001c 53594E5F 		.ascii	"SYN_RCVD\000"
 6744      52435644 
 6744      00
 6745 0025 000000   		.align	2
 6746              	.LC58:
 6747 0028 45535441 		.ascii	"ESTABLISHED\000"
 6747      424C4953 
 6747      48454400 
 6748              		.align	2
 6749              	.LC59:
 6750 0034 46494E5F 		.ascii	"FIN_WAIT_1\000"
 6750      57414954 
 6750      5F3100
 6751 003f 00       		.align	2
 6752              	.LC60:
 6753 0040 46494E5F 		.ascii	"FIN_WAIT_2\000"
 6753      57414954 
 6753      5F3200
 6754 004b 00       		.align	2
 6755              	.LC61:
 6756 004c 434C4F53 		.ascii	"CLOSE_WAIT\000"
 6756      455F5741 
 6756      495400
 6757 0057 00       		.align	2
 6758              	.LC62:
 6759 0058 434C4F53 		.ascii	"CLOSING\000"
 6759      494E4700 
 6760              		.align	2
 6761              	.LC63:
 6762 0060 4C415354 		.ascii	"LAST_ACK\000"
 6762      5F41434B 
 6762      00
 6763 0069 000000   		.align	2
 6764              	.LC64:
 6765 006c 54494D45 		.ascii	"TIME_WAIT\000"
 6765      5F574149 
 6765      5400
 6766              		.section	.rodata.tcp_state_str,"a"
 6767              		.align	2
 6770              	tcp_state_str:
 6771 0000 00000000 		.word	.LC54
 6772 0004 08000000 		.word	.LC55
 6773 0008 10000000 		.word	.LC56
 6774 000c 1C000000 		.word	.LC57
 6775 0010 28000000 		.word	.LC58
ARM GAS  /tmp/ccwEre5k.s 			page 196


 6776 0014 34000000 		.word	.LC59
 6777 0018 40000000 		.word	.LC60
 6778 001c 4C000000 		.word	.LC61
 6779 0020 58000000 		.word	.LC62
 6780 0024 60000000 		.word	.LC63
 6781 0028 6C000000 		.word	.LC64
 6782              		.text
 6783              	.Letext0:
 6784              		.file 2 "/usr/lib/gcc/arm-none-eabi/12.2.1/include/stdint.h"
 6785              		.file 3 "/usr/lib/gcc/arm-none-eabi/12.2.1/include/stddef.h"
 6786              		.file 4 "Middlewares/Third_Party/LwIP/src/include/lwip/arch.h"
 6787              		.file 5 "Middlewares/Third_Party/LwIP/src/include/lwip/memp.h"
 6788              		.file 6 "Middlewares/Third_Party/LwIP/src/include/lwip/tcpbase.h"
 6789              		.file 7 "Middlewares/Third_Party/LwIP/src/include/lwip/err.h"
 6790              		.file 8 "Middlewares/Third_Party/LwIP/src/include/lwip/pbuf.h"
 6791              		.file 9 "Middlewares/Third_Party/LwIP/src/include/lwip/ip4_addr.h"
 6792              		.file 10 "Middlewares/Third_Party/LwIP/src/include/lwip/ip_addr.h"
 6793              		.file 11 "Middlewares/Third_Party/LwIP/src/include/lwip/netif.h"
 6794              		.file 12 "Middlewares/Third_Party/LwIP/src/include/lwip/tcp.h"
 6795              		.file 13 "Middlewares/Third_Party/LwIP/src/include/lwip/priv/tcp_priv.h"
 6796              		.file 14 "Middlewares/Third_Party/LwIP/src/include/lwip/prot/tcp.h"
 6797              		.file 15 "/usr/include/newlib/string.h"
 6798              		.file 16 "Middlewares/Third_Party/LwIP/src/include/lwip/ip4.h"
 6799              		.file 17 "/usr/include/newlib/stdio.h"
 6800              		.file 18 "/usr/include/newlib/stdlib.h"
 6801              		.file 19 "<built-in>"
ARM GAS  /tmp/ccwEre5k.s 			page 197


DEFINED SYMBOLS
                            *ABS*:00000000 tcp.c
     /tmp/ccwEre5k.s:20     .text.tcp_new_port:00000000 $t
     /tmp/ccwEre5k.s:25     .text.tcp_new_port:00000000 tcp_new_port
     /tmp/ccwEre5k.s:136    .text.tcp_new_port:00000060 $d
     /tmp/ccwEre5k.s:6730   .data.tcp_port:00000000 tcp_port
     /tmp/ccwEre5k.s:6674   .rodata.tcp_pcb_lists:00000000 tcp_pcb_lists
     /tmp/ccwEre5k.s:142    .rodata.tcp_remove_listener.str1.4:00000000 $d
     /tmp/ccwEre5k.s:152    .text.tcp_remove_listener:00000000 $t
     /tmp/ccwEre5k.s:157    .text.tcp_remove_listener:00000000 tcp_remove_listener
     /tmp/ccwEre5k.s:218    .text.tcp_remove_listener:00000028 $d
     /tmp/ccwEre5k.s:225    .rodata.tcp_listen_closed.str1.4:00000000 $d
     /tmp/ccwEre5k.s:232    .text.tcp_listen_closed:00000000 $t
     /tmp/ccwEre5k.s:237    .text.tcp_listen_closed:00000000 tcp_listen_closed
     /tmp/ccwEre5k.s:318    .text.tcp_listen_closed:00000048 $d
     /tmp/ccwEre5k.s:327    .rodata.tcp_free_listen.str1.4:00000000 $d
     /tmp/ccwEre5k.s:331    .text.tcp_free_listen:00000000 $t
     /tmp/ccwEre5k.s:336    .text.tcp_free_listen:00000000 tcp_free_listen
     /tmp/ccwEre5k.s:382    .text.tcp_free_listen:00000024 $d
     /tmp/ccwEre5k.s:389    .text.tcp_close_shutdown_fin:00000000 $t
     /tmp/ccwEre5k.s:394    .text.tcp_close_shutdown_fin:00000000 tcp_close_shutdown_fin
     /tmp/ccwEre5k.s:528    .text.tcp_close_shutdown_fin:00000074 $d
     /tmp/ccwEre5k.s:535    .text.tcp_handle_closepend:00000000 $t
     /tmp/ccwEre5k.s:540    .text.tcp_handle_closepend:00000000 tcp_handle_closepend
     /tmp/ccwEre5k.s:609    .text.tcp_handle_closepend:00000028 $d
     /tmp/ccwEre5k.s:6691   .bss.tcp_active_pcbs:00000000 tcp_active_pcbs
     /tmp/ccwEre5k.s:614    .text.tcp_init:00000000 $t
     /tmp/ccwEre5k.s:620    .text.tcp_init:00000000 tcp_init
     /tmp/ccwEre5k.s:645    .text.tcp_init:00000010 $d
     /tmp/ccwEre5k.s:651    .rodata.tcp_free.str1.4:00000000 $d
     /tmp/ccwEre5k.s:655    .text.tcp_free:00000000 $t
     /tmp/ccwEre5k.s:661    .text.tcp_free:00000000 tcp_free
     /tmp/ccwEre5k.s:707    .text.tcp_free:00000024 $d
     /tmp/ccwEre5k.s:714    .rodata.tcp_bind.str1.4:00000000 $d
     /tmp/ccwEre5k.s:721    .text.tcp_bind:00000000 $t
     /tmp/ccwEre5k.s:727    .text.tcp_bind:00000000 tcp_bind
     /tmp/ccwEre5k.s:938    .text.tcp_bind:000000a8 $d
     /tmp/ccwEre5k.s:6705   .bss.tcp_bound_pcbs:00000000 tcp_bound_pcbs
     /tmp/ccwEre5k.s:949    .text.tcp_bind_netif:00000000 $t
     /tmp/ccwEre5k.s:955    .text.tcp_bind_netif:00000000 tcp_bind_netif
     /tmp/ccwEre5k.s:985    .rodata.tcp_listen_with_backlog_and_err.str1.4:00000000 $d
     /tmp/ccwEre5k.s:993    .text.tcp_listen_with_backlog_and_err:00000000 $t
     /tmp/ccwEre5k.s:999    .text.tcp_listen_with_backlog_and_err:00000000 tcp_listen_with_backlog_and_err
     /tmp/ccwEre5k.s:1238   .text.tcp_listen_with_backlog_and_err:000000c4 $d
     /tmp/ccwEre5k.s:3679   .text.tcp_accept_null:00000000 tcp_accept_null
     /tmp/ccwEre5k.s:6698   .bss.tcp_listen_pcbs:00000000 tcp_listen_pcbs
     /tmp/ccwEre5k.s:1249   .text.tcp_listen_with_backlog:00000000 $t
     /tmp/ccwEre5k.s:1255   .text.tcp_listen_with_backlog:00000000 tcp_listen_with_backlog
     /tmp/ccwEre5k.s:1280   .rodata.tcp_update_rcv_ann_wnd.str1.4:00000000 $d
     /tmp/ccwEre5k.s:1287   .text.tcp_update_rcv_ann_wnd:00000000 $t
     /tmp/ccwEre5k.s:1293   .text.tcp_update_rcv_ann_wnd:00000000 tcp_update_rcv_ann_wnd
     /tmp/ccwEre5k.s:1414   .text.tcp_update_rcv_ann_wnd:00000068 $d
     /tmp/ccwEre5k.s:1423   .rodata.tcp_recved.str1.4:00000000 $d
     /tmp/ccwEre5k.s:1430   .text.tcp_recved:00000000 $t
     /tmp/ccwEre5k.s:1436   .text.tcp_recved:00000000 tcp_recved
     /tmp/ccwEre5k.s:1560   .text.tcp_recved:00000068 $d
     /tmp/ccwEre5k.s:1568   .text.tcp_txnow:00000000 $t
ARM GAS  /tmp/ccwEre5k.s 			page 198


     /tmp/ccwEre5k.s:1574   .text.tcp_txnow:00000000 tcp_txnow
     /tmp/ccwEre5k.s:1619   .text.tcp_txnow:00000020 $d
     /tmp/ccwEre5k.s:1624   .text.tcp_seg_free:00000000 $t
     /tmp/ccwEre5k.s:1630   .text.tcp_seg_free:00000000 tcp_seg_free
     /tmp/ccwEre5k.s:1676   .text.tcp_segs_free:00000000 $t
     /tmp/ccwEre5k.s:1682   .text.tcp_segs_free:00000000 tcp_segs_free
     /tmp/ccwEre5k.s:1729   .rodata.tcp_setprio.str1.4:00000000 $d
     /tmp/ccwEre5k.s:1733   .text.tcp_setprio:00000000 $t
     /tmp/ccwEre5k.s:1739   .text.tcp_setprio:00000000 tcp_setprio
     /tmp/ccwEre5k.s:1784   .text.tcp_setprio:00000018 $d
     /tmp/ccwEre5k.s:1791   .rodata.tcp_seg_copy.str1.4:00000000 $d
     /tmp/ccwEre5k.s:1795   .text.tcp_seg_copy:00000000 $t
     /tmp/ccwEre5k.s:1801   .text.tcp_seg_copy:00000000 tcp_seg_copy
     /tmp/ccwEre5k.s:1870   .text.tcp_seg_copy:0000003c $d
     /tmp/ccwEre5k.s:1877   .text.tcp_arg:00000000 $t
     /tmp/ccwEre5k.s:1883   .text.tcp_arg:00000000 tcp_arg
     /tmp/ccwEre5k.s:1905   .rodata.tcp_recv.str1.4:00000000 $d
     /tmp/ccwEre5k.s:1909   .text.tcp_recv:00000000 $t
     /tmp/ccwEre5k.s:1915   .text.tcp_recv:00000000 tcp_recv
     /tmp/ccwEre5k.s:1978   .text.tcp_recv:00000028 $d
     /tmp/ccwEre5k.s:1985   .rodata.tcp_sent.str1.4:00000000 $d
     /tmp/ccwEre5k.s:1989   .text.tcp_sent:00000000 $t
     /tmp/ccwEre5k.s:1995   .text.tcp_sent:00000000 tcp_sent
     /tmp/ccwEre5k.s:2058   .text.tcp_sent:00000028 $d
     /tmp/ccwEre5k.s:2065   .rodata.tcp_err.str1.4:00000000 $d
     /tmp/ccwEre5k.s:2069   .text.tcp_err:00000000 $t
     /tmp/ccwEre5k.s:2075   .text.tcp_err:00000000 tcp_err
     /tmp/ccwEre5k.s:2138   .text.tcp_err:00000028 $d
     /tmp/ccwEre5k.s:2145   .text.tcp_accept:00000000 $t
     /tmp/ccwEre5k.s:2151   .text.tcp_accept:00000000 tcp_accept
     /tmp/ccwEre5k.s:2185   .rodata.tcp_poll.str1.4:00000000 $d
     /tmp/ccwEre5k.s:2192   .text.tcp_poll:00000000 $t
     /tmp/ccwEre5k.s:2198   .text.tcp_poll:00000000 tcp_poll
     /tmp/ccwEre5k.s:2279   .text.tcp_poll:00000038 $d
     /tmp/ccwEre5k.s:2287   .rodata.tcp_next_iss.str1.4:00000000 $d
     /tmp/ccwEre5k.s:2291   .text.tcp_next_iss:00000000 $t
     /tmp/ccwEre5k.s:2297   .text.tcp_next_iss:00000000 tcp_next_iss
     /tmp/ccwEre5k.s:2346   .text.tcp_next_iss:00000024 $d
     /tmp/ccwEre5k.s:6651   .data.iss.0:00000000 iss.0
     /tmp/ccwEre5k.s:6724   .bss.tcp_ticks:00000000 tcp_ticks
     /tmp/ccwEre5k.s:2355   .rodata.tcp_eff_send_mss_netif.str1.4:00000000 $d
     /tmp/ccwEre5k.s:2359   .text.tcp_eff_send_mss_netif:00000000 $t
     /tmp/ccwEre5k.s:2365   .text.tcp_eff_send_mss_netif:00000000 tcp_eff_send_mss_netif
     /tmp/ccwEre5k.s:2457   .text.tcp_eff_send_mss_netif:00000034 $d
     /tmp/ccwEre5k.s:2465   .rodata.tcp_connect.str1.4:00000000 $d
     /tmp/ccwEre5k.s:2475   .text.tcp_connect:00000000 $t
     /tmp/ccwEre5k.s:2481   .text.tcp_connect:00000000 tcp_connect
     /tmp/ccwEre5k.s:2825   .text.tcp_connect:00000128 $d
     /tmp/ccwEre5k.s:6667   .bss.tcp_active_pcbs_changed:00000000 tcp_active_pcbs_changed
     /tmp/ccwEre5k.s:2837   .text.tcp_debug_state_str:00000000 $t
     /tmp/ccwEre5k.s:2843   .text.tcp_debug_state_str:00000000 tcp_debug_state_str
     /tmp/ccwEre5k.s:2861   .text.tcp_debug_state_str:00000008 $d
     /tmp/ccwEre5k.s:6770   .rodata.tcp_state_str:00000000 tcp_state_str
     /tmp/ccwEre5k.s:2866   .text.tcp_tcp_get_tcp_addrinfo:00000000 $t
     /tmp/ccwEre5k.s:2872   .text.tcp_tcp_get_tcp_addrinfo:00000000 tcp_tcp_get_tcp_addrinfo
     /tmp/ccwEre5k.s:2947   .text.tcp_free_ooseq:00000000 $t
     /tmp/ccwEre5k.s:2953   .text.tcp_free_ooseq:00000000 tcp_free_ooseq
ARM GAS  /tmp/ccwEre5k.s 			page 199


     /tmp/ccwEre5k.s:2988   .rodata.tcp_pcb_purge.str1.4:00000000 $d
     /tmp/ccwEre5k.s:2992   .text.tcp_pcb_purge:00000000 $t
     /tmp/ccwEre5k.s:2998   .text.tcp_pcb_purge:00000000 tcp_pcb_purge
     /tmp/ccwEre5k.s:3102   .text.tcp_pcb_purge:00000058 $d
     /tmp/ccwEre5k.s:3109   .rodata.tcp_pcb_remove.str1.4:00000000 $d
     /tmp/ccwEre5k.s:3125   .text.tcp_pcb_remove:00000000 $t
     /tmp/ccwEre5k.s:3131   .text.tcp_pcb_remove:00000000 tcp_pcb_remove
     /tmp/ccwEre5k.s:3324   .text.tcp_pcb_remove:000000b4 $d
     /tmp/ccwEre5k.s:3335   .rodata.tcp_abandon.str1.4:00000000 $d
     /tmp/ccwEre5k.s:3342   .text.tcp_abandon:00000000 $t
     /tmp/ccwEre5k.s:3348   .text.tcp_abandon:00000000 tcp_abandon
     /tmp/ccwEre5k.s:3628   .text.tcp_abandon:000000ec $d
     /tmp/ccwEre5k.s:6684   .bss.tcp_tw_pcbs:00000000 tcp_tw_pcbs
     /tmp/ccwEre5k.s:3641   .text.tcp_abort:00000000 $t
     /tmp/ccwEre5k.s:3647   .text.tcp_abort:00000000 tcp_abort
     /tmp/ccwEre5k.s:3670   .rodata.tcp_accept_null.str1.4:00000000 $d
     /tmp/ccwEre5k.s:3674   .text.tcp_accept_null:00000000 $t
     /tmp/ccwEre5k.s:3730   .text.tcp_accept_null:00000024 $d
     /tmp/ccwEre5k.s:3737   .text.tcp_kill_timewait:00000000 $t
     /tmp/ccwEre5k.s:3742   .text.tcp_kill_timewait:00000000 tcp_kill_timewait
     /tmp/ccwEre5k.s:3810   .text.tcp_kill_timewait:0000002c $d
     /tmp/ccwEre5k.s:3816   .text.tcp_kill_prio:00000000 $t
     /tmp/ccwEre5k.s:3821   .text.tcp_kill_prio:00000000 tcp_kill_prio
     /tmp/ccwEre5k.s:3931   .text.tcp_kill_prio:00000050 $d
     /tmp/ccwEre5k.s:3937   .rodata.tcp_netif_ip_addr_changed_pcblist.str1.4:00000000 $d
     /tmp/ccwEre5k.s:3942   .text.tcp_netif_ip_addr_changed_pcblist:00000000 $t
     /tmp/ccwEre5k.s:3947   .text.tcp_netif_ip_addr_changed_pcblist:00000000 tcp_netif_ip_addr_changed_pcblist
     /tmp/ccwEre5k.s:4025   .text.tcp_netif_ip_addr_changed_pcblist:00000034 $d
     /tmp/ccwEre5k.s:4032   .text.tcp_netif_ip_addr_changed:00000000 $t
     /tmp/ccwEre5k.s:4038   .text.tcp_netif_ip_addr_changed:00000000 tcp_netif_ip_addr_changed
     /tmp/ccwEre5k.s:4130   .text.tcp_netif_ip_addr_changed:00000048 $d
     /tmp/ccwEre5k.s:4137   .rodata.tcp_kill_state.str1.4:00000000 $d
     /tmp/ccwEre5k.s:4141   .text.tcp_kill_state:00000000 $t
     /tmp/ccwEre5k.s:4146   .text.tcp_kill_state:00000000 tcp_kill_state
     /tmp/ccwEre5k.s:4249   .text.tcp_kill_state:00000050 $d
     /tmp/ccwEre5k.s:4258   .text.tcp_alloc:00000000 $t
     /tmp/ccwEre5k.s:4264   .text.tcp_alloc:00000000 tcp_alloc
     /tmp/ccwEre5k.s:4439   .text.tcp_alloc:000000b4 $d
     /tmp/ccwEre5k.s:6656   .bss.tcp_timer_ctr:00000000 tcp_timer_ctr
     /tmp/ccwEre5k.s:4926   .text.tcp_recv_null:00000000 tcp_recv_null
     /tmp/ccwEre5k.s:4447   .text.tcp_new:00000000 $t
     /tmp/ccwEre5k.s:4453   .text.tcp_new:00000000 tcp_new
     /tmp/ccwEre5k.s:4475   .text.tcp_new_ip_type:00000000 $t
     /tmp/ccwEre5k.s:4481   .text.tcp_new_ip_type:00000000 tcp_new_ip_type
     /tmp/ccwEre5k.s:4510   .rodata.tcp_close_shutdown.str1.4:00000000 $d
     /tmp/ccwEre5k.s:4517   .text.tcp_close_shutdown:00000000 $t
     /tmp/ccwEre5k.s:4522   .text.tcp_close_shutdown:00000000 tcp_close_shutdown
     /tmp/ccwEre5k.s:4822   .text.tcp_close_shutdown:00000124 $d
     /tmp/ccwEre5k.s:4835   .rodata.tcp_close.str1.4:00000000 $d
     /tmp/ccwEre5k.s:4839   .text.tcp_close:00000000 $t
     /tmp/ccwEre5k.s:4845   .text.tcp_close:00000000 tcp_close
     /tmp/ccwEre5k.s:4909   .text.tcp_close:00000034 $d
     /tmp/ccwEre5k.s:4916   .rodata.tcp_recv_null.str1.4:00000000 $d
     /tmp/ccwEre5k.s:4920   .text.tcp_recv_null:00000000 $t
     /tmp/ccwEre5k.s:5009   .text.tcp_recv_null:0000003c $d
     /tmp/ccwEre5k.s:5016   .rodata.tcp_process_refused_data.str1.4:00000000 $d
     /tmp/ccwEre5k.s:5020   .text.tcp_process_refused_data:00000000 $t
ARM GAS  /tmp/ccwEre5k.s 			page 200


     /tmp/ccwEre5k.s:5026   .text.tcp_process_refused_data:00000000 tcp_process_refused_data
     /tmp/ccwEre5k.s:5173   .text.tcp_process_refused_data:00000080 $d
     /tmp/ccwEre5k.s:5180   .text.tcp_fasttmr:00000000 $t
     /tmp/ccwEre5k.s:5186   .text.tcp_fasttmr:00000000 tcp_fasttmr
     /tmp/ccwEre5k.s:5324   .text.tcp_fasttmr:00000074 $d
     /tmp/ccwEre5k.s:5331   .rodata.tcp_shutdown.str1.4:00000000 $d
     /tmp/ccwEre5k.s:5335   .text.tcp_shutdown:00000000 $t
     /tmp/ccwEre5k.s:5341   .text.tcp_shutdown:00000000 tcp_shutdown
     /tmp/ccwEre5k.s:5475   .text.tcp_shutdown:00000074 $d
     /tmp/ccwEre5k.s:5482   .rodata.tcp_slowtmr.str1.4:00000000 $d
     /tmp/ccwEre5k.s:5514   .text.tcp_slowtmr:00000000 $t
     /tmp/ccwEre5k.s:5520   .text.tcp_slowtmr:00000000 tcp_slowtmr
     /tmp/ccwEre5k.s:6119   .text.tcp_slowtmr:0000026c $d
     /tmp/ccwEre5k.s:6717   .rodata.tcp_backoff:00000000 tcp_backoff
     /tmp/ccwEre5k.s:6138   .text.tcp_slowtmr:000002a4 $t
     /tmp/ccwEre5k.s:6583   .text.tcp_slowtmr:00000470 $d
     /tmp/ccwEre5k.s:6711   .rodata.tcp_persist_backoff:00000000 tcp_persist_backoff
     /tmp/ccwEre5k.s:6601   .text.tcp_tmr:00000000 $t
     /tmp/ccwEre5k.s:6607   .text.tcp_tmr:00000000 tcp_tmr
     /tmp/ccwEre5k.s:6643   .text.tcp_tmr:00000020 $d
     /tmp/ccwEre5k.s:6661   .bss.tcp_timer:00000000 tcp_timer
     /tmp/ccwEre5k.s:6648   .data.iss.0:00000000 $d
     /tmp/ccwEre5k.s:6657   .bss.tcp_timer_ctr:00000000 $d
     /tmp/ccwEre5k.s:6662   .bss.tcp_timer:00000000 $d
     /tmp/ccwEre5k.s:6668   .bss.tcp_active_pcbs_changed:00000000 $d
     /tmp/ccwEre5k.s:6671   .rodata.tcp_pcb_lists:00000000 $d
     /tmp/ccwEre5k.s:6681   .bss.tcp_tw_pcbs:00000000 $d
     /tmp/ccwEre5k.s:6688   .bss.tcp_active_pcbs:00000000 $d
     /tmp/ccwEre5k.s:6695   .bss.tcp_listen_pcbs:00000000 $d
     /tmp/ccwEre5k.s:6702   .bss.tcp_bound_pcbs:00000000 $d
     /tmp/ccwEre5k.s:6708   .rodata.tcp_persist_backoff:00000000 $d
     /tmp/ccwEre5k.s:6714   .rodata.tcp_backoff:00000000 $d
     /tmp/ccwEre5k.s:6721   .bss.tcp_ticks:00000000 $d
     /tmp/ccwEre5k.s:6727   .data.tcp_port:00000000 $d
     /tmp/ccwEre5k.s:6733   .rodata.str1.4:00000000 $d
     /tmp/ccwEre5k.s:6767   .rodata.tcp_state_str:00000000 $d

UNDEFINED SYMBOLS
printf
memp_free
tcp_send_fin
tcp_output
rand
tcp_timer_needed
ip_addr_any
memp_malloc
pbuf_free
pbuf_ref
netif_get_by_index
tcp_enqueue_flags
ip4_route
tcp_rst
memset
tcp_trigger_input_pcb_close
tcp_input_pcb
tcp_split_unsent_seg
tcp_rexmit_rto_prepare
ARM GAS  /tmp/ccwEre5k.s 			page 201


tcp_rexmit_rto_commit
tcp_keepalive
tcp_zero_window_probe
